<?xml version="1.0" encoding="UTF-8"?>
<session sessioncode="5076901786">
<general>
<client_version>25.7.1.34</client_version>
<mode>real</mode>
<gametype>Holdem NL</gametype>
<tablename>Twister €100 SNG, 822777745</tablename>
<tournamentcode>822777744</tournamentcode>
<tournamentname>Twister €100 SNG</tournamentname>
<buyin>€0 + €7 + €93</buyin>
<totalbuyin>€100</totalbuyin>
<rewarddrawn>€200</rewarddrawn>
<tournamentcurrency>EUR</tournamentcurrency>
<currency>EUR</currency>
<nickname>M1ky3ste92</nickname>
<gamecount>22</gamecount>
<startdate>2025-11-30 23:11:49</startdate>
<place>1</place>
<win>€200</win>
<tablesize>3</tablesize>
</general>
<game gamecode="6545639193"><general><startdate>2025-11-30 23:12:04</startdate>
<round>1</round>
<failsafecounter/>
<players><player seat="6" name="alwaysss" chips="500" dealer="0" win="90" bet="130" muck="1" rebuy="0" addon="0" merge="0" rebuychips="0" reg_code="5076901613"/>
<player seat="10" name="geelondon" chips="500" dealer="1" win="0" bet="40" muck="1" rebuy="0" addon="0" merge="0" rebuychips="0" reg_code="5076901801"/>
<player seat="3" name="M1ky3ste92" chips="500" dealer="0" win="0" bet="10" muck="1" rebuy="0" addon="0" merge="0" rebuychips="0" reg_code="5076901786"/>
</players>
</general>
<round no="0"><action no="1" player="M1ky3ste92" type="1" sum="10"/>
<action no="2" player="alwaysss" type="2" discard="1" dealt="1" sum="20"/>
</round>
<round no="1"><cards type="Pocket" player="geelondon">X X</cards>
<cards type="Pocket" player="alwaysss">X X</cards>
<cards type="Pocket" player="M1ky3ste92">CA D6</cards>
<action no="3" player="geelondon" type="23" discard="1" dealt="1" sum="40"/>
<action no="4" player="M1ky3ste92" type="0" sum="0"/>
<action no="5" player="alwaysss" type="3" discard="1" dealt="1" sum="20"/>
</round>
<round no="2"><cards type="Flop">SJ C10 S8</cards>
<action no="6" player="alwaysss" type="4" discard="1" dealt="1" sum="0"/>
<action no="7" player="geelondon" type="4" discard="1" dealt="1" sum="0"/>
</round>
<round no="3"><cards type="Turn">DJ</cards>
<action no="8" player="alwaysss" type="4" discard="1" dealt="1" sum="0"/>
<action no="9" player="geelondon" type="4" discard="1" dealt="1" sum="0"/>
</round>
<round no="4"><cards type="River">HA</cards>
<action no="10" player="alwaysss" type="5" discard="1" dealt="1" sum="90"/>
<action no="11" player="geelondon" type="0" discard="1" dealt="1" sum="0"/>
</round>
</game>
<game gamecode="6545639247"><general><startdate>2025-11-30 23:12:21</startdate>
<round>1</round>
<failsafecounter/>
<players><player seat="10" name="geelondon" chips="460" dealer="0" win="0" bet="60" muck="1" rebuy="0" addon="0" merge="0" rebuychips="0" reg_code="5076901801"/>
<player seat="3" name="M1ky3ste92" chips="490" dealer="1" win="180" bet="150" muck="1" rebuy="0" addon="0" merge="0" rebuychips="0" reg_code="5076901786"/>
<player seat="6" name="alwaysss" chips="550" dealer="0" win="0" bet="60" muck="1" rebuy="0" addon="0" merge="0" rebuychips="0" reg_code="5076901613"/>
</players>
</general>
<round no="0"><action no="1" player="alwaysss" type="1" discard="1" dealt="1" sum="10"/>
<action no="2" player="geelondon" type="2" discard="1" dealt="1" sum="20"/>
</round>
<round no="1"><cards type="Pocket" player="geelondon">X X</cards>
<cards type="Pocket" player="alwaysss">X X</cards>
<cards type="Pocket" player="M1ky3ste92">DQ SQ</cards>
<action no="3" player="M1ky3ste92" type="23" sum="40"/>
<action no="4" player="alwaysss" type="3" discard="1" dealt="1" sum="30"/>
<action no="5" player="geelondon" type="3" discard="1" dealt="1" sum="20"/>
</round>
<round no="2"><cards type="Flop">D6 HQ C3</cards>
<action no="6" player="alwaysss" type="4" discard="1" dealt="1" sum="0"/>
<action no="7" player="geelondon" type="4" discard="1" dealt="1" sum="0"/>
<action no="8" player="M1ky3ste92" type="5" sum="20"/>
<action no="9" player="alwaysss" type="3" discard="1" dealt="1" sum="20"/>
<action no="10" player="geelondon" type="3" discard="1" dealt="1" sum="20"/>
</round>
<round no="3"><cards type="Turn">D2</cards>
<action no="11" player="alwaysss" type="4" discard="1" dealt="1" sum="0"/>
<action no="12" player="geelondon" type="4" discard="1" dealt="1" sum="0"/>
<action no="13" player="M1ky3ste92" type="5" sum="90"/>
<action no="14" player="alwaysss" type="0" discard="1" dealt="1" sum="0"/>
<action no="15" player="geelondon" type="0" discard="1" dealt="1" sum="0"/>
</round>
</game>
<game gamecode="6545639328"><general><startdate>2025-11-30 23:12:50</startdate>
<round>1</round>
<failsafecounter/>
<players><player seat="3" name="M1ky3ste92" chips="610" dealer="0" win="0" bet="20" muck="1" rebuy="0" addon="0" merge="0" rebuychips="0" reg_code="5076901786"/>
<player seat="6" name="alwaysss" chips="490" dealer="1" win="0" bet="400" muck="1" rebuy="0" addon="0" merge="0" rebuychips="0" reg_code="5076901613"/>
<player seat="10" name="geelondon" chips="400" dealer="0" win="820" bet="400" muck="0" rebuy="0" addon="0" merge="0" rebuychips="0" reg_code="5076901801"/>
</players>
</general>
<round no="0"><action no="1" player="geelondon" type="1" discard="1" dealt="1" sum="10"/>
<action no="2" player="M1ky3ste92" type="2" sum="20"/>
</round>
<round no="1"><cards type="Pocket" player="alwaysss">D6 S6</cards>
<cards type="Pocket" player="M1ky3ste92">DJ C5</cards>
<cards type="Pocket" player="geelondon">D5 CA</cards>
<action no="3" player="alwaysss" type="23" discard="1" dealt="1" sum="60"/>
<action no="4" player="geelondon" type="3" discard="1" dealt="1" sum="50"/>
<action no="5" player="M1ky3ste92" type="0" sum="0"/>
</round>
<round no="2"><cards type="Flop">H5 S5 C3</cards>
<action no="6" player="geelondon" type="4" discard="1" dealt="1" sum="0"/>
<action no="7" player="alwaysss" type="5" discard="1" dealt="1" sum="140"/>
<action no="8" player="geelondon" type="3" discard="1" dealt="1" sum="140"/>
</round>
<round no="3"><cards type="Turn">S7</cards>
<action no="9" player="geelondon" type="4" discard="1" dealt="1" sum="0"/>
<action no="10" player="alwaysss" type="5" discard="1" dealt="1" sum="140"/>
<action no="11" player="geelondon" type="7" discard="1" dealt="1" sum="200"/>
<action no="12" player="alwaysss" type="3" discard="1" dealt="1" sum="60"/>
</round>
<round no="4"><cards type="River">D7</cards>
</round>
</game>
<game gamecode="6545639425"><general><startdate>2025-11-30 23:13:24</startdate>
<round>1</round>
<failsafecounter/>
<players><player seat="6" name="alwaysss" chips="90" dealer="0" win="50" bet="90" muck="1" rebuy="0" addon="0" merge="0" rebuychips="0" reg_code="5076901613"/>
<player seat="10" name="geelondon" chips="820" dealer="1" win="0" bet="20" muck="1" rebuy="0" addon="0" merge="0" rebuychips="0" reg_code="5076901801"/>
<player seat="3" name="M1ky3ste92" chips="590" dealer="0" win="0" bet="10" muck="1" rebuy="0" addon="0" merge="0" rebuychips="0" reg_code="5076901786"/>
</players>
</general>
<round no="0"><action no="1" player="M1ky3ste92" type="1" sum="10"/>
<action no="2" player="alwaysss" type="2" discard="1" dealt="1" sum="20"/>
</round>
<round no="1"><cards type="Pocket" player="M1ky3ste92">S7 H3</cards>
<cards type="Pocket" player="alwaysss">X X</cards>
<cards type="Pocket" player="geelondon">X X</cards>
<action no="3" player="geelondon" type="3" discard="1" dealt="1" sum="20"/>
<action no="4" player="M1ky3ste92" type="0" sum="0"/>
<action no="5" player="alwaysss" type="4" discard="1" dealt="1" sum="0"/>
</round>
<round no="2"><cards type="Flop">S6 S4 C2</cards>
<action no="6" player="alwaysss" type="5" discard="1" dealt="1" sum="70"/>
<action no="7" player="geelondon" type="0" discard="1" dealt="1" sum="0"/>
</round>
</game>
<game gamecode="6545639463"><general><startdate>2025-11-30 23:13:37</startdate>
<round>1</round>
<failsafecounter/>
<players><player seat="10" name="geelondon" chips="800" dealer="0" win="20" bet="20" muck="1" rebuy="0" addon="0" merge="0" rebuychips="0" reg_code="5076901801"/>
<player seat="3" name="M1ky3ste92" chips="580" dealer="1" win="0" bet="0" muck="1" rebuy="0" addon="0" merge="0" rebuychips="0" reg_code="5076901786"/>
<player seat="6" name="alwaysss" chips="120" dealer="0" win="0" bet="10" muck="1" rebuy="0" addon="0" merge="0" rebuychips="0" reg_code="5076901613"/>
</players>
</general>
<round no="0"><action no="1" player="alwaysss" type="1" discard="1" dealt="1" sum="10"/>
<action no="2" player="geelondon" type="2" discard="1" dealt="1" sum="20"/>
</round>
<round no="1"><cards type="Pocket" player="geelondon">X X</cards>
<cards type="Pocket" player="alwaysss">X X</cards>
<cards type="Pocket" player="M1ky3ste92">H5 S2</cards>
<action no="3" player="M1ky3ste92" type="0" sum="0"/>
<action no="4" player="alwaysss" type="0" discard="1" dealt="1" sum="0"/>
</round>
</game>
<game gamecode="6545639491"><general><startdate>2025-11-30 23:13:49</startdate>
<round>1</round>
<failsafecounter/>
<players><player seat="3" name="M1ky3ste92" chips="580" dealer="0" win="75" bet="72" muck="1" rebuy="0" addon="0" merge="0" rebuychips="0" reg_code="5076901786"/>
<player seat="6" name="alwaysss" chips="110" dealer="1" win="0" bet="5" muck="1" rebuy="0" addon="0" merge="0" rebuychips="0" reg_code="5076901613"/>
<player seat="10" name="geelondon" chips="810" dealer="0" win="0" bet="35" muck="1" rebuy="0" addon="0" merge="0" rebuychips="0" reg_code="5076901801"/>
</players>
</general>
<round no="0"><action no="1" player="geelondon" type="15" discard="1" dealt="1" sum="5"/>
<action no="2" player="M1ky3ste92" type="15" sum="5"/>
<action no="3" player="alwaysss" type="15" discard="1" dealt="1" sum="5"/>
<action no="4" player="geelondon" type="1" discard="1" dealt="1" sum="15"/>
<action no="5" player="M1ky3ste92" type="2" sum="30"/>
</round>
<round no="1"><cards type="Pocket" player="geelondon">X X</cards>
<cards type="Pocket" player="alwaysss">X X</cards>
<cards type="Pocket" player="M1ky3ste92">D9 D4</cards>
<action no="6" player="alwaysss" type="0" discard="1" dealt="1" sum="0"/>
<action no="7" player="geelondon" type="3" discard="1" dealt="1" sum="15"/>
<action no="8" player="M1ky3ste92" type="4" sum="0"/>
</round>
<round no="2"><cards type="Flop">CJ DJ HJ</cards>
<action no="9" player="geelondon" type="4" discard="1" dealt="1" sum="0"/>
<action no="10" player="M1ky3ste92" type="4" sum="0"/>
</round>
<round no="3"><cards type="Turn">S9</cards>
<action no="11" player="geelondon" type="4" discard="1" dealt="1" sum="0"/>
<action no="12" player="M1ky3ste92" type="5" sum="37"/>
<action no="13" player="geelondon" type="0" discard="1" dealt="1" sum="0"/>
</round>
</game>
<game gamecode="6545639547"><general><startdate>2025-11-30 23:14:09</startdate>
<round>1</round>
<failsafecounter/>
<players><player seat="6" name="alwaysss" chips="105" dealer="0" win="45" bet="35" muck="1" rebuy="0" addon="0" merge="0" rebuychips="0" reg_code="5076901613"/>
<player seat="10" name="geelondon" chips="775" dealer="1" win="0" bet="5" muck="1" rebuy="0" addon="0" merge="0" rebuychips="0" reg_code="5076901801"/>
<player seat="3" name="M1ky3ste92" chips="620" dealer="0" win="0" bet="20" muck="1" rebuy="0" addon="0" merge="0" rebuychips="0" reg_code="5076901786"/>
</players>
</general>
<round no="0"><action no="1" player="M1ky3ste92" type="15" sum="5"/>
<action no="2" player="alwaysss" type="15" discard="1" dealt="1" sum="5"/>
<action no="3" player="geelondon" type="15" discard="1" dealt="1" sum="5"/>
<action no="4" player="M1ky3ste92" type="1" sum="15"/>
<action no="5" player="alwaysss" type="2" discard="1" dealt="1" sum="30"/>
</round>
<round no="1"><cards type="Pocket" player="M1ky3ste92">C3 H5</cards>
<cards type="Pocket" player="alwaysss">X X</cards>
<cards type="Pocket" player="geelondon">X X</cards>
<action no="6" player="geelondon" type="0" discard="1" dealt="1" sum="0"/>
<action no="7" player="M1ky3ste92" type="0" sum="0"/>
</round>
</game>
<game gamecode="6545647166"><general><startdate>2025-11-30 23:14:17</startdate>
<round>1</round>
<failsafecounter/>
<players><player seat="10" name="geelondon" chips="770" dealer="0" win="0" bet="130" muck="1" rebuy="0" addon="0" merge="0" rebuychips="0" reg_code="5076901801"/>
<player seat="3" name="M1ky3ste92" chips="600" dealer="1" win="0" bet="130" muck="1" rebuy="0" addon="0" merge="0" rebuychips="0" reg_code="5076901786"/>
<player seat="6" name="alwaysss" chips="130" dealer="0" win="390" bet="130" muck="0" rebuy="0" addon="0" merge="0" rebuychips="0" reg_code="5076901613"/>
</players>
</general>
<round no="0"><action no="1" player="alwaysss" type="15" discard="1" dealt="1" sum="5"/>
<action no="2" player="geelondon" type="15" discard="1" dealt="1" sum="5"/>
<action no="3" player="M1ky3ste92" type="15" sum="5"/>
<action no="4" player="alwaysss" type="1" discard="1" dealt="1" sum="15"/>
<action no="5" player="geelondon" type="2" discard="1" dealt="1" sum="30"/>
</round>
<round no="1"><cards type="Pocket" player="M1ky3ste92">HJ SQ</cards>
<cards type="Pocket" player="geelondon">SA C6</cards>
<cards type="Pocket" player="alwaysss">H8 DQ</cards>
<action no="6" player="M1ky3ste92" type="23" sum="60"/>
<action no="7" player="alwaysss" type="23" discard="1" dealt="1" sum="125"/>
<action no="8" player="geelondon" type="3" discard="1" dealt="1" sum="95"/>
<action no="9" player="M1ky3ste92" type="3" sum="65"/>
</round>
<round no="2"><cards type="Flop">C3 H2 D9</cards>
<action no="10" player="geelondon" type="4" discard="1" dealt="1" sum="0"/>
<action no="11" player="M1ky3ste92" type="4" sum="0"/>
</round>
<round no="3"><cards type="Turn">C7</cards>
<action no="12" player="geelondon" type="4" discard="1" dealt="1" sum="0"/>
<action no="13" player="M1ky3ste92" type="4" sum="0"/>
</round>
<round no="4"><cards type="River">S8</cards>
<action no="14" player="geelondon" type="4" discard="1" dealt="1" sum="0"/>
<action no="15" player="M1ky3ste92" type="4" sum="0"/>
</round>
</game>
<game gamecode="6545647297"><general><startdate>2025-11-30 23:14:59</startdate>
<round>1</round>
<failsafecounter/>
<players><player seat="3" name="M1ky3ste92" chips="470" dealer="0" win="75" bet="110" muck="1" rebuy="0" addon="0" merge="0" rebuychips="0" reg_code="5076901786"/>
<player seat="6" name="alwaysss" chips="390" dealer="1" win="0" bet="5" muck="1" rebuy="0" addon="0" merge="0" rebuychips="0" reg_code="5076901613"/>
<player seat="10" name="geelondon" chips="640" dealer="0" win="0" bet="35" muck="1" rebuy="0" addon="0" merge="0" rebuychips="0" reg_code="5076901801"/>
</players>
</general>
<round no="0"><action no="1" player="geelondon" type="15" discard="1" dealt="1" sum="5"/>
<action no="2" player="M1ky3ste92" type="15" sum="5"/>
<action no="3" player="alwaysss" type="15" discard="1" dealt="1" sum="5"/>
<action no="4" player="geelondon" type="1" discard="1" dealt="1" sum="15"/>
<action no="5" player="M1ky3ste92" type="2" sum="30"/>
</round>
<round no="1"><cards type="Pocket" player="M1ky3ste92">S10 D7</cards>
<cards type="Pocket" player="alwaysss">X X</cards>
<cards type="Pocket" player="geelondon">X X</cards>
<action no="6" player="alwaysss" type="0" discard="1" dealt="1" sum="0"/>
<action no="7" player="geelondon" type="3" discard="1" dealt="1" sum="15"/>
<action no="8" player="M1ky3ste92" type="4" sum="0"/>
</round>
<round no="2"><cards type="Flop">H7 H10 H8</cards>
<action no="9" player="geelondon" type="4" discard="1" dealt="1" sum="0"/>
<action no="10" player="M1ky3ste92" type="5" sum="75"/>
<action no="11" player="geelondon" type="0" discard="1" dealt="1" sum="0"/>
</round>
</game>
<game gamecode="6545647340"><general><startdate>2025-11-30 23:15:13</startdate>
<round>1</round>
<failsafecounter/>
<players><player seat="6" name="alwaysss" chips="385" dealer="0" win="0" bet="385" muck="0" rebuy="0" addon="0" merge="0" rebuychips="0" reg_code="5076901613"/>
<player seat="10" name="geelondon" chips="605" dealer="1" win="790" bet="385" muck="0" rebuy="0" addon="0" merge="0" rebuychips="0" reg_code="5076901801"/>
<player seat="3" name="M1ky3ste92" chips="510" dealer="0" win="0" bet="20" muck="1" rebuy="0" addon="0" merge="0" rebuychips="0" reg_code="5076901786"/>
</players>
</general>
<round no="0"><action no="1" player="M1ky3ste92" type="15" sum="5"/>
<action no="2" player="alwaysss" type="15" discard="1" dealt="1" sum="5"/>
<action no="3" player="geelondon" type="15" discard="1" dealt="1" sum="5"/>
<action no="4" player="M1ky3ste92" type="1" sum="15"/>
<action no="5" player="alwaysss" type="2" discard="1" dealt="1" sum="30"/>
</round>
<round no="1"><cards type="Pocket" player="geelondon">SA S9</cards>
<cards type="Pocket" player="M1ky3ste92">SJ D7</cards>
<cards type="Pocket" player="alwaysss">S4 H4</cards>
<action no="6" player="geelondon" type="23" discard="1" dealt="1" sum="60"/>
<action no="7" player="M1ky3ste92" type="0" sum="0"/>
<action no="8" player="alwaysss" type="23" discard="1" dealt="1" sum="380"/>
<action no="9" player="geelondon" type="3" discard="1" dealt="1" sum="320"/>
</round>
<round no="2"><cards type="Flop">SQ D9 D2</cards>
</round>
<round no="3"><cards type="Turn">H10</cards>
</round>
<round no="4"><cards type="River">C2</cards>
</round>
</game>
<game gamecode="6545647394"><general><startdate>2025-11-30 23:15:32</startdate>
<round>1</round>
<failsafecounter/>
<players><player seat="10" name="geelondon" chips="1,010" dealer="0" win="0" bet="170" muck="1" rebuy="0" addon="0" merge="0" rebuychips="0" reg_code="5076901801"/>
<player seat="3" name="M1ky3ste92" chips="490" dealer="1" win="340" bet="490" muck="1" rebuy="0" addon="0" merge="0" rebuychips="0" reg_code="5076901786"/>
</players>
</general>
<round no="0"><action no="1" player="M1ky3ste92" type="15" sum="5"/>
<action no="2" player="geelondon" type="15" discard="1" dealt="1" sum="5"/>
<action no="3" player="M1ky3ste92" type="1" sum="20"/>
<action no="4" player="geelondon" type="2" discard="1" dealt="1" sum="40"/>
</round>
<round no="1"><cards type="Pocket" player="geelondon">X X</cards>
<cards type="Pocket" player="M1ky3ste92">CQ HQ</cards>
<action no="5" player="M1ky3ste92" type="23" sum="80"/>
<action no="6" player="geelondon" type="3" discard="1" dealt="1" sum="40"/>
</round>
<round no="2"><cards type="Flop">D9 D4 HJ</cards>
<action no="7" player="geelondon" type="4" discard="1" dealt="1" sum="0"/>
<action no="8" player="M1ky3ste92" type="5" sum="85"/>
<action no="9" player="geelondon" type="3" discard="1" dealt="1" sum="85"/>
</round>
<round no="3"><cards type="Turn">H8</cards>
<action no="10" player="geelondon" type="4" discard="1" dealt="1" sum="0"/>
<action no="11" player="M1ky3ste92" type="5" sum="320"/>
<action no="12" player="geelondon" type="0" discard="1" dealt="1" sum="0"/>
</round>
</game>
<game gamecode="6545647452"><general><startdate>2025-11-30 23:15:56</startdate>
<round>1</round>
<failsafecounter/>
<players><player seat="3" name="M1ky3ste92" chips="660" dealer="0" win="0" bet="45" muck="1" rebuy="0" addon="0" merge="0" rebuychips="0" reg_code="5076901786"/>
<player seat="10" name="geelondon" chips="840" dealer="1" win="90" bet="85" muck="1" rebuy="0" addon="0" merge="0" rebuychips="0" reg_code="5076901801"/>
</players>
</general>
<round no="0"><action no="1" player="geelondon" type="15" discard="1" dealt="1" sum="5"/>
<action no="2" player="M1ky3ste92" type="15" sum="5"/>
<action no="3" player="geelondon" type="1" discard="1" dealt="1" sum="20"/>
<action no="4" player="M1ky3ste92" type="2" sum="40"/>
</round>
<round no="1"><cards type="Pocket" player="M1ky3ste92">D7 D2</cards>
<cards type="Pocket" player="geelondon">X X</cards>
<action no="5" player="geelondon" type="23" discard="1" dealt="1" sum="80"/>
<action no="6" player="M1ky3ste92" type="0" sum="0"/>
</round>
</game>
<game gamecode="6545647485"><general><startdate>2025-11-30 23:16:07</startdate>
<round>1</round>
<failsafecounter/>
<players><player seat="10" name="geelondon" chips="885" dealer="0" win="0" bet="615" muck="1" rebuy="0" addon="0" merge="0" rebuychips="0" reg_code="5076901801"/>
<player seat="3" name="M1ky3ste92" chips="615" dealer="1" win="1,230" bet="615" muck="0" rebuy="0" addon="0" merge="0" rebuychips="0" reg_code="5076901786"/>
</players>
</general>
<round no="0"><action no="1" player="M1ky3ste92" type="15" sum="5"/>
<action no="2" player="geelondon" type="15" discard="1" dealt="1" sum="5"/>
<action no="3" player="M1ky3ste92" type="1" sum="20"/>
<action no="4" player="geelondon" type="2" discard="1" dealt="1" sum="40"/>
</round>
<round no="1"><cards type="Pocket" player="geelondon">D3 SK</cards>
<cards type="Pocket" player="M1ky3ste92">CK CQ</cards>
<action no="5" player="M1ky3ste92" type="23" sum="80"/>
<action no="6" player="geelondon" type="3" discard="1" dealt="1" sum="40"/>
</round>
<round no="2"><cards type="Flop">S3 DJ HK</cards>
<action no="7" player="geelondon" type="4" discard="1" dealt="1" sum="0"/>
<action no="8" player="M1ky3ste92" type="5" sum="40"/>
<action no="9" player="geelondon" type="23" discard="1" dealt="1" sum="120"/>
<action no="10" player="M1ky3ste92" type="3" sum="80"/>
</round>
<round no="3"><cards type="Turn">S10</cards>
<action no="11" player="geelondon" type="5" discard="1" dealt="1" sum="410"/>
<action no="12" player="M1ky3ste92" type="7" sum="410"/>
</round>
<round no="4"><cards type="River">S9</cards>
</round>
</game>
<game gamecode="6545647571"><general><startdate>2025-11-30 23:16:37</startdate>
<round>1</round>
<failsafecounter/>
<players><player seat="3" name="M1ky3ste92" chips="1,230" dealer="0" win="0" bet="45" muck="1" rebuy="0" addon="0" merge="0" rebuychips="0" reg_code="5076901786"/>
<player seat="10" name="geelondon" chips="270" dealer="1" win="90" bet="270" muck="1" rebuy="0" addon="0" merge="0" rebuychips="0" reg_code="5076901801"/>
</players>
</general>
<round no="0"><action no="1" player="geelondon" type="15" discard="1" dealt="1" sum="5"/>
<action no="2" player="M1ky3ste92" type="15" sum="5"/>
<action no="3" player="geelondon" type="1" discard="1" dealt="1" sum="20"/>
<action no="4" player="M1ky3ste92" type="2" sum="40"/>
</round>
<round no="1"><cards type="Pocket" player="geelondon">X X</cards>
<cards type="Pocket" player="M1ky3ste92">H2 S8</cards>
<action no="5" player="geelondon" type="23" discard="1" dealt="1" sum="265"/>
<action no="6" player="M1ky3ste92" type="0" sum="0"/>
</round>
</game>
<game gamecode="6545647600"><general><startdate>2025-11-30 23:16:45</startdate>
<round>1</round>
<failsafecounter/>
<players><player seat="10" name="geelondon" chips="315" dealer="0" win="0" bet="45" muck="1" rebuy="0" addon="0" merge="0" rebuychips="0" reg_code="5076901801"/>
<player seat="3" name="M1ky3ste92" chips="1,185" dealer="1" win="90" bet="85" muck="1" rebuy="0" addon="0" merge="0" rebuychips="0" reg_code="5076901786"/>
</players>
</general>
<round no="0"><action no="1" player="M1ky3ste92" type="15" sum="5"/>
<action no="2" player="geelondon" type="15" discard="1" dealt="1" sum="5"/>
<action no="3" player="M1ky3ste92" type="1" sum="20"/>
<action no="4" player="geelondon" type="2" discard="1" dealt="1" sum="40"/>
</round>
<round no="1"><cards type="Pocket" player="M1ky3ste92">H4 D7</cards>
<cards type="Pocket" player="geelondon">X X</cards>
<action no="5" player="M1ky3ste92" type="3" sum="20"/>
<action no="6" player="geelondon" type="4" discard="1" dealt="1" sum="0"/>
</round>
<round no="2"><cards type="Flop">SQ D6 HK</cards>
<action no="7" player="geelondon" type="4" discard="1" dealt="1" sum="0"/>
<action no="8" player="M1ky3ste92" type="5" sum="40"/>
<action no="9" player="geelondon" type="0" discard="1" dealt="1" sum="0"/>
</round>
</game>
<game gamecode="6545647629"><general><startdate>2025-11-30 23:16:54</startdate>
<round>1</round>
<failsafecounter/>
<players><player seat="3" name="M1ky3ste92" chips="1,230" dealer="0" win="0" bet="45" muck="1" rebuy="0" addon="0" merge="0" rebuychips="0" reg_code="5076901786"/>
<player seat="10" name="geelondon" chips="270" dealer="1" win="90" bet="270" muck="1" rebuy="0" addon="0" merge="0" rebuychips="0" reg_code="5076901801"/>
</players>
</general>
<round no="0"><action no="1" player="geelondon" type="15" discard="1" dealt="1" sum="5"/>
<action no="2" player="M1ky3ste92" type="15" sum="5"/>
<action no="3" player="geelondon" type="1" discard="1" dealt="1" sum="20"/>
<action no="4" player="M1ky3ste92" type="2" sum="40"/>
</round>
<round no="1"><cards type="Pocket" player="M1ky3ste92">S9 H4</cards>
<cards type="Pocket" player="geelondon">X X</cards>
<action no="5" player="geelondon" type="23" discard="1" dealt="1" sum="265"/>
<action no="6" player="M1ky3ste92" type="0" sum="0"/>
</round>
</game>
<game gamecode="6545647640"><general><startdate>2025-11-30 23:17:01</startdate>
<round>1</round>
<failsafecounter/>
<players><player seat="10" name="geelondon" chips="315" dealer="0" win="0" bet="45" muck="1" rebuy="0" addon="0" merge="0" rebuychips="0" reg_code="5076901801"/>
<player seat="3" name="M1ky3ste92" chips="1,185" dealer="1" win="90" bet="1,185" muck="1" rebuy="0" addon="0" merge="0" rebuychips="0" reg_code="5076901786"/>
</players>
</general>
<round no="0"><action no="1" player="M1ky3ste92" type="15" sum="5"/>
<action no="2" player="geelondon" type="15" discard="1" dealt="1" sum="5"/>
<action no="3" player="M1ky3ste92" type="1" sum="20"/>
<action no="4" player="geelondon" type="2" discard="1" dealt="1" sum="40"/>
</round>
<round no="1"><cards type="Pocket" player="M1ky3ste92">CK CA</cards>
<cards type="Pocket" player="geelondon">X X</cards>
<action no="5" player="M1ky3ste92" type="23" sum="1,180"/>
<action no="6" player="geelondon" type="0" discard="1" dealt="1" sum="0"/>
</round>
</game>
<game gamecode="6545647674"><general><startdate>2025-11-30 23:17:12</startdate>
<round>1</round>
<failsafecounter/>
<players><player seat="3" name="M1ky3ste92" chips="1,230" dealer="0" win="70" bet="65" muck="1" rebuy="0" addon="0" merge="0" rebuychips="0" reg_code="5076901786"/>
<player seat="10" name="geelondon" chips="270" dealer="1" win="0" bet="35" muck="1" rebuy="0" addon="0" merge="0" rebuychips="0" reg_code="5076901801"/>
</players>
</general>
<round no="0"><action no="1" player="geelondon" type="15" discard="1" dealt="1" sum="5"/>
<action no="2" player="M1ky3ste92" type="15" sum="5"/>
<action no="3" player="geelondon" type="1" discard="1" dealt="1" sum="30"/>
<action no="4" player="M1ky3ste92" type="2" sum="60"/>
</round>
<round no="1"><cards type="Pocket" player="M1ky3ste92">SQ S7</cards>
<cards type="Pocket" player="geelondon">X X</cards>
<action no="5" player="geelondon" type="0" discard="1" dealt="1" sum="0"/>
</round>
</game>
<game gamecode="6545647690"><general><startdate>2025-11-30 23:17:18</startdate>
<round>1</round>
<failsafecounter/>
<players><player seat="10" name="geelondon" chips="235" dealer="0" win="470" bet="235" muck="0" rebuy="0" addon="0" merge="0" rebuychips="0" reg_code="5076901801"/>
<player seat="3" name="M1ky3ste92" chips="1,265" dealer="1" win="0" bet="1,265" muck="0" rebuy="0" addon="0" merge="0" rebuychips="0" reg_code="5076901786"/>
</players>
</general>
<round no="0"><action no="1" player="M1ky3ste92" type="15" sum="5"/>
<action no="2" player="geelondon" type="15" discard="1" dealt="1" sum="5"/>
<action no="3" player="M1ky3ste92" type="1" sum="30"/>
<action no="4" player="geelondon" type="2" discard="1" dealt="1" sum="60"/>
</round>
<round no="1"><cards type="Pocket" player="M1ky3ste92">SA H4</cards>
<cards type="Pocket" player="geelondon">H9 S9</cards>
<action no="5" player="M1ky3ste92" type="23" sum="1,260"/>
<action no="6" player="geelondon" type="7" discard="1" dealt="1" sum="170"/>
</round>
<round no="2"><cards type="Flop">S8 C7 D5</cards>
</round>
<round no="3"><cards type="Turn">DK</cards>
</round>
<round no="4"><cards type="River">CK</cards>
</round>
</game>
<game gamecode="6545647725"><general><startdate>2025-11-30 23:17:33</startdate>
<round>1</round>
<failsafecounter/>
<players><player seat="3" name="M1ky3ste92" chips="1,030" dealer="0" win="370" bet="185" muck="0" rebuy="0" addon="0" merge="0" rebuychips="0" reg_code="5076901786"/>
<player seat="10" name="geelondon" chips="470" dealer="1" win="0" bet="185" muck="1" rebuy="0" addon="0" merge="0" rebuychips="0" reg_code="5076901801"/>
</players>
</general>
<round no="0"><action no="1" player="geelondon" type="15" discard="1" dealt="1" sum="5"/>
<action no="2" player="M1ky3ste92" type="15" sum="5"/>
<action no="3" player="geelondon" type="1" discard="1" dealt="1" sum="30"/>
<action no="4" player="M1ky3ste92" type="2" sum="60"/>
</round>
<round no="1"><cards type="Pocket" player="geelondon">HA S8</cards>
<cards type="Pocket" player="M1ky3ste92">C8 D6</cards>
<action no="5" player="geelondon" type="3" discard="1" dealt="1" sum="30"/>
<action no="6" player="M1ky3ste92" type="4" sum="0"/>
</round>
<round no="2"><cards type="Flop">HQ H5 C6</cards>
<action no="7" player="M1ky3ste92" type="4" sum="0"/>
<action no="8" player="geelondon" type="4" discard="1" dealt="1" sum="0"/>
</round>
<round no="3"><cards type="Turn">C5</cards>
<action no="9" player="M1ky3ste92" type="5" sum="60"/>
<action no="10" player="geelondon" type="3" discard="1" dealt="1" sum="60"/>
</round>
<round no="4"><cards type="River">D2</cards>
<action no="11" player="M1ky3ste92" type="5" sum="60"/>
<action no="12" player="geelondon" type="3" discard="1" dealt="1" sum="60"/>
</round>
</game>
<game gamecode="6545647768"><general><startdate>2025-11-30 23:17:51</startdate>
<round>1</round>
<failsafecounter/>
<players><player seat="10" name="geelondon" chips="285" dealer="0" win="70" bet="65" muck="1" rebuy="0" addon="0" merge="0" rebuychips="0" reg_code="5076901801"/>
<player seat="3" name="M1ky3ste92" chips="1,215" dealer="1" win="0" bet="35" muck="1" rebuy="0" addon="0" merge="0" rebuychips="0" reg_code="5076901786"/>
</players>
</general>
<round no="0"><action no="1" player="M1ky3ste92" type="15" sum="5"/>
<action no="2" player="geelondon" type="15" discard="1" dealt="1" sum="5"/>
<action no="3" player="M1ky3ste92" type="1" sum="30"/>
<action no="4" player="geelondon" type="2" discard="1" dealt="1" sum="60"/>
</round>
<round no="1"><cards type="Pocket" player="geelondon">X X</cards>
<cards type="Pocket" player="M1ky3ste92">C2 C3</cards>
<action no="5" player="M1ky3ste92" type="0" sum="0"/>
</round>
</game>
<game gamecode="6545647782"><general><startdate>2025-11-30 23:17:58</startdate>
<round>1</round>
<failsafecounter/>
<players><player seat="3" name="M1ky3ste92" chips="1,180" dealer="0" win="640" bet="320" muck="0" rebuy="0" addon="0" merge="0" rebuychips="0" reg_code="5076901786"/>
<player seat="10" name="geelondon" chips="320" dealer="1" win="0" bet="320" muck="0" rebuy="0" addon="0" merge="0" rebuychips="0" reg_code="5076901801"/>
</players>
</general>
<round no="0"><action no="1" player="geelondon" type="15" discard="1" dealt="1" sum="5"/>
<action no="2" player="M1ky3ste92" type="15" sum="5"/>
<action no="3" player="geelondon" type="1" discard="1" dealt="1" sum="30"/>
<action no="4" player="M1ky3ste92" type="2" sum="60"/>
</round>
<round no="1"><cards type="Pocket" player="geelondon">D5 D9</cards>
<cards type="Pocket" player="M1ky3ste92">C2 D8</cards>
<action no="5" player="geelondon" type="3" discard="1" dealt="1" sum="30"/>
<action no="6" player="M1ky3ste92" type="4" sum="0"/>
</round>
<round no="2"><cards type="Flop">S5 S8 D3</cards>
<action no="7" player="M1ky3ste92" type="4" sum="0"/>
<action no="8" player="geelondon" type="4" discard="1" dealt="1" sum="0"/>
</round>
<round no="3"><cards type="Turn">S2</cards>
<action no="9" player="M1ky3ste92" type="5" sum="130"/>
<action no="10" player="geelondon" type="7" discard="1" dealt="1" sum="255"/>
<action no="11" player="M1ky3ste92" type="3" sum="125"/>
</round>
<round no="4"><cards type="River">D6</cards>
</round>
</game>
</session>
