<?xml version="1.0" encoding="UTF-8"?>
<session sessioncode="5076502770">
<general>
<client_version>25.7.1.34</client_version>
<mode>real</mode>
<gametype>Holdem NL</gametype>
<tablename>Twister €100 SNG, 822671284</tablename>
<tournamentcode>822671283</tournamentcode>
<tournamentname>Twister €100 SNG</tournamentname>
<buyin>€0 + €7 + €93</buyin>
<totalbuyin>€100</totalbuyin>
<rewarddrawn>€200</rewarddrawn>
<tournamentcurrency>EUR</tournamentcurrency>
<currency>EUR</currency>
<nickname>M1ky3ste92</nickname>
<gamecount>20</gamecount>
<startdate>2025-11-29 12:25:34</startdate>
<place>2</place>
<win>€0</win>
<tablesize>3</tablesize>
</general>
<game gamecode="6544187959"><general><startdate>2025-11-29 12:25:49</startdate>
<round>1</round>
<failsafecounter/>
<players><player seat="6" name="L1mltless" chips="500" dealer="0" win="0" bet="20" muck="1" rebuy="0" addon="0" merge="0" rebuychips="0" reg_code="5076502817"/>
<player seat="10" name="bulliuz" chips="500" dealer="1" win="0" bet="0" muck="1" rebuy="0" addon="0" merge="0" rebuychips="0" reg_code="5076502944"/>
<player seat="3" name="M1ky3ste92" chips="500" dealer="0" win="40" bet="50" muck="1" rebuy="0" addon="0" merge="0" rebuychips="0" reg_code="5076502770"/>
</players>
</general>
<round no="0"><action no="1" player="M1ky3ste92" type="1" sum="10"/>
<action no="2" player="L1mltless" type="2" discard="1" dealt="1" sum="20"/>
</round>
<round no="1"><cards type="Pocket" player="M1ky3ste92">C8 DA</cards>
<cards type="Pocket" player="L1mltless">X X</cards>
<cards type="Pocket" player="bulliuz">X X</cards>
<action no="3" player="bulliuz" type="0" discard="1" dealt="1" sum="0"/>
<action no="4" player="M1ky3ste92" type="23" sum="50"/>
<action no="5" player="L1mltless" type="0" discard="1" dealt="1" sum="0"/>
</round>
</game>
<game gamecode="6544187986"><general><startdate>2025-11-29 12:26:06</startdate>
<round>1</round>
<failsafecounter/>
<players><player seat="10" name="bulliuz" chips="500" dealer="0" win="0" bet="480" muck="1" rebuy="0" addon="0" merge="0" rebuychips="0" reg_code="5076502944"/>
<player seat="3" name="M1ky3ste92" chips="520" dealer="1" win="0" bet="0" muck="1" rebuy="0" addon="0" merge="0" rebuychips="0" reg_code="5076502770"/>
<player seat="6" name="L1mltless" chips="480" dealer="0" win="960" bet="480" muck="0" rebuy="0" addon="0" merge="0" rebuychips="0" reg_code="5076502817"/>
</players>
</general>
<round no="0"><action no="1" player="L1mltless" type="1" discard="1" dealt="1" sum="10"/>
<action no="2" player="bulliuz" type="2" discard="1" dealt="1" sum="20"/>
</round>
<round no="1"><cards type="Pocket" player="M1ky3ste92">S4 H8</cards>
<cards type="Pocket" player="L1mltless">D4 D9</cards>
<cards type="Pocket" player="bulliuz">S9 HK</cards>
<action no="3" player="M1ky3ste92" type="0" sum="0"/>
<action no="4" player="L1mltless" type="3" discard="1" dealt="1" sum="10"/>
<action no="5" player="bulliuz" type="23" discard="1" dealt="1" sum="60"/>
<action no="6" player="L1mltless" type="3" discard="1" dealt="1" sum="40"/>
</round>
<round no="2"><cards type="Flop">C9 H5 H4</cards>
<action no="7" player="L1mltless" type="4" discard="1" dealt="1" sum="0"/>
<action no="8" player="bulliuz" type="5" discard="1" dealt="1" sum="60"/>
<action no="9" player="L1mltless" type="3" discard="1" dealt="1" sum="60"/>
</round>
<round no="3"><cards type="Turn">H9</cards>
<action no="10" player="L1mltless" type="4" discard="1" dealt="1" sum="0"/>
<action no="11" player="bulliuz" type="5" discard="1" dealt="1" sum="80"/>
<action no="12" player="L1mltless" type="3" discard="1" dealt="1" sum="80"/>
</round>
<round no="4"><cards type="River">DA</cards>
<action no="13" player="L1mltless" type="5" discard="1" dealt="1" sum="280"/>
<action no="14" player="bulliuz" type="3" discard="1" dealt="1" sum="280"/>
</round>
</game>
<game gamecode="6544188043"><general><startdate>2025-11-29 12:26:37</startdate>
<round>1</round>
<failsafecounter/>
<players><player seat="3" name="M1ky3ste92" chips="520" dealer="0" win="0" bet="40" muck="1" rebuy="0" addon="0" merge="0" rebuychips="0" reg_code="5076502770"/>
<player seat="6" name="L1mltless" chips="960" dealer="1" win="100" bet="60" muck="0" rebuy="0" addon="0" merge="0" rebuychips="0" reg_code="5076502817"/>
<player seat="10" name="bulliuz" chips="20" dealer="0" win="0" bet="20" muck="1" rebuy="0" addon="0" merge="0" rebuychips="0" reg_code="5076502944"/>
</players>
</general>
<round no="0"><action no="1" player="bulliuz" type="1" discard="1" dealt="1" sum="10"/>
<action no="2" player="M1ky3ste92" type="2" sum="20"/>
</round>
<round no="1"><cards type="Pocket" player="bulliuz">DJ C6</cards>
<cards type="Pocket" player="M1ky3ste92">CJ SQ</cards>
<cards type="Pocket" player="L1mltless">HK H5</cards>
<action no="3" player="L1mltless" type="23" discard="1" dealt="1" sum="40"/>
<action no="4" player="bulliuz" type="7" discard="1" dealt="1" sum="10"/>
<action no="5" player="M1ky3ste92" type="3" sum="20"/>
</round>
<round no="2"><cards type="Flop">H8 D7 CK</cards>
<action no="6" player="M1ky3ste92" type="4" sum="0"/>
<action no="7" player="L1mltless" type="5" discard="1" dealt="1" sum="20"/>
<action no="8" player="M1ky3ste92" type="0" sum="0"/>
</round>
<round no="3"><cards type="Turn">H7</cards>
</round>
<round no="4"><cards type="River">H6</cards>
</round>
</game>
<game gamecode="6544188081"><general><startdate>2025-11-29 12:27:00</startdate>
<round>1</round>
<failsafecounter/>
<players><player seat="6" name="L1mltless" chips="1,020" dealer="0" win="0" bet="40" muck="1" rebuy="0" addon="0" merge="0" rebuychips="0" reg_code="5076502817"/>
<player seat="3" name="M1ky3ste92" chips="480" dealer="1" win="80" bet="40" muck="0" rebuy="0" addon="0" merge="0" rebuychips="0" reg_code="5076502770"/>
</players>
</general>
<round no="0"><action no="1" player="M1ky3ste92" type="1" sum="10"/>
<action no="2" player="L1mltless" type="2" discard="1" dealt="1" sum="20"/>
</round>
<round no="1"><cards type="Pocket" player="L1mltless">H2 SK</cards>
<cards type="Pocket" player="M1ky3ste92">D6 HA</cards>
<action no="3" player="M1ky3ste92" type="23" sum="40"/>
<action no="4" player="L1mltless" type="3" discard="1" dealt="1" sum="20"/>
</round>
<round no="2"><cards type="Flop">H9 S8 C6</cards>
<action no="5" player="L1mltless" type="4" discard="1" dealt="1" sum="0"/>
<action no="6" player="M1ky3ste92" type="4" sum="0"/>
</round>
<round no="3"><cards type="Turn">HQ</cards>
<action no="7" player="L1mltless" type="4" discard="1" dealt="1" sum="0"/>
<action no="8" player="M1ky3ste92" type="4" sum="0"/>
</round>
<round no="4"><cards type="River">D7</cards>
<action no="9" player="L1mltless" type="4" discard="1" dealt="1" sum="0"/>
<action no="10" player="M1ky3ste92" type="4" sum="0"/>
</round>
</game>
<game gamecode="6544188124"><general><startdate>2025-11-29 12:27:29</startdate>
<round>1</round>
<failsafecounter/>
<players><player seat="3" name="M1ky3ste92" chips="520" dealer="0" win="70" bet="520" muck="1" rebuy="0" addon="0" merge="0" rebuychips="0" reg_code="5076502770"/>
<player seat="6" name="L1mltless" chips="980" dealer="1" win="0" bet="35" muck="1" rebuy="0" addon="0" merge="0" rebuychips="0" reg_code="5076502817"/>
</players>
</general>
<round no="0"><action no="1" player="L1mltless" type="15" discard="1" dealt="1" sum="5"/>
<action no="2" player="M1ky3ste92" type="15" sum="5"/>
<action no="3" player="L1mltless" type="1" discard="1" dealt="1" sum="15"/>
<action no="4" player="M1ky3ste92" type="2" sum="30"/>
</round>
<round no="1"><cards type="Pocket" player="L1mltless">X X</cards>
<cards type="Pocket" player="M1ky3ste92">DA S10</cards>
<action no="5" player="L1mltless" type="3" discard="1" dealt="1" sum="15"/>
<action no="6" player="M1ky3ste92" type="23" sum="515"/>
<action no="7" player="L1mltless" type="0" discard="1" dealt="1" sum="0"/>
</round>
</game>
<game gamecode="6544188137"><general><startdate>2025-11-29 12:27:39</startdate>
<round>1</round>
<failsafecounter/>
<players><player seat="6" name="L1mltless" chips="945" dealer="0" win="130" bet="65" muck="0" rebuy="0" addon="0" merge="0" rebuychips="0" reg_code="5076502817"/>
<player seat="3" name="M1ky3ste92" chips="555" dealer="1" win="0" bet="65" muck="1" rebuy="0" addon="0" merge="0" rebuychips="0" reg_code="5076502770"/>
</players>
</general>
<round no="0"><action no="1" player="M1ky3ste92" type="15" sum="5"/>
<action no="2" player="L1mltless" type="15" discard="1" dealt="1" sum="5"/>
<action no="3" player="M1ky3ste92" type="1" sum="15"/>
<action no="4" player="L1mltless" type="2" discard="1" dealt="1" sum="30"/>
</round>
<round no="1"><cards type="Pocket" player="M1ky3ste92">CQ H3</cards>
<cards type="Pocket" player="L1mltless">CK C8</cards>
<action no="5" player="M1ky3ste92" type="3" sum="15"/>
<action no="6" player="L1mltless" type="4" discard="1" dealt="1" sum="0"/>
</round>
<round no="2"><cards type="Flop">C2 DK H8</cards>
<action no="7" player="L1mltless" type="4" discard="1" dealt="1" sum="0"/>
<action no="8" player="M1ky3ste92" type="5" sum="30"/>
<action no="9" player="L1mltless" type="3" discard="1" dealt="1" sum="30"/>
</round>
<round no="3"><cards type="Turn">S2</cards>
<action no="10" player="L1mltless" type="4" discard="1" dealt="1" sum="0"/>
<action no="11" player="M1ky3ste92" type="4" sum="0"/>
</round>
<round no="4"><cards type="River">D2</cards>
<action no="12" player="L1mltless" type="4" discard="1" dealt="1" sum="0"/>
<action no="13" player="M1ky3ste92" type="4" sum="0"/>
</round>
</game>
<game gamecode="6544188176"><general><startdate>2025-11-29 12:28:03</startdate>
<round>1</round>
<failsafecounter/>
<players><player seat="3" name="M1ky3ste92" chips="490" dealer="0" win="370" bet="490" muck="1" rebuy="0" addon="0" merge="0" rebuychips="0" reg_code="5076502770"/>
<player seat="6" name="L1mltless" chips="1,010" dealer="1" win="0" bet="185" muck="1" rebuy="0" addon="0" merge="0" rebuychips="0" reg_code="5076502817"/>
</players>
</general>
<round no="0"><action no="1" player="L1mltless" type="15" discard="1" dealt="1" sum="5"/>
<action no="2" player="M1ky3ste92" type="15" sum="5"/>
<action no="3" player="L1mltless" type="1" discard="1" dealt="1" sum="15"/>
<action no="4" player="M1ky3ste92" type="2" sum="30"/>
</round>
<round no="1"><cards type="Pocket" player="M1ky3ste92">C7 C9</cards>
<cards type="Pocket" player="L1mltless">X X</cards>
<action no="5" player="L1mltless" type="3" discard="1" dealt="1" sum="15"/>
<action no="6" player="M1ky3ste92" type="4" sum="0"/>
</round>
<round no="2"><cards type="Flop">HK H5 S9</cards>
<action no="7" player="M1ky3ste92" type="4" sum="0"/>
<action no="8" player="L1mltless" type="5" discard="1" dealt="1" sum="30"/>
<action no="9" player="M1ky3ste92" type="3" sum="30"/>
</round>
<round no="3"><cards type="Turn">D7</cards>
<action no="10" player="M1ky3ste92" type="4" sum="0"/>
<action no="11" player="L1mltless" type="5" discard="1" dealt="1" sum="120"/>
<action no="12" player="M1ky3ste92" type="23" sum="425"/>
<action no="13" player="L1mltless" type="0" discard="1" dealt="1" sum="0"/>
</round>
</game>
<game gamecode="6544188225"><general><startdate>2025-11-29 12:28:34</startdate>
<round>1</round>
<failsafecounter/>
<players><player seat="6" name="L1mltless" chips="825" dealer="0" win="474" bet="237" muck="0" rebuy="0" addon="0" merge="0" rebuychips="0" reg_code="5076502817"/>
<player seat="3" name="M1ky3ste92" chips="675" dealer="1" win="0" bet="237" muck="1" rebuy="0" addon="0" merge="0" rebuychips="0" reg_code="5076502770"/>
</players>
</general>
<round no="0"><action no="1" player="M1ky3ste92" type="15" sum="5"/>
<action no="2" player="L1mltless" type="15" discard="1" dealt="1" sum="5"/>
<action no="3" player="M1ky3ste92" type="1" sum="15"/>
<action no="4" player="L1mltless" type="2" discard="1" dealt="1" sum="30"/>
</round>
<round no="1"><cards type="Pocket" player="L1mltless">C3 D5</cards>
<cards type="Pocket" player="M1ky3ste92">HK D6</cards>
<action no="5" player="M1ky3ste92" type="23" sum="60"/>
<action no="6" player="L1mltless" type="3" discard="1" dealt="1" sum="30"/>
</round>
<round no="2"><cards type="Flop">S3 H2 CK</cards>
<action no="7" player="L1mltless" type="4" discard="1" dealt="1" sum="0"/>
<action no="8" player="M1ky3ste92" type="5" sum="30"/>
<action no="9" player="L1mltless" type="3" discard="1" dealt="1" sum="30"/>
</round>
<round no="3"><cards type="Turn">H9</cards>
<action no="10" player="L1mltless" type="4" discard="1" dealt="1" sum="0"/>
<action no="11" player="M1ky3ste92" type="4" sum="0"/>
</round>
<round no="4"><cards type="River">S5</cards>
<action no="12" player="L1mltless" type="5" discard="1" dealt="1" sum="142"/>
<action no="13" player="M1ky3ste92" type="3" sum="142"/>
</round>
</game>
<game gamecode="6544188262"><general><startdate>2025-11-29 12:28:57</startdate>
<round>1</round>
<failsafecounter/>
<players><player seat="3" name="M1ky3ste92" chips="438" dealer="0" win="70" bet="95" muck="1" rebuy="0" addon="0" merge="0" rebuychips="0" reg_code="5076502770"/>
<player seat="6" name="L1mltless" chips="1,062" dealer="1" win="0" bet="35" muck="1" rebuy="0" addon="0" merge="0" rebuychips="0" reg_code="5076502817"/>
</players>
</general>
<round no="0"><action no="1" player="L1mltless" type="15" discard="1" dealt="1" sum="5"/>
<action no="2" player="M1ky3ste92" type="15" sum="5"/>
<action no="3" player="L1mltless" type="1" discard="1" dealt="1" sum="15"/>
<action no="4" player="M1ky3ste92" type="2" sum="30"/>
</round>
<round no="1"><cards type="Pocket" player="L1mltless">X X</cards>
<cards type="Pocket" player="M1ky3ste92">DA DQ</cards>
<action no="5" player="L1mltless" type="3" discard="1" dealt="1" sum="15"/>
<action no="6" player="M1ky3ste92" type="23" sum="90"/>
<action no="7" player="L1mltless" type="0" discard="1" dealt="1" sum="0"/>
</round>
</game>
<game gamecode="6544188285"><general><startdate>2025-11-29 12:29:08</startdate>
<round>1</round>
<failsafecounter/>
<players><player seat="6" name="L1mltless" chips="1,027" dealer="0" win="0" bet="45" muck="1" rebuy="0" addon="0" merge="0" rebuychips="0" reg_code="5076502817"/>
<player seat="3" name="M1ky3ste92" chips="473" dealer="1" win="90" bet="473" muck="1" rebuy="0" addon="0" merge="0" rebuychips="0" reg_code="5076502770"/>
</players>
</general>
<round no="0"><action no="1" player="M1ky3ste92" type="15" sum="5"/>
<action no="2" player="L1mltless" type="15" discard="1" dealt="1" sum="5"/>
<action no="3" player="M1ky3ste92" type="1" sum="20"/>
<action no="4" player="L1mltless" type="2" discard="1" dealt="1" sum="40"/>
</round>
<round no="1"><cards type="Pocket" player="M1ky3ste92">CA S2</cards>
<cards type="Pocket" player="L1mltless">X X</cards>
<action no="5" player="M1ky3ste92" type="23" sum="468"/>
<action no="6" player="L1mltless" type="0" discard="1" dealt="1" sum="0"/>
</round>
</game>
<game gamecode="6544188295"><general><startdate>2025-11-29 12:29:16</startdate>
<round>1</round>
<failsafecounter/>
<players><player seat="3" name="M1ky3ste92" chips="518" dealer="0" win="0" bet="85" muck="0" rebuy="0" addon="0" merge="0" rebuychips="0" reg_code="5076502770"/>
<player seat="6" name="L1mltless" chips="982" dealer="1" win="170" bet="85" muck="0" rebuy="0" addon="0" merge="0" rebuychips="0" reg_code="5076502817"/>
</players>
</general>
<round no="0"><action no="1" player="L1mltless" type="15" discard="1" dealt="1" sum="5"/>
<action no="2" player="M1ky3ste92" type="15" sum="5"/>
<action no="3" player="L1mltless" type="1" discard="1" dealt="1" sum="20"/>
<action no="4" player="M1ky3ste92" type="2" sum="40"/>
</round>
<round no="1"><cards type="Pocket" player="L1mltless">CQ HA</cards>
<cards type="Pocket" player="M1ky3ste92">C2 C5</cards>
<action no="5" player="L1mltless" type="3" discard="1" dealt="1" sum="20"/>
<action no="6" player="M1ky3ste92" type="4" sum="0"/>
</round>
<round no="2"><cards type="Flop">H10 C6 C3</cards>
<action no="7" player="M1ky3ste92" type="4" sum="0"/>
<action no="8" player="L1mltless" type="4" discard="1" dealt="1" sum="0"/>
</round>
<round no="3"><cards type="Turn">D3</cards>
<action no="9" player="M1ky3ste92" type="4" sum="0"/>
<action no="10" player="L1mltless" type="4" discard="1" dealt="1" sum="0"/>
</round>
<round no="4"><cards type="River">HK</cards>
<action no="11" player="M1ky3ste92" type="5" sum="40"/>
<action no="12" player="L1mltless" type="3" discard="1" dealt="1" sum="40"/>
</round>
</game>
<game gamecode="6544188348"><general><startdate>2025-11-29 12:29:47</startdate>
<round>1</round>
<failsafecounter/>
<players><player seat="6" name="L1mltless" chips="1,067" dealer="0" win="0" bet="45" muck="1" rebuy="0" addon="0" merge="0" rebuychips="0" reg_code="5076502817"/>
<player seat="3" name="M1ky3ste92" chips="433" dealer="1" win="90" bet="85" muck="1" rebuy="0" addon="0" merge="0" rebuychips="0" reg_code="5076502770"/>
</players>
</general>
<round no="0"><action no="1" player="M1ky3ste92" type="15" sum="5"/>
<action no="2" player="L1mltless" type="15" discard="1" dealt="1" sum="5"/>
<action no="3" player="M1ky3ste92" type="1" sum="20"/>
<action no="4" player="L1mltless" type="2" discard="1" dealt="1" sum="40"/>
</round>
<round no="1"><cards type="Pocket" player="M1ky3ste92">D5 CJ</cards>
<cards type="Pocket" player="L1mltless">X X</cards>
<action no="5" player="M1ky3ste92" type="3" sum="20"/>
<action no="6" player="L1mltless" type="4" discard="1" dealt="1" sum="0"/>
</round>
<round no="2"><cards type="Flop">H4 HQ S4</cards>
<action no="7" player="L1mltless" type="4" discard="1" dealt="1" sum="0"/>
<action no="8" player="M1ky3ste92" type="5" sum="40"/>
<action no="9" player="L1mltless" type="0" discard="1" dealt="1" sum="0"/>
</round>
</game>
<game gamecode="6544188371"><general><startdate>2025-11-29 12:30:02</startdate>
<round>1</round>
<failsafecounter/>
<players><player seat="3" name="M1ky3ste92" chips="478" dealer="0" win="0" bet="45" muck="1" rebuy="0" addon="0" merge="0" rebuychips="0" reg_code="5076502770"/>
<player seat="6" name="L1mltless" chips="1,022" dealer="1" win="90" bet="1,022" muck="1" rebuy="0" addon="0" merge="0" rebuychips="0" reg_code="5076502817"/>
</players>
</general>
<round no="0"><action no="1" player="L1mltless" type="15" discard="1" dealt="1" sum="5"/>
<action no="2" player="M1ky3ste92" type="15" sum="5"/>
<action no="3" player="L1mltless" type="1" discard="1" dealt="1" sum="20"/>
<action no="4" player="M1ky3ste92" type="2" sum="40"/>
</round>
<round no="1"><cards type="Pocket" player="M1ky3ste92">H9 SJ</cards>
<cards type="Pocket" player="L1mltless">X X</cards>
<action no="5" player="L1mltless" type="23" discard="1" dealt="1" sum="1,017"/>
<action no="6" player="M1ky3ste92" type="0" sum="0"/>
</round>
</game>
<game gamecode="6544188398"><general><startdate>2025-11-29 12:30:15</startdate>
<round>1</round>
<failsafecounter/>
<players><player seat="6" name="L1mltless" chips="1,067" dealer="0" win="90" bet="1,067" muck="1" rebuy="0" addon="0" merge="0" rebuychips="0" reg_code="5076502817"/>
<player seat="3" name="M1ky3ste92" chips="433" dealer="1" win="0" bet="45" muck="1" rebuy="0" addon="0" merge="0" rebuychips="0" reg_code="5076502770"/>
</players>
</general>
<round no="0"><action no="1" player="M1ky3ste92" type="15" sum="5"/>
<action no="2" player="L1mltless" type="15" discard="1" dealt="1" sum="5"/>
<action no="3" player="M1ky3ste92" type="1" sum="20"/>
<action no="4" player="L1mltless" type="2" discard="1" dealt="1" sum="40"/>
</round>
<round no="1"><cards type="Pocket" player="M1ky3ste92">H5 CJ</cards>
<cards type="Pocket" player="L1mltless">X X</cards>
<action no="5" player="M1ky3ste92" type="3" sum="20"/>
<action no="6" player="L1mltless" type="23" discard="1" dealt="1" sum="1,062"/>
<action no="7" player="M1ky3ste92" type="0" sum="0"/>
</round>
</game>
<game gamecode="6544188416"><general><startdate>2025-11-29 12:30:26</startdate>
<round>1</round>
<failsafecounter/>
<players><player seat="3" name="M1ky3ste92" chips="388" dealer="0" win="0" bet="45" muck="1" rebuy="0" addon="0" merge="0" rebuychips="0" reg_code="5076502770"/>
<player seat="6" name="L1mltless" chips="1,112" dealer="1" win="90" bet="1,112" muck="1" rebuy="0" addon="0" merge="0" rebuychips="0" reg_code="5076502817"/>
</players>
</general>
<round no="0"><action no="1" player="L1mltless" type="15" discard="1" dealt="1" sum="5"/>
<action no="2" player="M1ky3ste92" type="15" sum="5"/>
<action no="3" player="L1mltless" type="1" discard="1" dealt="1" sum="20"/>
<action no="4" player="M1ky3ste92" type="2" sum="40"/>
</round>
<round no="1"><cards type="Pocket" player="L1mltless">X X</cards>
<cards type="Pocket" player="M1ky3ste92">C6 DQ</cards>
<action no="5" player="L1mltless" type="23" discard="1" dealt="1" sum="1,107"/>
<action no="6" player="M1ky3ste92" type="0" sum="0"/>
</round>
</game>
<game gamecode="6544188431"><general><startdate>2025-11-29 12:30:32</startdate>
<round>1</round>
<failsafecounter/>
<players><player seat="6" name="L1mltless" chips="1,157" dealer="0" win="0" bet="45" muck="1" rebuy="0" addon="0" merge="0" rebuychips="0" reg_code="5076502817"/>
<player seat="3" name="M1ky3ste92" chips="343" dealer="1" win="90" bet="85" muck="1" rebuy="0" addon="0" merge="0" rebuychips="0" reg_code="5076502770"/>
</players>
</general>
<round no="0"><action no="1" player="M1ky3ste92" type="15" sum="5"/>
<action no="2" player="L1mltless" type="15" discard="1" dealt="1" sum="5"/>
<action no="3" player="M1ky3ste92" type="1" sum="20"/>
<action no="4" player="L1mltless" type="2" discard="1" dealt="1" sum="40"/>
</round>
<round no="1"><cards type="Pocket" player="L1mltless">X X</cards>
<cards type="Pocket" player="M1ky3ste92">H10 C5</cards>
<action no="5" player="M1ky3ste92" type="3" sum="20"/>
<action no="6" player="L1mltless" type="4" discard="1" dealt="1" sum="0"/>
</round>
<round no="2"><cards type="Flop">S2 D5 SQ</cards>
<action no="7" player="L1mltless" type="4" discard="1" dealt="1" sum="0"/>
<action no="8" player="M1ky3ste92" type="5" sum="40"/>
<action no="9" player="L1mltless" type="0" discard="1" dealt="1" sum="0"/>
</round>
</game>
<game gamecode="6544188453"><general><startdate>2025-11-29 12:30:40</startdate>
<round>1</round>
<failsafecounter/>
<players><player seat="3" name="M1ky3ste92" chips="388" dealer="0" win="388" bet="388" muck="0" rebuy="0" addon="0" merge="0" rebuychips="0" reg_code="5076502770"/>
<player seat="6" name="L1mltless" chips="1,112" dealer="1" win="388" bet="1,112" muck="0" rebuy="0" addon="0" merge="0" rebuychips="0" reg_code="5076502817"/>
</players>
</general>
<round no="0"><action no="1" player="L1mltless" type="15" discard="1" dealt="1" sum="5"/>
<action no="2" player="M1ky3ste92" type="15" sum="5"/>
<action no="3" player="L1mltless" type="1" discard="1" dealt="1" sum="20"/>
<action no="4" player="M1ky3ste92" type="2" sum="40"/>
</round>
<round no="1"><cards type="Pocket" player="M1ky3ste92">SA C2</cards>
<cards type="Pocket" player="L1mltless">CA H2</cards>
<action no="5" player="L1mltless" type="23" discard="1" dealt="1" sum="1,107"/>
<action no="6" player="M1ky3ste92" type="7" sum="343"/>
</round>
<round no="2"><cards type="Flop">S6 H5 D4</cards>
</round>
<round no="3"><cards type="Turn">DK</cards>
</round>
<round no="4"><cards type="River">DQ</cards>
</round>
</game>
<game gamecode="6544188477"><general><startdate>2025-11-29 12:30:57</startdate>
<round>1</round>
<failsafecounter/>
<players><player seat="6" name="L1mltless" chips="1,112" dealer="0" win="0" bet="65" muck="1" rebuy="0" addon="0" merge="0" rebuychips="0" reg_code="5076502817"/>
<player seat="3" name="M1ky3ste92" chips="388" dealer="1" win="130" bet="388" muck="1" rebuy="0" addon="0" merge="0" rebuychips="0" reg_code="5076502770"/>
</players>
</general>
<round no="0"><action no="1" player="M1ky3ste92" type="15" sum="5"/>
<action no="2" player="L1mltless" type="15" discard="1" dealt="1" sum="5"/>
<action no="3" player="M1ky3ste92" type="1" sum="30"/>
<action no="4" player="L1mltless" type="2" discard="1" dealt="1" sum="60"/>
</round>
<round no="1"><cards type="Pocket" player="L1mltless">X X</cards>
<cards type="Pocket" player="M1ky3ste92">HA D6</cards>
<action no="5" player="M1ky3ste92" type="23" sum="383"/>
<action no="6" player="L1mltless" type="0" discard="1" dealt="1" sum="0"/>
</round>
</game>
<game gamecode="6544188493"><general><startdate>2025-11-29 12:31:06</startdate>
<round>1</round>
<failsafecounter/>
<players><player seat="3" name="M1ky3ste92" chips="453" dealer="0" win="0" bet="65" muck="1" rebuy="0" addon="0" merge="0" rebuychips="0" reg_code="5076502770"/>
<player seat="6" name="L1mltless" chips="1,047" dealer="1" win="130" bet="1,047" muck="1" rebuy="0" addon="0" merge="0" rebuychips="0" reg_code="5076502817"/>
</players>
</general>
<round no="0"><action no="1" player="L1mltless" type="15" discard="1" dealt="1" sum="5"/>
<action no="2" player="M1ky3ste92" type="15" sum="5"/>
<action no="3" player="L1mltless" type="1" discard="1" dealt="1" sum="30"/>
<action no="4" player="M1ky3ste92" type="2" sum="60"/>
</round>
<round no="1"><cards type="Pocket" player="L1mltless">X X</cards>
<cards type="Pocket" player="M1ky3ste92">D4 HJ</cards>
<action no="5" player="L1mltless" type="23" discard="1" dealt="1" sum="1,042"/>
<action no="6" player="M1ky3ste92" type="0" sum="0"/>
</round>
</game>
<game gamecode="6544192450"><general><startdate>2025-11-29 12:31:12</startdate>
<round>1</round>
<failsafecounter/>
<players><player seat="6" name="L1mltless" chips="1,112" dealer="0" win="776" bet="388" muck="0" rebuy="0" addon="0" merge="0" rebuychips="0" reg_code="5076502817"/>
<player seat="3" name="M1ky3ste92" chips="388" dealer="1" win="0" bet="388" muck="0" rebuy="0" addon="0" merge="0" rebuychips="0" reg_code="5076502770"/>
</players>
</general>
<round no="0"><action no="1" player="M1ky3ste92" type="15" sum="5"/>
<action no="2" player="L1mltless" type="15" discard="1" dealt="1" sum="5"/>
<action no="3" player="M1ky3ste92" type="1" sum="30"/>
<action no="4" player="L1mltless" type="2" discard="1" dealt="1" sum="60"/>
</round>
<round no="1"><cards type="Pocket" player="M1ky3ste92">S6 D10</cards>
<cards type="Pocket" player="L1mltless">H3 DK</cards>
<action no="5" player="M1ky3ste92" type="23" sum="383"/>
<action no="6" player="L1mltless" type="3" discard="1" dealt="1" sum="323"/>
</round>
<round no="2"><cards type="Flop">D5 DQ S5</cards>
</round>
<round no="3"><cards type="Turn">C10</cards>
</round>
<round no="4"><cards type="River">CK</cards>
</round>
</game>
</session>
