<?xml version="1.0" encoding="UTF-8"?>
<session sessioncode="5076900518">
<general>
<client_version>25.7.1.34</client_version>
<mode>real</mode>
<gametype>Holdem NL</gametype>
<tablename>Twister €100 SNG, 822776224</tablename>
<tournamentcode>822776223</tournamentcode>
<tournamentname>Twister €100 SNG</tournamentname>
<buyin>€0 + €7 + €93</buyin>
<totalbuyin>€100</totalbuyin>
<rewarddrawn>€300</rewarddrawn>
<tournamentcurrency>EUR</tournamentcurrency>
<currency>EUR</currency>
<nickname>M1ky3ste92</nickname>
<gamecount>14</gamecount>
<startdate>2025-11-30 23:07:07</startdate>
<place>3</place>
<win>€0</win>
<tablesize>3</tablesize>
</general>
<game gamecode="6545632928"><general><startdate>2025-11-30 23:07:23</startdate>
<round>1</round>
<failsafecounter/>
<players><player seat="3" name="ildiplomato3" chips="500" dealer="0" win="120" bet="100" muck="1" rebuy="0" addon="0" merge="0" rebuychips="0" reg_code="5076899380"/>
<player seat="6" name="OndaBianca1" chips="500" dealer="1" win="0" bet="0" muck="1" rebuy="0" addon="0" merge="0" rebuychips="0" reg_code="5076900355"/>
<player seat="10" name="M1ky3ste92" chips="500" dealer="0" win="0" bet="60" muck="1" rebuy="0" addon="0" merge="0" rebuychips="0" reg_code="5076900518"/>
</players>
</general>
<round no="0"><action no="1" player="M1ky3ste92" type="1" sum="10"/>
<action no="2" player="ildiplomato3" type="2" discard="1" dealt="1" sum="20"/>
</round>
<round no="1"><cards type="Pocket" player="M1ky3ste92">H6 H5</cards>
<cards type="Pocket" player="ildiplomato3">X X</cards>
<cards type="Pocket" player="OndaBianca1">X X</cards>
<action no="3" player="OndaBianca1" type="0" discard="1" dealt="1" sum="0"/>
<action no="4" player="M1ky3ste92" type="3" sum="10"/>
<action no="5" player="ildiplomato3" type="23" discard="1" dealt="1" sum="60"/>
<action no="6" player="M1ky3ste92" type="3" sum="40"/>
</round>
<round no="2"><cards type="Flop">SA HA SJ</cards>
<action no="7" player="M1ky3ste92" type="4" sum="0"/>
<action no="8" player="ildiplomato3" type="4" discard="1" dealt="1" sum="0"/>
</round>
<round no="3"><cards type="Turn">C4</cards>
<action no="9" player="M1ky3ste92" type="4" sum="0"/>
<action no="10" player="ildiplomato3" type="5" discard="1" dealt="1" sum="40"/>
<action no="11" player="M1ky3ste92" type="0" sum="0"/>
</round>
</game>
<game gamecode="6545638487"><general><startdate>2025-11-30 23:07:45</startdate>
<round>1</round>
<failsafecounter/>
<players><player seat="6" name="OndaBianca1" chips="500" dealer="0" win="0" bet="20" muck="1" rebuy="0" addon="0" merge="0" rebuychips="0" reg_code="5076900355"/>
<player seat="10" name="M1ky3ste92" chips="440" dealer="1" win="100" bet="73" muck="1" rebuy="0" addon="0" merge="0" rebuychips="0" reg_code="5076900518"/>
<player seat="3" name="ildiplomato3" chips="560" dealer="0" win="0" bet="40" muck="1" rebuy="0" addon="0" merge="0" rebuychips="0" reg_code="5076899380"/>
</players>
</general>
<round no="0"><action no="1" player="ildiplomato3" type="1" discard="1" dealt="1" sum="10"/>
<action no="2" player="OndaBianca1" type="2" discard="1" dealt="1" sum="20"/>
</round>
<round no="1"><cards type="Pocket" player="OndaBianca1">X X</cards>
<cards type="Pocket" player="ildiplomato3">X X</cards>
<cards type="Pocket" player="M1ky3ste92">DJ DA</cards>
<action no="3" player="M1ky3ste92" type="23" sum="40"/>
<action no="4" player="ildiplomato3" type="3" discard="1" dealt="1" sum="30"/>
<action no="5" player="OndaBianca1" type="0" discard="1" dealt="1" sum="0"/>
</round>
<round no="2"><cards type="Flop">C6 H2 SA</cards>
<action no="6" player="ildiplomato3" type="4" discard="1" dealt="1" sum="0"/>
<action no="7" player="M1ky3ste92" type="5" sum="33"/>
<action no="8" player="ildiplomato3" type="0" discard="1" dealt="1" sum="0"/>
</round>
</game>
<game gamecode="6545638543"><general><startdate>2025-11-30 23:08:05</startdate>
<round>1</round>
<failsafecounter/>
<players><player seat="10" name="M1ky3ste92" chips="500" dealer="0" win="288" bet="139" muck="0" rebuy="0" addon="0" merge="0" rebuychips="0" reg_code="5076900518"/>
<player seat="3" name="ildiplomato3" chips="520" dealer="1" win="0" bet="139" muck="1" rebuy="0" addon="0" merge="0" rebuychips="0" reg_code="5076899380"/>
<player seat="6" name="OndaBianca1" chips="480" dealer="0" win="0" bet="10" muck="1" rebuy="0" addon="0" merge="0" rebuychips="0" reg_code="5076900355"/>
</players>
</general>
<round no="0"><action no="1" player="OndaBianca1" type="1" discard="1" dealt="1" sum="10"/>
<action no="2" player="M1ky3ste92" type="2" sum="20"/>
</round>
<round no="1"><cards type="Pocket" player="ildiplomato3">S2 S6</cards>
<cards type="Pocket" player="M1ky3ste92">D2 SK</cards>
<cards type="Pocket" player="OndaBianca1">X X</cards>
<action no="3" player="ildiplomato3" type="3" discard="1" dealt="1" sum="20"/>
<action no="4" player="OndaBianca1" type="0" discard="1" dealt="1" sum="0"/>
<action no="5" player="M1ky3ste92" type="4" sum="0"/>
</round>
<round no="2"><cards type="Flop">DK C4 S4</cards>
<action no="6" player="M1ky3ste92" type="4" sum="0"/>
<action no="7" player="ildiplomato3" type="5" discard="1" dealt="1" sum="35"/>
<action no="8" player="M1ky3ste92" type="3" sum="35"/>
</round>
<round no="3"><cards type="Turn">D8</cards>
<action no="9" player="M1ky3ste92" type="4" sum="0"/>
<action no="10" player="ildiplomato3" type="5" discard="1" dealt="1" sum="84"/>
<action no="11" player="M1ky3ste92" type="3" sum="84"/>
</round>
<round no="4"><cards type="River">HQ</cards>
<action no="12" player="M1ky3ste92" type="4" sum="0"/>
<action no="13" player="ildiplomato3" type="4" discard="1" dealt="1" sum="0"/>
</round>
</game>
<game gamecode="6545638654"><general><startdate>2025-11-30 23:08:42</startdate>
<round>1</round>
<failsafecounter/>
<players><player seat="3" name="ildiplomato3" chips="381" dealer="0" win="0" bet="120" muck="1" rebuy="0" addon="0" merge="0" rebuychips="0" reg_code="5076899380"/>
<player seat="6" name="OndaBianca1" chips="470" dealer="1" win="0" bet="0" muck="1" rebuy="0" addon="0" merge="0" rebuychips="0" reg_code="5076900355"/>
<player seat="10" name="M1ky3ste92" chips="649" dealer="0" win="240" bet="120" muck="0" rebuy="0" addon="0" merge="0" rebuychips="0" reg_code="5076900518"/>
</players>
</general>
<round no="0"><action no="1" player="M1ky3ste92" type="1" sum="10"/>
<action no="2" player="ildiplomato3" type="2" discard="1" dealt="1" sum="20"/>
</round>
<round no="1"><cards type="Pocket" player="ildiplomato3">C6 S7</cards>
<cards type="Pocket" player="OndaBianca1">X X</cards>
<cards type="Pocket" player="M1ky3ste92">DA HA</cards>
<action no="3" player="OndaBianca1" type="0" discard="1" dealt="1" sum="0"/>
<action no="4" player="M1ky3ste92" type="23" sum="40"/>
<action no="5" player="ildiplomato3" type="3" discard="1" dealt="1" sum="20"/>
</round>
<round no="2"><cards type="Flop">D5 C5 DK</cards>
<action no="6" player="M1ky3ste92" type="5" sum="20"/>
<action no="7" player="ildiplomato3" type="3" discard="1" dealt="1" sum="20"/>
</round>
<round no="3"><cards type="Turn">C4</cards>
<action no="8" player="M1ky3ste92" type="5" sum="60"/>
<action no="9" player="ildiplomato3" type="3" discard="1" dealt="1" sum="60"/>
</round>
<round no="4"><cards type="River">HK</cards>
<action no="10" player="M1ky3ste92" type="4" sum="0"/>
<action no="11" player="ildiplomato3" type="4" discard="1" dealt="1" sum="0"/>
</round>
</game>
<game gamecode="6545638730"><general><startdate>2025-11-30 23:09:08</startdate>
<round>1</round>
<failsafecounter/>
<players><player seat="6" name="OndaBianca1" chips="470" dealer="0" win="75" bet="65" muck="1" rebuy="0" addon="0" merge="0" rebuychips="0" reg_code="5076900355"/>
<player seat="10" name="M1ky3ste92" chips="769" dealer="1" win="0" bet="5" muck="1" rebuy="0" addon="0" merge="0" rebuychips="0" reg_code="5076900518"/>
<player seat="3" name="ildiplomato3" chips="261" dealer="0" win="0" bet="35" muck="1" rebuy="0" addon="0" merge="0" rebuychips="0" reg_code="5076899380"/>
</players>
</general>
<round no="0"><action no="1" player="ildiplomato3" type="15" discard="1" dealt="1" sum="5"/>
<action no="2" player="OndaBianca1" type="15" discard="1" dealt="1" sum="5"/>
<action no="3" player="M1ky3ste92" type="15" sum="5"/>
<action no="4" player="ildiplomato3" type="1" discard="1" dealt="1" sum="15"/>
<action no="5" player="OndaBianca1" type="2" discard="1" dealt="1" sum="30"/>
</round>
<round no="1"><cards type="Pocket" player="ildiplomato3">X X</cards>
<cards type="Pocket" player="M1ky3ste92">C4 H5</cards>
<cards type="Pocket" player="OndaBianca1">X X</cards>
<action no="6" player="M1ky3ste92" type="0" sum="0"/>
<action no="7" player="ildiplomato3" type="3" discard="1" dealt="1" sum="15"/>
<action no="8" player="OndaBianca1" type="4" discard="1" dealt="1" sum="0"/>
</round>
<round no="2"><cards type="Flop">C2 D3 CJ</cards>
<action no="9" player="ildiplomato3" type="4" discard="1" dealt="1" sum="0"/>
<action no="10" player="OndaBianca1" type="5" discard="1" dealt="1" sum="30"/>
<action no="11" player="ildiplomato3" type="0" discard="1" dealt="1" sum="0"/>
</round>
</game>
<game gamecode="6545638778"><general><startdate>2025-11-30 23:09:28</startdate>
<round>1</round>
<failsafecounter/>
<players><player seat="10" name="M1ky3ste92" chips="764" dealer="0" win="0" bet="35" muck="1" rebuy="0" addon="0" merge="0" rebuychips="0" reg_code="5076900518"/>
<player seat="3" name="ildiplomato3" chips="226" dealer="1" win="90" bet="226" muck="1" rebuy="0" addon="0" merge="0" rebuychips="0" reg_code="5076899380"/>
<player seat="6" name="OndaBianca1" chips="510" dealer="0" win="0" bet="20" muck="1" rebuy="0" addon="0" merge="0" rebuychips="0" reg_code="5076900355"/>
</players>
</general>
<round no="0"><action no="1" player="OndaBianca1" type="15" discard="1" dealt="1" sum="5"/>
<action no="2" player="M1ky3ste92" type="15" sum="5"/>
<action no="3" player="ildiplomato3" type="15" discard="1" dealt="1" sum="5"/>
<action no="4" player="OndaBianca1" type="1" discard="1" dealt="1" sum="15"/>
<action no="5" player="M1ky3ste92" type="2" sum="30"/>
</round>
<round no="1"><cards type="Pocket" player="OndaBianca1">X X</cards>
<cards type="Pocket" player="M1ky3ste92">C2 HQ</cards>
<cards type="Pocket" player="ildiplomato3">X X</cards>
<action no="6" player="ildiplomato3" type="23" discard="1" dealt="1" sum="221"/>
<action no="7" player="OndaBianca1" type="0" discard="1" dealt="1" sum="0"/>
<action no="8" player="M1ky3ste92" type="0" sum="0"/>
</round>
</game>
<game gamecode="6545638814"><general><startdate>2025-11-30 23:09:39</startdate>
<round>1</round>
<failsafecounter/>
<players><player seat="3" name="ildiplomato3" chips="281" dealer="0" win="567" bet="281" muck="0" rebuy="0" addon="0" merge="0" rebuychips="0" reg_code="5076899380"/>
<player seat="6" name="OndaBianca1" chips="490" dealer="1" win="0" bet="5" muck="1" rebuy="0" addon="0" merge="0" rebuychips="0" reg_code="5076900355"/>
<player seat="10" name="M1ky3ste92" chips="729" dealer="0" win="0" bet="729" muck="1" rebuy="0" addon="0" merge="0" rebuychips="0" reg_code="5076900518"/>
</players>
</general>
<round no="0"><action no="1" player="M1ky3ste92" type="15" sum="5"/>
<action no="2" player="ildiplomato3" type="15" discard="1" dealt="1" sum="5"/>
<action no="3" player="OndaBianca1" type="15" discard="1" dealt="1" sum="5"/>
<action no="4" player="M1ky3ste92" type="1" sum="15"/>
<action no="5" player="ildiplomato3" type="2" discard="1" dealt="1" sum="30"/>
</round>
<round no="1"><cards type="Pocket" player="M1ky3ste92">H5 SK</cards>
<cards type="Pocket" player="OndaBianca1">X X</cards>
<cards type="Pocket" player="ildiplomato3">D9 H9</cards>
<action no="6" player="OndaBianca1" type="0" discard="1" dealt="1" sum="0"/>
<action no="7" player="M1ky3ste92" type="23" sum="724"/>
<action no="8" player="ildiplomato3" type="7" discard="1" dealt="1" sum="246"/>
</round>
<round no="2"><cards type="Flop">C10 H10 D3</cards>
</round>
<round no="3"><cards type="Turn">C9</cards>
</round>
<round no="4"><cards type="River">H6</cards>
</round>
</game>
<game gamecode="6545638872"><general><startdate>2025-11-30 23:09:58</startdate>
<round>1</round>
<failsafecounter/>
<players><player seat="6" name="OndaBianca1" chips="485" dealer="0" win="0" bet="35" muck="1" rebuy="0" addon="0" merge="0" rebuychips="0" reg_code="5076900355"/>
<player seat="10" name="M1ky3ste92" chips="448" dealer="1" win="90" bet="448" muck="1" rebuy="0" addon="0" merge="0" rebuychips="0" reg_code="5076900518"/>
<player seat="3" name="ildiplomato3" chips="567" dealer="0" win="0" bet="20" muck="1" rebuy="0" addon="0" merge="0" rebuychips="0" reg_code="5076899380"/>
</players>
</general>
<round no="0"><action no="1" player="ildiplomato3" type="15" discard="1" dealt="1" sum="5"/>
<action no="2" player="OndaBianca1" type="15" discard="1" dealt="1" sum="5"/>
<action no="3" player="M1ky3ste92" type="15" sum="5"/>
<action no="4" player="ildiplomato3" type="1" discard="1" dealt="1" sum="15"/>
<action no="5" player="OndaBianca1" type="2" discard="1" dealt="1" sum="30"/>
</round>
<round no="1"><cards type="Pocket" player="M1ky3ste92">D7 D8</cards>
<cards type="Pocket" player="OndaBianca1">X X</cards>
<cards type="Pocket" player="ildiplomato3">X X</cards>
<action no="6" player="M1ky3ste92" type="23" sum="443"/>
<action no="7" player="ildiplomato3" type="0" discard="1" dealt="1" sum="0"/>
<action no="8" player="OndaBianca1" type="0" discard="1" dealt="1" sum="0"/>
</round>
</game>
<game gamecode="6545638915"><general><startdate>2025-11-30 23:10:16</startdate>
<round>1</round>
<failsafecounter/>
<players><player seat="10" name="M1ky3ste92" chips="503" dealer="0" win="75" bet="80" muck="1" rebuy="0" addon="0" merge="0" rebuychips="0" reg_code="5076900518"/>
<player seat="3" name="ildiplomato3" chips="547" dealer="1" win="0" bet="5" muck="1" rebuy="0" addon="0" merge="0" rebuychips="0" reg_code="5076899380"/>
<player seat="6" name="OndaBianca1" chips="450" dealer="0" win="0" bet="35" muck="1" rebuy="0" addon="0" merge="0" rebuychips="0" reg_code="5076900355"/>
</players>
</general>
<round no="0"><action no="1" player="OndaBianca1" type="15" discard="1" dealt="1" sum="5"/>
<action no="2" player="M1ky3ste92" type="15" sum="5"/>
<action no="3" player="ildiplomato3" type="15" discard="1" dealt="1" sum="5"/>
<action no="4" player="OndaBianca1" type="1" discard="1" dealt="1" sum="15"/>
<action no="5" player="M1ky3ste92" type="2" sum="30"/>
</round>
<round no="1"><cards type="Pocket" player="ildiplomato3">X X</cards>
<cards type="Pocket" player="M1ky3ste92">HA HQ</cards>
<cards type="Pocket" player="OndaBianca1">X X</cards>
<action no="6" player="ildiplomato3" type="0" discard="1" dealt="1" sum="0"/>
<action no="7" player="OndaBianca1" type="3" discard="1" dealt="1" sum="15"/>
<action no="8" player="M1ky3ste92" type="23" sum="75"/>
<action no="9" player="OndaBianca1" type="0" discard="1" dealt="1" sum="0"/>
</round>
</game>
<game gamecode="6545638964"><general><startdate>2025-11-30 23:10:32</startdate>
<round>1</round>
<failsafecounter/>
<players><player seat="3" name="ildiplomato3" chips="542" dealer="0" win="0" bet="35" muck="1" rebuy="0" addon="0" merge="0" rebuychips="0" reg_code="5076899380"/>
<player seat="6" name="OndaBianca1" chips="415" dealer="1" win="90" bet="415" muck="1" rebuy="0" addon="0" merge="0" rebuychips="0" reg_code="5076900355"/>
<player seat="10" name="M1ky3ste92" chips="543" dealer="0" win="0" bet="20" muck="1" rebuy="0" addon="0" merge="0" rebuychips="0" reg_code="5076900518"/>
</players>
</general>
<round no="0"><action no="1" player="M1ky3ste92" type="15" sum="5"/>
<action no="2" player="ildiplomato3" type="15" discard="1" dealt="1" sum="5"/>
<action no="3" player="OndaBianca1" type="15" discard="1" dealt="1" sum="5"/>
<action no="4" player="M1ky3ste92" type="1" sum="15"/>
<action no="5" player="ildiplomato3" type="2" discard="1" dealt="1" sum="30"/>
</round>
<round no="1"><cards type="Pocket" player="OndaBianca1">X X</cards>
<cards type="Pocket" player="ildiplomato3">X X</cards>
<cards type="Pocket" player="M1ky3ste92">C6 H4</cards>
<action no="6" player="OndaBianca1" type="23" discard="1" dealt="1" sum="410"/>
<action no="7" player="M1ky3ste92" type="0" sum="0"/>
<action no="8" player="ildiplomato3" type="0" discard="1" dealt="1" sum="0"/>
</round>
</game>
<game gamecode="6545638989"><general><startdate>2025-11-30 23:10:44</startdate>
<round>1</round>
<failsafecounter/>
<players><player seat="6" name="OndaBianca1" chips="470" dealer="0" win="0" bet="45" muck="1" rebuy="0" addon="0" merge="0" rebuychips="0" reg_code="5076900355"/>
<player seat="10" name="M1ky3ste92" chips="523" dealer="1" win="0" bet="5" muck="1" rebuy="0" addon="0" merge="0" rebuychips="0" reg_code="5076900518"/>
<player seat="3" name="ildiplomato3" chips="507" dealer="0" win="95" bet="125" muck="1" rebuy="0" addon="0" merge="0" rebuychips="0" reg_code="5076899380"/>
</players>
</general>
<round no="0"><action no="1" player="ildiplomato3" type="15" discard="1" dealt="1" sum="5"/>
<action no="2" player="OndaBianca1" type="15" discard="1" dealt="1" sum="5"/>
<action no="3" player="M1ky3ste92" type="15" sum="5"/>
<action no="4" player="ildiplomato3" type="1" discard="1" dealt="1" sum="20"/>
<action no="5" player="OndaBianca1" type="2" discard="1" dealt="1" sum="40"/>
</round>
<round no="1"><cards type="Pocket" player="OndaBianca1">X X</cards>
<cards type="Pocket" player="ildiplomato3">X X</cards>
<cards type="Pocket" player="M1ky3ste92">S2 D4</cards>
<action no="6" player="M1ky3ste92" type="0" sum="0"/>
<action no="7" player="ildiplomato3" type="23" discard="1" dealt="1" sum="120"/>
<action no="8" player="OndaBianca1" type="0" discard="1" dealt="1" sum="0"/>
</round>
</game>
<game gamecode="6545639030"><general><startdate>2025-11-30 23:10:58</startdate>
<round>1</round>
<failsafecounter/>
<players><player seat="10" name="M1ky3ste92" chips="518" dealer="0" win="55" bet="45" muck="1" rebuy="0" addon="0" merge="0" rebuychips="0" reg_code="5076900518"/>
<player seat="3" name="ildiplomato3" chips="557" dealer="1" win="0" bet="5" muck="1" rebuy="0" addon="0" merge="0" rebuychips="0" reg_code="5076899380"/>
<player seat="6" name="OndaBianca1" chips="425" dealer="0" win="0" bet="25" muck="1" rebuy="0" addon="0" merge="0" rebuychips="0" reg_code="5076900355"/>
</players>
</general>
<round no="0"><action no="1" player="OndaBianca1" type="15" discard="1" dealt="1" sum="5"/>
<action no="2" player="M1ky3ste92" type="15" sum="5"/>
<action no="3" player="ildiplomato3" type="15" discard="1" dealt="1" sum="5"/>
<action no="4" player="OndaBianca1" type="1" discard="1" dealt="1" sum="20"/>
<action no="5" player="M1ky3ste92" type="2" sum="40"/>
</round>
<round no="1"><cards type="Pocket" player="OndaBianca1">X X</cards>
<cards type="Pocket" player="ildiplomato3">X X</cards>
<cards type="Pocket" player="M1ky3ste92">SK H8</cards>
<action no="6" player="ildiplomato3" type="0" discard="1" dealt="1" sum="0"/>
<action no="7" player="OndaBianca1" type="0" discard="1" dealt="1" sum="0"/>
</round>
</game>
<game gamecode="6545639049"><general><startdate>2025-11-30 23:11:05</startdate>
<round>1</round>
<failsafecounter/>
<players><player seat="3" name="ildiplomato3" chips="552" dealer="0" win="0" bet="45" muck="1" rebuy="0" addon="0" merge="0" rebuychips="0" reg_code="5076899380"/>
<player seat="6" name="OndaBianca1" chips="400" dealer="1" win="845" bet="400" muck="0" rebuy="0" addon="0" merge="0" rebuychips="0" reg_code="5076900355"/>
<player seat="10" name="M1ky3ste92" chips="548" dealer="0" win="0" bet="548" muck="1" rebuy="0" addon="0" merge="0" rebuychips="0" reg_code="5076900518"/>
</players>
</general>
<round no="0"><action no="1" player="M1ky3ste92" type="15" sum="5"/>
<action no="2" player="ildiplomato3" type="15" discard="1" dealt="1" sum="5"/>
<action no="3" player="OndaBianca1" type="15" discard="1" dealt="1" sum="5"/>
<action no="4" player="M1ky3ste92" type="1" sum="20"/>
<action no="5" player="ildiplomato3" type="2" discard="1" dealt="1" sum="40"/>
</round>
<round no="1"><cards type="Pocket" player="M1ky3ste92">C9 S9</cards>
<cards type="Pocket" player="OndaBianca1">S10 H10</cards>
<cards type="Pocket" player="ildiplomato3">X X</cards>
<action no="6" player="OndaBianca1" type="23" discard="1" dealt="1" sum="395"/>
<action no="7" player="M1ky3ste92" type="7" sum="523"/>
<action no="8" player="ildiplomato3" type="0" discard="1" dealt="1" sum="0"/>
</round>
<round no="2"><cards type="Flop">D6 H8 DK</cards>
</round>
<round no="3"><cards type="Turn">SJ</cards>
</round>
<round no="4"><cards type="River">HJ</cards>
</round>
</game>
<game gamecode="6545639092"><general><startdate>2025-11-30 23:11:22</startdate>
<round>1</round>
<failsafecounter/>
<players><player seat="6" name="OndaBianca1" chips="845" dealer="0" win="321" bet="148" muck="0" rebuy="0" addon="0" merge="0" rebuychips="0" reg_code="5076900355"/>
<player seat="10" name="M1ky3ste92" chips="148" dealer="1" win="0" bet="148" muck="0" rebuy="0" addon="0" merge="0" rebuychips="0" reg_code="5076900518"/>
<player seat="3" name="ildiplomato3" chips="507" dealer="0" win="0" bet="25" muck="1" rebuy="0" addon="0" merge="0" rebuychips="0" reg_code="5076899380"/>
</players>
</general>
<round no="0"><action no="1" player="ildiplomato3" type="15" discard="1" dealt="1" sum="5"/>
<action no="2" player="OndaBianca1" type="15" discard="1" dealt="1" sum="5"/>
<action no="3" player="M1ky3ste92" type="15" sum="5"/>
<action no="4" player="ildiplomato3" type="1" discard="1" dealt="1" sum="20"/>
<action no="5" player="OndaBianca1" type="2" discard="1" dealt="1" sum="40"/>
</round>
<round no="1"><cards type="Pocket" player="M1ky3ste92">SA C3</cards>
<cards type="Pocket" player="OndaBianca1">S10 SJ</cards>
<cards type="Pocket" player="ildiplomato3">X X</cards>
<action no="6" player="M1ky3ste92" type="23" sum="143"/>
<action no="7" player="ildiplomato3" type="0" discard="1" dealt="1" sum="0"/>
<action no="8" player="OndaBianca1" type="3" discard="1" dealt="1" sum="103"/>
</round>
<round no="2"><cards type="Flop">C8 H7 DK</cards>
</round>
<round no="3"><cards type="Turn">D6</cards>
</round>
<round no="4"><cards type="River">S9</cards>
</round>
</game>
</session>
