<?xml version="1.0" encoding="UTF-8"?>
<session sessioncode="5076903565">
<general>
<client_version>25.7.1.34</client_version>
<mode>real</mode>
<gametype>Holdem NL</gametype>
<tablename>Twister €100 SNG, 822778788</tablename>
<tournamentcode>822778787</tournamentcode>
<tournamentname>Twister €100 SNG</tournamentname>
<buyin>€0 + €7 + €93</buyin>
<totalbuyin>€100</totalbuyin>
<rewarddrawn>€300</rewarddrawn>
<tournamentcurrency>EUR</tournamentcurrency>
<currency>EUR</currency>
<nickname>M1ky3ste92</nickname>
<gamecount>31</gamecount>
<startdate>2025-11-30 23:20:30</startdate>
<place>2</place>
<win>€0</win>
<tablesize>3</tablesize>
</general>
<game gamecode="6545650583"><general><startdate>2025-11-30 23:20:46</startdate>
<round>1</round>
<failsafecounter/>
<players><player seat="10" name="ElFiocco" chips="500" dealer="0" win="20" bet="20" muck="1" rebuy="0" addon="0" merge="0" rebuychips="0" reg_code="5076904084"/>
<player seat="3" name="M1ky3ste92" chips="500" dealer="1" win="0" bet="0" muck="1" rebuy="0" addon="0" merge="0" rebuychips="0" reg_code="5076903565"/>
<player seat="6" name="alessandro112345" chips="500" dealer="0" win="0" bet="10" muck="1" rebuy="0" addon="0" merge="0" rebuychips="0" reg_code="5076903913"/>
</players>
</general>
<round no="0"><action no="1" player="alessandro112345" type="1" discard="1" dealt="1" sum="10"/>
<action no="2" player="ElFiocco" type="2" discard="1" dealt="1" sum="20"/>
</round>
<round no="1"><cards type="Pocket" player="M1ky3ste92">S10 S2</cards>
<cards type="Pocket" player="ElFiocco">X X</cards>
<cards type="Pocket" player="alessandro112345">X X</cards>
<action no="3" player="M1ky3ste92" type="0" sum="0"/>
<action no="4" player="alessandro112345" type="0" discard="1" dealt="1" sum="0"/>
</round>
</game>
<game gamecode="6545650613"><general><startdate>2025-11-30 23:20:54</startdate>
<round>1</round>
<failsafecounter/>
<players><player seat="3" name="M1ky3ste92" chips="500" dealer="0" win="0" bet="20" muck="1" rebuy="0" addon="0" merge="0" rebuychips="0" reg_code="5076903565"/>
<player seat="6" name="alessandro112345" chips="490" dealer="1" win="50" bet="50" muck="1" rebuy="0" addon="0" merge="0" rebuychips="0" reg_code="5076903913"/>
<player seat="10" name="ElFiocco" chips="510" dealer="0" win="0" bet="10" muck="1" rebuy="0" addon="0" merge="0" rebuychips="0" reg_code="5076904084"/>
</players>
</general>
<round no="0"><action no="1" player="ElFiocco" type="1" discard="1" dealt="1" sum="10"/>
<action no="2" player="M1ky3ste92" type="2" sum="20"/>
</round>
<round no="1"><cards type="Pocket" player="M1ky3ste92">D9 D3</cards>
<cards type="Pocket" player="alessandro112345">X X</cards>
<cards type="Pocket" player="ElFiocco">X X</cards>
<action no="3" player="alessandro112345" type="23" discard="1" dealt="1" sum="50"/>
<action no="4" player="ElFiocco" type="0" discard="1" dealt="1" sum="0"/>
<action no="5" player="M1ky3ste92" type="0" sum="0"/>
</round>
</game>
<game gamecode="6545650646"><general><startdate>2025-11-30 23:21:08</startdate>
<round>1</round>
<failsafecounter/>
<players><player seat="6" name="alessandro112345" chips="520" dealer="0" win="20" bet="20" muck="1" rebuy="0" addon="0" merge="0" rebuychips="0" reg_code="5076903913"/>
<player seat="10" name="ElFiocco" chips="500" dealer="1" win="0" bet="0" muck="1" rebuy="0" addon="0" merge="0" rebuychips="0" reg_code="5076904084"/>
<player seat="3" name="M1ky3ste92" chips="480" dealer="0" win="0" bet="10" muck="1" rebuy="0" addon="0" merge="0" rebuychips="0" reg_code="5076903565"/>
</players>
</general>
<round no="0"><action no="1" player="M1ky3ste92" type="1" sum="10"/>
<action no="2" player="alessandro112345" type="2" discard="1" dealt="1" sum="20"/>
</round>
<round no="1"><cards type="Pocket" player="ElFiocco">X X</cards>
<cards type="Pocket" player="M1ky3ste92">D10 H5</cards>
<cards type="Pocket" player="alessandro112345">X X</cards>
<action no="3" player="ElFiocco" type="0" discard="1" dealt="1" sum="0"/>
<action no="4" player="M1ky3ste92" type="0" sum="0"/>
</round>
</game>
<game gamecode="6545650690"><general><startdate>2025-11-30 23:21:25</startdate>
<round>1</round>
<failsafecounter/>
<players><player seat="10" name="ElFiocco" chips="500" dealer="0" win="40" bet="40" muck="1" rebuy="0" addon="0" merge="0" rebuychips="0" reg_code="5076904084"/>
<player seat="3" name="M1ky3ste92" chips="470" dealer="1" win="0" bet="0" muck="1" rebuy="0" addon="0" merge="0" rebuychips="0" reg_code="5076903565"/>
<player seat="6" name="alessandro112345" chips="530" dealer="0" win="0" bet="20" muck="1" rebuy="0" addon="0" merge="0" rebuychips="0" reg_code="5076903913"/>
</players>
</general>
<round no="0"><action no="1" player="alessandro112345" type="1" discard="1" dealt="1" sum="10"/>
<action no="2" player="ElFiocco" type="2" discard="1" dealt="1" sum="20"/>
</round>
<round no="1"><cards type="Pocket" player="ElFiocco">X X</cards>
<cards type="Pocket" player="alessandro112345">X X</cards>
<cards type="Pocket" player="M1ky3ste92">C3 HA</cards>
<action no="3" player="M1ky3ste92" type="0" sum="0"/>
<action no="4" player="alessandro112345" type="3" discard="1" dealt="1" sum="10"/>
<action no="5" player="ElFiocco" type="4" discard="1" dealt="1" sum="0"/>
</round>
<round no="2"><cards type="Flop">HQ S8 SQ</cards>
<action no="6" player="alessandro112345" type="4" discard="1" dealt="1" sum="0"/>
<action no="7" player="ElFiocco" type="4" discard="1" dealt="1" sum="0"/>
</round>
<round no="3"><cards type="Turn">CQ</cards>
<action no="8" player="alessandro112345" type="4" discard="1" dealt="1" sum="0"/>
<action no="9" player="ElFiocco" type="4" discard="1" dealt="1" sum="0"/>
</round>
<round no="4"><cards type="River">D3</cards>
<action no="10" player="alessandro112345" type="4" discard="1" dealt="1" sum="0"/>
<action no="11" player="ElFiocco" type="5" discard="1" dealt="1" sum="20"/>
<action no="12" player="alessandro112345" type="0" discard="1" dealt="1" sum="0"/>
</round>
</game>
<game gamecode="6545650746"><general><startdate>2025-11-30 23:21:44</startdate>
<round>1</round>
<failsafecounter/>
<players><player seat="3" name="M1ky3ste92" chips="470" dealer="0" win="60" bet="470" muck="1" rebuy="0" addon="0" merge="0" rebuychips="0" reg_code="5076903565"/>
<player seat="6" name="alessandro112345" chips="510" dealer="1" win="0" bet="20" muck="1" rebuy="0" addon="0" merge="0" rebuychips="0" reg_code="5076903913"/>
<player seat="10" name="ElFiocco" chips="520" dealer="0" win="0" bet="20" muck="1" rebuy="0" addon="0" merge="0" rebuychips="0" reg_code="5076904084"/>
</players>
</general>
<round no="0"><action no="1" player="ElFiocco" type="1" discard="1" dealt="1" sum="10"/>
<action no="2" player="M1ky3ste92" type="2" sum="20"/>
</round>
<round no="1"><cards type="Pocket" player="ElFiocco">X X</cards>
<cards type="Pocket" player="M1ky3ste92">HA C6</cards>
<cards type="Pocket" player="alessandro112345">X X</cards>
<action no="3" player="alessandro112345" type="3" discard="1" dealt="1" sum="20"/>
<action no="4" player="ElFiocco" type="3" discard="1" dealt="1" sum="10"/>
<action no="5" player="M1ky3ste92" type="23" sum="470"/>
<action no="6" player="alessandro112345" type="0" discard="1" dealt="1" sum="0"/>
<action no="7" player="ElFiocco" type="0" discard="1" dealt="1" sum="0"/>
</round>
</game>
<game gamecode="6545650804"><general><startdate>2025-11-30 23:22:08</startdate>
<round>1</round>
<failsafecounter/>
<players><player seat="6" name="alessandro112345" chips="490" dealer="0" win="160" bet="240" muck="1" rebuy="0" addon="0" merge="0" rebuychips="0" reg_code="5076903913"/>
<player seat="10" name="ElFiocco" chips="500" dealer="1" win="0" bet="0" muck="1" rebuy="0" addon="0" merge="0" rebuychips="0" reg_code="5076904084"/>
<player seat="3" name="M1ky3ste92" chips="510" dealer="0" win="0" bet="80" muck="1" rebuy="0" addon="0" merge="0" rebuychips="0" reg_code="5076903565"/>
</players>
</general>
<round no="0"><action no="1" player="M1ky3ste92" type="1" sum="10"/>
<action no="2" player="alessandro112345" type="2" discard="1" dealt="1" sum="20"/>
</round>
<round no="1"><cards type="Pocket" player="ElFiocco">X X</cards>
<cards type="Pocket" player="alessandro112345">X X</cards>
<cards type="Pocket" player="M1ky3ste92">DQ SJ</cards>
<action no="3" player="ElFiocco" type="0" discard="1" dealt="1" sum="0"/>
<action no="4" player="M1ky3ste92" type="23" sum="40"/>
<action no="5" player="alessandro112345" type="3" discard="1" dealt="1" sum="20"/>
</round>
<round no="2"><cards type="Flop">SK C3 HJ</cards>
<action no="6" player="M1ky3ste92" type="4" sum="0"/>
<action no="7" player="alessandro112345" type="5" discard="1" dealt="1" sum="40"/>
<action no="8" player="M1ky3ste92" type="3" sum="40"/>
</round>
<round no="3"><cards type="Turn">H2</cards>
<action no="9" player="M1ky3ste92" type="4" sum="0"/>
<action no="10" player="alessandro112345" type="5" discard="1" dealt="1" sum="160"/>
<action no="11" player="M1ky3ste92" type="0" sum="0"/>
</round>
</game>
<game gamecode="6545650874"><general><startdate>2025-11-30 23:22:39</startdate>
<round>1</round>
<failsafecounter/>
<players><player seat="10" name="ElFiocco" chips="500" dealer="0" win="45" bet="35" muck="1" rebuy="0" addon="0" merge="0" rebuychips="0" reg_code="5076904084"/>
<player seat="3" name="M1ky3ste92" chips="430" dealer="1" win="0" bet="5" muck="1" rebuy="0" addon="0" merge="0" rebuychips="0" reg_code="5076903565"/>
<player seat="6" name="alessandro112345" chips="570" dealer="0" win="0" bet="20" muck="1" rebuy="0" addon="0" merge="0" rebuychips="0" reg_code="5076903913"/>
</players>
</general>
<round no="0"><action no="1" player="alessandro112345" type="15" discard="1" dealt="1" sum="5"/>
<action no="2" player="ElFiocco" type="15" discard="1" dealt="1" sum="5"/>
<action no="3" player="M1ky3ste92" type="15" sum="5"/>
<action no="4" player="alessandro112345" type="1" discard="1" dealt="1" sum="15"/>
<action no="5" player="ElFiocco" type="2" discard="1" dealt="1" sum="30"/>
</round>
<round no="1"><cards type="Pocket" player="ElFiocco">X X</cards>
<cards type="Pocket" player="M1ky3ste92">S4 H5</cards>
<cards type="Pocket" player="alessandro112345">X X</cards>
<action no="6" player="M1ky3ste92" type="0" sum="0"/>
<action no="7" player="alessandro112345" type="0" discard="1" dealt="1" sum="0"/>
</round>
</game>
<game gamecode="6545650895"><general><startdate>2025-11-30 23:22:47</startdate>
<round>1</round>
<failsafecounter/>
<players><player seat="3" name="M1ky3ste92" chips="425" dealer="0" win="0" bet="35" muck="1" rebuy="0" addon="0" merge="0" rebuychips="0" reg_code="5076903565"/>
<player seat="6" name="alessandro112345" chips="550" dealer="1" win="0" bet="5" muck="1" rebuy="0" addon="0" merge="0" rebuychips="0" reg_code="5076903913"/>
<player seat="10" name="ElFiocco" chips="525" dealer="0" win="75" bet="65" muck="1" rebuy="0" addon="0" merge="0" rebuychips="0" reg_code="5076904084"/>
</players>
</general>
<round no="0"><action no="1" player="ElFiocco" type="15" discard="1" dealt="1" sum="5"/>
<action no="2" player="M1ky3ste92" type="15" sum="5"/>
<action no="3" player="alessandro112345" type="15" discard="1" dealt="1" sum="5"/>
<action no="4" player="ElFiocco" type="1" discard="1" dealt="1" sum="15"/>
<action no="5" player="M1ky3ste92" type="2" sum="30"/>
</round>
<round no="1"><cards type="Pocket" player="M1ky3ste92">C2 SK</cards>
<cards type="Pocket" player="alessandro112345">X X</cards>
<cards type="Pocket" player="ElFiocco">X X</cards>
<action no="6" player="alessandro112345" type="0" discard="1" dealt="1" sum="0"/>
<action no="7" player="ElFiocco" type="23" discard="1" dealt="1" sum="60"/>
<action no="8" player="M1ky3ste92" type="0" sum="0"/>
</round>
</game>
<game gamecode="6545650922"><general><startdate>2025-11-30 23:22:56</startdate>
<round>1</round>
<failsafecounter/>
<players><player seat="6" name="alessandro112345" chips="545" dealer="0" win="0" bet="35" muck="1" rebuy="0" addon="0" merge="0" rebuychips="0" reg_code="5076903913"/>
<player seat="10" name="ElFiocco" chips="565" dealer="1" win="90" bet="65" muck="1" rebuy="0" addon="0" merge="0" rebuychips="0" reg_code="5076904084"/>
<player seat="3" name="M1ky3ste92" chips="390" dealer="0" win="0" bet="20" muck="1" rebuy="0" addon="0" merge="0" rebuychips="0" reg_code="5076903565"/>
</players>
</general>
<round no="0"><action no="1" player="M1ky3ste92" type="15" sum="5"/>
<action no="2" player="alessandro112345" type="15" discard="1" dealt="1" sum="5"/>
<action no="3" player="ElFiocco" type="15" discard="1" dealt="1" sum="5"/>
<action no="4" player="M1ky3ste92" type="1" sum="15"/>
<action no="5" player="alessandro112345" type="2" discard="1" dealt="1" sum="30"/>
</round>
<round no="1"><cards type="Pocket" player="ElFiocco">X X</cards>
<cards type="Pocket" player="alessandro112345">X X</cards>
<cards type="Pocket" player="M1ky3ste92">D6 C3</cards>
<action no="6" player="ElFiocco" type="23" discard="1" dealt="1" sum="60"/>
<action no="7" player="M1ky3ste92" type="0" sum="0"/>
<action no="8" player="alessandro112345" type="0" discard="1" dealt="1" sum="0"/>
</round>
</game>
<game gamecode="6545650948"><general><startdate>2025-11-30 23:23:05</startdate>
<round>1</round>
<failsafecounter/>
<players><player seat="10" name="ElFiocco" chips="620" dealer="0" win="0" bet="162" muck="1" rebuy="0" addon="0" merge="0" rebuychips="0" reg_code="5076904084"/>
<player seat="3" name="M1ky3ste92" chips="370" dealer="1" win="0" bet="5" muck="1" rebuy="0" addon="0" merge="0" rebuychips="0" reg_code="5076903565"/>
<player seat="6" name="alessandro112345" chips="510" dealer="0" win="329" bet="326" muck="1" rebuy="0" addon="0" merge="0" rebuychips="0" reg_code="5076903913"/>
</players>
</general>
<round no="0"><action no="1" player="alessandro112345" type="15" discard="1" dealt="1" sum="5"/>
<action no="2" player="ElFiocco" type="15" discard="1" dealt="1" sum="5"/>
<action no="3" player="M1ky3ste92" type="15" sum="5"/>
<action no="4" player="alessandro112345" type="1" discard="1" dealt="1" sum="15"/>
<action no="5" player="ElFiocco" type="2" discard="1" dealt="1" sum="30"/>
</round>
<round no="1"><cards type="Pocket" player="alessandro112345">X X</cards>
<cards type="Pocket" player="ElFiocco">X X</cards>
<cards type="Pocket" player="M1ky3ste92">D7 C5</cards>
<action no="6" player="M1ky3ste92" type="0" sum="0"/>
<action no="7" player="alessandro112345" type="23" discard="1" dealt="1" sum="75"/>
<action no="8" player="ElFiocco" type="3" discard="1" dealt="1" sum="45"/>
</round>
<round no="2"><cards type="Flop">C9 HQ C10</cards>
<action no="9" player="alessandro112345" type="4" discard="1" dealt="1" sum="0"/>
<action no="10" player="ElFiocco" type="4" discard="1" dealt="1" sum="0"/>
</round>
<round no="3"><cards type="Turn">S5</cards>
<action no="11" player="alessandro112345" type="5" discard="1" dealt="1" sum="82"/>
<action no="12" player="ElFiocco" type="3" discard="1" dealt="1" sum="82"/>
</round>
<round no="4"><cards type="River">HK</cards>
<action no="13" player="alessandro112345" type="5" discard="1" dealt="1" sum="164"/>
<action no="14" player="ElFiocco" type="0" discard="1" dealt="1" sum="0"/>
</round>
</game>
<game gamecode="6545651001"><general><startdate>2025-11-30 23:23:23</startdate>
<round>1</round>
<failsafecounter/>
<players><player seat="3" name="M1ky3ste92" chips="365" dealer="0" win="45" bet="35" muck="1" rebuy="0" addon="0" merge="0" rebuychips="0" reg_code="5076903565"/>
<player seat="6" name="alessandro112345" chips="677" dealer="1" win="0" bet="5" muck="1" rebuy="0" addon="0" merge="0" rebuychips="0" reg_code="5076903913"/>
<player seat="10" name="ElFiocco" chips="458" dealer="0" win="0" bet="20" muck="1" rebuy="0" addon="0" merge="0" rebuychips="0" reg_code="5076904084"/>
</players>
</general>
<round no="0"><action no="1" player="ElFiocco" type="15" discard="1" dealt="1" sum="5"/>
<action no="2" player="M1ky3ste92" type="15" sum="5"/>
<action no="3" player="alessandro112345" type="15" discard="1" dealt="1" sum="5"/>
<action no="4" player="ElFiocco" type="1" discard="1" dealt="1" sum="15"/>
<action no="5" player="M1ky3ste92" type="2" sum="30"/>
</round>
<round no="1"><cards type="Pocket" player="ElFiocco">X X</cards>
<cards type="Pocket" player="M1ky3ste92">H6 S5</cards>
<cards type="Pocket" player="alessandro112345">X X</cards>
<action no="6" player="alessandro112345" type="0" discard="1" dealt="1" sum="0"/>
<action no="7" player="ElFiocco" type="0" discard="1" dealt="1" sum="0"/>
</round>
</game>
<game gamecode="6545651018"><general><startdate>2025-11-30 23:23:30</startdate>
<round>1</round>
<failsafecounter/>
<players><player seat="6" name="alessandro112345" chips="672" dealer="0" win="0" bet="35" muck="1" rebuy="0" addon="0" merge="0" rebuychips="0" reg_code="5076903913"/>
<player seat="10" name="ElFiocco" chips="438" dealer="1" win="0" bet="390" muck="1" rebuy="0" addon="0" merge="0" rebuychips="0" reg_code="5076904084"/>
<player seat="3" name="M1ky3ste92" chips="390" dealer="0" win="815" bet="390" muck="0" rebuy="0" addon="0" merge="0" rebuychips="0" reg_code="5076903565"/>
</players>
</general>
<round no="0"><action no="1" player="M1ky3ste92" type="15" sum="5"/>
<action no="2" player="alessandro112345" type="15" discard="1" dealt="1" sum="5"/>
<action no="3" player="ElFiocco" type="15" discard="1" dealt="1" sum="5"/>
<action no="4" player="M1ky3ste92" type="1" sum="15"/>
<action no="5" player="alessandro112345" type="2" discard="1" dealt="1" sum="30"/>
</round>
<round no="1"><cards type="Pocket" player="ElFiocco">S10 DA</cards>
<cards type="Pocket" player="alessandro112345">X X</cards>
<cards type="Pocket" player="M1ky3ste92">SK CK</cards>
<action no="6" player="ElFiocco" type="23" discard="1" dealt="1" sum="90"/>
<action no="7" player="M1ky3ste92" type="23" sum="385"/>
<action no="8" player="alessandro112345" type="0" discard="1" dealt="1" sum="0"/>
<action no="9" player="ElFiocco" type="3" discard="1" dealt="1" sum="295"/>
</round>
<round no="2"><cards type="Flop">H7 C6 CQ</cards>
</round>
<round no="3"><cards type="Turn">SQ</cards>
</round>
<round no="4"><cards type="River">H3</cards>
</round>
</game>
<game gamecode="6545651056"><general><startdate>2025-11-30 23:23:49</startdate>
<round>1</round>
<failsafecounter/>
<players><player seat="10" name="ElFiocco" chips="48" dealer="0" win="101" bet="48" muck="0" rebuy="0" addon="0" merge="0" rebuychips="0" reg_code="5076904084"/>
<player seat="3" name="M1ky3ste92" chips="815" dealer="1" win="0" bet="5" muck="1" rebuy="0" addon="0" merge="0" rebuychips="0" reg_code="5076903565"/>
<player seat="6" name="alessandro112345" chips="637" dealer="0" win="0" bet="80" muck="1" rebuy="0" addon="0" merge="0" rebuychips="0" reg_code="5076903913"/>
</players>
</general>
<round no="0"><action no="1" player="alessandro112345" type="15" discard="1" dealt="1" sum="5"/>
<action no="2" player="ElFiocco" type="15" discard="1" dealt="1" sum="5"/>
<action no="3" player="M1ky3ste92" type="15" sum="5"/>
<action no="4" player="alessandro112345" type="1" discard="1" dealt="1" sum="15"/>
<action no="5" player="ElFiocco" type="2" discard="1" dealt="1" sum="30"/>
</round>
<round no="1"><cards type="Pocket" player="ElFiocco">D9 SK</cards>
<cards type="Pocket" player="alessandro112345">D6 CJ</cards>
<cards type="Pocket" player="M1ky3ste92">S7 D10</cards>
<action no="6" player="M1ky3ste92" type="0" sum="0"/>
<action no="7" player="alessandro112345" type="23" discard="1" dealt="1" sum="75"/>
<action no="8" player="ElFiocco" type="7" discard="1" dealt="1" sum="13"/>
</round>
<round no="2"><cards type="Flop">H5 SQ DQ</cards>
</round>
<round no="3"><cards type="Turn">HJ</cards>
</round>
<round no="4"><cards type="River">S10</cards>
</round>
</game>
<game gamecode="6545651110"><general><startdate>2025-11-30 23:24:09</startdate>
<round>1</round>
<failsafecounter/>
<players><player seat="3" name="M1ky3ste92" chips="810" dealer="0" win="207" bet="101" muck="0" rebuy="0" addon="0" merge="0" rebuychips="0" reg_code="5076903565"/>
<player seat="6" name="alessandro112345" chips="589" dealer="1" win="0" bet="5" muck="1" rebuy="0" addon="0" merge="0" rebuychips="0" reg_code="5076903913"/>
<player seat="10" name="ElFiocco" chips="101" dealer="0" win="0" bet="101" muck="0" rebuy="0" addon="0" merge="0" rebuychips="0" reg_code="5076904084"/>
</players>
</general>
<round no="0"><action no="1" player="ElFiocco" type="15" discard="1" dealt="1" sum="5"/>
<action no="2" player="M1ky3ste92" type="15" sum="5"/>
<action no="3" player="alessandro112345" type="15" discard="1" dealt="1" sum="5"/>
<action no="4" player="ElFiocco" type="1" discard="1" dealt="1" sum="20"/>
<action no="5" player="M1ky3ste92" type="2" sum="40"/>
</round>
<round no="1"><cards type="Pocket" player="alessandro112345">X X</cards>
<cards type="Pocket" player="ElFiocco">DQ S4</cards>
<cards type="Pocket" player="M1ky3ste92">HJ CQ</cards>
<action no="6" player="alessandro112345" type="0" discard="1" dealt="1" sum="0"/>
<action no="7" player="ElFiocco" type="23" discard="1" dealt="1" sum="96"/>
<action no="8" player="M1ky3ste92" type="3" sum="56"/>
</round>
<round no="2"><cards type="Flop">C3 S2 SQ</cards>
</round>
<round no="3"><cards type="Turn">C8</cards>
</round>
<round no="4"><cards type="River">H9</cards>
</round>
</game>
<game gamecode="6545651158"><general><startdate>2025-11-30 23:24:29</startdate>
<round>1</round>
<failsafecounter/>
<players><player seat="6" name="alessandro112345" chips="584" dealer="0" win="170" bet="170" muck="1" rebuy="0" addon="0" merge="0" rebuychips="0" reg_code="5076903913"/>
<player seat="3" name="M1ky3ste92" chips="916" dealer="1" win="0" bet="85" muck="1" rebuy="0" addon="0" merge="0" rebuychips="0" reg_code="5076903565"/>
</players>
</general>
<round no="0"><action no="1" player="M1ky3ste92" type="15" sum="5"/>
<action no="2" player="alessandro112345" type="15" discard="1" dealt="1" sum="5"/>
<action no="3" player="M1ky3ste92" type="1" sum="20"/>
<action no="4" player="alessandro112345" type="2" discard="1" dealt="1" sum="40"/>
</round>
<round no="1"><cards type="Pocket" player="alessandro112345">X X</cards>
<cards type="Pocket" player="M1ky3ste92">CQ SK</cards>
<action no="5" player="M1ky3ste92" type="23" sum="80"/>
<action no="6" player="alessandro112345" type="3" discard="1" dealt="1" sum="40"/>
</round>
<round no="2"><cards type="Flop">C10 S9 D10</cards>
<action no="7" player="alessandro112345" type="4" discard="1" dealt="1" sum="0"/>
<action no="8" player="M1ky3ste92" type="4" sum="0"/>
</round>
<round no="3"><cards type="Turn">H6</cards>
<action no="9" player="alessandro112345" type="4" discard="1" dealt="1" sum="0"/>
<action no="10" player="M1ky3ste92" type="4" sum="0"/>
</round>
<round no="4"><cards type="River">H4</cards>
<action no="11" player="alessandro112345" type="5" discard="1" dealt="1" sum="85"/>
<action no="12" player="M1ky3ste92" type="0" sum="0"/>
</round>
</game>
<game gamecode="6545651217"><general><startdate>2025-11-30 23:24:59</startdate>
<round>1</round>
<failsafecounter/>
<players><player seat="3" name="M1ky3ste92" chips="831" dealer="0" win="50" bet="45" muck="1" rebuy="0" addon="0" merge="0" rebuychips="0" reg_code="5076903565"/>
<player seat="6" name="alessandro112345" chips="669" dealer="1" win="0" bet="25" muck="1" rebuy="0" addon="0" merge="0" rebuychips="0" reg_code="5076903913"/>
</players>
</general>
<round no="0"><action no="1" player="alessandro112345" type="15" discard="1" dealt="1" sum="5"/>
<action no="2" player="M1ky3ste92" type="15" sum="5"/>
<action no="3" player="alessandro112345" type="1" discard="1" dealt="1" sum="20"/>
<action no="4" player="M1ky3ste92" type="2" sum="40"/>
</round>
<round no="1"><cards type="Pocket" player="M1ky3ste92">D5 C9</cards>
<cards type="Pocket" player="alessandro112345">X X</cards>
<action no="5" player="alessandro112345" type="0" discard="1" dealt="1" sum="0"/>
</round>
</game>
<game gamecode="6545651229"><general><startdate>2025-11-30 23:25:05</startdate>
<round>1</round>
<failsafecounter/>
<players><player seat="6" name="alessandro112345" chips="644" dealer="0" win="0" bet="45" muck="1" rebuy="0" addon="0" merge="0" rebuychips="0" reg_code="5076903913"/>
<player seat="3" name="M1ky3ste92" chips="856" dealer="1" win="90" bet="85" muck="1" rebuy="0" addon="0" merge="0" rebuychips="0" reg_code="5076903565"/>
</players>
</general>
<round no="0"><action no="1" player="M1ky3ste92" type="15" sum="5"/>
<action no="2" player="alessandro112345" type="15" discard="1" dealt="1" sum="5"/>
<action no="3" player="M1ky3ste92" type="1" sum="20"/>
<action no="4" player="alessandro112345" type="2" discard="1" dealt="1" sum="40"/>
</round>
<round no="1"><cards type="Pocket" player="M1ky3ste92">CA SJ</cards>
<cards type="Pocket" player="alessandro112345">X X</cards>
<action no="5" player="M1ky3ste92" type="23" sum="80"/>
<action no="6" player="alessandro112345" type="0" discard="1" dealt="1" sum="0"/>
</round>
</game>
<game gamecode="6545651247"><general><startdate>2025-11-30 23:25:12</startdate>
<round>1</round>
<failsafecounter/>
<players><player seat="3" name="M1ky3ste92" chips="901" dealer="0" win="0" bet="330" muck="1" rebuy="0" addon="0" merge="0" rebuychips="0" reg_code="5076903565"/>
<player seat="6" name="alessandro112345" chips="599" dealer="1" win="660" bet="599" muck="1" rebuy="0" addon="0" merge="0" rebuychips="0" reg_code="5076903913"/>
</players>
</general>
<round no="0"><action no="1" player="alessandro112345" type="15" discard="1" dealt="1" sum="5"/>
<action no="2" player="M1ky3ste92" type="15" sum="5"/>
<action no="3" player="alessandro112345" type="1" discard="1" dealt="1" sum="20"/>
<action no="4" player="M1ky3ste92" type="2" sum="40"/>
</round>
<round no="1"><cards type="Pocket" player="M1ky3ste92">SJ S6</cards>
<cards type="Pocket" player="alessandro112345">X X</cards>
<action no="5" player="alessandro112345" type="23" discard="1" dealt="1" sum="100"/>
<action no="6" player="M1ky3ste92" type="3" sum="60"/>
</round>
<round no="2"><cards type="Flop">CJ HA H8</cards>
<action no="7" player="M1ky3ste92" type="4" sum="0"/>
<action no="8" player="alessandro112345" type="5" discard="1" dealt="1" sum="105"/>
<action no="9" player="M1ky3ste92" type="3" sum="105"/>
</round>
<round no="3"><cards type="Turn">CA</cards>
<action no="10" player="M1ky3ste92" type="4" sum="0"/>
<action no="11" player="alessandro112345" type="4" discard="1" dealt="1" sum="0"/>
</round>
<round no="4"><cards type="River">D8</cards>
<action no="12" player="M1ky3ste92" type="5" sum="120"/>
<action no="13" player="alessandro112345" type="23" discard="1" dealt="1" sum="389"/>
<action no="14" player="M1ky3ste92" type="0" sum="0"/>
</round>
</game>
<game gamecode="6545658579"><general><startdate>2025-11-30 23:25:48</startdate>
<round>1</round>
<failsafecounter/>
<players><player seat="6" name="alessandro112345" chips="929" dealer="0" win="70" bet="65" muck="1" rebuy="0" addon="0" merge="0" rebuychips="0" reg_code="5076903913"/>
<player seat="3" name="M1ky3ste92" chips="571" dealer="1" win="0" bet="35" muck="1" rebuy="0" addon="0" merge="0" rebuychips="0" reg_code="5076903565"/>
</players>
</general>
<round no="0"><action no="1" player="M1ky3ste92" type="15" sum="5"/>
<action no="2" player="alessandro112345" type="15" discard="1" dealt="1" sum="5"/>
<action no="3" player="M1ky3ste92" type="1" sum="30"/>
<action no="4" player="alessandro112345" type="2" discard="1" dealt="1" sum="60"/>
</round>
<round no="1"><cards type="Pocket" player="alessandro112345">X X</cards>
<cards type="Pocket" player="M1ky3ste92">S2 C5</cards>
<action no="5" player="M1ky3ste92" type="0" sum="0"/>
</round>
</game>
<game gamecode="6545658596"><general><startdate>2025-11-30 23:25:55</startdate>
<round>1</round>
<failsafecounter/>
<players><player seat="3" name="M1ky3ste92" chips="536" dealer="0" win="1,072" bet="536" muck="0" rebuy="0" addon="0" merge="0" rebuychips="0" reg_code="5076903565"/>
<player seat="6" name="alessandro112345" chips="964" dealer="1" win="0" bet="536" muck="1" rebuy="0" addon="0" merge="0" rebuychips="0" reg_code="5076903913"/>
</players>
</general>
<round no="0"><action no="1" player="alessandro112345" type="15" discard="1" dealt="1" sum="5"/>
<action no="2" player="M1ky3ste92" type="15" sum="5"/>
<action no="3" player="alessandro112345" type="1" discard="1" dealt="1" sum="30"/>
<action no="4" player="M1ky3ste92" type="2" sum="60"/>
</round>
<round no="1"><cards type="Pocket" player="M1ky3ste92">S4 C4</cards>
<cards type="Pocket" player="alessandro112345">D2 H2</cards>
<action no="5" player="alessandro112345" type="3" discard="1" dealt="1" sum="30"/>
<action no="6" player="M1ky3ste92" type="23" sum="531"/>
<action no="7" player="alessandro112345" type="3" discard="1" dealt="1" sum="471"/>
</round>
<round no="2"><cards type="Flop">HQ C9 SA</cards>
</round>
<round no="3"><cards type="Turn">D7</cards>
</round>
<round no="4"><cards type="River">HK</cards>
</round>
</game>
<game gamecode="6545658638"><general><startdate>2025-11-30 23:26:14</startdate>
<round>1</round>
<failsafecounter/>
<players><player seat="6" name="alessandro112345" chips="428" dealer="0" win="0" bet="65" muck="1" rebuy="0" addon="0" merge="0" rebuychips="0" reg_code="5076903913"/>
<player seat="3" name="M1ky3ste92" chips="1,072" dealer="1" win="130" bet="1,072" muck="1" rebuy="0" addon="0" merge="0" rebuychips="0" reg_code="5076903565"/>
</players>
</general>
<round no="0"><action no="1" player="M1ky3ste92" type="15" sum="5"/>
<action no="2" player="alessandro112345" type="15" discard="1" dealt="1" sum="5"/>
<action no="3" player="M1ky3ste92" type="1" sum="30"/>
<action no="4" player="alessandro112345" type="2" discard="1" dealt="1" sum="60"/>
</round>
<round no="1"><cards type="Pocket" player="alessandro112345">X X</cards>
<cards type="Pocket" player="M1ky3ste92">H5 C5</cards>
<action no="5" player="M1ky3ste92" type="23" sum="1,067"/>
<action no="6" player="alessandro112345" type="0" discard="1" dealt="1" sum="0"/>
</round>
</game>
<game gamecode="6545658659"><general><startdate>2025-11-30 23:26:20</startdate>
<round>1</round>
<failsafecounter/>
<players><player seat="3" name="M1ky3ste92" chips="1,137" dealer="0" win="0" bet="65" muck="1" rebuy="0" addon="0" merge="0" rebuychips="0" reg_code="5076903565"/>
<player seat="6" name="alessandro112345" chips="363" dealer="1" win="130" bet="125" muck="1" rebuy="0" addon="0" merge="0" rebuychips="0" reg_code="5076903913"/>
</players>
</general>
<round no="0"><action no="1" player="alessandro112345" type="15" discard="1" dealt="1" sum="5"/>
<action no="2" player="M1ky3ste92" type="15" sum="5"/>
<action no="3" player="alessandro112345" type="1" discard="1" dealt="1" sum="30"/>
<action no="4" player="M1ky3ste92" type="2" sum="60"/>
</round>
<round no="1"><cards type="Pocket" player="alessandro112345">X X</cards>
<cards type="Pocket" player="M1ky3ste92">C4 S6</cards>
<action no="5" player="alessandro112345" type="23" discard="1" dealt="1" sum="120"/>
<action no="6" player="M1ky3ste92" type="0" sum="0"/>
</round>
</game>
<game gamecode="6545658678"><general><startdate>2025-11-30 23:26:28</startdate>
<round>1</round>
<failsafecounter/>
<players><player seat="6" name="alessandro112345" chips="428" dealer="0" win="0" bet="65" muck="1" rebuy="0" addon="0" merge="0" rebuychips="0" reg_code="5076903913"/>
<player seat="3" name="M1ky3ste92" chips="1,072" dealer="1" win="130" bet="1,072" muck="1" rebuy="0" addon="0" merge="0" rebuychips="0" reg_code="5076903565"/>
</players>
</general>
<round no="0"><action no="1" player="M1ky3ste92" type="15" sum="5"/>
<action no="2" player="alessandro112345" type="15" discard="1" dealt="1" sum="5"/>
<action no="3" player="M1ky3ste92" type="1" sum="30"/>
<action no="4" player="alessandro112345" type="2" discard="1" dealt="1" sum="60"/>
</round>
<round no="1"><cards type="Pocket" player="alessandro112345">X X</cards>
<cards type="Pocket" player="M1ky3ste92">DK CJ</cards>
<action no="5" player="M1ky3ste92" type="23" sum="1,067"/>
<action no="6" player="alessandro112345" type="0" discard="1" dealt="1" sum="0"/>
</round>
</game>
<game gamecode="6545658699"><general><startdate>2025-11-30 23:26:35</startdate>
<round>1</round>
<failsafecounter/>
<players><player seat="3" name="M1ky3ste92" chips="1,137" dealer="0" win="0" bet="1,137" muck="0" rebuy="0" addon="0" merge="0" rebuychips="0" reg_code="5076903565"/>
<player seat="6" name="alessandro112345" chips="363" dealer="1" win="726" bet="363" muck="0" rebuy="0" addon="0" merge="0" rebuychips="0" reg_code="5076903913"/>
</players>
</general>
<round no="0"><action no="1" player="alessandro112345" type="15" discard="1" dealt="1" sum="5"/>
<action no="2" player="M1ky3ste92" type="15" sum="5"/>
<action no="3" player="alessandro112345" type="1" discard="1" dealt="1" sum="30"/>
<action no="4" player="M1ky3ste92" type="2" sum="60"/>
</round>
<round no="1"><cards type="Pocket" player="alessandro112345">S8 S7</cards>
<cards type="Pocket" player="M1ky3ste92">C6 CA</cards>
<action no="5" player="alessandro112345" type="3" discard="1" dealt="1" sum="30"/>
<action no="6" player="M1ky3ste92" type="23" sum="1,132"/>
<action no="7" player="alessandro112345" type="7" discard="1" dealt="1" sum="298"/>
</round>
<round no="2"><cards type="Flop">S10 C5 C10</cards>
</round>
<round no="3"><cards type="Turn">H8</cards>
</round>
<round no="4"><cards type="River">S4</cards>
</round>
</game>
<game gamecode="6545658742"><general><startdate>2025-11-30 23:26:52</startdate>
<round>1</round>
<failsafecounter/>
<players><player seat="6" name="alessandro112345" chips="726" dealer="0" win="0" bet="65" muck="1" rebuy="0" addon="0" merge="0" rebuychips="0" reg_code="5076903913"/>
<player seat="3" name="M1ky3ste92" chips="774" dealer="1" win="130" bet="774" muck="1" rebuy="0" addon="0" merge="0" rebuychips="0" reg_code="5076903565"/>
</players>
</general>
<round no="0"><action no="1" player="M1ky3ste92" type="15" sum="5"/>
<action no="2" player="alessandro112345" type="15" discard="1" dealt="1" sum="5"/>
<action no="3" player="M1ky3ste92" type="1" sum="30"/>
<action no="4" player="alessandro112345" type="2" discard="1" dealt="1" sum="60"/>
</round>
<round no="1"><cards type="Pocket" player="M1ky3ste92">D5 H5</cards>
<cards type="Pocket" player="alessandro112345">X X</cards>
<action no="5" player="M1ky3ste92" type="23" sum="769"/>
<action no="6" player="alessandro112345" type="0" discard="1" dealt="1" sum="0"/>
</round>
</game>
<game gamecode="6545658759"><general><startdate>2025-11-30 23:26:59</startdate>
<round>1</round>
<failsafecounter/>
<players><player seat="3" name="M1ky3ste92" chips="839" dealer="0" win="0" bet="155" muck="1" rebuy="0" addon="0" merge="0" rebuychips="0" reg_code="5076903565"/>
<player seat="6" name="alessandro112345" chips="661" dealer="1" win="310" bet="310" muck="1" rebuy="0" addon="0" merge="0" rebuychips="0" reg_code="5076903913"/>
</players>
</general>
<round no="0"><action no="1" player="alessandro112345" type="15" discard="1" dealt="1" sum="5"/>
<action no="2" player="M1ky3ste92" type="15" sum="5"/>
<action no="3" player="alessandro112345" type="1" discard="1" dealt="1" sum="30"/>
<action no="4" player="M1ky3ste92" type="2" sum="60"/>
</round>
<round no="1"><cards type="Pocket" player="alessandro112345">X X</cards>
<cards type="Pocket" player="M1ky3ste92">DJ D8</cards>
<action no="5" player="alessandro112345" type="23" discard="1" dealt="1" sum="150"/>
<action no="6" player="M1ky3ste92" type="3" sum="90"/>
</round>
<round no="2"><cards type="Flop">CA S4 S3</cards>
<action no="7" player="M1ky3ste92" type="4" sum="0"/>
<action no="8" player="alessandro112345" type="5" discard="1" dealt="1" sum="155"/>
<action no="9" player="M1ky3ste92" type="0" sum="0"/>
</round>
</game>
<game gamecode="6545658787"><general><startdate>2025-11-30 23:27:11</startdate>
<round>1</round>
<failsafecounter/>
<players><player seat="6" name="alessandro112345" chips="816" dealer="0" win="130" bet="816" muck="1" rebuy="0" addon="0" merge="0" rebuychips="0" reg_code="5076903913"/>
<player seat="3" name="M1ky3ste92" chips="684" dealer="1" win="0" bet="65" muck="1" rebuy="0" addon="0" merge="0" rebuychips="0" reg_code="5076903565"/>
</players>
</general>
<round no="0"><action no="1" player="M1ky3ste92" type="15" sum="5"/>
<action no="2" player="alessandro112345" type="15" discard="1" dealt="1" sum="5"/>
<action no="3" player="M1ky3ste92" type="1" sum="30"/>
<action no="4" player="alessandro112345" type="2" discard="1" dealt="1" sum="60"/>
</round>
<round no="1"><cards type="Pocket" player="M1ky3ste92">H8 H5</cards>
<cards type="Pocket" player="alessandro112345">X X</cards>
<action no="5" player="M1ky3ste92" type="3" sum="30"/>
<action no="6" player="alessandro112345" type="23" discard="1" dealt="1" sum="811"/>
<action no="7" player="M1ky3ste92" type="0" sum="0"/>
</round>
</game>
<game gamecode="6545658809"><general><startdate>2025-11-30 23:27:20</startdate>
<round>1</round>
<failsafecounter/>
<players><player seat="3" name="M1ky3ste92" chips="619" dealer="0" win="70" bet="65" muck="1" rebuy="0" addon="0" merge="0" rebuychips="0" reg_code="5076903565"/>
<player seat="6" name="alessandro112345" chips="881" dealer="1" win="0" bet="35" muck="1" rebuy="0" addon="0" merge="0" rebuychips="0" reg_code="5076903913"/>
</players>
</general>
<round no="0"><action no="1" player="alessandro112345" type="15" discard="1" dealt="1" sum="5"/>
<action no="2" player="M1ky3ste92" type="15" sum="5"/>
<action no="3" player="alessandro112345" type="1" discard="1" dealt="1" sum="30"/>
<action no="4" player="M1ky3ste92" type="2" sum="60"/>
</round>
<round no="1"><cards type="Pocket" player="M1ky3ste92">D9 C3</cards>
<cards type="Pocket" player="alessandro112345">X X</cards>
<action no="5" player="alessandro112345" type="0" discard="1" dealt="1" sum="0"/>
</round>
</game>
<game gamecode="6545658823"><general><startdate>2025-11-30 23:27:26</startdate>
<round>1</round>
<failsafecounter/>
<players><player seat="6" name="alessandro112345" chips="846" dealer="0" win="96" bet="88" muck="1" rebuy="0" addon="0" merge="0" rebuychips="0" reg_code="5076903913"/>
<player seat="3" name="M1ky3ste92" chips="654" dealer="1" win="0" bet="48" muck="1" rebuy="0" addon="0" merge="0" rebuychips="0" reg_code="5076903565"/>
</players>
</general>
<round no="0"><action no="1" player="M1ky3ste92" type="15" sum="8"/>
<action no="2" player="alessandro112345" type="15" discard="1" dealt="1" sum="8"/>
<action no="3" player="M1ky3ste92" type="1" sum="40"/>
<action no="4" player="alessandro112345" type="2" discard="1" dealt="1" sum="80"/>
</round>
<round no="1"><cards type="Pocket" player="alessandro112345">X X</cards>
<cards type="Pocket" player="M1ky3ste92">S3 D4</cards>
<action no="5" player="M1ky3ste92" type="0" sum="0"/>
</round>
</game>
<game gamecode="6545658842"><general><startdate>2025-11-30 23:27:34</startdate>
<round>1</round>
<failsafecounter/>
<players><player seat="3" name="M1ky3ste92" chips="606" dealer="0" win="96" bet="88" muck="1" rebuy="0" addon="0" merge="0" rebuychips="0" reg_code="5076903565"/>
<player seat="6" name="alessandro112345" chips="894" dealer="1" win="0" bet="48" muck="1" rebuy="0" addon="0" merge="0" rebuychips="0" reg_code="5076903913"/>
</players>
</general>
<round no="0"><action no="1" player="alessandro112345" type="15" discard="1" dealt="1" sum="8"/>
<action no="2" player="M1ky3ste92" type="15" sum="8"/>
<action no="3" player="alessandro112345" type="1" discard="1" dealt="1" sum="40"/>
<action no="4" player="M1ky3ste92" type="2" sum="80"/>
</round>
<round no="1"><cards type="Pocket" player="M1ky3ste92">C9 S4</cards>
<cards type="Pocket" player="alessandro112345">X X</cards>
<action no="5" player="alessandro112345" type="0" discard="1" dealt="1" sum="0"/>
</round>
</game>
<game gamecode="6545658860"><general><startdate>2025-11-30 23:27:39</startdate>
<round>1</round>
<failsafecounter/>
<players><player seat="6" name="alessandro112345" chips="846" dealer="0" win="1,308" bet="654" muck="0" rebuy="0" addon="0" merge="0" rebuychips="0" reg_code="5076903913"/>
<player seat="3" name="M1ky3ste92" chips="654" dealer="1" win="0" bet="654" muck="0" rebuy="0" addon="0" merge="0" rebuychips="0" reg_code="5076903565"/>
</players>
</general>
<round no="0"><action no="1" player="M1ky3ste92" type="15" sum="8"/>
<action no="2" player="alessandro112345" type="15" discard="1" dealt="1" sum="8"/>
<action no="3" player="M1ky3ste92" type="1" sum="40"/>
<action no="4" player="alessandro112345" type="2" discard="1" dealt="1" sum="80"/>
</round>
<round no="1"><cards type="Pocket" player="alessandro112345">D6 CA</cards>
<cards type="Pocket" player="M1ky3ste92">SK H8</cards>
<action no="5" player="M1ky3ste92" type="23" sum="646"/>
<action no="6" player="alessandro112345" type="3" discard="1" dealt="1" sum="566"/>
</round>
<round no="2"><cards type="Flop">SQ H9 C2</cards>
</round>
<round no="3"><cards type="Turn">D2</cards>
</round>
<round no="4"><cards type="River">D7</cards>
</round>
</game>
</session>
