<?xml version="1.0" encoding="UTF-8"?>
<session sessioncode="5076902170">
<general>
<client_version>25.7.1.34</client_version>
<mode>real</mode>
<gametype>Holdem NL</gametype>
<tablename>Twister €100 SNG, 822777811</tablename>
<tournamentcode>822777809</tournamentcode>
<tournamentname>Twister €100 SNG</tournamentname>
<buyin>€0 + €7 + €93</buyin>
<totalbuyin>€100</totalbuyin>
<rewarddrawn>€300</rewarddrawn>
<tournamentcurrency>EUR</tournamentcurrency>
<currency>EUR</currency>
<nickname>M1ky3ste92</nickname>
<gamecount>10</gamecount>
<startdate>2025-11-30 23:13:50</startdate>
<place>2</place>
<win>€0</win>
<tablesize>3</tablesize>
</general>
<game gamecode="6545646016"><general><startdate>2025-11-30 23:14:06</startdate>
<round>1</round>
<failsafecounter/>
<players><player seat="6" name="M1ky3ste92" chips="500" dealer="0" win="0" bet="20" muck="1" rebuy="0" addon="0" merge="0" rebuychips="0" reg_code="5076902170"/>
<player seat="10" name="danieldidu30" chips="500" dealer="1" win="0" bet="20" muck="1" rebuy="0" addon="0" merge="0" rebuychips="0" reg_code="5076902325"/>
<player seat="3" name="OndaBianca1" chips="500" dealer="0" win="60" bet="500" muck="1" rebuy="0" addon="0" merge="0" rebuychips="0" reg_code="5076902277"/>
</players>
</general>
<round no="0"><action no="1" player="OndaBianca1" type="1" discard="1" dealt="1" sum="10"/>
<action no="2" player="M1ky3ste92" type="2" sum="20"/>
</round>
<round no="1"><cards type="Pocket" player="danieldidu30">X X</cards>
<cards type="Pocket" player="OndaBianca1">X X</cards>
<cards type="Pocket" player="M1ky3ste92">D2 HK</cards>
<action no="3" player="danieldidu30" type="3" discard="1" dealt="1" sum="20"/>
<action no="4" player="OndaBianca1" type="23" discard="1" dealt="1" sum="500"/>
<action no="5" player="M1ky3ste92" type="0" sum="0"/>
<action no="6" player="danieldidu30" type="0" discard="1" dealt="1" sum="0"/>
</round>
</game>
<game gamecode="6545646057"><general><startdate>2025-11-30 23:14:20</startdate>
<round>1</round>
<failsafecounter/>
<players><player seat="10" name="danieldidu30" chips="480" dealer="0" win="0" bet="480" muck="0" rebuy="0" addon="0" merge="0" rebuychips="0" reg_code="5076902325"/>
<player seat="3" name="OndaBianca1" chips="540" dealer="1" win="970" bet="540" muck="0" rebuy="0" addon="0" merge="0" rebuychips="0" reg_code="5076902277"/>
<player seat="6" name="M1ky3ste92" chips="480" dealer="0" win="0" bet="10" muck="1" rebuy="0" addon="0" merge="0" rebuychips="0" reg_code="5076902170"/>
</players>
</general>
<round no="0"><action no="1" player="M1ky3ste92" type="1" sum="10"/>
<action no="2" player="danieldidu30" type="2" discard="1" dealt="1" sum="20"/>
</round>
<round no="1"><cards type="Pocket" player="danieldidu30">SA C5</cards>
<cards type="Pocket" player="M1ky3ste92">D8 DJ</cards>
<cards type="Pocket" player="OndaBianca1">H10 H7</cards>
<action no="3" player="OndaBianca1" type="23" discard="1" dealt="1" sum="40"/>
<action no="4" player="M1ky3ste92" type="0" sum="0"/>
<action no="5" player="danieldidu30" type="3" discard="1" dealt="1" sum="20"/>
</round>
<round no="2"><cards type="Flop">H9 C9 HA</cards>
<action no="6" player="danieldidu30" type="4" discard="1" dealt="1" sum="0"/>
<action no="7" player="OndaBianca1" type="5" discard="1" dealt="1" sum="20"/>
<action no="8" player="danieldidu30" type="23" discard="1" dealt="1" sum="40"/>
<action no="9" player="OndaBianca1" type="3" discard="1" dealt="1" sum="20"/>
</round>
<round no="3"><cards type="Turn">H6</cards>
<action no="10" player="danieldidu30" type="4" discard="1" dealt="1" sum="0"/>
<action no="11" player="OndaBianca1" type="5" discard="1" dealt="1" sum="85"/>
<action no="12" player="danieldidu30" type="3" discard="1" dealt="1" sum="85"/>
</round>
<round no="4"><cards type="River">DK</cards>
<action no="13" player="danieldidu30" type="4" discard="1" dealt="1" sum="0"/>
<action no="14" player="OndaBianca1" type="5" discard="1" dealt="1" sum="375"/>
<action no="15" player="danieldidu30" type="7" discard="1" dealt="1" sum="315"/>
</round>
</game>
<game gamecode="6545646156"><general><startdate>2025-11-30 23:15:05</startdate>
<round>1</round>
<failsafecounter/>
<players><player seat="3" name="OndaBianca1" chips="1,030" dealer="0" win="120" bet="100" muck="1" rebuy="0" addon="0" merge="0" rebuychips="0" reg_code="5076902277"/>
<player seat="6" name="M1ky3ste92" chips="470" dealer="1" win="0" bet="60" muck="1" rebuy="0" addon="0" merge="0" rebuychips="0" reg_code="5076902170"/>
</players>
</general>
<round no="0"><action no="1" player="M1ky3ste92" type="1" sum="10"/>
<action no="2" player="OndaBianca1" type="2" discard="1" dealt="1" sum="20"/>
</round>
<round no="1"><cards type="Pocket" player="OndaBianca1">X X</cards>
<cards type="Pocket" player="M1ky3ste92">C10 H4</cards>
<action no="3" player="M1ky3ste92" type="3" sum="10"/>
<action no="4" player="OndaBianca1" type="23" discard="1" dealt="1" sum="60"/>
<action no="5" player="M1ky3ste92" type="3" sum="40"/>
</round>
<round no="2"><cards type="Flop">SA C3 H7</cards>
<action no="6" player="OndaBianca1" type="5" discard="1" dealt="1" sum="40"/>
<action no="7" player="M1ky3ste92" type="0" sum="0"/>
</round>
</game>
<game gamecode="6545646216"><general><startdate>2025-11-30 23:15:32</startdate>
<round>1</round>
<failsafecounter/>
<players><player seat="6" name="M1ky3ste92" chips="410" dealer="0" win="20" bet="20" muck="1" rebuy="0" addon="0" merge="0" rebuychips="0" reg_code="5076902170"/>
<player seat="3" name="OndaBianca1" chips="1,090" dealer="1" win="0" bet="10" muck="1" rebuy="0" addon="0" merge="0" rebuychips="0" reg_code="5076902277"/>
</players>
</general>
<round no="0"><action no="1" player="OndaBianca1" type="1" discard="1" dealt="1" sum="10"/>
<action no="2" player="M1ky3ste92" type="2" sum="20"/>
</round>
<round no="1"><cards type="Pocket" player="M1ky3ste92">S9 C8</cards>
<cards type="Pocket" player="OndaBianca1">X X</cards>
<action no="3" player="OndaBianca1" type="0" discard="1" dealt="1" sum="0"/>
</round>
</game>
<game gamecode="6545646231"><general><startdate>2025-11-30 23:15:37</startdate>
<round>1</round>
<failsafecounter/>
<players><player seat="3" name="OndaBianca1" chips="1,080" dealer="0" win="0" bet="40" muck="1" rebuy="0" addon="0" merge="0" rebuychips="0" reg_code="5076902277"/>
<player seat="6" name="M1ky3ste92" chips="420" dealer="1" win="80" bet="40" muck="0" rebuy="0" addon="0" merge="0" rebuychips="0" reg_code="5076902170"/>
</players>
</general>
<round no="0"><action no="1" player="M1ky3ste92" type="1" sum="10"/>
<action no="2" player="OndaBianca1" type="2" discard="1" dealt="1" sum="20"/>
</round>
<round no="1"><cards type="Pocket" player="M1ky3ste92">H6 CA</cards>
<cards type="Pocket" player="OndaBianca1">C7 H10</cards>
<action no="3" player="M1ky3ste92" type="23" sum="40"/>
<action no="4" player="OndaBianca1" type="3" discard="1" dealt="1" sum="20"/>
</round>
<round no="2"><cards type="Flop">CQ C8 DQ</cards>
<action no="5" player="OndaBianca1" type="4" discard="1" dealt="1" sum="0"/>
<action no="6" player="M1ky3ste92" type="4" sum="0"/>
</round>
<round no="3"><cards type="Turn">S2</cards>
<action no="7" player="OndaBianca1" type="4" discard="1" dealt="1" sum="0"/>
<action no="8" player="M1ky3ste92" type="4" sum="0"/>
</round>
<round no="4"><cards type="River">C2</cards>
<action no="9" player="OndaBianca1" type="4" discard="1" dealt="1" sum="0"/>
<action no="10" player="M1ky3ste92" type="4" sum="0"/>
</round>
</game>
<game gamecode="6545646311"><general><startdate>2025-11-30 23:16:09</startdate>
<round>1</round>
<failsafecounter/>
<players><player seat="6" name="M1ky3ste92" chips="460" dealer="0" win="0" bet="35" muck="1" rebuy="0" addon="0" merge="0" rebuychips="0" reg_code="5076902170"/>
<player seat="3" name="OndaBianca1" chips="1,040" dealer="1" win="70" bet="94" muck="1" rebuy="0" addon="0" merge="0" rebuychips="0" reg_code="5076902277"/>
</players>
</general>
<round no="0"><action no="1" player="OndaBianca1" type="15" discard="1" dealt="1" sum="5"/>
<action no="2" player="M1ky3ste92" type="15" sum="5"/>
<action no="3" player="OndaBianca1" type="1" discard="1" dealt="1" sum="15"/>
<action no="4" player="M1ky3ste92" type="2" sum="30"/>
</round>
<round no="1"><cards type="Pocket" player="OndaBianca1">X X</cards>
<cards type="Pocket" player="M1ky3ste92">H3 S8</cards>
<action no="5" player="OndaBianca1" type="3" discard="1" dealt="1" sum="15"/>
<action no="6" player="M1ky3ste92" type="4" sum="0"/>
</round>
<round no="2"><cards type="Flop">C7 DJ C10</cards>
<action no="7" player="M1ky3ste92" type="4" sum="0"/>
<action no="8" player="OndaBianca1" type="4" discard="1" dealt="1" sum="0"/>
</round>
<round no="3"><cards type="Turn">D5</cards>
<action no="9" player="M1ky3ste92" type="4" sum="0"/>
<action no="10" player="OndaBianca1" type="5" discard="1" dealt="1" sum="59"/>
<action no="11" player="M1ky3ste92" type="0" sum="0"/>
</round>
</game>
<game gamecode="6545646400"><general><startdate>2025-11-30 23:16:43</startdate>
<round>1</round>
<failsafecounter/>
<players><player seat="3" name="OndaBianca1" chips="1,075" dealer="0" win="130" bet="163" muck="1" rebuy="0" addon="0" merge="0" rebuychips="0" reg_code="5076902277"/>
<player seat="6" name="M1ky3ste92" chips="425" dealer="1" win="0" bet="65" muck="1" rebuy="0" addon="0" merge="0" rebuychips="0" reg_code="5076902170"/>
</players>
</general>
<round no="0"><action no="1" player="M1ky3ste92" type="15" sum="5"/>
<action no="2" player="OndaBianca1" type="15" discard="1" dealt="1" sum="5"/>
<action no="3" player="M1ky3ste92" type="1" sum="15"/>
<action no="4" player="OndaBianca1" type="2" discard="1" dealt="1" sum="30"/>
</round>
<round no="1"><cards type="Pocket" player="OndaBianca1">X X</cards>
<cards type="Pocket" player="M1ky3ste92">H4 H6</cards>
<action no="5" player="M1ky3ste92" type="3" sum="15"/>
<action no="6" player="OndaBianca1" type="4" discard="1" dealt="1" sum="0"/>
</round>
<round no="2"><cards type="Flop">SJ D8 SK</cards>
<action no="7" player="OndaBianca1" type="4" discard="1" dealt="1" sum="0"/>
<action no="8" player="M1ky3ste92" type="5" sum="30"/>
<action no="9" player="OndaBianca1" type="3" discard="1" dealt="1" sum="30"/>
</round>
<round no="3"><cards type="Turn">H3</cards>
<action no="10" player="OndaBianca1" type="4" discard="1" dealt="1" sum="0"/>
<action no="11" player="M1ky3ste92" type="4" sum="0"/>
</round>
<round no="4"><cards type="River">DJ</cards>
<action no="12" player="OndaBianca1" type="5" discard="1" dealt="1" sum="98"/>
<action no="13" player="M1ky3ste92" type="0" sum="0"/>
</round>
</game>
<game gamecode="6545646505"><general><startdate>2025-11-30 23:17:25</startdate>
<round>1</round>
<failsafecounter/>
<players><player seat="6" name="M1ky3ste92" chips="360" dealer="0" win="0" bet="45" muck="1" rebuy="0" addon="0" merge="0" rebuychips="0" reg_code="5076902170"/>
<player seat="3" name="OndaBianca1" chips="1,140" dealer="1" win="90" bet="113" muck="1" rebuy="0" addon="0" merge="0" rebuychips="0" reg_code="5076902277"/>
</players>
</general>
<round no="0"><action no="1" player="OndaBianca1" type="15" discard="1" dealt="1" sum="5"/>
<action no="2" player="M1ky3ste92" type="15" sum="5"/>
<action no="3" player="OndaBianca1" type="1" discard="1" dealt="1" sum="20"/>
<action no="4" player="M1ky3ste92" type="2" sum="40"/>
</round>
<round no="1"><cards type="Pocket" player="OndaBianca1">X X</cards>
<cards type="Pocket" player="M1ky3ste92">H7 C4</cards>
<action no="5" player="OndaBianca1" type="3" discard="1" dealt="1" sum="20"/>
<action no="6" player="M1ky3ste92" type="4" sum="0"/>
</round>
<round no="2"><cards type="Flop">HJ S7 D8</cards>
<action no="7" player="M1ky3ste92" type="4" sum="0"/>
<action no="8" player="OndaBianca1" type="4" discard="1" dealt="1" sum="0"/>
</round>
<round no="3"><cards type="Turn">SK</cards>
<action no="9" player="M1ky3ste92" type="4" sum="0"/>
<action no="10" player="OndaBianca1" type="5" discard="1" dealt="1" sum="68"/>
<action no="11" player="M1ky3ste92" type="0" sum="0"/>
</round>
</game>
<game gamecode="6545646582"><general><startdate>2025-11-30 23:17:54</startdate>
<round>1</round>
<failsafecounter/>
<players><player seat="3" name="OndaBianca1" chips="1,185" dealer="0" win="90" bet="1,185" muck="1" rebuy="0" addon="0" merge="0" rebuychips="0" reg_code="5076902277"/>
<player seat="6" name="M1ky3ste92" chips="315" dealer="1" win="0" bet="45" muck="1" rebuy="0" addon="0" merge="0" rebuychips="0" reg_code="5076902170"/>
</players>
</general>
<round no="0"><action no="1" player="M1ky3ste92" type="15" sum="5"/>
<action no="2" player="OndaBianca1" type="15" discard="1" dealt="1" sum="5"/>
<action no="3" player="M1ky3ste92" type="1" sum="20"/>
<action no="4" player="OndaBianca1" type="2" discard="1" dealt="1" sum="40"/>
</round>
<round no="1"><cards type="Pocket" player="OndaBianca1">X X</cards>
<cards type="Pocket" player="M1ky3ste92">D3 D5</cards>
<action no="5" player="M1ky3ste92" type="3" sum="20"/>
<action no="6" player="OndaBianca1" type="23" discard="1" dealt="1" sum="1,180"/>
<action no="7" player="M1ky3ste92" type="0" sum="0"/>
</round>
</game>
<game gamecode="6545646601"><general><startdate>2025-11-30 23:18:05</startdate>
<round>1</round>
<failsafecounter/>
<players><player seat="6" name="M1ky3ste92" chips="270" dealer="0" win="0" bet="270" muck="0" rebuy="0" addon="0" merge="0" rebuychips="0" reg_code="5076902170"/>
<player seat="3" name="OndaBianca1" chips="1,230" dealer="1" win="540" bet="270" muck="0" rebuy="0" addon="0" merge="0" rebuychips="0" reg_code="5076902277"/>
</players>
</general>
<round no="0"><action no="1" player="OndaBianca1" type="15" discard="1" dealt="1" sum="5"/>
<action no="2" player="M1ky3ste92" type="15" sum="5"/>
<action no="3" player="OndaBianca1" type="1" discard="1" dealt="1" sum="20"/>
<action no="4" player="M1ky3ste92" type="2" sum="40"/>
</round>
<round no="1"><cards type="Pocket" player="OndaBianca1">H8 H10</cards>
<cards type="Pocket" player="M1ky3ste92">SA DQ</cards>
<action no="5" player="OndaBianca1" type="3" discard="1" dealt="1" sum="20"/>
<action no="6" player="M1ky3ste92" type="23" sum="265"/>
<action no="7" player="OndaBianca1" type="3" discard="1" dealt="1" sum="225"/>
</round>
<round no="2"><cards type="Flop">H6 HA C8</cards>
</round>
<round no="3"><cards type="Turn">D3</cards>
</round>
<round no="4"><cards type="River">H5</cards>
</round>
</game>
</session>
