<?xml version="1.0" encoding="UTF-8"?>
<session sessioncode="5076501661">
<general>
<client_version>25.7.1.34</client_version>
<mode>real</mode>
<gametype>Holdem NL</gametype>
<tablename>Twister €100 SNG, 822670023</tablename>
<tournamentcode>822670022</tournamentcode>
<tournamentname>Twister €100 SNG</tournamentname>
<buyin>€0 + €7 + €93</buyin>
<totalbuyin>€100</totalbuyin>
<rewarddrawn>€400</rewarddrawn>
<tournamentcurrency>EUR</tournamentcurrency>
<currency>EUR</currency>
<nickname>M1ky3ste92</nickname>
<gamecount>6</gamecount>
<startdate>2025-11-29 12:18:47</startdate>
<place>3</place>
<win>€0</win>
<tablesize>3</tablesize>
</general>
<game gamecode="6544184291"><general><startdate>2025-11-29 12:19:03</startdate>
<round>1</round>
<failsafecounter/>
<players><player seat="10" name="dimola2000" chips="500" dealer="0" win="40" bet="60" muck="1" rebuy="0" addon="0" merge="0" rebuychips="0" reg_code="5076501868"/>
<player seat="3" name="L1mltless" chips="500" dealer="1" win="0" bet="0" muck="1" rebuy="0" addon="0" merge="0" rebuychips="0" reg_code="5076501500"/>
<player seat="6" name="M1ky3ste92" chips="500" dealer="0" win="0" bet="20" muck="1" rebuy="0" addon="0" merge="0" rebuychips="0" reg_code="5076501661"/>
</players>
</general>
<round no="0"><action no="1" player="M1ky3ste92" type="1" sum="10"/>
<action no="2" player="dimola2000" type="2" discard="1" dealt="1" sum="20"/>
</round>
<round no="1"><cards type="Pocket" player="L1mltless">X X</cards>
<cards type="Pocket" player="M1ky3ste92">H7 HQ</cards>
<cards type="Pocket" player="dimola2000">X X</cards>
<action no="3" player="L1mltless" type="0" discard="1" dealt="1" sum="0"/>
<action no="4" player="M1ky3ste92" type="3" sum="10"/>
<action no="5" player="dimola2000" type="4" discard="1" dealt="1" sum="0"/>
</round>
<round no="2"><cards type="Flop">SK D4 D8</cards>
<action no="6" player="M1ky3ste92" type="4" sum="0"/>
<action no="7" player="dimola2000" type="4" discard="1" dealt="1" sum="0"/>
</round>
<round no="3"><cards type="Turn">C3</cards>
<action no="8" player="M1ky3ste92" type="4" sum="0"/>
<action no="9" player="dimola2000" type="5" discard="1" dealt="1" sum="40"/>
<action no="10" player="M1ky3ste92" type="0" sum="0"/>
</round>
</game>
<game gamecode="6544184347"><general><startdate>2025-11-29 12:19:37</startdate>
<round>1</round>
<failsafecounter/>
<players><player seat="3" name="L1mltless" chips="500" dealer="0" win="485" bet="500" muck="0" rebuy="0" addon="0" merge="0" rebuychips="0" reg_code="5076501500"/>
<player seat="6" name="M1ky3ste92" chips="480" dealer="1" win="485" bet="480" muck="0" rebuy="0" addon="0" merge="0" rebuychips="0" reg_code="5076501661"/>
<player seat="10" name="dimola2000" chips="520" dealer="0" win="0" bet="10" muck="1" rebuy="0" addon="0" merge="0" rebuychips="0" reg_code="5076501868"/>
</players>
</general>
<round no="0"><action no="1" player="dimola2000" type="1" discard="1" dealt="1" sum="10"/>
<action no="2" player="L1mltless" type="2" discard="1" dealt="1" sum="20"/>
</round>
<round no="1"><cards type="Pocket" player="dimola2000">X X</cards>
<cards type="Pocket" player="M1ky3ste92">HJ HA</cards>
<cards type="Pocket" player="L1mltless">SJ SA</cards>
<action no="3" player="M1ky3ste92" type="23" sum="40"/>
<action no="4" player="dimola2000" type="0" discard="1" dealt="1" sum="0"/>
<action no="5" player="L1mltless" type="23" discard="1" dealt="1" sum="500"/>
<action no="6" player="M1ky3ste92" type="7" sum="440"/>
</round>
<round no="2"><cards type="Flop">SK D10 S5</cards>
</round>
<round no="3"><cards type="Turn">HK</cards>
</round>
<round no="4"><cards type="River">D4</cards>
</round>
</game>
<game gamecode="6544184375"><general><startdate>2025-11-29 12:20:00</startdate>
<round>1</round>
<failsafecounter/>
<players><player seat="6" name="M1ky3ste92" chips="485" dealer="0" win="0" bet="20" muck="1" rebuy="0" addon="0" merge="0" rebuychips="0" reg_code="5076501661"/>
<player seat="10" name="dimola2000" chips="510" dealer="1" win="60" bet="60" muck="1" rebuy="0" addon="0" merge="0" rebuychips="0" reg_code="5076501868"/>
<player seat="3" name="L1mltless" chips="505" dealer="0" win="0" bet="20" muck="1" rebuy="0" addon="0" merge="0" rebuychips="0" reg_code="5076501500"/>
</players>
</general>
<round no="0"><action no="1" player="L1mltless" type="1" discard="1" dealt="1" sum="10"/>
<action no="2" player="M1ky3ste92" type="2" sum="20"/>
</round>
<round no="1"><cards type="Pocket" player="M1ky3ste92">S4 D7</cards>
<cards type="Pocket" player="dimola2000">X X</cards>
<cards type="Pocket" player="L1mltless">X X</cards>
<action no="3" player="dimola2000" type="3" discard="1" dealt="1" sum="20"/>
<action no="4" player="L1mltless" type="3" discard="1" dealt="1" sum="10"/>
<action no="5" player="M1ky3ste92" type="4" sum="0"/>
</round>
<round no="2"><cards type="Flop">C5 C3 S3</cards>
<action no="6" player="L1mltless" type="4" discard="1" dealt="1" sum="0"/>
<action no="7" player="M1ky3ste92" type="4" sum="0"/>
<action no="8" player="dimola2000" type="5" discard="1" dealt="1" sum="40"/>
<action no="9" player="L1mltless" type="0" discard="1" dealt="1" sum="0"/>
<action no="10" player="M1ky3ste92" type="0" sum="0"/>
</round>
</game>
<game gamecode="6544184403"><general><startdate>2025-11-29 12:20:18</startdate>
<round>1</round>
<failsafecounter/>
<players><player seat="10" name="dimola2000" chips="550" dealer="0" win="40" bet="40" muck="0" rebuy="0" addon="0" merge="0" rebuychips="0" reg_code="5076501868"/>
<player seat="3" name="L1mltless" chips="485" dealer="1" win="0" bet="0" muck="1" rebuy="0" addon="0" merge="0" rebuychips="0" reg_code="5076501500"/>
<player seat="6" name="M1ky3ste92" chips="465" dealer="0" win="0" bet="20" muck="1" rebuy="0" addon="0" merge="0" rebuychips="0" reg_code="5076501661"/>
</players>
</general>
<round no="0"><action no="1" player="M1ky3ste92" type="1" sum="10"/>
<action no="2" player="dimola2000" type="2" discard="1" dealt="1" sum="20"/>
</round>
<round no="1"><cards type="Pocket" player="dimola2000">S6 DK</cards>
<cards type="Pocket" player="M1ky3ste92">C7 SQ</cards>
<cards type="Pocket" player="L1mltless">X X</cards>
<action no="3" player="L1mltless" type="0" discard="1" dealt="1" sum="0"/>
<action no="4" player="M1ky3ste92" type="3" sum="10"/>
<action no="5" player="dimola2000" type="4" discard="1" dealt="1" sum="0"/>
</round>
<round no="2"><cards type="Flop">D2 D3 C3</cards>
<action no="6" player="M1ky3ste92" type="4" sum="0"/>
<action no="7" player="dimola2000" type="4" discard="1" dealt="1" sum="0"/>
</round>
<round no="3"><cards type="Turn">CK</cards>
<action no="8" player="M1ky3ste92" type="4" sum="0"/>
<action no="9" player="dimola2000" type="5" discard="1" dealt="1" sum="20"/>
<action no="10" player="M1ky3ste92" type="0" sum="0"/>
</round>
</game>
<game gamecode="6544184434"><general><startdate>2025-11-29 12:20:42</startdate>
<round>1</round>
<failsafecounter/>
<players><player seat="3" name="L1mltless" chips="485" dealer="0" win="120" bet="180" muck="1" rebuy="0" addon="0" merge="0" rebuychips="0" reg_code="5076501500"/>
<player seat="6" name="M1ky3ste92" chips="445" dealer="1" win="0" bet="0" muck="1" rebuy="0" addon="0" merge="0" rebuychips="0" reg_code="5076501661"/>
<player seat="10" name="dimola2000" chips="570" dealer="0" win="0" bet="60" muck="1" rebuy="0" addon="0" merge="0" rebuychips="0" reg_code="5076501868"/>
</players>
</general>
<round no="0"><action no="1" player="dimola2000" type="1" discard="1" dealt="1" sum="10"/>
<action no="2" player="L1mltless" type="2" discard="1" dealt="1" sum="20"/>
</round>
<round no="1"><cards type="Pocket" player="M1ky3ste92">S6 D9</cards>
<cards type="Pocket" player="L1mltless">X X</cards>
<cards type="Pocket" player="dimola2000">X X</cards>
<action no="3" player="M1ky3ste92" type="0" sum="0"/>
<action no="4" player="dimola2000" type="3" discard="1" dealt="1" sum="10"/>
<action no="5" player="L1mltless" type="4" discard="1" dealt="1" sum="0"/>
</round>
<round no="2"><cards type="Flop">DK C7 S8</cards>
<action no="6" player="dimola2000" type="4" discard="1" dealt="1" sum="0"/>
<action no="7" player="L1mltless" type="4" discard="1" dealt="1" sum="0"/>
</round>
<round no="3"><cards type="Turn">D7</cards>
<action no="8" player="dimola2000" type="4" discard="1" dealt="1" sum="0"/>
<action no="9" player="L1mltless" type="5" discard="1" dealt="1" sum="40"/>
<action no="10" player="dimola2000" type="3" discard="1" dealt="1" sum="40"/>
</round>
<round no="4"><cards type="River">C2</cards>
<action no="11" player="dimola2000" type="4" discard="1" dealt="1" sum="0"/>
<action no="12" player="L1mltless" type="5" discard="1" dealt="1" sum="120"/>
<action no="13" player="dimola2000" type="0" discard="1" dealt="1" sum="0"/>
</round>
</game>
<game gamecode="6544184489"><general><startdate>2025-11-29 12:21:17</startdate>
<round>1</round>
<failsafecounter/>
<players><player seat="6" name="M1ky3ste92" chips="445" dealer="0" win="0" bet="445" muck="0" rebuy="0" addon="0" merge="0" rebuychips="0" reg_code="5076501661"/>
<player seat="10" name="dimola2000" chips="510" dealer="1" win="910" bet="445" muck="0" rebuy="0" addon="0" merge="0" rebuychips="0" reg_code="5076501868"/>
<player seat="3" name="L1mltless" chips="545" dealer="0" win="0" bet="20" muck="1" rebuy="0" addon="0" merge="0" rebuychips="0" reg_code="5076501500"/>
</players>
</general>
<round no="0"><action no="1" player="L1mltless" type="15" discard="1" dealt="1" sum="5"/>
<action no="2" player="M1ky3ste92" type="15" sum="5"/>
<action no="3" player="dimola2000" type="15" discard="1" dealt="1" sum="5"/>
<action no="4" player="L1mltless" type="1" discard="1" dealt="1" sum="15"/>
<action no="5" player="M1ky3ste92" type="2" sum="30"/>
</round>
<round no="1"><cards type="Pocket" player="M1ky3ste92">C9 H9</cards>
<cards type="Pocket" player="L1mltless">X X</cards>
<cards type="Pocket" player="dimola2000">HK CK</cards>
<action no="6" player="dimola2000" type="23" discard="1" dealt="1" sum="60"/>
<action no="7" player="L1mltless" type="0" discard="1" dealt="1" sum="0"/>
<action no="8" player="M1ky3ste92" type="23" sum="440"/>
<action no="9" player="dimola2000" type="3" discard="1" dealt="1" sum="380"/>
</round>
<round no="2"><cards type="Flop">S4 D3 CA</cards>
</round>
<round no="3"><cards type="Turn">CJ</cards>
</round>
<round no="4"><cards type="River">DK</cards>
</round>
</game>
</session>
