<?xml version="1.0" encoding="UTF-8"?>
<session sessioncode="5076502172">
<general>
<client_version>25.7.1.34</client_version>
<mode>real</mode>
<gametype>Holdem NL</gametype>
<tablename>Twister €100 SNG, 822670102</tablename>
<tournamentcode>822670101</tournamentcode>
<tournamentname>Twister €100 SNG</tournamentname>
<buyin>€0 + €7 + €93</buyin>
<totalbuyin>€100</totalbuyin>
<rewarddrawn>€400</rewarddrawn>
<tournamentcurrency>EUR</tournamentcurrency>
<currency>EUR</currency>
<nickname>M1ky3ste92</nickname>
<gamecount>9</gamecount>
<startdate>2025-11-29 12:20:33</startdate>
<place>3</place>
<win>€0</win>
<tablesize>3</tablesize>
</general>
<game gamecode="6544183780"><general><startdate>2025-11-29 12:20:48</startdate>
<round>1</round>
<failsafecounter/>
<players><player seat="10" name="M1ky3ste92" chips="500" dealer="0" win="0" bet="20" muck="1" rebuy="0" addon="0" merge="0" rebuychips="0" reg_code="5076502172"/>
<player seat="3" name="L1mltless" chips="500" dealer="1" win="0" bet="40" muck="1" rebuy="0" addon="0" merge="0" rebuychips="0" reg_code="5076501899"/>
<player seat="6" name="bulliuz" chips="500" dealer="0" win="100" bet="500" muck="1" rebuy="0" addon="0" merge="0" rebuychips="0" reg_code="5076502022"/>
</players>
</general>
<round no="0"><action no="1" player="bulliuz" type="1" discard="1" dealt="1" sum="10"/>
<action no="2" player="M1ky3ste92" type="2" sum="20"/>
</round>
<round no="1"><cards type="Pocket" player="L1mltless">X X</cards>
<cards type="Pocket" player="M1ky3ste92">D8 C5</cards>
<cards type="Pocket" player="bulliuz">X X</cards>
<action no="3" player="L1mltless" type="23" discard="1" dealt="1" sum="40"/>
<action no="4" player="bulliuz" type="23" discard="1" dealt="1" sum="500"/>
<action no="5" player="M1ky3ste92" type="0" sum="0"/>
<action no="6" player="L1mltless" type="0" discard="1" dealt="1" sum="0"/>
</round>
</game>
<game gamecode="6544183812"><general><startdate>2025-11-29 12:21:04</startdate>
<round>1</round>
<failsafecounter/>
<players><player seat="3" name="L1mltless" chips="460" dealer="0" win="40" bet="60" muck="1" rebuy="0" addon="0" merge="0" rebuychips="0" reg_code="5076501899"/>
<player seat="6" name="bulliuz" chips="560" dealer="1" win="0" bet="0" muck="1" rebuy="0" addon="0" merge="0" rebuychips="0" reg_code="5076502022"/>
<player seat="10" name="M1ky3ste92" chips="480" dealer="0" win="0" bet="20" muck="1" rebuy="0" addon="0" merge="0" rebuychips="0" reg_code="5076502172"/>
</players>
</general>
<round no="0"><action no="1" player="M1ky3ste92" type="1" sum="10"/>
<action no="2" player="L1mltless" type="2" discard="1" dealt="1" sum="20"/>
</round>
<round no="1"><cards type="Pocket" player="M1ky3ste92">DK S3</cards>
<cards type="Pocket" player="L1mltless">X X</cards>
<cards type="Pocket" player="bulliuz">X X</cards>
<action no="3" player="bulliuz" type="0" discard="1" dealt="1" sum="0"/>
<action no="4" player="M1ky3ste92" type="3" sum="10"/>
<action no="5" player="L1mltless" type="23" discard="1" dealt="1" sum="60"/>
<action no="6" player="M1ky3ste92" type="0" sum="0"/>
</round>
</game>
<game gamecode="6544183841"><general><startdate>2025-11-29 12:21:20</startdate>
<round>1</round>
<failsafecounter/>
<players><player seat="6" name="bulliuz" chips="560" dealer="0" win="0" bet="80" muck="1" rebuy="0" addon="0" merge="0" rebuychips="0" reg_code="5076502022"/>
<player seat="10" name="M1ky3ste92" chips="460" dealer="1" win="0" bet="0" muck="1" rebuy="0" addon="0" merge="0" rebuychips="0" reg_code="5076502172"/>
<player seat="3" name="L1mltless" chips="480" dealer="0" win="160" bet="80" muck="0" rebuy="0" addon="0" merge="0" rebuychips="0" reg_code="5076501899"/>
</players>
</general>
<round no="0"><action no="1" player="L1mltless" type="1" discard="1" dealt="1" sum="10"/>
<action no="2" player="bulliuz" type="2" discard="1" dealt="1" sum="20"/>
</round>
<round no="1"><cards type="Pocket" player="L1mltless">H4 H8</cards>
<cards type="Pocket" player="bulliuz">CA D6</cards>
<cards type="Pocket" player="M1ky3ste92">SA H3</cards>
<action no="3" player="M1ky3ste92" type="0" sum="0"/>
<action no="4" player="L1mltless" type="3" discard="1" dealt="1" sum="10"/>
<action no="5" player="bulliuz" type="23" discard="1" dealt="1" sum="40"/>
<action no="6" player="L1mltless" type="3" discard="1" dealt="1" sum="20"/>
</round>
<round no="2"><cards type="Flop">S5 HQ H9</cards>
<action no="7" player="L1mltless" type="4" discard="1" dealt="1" sum="0"/>
<action no="8" player="bulliuz" type="5" discard="1" dealt="1" sum="40"/>
<action no="9" player="L1mltless" type="3" discard="1" dealt="1" sum="40"/>
</round>
<round no="3"><cards type="Turn">S9</cards>
<action no="10" player="L1mltless" type="4" discard="1" dealt="1" sum="0"/>
<action no="11" player="bulliuz" type="4" discard="1" dealt="1" sum="0"/>
</round>
<round no="4"><cards type="River">C4</cards>
<action no="12" player="L1mltless" type="4" discard="1" dealt="1" sum="0"/>
<action no="13" player="bulliuz" type="4" discard="1" dealt="1" sum="0"/>
</round>
</game>
<game gamecode="6544183932"><general><startdate>2025-11-29 12:22:02</startdate>
<round>1</round>
<failsafecounter/>
<players><player seat="10" name="M1ky3ste92" chips="460" dealer="0" win="0" bet="60" muck="1" rebuy="0" addon="0" merge="0" rebuychips="0" reg_code="5076502172"/>
<player seat="3" name="L1mltless" chips="560" dealer="1" win="0" bet="0" muck="1" rebuy="0" addon="0" merge="0" rebuychips="0" reg_code="5076501899"/>
<player seat="6" name="bulliuz" chips="480" dealer="0" win="120" bet="80" muck="1" rebuy="0" addon="0" merge="0" rebuychips="0" reg_code="5076502022"/>
</players>
</general>
<round no="0"><action no="1" player="bulliuz" type="1" discard="1" dealt="1" sum="10"/>
<action no="2" player="M1ky3ste92" type="2" sum="20"/>
</round>
<round no="1"><cards type="Pocket" player="M1ky3ste92">H9 S8</cards>
<cards type="Pocket" player="bulliuz">X X</cards>
<cards type="Pocket" player="L1mltless">X X</cards>
<action no="3" player="L1mltless" type="0" discard="1" dealt="1" sum="0"/>
<action no="4" player="bulliuz" type="3" discard="1" dealt="1" sum="10"/>
<action no="5" player="M1ky3ste92" type="4" sum="0"/>
</round>
<round no="2"><cards type="Flop">SQ S10 C6</cards>
<action no="6" player="bulliuz" type="5" discard="1" dealt="1" sum="20"/>
<action no="7" player="M1ky3ste92" type="3" sum="20"/>
</round>
<round no="3"><cards type="Turn">H10</cards>
<action no="8" player="bulliuz" type="5" discard="1" dealt="1" sum="20"/>
<action no="9" player="M1ky3ste92" type="3" sum="20"/>
</round>
<round no="4"><cards type="River">H5</cards>
<action no="10" player="bulliuz" type="5" discard="1" dealt="1" sum="20"/>
<action no="11" player="M1ky3ste92" type="0" sum="0"/>
</round>
</game>
<game gamecode="6544186854"><general><startdate>2025-11-29 12:22:32</startdate>
<round>1</round>
<failsafecounter/>
<players><player seat="3" name="L1mltless" chips="560" dealer="0" win="0" bet="40" muck="1" rebuy="0" addon="0" merge="0" rebuychips="0" reg_code="5076501899"/>
<player seat="6" name="bulliuz" chips="540" dealer="1" win="160" bet="140" muck="0" rebuy="0" addon="0" merge="0" rebuychips="0" reg_code="5076502022"/>
<player seat="10" name="M1ky3ste92" chips="400" dealer="0" win="160" bet="140" muck="0" rebuy="0" addon="0" merge="0" rebuychips="0" reg_code="5076502172"/>
</players>
</general>
<round no="0"><action no="1" player="M1ky3ste92" type="1" sum="10"/>
<action no="2" player="L1mltless" type="2" discard="1" dealt="1" sum="20"/>
</round>
<round no="1"><cards type="Pocket" player="L1mltless">X X</cards>
<cards type="Pocket" player="bulliuz">CJ HQ</cards>
<cards type="Pocket" player="M1ky3ste92">C10 CQ</cards>
<action no="3" player="bulliuz" type="23" discard="1" dealt="1" sum="40"/>
<action no="4" player="M1ky3ste92" type="3" sum="30"/>
<action no="5" player="L1mltless" type="3" discard="1" dealt="1" sum="20"/>
</round>
<round no="2"><cards type="Flop">DQ CA C5</cards>
<action no="6" player="M1ky3ste92" type="4" sum="0"/>
<action no="7" player="L1mltless" type="4" discard="1" dealt="1" sum="0"/>
<action no="8" player="bulliuz" type="5" discard="1" dealt="1" sum="40"/>
<action no="9" player="M1ky3ste92" type="23" sum="100"/>
<action no="10" player="L1mltless" type="0" discard="1" dealt="1" sum="0"/>
<action no="11" player="bulliuz" type="3" discard="1" dealt="1" sum="60"/>
</round>
<round no="3"><cards type="Turn">S5</cards>
<action no="12" player="M1ky3ste92" type="4" sum="0"/>
<action no="13" player="bulliuz" type="4" discard="1" dealt="1" sum="0"/>
</round>
<round no="4"><cards type="River">H2</cards>
<action no="14" player="M1ky3ste92" type="4" sum="0"/>
<action no="15" player="bulliuz" type="4" discard="1" dealt="1" sum="0"/>
</round>
</game>
<game gamecode="6544186941"><general><startdate>2025-11-29 12:23:21</startdate>
<round>1</round>
<failsafecounter/>
<players><player seat="6" name="bulliuz" chips="560" dealer="0" win="45" bet="35" muck="1" rebuy="0" addon="0" merge="0" rebuychips="0" reg_code="5076502022"/>
<player seat="10" name="M1ky3ste92" chips="420" dealer="1" win="0" bet="5" muck="1" rebuy="0" addon="0" merge="0" rebuychips="0" reg_code="5076502172"/>
<player seat="3" name="L1mltless" chips="520" dealer="0" win="0" bet="20" muck="1" rebuy="0" addon="0" merge="0" rebuychips="0" reg_code="5076501899"/>
</players>
</general>
<round no="0"><action no="1" player="L1mltless" type="15" discard="1" dealt="1" sum="5"/>
<action no="2" player="bulliuz" type="15" discard="1" dealt="1" sum="5"/>
<action no="3" player="M1ky3ste92" type="15" sum="5"/>
<action no="4" player="L1mltless" type="1" discard="1" dealt="1" sum="15"/>
<action no="5" player="bulliuz" type="2" discard="1" dealt="1" sum="30"/>
</round>
<round no="1"><cards type="Pocket" player="L1mltless">X X</cards>
<cards type="Pocket" player="bulliuz">X X</cards>
<cards type="Pocket" player="M1ky3ste92">CK D4</cards>
<action no="6" player="M1ky3ste92" type="0" sum="0"/>
<action no="7" player="L1mltless" type="0" discard="1" dealt="1" sum="0"/>
</round>
</game>
<game gamecode="6544186957"><general><startdate>2025-11-29 12:23:29</startdate>
<round>1</round>
<failsafecounter/>
<players><player seat="10" name="M1ky3ste92" chips="415" dealer="0" win="127" bet="125" muck="0" rebuy="0" addon="0" merge="0" rebuychips="0" reg_code="5076502172"/>
<player seat="3" name="L1mltless" chips="500" dealer="1" win="0" bet="5" muck="1" rebuy="0" addon="0" merge="0" rebuychips="0" reg_code="5076501899"/>
<player seat="6" name="bulliuz" chips="585" dealer="0" win="128" bet="125" muck="0" rebuy="0" addon="0" merge="0" rebuychips="0" reg_code="5076502022"/>
</players>
</general>
<round no="0"><action no="1" player="bulliuz" type="15" discard="1" dealt="1" sum="5"/>
<action no="2" player="M1ky3ste92" type="15" sum="5"/>
<action no="3" player="L1mltless" type="15" discard="1" dealt="1" sum="5"/>
<action no="4" player="bulliuz" type="1" discard="1" dealt="1" sum="15"/>
<action no="5" player="M1ky3ste92" type="2" sum="30"/>
</round>
<round no="1"><cards type="Pocket" player="L1mltless">X X</cards>
<cards type="Pocket" player="M1ky3ste92">D4 CJ</cards>
<cards type="Pocket" player="bulliuz">DJ D2</cards>
<action no="6" player="L1mltless" type="0" discard="1" dealt="1" sum="0"/>
<action no="7" player="bulliuz" type="3" discard="1" dealt="1" sum="15"/>
<action no="8" player="M1ky3ste92" type="4" sum="0"/>
</round>
<round no="2"><cards type="Flop">HJ C8 S8</cards>
<action no="9" player="bulliuz" type="5" discard="1" dealt="1" sum="30"/>
<action no="10" player="M1ky3ste92" type="3" sum="30"/>
</round>
<round no="3"><cards type="Turn">S3</cards>
<action no="11" player="bulliuz" type="4" discard="1" dealt="1" sum="0"/>
<action no="12" player="M1ky3ste92" type="4" sum="0"/>
</round>
<round no="4"><cards type="River">H10</cards>
<action no="13" player="bulliuz" type="4" discard="1" dealt="1" sum="0"/>
<action no="14" player="M1ky3ste92" type="5" sum="60"/>
<action no="15" player="bulliuz" type="3" discard="1" dealt="1" sum="60"/>
</round>
</game>
<game gamecode="6544187000"><general><startdate>2025-11-29 12:23:57</startdate>
<round>1</round>
<failsafecounter/>
<players><player seat="3" name="L1mltless" chips="495" dealer="0" win="45" bet="35" muck="1" rebuy="0" addon="0" merge="0" rebuychips="0" reg_code="5076501899"/>
<player seat="6" name="bulliuz" chips="588" dealer="1" win="0" bet="5" muck="1" rebuy="0" addon="0" merge="0" rebuychips="0" reg_code="5076502022"/>
<player seat="10" name="M1ky3ste92" chips="417" dealer="0" win="0" bet="20" muck="1" rebuy="0" addon="0" merge="0" rebuychips="0" reg_code="5076502172"/>
</players>
</general>
<round no="0"><action no="1" player="M1ky3ste92" type="15" sum="5"/>
<action no="2" player="L1mltless" type="15" discard="1" dealt="1" sum="5"/>
<action no="3" player="bulliuz" type="15" discard="1" dealt="1" sum="5"/>
<action no="4" player="M1ky3ste92" type="1" sum="15"/>
<action no="5" player="L1mltless" type="2" discard="1" dealt="1" sum="30"/>
</round>
<round no="1"><cards type="Pocket" player="bulliuz">X X</cards>
<cards type="Pocket" player="M1ky3ste92">S6 H9</cards>
<cards type="Pocket" player="L1mltless">X X</cards>
<action no="6" player="bulliuz" type="0" discard="1" dealt="1" sum="0"/>
<action no="7" player="M1ky3ste92" type="0" sum="0"/>
</round>
</game>
<game gamecode="6544187008"><general><startdate>2025-11-29 12:24:03</startdate>
<round>1</round>
<failsafecounter/>
<players><player seat="6" name="bulliuz" chips="583" dealer="0" win="0" bet="35" muck="1" rebuy="0" addon="0" merge="0" rebuychips="0" reg_code="5076502022"/>
<player seat="10" name="M1ky3ste92" chips="397" dealer="1" win="0" bet="397" muck="0" rebuy="0" addon="0" merge="0" rebuychips="0" reg_code="5076502172"/>
<player seat="3" name="L1mltless" chips="520" dealer="0" win="829" bet="520" muck="0" rebuy="0" addon="0" merge="0" rebuychips="0" reg_code="5076501899"/>
</players>
</general>
<round no="0"><action no="1" player="L1mltless" type="15" discard="1" dealt="1" sum="5"/>
<action no="2" player="bulliuz" type="15" discard="1" dealt="1" sum="5"/>
<action no="3" player="M1ky3ste92" type="15" sum="5"/>
<action no="4" player="L1mltless" type="1" discard="1" dealt="1" sum="15"/>
<action no="5" player="bulliuz" type="2" discard="1" dealt="1" sum="30"/>
</round>
<round no="1"><cards type="Pocket" player="L1mltless">DJ HA</cards>
<cards type="Pocket" player="M1ky3ste92">C10 SJ</cards>
<cards type="Pocket" player="bulliuz">X X</cards>
<action no="6" player="M1ky3ste92" type="23" sum="392"/>
<action no="7" player="L1mltless" type="7" discard="1" dealt="1" sum="500"/>
<action no="8" player="bulliuz" type="0" discard="1" dealt="1" sum="0"/>
</round>
<round no="2"><cards type="Flop">H6 DA H2</cards>
</round>
<round no="3"><cards type="Turn">HJ</cards>
</round>
<round no="4"><cards type="River">S9</cards>
</round>
</game>
</session>
