<?xml version="1.0" encoding="UTF-8"?>
<session sessioncode="5076233348">
<general>
<client_version>25.7.1.34</client_version>
<mode>real</mode>
<gametype>Holdem NL</gametype>
<tablename>Twister €100 SNG, 822604543</tablename>
<tournamentcode>822604541</tournamentcode>
<tournamentname>Twister €100 SNG</tournamentname>
<buyin>€0 + €7 + €93</buyin>
<totalbuyin>€100</totalbuyin>
<rewarddrawn>€200</rewarddrawn>
<tournamentcurrency>EUR</tournamentcurrency>
<currency>EUR</currency>
<nickname>M1ky3ste92</nickname>
<gamecount>9</gamecount>
<startdate>2025-11-28 13:29:28</startdate>
<place>3</place>
<win>€0</win>
<tablesize>3</tablesize>
</general>
<game gamecode="6543301498"><general><startdate>2025-11-28 13:29:43</startdate>
<round>1</round>
<failsafecounter/>
<players><player seat="10" name="deIduKA" chips="500" dealer="0" win="100" bet="500" muck="1" rebuy="0" addon="0" merge="0" rebuychips="0" reg_code="5076233372"/>
<player seat="3" name="Cornodimucca" chips="500" dealer="1" win="0" bet="0" muck="1" rebuy="0" addon="0" merge="0" rebuychips="0" reg_code="5076232980"/>
<player seat="6" name="M1ky3ste92" chips="500" dealer="0" win="0" bet="50" muck="1" rebuy="0" addon="0" merge="0" rebuychips="0" reg_code="5076233348"/>
</players>
</general>
<round no="0"><action no="1" player="M1ky3ste92" type="1" sum="10"/>
<action no="2" player="deIduKA" type="2" discard="1" dealt="1" sum="20"/>
</round>
<round no="1"><cards type="Pocket" player="Cornodimucca">X X</cards>
<cards type="Pocket" player="deIduKA">X X</cards>
<cards type="Pocket" player="M1ky3ste92">SJ DK</cards>
<action no="3" player="Cornodimucca" type="0" discard="1" dealt="1" sum="0"/>
<action no="4" player="M1ky3ste92" type="23" sum="50"/>
<action no="5" player="deIduKA" type="23" discard="1" dealt="1" sum="500"/>
<action no="6" player="M1ky3ste92" type="0" sum="0"/>
</round>
</game>
<game gamecode="6543301537"><general><startdate>2025-11-28 13:30:05</startdate>
<round>1</round>
<failsafecounter/>
<players><player seat="3" name="Cornodimucca" chips="500" dealer="0" win="20" bet="20" muck="1" rebuy="0" addon="0" merge="0" rebuychips="0" reg_code="5076232980"/>
<player seat="6" name="M1ky3ste92" chips="450" dealer="1" win="0" bet="0" muck="1" rebuy="0" addon="0" merge="0" rebuychips="0" reg_code="5076233348"/>
<player seat="10" name="deIduKA" chips="550" dealer="0" win="0" bet="10" muck="1" rebuy="0" addon="0" merge="0" rebuychips="0" reg_code="5076233372"/>
</players>
</general>
<round no="0"><action no="1" player="deIduKA" type="1" discard="1" dealt="1" sum="10"/>
<action no="2" player="Cornodimucca" type="2" discard="1" dealt="1" sum="20"/>
</round>
<round no="1"><cards type="Pocket" player="Cornodimucca">X X</cards>
<cards type="Pocket" player="M1ky3ste92">S7 S4</cards>
<cards type="Pocket" player="deIduKA">X X</cards>
<action no="3" player="M1ky3ste92" type="0" sum="0"/>
<action no="4" player="deIduKA" type="0" discard="1" dealt="1" sum="0"/>
</round>
</game>
<game gamecode="6543301557"><general><startdate>2025-11-28 13:30:18</startdate>
<round>1</round>
<failsafecounter/>
<players><player seat="6" name="M1ky3ste92" chips="450" dealer="0" win="0" bet="60" muck="1" rebuy="0" addon="0" merge="0" rebuychips="0" reg_code="5076233348"/>
<player seat="10" name="deIduKA" chips="540" dealer="1" win="0" bet="0" muck="1" rebuy="0" addon="0" merge="0" rebuychips="0" reg_code="5076233372"/>
<player seat="3" name="Cornodimucca" chips="510" dealer="0" win="120" bet="90" muck="1" rebuy="0" addon="0" merge="0" rebuychips="0" reg_code="5076232980"/>
</players>
</general>
<round no="0"><action no="1" player="Cornodimucca" type="1" discard="1" dealt="1" sum="10"/>
<action no="2" player="M1ky3ste92" type="2" sum="20"/>
</round>
<round no="1"><cards type="Pocket" player="M1ky3ste92">S5 SQ</cards>
<cards type="Pocket" player="deIduKA">X X</cards>
<cards type="Pocket" player="Cornodimucca">X X</cards>
<action no="3" player="deIduKA" type="0" discard="1" dealt="1" sum="0"/>
<action no="4" player="Cornodimucca" type="23" discard="1" dealt="1" sum="60"/>
<action no="5" player="M1ky3ste92" type="3" sum="40"/>
</round>
<round no="2"><cards type="Flop">HA H2 C2</cards>
<action no="6" player="Cornodimucca" type="5" discard="1" dealt="1" sum="30"/>
<action no="7" player="M1ky3ste92" type="0" sum="0"/>
</round>
</game>
<game gamecode="6543301605"><general><startdate>2025-11-28 13:30:44</startdate>
<round>1</round>
<failsafecounter/>
<players><player seat="10" name="deIduKA" chips="540" dealer="0" win="20" bet="20" muck="1" rebuy="0" addon="0" merge="0" rebuychips="0" reg_code="5076233372"/>
<player seat="3" name="Cornodimucca" chips="570" dealer="1" win="0" bet="0" muck="1" rebuy="0" addon="0" merge="0" rebuychips="0" reg_code="5076232980"/>
<player seat="6" name="M1ky3ste92" chips="390" dealer="0" win="0" bet="10" muck="1" rebuy="0" addon="0" merge="0" rebuychips="0" reg_code="5076233348"/>
</players>
</general>
<round no="0"><action no="1" player="M1ky3ste92" type="1" sum="10"/>
<action no="2" player="deIduKA" type="2" discard="1" dealt="1" sum="20"/>
</round>
<round no="1"><cards type="Pocket" player="M1ky3ste92">H4 D7</cards>
<cards type="Pocket" player="Cornodimucca">X X</cards>
<cards type="Pocket" player="deIduKA">X X</cards>
<action no="3" player="Cornodimucca" type="0" discard="1" dealt="1" sum="0"/>
<action no="4" player="M1ky3ste92" type="0" sum="0"/>
</round>
</game>
<game gamecode="6543301613"><general><startdate>2025-11-28 13:30:50</startdate>
<round>1</round>
<failsafecounter/>
<players><player seat="3" name="Cornodimucca" chips="570" dealer="0" win="90" bet="570" muck="1" rebuy="0" addon="0" merge="0" rebuychips="0" reg_code="5076232980"/>
<player seat="6" name="M1ky3ste92" chips="380" dealer="1" win="0" bet="40" muck="1" rebuy="0" addon="0" merge="0" rebuychips="0" reg_code="5076233348"/>
<player seat="10" name="deIduKA" chips="550" dealer="0" win="0" bet="10" muck="1" rebuy="0" addon="0" merge="0" rebuychips="0" reg_code="5076233372"/>
</players>
</general>
<round no="0"><action no="1" player="deIduKA" type="1" discard="1" dealt="1" sum="10"/>
<action no="2" player="Cornodimucca" type="2" discard="1" dealt="1" sum="20"/>
</round>
<round no="1"><cards type="Pocket" player="Cornodimucca">X X</cards>
<cards type="Pocket" player="deIduKA">X X</cards>
<cards type="Pocket" player="M1ky3ste92">DQ HJ</cards>
<action no="3" player="M1ky3ste92" type="23" sum="40"/>
<action no="4" player="deIduKA" type="0" discard="1" dealt="1" sum="0"/>
<action no="5" player="Cornodimucca" type="23" discard="1" dealt="1" sum="570"/>
<action no="6" player="M1ky3ste92" type="0" sum="0"/>
</round>
</game>
<game gamecode="6543304521"><general><startdate>2025-11-28 13:31:12</startdate>
<round>1</round>
<failsafecounter/>
<players><player seat="6" name="M1ky3ste92" chips="340" dealer="0" win="40" bet="60" muck="1" rebuy="0" addon="0" merge="0" rebuychips="0" reg_code="5076233348"/>
<player seat="10" name="deIduKA" chips="540" dealer="1" win="0" bet="0" muck="1" rebuy="0" addon="0" merge="0" rebuychips="0" reg_code="5076233372"/>
<player seat="3" name="Cornodimucca" chips="620" dealer="0" win="0" bet="20" muck="1" rebuy="0" addon="0" merge="0" rebuychips="0" reg_code="5076232980"/>
</players>
</general>
<round no="0"><action no="1" player="Cornodimucca" type="1" discard="1" dealt="1" sum="10"/>
<action no="2" player="M1ky3ste92" type="2" sum="20"/>
</round>
<round no="1"><cards type="Pocket" player="deIduKA">X X</cards>
<cards type="Pocket" player="Cornodimucca">X X</cards>
<cards type="Pocket" player="M1ky3ste92">SJ DJ</cards>
<action no="3" player="deIduKA" type="0" discard="1" dealt="1" sum="0"/>
<action no="4" player="Cornodimucca" type="3" discard="1" dealt="1" sum="10"/>
<action no="5" player="M1ky3ste92" type="23" sum="60"/>
<action no="6" player="Cornodimucca" type="0" discard="1" dealt="1" sum="0"/>
</round>
</game>
<game gamecode="6543304543"><general><startdate>2025-11-28 13:31:26</startdate>
<round>1</round>
<failsafecounter/>
<players><player seat="10" name="deIduKA" chips="540" dealer="0" win="0" bet="35" muck="1" rebuy="0" addon="0" merge="0" rebuychips="0" reg_code="5076233372"/>
<player seat="3" name="Cornodimucca" chips="600" dealer="1" win="0" bet="5" muck="1" rebuy="0" addon="0" merge="0" rebuychips="0" reg_code="5076232980"/>
<player seat="6" name="M1ky3ste92" chips="360" dealer="0" win="75" bet="360" muck="1" rebuy="0" addon="0" merge="0" rebuychips="0" reg_code="5076233348"/>
</players>
</general>
<round no="0"><action no="1" player="M1ky3ste92" type="15" sum="5"/>
<action no="2" player="deIduKA" type="15" discard="1" dealt="1" sum="5"/>
<action no="3" player="Cornodimucca" type="15" discard="1" dealt="1" sum="5"/>
<action no="4" player="M1ky3ste92" type="1" sum="15"/>
<action no="5" player="deIduKA" type="2" discard="1" dealt="1" sum="30"/>
</round>
<round no="1"><cards type="Pocket" player="deIduKA">X X</cards>
<cards type="Pocket" player="M1ky3ste92">H7 H6</cards>
<cards type="Pocket" player="Cornodimucca">X X</cards>
<action no="6" player="Cornodimucca" type="0" discard="1" dealt="1" sum="0"/>
<action no="7" player="M1ky3ste92" type="23" sum="355"/>
<action no="8" player="deIduKA" type="0" discard="1" dealt="1" sum="0"/>
</round>
</game>
<game gamecode="6543304563"><general><startdate>2025-11-28 13:31:37</startdate>
<round>1</round>
<failsafecounter/>
<players><player seat="3" name="Cornodimucca" chips="595" dealer="0" win="75" bet="91" muck="1" rebuy="0" addon="0" merge="0" rebuychips="0" reg_code="5076232980"/>
<player seat="6" name="M1ky3ste92" chips="400" dealer="1" win="0" bet="5" muck="1" rebuy="0" addon="0" merge="0" rebuychips="0" reg_code="5076233348"/>
<player seat="10" name="deIduKA" chips="505" dealer="0" win="0" bet="35" muck="1" rebuy="0" addon="0" merge="0" rebuychips="0" reg_code="5076233372"/>
</players>
</general>
<round no="0"><action no="1" player="deIduKA" type="15" discard="1" dealt="1" sum="5"/>
<action no="2" player="Cornodimucca" type="15" discard="1" dealt="1" sum="5"/>
<action no="3" player="M1ky3ste92" type="15" sum="5"/>
<action no="4" player="deIduKA" type="1" discard="1" dealt="1" sum="15"/>
<action no="5" player="Cornodimucca" type="2" discard="1" dealt="1" sum="30"/>
</round>
<round no="1"><cards type="Pocket" player="Cornodimucca">X X</cards>
<cards type="Pocket" player="M1ky3ste92">S5 HQ</cards>
<cards type="Pocket" player="deIduKA">X X</cards>
<action no="6" player="M1ky3ste92" type="0" sum="0"/>
<action no="7" player="deIduKA" type="3" discard="1" dealt="1" sum="15"/>
<action no="8" player="Cornodimucca" type="4" discard="1" dealt="1" sum="0"/>
</round>
<round no="2"><cards type="Flop">SJ S9 H4</cards>
<action no="9" player="deIduKA" type="4" discard="1" dealt="1" sum="0"/>
<action no="10" player="Cornodimucca" type="4" discard="1" dealt="1" sum="0"/>
</round>
<round no="3"><cards type="Turn">CQ</cards>
<action no="11" player="deIduKA" type="4" discard="1" dealt="1" sum="0"/>
<action no="12" player="Cornodimucca" type="4" discard="1" dealt="1" sum="0"/>
</round>
<round no="4"><cards type="River">CK</cards>
<action no="13" player="deIduKA" type="4" discard="1" dealt="1" sum="0"/>
<action no="14" player="Cornodimucca" type="5" discard="1" dealt="1" sum="56"/>
<action no="15" player="deIduKA" type="0" discard="1" dealt="1" sum="0"/>
</round>
</game>
<game gamecode="6543304643"><general><startdate>2025-11-28 13:32:23</startdate>
<round>1</round>
<failsafecounter/>
<players><player seat="6" name="M1ky3ste92" chips="395" dealer="0" win="0" bet="395" muck="0" rebuy="0" addon="0" merge="0" rebuychips="0" reg_code="5076233348"/>
<player seat="10" name="deIduKA" chips="470" dealer="1" win="810" bet="395" muck="0" rebuy="0" addon="0" merge="0" rebuychips="0" reg_code="5076233372"/>
<player seat="3" name="Cornodimucca" chips="635" dealer="0" win="0" bet="20" muck="1" rebuy="0" addon="0" merge="0" rebuychips="0" reg_code="5076232980"/>
</players>
</general>
<round no="0"><action no="1" player="Cornodimucca" type="15" discard="1" dealt="1" sum="5"/>
<action no="2" player="M1ky3ste92" type="15" sum="5"/>
<action no="3" player="deIduKA" type="15" discard="1" dealt="1" sum="5"/>
<action no="4" player="Cornodimucca" type="1" discard="1" dealt="1" sum="15"/>
<action no="5" player="M1ky3ste92" type="2" sum="30"/>
</round>
<round no="1"><cards type="Pocket" player="Cornodimucca">X X</cards>
<cards type="Pocket" player="M1ky3ste92">S10 HA</cards>
<cards type="Pocket" player="deIduKA">CA C8</cards>
<action no="6" player="deIduKA" type="23" discard="1" dealt="1" sum="60"/>
<action no="7" player="Cornodimucca" type="0" discard="1" dealt="1" sum="0"/>
<action no="8" player="M1ky3ste92" type="23" sum="390"/>
<action no="9" player="deIduKA" type="3" discard="1" dealt="1" sum="330"/>
</round>
<round no="2"><cards type="Flop">S8 H5 S3</cards>
</round>
<round no="3"><cards type="Turn">SJ</cards>
</round>
<round no="4"><cards type="River">C6</cards>
</round>
</game>
</session>
