<?xml version="1.0" encoding="UTF-8"?>
<session sessioncode="5076499040">
<general>
<client_version>25.7.1.34</client_version>
<mode>real</mode>
<gametype>Holdem NL</gametype>
<tablename>Twister €100 SNG, 822669561</tablename>
<tournamentcode>822669560</tournamentcode>
<tournamentname>Twister €100 SNG</tournamentname>
<buyin>€0 + €7 + €93</buyin>
<totalbuyin>€100</totalbuyin>
<rewarddrawn>€200</rewarddrawn>
<tournamentcurrency>EUR</tournamentcurrency>
<currency>EUR</currency>
<nickname>M1ky3ste92</nickname>
<gamecount>26</gamecount>
<startdate>2025-11-29 12:13:12</startdate>
<place>2</place>
<win>€0</win>
<tablesize>3</tablesize>
</general>
<game gamecode="6544177256"><general><startdate>2025-11-29 12:13:27</startdate>
<round>1</round>
<failsafecounter/>
<players><player seat="3" name="L1mltless" chips="500" dealer="0" win="0" bet="40" muck="1" rebuy="0" addon="0" merge="0" rebuychips="0" reg_code="5076498747"/>
<player seat="6" name="M1ky3ste92" chips="500" dealer="1" win="0" bet="0" muck="1" rebuy="0" addon="0" merge="0" rebuychips="0" reg_code="5076499040"/>
<player seat="10" name="dimola2000" chips="500" dealer="0" win="80" bet="80" muck="1" rebuy="0" addon="0" merge="0" rebuychips="0" reg_code="5076501052"/>
</players>
</general>
<round no="0"><action no="1" player="dimola2000" type="1" discard="1" dealt="1" sum="10"/>
<action no="2" player="L1mltless" type="2" discard="1" dealt="1" sum="20"/>
</round>
<round no="1"><cards type="Pocket" player="L1mltless">X X</cards>
<cards type="Pocket" player="M1ky3ste92">C8 CJ</cards>
<cards type="Pocket" player="dimola2000">X X</cards>
<action no="3" player="M1ky3ste92" type="0" sum="0"/>
<action no="4" player="dimola2000" type="23" discard="1" dealt="1" sum="40"/>
<action no="5" player="L1mltless" type="3" discard="1" dealt="1" sum="20"/>
</round>
<round no="2"><cards type="Flop">H8 CK DA</cards>
<action no="6" player="dimola2000" type="5" discard="1" dealt="1" sum="40"/>
<action no="7" player="L1mltless" type="0" discard="1" dealt="1" sum="0"/>
</round>
</game>
<game gamecode="6544177296"><general><startdate>2025-11-29 12:13:54</startdate>
<round>1</round>
<failsafecounter/>
<players><player seat="6" name="M1ky3ste92" chips="500" dealer="0" win="0" bet="20" muck="1" rebuy="0" addon="0" merge="0" rebuychips="0" reg_code="5076499040"/>
<player seat="10" name="dimola2000" chips="540" dealer="1" win="0" bet="0" muck="1" rebuy="0" addon="0" merge="0" rebuychips="0" reg_code="5076501052"/>
<player seat="3" name="L1mltless" chips="460" dealer="0" win="40" bet="50" muck="1" rebuy="0" addon="0" merge="0" rebuychips="0" reg_code="5076498747"/>
</players>
</general>
<round no="0"><action no="1" player="L1mltless" type="1" discard="1" dealt="1" sum="10"/>
<action no="2" player="M1ky3ste92" type="2" sum="20"/>
</round>
<round no="1"><cards type="Pocket" player="M1ky3ste92">H6 C3</cards>
<cards type="Pocket" player="L1mltless">X X</cards>
<cards type="Pocket" player="dimola2000">X X</cards>
<action no="3" player="dimola2000" type="0" discard="1" dealt="1" sum="0"/>
<action no="4" player="L1mltless" type="23" discard="1" dealt="1" sum="50"/>
<action no="5" player="M1ky3ste92" type="0" sum="0"/>
</round>
</game>
<game gamecode="6544177312"><general><startdate>2025-11-29 12:14:05</startdate>
<round>1</round>
<failsafecounter/>
<players><player seat="10" name="dimola2000" chips="540" dealer="0" win="0" bet="172" muck="1" rebuy="0" addon="0" merge="0" rebuychips="0" reg_code="5076501052"/>
<player seat="3" name="L1mltless" chips="480" dealer="1" win="354" bet="480" muck="1" rebuy="0" addon="0" merge="0" rebuychips="0" reg_code="5076498747"/>
<player seat="6" name="M1ky3ste92" chips="480" dealer="0" win="0" bet="10" muck="1" rebuy="0" addon="0" merge="0" rebuychips="0" reg_code="5076499040"/>
</players>
</general>
<round no="0"><action no="1" player="M1ky3ste92" type="1" sum="10"/>
<action no="2" player="dimola2000" type="2" discard="1" dealt="1" sum="20"/>
</round>
<round no="1"><cards type="Pocket" player="M1ky3ste92">SJ C4</cards>
<cards type="Pocket" player="L1mltless">X X</cards>
<cards type="Pocket" player="dimola2000">X X</cards>
<action no="3" player="L1mltless" type="23" discard="1" dealt="1" sum="40"/>
<action no="4" player="M1ky3ste92" type="0" sum="0"/>
<action no="5" player="dimola2000" type="3" discard="1" dealt="1" sum="20"/>
</round>
<round no="2"><cards type="Flop">CA D5 C8</cards>
<action no="6" player="dimola2000" type="4" discard="1" dealt="1" sum="0"/>
<action no="7" player="L1mltless" type="5" discard="1" dealt="1" sum="46"/>
<action no="8" player="dimola2000" type="23" discard="1" dealt="1" sum="132"/>
<action no="9" player="L1mltless" type="23" discard="1" dealt="1" sum="440"/>
<action no="10" player="dimola2000" type="0" discard="1" dealt="1" sum="0"/>
</round>
</game>
<game gamecode="6544177345"><general><startdate>2025-11-29 12:14:26</startdate>
<round>1</round>
<failsafecounter/>
<players><player seat="3" name="L1mltless" chips="662" dealer="0" win="40" bet="662" muck="1" rebuy="0" addon="0" merge="0" rebuychips="0" reg_code="5076498747"/>
<player seat="6" name="M1ky3ste92" chips="470" dealer="1" win="0" bet="0" muck="1" rebuy="0" addon="0" merge="0" rebuychips="0" reg_code="5076499040"/>
<player seat="10" name="dimola2000" chips="368" dealer="0" win="0" bet="20" muck="1" rebuy="0" addon="0" merge="0" rebuychips="0" reg_code="5076501052"/>
</players>
</general>
<round no="0"><action no="1" player="dimola2000" type="1" discard="1" dealt="1" sum="10"/>
<action no="2" player="L1mltless" type="2" discard="1" dealt="1" sum="20"/>
</round>
<round no="1"><cards type="Pocket" player="L1mltless">X X</cards>
<cards type="Pocket" player="M1ky3ste92">SQ D2</cards>
<cards type="Pocket" player="dimola2000">X X</cards>
<action no="3" player="M1ky3ste92" type="0" sum="0"/>
<action no="4" player="dimola2000" type="3" discard="1" dealt="1" sum="10"/>
<action no="5" player="L1mltless" type="23" discard="1" dealt="1" sum="662"/>
<action no="6" player="dimola2000" type="0" discard="1" dealt="1" sum="0"/>
</round>
</game>
<game gamecode="6544177367"><general><startdate>2025-11-29 12:14:35</startdate>
<round>1</round>
<failsafecounter/>
<players><player seat="6" name="M1ky3ste92" chips="470" dealer="0" win="0" bet="20" muck="1" rebuy="0" addon="0" merge="0" rebuychips="0" reg_code="5076499040"/>
<player seat="10" name="dimola2000" chips="348" dealer="1" win="0" bet="20" muck="1" rebuy="0" addon="0" merge="0" rebuychips="0" reg_code="5076501052"/>
<player seat="3" name="L1mltless" chips="682" dealer="0" win="60" bet="682" muck="1" rebuy="0" addon="0" merge="0" rebuychips="0" reg_code="5076498747"/>
</players>
</general>
<round no="0"><action no="1" player="L1mltless" type="1" discard="1" dealt="1" sum="10"/>
<action no="2" player="M1ky3ste92" type="2" sum="20"/>
</round>
<round no="1"><cards type="Pocket" player="dimola2000">X X</cards>
<cards type="Pocket" player="M1ky3ste92">S4 DA</cards>
<cards type="Pocket" player="L1mltless">X X</cards>
<action no="3" player="dimola2000" type="3" discard="1" dealt="1" sum="20"/>
<action no="4" player="L1mltless" type="23" discard="1" dealt="1" sum="682"/>
<action no="5" player="M1ky3ste92" type="0" sum="0"/>
<action no="6" player="dimola2000" type="0" discard="1" dealt="1" sum="0"/>
</round>
</game>
<game gamecode="6544177380"><general><startdate>2025-11-29 12:14:45</startdate>
<round>1</round>
<failsafecounter/>
<players><player seat="10" name="dimola2000" chips="328" dealer="0" win="0" bet="40" muck="1" rebuy="0" addon="0" merge="0" rebuychips="0" reg_code="5076501052"/>
<player seat="3" name="L1mltless" chips="722" dealer="1" win="90" bet="60" muck="1" rebuy="0" addon="0" merge="0" rebuychips="0" reg_code="5076498747"/>
<player seat="6" name="M1ky3ste92" chips="450" dealer="0" win="0" bet="10" muck="1" rebuy="0" addon="0" merge="0" rebuychips="0" reg_code="5076499040"/>
</players>
</general>
<round no="0"><action no="1" player="M1ky3ste92" type="1" sum="10"/>
<action no="2" player="dimola2000" type="2" discard="1" dealt="1" sum="20"/>
</round>
<round no="1"><cards type="Pocket" player="L1mltless">X X</cards>
<cards type="Pocket" player="dimola2000">X X</cards>
<cards type="Pocket" player="M1ky3ste92">H2 HK</cards>
<action no="3" player="L1mltless" type="23" discard="1" dealt="1" sum="40"/>
<action no="4" player="M1ky3ste92" type="0" sum="0"/>
<action no="5" player="dimola2000" type="3" discard="1" dealt="1" sum="20"/>
</round>
<round no="2"><cards type="Flop">DA C3 C10</cards>
<action no="6" player="dimola2000" type="4" discard="1" dealt="1" sum="0"/>
<action no="7" player="L1mltless" type="5" discard="1" dealt="1" sum="20"/>
<action no="8" player="dimola2000" type="0" discard="1" dealt="1" sum="0"/>
</round>
</game>
<game gamecode="6544182214"><general><startdate>2025-11-29 12:14:59</startdate>
<round>1</round>
<failsafecounter/>
<players><player seat="3" name="L1mltless" chips="772" dealer="0" win="20" bet="20" muck="1" rebuy="0" addon="0" merge="0" rebuychips="0" reg_code="5076498747"/>
<player seat="6" name="M1ky3ste92" chips="440" dealer="1" win="0" bet="0" muck="1" rebuy="0" addon="0" merge="0" rebuychips="0" reg_code="5076499040"/>
<player seat="10" name="dimola2000" chips="288" dealer="0" win="0" bet="10" muck="1" rebuy="0" addon="0" merge="0" rebuychips="0" reg_code="5076501052"/>
</players>
</general>
<round no="0"><action no="1" player="dimola2000" type="1" discard="1" dealt="1" sum="10"/>
<action no="2" player="L1mltless" type="2" discard="1" dealt="1" sum="20"/>
</round>
<round no="1"><cards type="Pocket" player="M1ky3ste92">C8 S7</cards>
<cards type="Pocket" player="dimola2000">X X</cards>
<cards type="Pocket" player="L1mltless">X X</cards>
<action no="3" player="M1ky3ste92" type="0" sum="0"/>
<action no="4" player="dimola2000" type="0" discard="1" dealt="1" sum="0"/>
</round>
</game>
<game gamecode="6544182228"><general><startdate>2025-11-29 12:15:06</startdate>
<round>1</round>
<failsafecounter/>
<players><player seat="6" name="M1ky3ste92" chips="440" dealer="0" win="0" bet="35" muck="1" rebuy="0" addon="0" merge="0" rebuychips="0" reg_code="5076499040"/>
<player seat="10" name="dimola2000" chips="278" dealer="1" win="105" bet="278" muck="1" rebuy="0" addon="0" merge="0" rebuychips="0" reg_code="5076501052"/>
<player seat="3" name="L1mltless" chips="782" dealer="0" win="0" bet="35" muck="1" rebuy="0" addon="0" merge="0" rebuychips="0" reg_code="5076498747"/>
</players>
</general>
<round no="0"><action no="1" player="L1mltless" type="15" discard="1" dealt="1" sum="5"/>
<action no="2" player="M1ky3ste92" type="15" sum="5"/>
<action no="3" player="dimola2000" type="15" discard="1" dealt="1" sum="5"/>
<action no="4" player="L1mltless" type="1" discard="1" dealt="1" sum="15"/>
<action no="5" player="M1ky3ste92" type="2" sum="30"/>
</round>
<round no="1"><cards type="Pocket" player="M1ky3ste92">D2 H10</cards>
<cards type="Pocket" player="L1mltless">X X</cards>
<cards type="Pocket" player="dimola2000">X X</cards>
<action no="6" player="dimola2000" type="3" discard="1" dealt="1" sum="30"/>
<action no="7" player="L1mltless" type="3" discard="1" dealt="1" sum="15"/>
<action no="8" player="M1ky3ste92" type="4" sum="0"/>
</round>
<round no="2"><cards type="Flop">S6 CK C10</cards>
<action no="9" player="L1mltless" type="4" discard="1" dealt="1" sum="0"/>
<action no="10" player="M1ky3ste92" type="4" sum="0"/>
<action no="11" player="dimola2000" type="5" discard="1" dealt="1" sum="243"/>
<action no="12" player="L1mltless" type="0" discard="1" dealt="1" sum="0"/>
<action no="13" player="M1ky3ste92" type="0" sum="0"/>
</round>
</game>
<game gamecode="6544182278"><general><startdate>2025-11-29 12:15:34</startdate>
<round>1</round>
<failsafecounter/>
<players><player seat="10" name="dimola2000" chips="348" dealer="0" win="315" bet="155" muck="0" rebuy="0" addon="0" merge="0" rebuychips="0" reg_code="5076501052"/>
<player seat="3" name="L1mltless" chips="747" dealer="1" win="0" bet="5" muck="1" rebuy="0" addon="0" merge="0" rebuychips="0" reg_code="5076498747"/>
<player seat="6" name="M1ky3ste92" chips="405" dealer="0" win="0" bet="155" muck="1" rebuy="0" addon="0" merge="0" rebuychips="0" reg_code="5076499040"/>
</players>
</general>
<round no="0"><action no="1" player="M1ky3ste92" type="15" sum="5"/>
<action no="2" player="dimola2000" type="15" discard="1" dealt="1" sum="5"/>
<action no="3" player="L1mltless" type="15" discard="1" dealt="1" sum="5"/>
<action no="4" player="M1ky3ste92" type="1" sum="15"/>
<action no="5" player="dimola2000" type="2" discard="1" dealt="1" sum="30"/>
</round>
<round no="1"><cards type="Pocket" player="dimola2000">HA S6</cards>
<cards type="Pocket" player="M1ky3ste92">S8 DJ</cards>
<cards type="Pocket" player="L1mltless">X X</cards>
<action no="6" player="L1mltless" type="0" discard="1" dealt="1" sum="0"/>
<action no="7" player="M1ky3ste92" type="3" sum="15"/>
<action no="8" player="dimola2000" type="4" discard="1" dealt="1" sum="0"/>
</round>
<round no="2"><cards type="Flop">DA C5 HJ</cards>
<action no="9" player="M1ky3ste92" type="4" sum="0"/>
<action no="10" player="dimola2000" type="5" discard="1" dealt="1" sum="30"/>
<action no="11" player="M1ky3ste92" type="3" sum="30"/>
</round>
<round no="3"><cards type="Turn">SK</cards>
<action no="12" player="M1ky3ste92" type="4" sum="0"/>
<action no="13" player="dimola2000" type="5" discard="1" dealt="1" sum="90"/>
<action no="14" player="M1ky3ste92" type="3" sum="90"/>
</round>
<round no="4"><cards type="River">DQ</cards>
<action no="15" player="M1ky3ste92" type="4" sum="0"/>
<action no="16" player="dimola2000" type="4" discard="1" dealt="1" sum="0"/>
</round>
</game>
<game gamecode="6544182318"><general><startdate>2025-11-29 12:15:54</startdate>
<round>1</round>
<failsafecounter/>
<players><player seat="3" name="L1mltless" chips="742" dealer="0" win="0" bet="35" muck="1" rebuy="0" addon="0" merge="0" rebuychips="0" reg_code="5076498747"/>
<player seat="6" name="M1ky3ste92" chips="250" dealer="1" win="90" bet="250" muck="1" rebuy="0" addon="0" merge="0" rebuychips="0" reg_code="5076499040"/>
<player seat="10" name="dimola2000" chips="508" dealer="0" win="0" bet="20" muck="1" rebuy="0" addon="0" merge="0" rebuychips="0" reg_code="5076501052"/>
</players>
</general>
<round no="0"><action no="1" player="dimola2000" type="15" discard="1" dealt="1" sum="5"/>
<action no="2" player="L1mltless" type="15" discard="1" dealt="1" sum="5"/>
<action no="3" player="M1ky3ste92" type="15" sum="5"/>
<action no="4" player="dimola2000" type="1" discard="1" dealt="1" sum="15"/>
<action no="5" player="L1mltless" type="2" discard="1" dealt="1" sum="30"/>
</round>
<round no="1"><cards type="Pocket" player="dimola2000">X X</cards>
<cards type="Pocket" player="L1mltless">X X</cards>
<cards type="Pocket" player="M1ky3ste92">H9 HK</cards>
<action no="6" player="M1ky3ste92" type="23" sum="245"/>
<action no="7" player="dimola2000" type="0" discard="1" dealt="1" sum="0"/>
<action no="8" player="L1mltless" type="0" discard="1" dealt="1" sum="0"/>
</round>
</game>
<game gamecode="6544182335"><general><startdate>2025-11-29 12:16:03</startdate>
<round>1</round>
<failsafecounter/>
<players><player seat="6" name="M1ky3ste92" chips="305" dealer="0" win="0" bet="35" muck="1" rebuy="0" addon="0" merge="0" rebuychips="0" reg_code="5076499040"/>
<player seat="10" name="dimola2000" chips="488" dealer="1" win="0" bet="5" muck="1" rebuy="0" addon="0" merge="0" rebuychips="0" reg_code="5076501052"/>
<player seat="3" name="L1mltless" chips="707" dealer="0" win="75" bet="707" muck="1" rebuy="0" addon="0" merge="0" rebuychips="0" reg_code="5076498747"/>
</players>
</general>
<round no="0"><action no="1" player="L1mltless" type="15" discard="1" dealt="1" sum="5"/>
<action no="2" player="M1ky3ste92" type="15" sum="5"/>
<action no="3" player="dimola2000" type="15" discard="1" dealt="1" sum="5"/>
<action no="4" player="L1mltless" type="1" discard="1" dealt="1" sum="15"/>
<action no="5" player="M1ky3ste92" type="2" sum="30"/>
</round>
<round no="1"><cards type="Pocket" player="L1mltless">X X</cards>
<cards type="Pocket" player="M1ky3ste92">D5 D4</cards>
<cards type="Pocket" player="dimola2000">X X</cards>
<action no="6" player="dimola2000" type="0" discard="1" dealt="1" sum="0"/>
<action no="7" player="L1mltless" type="23" discard="1" dealt="1" sum="702"/>
<action no="8" player="M1ky3ste92" type="0" sum="0"/>
</round>
</game>
<game gamecode="6544182366"><general><startdate>2025-11-29 12:16:19</startdate>
<round>1</round>
<failsafecounter/>
<players><player seat="10" name="dimola2000" chips="483" dealer="0" win="45" bet="35" muck="1" rebuy="0" addon="0" merge="0" rebuychips="0" reg_code="5076501052"/>
<player seat="3" name="L1mltless" chips="747" dealer="1" win="0" bet="5" muck="1" rebuy="0" addon="0" merge="0" rebuychips="0" reg_code="5076498747"/>
<player seat="6" name="M1ky3ste92" chips="270" dealer="0" win="0" bet="20" muck="1" rebuy="0" addon="0" merge="0" rebuychips="0" reg_code="5076499040"/>
</players>
</general>
<round no="0"><action no="1" player="M1ky3ste92" type="15" sum="5"/>
<action no="2" player="dimola2000" type="15" discard="1" dealt="1" sum="5"/>
<action no="3" player="L1mltless" type="15" discard="1" dealt="1" sum="5"/>
<action no="4" player="M1ky3ste92" type="1" sum="15"/>
<action no="5" player="dimola2000" type="2" discard="1" dealt="1" sum="30"/>
</round>
<round no="1"><cards type="Pocket" player="L1mltless">X X</cards>
<cards type="Pocket" player="M1ky3ste92">S7 D5</cards>
<cards type="Pocket" player="dimola2000">X X</cards>
<action no="6" player="L1mltless" type="0" discard="1" dealt="1" sum="0"/>
<action no="7" player="M1ky3ste92" type="0" sum="0"/>
</round>
</game>
<game gamecode="6544182392"><general><startdate>2025-11-29 12:16:27</startdate>
<round>1</round>
<failsafecounter/>
<players><player seat="3" name="L1mltless" chips="742" dealer="0" win="0" bet="35" muck="1" rebuy="0" addon="0" merge="0" rebuychips="0" reg_code="5076498747"/>
<player seat="6" name="M1ky3ste92" chips="250" dealer="1" win="90" bet="250" muck="1" rebuy="0" addon="0" merge="0" rebuychips="0" reg_code="5076499040"/>
<player seat="10" name="dimola2000" chips="508" dealer="0" win="0" bet="20" muck="1" rebuy="0" addon="0" merge="0" rebuychips="0" reg_code="5076501052"/>
</players>
</general>
<round no="0"><action no="1" player="dimola2000" type="15" discard="1" dealt="1" sum="5"/>
<action no="2" player="L1mltless" type="15" discard="1" dealt="1" sum="5"/>
<action no="3" player="M1ky3ste92" type="15" sum="5"/>
<action no="4" player="dimola2000" type="1" discard="1" dealt="1" sum="15"/>
<action no="5" player="L1mltless" type="2" discard="1" dealt="1" sum="30"/>
</round>
<round no="1"><cards type="Pocket" player="L1mltless">X X</cards>
<cards type="Pocket" player="dimola2000">X X</cards>
<cards type="Pocket" player="M1ky3ste92">HJ DQ</cards>
<action no="6" player="M1ky3ste92" type="23" sum="245"/>
<action no="7" player="dimola2000" type="0" discard="1" dealt="1" sum="0"/>
<action no="8" player="L1mltless" type="0" discard="1" dealt="1" sum="0"/>
</round>
</game>
<game gamecode="6544182406"><general><startdate>2025-11-29 12:16:36</startdate>
<round>1</round>
<failsafecounter/>
<players><player seat="6" name="M1ky3ste92" chips="305" dealer="0" win="0" bet="35" muck="1" rebuy="0" addon="0" merge="0" rebuychips="0" reg_code="5076499040"/>
<player seat="10" name="dimola2000" chips="488" dealer="1" win="90" bet="488" muck="1" rebuy="0" addon="0" merge="0" rebuychips="0" reg_code="5076501052"/>
<player seat="3" name="L1mltless" chips="707" dealer="0" win="0" bet="20" muck="1" rebuy="0" addon="0" merge="0" rebuychips="0" reg_code="5076498747"/>
</players>
</general>
<round no="0"><action no="1" player="L1mltless" type="15" discard="1" dealt="1" sum="5"/>
<action no="2" player="M1ky3ste92" type="15" sum="5"/>
<action no="3" player="dimola2000" type="15" discard="1" dealt="1" sum="5"/>
<action no="4" player="L1mltless" type="1" discard="1" dealt="1" sum="15"/>
<action no="5" player="M1ky3ste92" type="2" sum="30"/>
</round>
<round no="1"><cards type="Pocket" player="M1ky3ste92">S7 C2</cards>
<cards type="Pocket" player="dimola2000">X X</cards>
<cards type="Pocket" player="L1mltless">X X</cards>
<action no="6" player="dimola2000" type="23" discard="1" dealt="1" sum="483"/>
<action no="7" player="L1mltless" type="0" discard="1" dealt="1" sum="0"/>
<action no="8" player="M1ky3ste92" type="0" sum="0"/>
</round>
</game>
<game gamecode="6544182434"><general><startdate>2025-11-29 12:16:50</startdate>
<round>1</round>
<failsafecounter/>
<players><player seat="10" name="dimola2000" chips="543" dealer="0" win="272" bet="270" muck="0" rebuy="0" addon="0" merge="0" rebuychips="0" reg_code="5076501052"/>
<player seat="3" name="L1mltless" chips="687" dealer="1" win="0" bet="5" muck="1" rebuy="0" addon="0" merge="0" rebuychips="0" reg_code="5076498747"/>
<player seat="6" name="M1ky3ste92" chips="270" dealer="0" win="273" bet="270" muck="0" rebuy="0" addon="0" merge="0" rebuychips="0" reg_code="5076499040"/>
</players>
</general>
<round no="0"><action no="1" player="M1ky3ste92" type="15" sum="5"/>
<action no="2" player="dimola2000" type="15" discard="1" dealt="1" sum="5"/>
<action no="3" player="L1mltless" type="15" discard="1" dealt="1" sum="5"/>
<action no="4" player="M1ky3ste92" type="1" sum="20"/>
<action no="5" player="dimola2000" type="2" discard="1" dealt="1" sum="40"/>
</round>
<round no="1"><cards type="Pocket" player="L1mltless">X X</cards>
<cards type="Pocket" player="M1ky3ste92">D6 SA</cards>
<cards type="Pocket" player="dimola2000">H2 CA</cards>
<action no="6" player="L1mltless" type="0" discard="1" dealt="1" sum="0"/>
<action no="7" player="M1ky3ste92" type="23" sum="265"/>
<action no="8" player="dimola2000" type="3" discard="1" dealt="1" sum="225"/>
</round>
<round no="2"><cards type="Flop">H7 H3 D9</cards>
</round>
<round no="3"><cards type="Turn">S9</cards>
</round>
<round no="4"><cards type="River">H9</cards>
</round>
</game>
<game gamecode="6544182468"><general><startdate>2025-11-29 12:17:10</startdate>
<round>1</round>
<failsafecounter/>
<players><player seat="3" name="L1mltless" chips="682" dealer="0" win="0" bet="45" muck="1" rebuy="0" addon="0" merge="0" rebuychips="0" reg_code="5076498747"/>
<player seat="6" name="M1ky3ste92" chips="273" dealer="1" win="591" bet="273" muck="0" rebuy="0" addon="0" merge="0" rebuychips="0" reg_code="5076499040"/>
<player seat="10" name="dimola2000" chips="545" dealer="0" win="0" bet="273" muck="1" rebuy="0" addon="0" merge="0" rebuychips="0" reg_code="5076501052"/>
</players>
</general>
<round no="0"><action no="1" player="dimola2000" type="15" discard="1" dealt="1" sum="5"/>
<action no="2" player="L1mltless" type="15" discard="1" dealt="1" sum="5"/>
<action no="3" player="M1ky3ste92" type="15" sum="5"/>
<action no="4" player="dimola2000" type="1" discard="1" dealt="1" sum="20"/>
<action no="5" player="L1mltless" type="2" discard="1" dealt="1" sum="40"/>
</round>
<round no="1"><cards type="Pocket" player="L1mltless">X X</cards>
<cards type="Pocket" player="dimola2000">S8 HK</cards>
<cards type="Pocket" player="M1ky3ste92">SA H8</cards>
<action no="6" player="M1ky3ste92" type="23" sum="268"/>
<action no="7" player="dimola2000" type="3" discard="1" dealt="1" sum="248"/>
<action no="8" player="L1mltless" type="0" discard="1" dealt="1" sum="0"/>
</round>
<round no="2"><cards type="Flop">C7 S5 C8</cards>
</round>
<round no="3"><cards type="Turn">H2</cards>
</round>
<round no="4"><cards type="River">SJ</cards>
</round>
</game>
<game gamecode="6544182501"><general><startdate>2025-11-29 12:17:28</startdate>
<round>1</round>
<failsafecounter/>
<players><player seat="6" name="M1ky3ste92" chips="591" dealer="0" win="0" bet="45" muck="1" rebuy="0" addon="0" merge="0" rebuychips="0" reg_code="5076499040"/>
<player seat="10" name="dimola2000" chips="272" dealer="1" win="115" bet="272" muck="1" rebuy="0" addon="0" merge="0" rebuychips="0" reg_code="5076501052"/>
<player seat="3" name="L1mltless" chips="637" dealer="0" win="0" bet="25" muck="1" rebuy="0" addon="0" merge="0" rebuychips="0" reg_code="5076498747"/>
</players>
</general>
<round no="0"><action no="1" player="L1mltless" type="15" discard="1" dealt="1" sum="5"/>
<action no="2" player="M1ky3ste92" type="15" sum="5"/>
<action no="3" player="dimola2000" type="15" discard="1" dealt="1" sum="5"/>
<action no="4" player="L1mltless" type="1" discard="1" dealt="1" sum="20"/>
<action no="5" player="M1ky3ste92" type="2" sum="40"/>
</round>
<round no="1"><cards type="Pocket" player="M1ky3ste92">C7 S3</cards>
<cards type="Pocket" player="L1mltless">X X</cards>
<cards type="Pocket" player="dimola2000">X X</cards>
<action no="6" player="dimola2000" type="23" discard="1" dealt="1" sum="267"/>
<action no="7" player="L1mltless" type="0" discard="1" dealt="1" sum="0"/>
<action no="8" player="M1ky3ste92" type="0" sum="0"/>
</round>
</game>
<game gamecode="6544182522"><general><startdate>2025-11-29 12:17:39</startdate>
<round>1</round>
<failsafecounter/>
<players><player seat="10" name="dimola2000" chips="342" dealer="0" win="0" bet="342" muck="0" rebuy="0" addon="0" merge="0" rebuychips="0" reg_code="5076501052"/>
<player seat="3" name="L1mltless" chips="612" dealer="1" win="709" bet="612" muck="0" rebuy="0" addon="0" merge="0" rebuychips="0" reg_code="5076498747"/>
<player seat="6" name="M1ky3ste92" chips="546" dealer="0" win="0" bet="25" muck="1" rebuy="0" addon="0" merge="0" rebuychips="0" reg_code="5076499040"/>
</players>
</general>
<round no="0"><action no="1" player="M1ky3ste92" type="15" sum="5"/>
<action no="2" player="dimola2000" type="15" discard="1" dealt="1" sum="5"/>
<action no="3" player="L1mltless" type="15" discard="1" dealt="1" sum="5"/>
<action no="4" player="M1ky3ste92" type="1" sum="20"/>
<action no="5" player="dimola2000" type="2" discard="1" dealt="1" sum="40"/>
</round>
<round no="1"><cards type="Pocket" player="M1ky3ste92">SK S8</cards>
<cards type="Pocket" player="dimola2000">SJ D9</cards>
<cards type="Pocket" player="L1mltless">DA S5</cards>
<action no="6" player="L1mltless" type="23" discard="1" dealt="1" sum="607"/>
<action no="7" player="M1ky3ste92" type="0" sum="0"/>
<action no="8" player="dimola2000" type="7" discard="1" dealt="1" sum="297"/>
</round>
<round no="2"><cards type="Flop">HJ HA H4</cards>
</round>
<round no="3"><cards type="Turn">D3</cards>
</round>
<round no="4"><cards type="River">H8</cards>
</round>
</game>
<game gamecode="6544182549"><general><startdate>2025-11-29 12:17:57</startdate>
<round>1</round>
<failsafecounter/>
<players><player seat="3" name="L1mltless" chips="979" dealer="0" win="0" bet="325" muck="1" rebuy="0" addon="0" merge="0" rebuychips="0" reg_code="5076498747"/>
<player seat="6" name="M1ky3ste92" chips="521" dealer="1" win="650" bet="521" muck="1" rebuy="0" addon="0" merge="0" rebuychips="0" reg_code="5076499040"/>
</players>
</general>
<round no="0"><action no="1" player="M1ky3ste92" type="15" sum="5"/>
<action no="2" player="L1mltless" type="15" discard="1" dealt="1" sum="5"/>
<action no="3" player="M1ky3ste92" type="1" sum="20"/>
<action no="4" player="L1mltless" type="2" discard="1" dealt="1" sum="40"/>
</round>
<round no="1"><cards type="Pocket" player="M1ky3ste92">DA C8</cards>
<cards type="Pocket" player="L1mltless">X X</cards>
<action no="5" player="M1ky3ste92" type="3" sum="20"/>
<action no="6" player="L1mltless" type="4" discard="1" dealt="1" sum="0"/>
</round>
<round no="2"><cards type="Flop">D3 CJ S7</cards>
<action no="7" player="L1mltless" type="4" discard="1" dealt="1" sum="0"/>
<action no="8" player="M1ky3ste92" type="4" sum="0"/>
</round>
<round no="3"><cards type="Turn">S8</cards>
<action no="9" player="L1mltless" type="5" discard="1" dealt="1" sum="80"/>
<action no="10" player="M1ky3ste92" type="3" sum="80"/>
</round>
<round no="4"><cards type="River">D8</cards>
<action no="11" player="L1mltless" type="5" discard="1" dealt="1" sum="200"/>
<action no="12" player="M1ky3ste92" type="7" sum="396"/>
<action no="13" player="L1mltless" type="0" discard="1" dealt="1" sum="0"/>
</round>
</game>
<game gamecode="6544182625"><general><startdate>2025-11-29 12:18:48</startdate>
<round>1</round>
<failsafecounter/>
<players><player seat="6" name="M1ky3ste92" chips="846" dealer="0" win="0" bet="654" muck="1" rebuy="0" addon="0" merge="0" rebuychips="0" reg_code="5076499040"/>
<player seat="3" name="L1mltless" chips="654" dealer="1" win="1,308" bet="654" muck="0" rebuy="0" addon="0" merge="0" rebuychips="0" reg_code="5076498747"/>
</players>
</general>
<round no="0"><action no="1" player="L1mltless" type="15" discard="1" dealt="1" sum="5"/>
<action no="2" player="M1ky3ste92" type="15" sum="5"/>
<action no="3" player="L1mltless" type="1" discard="1" dealt="1" sum="30"/>
<action no="4" player="M1ky3ste92" type="2" sum="60"/>
</round>
<round no="1"><cards type="Pocket" player="M1ky3ste92">SA C3</cards>
<cards type="Pocket" player="L1mltless">SK C5</cards>
<action no="5" player="L1mltless" type="23" discard="1" dealt="1" sum="649"/>
<action no="6" player="M1ky3ste92" type="3" sum="589"/>
</round>
<round no="2"><cards type="Flop">H8 S3 D5</cards>
</round>
<round no="3"><cards type="Turn">H4</cards>
</round>
<round no="4"><cards type="River">DK</cards>
</round>
</game>
<game gamecode="6544182655"><general><startdate>2025-11-29 12:19:05</startdate>
<round>1</round>
<failsafecounter/>
<players><player seat="3" name="L1mltless" chips="1,308" dealer="0" win="0" bet="192" muck="1" rebuy="0" addon="0" merge="0" rebuychips="0" reg_code="5076498747"/>
<player seat="6" name="M1ky3ste92" chips="192" dealer="1" win="384" bet="192" muck="0" rebuy="0" addon="0" merge="0" rebuychips="0" reg_code="5076499040"/>
</players>
</general>
<round no="0"><action no="1" player="M1ky3ste92" type="15" sum="5"/>
<action no="2" player="L1mltless" type="15" discard="1" dealt="1" sum="5"/>
<action no="3" player="M1ky3ste92" type="1" sum="30"/>
<action no="4" player="L1mltless" type="2" discard="1" dealt="1" sum="60"/>
</round>
<round no="1"><cards type="Pocket" player="M1ky3ste92">HA D2</cards>
<cards type="Pocket" player="L1mltless">CK S6</cards>
<action no="5" player="M1ky3ste92" type="23" sum="187"/>
<action no="6" player="L1mltless" type="3" discard="1" dealt="1" sum="127"/>
</round>
<round no="2"><cards type="Flop">S10 SK C3</cards>
</round>
<round no="3"><cards type="Turn">DA</cards>
</round>
<round no="4"><cards type="River">C7</cards>
</round>
</game>
<game gamecode="6544182698"><general><startdate>2025-11-29 12:19:30</startdate>
<round>1</round>
<failsafecounter/>
<players><player seat="6" name="M1ky3ste92" chips="384" dealer="0" win="0" bet="65" muck="1" rebuy="0" addon="0" merge="0" rebuychips="0" reg_code="5076499040"/>
<player seat="3" name="L1mltless" chips="1,116" dealer="1" win="130" bet="1,116" muck="1" rebuy="0" addon="0" merge="0" rebuychips="0" reg_code="5076498747"/>
</players>
</general>
<round no="0"><action no="1" player="L1mltless" type="15" discard="1" dealt="1" sum="5"/>
<action no="2" player="M1ky3ste92" type="15" sum="5"/>
<action no="3" player="L1mltless" type="1" discard="1" dealt="1" sum="30"/>
<action no="4" player="M1ky3ste92" type="2" sum="60"/>
</round>
<round no="1"><cards type="Pocket" player="L1mltless">X X</cards>
<cards type="Pocket" player="M1ky3ste92">S7 C5</cards>
<action no="5" player="L1mltless" type="23" discard="1" dealt="1" sum="1,111"/>
<action no="6" player="M1ky3ste92" type="0" sum="0"/>
</round>
</game>
<game gamecode="6544182718"><general><startdate>2025-11-29 12:19:41</startdate>
<round>1</round>
<failsafecounter/>
<players><player seat="3" name="L1mltless" chips="1,181" dealer="0" win="319" bet="319" muck="0" rebuy="0" addon="0" merge="0" rebuychips="0" reg_code="5076498747"/>
<player seat="6" name="M1ky3ste92" chips="319" dealer="1" win="319" bet="319" muck="0" rebuy="0" addon="0" merge="0" rebuychips="0" reg_code="5076499040"/>
</players>
</general>
<round no="0"><action no="1" player="M1ky3ste92" type="15" sum="5"/>
<action no="2" player="L1mltless" type="15" discard="1" dealt="1" sum="5"/>
<action no="3" player="M1ky3ste92" type="1" sum="30"/>
<action no="4" player="L1mltless" type="2" discard="1" dealt="1" sum="60"/>
</round>
<round no="1"><cards type="Pocket" player="M1ky3ste92">D5 CJ</cards>
<cards type="Pocket" player="L1mltless">C5 SJ</cards>
<action no="5" player="M1ky3ste92" type="23" sum="314"/>
<action no="6" player="L1mltless" type="3" discard="1" dealt="1" sum="254"/>
</round>
<round no="2"><cards type="Flop">HA HQ H8</cards>
</round>
<round no="3"><cards type="Turn">SQ</cards>
</round>
<round no="4"><cards type="River">S4</cards>
</round>
</game>
<game gamecode="6544182762"><general><startdate>2025-11-29 12:20:12</startdate>
<round>1</round>
<failsafecounter/>
<players><player seat="6" name="M1ky3ste92" chips="319" dealer="0" win="638" bet="319" muck="0" rebuy="0" addon="0" merge="0" rebuychips="0" reg_code="5076499040"/>
<player seat="3" name="L1mltless" chips="1,181" dealer="1" win="0" bet="1,181" muck="0" rebuy="0" addon="0" merge="0" rebuychips="0" reg_code="5076498747"/>
</players>
</general>
<round no="0"><action no="1" player="L1mltless" type="15" discard="1" dealt="1" sum="8"/>
<action no="2" player="M1ky3ste92" type="15" sum="8"/>
<action no="3" player="L1mltless" type="1" discard="1" dealt="1" sum="40"/>
<action no="4" player="M1ky3ste92" type="2" sum="80"/>
</round>
<round no="1"><cards type="Pocket" player="M1ky3ste92">C4 CJ</cards>
<cards type="Pocket" player="L1mltless">HJ S2</cards>
<action no="5" player="L1mltless" type="23" discard="1" dealt="1" sum="1,173"/>
<action no="6" player="M1ky3ste92" type="7" sum="231"/>
</round>
<round no="2"><cards type="Flop">H7 D8 H5</cards>
</round>
<round no="3"><cards type="Turn">CA</cards>
</round>
<round no="4"><cards type="River">D4</cards>
</round>
</game>
<game gamecode="6544182792"><general><startdate>2025-11-29 12:20:28</startdate>
<round>1</round>
<failsafecounter/>
<players><player seat="3" name="L1mltless" chips="862" dealer="0" win="0" bet="88" muck="1" rebuy="0" addon="0" merge="0" rebuychips="0" reg_code="5076498747"/>
<player seat="6" name="M1ky3ste92" chips="638" dealer="1" win="176" bet="638" muck="1" rebuy="0" addon="0" merge="0" rebuychips="0" reg_code="5076499040"/>
</players>
</general>
<round no="0"><action no="1" player="M1ky3ste92" type="15" sum="8"/>
<action no="2" player="L1mltless" type="15" discard="1" dealt="1" sum="8"/>
<action no="3" player="M1ky3ste92" type="1" sum="40"/>
<action no="4" player="L1mltless" type="2" discard="1" dealt="1" sum="80"/>
</round>
<round no="1"><cards type="Pocket" player="M1ky3ste92">C10 HQ</cards>
<cards type="Pocket" player="L1mltless">X X</cards>
<action no="5" player="M1ky3ste92" type="23" sum="630"/>
<action no="6" player="L1mltless" type="0" discard="1" dealt="1" sum="0"/>
</round>
</game>
<game gamecode="6544182804"><general><startdate>2025-11-29 12:20:36</startdate>
<round>1</round>
<failsafecounter/>
<players><player seat="6" name="M1ky3ste92" chips="726" dealer="0" win="0" bet="726" muck="1" rebuy="0" addon="0" merge="0" rebuychips="0" reg_code="5076499040"/>
<player seat="3" name="L1mltless" chips="774" dealer="1" win="1,452" bet="774" muck="0" rebuy="0" addon="0" merge="0" rebuychips="0" reg_code="5076498747"/>
</players>
</general>
<round no="0"><action no="1" player="L1mltless" type="15" discard="1" dealt="1" sum="8"/>
<action no="2" player="M1ky3ste92" type="15" sum="8"/>
<action no="3" player="L1mltless" type="1" discard="1" dealt="1" sum="40"/>
<action no="4" player="M1ky3ste92" type="2" sum="80"/>
</round>
<round no="1"><cards type="Pocket" player="L1mltless">S3 HA</cards>
<cards type="Pocket" player="M1ky3ste92">DK H10</cards>
<action no="5" player="L1mltless" type="23" discard="1" dealt="1" sum="766"/>
<action no="6" player="M1ky3ste92" type="7" sum="638"/>
</round>
<round no="2"><cards type="Flop">H8 D5 D6</cards>
</round>
<round no="3"><cards type="Turn">S6</cards>
</round>
<round no="4"><cards type="River">C3</cards>
</round>
</game>
</session>
