<?xml version="1.0" encoding="UTF-8"?>
<session sessioncode="5076505450">
<general>
<client_version>25.7.1.34</client_version>
<mode>real</mode>
<gametype>Holdem NL</gametype>
<tablename>Twister €100 SNG, 822672324</tablename>
<tournamentcode>822672323</tournamentcode>
<tournamentname>Twister €100 SNG</tournamentname>
<buyin>€0 + €7 + €93</buyin>
<totalbuyin>€100</totalbuyin>
<rewarddrawn>€200</rewarddrawn>
<tournamentcurrency>EUR</tournamentcurrency>
<currency>EUR</currency>
<nickname>M1ky3ste92</nickname>
<gamecount>14</gamecount>
<startdate>2025-11-29 12:53:11</startdate>
<place>1</place>
<win>€200</win>
<tablesize>3</tablesize>
</general>
<game gamecode="6544203126"><general><startdate>2025-11-29 12:53:26</startdate>
<round>1</round>
<failsafecounter/>
<players><player seat="3" name="M1ky3ste92" chips="500" dealer="0" win="50" bet="45" muck="1" rebuy="0" addon="0" merge="0" rebuychips="0" reg_code="5076505450"/>
<player seat="6" name="sanddooo" chips="500" dealer="1" win="0" bet="20" muck="1" rebuy="0" addon="0" merge="0" rebuychips="0" reg_code="5076506816"/>
<player seat="10" name="dimola2000" chips="500" dealer="0" win="0" bet="10" muck="1" rebuy="0" addon="0" merge="0" rebuychips="0" reg_code="5076506926"/>
</players>
</general>
<round no="0"><action no="1" player="dimola2000" type="1" discard="1" dealt="1" sum="10"/>
<action no="2" player="M1ky3ste92" type="2" sum="20"/>
</round>
<round no="1"><cards type="Pocket" player="dimola2000">X X</cards>
<cards type="Pocket" player="M1ky3ste92">D10 S9</cards>
<cards type="Pocket" player="sanddooo">X X</cards>
<action no="3" player="sanddooo" type="3" discard="1" dealt="1" sum="20"/>
<action no="4" player="dimola2000" type="0" discard="1" dealt="1" sum="0"/>
<action no="5" player="M1ky3ste92" type="4" sum="0"/>
</round>
<round no="2"><cards type="Flop">S6 S5 D6</cards>
<action no="6" player="M1ky3ste92" type="4" sum="0"/>
<action no="7" player="sanddooo" type="4" discard="1" dealt="1" sum="0"/>
</round>
<round no="3"><cards type="Turn">S8</cards>
<action no="8" player="M1ky3ste92" type="4" sum="0"/>
<action no="9" player="sanddooo" type="4" discard="1" dealt="1" sum="0"/>
</round>
<round no="4"><cards type="River">SQ</cards>
<action no="10" player="M1ky3ste92" type="5" sum="25"/>
<action no="11" player="sanddooo" type="0" discard="1" dealt="1" sum="0"/>
</round>
</game>
<game gamecode="6544203192"><general><startdate>2025-11-29 12:54:06</startdate>
<round>1</round>
<failsafecounter/>
<players><player seat="6" name="sanddooo" chips="480" dealer="0" win="0" bet="20" muck="1" rebuy="0" addon="0" merge="0" rebuychips="0" reg_code="5076506816"/>
<player seat="10" name="dimola2000" chips="490" dealer="1" win="50" bet="60" muck="1" rebuy="0" addon="0" merge="0" rebuychips="0" reg_code="5076506926"/>
<player seat="3" name="M1ky3ste92" chips="530" dealer="0" win="0" bet="10" muck="1" rebuy="0" addon="0" merge="0" rebuychips="0" reg_code="5076505450"/>
</players>
</general>
<round no="0"><action no="1" player="M1ky3ste92" type="1" sum="10"/>
<action no="2" player="sanddooo" type="2" discard="1" dealt="1" sum="20"/>
</round>
<round no="1"><cards type="Pocket" player="dimola2000">X X</cards>
<cards type="Pocket" player="sanddooo">X X</cards>
<cards type="Pocket" player="M1ky3ste92">CK C8</cards>
<action no="3" player="dimola2000" type="3" discard="1" dealt="1" sum="20"/>
<action no="4" player="M1ky3ste92" type="0" sum="0"/>
<action no="5" player="sanddooo" type="4" discard="1" dealt="1" sum="0"/>
</round>
<round no="2"><cards type="Flop">H3 CA HJ</cards>
<action no="6" player="sanddooo" type="4" discard="1" dealt="1" sum="0"/>
<action no="7" player="dimola2000" type="5" discard="1" dealt="1" sum="40"/>
<action no="8" player="sanddooo" type="0" discard="1" dealt="1" sum="0"/>
</round>
</game>
<game gamecode="6544203238"><general><startdate>2025-11-29 12:54:38</startdate>
<round>1</round>
<failsafecounter/>
<players><player seat="10" name="dimola2000" chips="520" dealer="0" win="20" bet="20" muck="1" rebuy="0" addon="0" merge="0" rebuychips="0" reg_code="5076506926"/>
<player seat="3" name="M1ky3ste92" chips="520" dealer="1" win="0" bet="0" muck="1" rebuy="0" addon="0" merge="0" rebuychips="0" reg_code="5076505450"/>
<player seat="6" name="sanddooo" chips="460" dealer="0" win="0" bet="10" muck="1" rebuy="0" addon="0" merge="0" rebuychips="0" reg_code="5076506816"/>
</players>
</general>
<round no="0"><action no="1" player="sanddooo" type="1" discard="1" dealt="1" sum="10"/>
<action no="2" player="dimola2000" type="2" discard="1" dealt="1" sum="20"/>
</round>
<round no="1"><cards type="Pocket" player="dimola2000">X X</cards>
<cards type="Pocket" player="sanddooo">X X</cards>
<cards type="Pocket" player="M1ky3ste92">CK S5</cards>
<action no="3" player="M1ky3ste92" type="0" sum="0"/>
<action no="4" player="sanddooo" type="0" discard="1" dealt="1" sum="0"/>
</round>
</game>
<game gamecode="6544203273"><general><startdate>2025-11-29 12:55:01</startdate>
<round>1</round>
<failsafecounter/>
<players><player seat="3" name="M1ky3ste92" chips="520" dealer="0" win="0" bet="20" muck="1" rebuy="0" addon="0" merge="0" rebuychips="0" reg_code="5076505450"/>
<player seat="6" name="sanddooo" chips="450" dealer="1" win="300" bet="140" muck="0" rebuy="0" addon="0" merge="0" rebuychips="0" reg_code="5076506816"/>
<player seat="10" name="dimola2000" chips="530" dealer="0" win="0" bet="140" muck="1" rebuy="0" addon="0" merge="0" rebuychips="0" reg_code="5076506926"/>
</players>
</general>
<round no="0"><action no="1" player="dimola2000" type="1" discard="1" dealt="1" sum="10"/>
<action no="2" player="M1ky3ste92" type="2" sum="20"/>
</round>
<round no="1"><cards type="Pocket" player="dimola2000">DK D3</cards>
<cards type="Pocket" player="M1ky3ste92">D7 SK</cards>
<cards type="Pocket" player="sanddooo">H5 S2</cards>
<action no="3" player="sanddooo" type="3" discard="1" dealt="1" sum="20"/>
<action no="4" player="dimola2000" type="3" discard="1" dealt="1" sum="10"/>
<action no="5" player="M1ky3ste92" type="4" sum="0"/>
</round>
<round no="2"><cards type="Flop">D6 CQ S4</cards>
<action no="6" player="dimola2000" type="4" discard="1" dealt="1" sum="0"/>
<action no="7" player="M1ky3ste92" type="4" sum="0"/>
<action no="8" player="sanddooo" type="4" discard="1" dealt="1" sum="0"/>
</round>
<round no="3"><cards type="Turn">S3</cards>
<action no="9" player="dimola2000" type="5" discard="1" dealt="1" sum="20"/>
<action no="10" player="M1ky3ste92" type="0" sum="0"/>
<action no="11" player="sanddooo" type="23" discard="1" dealt="1" sum="60"/>
<action no="12" player="dimola2000" type="3" discard="1" dealt="1" sum="40"/>
</round>
<round no="4"><cards type="River">D2</cards>
<action no="13" player="dimola2000" type="4" discard="1" dealt="1" sum="0"/>
<action no="14" player="sanddooo" type="5" discard="1" dealt="1" sum="60"/>
<action no="15" player="dimola2000" type="3" discard="1" dealt="1" sum="60"/>
</round>
</game>
<game gamecode="6544203365"><general><startdate>2025-11-29 12:56:00</startdate>
<round>1</round>
<failsafecounter/>
<players><player seat="6" name="sanddooo" chips="610" dealer="0" win="0" bet="35" muck="1" rebuy="0" addon="0" merge="0" rebuychips="0" reg_code="5076506816"/>
<player seat="10" name="dimola2000" chips="390" dealer="1" win="90" bet="390" muck="1" rebuy="0" addon="0" merge="0" rebuychips="0" reg_code="5076506926"/>
<player seat="3" name="M1ky3ste92" chips="500" dealer="0" win="0" bet="20" muck="1" rebuy="0" addon="0" merge="0" rebuychips="0" reg_code="5076505450"/>
</players>
</general>
<round no="0"><action no="1" player="M1ky3ste92" type="15" sum="5"/>
<action no="2" player="sanddooo" type="15" discard="1" dealt="1" sum="5"/>
<action no="3" player="dimola2000" type="15" discard="1" dealt="1" sum="5"/>
<action no="4" player="M1ky3ste92" type="1" sum="15"/>
<action no="5" player="sanddooo" type="2" discard="1" dealt="1" sum="30"/>
</round>
<round no="1"><cards type="Pocket" player="dimola2000">X X</cards>
<cards type="Pocket" player="M1ky3ste92">S10 H9</cards>
<cards type="Pocket" player="sanddooo">X X</cards>
<action no="6" player="dimola2000" type="23" discard="1" dealt="1" sum="385"/>
<action no="7" player="M1ky3ste92" type="0" sum="0"/>
<action no="8" player="sanddooo" type="0" discard="1" dealt="1" sum="0"/>
</round>
</game>
<game gamecode="6544203378"><general><startdate>2025-11-29 12:56:09</startdate>
<round>1</round>
<failsafecounter/>
<players><player seat="10" name="dimola2000" chips="445" dealer="0" win="45" bet="35" muck="1" rebuy="0" addon="0" merge="0" rebuychips="0" reg_code="5076506926"/>
<player seat="3" name="M1ky3ste92" chips="480" dealer="1" win="0" bet="5" muck="1" rebuy="0" addon="0" merge="0" rebuychips="0" reg_code="5076505450"/>
<player seat="6" name="sanddooo" chips="575" dealer="0" win="0" bet="20" muck="1" rebuy="0" addon="0" merge="0" rebuychips="0" reg_code="5076506816"/>
</players>
</general>
<round no="0"><action no="1" player="sanddooo" type="15" discard="1" dealt="1" sum="5"/>
<action no="2" player="dimola2000" type="15" discard="1" dealt="1" sum="5"/>
<action no="3" player="M1ky3ste92" type="15" sum="5"/>
<action no="4" player="sanddooo" type="1" discard="1" dealt="1" sum="15"/>
<action no="5" player="dimola2000" type="2" discard="1" dealt="1" sum="30"/>
</round>
<round no="1"><cards type="Pocket" player="M1ky3ste92">C10 S3</cards>
<cards type="Pocket" player="dimola2000">X X</cards>
<cards type="Pocket" player="sanddooo">X X</cards>
<action no="6" player="M1ky3ste92" type="0" sum="0"/>
<action no="7" player="sanddooo" type="0" discard="1" dealt="1" sum="0"/>
</round>
</game>
<game gamecode="6544203394"><general><startdate>2025-11-29 12:56:17</startdate>
<round>1</round>
<failsafecounter/>
<players><player seat="3" name="M1ky3ste92" chips="475" dealer="0" win="0" bet="35" muck="1" rebuy="0" addon="0" merge="0" rebuychips="0" reg_code="5076505450"/>
<player seat="6" name="sanddooo" chips="555" dealer="1" win="0" bet="5" muck="1" rebuy="0" addon="0" merge="0" rebuychips="0" reg_code="5076506816"/>
<player seat="10" name="dimola2000" chips="470" dealer="0" win="75" bet="470" muck="1" rebuy="0" addon="0" merge="0" rebuychips="0" reg_code="5076506926"/>
</players>
</general>
<round no="0"><action no="1" player="dimola2000" type="15" discard="1" dealt="1" sum="5"/>
<action no="2" player="M1ky3ste92" type="15" sum="5"/>
<action no="3" player="sanddooo" type="15" discard="1" dealt="1" sum="5"/>
<action no="4" player="dimola2000" type="1" discard="1" dealt="1" sum="15"/>
<action no="5" player="M1ky3ste92" type="2" sum="30"/>
</round>
<round no="1"><cards type="Pocket" player="sanddooo">X X</cards>
<cards type="Pocket" player="M1ky3ste92">D4 S2</cards>
<cards type="Pocket" player="dimola2000">X X</cards>
<action no="6" player="sanddooo" type="0" discard="1" dealt="1" sum="0"/>
<action no="7" player="dimola2000" type="23" discard="1" dealt="1" sum="465"/>
<action no="8" player="M1ky3ste92" type="0" sum="0"/>
</round>
</game>
<game gamecode="6544203426"><general><startdate>2025-11-29 12:56:37</startdate>
<round>1</round>
<failsafecounter/>
<players><player seat="6" name="sanddooo" chips="550" dealer="0" win="0" bet="35" muck="1" rebuy="0" addon="0" merge="0" rebuychips="0" reg_code="5076506816"/>
<player seat="10" name="dimola2000" chips="510" dealer="1" win="0" bet="440" muck="1" rebuy="0" addon="0" merge="0" rebuychips="0" reg_code="5076506926"/>
<player seat="3" name="M1ky3ste92" chips="440" dealer="0" win="915" bet="440" muck="0" rebuy="0" addon="0" merge="0" rebuychips="0" reg_code="5076505450"/>
</players>
</general>
<round no="0"><action no="1" player="M1ky3ste92" type="15" sum="5"/>
<action no="2" player="sanddooo" type="15" discard="1" dealt="1" sum="5"/>
<action no="3" player="dimola2000" type="15" discard="1" dealt="1" sum="5"/>
<action no="4" player="M1ky3ste92" type="1" sum="15"/>
<action no="5" player="sanddooo" type="2" discard="1" dealt="1" sum="30"/>
</round>
<round no="1"><cards type="Pocket" player="sanddooo">X X</cards>
<cards type="Pocket" player="dimola2000">HJ H5</cards>
<cards type="Pocket" player="M1ky3ste92">C2 DA</cards>
<action no="6" player="dimola2000" type="3" discard="1" dealt="1" sum="30"/>
<action no="7" player="M1ky3ste92" type="23" sum="435"/>
<action no="8" player="sanddooo" type="0" discard="1" dealt="1" sum="0"/>
<action no="9" player="dimola2000" type="3" discard="1" dealt="1" sum="405"/>
</round>
<round no="2"><cards type="Flop">D2 H6 H9</cards>
</round>
<round no="3"><cards type="Turn">C4</cards>
</round>
<round no="4"><cards type="River">C7</cards>
</round>
</game>
<game gamecode="6544203472"><general><startdate>2025-11-29 12:57:06</startdate>
<round>1</round>
<failsafecounter/>
<players><player seat="10" name="dimola2000" chips="70" dealer="0" win="0" bet="70" muck="0" rebuy="0" addon="0" merge="0" rebuychips="0" reg_code="5076506926"/>
<player seat="3" name="M1ky3ste92" chips="915" dealer="1" win="240" bet="145" muck="0" rebuy="0" addon="0" merge="0" rebuychips="0" reg_code="5076505450"/>
<player seat="6" name="sanddooo" chips="515" dealer="0" win="0" bet="85" muck="1" rebuy="0" addon="0" merge="0" rebuychips="0" reg_code="5076506816"/>
</players>
</general>
<round no="0"><action no="1" player="sanddooo" type="15" discard="1" dealt="1" sum="5"/>
<action no="2" player="dimola2000" type="15" discard="1" dealt="1" sum="5"/>
<action no="3" player="M1ky3ste92" type="15" sum="5"/>
<action no="4" player="sanddooo" type="1" discard="1" dealt="1" sum="20"/>
<action no="5" player="dimola2000" type="2" discard="1" dealt="1" sum="40"/>
</round>
<round no="1"><cards type="Pocket" player="M1ky3ste92">CK SK</cards>
<cards type="Pocket" player="sanddooo">X X</cards>
<cards type="Pocket" player="dimola2000">C7 C8</cards>
<action no="6" player="M1ky3ste92" type="23" sum="80"/>
<action no="7" player="sanddooo" type="3" discard="1" dealt="1" sum="60"/>
<action no="8" player="dimola2000" type="7" discard="1" dealt="1" sum="25"/>
</round>
<round no="2"><cards type="Flop">H3 D4 D9</cards>
<action no="9" player="sanddooo" type="4" discard="1" dealt="1" sum="0"/>
<action no="10" player="M1ky3ste92" type="5" sum="60"/>
<action no="11" player="sanddooo" type="0" discard="1" dealt="1" sum="0"/>
</round>
<round no="3"><cards type="Turn">HK</cards>
</round>
<round no="4"><cards type="River">H10</cards>
</round>
</game>
<game gamecode="6544203514"><general><startdate>2025-11-29 12:57:30</startdate>
<round>1</round>
<failsafecounter/>
<players><player seat="3" name="M1ky3ste92" chips="1,070" dealer="0" win="0" bet="45" muck="1" rebuy="0" addon="0" merge="0" rebuychips="0" reg_code="5076505450"/>
<player seat="6" name="sanddooo" chips="430" dealer="1" win="90" bet="125" muck="1" rebuy="0" addon="0" merge="0" rebuychips="0" reg_code="5076506816"/>
</players>
</general>
<round no="0"><action no="1" player="sanddooo" type="15" discard="1" dealt="1" sum="5"/>
<action no="2" player="M1ky3ste92" type="15" sum="5"/>
<action no="3" player="sanddooo" type="1" discard="1" dealt="1" sum="20"/>
<action no="4" player="M1ky3ste92" type="2" sum="40"/>
</round>
<round no="1"><cards type="Pocket" player="M1ky3ste92">D7 SJ</cards>
<cards type="Pocket" player="sanddooo">X X</cards>
<action no="5" player="sanddooo" type="3" discard="1" dealt="1" sum="20"/>
<action no="6" player="M1ky3ste92" type="4" sum="0"/>
</round>
<round no="2"><cards type="Flop">H2 DK C9</cards>
<action no="7" player="M1ky3ste92" type="4" sum="0"/>
<action no="8" player="sanddooo" type="5" discard="1" dealt="1" sum="80"/>
<action no="9" player="M1ky3ste92" type="0" sum="0"/>
</round>
</game>
<game gamecode="6544203538"><general><startdate>2025-11-29 12:57:52</startdate>
<round>1</round>
<failsafecounter/>
<players><player seat="6" name="sanddooo" chips="475" dealer="0" win="90" bet="475" muck="1" rebuy="0" addon="0" merge="0" rebuychips="0" reg_code="5076506816"/>
<player seat="3" name="M1ky3ste92" chips="1,025" dealer="1" win="0" bet="45" muck="1" rebuy="0" addon="0" merge="0" rebuychips="0" reg_code="5076505450"/>
</players>
</general>
<round no="0"><action no="1" player="M1ky3ste92" type="15" sum="5"/>
<action no="2" player="sanddooo" type="15" discard="1" dealt="1" sum="5"/>
<action no="3" player="M1ky3ste92" type="1" sum="20"/>
<action no="4" player="sanddooo" type="2" discard="1" dealt="1" sum="40"/>
</round>
<round no="1"><cards type="Pocket" player="M1ky3ste92">C9 C5</cards>
<cards type="Pocket" player="sanddooo">X X</cards>
<action no="5" player="M1ky3ste92" type="3" sum="20"/>
<action no="6" player="sanddooo" type="23" discard="1" dealt="1" sum="470"/>
<action no="7" player="M1ky3ste92" type="0" sum="0"/>
</round>
</game>
<game gamecode="6544203565"><general><startdate>2025-11-29 12:58:10</startdate>
<round>1</round>
<failsafecounter/>
<players><player seat="3" name="M1ky3ste92" chips="980" dealer="0" win="520" bet="980" muck="0" rebuy="0" addon="0" merge="0" rebuychips="0" reg_code="5076505450"/>
<player seat="6" name="sanddooo" chips="520" dealer="1" win="520" bet="520" muck="0" rebuy="0" addon="0" merge="0" rebuychips="0" reg_code="5076506816"/>
</players>
</general>
<round no="0"><action no="1" player="sanddooo" type="15" discard="1" dealt="1" sum="5"/>
<action no="2" player="M1ky3ste92" type="15" sum="5"/>
<action no="3" player="sanddooo" type="1" discard="1" dealt="1" sum="20"/>
<action no="4" player="M1ky3ste92" type="2" sum="40"/>
</round>
<round no="1"><cards type="Pocket" player="sanddooo">HA H9</cards>
<cards type="Pocket" player="M1ky3ste92">S9 DA</cards>
<action no="5" player="sanddooo" type="3" discard="1" dealt="1" sum="20"/>
<action no="6" player="M1ky3ste92" type="23" sum="975"/>
<action no="7" player="sanddooo" type="7" discard="1" dealt="1" sum="475"/>
</round>
<round no="2"><cards type="Flop">S5 C2 H7</cards>
</round>
<round no="3"><cards type="Turn">C6</cards>
</round>
<round no="4"><cards type="River">CQ</cards>
</round>
</game>
<game gamecode="6544207414"><general><startdate>2025-11-29 12:58:37</startdate>
<round>1</round>
<failsafecounter/>
<players><player seat="6" name="sanddooo" chips="520" dealer="0" win="130" bet="125" muck="1" rebuy="0" addon="0" merge="0" rebuychips="0" reg_code="5076506816"/>
<player seat="3" name="M1ky3ste92" chips="980" dealer="1" win="0" bet="65" muck="1" rebuy="0" addon="0" merge="0" rebuychips="0" reg_code="5076505450"/>
</players>
</general>
<round no="0"><action no="1" player="M1ky3ste92" type="15" sum="5"/>
<action no="2" player="sanddooo" type="15" discard="1" dealt="1" sum="5"/>
<action no="3" player="M1ky3ste92" type="1" sum="30"/>
<action no="4" player="sanddooo" type="2" discard="1" dealt="1" sum="60"/>
</round>
<round no="1"><cards type="Pocket" player="M1ky3ste92">H4 CQ</cards>
<cards type="Pocket" player="sanddooo">X X</cards>
<action no="5" player="M1ky3ste92" type="3" sum="30"/>
<action no="6" player="sanddooo" type="4" discard="1" dealt="1" sum="0"/>
</round>
<round no="2"><cards type="Flop">HJ SK D5</cards>
<action no="7" player="sanddooo" type="4" discard="1" dealt="1" sum="0"/>
<action no="8" player="M1ky3ste92" type="4" sum="0"/>
</round>
<round no="3"><cards type="Turn">D6</cards>
<action no="9" player="sanddooo" type="5" discard="1" dealt="1" sum="60"/>
<action no="10" player="M1ky3ste92" type="0" sum="0"/>
</round>
</game>
<game gamecode="6544207460"><general><startdate>2025-11-29 12:59:11</startdate>
<round>1</round>
<failsafecounter/>
<players><player seat="3" name="M1ky3ste92" chips="915" dealer="0" win="1,170" bet="915" muck="0" rebuy="0" addon="0" merge="0" rebuychips="0" reg_code="5076505450"/>
<player seat="6" name="sanddooo" chips="585" dealer="1" win="0" bet="585" muck="1" rebuy="0" addon="0" merge="0" rebuychips="0" reg_code="5076506816"/>
</players>
</general>
<round no="0"><action no="1" player="sanddooo" type="15" discard="1" dealt="1" sum="5"/>
<action no="2" player="M1ky3ste92" type="15" sum="5"/>
<action no="3" player="sanddooo" type="1" discard="1" dealt="1" sum="30"/>
<action no="4" player="M1ky3ste92" type="2" sum="60"/>
</round>
<round no="1"><cards type="Pocket" player="M1ky3ste92">C4 SA</cards>
<cards type="Pocket" player="sanddooo">CQ S2</cards>
<action no="5" player="sanddooo" type="23" discard="1" dealt="1" sum="120"/>
<action no="6" player="M1ky3ste92" type="23" sum="910"/>
<action no="7" player="sanddooo" type="7" discard="1" dealt="1" sum="460"/>
</round>
<round no="2"><cards type="Flop">S5 H3 C3</cards>
</round>
<round no="3"><cards type="Turn">S8</cards>
</round>
<round no="4"><cards type="River">H6</cards>
</round>
</game>
</session>
