<?xml version="1.0" encoding="UTF-8"?>
<session sessioncode="5076498618">
<general>
<client_version>25.7.1.34</client_version>
<mode>real</mode>
<gametype>Holdem NL</gametype>
<tablename>Twister €100 SNG, 822668925</tablename>
<tournamentcode>822668924</tournamentcode>
<tournamentname>Twister €100 SNG</tournamentname>
<buyin>€0 + €7 + €93</buyin>
<totalbuyin>€100</totalbuyin>
<rewarddrawn>€200</rewarddrawn>
<tournamentcurrency>EUR</tournamentcurrency>
<currency>EUR</currency>
<nickname>M1ky3ste92</nickname>
<gamecount>15</gamecount>
<startdate>2025-11-29 11:57:08</startdate>
<place>3</place>
<win>€0</win>
<tablesize>3</tablesize>
</general>
<game gamecode="6544170550"><general><startdate>2025-11-29 11:57:24</startdate>
<round>1</round>
<failsafecounter/>
<players><player seat="10" name="LolloCausto" chips="500" dealer="0" win="90" bet="120" muck="1" rebuy="0" addon="0" merge="0" rebuychips="0" reg_code="5076498636"/>
<player seat="3" name="L1mltless" chips="500" dealer="1" win="0" bet="40" muck="1" rebuy="0" addon="0" merge="0" rebuychips="0" reg_code="5076498544"/>
<player seat="6" name="M1ky3ste92" chips="500" dealer="0" win="0" bet="10" muck="1" rebuy="0" addon="0" merge="0" rebuychips="0" reg_code="5076498618"/>
</players>
</general>
<round no="0"><action no="1" player="M1ky3ste92" type="1" sum="10"/>
<action no="2" player="LolloCausto" type="2" discard="1" dealt="1" sum="20"/>
</round>
<round no="1"><cards type="Pocket" player="LolloCausto">X X</cards>
<cards type="Pocket" player="L1mltless">X X</cards>
<cards type="Pocket" player="M1ky3ste92">S10 DJ</cards>
<action no="3" player="L1mltless" type="23" discard="1" dealt="1" sum="40"/>
<action no="4" player="M1ky3ste92" type="0" sum="0"/>
<action no="5" player="LolloCausto" type="23" discard="1" dealt="1" sum="120"/>
<action no="6" player="L1mltless" type="0" discard="1" dealt="1" sum="0"/>
</round>
</game>
<game gamecode="6544170580"><general><startdate>2025-11-29 11:57:40</startdate>
<round>1</round>
<failsafecounter/>
<players><player seat="3" name="L1mltless" chips="460" dealer="0" win="0" bet="60" muck="1" rebuy="0" addon="0" merge="0" rebuychips="0" reg_code="5076498544"/>
<player seat="6" name="M1ky3ste92" chips="490" dealer="1" win="0" bet="0" muck="1" rebuy="0" addon="0" merge="0" rebuychips="0" reg_code="5076498618"/>
<player seat="10" name="LolloCausto" chips="550" dealer="0" win="120" bet="550" muck="1" rebuy="0" addon="0" merge="0" rebuychips="0" reg_code="5076498636"/>
</players>
</general>
<round no="0"><action no="1" player="LolloCausto" type="1" discard="1" dealt="1" sum="10"/>
<action no="2" player="L1mltless" type="2" discard="1" dealt="1" sum="20"/>
</round>
<round no="1"><cards type="Pocket" player="LolloCausto">X X</cards>
<cards type="Pocket" player="M1ky3ste92">D6 C4</cards>
<cards type="Pocket" player="L1mltless">X X</cards>
<action no="3" player="M1ky3ste92" type="0" sum="0"/>
<action no="4" player="LolloCausto" type="3" discard="1" dealt="1" sum="10"/>
<action no="5" player="L1mltless" type="23" discard="1" dealt="1" sum="60"/>
<action no="6" player="LolloCausto" type="23" discard="1" dealt="1" sum="550"/>
<action no="7" player="L1mltless" type="0" discard="1" dealt="1" sum="0"/>
</round>
</game>
<game gamecode="6544170611"><general><startdate>2025-11-29 11:57:59</startdate>
<round>1</round>
<failsafecounter/>
<players><player seat="6" name="M1ky3ste92" chips="490" dealer="0" win="0" bet="20" muck="1" rebuy="0" addon="0" merge="0" rebuychips="0" reg_code="5076498618"/>
<player seat="10" name="LolloCausto" chips="610" dealer="1" win="50" bet="40" muck="1" rebuy="0" addon="0" merge="0" rebuychips="0" reg_code="5076498636"/>
<player seat="3" name="L1mltless" chips="400" dealer="0" win="0" bet="10" muck="1" rebuy="0" addon="0" merge="0" rebuychips="0" reg_code="5076498544"/>
</players>
</general>
<round no="0"><action no="1" player="L1mltless" type="1" discard="1" dealt="1" sum="10"/>
<action no="2" player="M1ky3ste92" type="2" sum="20"/>
</round>
<round no="1"><cards type="Pocket" player="M1ky3ste92">H5 C8</cards>
<cards type="Pocket" player="LolloCausto">X X</cards>
<cards type="Pocket" player="L1mltless">X X</cards>
<action no="3" player="LolloCausto" type="23" discard="1" dealt="1" sum="40"/>
<action no="4" player="L1mltless" type="0" discard="1" dealt="1" sum="0"/>
<action no="5" player="M1ky3ste92" type="0" sum="0"/>
</round>
</game>
<game gamecode="6544170638"><general><startdate>2025-11-29 11:58:12</startdate>
<round>1</round>
<failsafecounter/>
<players><player seat="10" name="LolloCausto" chips="640" dealer="0" win="0" bet="20" muck="1" rebuy="0" addon="0" merge="0" rebuychips="0" reg_code="5076498636"/>
<player seat="3" name="L1mltless" chips="390" dealer="1" win="800" bet="390" muck="0" rebuy="0" addon="0" merge="0" rebuychips="0" reg_code="5076498544"/>
<player seat="6" name="M1ky3ste92" chips="470" dealer="0" win="0" bet="470" muck="1" rebuy="0" addon="0" merge="0" rebuychips="0" reg_code="5076498618"/>
</players>
</general>
<round no="0"><action no="1" player="M1ky3ste92" type="1" sum="10"/>
<action no="2" player="LolloCausto" type="2" discard="1" dealt="1" sum="20"/>
</round>
<round no="1"><cards type="Pocket" player="L1mltless">SK CK</cards>
<cards type="Pocket" player="LolloCausto">X X</cards>
<cards type="Pocket" player="M1ky3ste92">SJ CA</cards>
<action no="3" player="L1mltless" type="23" discard="1" dealt="1" sum="40"/>
<action no="4" player="M1ky3ste92" type="23" sum="470"/>
<action no="5" player="LolloCausto" type="0" discard="1" dealt="1" sum="0"/>
<action no="6" player="L1mltless" type="7" discard="1" dealt="1" sum="350"/>
</round>
<round no="2"><cards type="Flop">H7 S9 S4</cards>
</round>
<round no="3"><cards type="Turn">DJ</cards>
</round>
<round no="4"><cards type="River">C7</cards>
</round>
</game>
<game gamecode="6544170675"><general><startdate>2025-11-29 11:58:32</startdate>
<round>1</round>
<failsafecounter/>
<players><player seat="3" name="L1mltless" chips="800" dealer="0" win="0" bet="20" muck="1" rebuy="0" addon="0" merge="0" rebuychips="0" reg_code="5076498544"/>
<player seat="6" name="M1ky3ste92" chips="80" dealer="1" win="50" bet="80" muck="1" rebuy="0" addon="0" merge="0" rebuychips="0" reg_code="5076498618"/>
<player seat="10" name="LolloCausto" chips="620" dealer="0" win="0" bet="10" muck="1" rebuy="0" addon="0" merge="0" rebuychips="0" reg_code="5076498636"/>
</players>
</general>
<round no="0"><action no="1" player="LolloCausto" type="1" discard="1" dealt="1" sum="10"/>
<action no="2" player="L1mltless" type="2" discard="1" dealt="1" sum="20"/>
</round>
<round no="1"><cards type="Pocket" player="L1mltless">X X</cards>
<cards type="Pocket" player="M1ky3ste92">D4 HA</cards>
<cards type="Pocket" player="LolloCausto">X X</cards>
<action no="3" player="M1ky3ste92" type="23" sum="80"/>
<action no="4" player="LolloCausto" type="0" discard="1" dealt="1" sum="0"/>
<action no="5" player="L1mltless" type="0" discard="1" dealt="1" sum="0"/>
</round>
</game>
<game gamecode="6544170695"><general><startdate>2025-11-29 11:58:44</startdate>
<round>1</round>
<failsafecounter/>
<players><player seat="6" name="M1ky3ste92" chips="110" dealer="0" win="220" bet="110" muck="0" rebuy="0" addon="0" merge="0" rebuychips="0" reg_code="5076498618"/>
<player seat="10" name="LolloCausto" chips="610" dealer="1" win="0" bet="0" muck="1" rebuy="0" addon="0" merge="0" rebuychips="0" reg_code="5076498636"/>
<player seat="3" name="L1mltless" chips="780" dealer="0" win="0" bet="160" muck="0" rebuy="0" addon="0" merge="0" rebuychips="0" reg_code="5076498544"/>
</players>
</general>
<round no="0"><action no="1" player="L1mltless" type="1" discard="1" dealt="1" sum="10"/>
<action no="2" player="M1ky3ste92" type="2" sum="20"/>
</round>
<round no="1"><cards type="Pocket" player="LolloCausto">X X</cards>
<cards type="Pocket" player="L1mltless">CA DA</cards>
<cards type="Pocket" player="M1ky3ste92">H9 C10</cards>
<action no="3" player="LolloCausto" type="0" discard="1" dealt="1" sum="0"/>
<action no="4" player="L1mltless" type="23" discard="1" dealt="1" sum="160"/>
<action no="5" player="M1ky3ste92" type="7" sum="90"/>
</round>
<round no="2"><cards type="Flop">H10 C7 D9</cards>
</round>
<round no="3"><cards type="Turn">HK</cards>
</round>
<round no="4"><cards type="River">C2</cards>
</round>
</game>
<game gamecode="6544170741"><general><startdate>2025-11-29 11:59:05</startdate>
<round>1</round>
<failsafecounter/>
<players><player seat="10" name="LolloCausto" chips="610" dealer="0" win="0" bet="35" muck="1" rebuy="0" addon="0" merge="0" rebuychips="0" reg_code="5076498636"/>
<player seat="3" name="L1mltless" chips="670" dealer="1" win="0" bet="5" muck="1" rebuy="0" addon="0" merge="0" rebuychips="0" reg_code="5076498544"/>
<player seat="6" name="M1ky3ste92" chips="220" dealer="0" win="75" bet="220" muck="1" rebuy="0" addon="0" merge="0" rebuychips="0" reg_code="5076498618"/>
</players>
</general>
<round no="0"><action no="1" player="M1ky3ste92" type="15" sum="5"/>
<action no="2" player="LolloCausto" type="15" discard="1" dealt="1" sum="5"/>
<action no="3" player="L1mltless" type="15" discard="1" dealt="1" sum="5"/>
<action no="4" player="M1ky3ste92" type="1" sum="15"/>
<action no="5" player="LolloCausto" type="2" discard="1" dealt="1" sum="30"/>
</round>
<round no="1"><cards type="Pocket" player="L1mltless">X X</cards>
<cards type="Pocket" player="LolloCausto">X X</cards>
<cards type="Pocket" player="M1ky3ste92">DK SK</cards>
<action no="6" player="L1mltless" type="0" discard="1" dealt="1" sum="0"/>
<action no="7" player="M1ky3ste92" type="23" sum="215"/>
<action no="8" player="LolloCausto" type="0" discard="1" dealt="1" sum="0"/>
</round>
</game>
<game gamecode="6544170762"><general><startdate>2025-11-29 11:59:17</startdate>
<round>1</round>
<failsafecounter/>
<players><player seat="3" name="L1mltless" chips="665" dealer="0" win="0" bet="35" muck="1" rebuy="0" addon="0" merge="0" rebuychips="0" reg_code="5076498544"/>
<player seat="6" name="M1ky3ste92" chips="260" dealer="1" win="90" bet="260" muck="1" rebuy="0" addon="0" merge="0" rebuychips="0" reg_code="5076498618"/>
<player seat="10" name="LolloCausto" chips="575" dealer="0" win="0" bet="20" muck="1" rebuy="0" addon="0" merge="0" rebuychips="0" reg_code="5076498636"/>
</players>
</general>
<round no="0"><action no="1" player="LolloCausto" type="15" discard="1" dealt="1" sum="5"/>
<action no="2" player="L1mltless" type="15" discard="1" dealt="1" sum="5"/>
<action no="3" player="M1ky3ste92" type="15" sum="5"/>
<action no="4" player="LolloCausto" type="1" discard="1" dealt="1" sum="15"/>
<action no="5" player="L1mltless" type="2" discard="1" dealt="1" sum="30"/>
</round>
<round no="1"><cards type="Pocket" player="LolloCausto">X X</cards>
<cards type="Pocket" player="L1mltless">X X</cards>
<cards type="Pocket" player="M1ky3ste92">SA D4</cards>
<action no="6" player="M1ky3ste92" type="23" sum="255"/>
<action no="7" player="LolloCausto" type="0" discard="1" dealt="1" sum="0"/>
<action no="8" player="L1mltless" type="0" discard="1" dealt="1" sum="0"/>
</round>
</game>
<game gamecode="6544170784"><general><startdate>2025-11-29 11:59:29</startdate>
<round>1</round>
<failsafecounter/>
<players><player seat="6" name="M1ky3ste92" chips="315" dealer="0" win="0" bet="35" muck="1" rebuy="0" addon="0" merge="0" rebuychips="0" reg_code="5076498618"/>
<player seat="10" name="LolloCausto" chips="555" dealer="1" win="90" bet="555" muck="1" rebuy="0" addon="0" merge="0" rebuychips="0" reg_code="5076498636"/>
<player seat="3" name="L1mltless" chips="630" dealer="0" win="0" bet="20" muck="1" rebuy="0" addon="0" merge="0" rebuychips="0" reg_code="5076498544"/>
</players>
</general>
<round no="0"><action no="1" player="L1mltless" type="15" discard="1" dealt="1" sum="5"/>
<action no="2" player="M1ky3ste92" type="15" sum="5"/>
<action no="3" player="LolloCausto" type="15" discard="1" dealt="1" sum="5"/>
<action no="4" player="L1mltless" type="1" discard="1" dealt="1" sum="15"/>
<action no="5" player="M1ky3ste92" type="2" sum="30"/>
</round>
<round no="1"><cards type="Pocket" player="M1ky3ste92">H3 D8</cards>
<cards type="Pocket" player="LolloCausto">X X</cards>
<cards type="Pocket" player="L1mltless">X X</cards>
<action no="6" player="LolloCausto" type="23" discard="1" dealt="1" sum="550"/>
<action no="7" player="L1mltless" type="0" discard="1" dealt="1" sum="0"/>
<action no="8" player="M1ky3ste92" type="0" sum="0"/>
</round>
</game>
<game gamecode="6544170814"><general><startdate>2025-11-29 11:59:42</startdate>
<round>1</round>
<failsafecounter/>
<players><player seat="10" name="LolloCausto" chips="610" dealer="0" win="0" bet="35" muck="1" rebuy="0" addon="0" merge="0" rebuychips="0" reg_code="5076498636"/>
<player seat="3" name="L1mltless" chips="610" dealer="1" win="0" bet="5" muck="1" rebuy="0" addon="0" merge="0" rebuychips="0" reg_code="5076498544"/>
<player seat="6" name="M1ky3ste92" chips="280" dealer="0" win="75" bet="280" muck="1" rebuy="0" addon="0" merge="0" rebuychips="0" reg_code="5076498618"/>
</players>
</general>
<round no="0"><action no="1" player="M1ky3ste92" type="15" sum="5"/>
<action no="2" player="LolloCausto" type="15" discard="1" dealt="1" sum="5"/>
<action no="3" player="L1mltless" type="15" discard="1" dealt="1" sum="5"/>
<action no="4" player="M1ky3ste92" type="1" sum="15"/>
<action no="5" player="LolloCausto" type="2" discard="1" dealt="1" sum="30"/>
</round>
<round no="1"><cards type="Pocket" player="L1mltless">X X</cards>
<cards type="Pocket" player="LolloCausto">X X</cards>
<cards type="Pocket" player="M1ky3ste92">D2 H2</cards>
<action no="6" player="L1mltless" type="0" discard="1" dealt="1" sum="0"/>
<action no="7" player="M1ky3ste92" type="23" sum="275"/>
<action no="8" player="LolloCausto" type="0" discard="1" dealt="1" sum="0"/>
</round>
</game>
<game gamecode="6544170832"><general><startdate>2025-11-29 11:59:51</startdate>
<round>1</round>
<failsafecounter/>
<players><player seat="3" name="L1mltless" chips="605" dealer="0" win="135" bet="155" muck="1" rebuy="0" addon="0" merge="0" rebuychips="0" reg_code="5076498544"/>
<player seat="6" name="M1ky3ste92" chips="320" dealer="1" win="0" bet="5" muck="1" rebuy="0" addon="0" merge="0" rebuychips="0" reg_code="5076498618"/>
<player seat="10" name="LolloCausto" chips="575" dealer="0" win="0" bet="65" muck="1" rebuy="0" addon="0" merge="0" rebuychips="0" reg_code="5076498636"/>
</players>
</general>
<round no="0"><action no="1" player="LolloCausto" type="15" discard="1" dealt="1" sum="5"/>
<action no="2" player="L1mltless" type="15" discard="1" dealt="1" sum="5"/>
<action no="3" player="M1ky3ste92" type="15" sum="5"/>
<action no="4" player="LolloCausto" type="1" discard="1" dealt="1" sum="15"/>
<action no="5" player="L1mltless" type="2" discard="1" dealt="1" sum="30"/>
</round>
<round no="1"><cards type="Pocket" player="LolloCausto">X X</cards>
<cards type="Pocket" player="L1mltless">X X</cards>
<cards type="Pocket" player="M1ky3ste92">H3 H7</cards>
<action no="6" player="M1ky3ste92" type="0" sum="0"/>
<action no="7" player="LolloCausto" type="3" discard="1" dealt="1" sum="15"/>
<action no="8" player="L1mltless" type="4" discard="1" dealt="1" sum="0"/>
</round>
<round no="2"><cards type="Flop">C4 D5 C3</cards>
<action no="9" player="LolloCausto" type="5" discard="1" dealt="1" sum="30"/>
<action no="10" player="L1mltless" type="23" discard="1" dealt="1" sum="120"/>
<action no="11" player="LolloCausto" type="0" discard="1" dealt="1" sum="0"/>
</round>
</game>
<game gamecode="6544175109"><general><startdate>2025-11-29 12:00:20</startdate>
<round>1</round>
<failsafecounter/>
<players><player seat="6" name="M1ky3ste92" chips="315" dealer="0" win="45" bet="35" muck="1" rebuy="0" addon="0" merge="0" rebuychips="0" reg_code="5076498618"/>
<player seat="10" name="LolloCausto" chips="510" dealer="1" win="0" bet="5" muck="1" rebuy="0" addon="0" merge="0" rebuychips="0" reg_code="5076498636"/>
<player seat="3" name="L1mltless" chips="675" dealer="0" win="0" bet="20" muck="1" rebuy="0" addon="0" merge="0" rebuychips="0" reg_code="5076498544"/>
</players>
</general>
<round no="0"><action no="1" player="L1mltless" type="15" discard="1" dealt="1" sum="5"/>
<action no="2" player="M1ky3ste92" type="15" sum="5"/>
<action no="3" player="LolloCausto" type="15" discard="1" dealt="1" sum="5"/>
<action no="4" player="L1mltless" type="1" discard="1" dealt="1" sum="15"/>
<action no="5" player="M1ky3ste92" type="2" sum="30"/>
</round>
<round no="1"><cards type="Pocket" player="M1ky3ste92">HK C6</cards>
<cards type="Pocket" player="LolloCausto">X X</cards>
<cards type="Pocket" player="L1mltless">X X</cards>
<action no="6" player="LolloCausto" type="0" discard="1" dealt="1" sum="0"/>
<action no="7" player="L1mltless" type="0" discard="1" dealt="1" sum="0"/>
</round>
</game>
<game gamecode="6544175150"><general><startdate>2025-11-29 12:00:31</startdate>
<round>1</round>
<failsafecounter/>
<players><player seat="10" name="LolloCausto" chips="505" dealer="0" win="0" bet="65" muck="1" rebuy="0" addon="0" merge="0" rebuychips="0" reg_code="5076498636"/>
<player seat="3" name="L1mltless" chips="655" dealer="1" win="150" bet="143" muck="1" rebuy="0" addon="0" merge="0" rebuychips="0" reg_code="5076498544"/>
<player seat="6" name="M1ky3ste92" chips="340" dealer="0" win="0" bet="20" muck="1" rebuy="0" addon="0" merge="0" rebuychips="0" reg_code="5076498618"/>
</players>
</general>
<round no="0"><action no="1" player="M1ky3ste92" type="15" sum="5"/>
<action no="2" player="LolloCausto" type="15" discard="1" dealt="1" sum="5"/>
<action no="3" player="L1mltless" type="15" discard="1" dealt="1" sum="5"/>
<action no="4" player="M1ky3ste92" type="1" sum="15"/>
<action no="5" player="LolloCausto" type="2" discard="1" dealt="1" sum="30"/>
</round>
<round no="1"><cards type="Pocket" player="M1ky3ste92">DK S2</cards>
<cards type="Pocket" player="LolloCausto">X X</cards>
<cards type="Pocket" player="L1mltless">X X</cards>
<action no="6" player="L1mltless" type="23" discard="1" dealt="1" sum="60"/>
<action no="7" player="M1ky3ste92" type="0" sum="0"/>
<action no="8" player="LolloCausto" type="3" discard="1" dealt="1" sum="30"/>
</round>
<round no="2"><cards type="Flop">C8 S10 H9</cards>
<action no="9" player="LolloCausto" type="4" discard="1" dealt="1" sum="0"/>
<action no="10" player="L1mltless" type="5" discard="1" dealt="1" sum="78"/>
<action no="11" player="LolloCausto" type="0" discard="1" dealt="1" sum="0"/>
</round>
</game>
<game gamecode="6544175213"><general><startdate>2025-11-29 12:01:10</startdate>
<round>1</round>
<failsafecounter/>
<players><player seat="3" name="L1mltless" chips="740" dealer="0" win="0" bet="45" muck="1" rebuy="0" addon="0" merge="0" rebuychips="0" reg_code="5076498544"/>
<player seat="6" name="M1ky3ste92" chips="320" dealer="1" win="0" bet="5" muck="1" rebuy="0" addon="0" merge="0" rebuychips="0" reg_code="5076498618"/>
<player seat="10" name="LolloCausto" chips="440" dealer="0" win="95" bet="440" muck="1" rebuy="0" addon="0" merge="0" rebuychips="0" reg_code="5076498636"/>
</players>
</general>
<round no="0"><action no="1" player="LolloCausto" type="15" discard="1" dealt="1" sum="5"/>
<action no="2" player="L1mltless" type="15" discard="1" dealt="1" sum="5"/>
<action no="3" player="M1ky3ste92" type="15" sum="5"/>
<action no="4" player="LolloCausto" type="1" discard="1" dealt="1" sum="20"/>
<action no="5" player="L1mltless" type="2" discard="1" dealt="1" sum="40"/>
</round>
<round no="1"><cards type="Pocket" player="M1ky3ste92">C3 CJ</cards>
<cards type="Pocket" player="L1mltless">X X</cards>
<cards type="Pocket" player="LolloCausto">X X</cards>
<action no="6" player="M1ky3ste92" type="0" sum="0"/>
<action no="7" player="LolloCausto" type="23" discard="1" dealt="1" sum="435"/>
<action no="8" player="L1mltless" type="0" discard="1" dealt="1" sum="0"/>
</round>
</game>
<game gamecode="6544175248"><general><startdate>2025-11-29 12:01:27</startdate>
<round>1</round>
<failsafecounter/>
<players><player seat="6" name="M1ky3ste92" chips="315" dealer="0" win="0" bet="315" muck="1" rebuy="0" addon="0" merge="0" rebuychips="0" reg_code="5076498618"/>
<player seat="10" name="LolloCausto" chips="490" dealer="1" win="0" bet="5" muck="1" rebuy="0" addon="0" merge="0" rebuychips="0" reg_code="5076498636"/>
<player seat="3" name="L1mltless" chips="695" dealer="0" win="635" bet="695" muck="0" rebuy="0" addon="0" merge="0" rebuychips="0" reg_code="5076498544"/>
</players>
</general>
<round no="0"><action no="1" player="L1mltless" type="15" discard="1" dealt="1" sum="5"/>
<action no="2" player="M1ky3ste92" type="15" sum="5"/>
<action no="3" player="LolloCausto" type="15" discard="1" dealt="1" sum="5"/>
<action no="4" player="L1mltless" type="1" discard="1" dealt="1" sum="20"/>
<action no="5" player="M1ky3ste92" type="2" sum="40"/>
</round>
<round no="1"><cards type="Pocket" player="LolloCausto">X X</cards>
<cards type="Pocket" player="L1mltless">S9 HA</cards>
<cards type="Pocket" player="M1ky3ste92">H2 S2</cards>
<action no="6" player="LolloCausto" type="0" discard="1" dealt="1" sum="0"/>
<action no="7" player="L1mltless" type="23" discard="1" dealt="1" sum="690"/>
<action no="8" player="M1ky3ste92" type="7" sum="270"/>
</round>
<round no="2"><cards type="Flop">DQ S6 H10</cards>
</round>
<round no="3"><cards type="Turn">H4</cards>
</round>
<round no="4"><cards type="River">D9</cards>
</round>
</game>
</session>
