<?xml version="1.0" encoding="UTF-8"?>
<session sessioncode="5076238333">
<general>
<client_version>25.7.1.34</client_version>
<mode>real</mode>
<gametype>Holdem NL</gametype>
<tablename>Twister €100 SNG, 822606353</tablename>
<tournamentcode>822606352</tournamentcode>
<tournamentname>Twister €100 SNG</tournamentname>
<buyin>€0 + €7 + €93</buyin>
<totalbuyin>€100</totalbuyin>
<rewarddrawn>€200</rewarddrawn>
<tournamentcurrency>EUR</tournamentcurrency>
<currency>EUR</currency>
<nickname>M1ky3ste92</nickname>
<gamecount>7</gamecount>
<startdate>2025-11-28 14:02:32</startdate>
<place>3</place>
<win>€0</win>
<tablesize>3</tablesize>
</general>
<game gamecode="6543321212"><general><startdate>2025-11-28 14:02:48</startdate>
<round>1</round>
<failsafecounter/>
<players><player seat="6" name="deIduKA" chips="500" dealer="0" win="0" bet="20" muck="1" rebuy="0" addon="0" merge="0" rebuychips="0" reg_code="5076238148"/>
<player seat="10" name="Lucmas" chips="500" dealer="1" win="50" bet="40" muck="1" rebuy="0" addon="0" merge="0" rebuychips="0" reg_code="5076238491"/>
<player seat="3" name="M1ky3ste92" chips="500" dealer="0" win="0" bet="10" muck="1" rebuy="0" addon="0" merge="0" rebuychips="0" reg_code="5076238333"/>
</players>
</general>
<round no="0"><action no="1" player="M1ky3ste92" type="1" sum="10"/>
<action no="2" player="deIduKA" type="2" discard="1" dealt="1" sum="20"/>
</round>
<round no="1"><cards type="Pocket" player="deIduKA">X X</cards>
<cards type="Pocket" player="Lucmas">X X</cards>
<cards type="Pocket" player="M1ky3ste92">S7 H5</cards>
<action no="3" player="Lucmas" type="3" discard="1" dealt="1" sum="20"/>
<action no="4" player="M1ky3ste92" type="0" sum="0"/>
<action no="5" player="deIduKA" type="4" discard="1" dealt="1" sum="0"/>
</round>
<round no="2"><cards type="Flop">HA HQ D6</cards>
<action no="6" player="deIduKA" type="4" discard="1" dealt="1" sum="0"/>
<action no="7" player="Lucmas" type="5" discard="1" dealt="1" sum="20"/>
<action no="8" player="deIduKA" type="0" discard="1" dealt="1" sum="0"/>
</round>
</game>
<game gamecode="6543321241"><general><startdate>2025-11-28 14:03:03</startdate>
<round>1</round>
<failsafecounter/>
<players><player seat="10" name="Lucmas" chips="530" dealer="0" win="260" bet="125" muck="0" rebuy="0" addon="0" merge="0" rebuychips="0" reg_code="5076238491"/>
<player seat="3" name="M1ky3ste92" chips="490" dealer="1" win="0" bet="125" muck="1" rebuy="0" addon="0" merge="0" rebuychips="0" reg_code="5076238333"/>
<player seat="6" name="deIduKA" chips="480" dealer="0" win="0" bet="10" muck="1" rebuy="0" addon="0" merge="0" rebuychips="0" reg_code="5076238148"/>
</players>
</general>
<round no="0"><action no="1" player="deIduKA" type="1" discard="1" dealt="1" sum="10"/>
<action no="2" player="Lucmas" type="2" discard="1" dealt="1" sum="20"/>
</round>
<round no="1"><cards type="Pocket" player="Lucmas">S6 CK</cards>
<cards type="Pocket" player="deIduKA">X X</cards>
<cards type="Pocket" player="M1ky3ste92">H5 HA</cards>
<action no="3" player="M1ky3ste92" type="23" sum="40"/>
<action no="4" player="deIduKA" type="0" discard="1" dealt="1" sum="0"/>
<action no="5" player="Lucmas" type="3" discard="1" dealt="1" sum="20"/>
</round>
<round no="2"><cards type="Flop">HQ CA HK</cards>
<action no="6" player="Lucmas" type="4" discard="1" dealt="1" sum="0"/>
<action no="7" player="M1ky3ste92" type="5" sum="20"/>
<action no="8" player="Lucmas" type="3" discard="1" dealt="1" sum="20"/>
</round>
<round no="3"><cards type="Turn">SK</cards>
<action no="9" player="Lucmas" type="4" discard="1" dealt="1" sum="0"/>
<action no="10" player="M1ky3ste92" type="4" sum="0"/>
</round>
<round no="4"><cards type="River">D8</cards>
<action no="11" player="Lucmas" type="5" discard="1" dealt="1" sum="65"/>
<action no="12" player="M1ky3ste92" type="3" sum="65"/>
</round>
</game>
<game gamecode="6543321323"><general><startdate>2025-11-28 14:03:46</startdate>
<round>1</round>
<failsafecounter/>
<players><player seat="3" name="M1ky3ste92" chips="365" dealer="0" win="200" bet="200" muck="1" rebuy="0" addon="0" merge="0" rebuychips="0" reg_code="5076238333"/>
<player seat="6" name="deIduKA" chips="470" dealer="1" win="0" bet="0" muck="1" rebuy="0" addon="0" merge="0" rebuychips="0" reg_code="5076238148"/>
<player seat="10" name="Lucmas" chips="665" dealer="0" win="0" bet="100" muck="1" rebuy="0" addon="0" merge="0" rebuychips="0" reg_code="5076238491"/>
</players>
</general>
<round no="0"><action no="1" player="Lucmas" type="1" discard="1" dealt="1" sum="10"/>
<action no="2" player="M1ky3ste92" type="2" sum="20"/>
</round>
<round no="1"><cards type="Pocket" player="deIduKA">X X</cards>
<cards type="Pocket" player="Lucmas">X X</cards>
<cards type="Pocket" player="M1ky3ste92">DA HA</cards>
<action no="3" player="deIduKA" type="0" discard="1" dealt="1" sum="0"/>
<action no="4" player="Lucmas" type="3" discard="1" dealt="1" sum="10"/>
<action no="5" player="M1ky3ste92" type="23" sum="60"/>
<action no="6" player="Lucmas" type="3" discard="1" dealt="1" sum="40"/>
</round>
<round no="2"><cards type="Flop">H7 SJ S3</cards>
<action no="7" player="Lucmas" type="4" discard="1" dealt="1" sum="0"/>
<action no="8" player="M1ky3ste92" type="5" sum="40"/>
<action no="9" player="Lucmas" type="3" discard="1" dealt="1" sum="40"/>
</round>
<round no="3"><cards type="Turn">S4</cards>
<action no="10" player="Lucmas" type="4" discard="1" dealt="1" sum="0"/>
<action no="11" player="M1ky3ste92" type="5" sum="100"/>
<action no="12" player="Lucmas" type="0" discard="1" dealt="1" sum="0"/>
</round>
</game>
<game gamecode="6543321358"><general><startdate>2025-11-28 14:04:07</startdate>
<round>1</round>
<failsafecounter/>
<players><player seat="6" name="deIduKA" chips="470" dealer="0" win="60" bet="470" muck="1" rebuy="0" addon="0" merge="0" rebuychips="0" reg_code="5076238148"/>
<player seat="10" name="Lucmas" chips="565" dealer="1" win="0" bet="20" muck="1" rebuy="0" addon="0" merge="0" rebuychips="0" reg_code="5076238491"/>
<player seat="3" name="M1ky3ste92" chips="465" dealer="0" win="0" bet="20" muck="1" rebuy="0" addon="0" merge="0" rebuychips="0" reg_code="5076238333"/>
</players>
</general>
<round no="0"><action no="1" player="M1ky3ste92" type="1" sum="10"/>
<action no="2" player="deIduKA" type="2" discard="1" dealt="1" sum="20"/>
</round>
<round no="1"><cards type="Pocket" player="deIduKA">X X</cards>
<cards type="Pocket" player="Lucmas">X X</cards>
<cards type="Pocket" player="M1ky3ste92">HK S6</cards>
<action no="3" player="Lucmas" type="3" discard="1" dealt="1" sum="20"/>
<action no="4" player="M1ky3ste92" type="3" sum="10"/>
<action no="5" player="deIduKA" type="23" discard="1" dealt="1" sum="470"/>
<action no="6" player="Lucmas" type="0" discard="1" dealt="1" sum="0"/>
<action no="7" player="M1ky3ste92" type="0" sum="0"/>
</round>
</game>
<game gamecode="6543321378"><general><startdate>2025-11-28 14:04:20</startdate>
<round>1</round>
<failsafecounter/>
<players><player seat="10" name="Lucmas" chips="545" dealer="0" win="148" bet="217" muck="1" rebuy="0" addon="0" merge="0" rebuychips="0" reg_code="5076238491"/>
<player seat="3" name="M1ky3ste92" chips="445" dealer="1" win="0" bet="69" muck="1" rebuy="0" addon="0" merge="0" rebuychips="0" reg_code="5076238333"/>
<player seat="6" name="deIduKA" chips="510" dealer="0" win="0" bet="10" muck="1" rebuy="0" addon="0" merge="0" rebuychips="0" reg_code="5076238148"/>
</players>
</general>
<round no="0"><action no="1" player="deIduKA" type="1" discard="1" dealt="1" sum="10"/>
<action no="2" player="Lucmas" type="2" discard="1" dealt="1" sum="20"/>
</round>
<round no="1"><cards type="Pocket" player="M1ky3ste92">CA C4</cards>
<cards type="Pocket" player="Lucmas">X X</cards>
<cards type="Pocket" player="deIduKA">X X</cards>
<action no="3" player="M1ky3ste92" type="23" sum="40"/>
<action no="4" player="deIduKA" type="0" discard="1" dealt="1" sum="0"/>
<action no="5" player="Lucmas" type="3" discard="1" dealt="1" sum="20"/>
</round>
<round no="2"><cards type="Flop">HQ C6 DJ</cards>
<action no="6" player="Lucmas" type="4" discard="1" dealt="1" sum="0"/>
<action no="7" player="M1ky3ste92" type="5" sum="29"/>
<action no="8" player="Lucmas" type="3" discard="1" dealt="1" sum="29"/>
</round>
<round no="3"><cards type="Turn">CQ</cards>
<action no="9" player="Lucmas" type="4" discard="1" dealt="1" sum="0"/>
<action no="10" player="M1ky3ste92" type="4" sum="0"/>
</round>
<round no="4"><cards type="River">D2</cards>
<action no="11" player="Lucmas" type="5" discard="1" dealt="1" sum="148"/>
<action no="12" player="M1ky3ste92" type="0" sum="0"/>
</round>
</game>
<game gamecode="6543321428"><general><startdate>2025-11-28 14:04:53</startdate>
<round>1</round>
<failsafecounter/>
<players><player seat="3" name="M1ky3ste92" chips="376" dealer="0" win="0" bet="35" muck="1" rebuy="0" addon="0" merge="0" rebuychips="0" reg_code="5076238333"/>
<player seat="6" name="deIduKA" chips="500" dealer="1" win="0" bet="5" muck="1" rebuy="0" addon="0" merge="0" rebuychips="0" reg_code="5076238148"/>
<player seat="10" name="Lucmas" chips="624" dealer="0" win="75" bet="155" muck="0" rebuy="0" addon="0" merge="0" rebuychips="0" reg_code="5076238491"/>
</players>
</general>
<round no="0"><action no="1" player="Lucmas" type="15" discard="1" dealt="1" sum="5"/>
<action no="2" player="M1ky3ste92" type="15" sum="5"/>
<action no="3" player="deIduKA" type="15" discard="1" dealt="1" sum="5"/>
<action no="4" player="Lucmas" type="1" discard="1" dealt="1" sum="15"/>
<action no="5" player="M1ky3ste92" type="2" sum="30"/>
</round>
<round no="1"><cards type="Pocket" player="deIduKA">X X</cards>
<cards type="Pocket" player="M1ky3ste92">CQ D10</cards>
<cards type="Pocket" player="Lucmas">H10 S10</cards>
<action no="6" player="deIduKA" type="0" discard="1" dealt="1" sum="0"/>
<action no="7" player="Lucmas" type="23" discard="1" dealt="1" sum="150"/>
<action no="8" player="M1ky3ste92" type="0" sum="0"/>
</round>
</game>
<game gamecode="6543321443"><general><startdate>2025-11-28 14:05:02</startdate>
<round>1</round>
<failsafecounter/>
<players><player seat="6" name="deIduKA" chips="495" dealer="0" win="0" bet="35" muck="1" rebuy="0" addon="0" merge="0" rebuychips="0" reg_code="5076238148"/>
<player seat="10" name="Lucmas" chips="664" dealer="1" win="717" bet="341" muck="0" rebuy="0" addon="0" merge="0" rebuychips="0" reg_code="5076238491"/>
<player seat="3" name="M1ky3ste92" chips="341" dealer="0" win="0" bet="341" muck="0" rebuy="0" addon="0" merge="0" rebuychips="0" reg_code="5076238333"/>
</players>
</general>
<round no="0"><action no="1" player="M1ky3ste92" type="15" sum="5"/>
<action no="2" player="deIduKA" type="15" discard="1" dealt="1" sum="5"/>
<action no="3" player="Lucmas" type="15" discard="1" dealt="1" sum="5"/>
<action no="4" player="M1ky3ste92" type="1" sum="15"/>
<action no="5" player="deIduKA" type="2" discard="1" dealt="1" sum="30"/>
</round>
<round no="1"><cards type="Pocket" player="deIduKA">X X</cards>
<cards type="Pocket" player="M1ky3ste92">CA C6</cards>
<cards type="Pocket" player="Lucmas">DA SA</cards>
<action no="6" player="Lucmas" type="23" discard="1" dealt="1" sum="90"/>
<action no="7" player="M1ky3ste92" type="23" sum="336"/>
<action no="8" player="deIduKA" type="0" discard="1" dealt="1" sum="0"/>
<action no="9" player="Lucmas" type="3" discard="1" dealt="1" sum="246"/>
</round>
<round no="2"><cards type="Flop">H8 DJ H5</cards>
</round>
<round no="3"><cards type="Turn">D6</cards>
</round>
<round no="4"><cards type="River">D8</cards>
</round>
</game>
</session>
