<?xml version="1.0" encoding="UTF-8"?>
<session sessioncode="5088920526">
<general>
<client_version>24.7.1.18</client_version>
<mode>real</mode>
<gametype>Holdem NL</gametype>
<tablename>Twister €100 SNG, 826332242</tablename>
<tournamentcode>826332241</tournamentcode>
<tournamentname>Twister €100 SNG</tournamentname>
<buyin>€0 + €7 + €93</buyin>
<totalbuyin>€100</totalbuyin>
<rewarddrawn>€500</rewarddrawn>
<tournamentcurrency>EUR</tournamentcurrency>
<currency>EUR</currency>
<nickname>M1ky3ste92</nickname>
<gamecount>35</gamecount>
<startdate>2026-01-13 08:18:51</startdate>
<place>2</place>
<win>€0</win>
<tablesize>3</tablesize>
</general>
<game gamecode="6592942103"><general>
<startdate>2026-01-13 08:19:07</startdate>
<round>1</round>
<failsafecounter/>
<players><player seat="3" name="Zeeria" chips="500" dealer="0" win="0" bet="500" muck="0" rebuy="0" addon="0" merge="0" rebuychips="0" reg_code="5088919366"/>
<player seat="6" name="molnic01" chips="500" dealer="1" win="0" bet="0" muck="1" rebuy="0" addon="0" merge="0" rebuychips="0" reg_code="5088920507"/>
<player seat="10" name="M1ky3ste92" chips="500" dealer="0" win="1,000" bet="500" muck="0" rebuy="0" addon="0" merge="0" rebuychips="0" reg_code="5088920526"/>
</players>
</general>
<round no="0"><action no="1" player="M1ky3ste92" type="1" sum="10"/>
<action no="2" player="Zeeria" type="2" discard="1" dealt="1" sum="20"/>
</round>
<round no="1"><cards type="Pocket" player="molnic01">X X</cards>
<cards type="Pocket" player="M1ky3ste92">D5 S5</cards>
<cards type="Pocket" player="Zeeria">C2 S2</cards>
<action no="3" player="molnic01" type="0" discard="1" dealt="1" sum="0"/>
<action no="4" player="M1ky3ste92" type="3" sum="10"/>
<action no="5" player="Zeeria" type="23" discard="1" dealt="1" sum="500"/>
<action no="6" player="M1ky3ste92" type="7" sum="480"/>
</round>
<round no="2"><cards type="Flop">SJ HK D9</cards>
</round>
<round no="3"><cards type="Turn">D8</cards>
</round>
<round no="4"><cards type="River">HQ</cards>
</round>
</game>
<game gamecode="6592942139"><general>
<startdate>2026-01-13 08:19:28</startdate>
<round>1</round>
<failsafecounter/>
<players><player seat="6" name="molnic01" chips="500" dealer="0" win="80" bet="120" muck="1" rebuy="0" addon="0" merge="0" rebuychips="0" reg_code="5088920507"/>
<player seat="10" name="M1ky3ste92" chips="1,000" dealer="1" win="0" bet="40" muck="1" rebuy="0" addon="0" merge="0" rebuychips="0" reg_code="5088920526"/>
</players>
</general>
<round no="0"><action no="1" player="M1ky3ste92" type="1" sum="10"/>
<action no="2" player="molnic01" type="2" discard="1" dealt="1" sum="20"/>
</round>
<round no="1"><cards type="Pocket" player="molnic01">X X</cards>
<cards type="Pocket" player="M1ky3ste92">H8 S10</cards>
<action no="3" player="M1ky3ste92" type="3" sum="10"/>
<action no="4" player="molnic01" type="4" discard="1" dealt="1" sum="0"/>
</round>
<round no="2"><cards type="Flop">D3 H3 C7</cards>
<action no="5" player="molnic01" type="4" discard="1" dealt="1" sum="0"/>
<action no="6" player="M1ky3ste92" type="5" sum="20"/>
<action no="7" player="molnic01" type="3" discard="1" dealt="1" sum="20"/>
</round>
<round no="3"><cards type="Turn">CA</cards>
<action no="8" player="molnic01" type="4" discard="1" dealt="1" sum="0"/>
<action no="9" player="M1ky3ste92" type="4" sum="0"/>
</round>
<round no="4"><cards type="River">DJ</cards>
<action no="10" player="molnic01" type="5" discard="1" dealt="1" sum="80"/>
<action no="11" player="M1ky3ste92" type="0" sum="0"/>
</round>
</game>
<game gamecode="6592942161"><general>
<startdate>2026-01-13 08:19:44</startdate>
<round>1</round>
<failsafecounter/>
<players><player seat="10" name="M1ky3ste92" chips="960" dealer="0" win="120" bet="120" muck="1" rebuy="0" addon="0" merge="0" rebuychips="0" reg_code="5088920526"/>
<player seat="6" name="molnic01" chips="540" dealer="1" win="0" bet="60" muck="1" rebuy="0" addon="0" merge="0" rebuychips="0" reg_code="5088920507"/>
</players>
</general>
<round no="0"><action no="1" player="molnic01" type="1" discard="1" dealt="1" sum="10"/>
<action no="2" player="M1ky3ste92" type="2" sum="20"/>
</round>
<round no="1"><cards type="Pocket" player="molnic01">X X</cards>
<cards type="Pocket" player="M1ky3ste92">H9 C10</cards>
<action no="3" player="molnic01" type="3" discard="1" dealt="1" sum="10"/>
<action no="4" player="M1ky3ste92" type="23" sum="60"/>
<action no="5" player="molnic01" type="3" discard="1" dealt="1" sum="40"/>
</round>
<round no="2"><cards type="Flop">S8 C4 C5</cards>
<action no="6" player="M1ky3ste92" type="4" sum="0"/>
<action no="7" player="molnic01" type="4" discard="1" dealt="1" sum="0"/>
</round>
<round no="3"><cards type="Turn">CJ</cards>
<action no="8" player="M1ky3ste92" type="5" sum="60"/>
<action no="9" player="molnic01" type="0" discard="1" dealt="1" sum="0"/>
</round>
</game>
<game gamecode="6592942188"><general>
<startdate>2026-01-13 08:20:02</startdate>
<round>1</round>
<failsafecounter/>
<players><player seat="6" name="molnic01" chips="480" dealer="0" win="0" bet="80" muck="1" rebuy="0" addon="0" merge="0" rebuychips="0" reg_code="5088920507"/>
<player seat="10" name="M1ky3ste92" chips="1,020" dealer="1" win="160" bet="80" muck="0" rebuy="0" addon="0" merge="0" rebuychips="0" reg_code="5088920526"/>
</players>
</general>
<round no="0"><action no="1" player="M1ky3ste92" type="1" sum="10"/>
<action no="2" player="molnic01" type="2" discard="1" dealt="1" sum="20"/>
</round>
<round no="1"><cards type="Pocket" player="molnic01">S10 DQ</cards>
<cards type="Pocket" player="M1ky3ste92">DA H7</cards>
<action no="3" player="M1ky3ste92" type="23" sum="40"/>
<action no="4" player="molnic01" type="3" discard="1" dealt="1" sum="20"/>
</round>
<round no="2"><cards type="Flop">D9 H3 D3</cards>
<action no="5" player="molnic01" type="4" discard="1" dealt="1" sum="0"/>
<action no="6" player="M1ky3ste92" type="4" sum="0"/>
</round>
<round no="3"><cards type="Turn">D7</cards>
<action no="7" player="molnic01" type="4" discard="1" dealt="1" sum="0"/>
<action no="8" player="M1ky3ste92" type="5" sum="20"/>
<action no="9" player="molnic01" type="3" discard="1" dealt="1" sum="20"/>
</round>
<round no="4"><cards type="River">SK</cards>
<action no="10" player="molnic01" type="4" discard="1" dealt="1" sum="0"/>
<action no="11" player="M1ky3ste92" type="5" sum="20"/>
<action no="12" player="molnic01" type="3" discard="1" dealt="1" sum="20"/>
</round>
</game>
<game gamecode="6592942211"><general>
<startdate>2026-01-13 08:20:21</startdate>
<round>1</round>
<failsafecounter/>
<players><player seat="10" name="M1ky3ste92" chips="1,100" dealer="0" win="0" bet="40" muck="1" rebuy="0" addon="0" merge="0" rebuychips="0" reg_code="5088920526"/>
<player seat="6" name="molnic01" chips="400" dealer="1" win="80" bet="100" muck="1" rebuy="0" addon="0" merge="0" rebuychips="0" reg_code="5088920507"/>
</players>
</general>
<round no="0"><action no="1" player="molnic01" type="1" discard="1" dealt="1" sum="10"/>
<action no="2" player="M1ky3ste92" type="2" sum="20"/>
</round>
<round no="1"><cards type="Pocket" player="molnic01">X X</cards>
<cards type="Pocket" player="M1ky3ste92">S8 D9</cards>
<action no="3" player="molnic01" type="3" discard="1" dealt="1" sum="10"/>
<action no="4" player="M1ky3ste92" type="4" sum="0"/>
</round>
<round no="2"><cards type="Flop">H10 DA S5</cards>
<action no="5" player="M1ky3ste92" type="4" sum="0"/>
<action no="6" player="molnic01" type="4" discard="1" dealt="1" sum="0"/>
</round>
<round no="3"><cards type="Turn">C7</cards>
<action no="7" player="M1ky3ste92" type="5" sum="20"/>
<action no="8" player="molnic01" type="3" discard="1" dealt="1" sum="20"/>
</round>
<round no="4"><cards type="River">HK</cards>
<action no="9" player="M1ky3ste92" type="4" sum="0"/>
<action no="10" player="molnic01" type="5" discard="1" dealt="1" sum="60"/>
<action no="11" player="M1ky3ste92" type="0" sum="0"/>
</round>
</game>
<game gamecode="6592942238"><general>
<startdate>2026-01-13 08:20:36</startdate>
<round>1</round>
<failsafecounter/>
<players><player seat="6" name="molnic01" chips="440" dealer="0" win="20" bet="20" muck="1" rebuy="0" addon="0" merge="0" rebuychips="0" reg_code="5088920507"/>
<player seat="10" name="M1ky3ste92" chips="1,060" dealer="1" win="0" bet="10" muck="1" rebuy="0" addon="0" merge="0" rebuychips="0" reg_code="5088920526"/>
</players>
</general>
<round no="0"><action no="1" player="M1ky3ste92" type="1" sum="10"/>
<action no="2" player="molnic01" type="2" discard="1" dealt="1" sum="20"/>
</round>
<round no="1"><cards type="Pocket" player="molnic01">X X</cards>
<cards type="Pocket" player="M1ky3ste92">C10 D3</cards>
<action no="3" player="M1ky3ste92" type="0" sum="0"/>
</round>
</game>
<game gamecode="6592942249"><general>
<startdate>2026-01-13 08:20:42</startdate>
<round>1</round>
<failsafecounter/>
<players><player seat="10" name="M1ky3ste92" chips="1,050" dealer="0" win="80" bet="40" muck="0" rebuy="0" addon="0" merge="0" rebuychips="0" reg_code="5088920526"/>
<player seat="6" name="molnic01" chips="450" dealer="1" win="0" bet="40" muck="1" rebuy="0" addon="0" merge="0" rebuychips="0" reg_code="5088920507"/>
</players>
</general>
<round no="0"><action no="1" player="molnic01" type="1" discard="1" dealt="1" sum="10"/>
<action no="2" player="M1ky3ste92" type="2" sum="20"/>
</round>
<round no="1"><cards type="Pocket" player="molnic01">S8 S3</cards>
<cards type="Pocket" player="M1ky3ste92">C7 C9</cards>
<action no="3" player="molnic01" type="3" discard="1" dealt="1" sum="10"/>
<action no="4" player="M1ky3ste92" type="4" sum="0"/>
</round>
<round no="2"><cards type="Flop">H9 DQ D4</cards>
<action no="5" player="M1ky3ste92" type="4" sum="0"/>
<action no="6" player="molnic01" type="4" discard="1" dealt="1" sum="0"/>
</round>
<round no="3"><cards type="Turn">DJ</cards>
<action no="7" player="M1ky3ste92" type="4" sum="0"/>
<action no="8" player="molnic01" type="4" discard="1" dealt="1" sum="0"/>
</round>
<round no="4"><cards type="River">D8</cards>
<action no="9" player="M1ky3ste92" type="5" sum="20"/>
<action no="10" player="molnic01" type="3" discard="1" dealt="1" sum="20"/>
</round>
</game>
<game gamecode="6592942271"><general>
<startdate>2026-01-13 08:20:57</startdate>
<round>1</round>
<failsafecounter/>
<players><player seat="6" name="molnic01" chips="410" dealer="0" win="0" bet="40" muck="0" rebuy="0" addon="0" merge="0" rebuychips="0" reg_code="5088920507"/>
<player seat="10" name="M1ky3ste92" chips="1,090" dealer="1" win="80" bet="40" muck="0" rebuy="0" addon="0" merge="0" rebuychips="0" reg_code="5088920526"/>
</players>
</general>
<round no="0"><action no="1" player="M1ky3ste92" type="1" sum="10"/>
<action no="2" player="molnic01" type="2" discard="1" dealt="1" sum="20"/>
</round>
<round no="1"><cards type="Pocket" player="M1ky3ste92">SA H3</cards>
<cards type="Pocket" player="molnic01">S2 HJ</cards>
<action no="3" player="M1ky3ste92" type="3" sum="10"/>
<action no="4" player="molnic01" type="4" discard="1" dealt="1" sum="0"/>
</round>
<round no="2"><cards type="Flop">S10 C3 C8</cards>
<action no="5" player="molnic01" type="4" discard="1" dealt="1" sum="0"/>
<action no="6" player="M1ky3ste92" type="4" sum="0"/>
</round>
<round no="3"><cards type="Turn">H5</cards>
<action no="7" player="molnic01" type="4" discard="1" dealt="1" sum="0"/>
<action no="8" player="M1ky3ste92" type="4" sum="0"/>
</round>
<round no="4"><cards type="River">D2</cards>
<action no="9" player="molnic01" type="5" discard="1" dealt="1" sum="20"/>
<action no="10" player="M1ky3ste92" type="3" sum="20"/>
</round>
</game>
<game gamecode="6592942297"><general>
<startdate>2026-01-13 08:21:14</startdate>
<round>1</round>
<failsafecounter/>
<players><player seat="10" name="M1ky3ste92" chips="1,130" dealer="0" win="70" bet="1,130" muck="1" rebuy="0" addon="0" merge="0" rebuychips="0" reg_code="5088920526"/>
<player seat="6" name="molnic01" chips="370" dealer="1" win="0" bet="35" muck="1" rebuy="0" addon="0" merge="0" rebuychips="0" reg_code="5088920507"/>
</players>
</general>
<round no="0"><action no="1" player="molnic01" type="15" discard="1" dealt="1" sum="5"/>
<action no="2" player="M1ky3ste92" type="15" sum="5"/>
<action no="3" player="molnic01" type="1" discard="1" dealt="1" sum="15"/>
<action no="4" player="M1ky3ste92" type="2" sum="30"/>
</round>
<round no="1"><cards type="Pocket" player="molnic01">X X</cards>
<cards type="Pocket" player="M1ky3ste92">SK HQ</cards>
<action no="5" player="molnic01" type="3" discard="1" dealt="1" sum="15"/>
<action no="6" player="M1ky3ste92" type="23" sum="1,125"/>
<action no="7" player="molnic01" type="0" discard="1" dealt="1" sum="0"/>
</round>
</game>
<game gamecode="6592942315"><general>
<startdate>2026-01-13 08:21:23</startdate>
<round>1</round>
<failsafecounter/>
<players><player seat="6" name="molnic01" chips="335" dealer="0" win="40" bet="35" muck="1" rebuy="0" addon="0" merge="0" rebuychips="0" reg_code="5088920507"/>
<player seat="10" name="M1ky3ste92" chips="1,165" dealer="1" win="0" bet="20" muck="1" rebuy="0" addon="0" merge="0" rebuychips="0" reg_code="5088920526"/>
</players>
</general>
<round no="0"><action no="1" player="M1ky3ste92" type="15" sum="5"/>
<action no="2" player="molnic01" type="15" discard="1" dealt="1" sum="5"/>
<action no="3" player="M1ky3ste92" type="1" sum="15"/>
<action no="4" player="molnic01" type="2" discard="1" dealt="1" sum="30"/>
</round>
<round no="1"><cards type="Pocket" player="M1ky3ste92">H2 S8</cards>
<cards type="Pocket" player="molnic01">X X</cards>
<action no="5" player="M1ky3ste92" type="0" sum="0"/>
</round>
</game>
<game gamecode="6592942324"><general>
<startdate>2026-01-13 08:21:28</startdate>
<round>1</round>
<failsafecounter/>
<players><player seat="10" name="M1ky3ste92" chips="1,145" dealer="0" win="70" bet="35" muck="0" rebuy="0" addon="0" merge="0" rebuychips="0" reg_code="5088920526"/>
<player seat="6" name="molnic01" chips="355" dealer="1" win="0" bet="35" muck="1" rebuy="0" addon="0" merge="0" rebuychips="0" reg_code="5088920507"/>
</players>
</general>
<round no="0"><action no="1" player="molnic01" type="15" discard="1" dealt="1" sum="5"/>
<action no="2" player="M1ky3ste92" type="15" sum="5"/>
<action no="3" player="molnic01" type="1" discard="1" dealt="1" sum="15"/>
<action no="4" player="M1ky3ste92" type="2" sum="30"/>
</round>
<round no="1"><cards type="Pocket" player="M1ky3ste92">S7 DQ</cards>
<cards type="Pocket" player="molnic01">C9 D4</cards>
<action no="5" player="molnic01" type="3" discard="1" dealt="1" sum="15"/>
<action no="6" player="M1ky3ste92" type="4" sum="0"/>
</round>
<round no="2"><cards type="Flop">S8 CQ S3</cards>
<action no="7" player="M1ky3ste92" type="4" sum="0"/>
<action no="8" player="molnic01" type="4" discard="1" dealt="1" sum="0"/>
</round>
<round no="3"><cards type="Turn">S5</cards>
<action no="9" player="M1ky3ste92" type="4" sum="0"/>
<action no="10" player="molnic01" type="4" discard="1" dealt="1" sum="0"/>
</round>
<round no="4"><cards type="River">S9</cards>
<action no="11" player="M1ky3ste92" type="4" sum="0"/>
<action no="12" player="molnic01" type="4" discard="1" dealt="1" sum="0"/>
</round>
</game>
<game gamecode="6592942348"><general>
<startdate>2026-01-13 08:21:42</startdate>
<round>1</round>
<failsafecounter/>
<players><player seat="6" name="molnic01" chips="320" dealer="0" win="70" bet="65" muck="1" rebuy="0" addon="0" merge="0" rebuychips="0" reg_code="5088920507"/>
<player seat="10" name="M1ky3ste92" chips="1,180" dealer="1" win="0" bet="35" muck="1" rebuy="0" addon="0" merge="0" rebuychips="0" reg_code="5088920526"/>
</players>
</general>
<round no="0"><action no="1" player="M1ky3ste92" type="15" sum="5"/>
<action no="2" player="molnic01" type="15" discard="1" dealt="1" sum="5"/>
<action no="3" player="M1ky3ste92" type="1" sum="15"/>
<action no="4" player="molnic01" type="2" discard="1" dealt="1" sum="30"/>
</round>
<round no="1"><cards type="Pocket" player="M1ky3ste92">S6 SQ</cards>
<cards type="Pocket" player="molnic01">X X</cards>
<action no="5" player="M1ky3ste92" type="3" sum="15"/>
<action no="6" player="molnic01" type="4" discard="1" dealt="1" sum="0"/>
</round>
<round no="2"><cards type="Flop">H8 C10 HJ</cards>
<action no="7" player="molnic01" type="4" discard="1" dealt="1" sum="0"/>
<action no="8" player="M1ky3ste92" type="4" sum="0"/>
</round>
<round no="3"><cards type="Turn">HQ</cards>
<action no="9" player="molnic01" type="4" discard="1" dealt="1" sum="0"/>
<action no="10" player="M1ky3ste92" type="4" sum="0"/>
</round>
<round no="4"><cards type="River">H10</cards>
<action no="11" player="molnic01" type="5" discard="1" dealt="1" sum="30"/>
<action no="12" player="M1ky3ste92" type="0" sum="0"/>
</round>
</game>
<game gamecode="6592942375"><general>
<startdate>2026-01-13 08:21:55</startdate>
<round>1</round>
<failsafecounter/>
<players><player seat="10" name="M1ky3ste92" chips="1,145" dealer="0" win="0" bet="35" muck="1" rebuy="0" addon="0" merge="0" rebuychips="0" reg_code="5088920526"/>
<player seat="6" name="molnic01" chips="355" dealer="1" win="70" bet="35" muck="0" rebuy="0" addon="0" merge="0" rebuychips="0" reg_code="5088920507"/>
</players>
</general>
<round no="0"><action no="1" player="molnic01" type="15" discard="1" dealt="1" sum="5"/>
<action no="2" player="M1ky3ste92" type="15" sum="5"/>
<action no="3" player="molnic01" type="1" discard="1" dealt="1" sum="15"/>
<action no="4" player="M1ky3ste92" type="2" sum="30"/>
</round>
<round no="1"><cards type="Pocket" player="molnic01">C8 H6</cards>
<cards type="Pocket" player="M1ky3ste92">S5 H2</cards>
<action no="5" player="molnic01" type="3" discard="1" dealt="1" sum="15"/>
<action no="6" player="M1ky3ste92" type="4" sum="0"/>
</round>
<round no="2"><cards type="Flop">C5 D8 DJ</cards>
<action no="7" player="M1ky3ste92" type="4" sum="0"/>
<action no="8" player="molnic01" type="4" discard="1" dealt="1" sum="0"/>
</round>
<round no="3"><cards type="Turn">DK</cards>
<action no="9" player="M1ky3ste92" type="4" sum="0"/>
<action no="10" player="molnic01" type="4" discard="1" dealt="1" sum="0"/>
</round>
<round no="4"><cards type="River">D6</cards>
<action no="11" player="M1ky3ste92" type="4" sum="0"/>
<action no="12" player="molnic01" type="4" discard="1" dealt="1" sum="0"/>
</round>
</game>
<game gamecode="6592942401"><general>
<startdate>2026-01-13 08:22:09</startdate>
<round>1</round>
<failsafecounter/>
<players><player seat="6" name="molnic01" chips="390" dealer="0" win="40" bet="35" muck="1" rebuy="0" addon="0" merge="0" rebuychips="0" reg_code="5088920507"/>
<player seat="10" name="M1ky3ste92" chips="1,110" dealer="1" win="0" bet="20" muck="1" rebuy="0" addon="0" merge="0" rebuychips="0" reg_code="5088920526"/>
</players>
</general>
<round no="0"><action no="1" player="M1ky3ste92" type="15" sum="5"/>
<action no="2" player="molnic01" type="15" discard="1" dealt="1" sum="5"/>
<action no="3" player="M1ky3ste92" type="1" sum="15"/>
<action no="4" player="molnic01" type="2" discard="1" dealt="1" sum="30"/>
</round>
<round no="1"><cards type="Pocket" player="M1ky3ste92">H2 D6</cards>
<cards type="Pocket" player="molnic01">X X</cards>
<action no="5" player="M1ky3ste92" type="0" sum="0"/>
</round>
</game>
<game gamecode="6592942414"><general>
<startdate>2026-01-13 08:22:15</startdate>
<round>1</round>
<failsafecounter/>
<players><player seat="10" name="M1ky3ste92" chips="1,090" dealer="0" win="0" bet="35" muck="1" rebuy="0" addon="0" merge="0" rebuychips="0" reg_code="5088920526"/>
<player seat="6" name="molnic01" chips="410" dealer="1" win="70" bet="65" muck="1" rebuy="0" addon="0" merge="0" rebuychips="0" reg_code="5088920507"/>
</players>
</general>
<round no="0"><action no="1" player="molnic01" type="15" discard="1" dealt="1" sum="5"/>
<action no="2" player="M1ky3ste92" type="15" sum="5"/>
<action no="3" player="molnic01" type="1" discard="1" dealt="1" sum="15"/>
<action no="4" player="M1ky3ste92" type="2" sum="30"/>
</round>
<round no="1"><cards type="Pocket" player="molnic01">X X</cards>
<cards type="Pocket" player="M1ky3ste92">C8 D6</cards>
<action no="5" player="molnic01" type="3" discard="1" dealt="1" sum="15"/>
<action no="6" player="M1ky3ste92" type="4" sum="0"/>
</round>
<round no="2"><cards type="Flop">HQ C9 CK</cards>
<action no="7" player="M1ky3ste92" type="4" sum="0"/>
<action no="8" player="molnic01" type="4" discard="1" dealt="1" sum="0"/>
</round>
<round no="3"><cards type="Turn">D4</cards>
<action no="9" player="M1ky3ste92" type="4" sum="0"/>
<action no="10" player="molnic01" type="5" discard="1" dealt="1" sum="30"/>
<action no="11" player="M1ky3ste92" type="0" sum="0"/>
</round>
</game>
<game gamecode="6592942437"><general>
<startdate>2026-01-13 08:22:26</startdate>
<round>1</round>
<failsafecounter/>
<players><player seat="6" name="molnic01" chips="445" dealer="0" win="130" bet="445" muck="1" rebuy="0" addon="0" merge="0" rebuychips="0" reg_code="5088920507"/>
<player seat="10" name="M1ky3ste92" chips="1,055" dealer="1" win="0" bet="65" muck="1" rebuy="0" addon="0" merge="0" rebuychips="0" reg_code="5088920526"/>
</players>
</general>
<round no="0"><action no="1" player="M1ky3ste92" type="15" sum="5"/>
<action no="2" player="molnic01" type="15" discard="1" dealt="1" sum="5"/>
<action no="3" player="M1ky3ste92" type="1" sum="15"/>
<action no="4" player="molnic01" type="2" discard="1" dealt="1" sum="30"/>
</round>
<round no="1"><cards type="Pocket" player="molnic01">X X</cards>
<cards type="Pocket" player="M1ky3ste92">C2 DJ</cards>
<action no="5" player="M1ky3ste92" type="3" sum="15"/>
<action no="6" player="molnic01" type="4" discard="1" dealt="1" sum="0"/>
</round>
<round no="2"><cards type="Flop">H6 SA CQ</cards>
<action no="7" player="molnic01" type="4" discard="1" dealt="1" sum="0"/>
<action no="8" player="M1ky3ste92" type="5" sum="30"/>
<action no="9" player="molnic01" type="3" discard="1" dealt="1" sum="30"/>
</round>
<round no="3"><cards type="Turn">C8</cards>
<action no="10" player="molnic01" type="4" discard="1" dealt="1" sum="0"/>
<action no="11" player="M1ky3ste92" type="4" sum="0"/>
</round>
<round no="4"><cards type="River">D6</cards>
<action no="12" player="molnic01" type="5" discard="1" dealt="1" sum="380"/>
<action no="13" player="M1ky3ste92" type="0" sum="0"/>
</round>
</game>
<game gamecode="6592942463"><general>
<startdate>2026-01-13 08:22:41</startdate>
<round>1</round>
<failsafecounter/>
<players><player seat="10" name="M1ky3ste92" chips="990" dealer="0" win="190" bet="155" muck="1" rebuy="0" addon="0" merge="0" rebuychips="0" reg_code="5088920526"/>
<player seat="6" name="molnic01" chips="510" dealer="1" win="0" bet="95" muck="1" rebuy="0" addon="0" merge="0" rebuychips="0" reg_code="5088920507"/>
</players>
</general>
<round no="0"><action no="1" player="molnic01" type="15" discard="1" dealt="1" sum="5"/>
<action no="2" player="M1ky3ste92" type="15" sum="5"/>
<action no="3" player="molnic01" type="1" discard="1" dealt="1" sum="15"/>
<action no="4" player="M1ky3ste92" type="2" sum="30"/>
</round>
<round no="1"><cards type="Pocket" player="M1ky3ste92">HA H7</cards>
<cards type="Pocket" player="molnic01">X X</cards>
<action no="5" player="molnic01" type="3" discard="1" dealt="1" sum="15"/>
<action no="6" player="M1ky3ste92" type="23" sum="90"/>
<action no="7" player="molnic01" type="3" discard="1" dealt="1" sum="60"/>
</round>
<round no="2"><cards type="Flop">S6 C4 DA</cards>
<action no="8" player="M1ky3ste92" type="5" sum="60"/>
<action no="9" player="molnic01" type="0" discard="1" dealt="1" sum="0"/>
</round>
</game>
<game gamecode="6592942493"><general>
<startdate>2026-01-13 08:22:59</startdate>
<round>1</round>
<failsafecounter/>
<players><player seat="6" name="molnic01" chips="415" dealer="0" win="0" bet="35" muck="1" rebuy="0" addon="0" merge="0" rebuychips="0" reg_code="5088920507"/>
<player seat="10" name="M1ky3ste92" chips="1,085" dealer="1" win="70" bet="65" muck="1" rebuy="0" addon="0" merge="0" rebuychips="0" reg_code="5088920526"/>
</players>
</general>
<round no="0"><action no="1" player="M1ky3ste92" type="15" sum="5"/>
<action no="2" player="molnic01" type="15" discard="1" dealt="1" sum="5"/>
<action no="3" player="M1ky3ste92" type="1" sum="15"/>
<action no="4" player="molnic01" type="2" discard="1" dealt="1" sum="30"/>
</round>
<round no="1"><cards type="Pocket" player="molnic01">X X</cards>
<cards type="Pocket" player="M1ky3ste92">D5 H4</cards>
<action no="5" player="M1ky3ste92" type="3" sum="15"/>
<action no="6" player="molnic01" type="4" discard="1" dealt="1" sum="0"/>
</round>
<round no="2"><cards type="Flop">H6 C6 DQ</cards>
<action no="7" player="molnic01" type="4" discard="1" dealt="1" sum="0"/>
<action no="8" player="M1ky3ste92" type="5" sum="30"/>
<action no="9" player="molnic01" type="0" discard="1" dealt="1" sum="0"/>
</round>
</game>
<game gamecode="6592942513"><general>
<startdate>2026-01-13 08:23:08</startdate>
<round>1</round>
<failsafecounter/>
<players><player seat="10" name="M1ky3ste92" chips="1,120" dealer="0" win="0" bet="45" muck="1" rebuy="0" addon="0" merge="0" rebuychips="0" reg_code="5088920526"/>
<player seat="6" name="molnic01" chips="380" dealer="1" win="90" bet="85" muck="1" rebuy="0" addon="0" merge="0" rebuychips="0" reg_code="5088920507"/>
</players>
</general>
<round no="0"><action no="1" player="molnic01" type="15" discard="1" dealt="1" sum="5"/>
<action no="2" player="M1ky3ste92" type="15" sum="5"/>
<action no="3" player="molnic01" type="1" discard="1" dealt="1" sum="20"/>
<action no="4" player="M1ky3ste92" type="2" sum="40"/>
</round>
<round no="1"><cards type="Pocket" player="molnic01">X X</cards>
<cards type="Pocket" player="M1ky3ste92">S5 H3</cards>
<action no="5" player="molnic01" type="3" discard="1" dealt="1" sum="20"/>
<action no="6" player="M1ky3ste92" type="4" sum="0"/>
</round>
<round no="2"><cards type="Flop">DK C8 S9</cards>
<action no="7" player="M1ky3ste92" type="4" sum="0"/>
<action no="8" player="molnic01" type="5" discard="1" dealt="1" sum="40"/>
<action no="9" player="M1ky3ste92" type="0" sum="0"/>
</round>
</game>
<game gamecode="6592942526"><general>
<startdate>2026-01-13 08:23:18</startdate>
<round>1</round>
<failsafecounter/>
<players><player seat="6" name="molnic01" chips="425" dealer="0" win="90" bet="85" muck="1" rebuy="0" addon="0" merge="0" rebuychips="0" reg_code="5088920507"/>
<player seat="10" name="M1ky3ste92" chips="1,075" dealer="1" win="0" bet="45" muck="1" rebuy="0" addon="0" merge="0" rebuychips="0" reg_code="5088920526"/>
</players>
</general>
<round no="0"><action no="1" player="M1ky3ste92" type="15" sum="5"/>
<action no="2" player="molnic01" type="15" discard="1" dealt="1" sum="5"/>
<action no="3" player="M1ky3ste92" type="1" sum="20"/>
<action no="4" player="molnic01" type="2" discard="1" dealt="1" sum="40"/>
</round>
<round no="1"><cards type="Pocket" player="molnic01">X X</cards>
<cards type="Pocket" player="M1ky3ste92">D8 S6</cards>
<action no="5" player="M1ky3ste92" type="3" sum="20"/>
<action no="6" player="molnic01" type="4" discard="1" dealt="1" sum="0"/>
</round>
<round no="2"><cards type="Flop">H10 HK D2</cards>
<action no="7" player="molnic01" type="4" discard="1" dealt="1" sum="0"/>
<action no="8" player="M1ky3ste92" type="4" sum="0"/>
</round>
<round no="3"><cards type="Turn">H3</cards>
<action no="9" player="molnic01" type="5" discard="1" dealt="1" sum="40"/>
<action no="10" player="M1ky3ste92" type="0" sum="0"/>
</round>
</game>
<game gamecode="6592942551"><general>
<startdate>2026-01-13 08:23:29</startdate>
<round>1</round>
<failsafecounter/>
<players><player seat="10" name="M1ky3ste92" chips="1,030" dealer="0" win="0" bet="245" muck="1" rebuy="0" addon="0" merge="0" rebuychips="0" reg_code="5088920526"/>
<player seat="6" name="molnic01" chips="470" dealer="1" win="490" bet="470" muck="1" rebuy="0" addon="0" merge="0" rebuychips="0" reg_code="5088920507"/>
</players>
</general>
<round no="0"><action no="1" player="molnic01" type="15" discard="1" dealt="1" sum="5"/>
<action no="2" player="M1ky3ste92" type="15" sum="5"/>
<action no="3" player="molnic01" type="1" discard="1" dealt="1" sum="20"/>
<action no="4" player="M1ky3ste92" type="2" sum="40"/>
</round>
<round no="1"><cards type="Pocket" player="molnic01">X X</cards>
<cards type="Pocket" player="M1ky3ste92">S9 H9</cards>
<action no="5" player="molnic01" type="3" discard="1" dealt="1" sum="20"/>
<action no="6" player="M1ky3ste92" type="23" sum="120"/>
<action no="7" player="molnic01" type="3" discard="1" dealt="1" sum="80"/>
</round>
<round no="2"><cards type="Flop">CA DJ S4</cards>
<action no="8" player="M1ky3ste92" type="4" sum="0"/>
<action no="9" player="molnic01" type="4" discard="1" dealt="1" sum="0"/>
</round>
<round no="3"><cards type="Turn">H6</cards>
<action no="10" player="M1ky3ste92" type="4" sum="0"/>
<action no="11" player="molnic01" type="5" discard="1" dealt="1" sum="120"/>
<action no="12" player="M1ky3ste92" type="3" sum="120"/>
</round>
<round no="4"><cards type="River">D10</cards>
<action no="13" player="M1ky3ste92" type="4" sum="0"/>
<action no="14" player="molnic01" type="5" discard="1" dealt="1" sum="225"/>
<action no="15" player="M1ky3ste92" type="0" sum="0"/>
</round>
</game>
<game gamecode="6592942587"><general>
<startdate>2026-01-13 08:23:52</startdate>
<round>1</round>
<failsafecounter/>
<players><player seat="6" name="molnic01" chips="715" dealer="0" win="50" bet="45" muck="1" rebuy="0" addon="0" merge="0" rebuychips="0" reg_code="5088920507"/>
<player seat="10" name="M1ky3ste92" chips="785" dealer="1" win="0" bet="25" muck="1" rebuy="0" addon="0" merge="0" rebuychips="0" reg_code="5088920526"/>
</players>
</general>
<round no="0"><action no="1" player="M1ky3ste92" type="15" sum="5"/>
<action no="2" player="molnic01" type="15" discard="1" dealt="1" sum="5"/>
<action no="3" player="M1ky3ste92" type="1" sum="20"/>
<action no="4" player="molnic01" type="2" discard="1" dealt="1" sum="40"/>
</round>
<round no="1"><cards type="Pocket" player="M1ky3ste92">S2 C7</cards>
<cards type="Pocket" player="molnic01">X X</cards>
<action no="5" player="M1ky3ste92" type="0" sum="0"/>
</round>
</game>
<game gamecode="6592942599"><general>
<startdate>2026-01-13 08:23:58</startdate>
<round>1</round>
<failsafecounter/>
<players><player seat="10" name="M1ky3ste92" chips="760" dealer="0" win="0" bet="45" muck="1" rebuy="0" addon="0" merge="0" rebuychips="0" reg_code="5088920526"/>
<player seat="6" name="molnic01" chips="740" dealer="1" win="90" bet="125" muck="1" rebuy="0" addon="0" merge="0" rebuychips="0" reg_code="5088920507"/>
</players>
</general>
<round no="0"><action no="1" player="molnic01" type="15" discard="1" dealt="1" sum="5"/>
<action no="2" player="M1ky3ste92" type="15" sum="5"/>
<action no="3" player="molnic01" type="1" discard="1" dealt="1" sum="20"/>
<action no="4" player="M1ky3ste92" type="2" sum="40"/>
</round>
<round no="1"><cards type="Pocket" player="M1ky3ste92">H4 HA</cards>
<cards type="Pocket" player="molnic01">X X</cards>
<action no="5" player="molnic01" type="3" discard="1" dealt="1" sum="20"/>
<action no="6" player="M1ky3ste92" type="4" sum="0"/>
</round>
<round no="2"><cards type="Flop">C8 C2 H6</cards>
<action no="7" player="M1ky3ste92" type="4" sum="0"/>
<action no="8" player="molnic01" type="5" discard="1" dealt="1" sum="80"/>
<action no="9" player="M1ky3ste92" type="0" sum="0"/>
</round>
</game>
<game gamecode="6592942617"><general>
<startdate>2026-01-13 08:24:09</startdate>
<round>1</round>
<failsafecounter/>
<players><player seat="6" name="molnic01" chips="785" dealer="0" win="0" bet="45" muck="1" rebuy="0" addon="0" merge="0" rebuychips="0" reg_code="5088920507"/>
<player seat="10" name="M1ky3ste92" chips="715" dealer="1" win="90" bet="85" muck="1" rebuy="0" addon="0" merge="0" rebuychips="0" reg_code="5088920526"/>
</players>
</general>
<round no="0"><action no="1" player="M1ky3ste92" type="15" sum="5"/>
<action no="2" player="molnic01" type="15" discard="1" dealt="1" sum="5"/>
<action no="3" player="M1ky3ste92" type="1" sum="20"/>
<action no="4" player="molnic01" type="2" discard="1" dealt="1" sum="40"/>
</round>
<round no="1"><cards type="Pocket" player="M1ky3ste92">HA H7</cards>
<cards type="Pocket" player="molnic01">X X</cards>
<action no="5" player="M1ky3ste92" type="3" sum="20"/>
<action no="6" player="molnic01" type="4" discard="1" dealt="1" sum="0"/>
</round>
<round no="2"><cards type="Flop">DA H10 H2</cards>
<action no="7" player="molnic01" type="4" discard="1" dealt="1" sum="0"/>
<action no="8" player="M1ky3ste92" type="4" sum="0"/>
</round>
<round no="3"><cards type="Turn">S9</cards>
<action no="9" player="molnic01" type="4" discard="1" dealt="1" sum="0"/>
<action no="10" player="M1ky3ste92" type="5" sum="40"/>
<action no="11" player="molnic01" type="0" discard="1" dealt="1" sum="0"/>
</round>
</game>
<game gamecode="6592942636"><general>
<startdate>2026-01-13 08:24:23</startdate>
<round>1</round>
<failsafecounter/>
<players><player seat="10" name="M1ky3ste92" chips="760" dealer="0" win="50" bet="45" muck="1" rebuy="0" addon="0" merge="0" rebuychips="0" reg_code="5088920526"/>
<player seat="6" name="molnic01" chips="740" dealer="1" win="0" bet="25" muck="1" rebuy="0" addon="0" merge="0" rebuychips="0" reg_code="5088920507"/>
</players>
</general>
<round no="0"><action no="1" player="molnic01" type="15" discard="1" dealt="1" sum="5"/>
<action no="2" player="M1ky3ste92" type="15" sum="5"/>
<action no="3" player="molnic01" type="1" discard="1" dealt="1" sum="20"/>
<action no="4" player="M1ky3ste92" type="2" sum="40"/>
</round>
<round no="1"><cards type="Pocket" player="M1ky3ste92">C2 S6</cards>
<cards type="Pocket" player="molnic01">X X</cards>
<action no="5" player="molnic01" type="0" discard="1" dealt="1" sum="0"/>
</round>
</game>
<game gamecode="6592942651"><general>
<startdate>2026-01-13 08:24:28</startdate>
<round>1</round>
<failsafecounter/>
<players><player seat="6" name="molnic01" chips="715" dealer="0" win="0" bet="45" muck="1" rebuy="0" addon="0" merge="0" rebuychips="0" reg_code="5088920507"/>
<player seat="10" name="M1ky3ste92" chips="785" dealer="1" win="90" bet="85" muck="1" rebuy="0" addon="0" merge="0" rebuychips="0" reg_code="5088920526"/>
</players>
</general>
<round no="0"><action no="1" player="M1ky3ste92" type="15" sum="5"/>
<action no="2" player="molnic01" type="15" discard="1" dealt="1" sum="5"/>
<action no="3" player="M1ky3ste92" type="1" sum="20"/>
<action no="4" player="molnic01" type="2" discard="1" dealt="1" sum="40"/>
</round>
<round no="1"><cards type="Pocket" player="molnic01">X X</cards>
<cards type="Pocket" player="M1ky3ste92">C6 CA</cards>
<action no="5" player="M1ky3ste92" type="3" sum="20"/>
<action no="6" player="molnic01" type="4" discard="1" dealt="1" sum="0"/>
</round>
<round no="2"><cards type="Flop">H6 H3 S8</cards>
<action no="7" player="molnic01" type="4" discard="1" dealt="1" sum="0"/>
<action no="8" player="M1ky3ste92" type="5" sum="40"/>
<action no="9" player="molnic01" type="0" discard="1" dealt="1" sum="0"/>
</round>
</game>
<game gamecode="6592942670"><general>
<startdate>2026-01-13 08:24:41</startdate>
<round>1</round>
<failsafecounter/>
<players><player seat="10" name="M1ky3ste92" chips="830" dealer="0" win="90" bet="85" muck="1" rebuy="0" addon="0" merge="0" rebuychips="0" reg_code="5088920526"/>
<player seat="6" name="molnic01" chips="670" dealer="1" win="0" bet="45" muck="1" rebuy="0" addon="0" merge="0" rebuychips="0" reg_code="5088920507"/>
</players>
</general>
<round no="0"><action no="1" player="molnic01" type="15" discard="1" dealt="1" sum="5"/>
<action no="2" player="M1ky3ste92" type="15" sum="5"/>
<action no="3" player="molnic01" type="1" discard="1" dealt="1" sum="20"/>
<action no="4" player="M1ky3ste92" type="2" sum="40"/>
</round>
<round no="1"><cards type="Pocket" player="molnic01">X X</cards>
<cards type="Pocket" player="M1ky3ste92">CJ H6</cards>
<action no="5" player="molnic01" type="3" discard="1" dealt="1" sum="20"/>
<action no="6" player="M1ky3ste92" type="4" sum="0"/>
</round>
<round no="2"><cards type="Flop">HA CQ S6</cards>
<action no="7" player="M1ky3ste92" type="4" sum="0"/>
<action no="8" player="molnic01" type="4" discard="1" dealt="1" sum="0"/>
</round>
<round no="3"><cards type="Turn">DQ</cards>
<action no="9" player="M1ky3ste92" type="4" sum="0"/>
<action no="10" player="molnic01" type="4" discard="1" dealt="1" sum="0"/>
</round>
<round no="4"><cards type="River">S2</cards>
<action no="11" player="M1ky3ste92" type="5" sum="40"/>
<action no="12" player="molnic01" type="0" discard="1" dealt="1" sum="0"/>
</round>
</game>
<game gamecode="6592942691"><general>
<startdate>2026-01-13 08:24:55</startdate>
<round>1</round>
<failsafecounter/>
<players><player seat="6" name="molnic01" chips="625" dealer="0" win="0" bet="45" muck="1" rebuy="0" addon="0" merge="0" rebuychips="0" reg_code="5088920507"/>
<player seat="10" name="M1ky3ste92" chips="875" dealer="1" win="90" bet="85" muck="1" rebuy="0" addon="0" merge="0" rebuychips="0" reg_code="5088920526"/>
</players>
</general>
<round no="0"><action no="1" player="M1ky3ste92" type="15" sum="5"/>
<action no="2" player="molnic01" type="15" discard="1" dealt="1" sum="5"/>
<action no="3" player="M1ky3ste92" type="1" sum="20"/>
<action no="4" player="molnic01" type="2" discard="1" dealt="1" sum="40"/>
</round>
<round no="1"><cards type="Pocket" player="molnic01">X X</cards>
<cards type="Pocket" player="M1ky3ste92">SK CK</cards>
<action no="5" player="M1ky3ste92" type="3" sum="20"/>
<action no="6" player="molnic01" type="4" discard="1" dealt="1" sum="0"/>
</round>
<round no="2"><cards type="Flop">C4 C7 H9</cards>
<action no="7" player="molnic01" type="4" discard="1" dealt="1" sum="0"/>
<action no="8" player="M1ky3ste92" type="5" sum="40"/>
<action no="9" player="molnic01" type="0" discard="1" dealt="1" sum="0"/>
</round>
</game>
<game gamecode="6592942713"><general>
<startdate>2026-01-13 08:25:05</startdate>
<round>1</round>
<failsafecounter/>
<players><player seat="10" name="M1ky3ste92" chips="920" dealer="0" win="0" bet="65" muck="1" rebuy="0" addon="0" merge="0" rebuychips="0" reg_code="5088920526"/>
<player seat="6" name="molnic01" chips="580" dealer="1" win="130" bet="65" muck="0" rebuy="0" addon="0" merge="0" rebuychips="0" reg_code="5088920507"/>
</players>
</general>
<round no="0"><action no="1" player="molnic01" type="15" discard="1" dealt="1" sum="5"/>
<action no="2" player="M1ky3ste92" type="15" sum="5"/>
<action no="3" player="molnic01" type="1" discard="1" dealt="1" sum="30"/>
<action no="4" player="M1ky3ste92" type="2" sum="60"/>
</round>
<round no="1"><cards type="Pocket" player="molnic01">S9 HA</cards>
<cards type="Pocket" player="M1ky3ste92">D9 S6</cards>
<action no="5" player="molnic01" type="3" discard="1" dealt="1" sum="30"/>
<action no="6" player="M1ky3ste92" type="4" sum="0"/>
</round>
<round no="2"><cards type="Flop">C10 HK CK</cards>
<action no="7" player="M1ky3ste92" type="4" sum="0"/>
<action no="8" player="molnic01" type="4" discard="1" dealt="1" sum="0"/>
</round>
<round no="3"><cards type="Turn">C4</cards>
<action no="9" player="M1ky3ste92" type="4" sum="0"/>
<action no="10" player="molnic01" type="4" discard="1" dealt="1" sum="0"/>
</round>
<round no="4"><cards type="River">D3</cards>
<action no="11" player="M1ky3ste92" type="4" sum="0"/>
<action no="12" player="molnic01" type="4" discard="1" dealt="1" sum="0"/>
</round>
</game>
<game gamecode="6592942733"><general>
<startdate>2026-01-13 08:25:18</startdate>
<round>1</round>
<failsafecounter/>
<players><player seat="6" name="molnic01" chips="645" dealer="0" win="0" bet="245" muck="0" rebuy="0" addon="0" merge="0" rebuychips="0" reg_code="5088920507"/>
<player seat="10" name="M1ky3ste92" chips="855" dealer="1" win="490" bet="245" muck="0" rebuy="0" addon="0" merge="0" rebuychips="0" reg_code="5088920526"/>
</players>
</general>
<round no="0"><action no="1" player="M1ky3ste92" type="15" sum="5"/>
<action no="2" player="molnic01" type="15" discard="1" dealt="1" sum="5"/>
<action no="3" player="M1ky3ste92" type="1" sum="30"/>
<action no="4" player="molnic01" type="2" discard="1" dealt="1" sum="60"/>
</round>
<round no="1"><cards type="Pocket" player="molnic01">S6 HQ</cards>
<cards type="Pocket" player="M1ky3ste92">CK SQ</cards>
<action no="5" player="M1ky3ste92" type="3" sum="30"/>
<action no="6" player="molnic01" type="4" discard="1" dealt="1" sum="0"/>
</round>
<round no="2"><cards type="Flop">C3 S9 CQ</cards>
<action no="7" player="molnic01" type="4" discard="1" dealt="1" sum="0"/>
<action no="8" player="M1ky3ste92" type="5" sum="60"/>
<action no="9" player="molnic01" type="3" discard="1" dealt="1" sum="60"/>
</round>
<round no="3"><cards type="Turn">SK</cards>
<action no="10" player="molnic01" type="5" discard="1" dealt="1" sum="60"/>
<action no="11" player="M1ky3ste92" type="3" sum="60"/>
</round>
<round no="4"><cards type="River">CJ</cards>
<action no="12" player="molnic01" type="5" discard="1" dealt="1" sum="60"/>
<action no="13" player="M1ky3ste92" type="3" sum="60"/>
</round>
</game>
<game gamecode="6592942763"><general>
<startdate>2026-01-13 08:25:36</startdate>
<round>1</round>
<failsafecounter/>
<players><player seat="10" name="M1ky3ste92" chips="1,100" dealer="0" win="0" bet="65" muck="1" rebuy="0" addon="0" merge="0" rebuychips="0" reg_code="5088920526"/>
<player seat="6" name="molnic01" chips="400" dealer="1" win="130" bet="400" muck="1" rebuy="0" addon="0" merge="0" rebuychips="0" reg_code="5088920507"/>
</players>
</general>
<round no="0"><action no="1" player="molnic01" type="15" discard="1" dealt="1" sum="5"/>
<action no="2" player="M1ky3ste92" type="15" sum="5"/>
<action no="3" player="molnic01" type="1" discard="1" dealt="1" sum="30"/>
<action no="4" player="M1ky3ste92" type="2" sum="60"/>
</round>
<round no="1"><cards type="Pocket" player="molnic01">X X</cards>
<cards type="Pocket" player="M1ky3ste92">H6 CJ</cards>
<action no="5" player="molnic01" type="23" discard="1" dealt="1" sum="395"/>
<action no="6" player="M1ky3ste92" type="0" sum="0"/>
</round>
</game>
<game gamecode="6592942778"><general>
<startdate>2026-01-13 08:25:44</startdate>
<round>1</round>
<failsafecounter/>
<players><player seat="6" name="molnic01" chips="465" dealer="0" win="250" bet="245" muck="1" rebuy="0" addon="0" merge="0" rebuychips="0" reg_code="5088920507"/>
<player seat="10" name="M1ky3ste92" chips="1,035" dealer="1" win="0" bet="125" muck="1" rebuy="0" addon="0" merge="0" rebuychips="0" reg_code="5088920526"/>
</players>
</general>
<round no="0"><action no="1" player="M1ky3ste92" type="15" sum="5"/>
<action no="2" player="molnic01" type="15" discard="1" dealt="1" sum="5"/>
<action no="3" player="M1ky3ste92" type="1" sum="30"/>
<action no="4" player="molnic01" type="2" discard="1" dealt="1" sum="60"/>
</round>
<round no="1"><cards type="Pocket" player="M1ky3ste92">D10 H9</cards>
<cards type="Pocket" player="molnic01">X X</cards>
<action no="5" player="M1ky3ste92" type="3" sum="30"/>
<action no="6" player="molnic01" type="4" discard="1" dealt="1" sum="0"/>
</round>
<round no="2"><cards type="Flop">C4 H7 SQ</cards>
<action no="7" player="molnic01" type="4" discard="1" dealt="1" sum="0"/>
<action no="8" player="M1ky3ste92" type="5" sum="60"/>
<action no="9" player="molnic01" type="3" discard="1" dealt="1" sum="60"/>
</round>
<round no="3"><cards type="Turn">S6</cards>
<action no="10" player="molnic01" type="5" discard="1" dealt="1" sum="120"/>
<action no="11" player="M1ky3ste92" type="0" sum="0"/>
</round>
</game>
<game gamecode="6592942801"><general>
<startdate>2026-01-13 08:25:58</startdate>
<round>1</round>
<failsafecounter/>
<players><player seat="10" name="M1ky3ste92" chips="910" dealer="0" win="0" bet="65" muck="1" rebuy="0" addon="0" merge="0" rebuychips="0" reg_code="5088920526"/>
<player seat="6" name="molnic01" chips="590" dealer="1" win="130" bet="125" muck="1" rebuy="0" addon="0" merge="0" rebuychips="0" reg_code="5088920507"/>
</players>
</general>
<round no="0"><action no="1" player="molnic01" type="15" discard="1" dealt="1" sum="5"/>
<action no="2" player="M1ky3ste92" type="15" sum="5"/>
<action no="3" player="molnic01" type="1" discard="1" dealt="1" sum="30"/>
<action no="4" player="M1ky3ste92" type="2" sum="60"/>
</round>
<round no="1"><cards type="Pocket" player="molnic01">X X</cards>
<cards type="Pocket" player="M1ky3ste92">S9 C10</cards>
<action no="5" player="molnic01" type="3" discard="1" dealt="1" sum="30"/>
<action no="6" player="M1ky3ste92" type="4" sum="0"/>
</round>
<round no="2"><cards type="Flop">HA SK S2</cards>
<action no="7" player="M1ky3ste92" type="4" sum="0"/>
<action no="8" player="molnic01" type="4" discard="1" dealt="1" sum="0"/>
</round>
<round no="3"><cards type="Turn">H6</cards>
<action no="9" player="M1ky3ste92" type="4" sum="0"/>
<action no="10" player="molnic01" type="5" discard="1" dealt="1" sum="60"/>
<action no="11" player="M1ky3ste92" type="0" sum="0"/>
</round>
</game>
<game gamecode="6592942824"><general>
<startdate>2026-01-13 08:26:12</startdate>
<round>1</round>
<failsafecounter/>
<players><player seat="6" name="molnic01" chips="655" dealer="0" win="1,310" bet="655" muck="0" rebuy="0" addon="0" merge="0" rebuychips="0" reg_code="5088920507"/>
<player seat="10" name="M1ky3ste92" chips="845" dealer="1" win="0" bet="845" muck="1" rebuy="0" addon="0" merge="0" rebuychips="0" reg_code="5088920526"/>
</players>
</general>
<round no="0"><action no="1" player="M1ky3ste92" type="15" sum="5"/>
<action no="2" player="molnic01" type="15" discard="1" dealt="1" sum="5"/>
<action no="3" player="M1ky3ste92" type="1" sum="30"/>
<action no="4" player="molnic01" type="2" discard="1" dealt="1" sum="60"/>
</round>
<round no="1"><cards type="Pocket" player="M1ky3ste92">DK S10</cards>
<cards type="Pocket" player="molnic01">SA C7</cards>
<action no="5" player="M1ky3ste92" type="23" sum="840"/>
<action no="6" player="molnic01" type="7" discard="1" dealt="1" sum="590"/>
</round>
<round no="2"><cards type="Flop">C3 H3 C5</cards>
</round>
<round no="3"><cards type="Turn">S2</cards>
</round>
<round no="4"><cards type="River">S3</cards>
</round>
</game>
<game gamecode="6592944653"><general>
<startdate>2026-01-13 08:26:27</startdate>
<round>1</round>
<failsafecounter/>
<players><player seat="10" name="M1ky3ste92" chips="190" dealer="0" win="0" bet="190" muck="0" rebuy="0" addon="0" merge="0" rebuychips="0" reg_code="5088920526"/>
<player seat="6" name="molnic01" chips="1,310" dealer="1" win="380" bet="1,310" muck="0" rebuy="0" addon="0" merge="0" rebuychips="0" reg_code="5088920507"/>
</players>
</general>
<round no="0"><action no="1" player="molnic01" type="15" discard="1" dealt="1" sum="5"/>
<action no="2" player="M1ky3ste92" type="15" sum="5"/>
<action no="3" player="molnic01" type="1" discard="1" dealt="1" sum="30"/>
<action no="4" player="M1ky3ste92" type="2" sum="60"/>
</round>
<round no="1"><cards type="Pocket" player="molnic01">SK C3</cards>
<cards type="Pocket" player="M1ky3ste92">S10 D2</cards>
<action no="5" player="molnic01" type="23" discard="1" dealt="1" sum="1,305"/>
<action no="6" player="M1ky3ste92" type="7" sum="125"/>
</round>
<round no="2"><cards type="Flop">D3 CA D8</cards>
</round>
<round no="3"><cards type="Turn">C7</cards>
</round>
<round no="4"><cards type="River">H6</cards>
</round>
</game>
</session>
