<?xml version="1.0" encoding="UTF-8"?>
<session sessioncode="5088930196">
<general>
<client_version>24.7.1.18</client_version>
<mode>real</mode>
<gametype>Holdem NL</gametype>
<tablename>Twister €100 SNG, 826336738</tablename>
<tournamentcode>826335953</tournamentcode>
<tournamentname>Twister €100 SNG</tournamentname>
<buyin>€0 + €7 + €93</buyin>
<totalbuyin>€100</totalbuyin>
<rewarddrawn>€200</rewarddrawn>
<tournamentcurrency>EUR</tournamentcurrency>
<currency>EUR</currency>
<nickname>M1ky3ste92</nickname>
<gamecount>23</gamecount>
<startdate>2026-01-13 10:08:53</startdate>
<place>1</place>
<win>€200</win>
<tablesize>3</tablesize>
</general>
<game gamecode="6592985103"><general>
<startdate>2026-01-13 10:09:08</startdate>
<round>1</round>
<failsafecounter/>
<players><player seat="6" name="OFiorbe" chips="500" dealer="0" win="40" bet="50" muck="1" rebuy="0" addon="0" merge="0" rebuychips="0" reg_code="5088930192"/>
<player seat="10" name="M1ky3ste92" chips="500" dealer="1" win="0" bet="0" muck="1" rebuy="0" addon="0" merge="0" rebuychips="0" reg_code="5088930196"/>
<player seat="3" name="xiuder0nn17" chips="500" dealer="0" win="0" bet="20" muck="1" rebuy="0" addon="0" merge="0" rebuychips="0" reg_code="5088930155"/>
</players>
</general>
<round no="0"><action no="1" player="xiuder0nn17" type="1" discard="1" dealt="1" sum="10"/>
<action no="2" player="OFiorbe" type="2" discard="1" dealt="1" sum="20"/>
</round>
<round no="1"><cards type="Pocket" player="M1ky3ste92">C10 D5</cards>
<cards type="Pocket" player="OFiorbe">X X</cards>
<cards type="Pocket" player="xiuder0nn17">X X</cards>
<action no="3" player="M1ky3ste92" type="0" sum="0"/>
<action no="4" player="xiuder0nn17" type="3" discard="1" dealt="1" sum="10"/>
<action no="5" player="OFiorbe" type="4" discard="1" dealt="1" sum="0"/>
</round>
<round no="2"><cards type="Flop">S10 S8 SK</cards>
<action no="6" player="xiuder0nn17" type="4" discard="1" dealt="1" sum="0"/>
<action no="7" player="OFiorbe" type="4" discard="1" dealt="1" sum="0"/>
</round>
<round no="3"><cards type="Turn">H9</cards>
<action no="8" player="xiuder0nn17" type="4" discard="1" dealt="1" sum="0"/>
<action no="9" player="OFiorbe" type="4" discard="1" dealt="1" sum="0"/>
</round>
<round no="4"><cards type="River">D8</cards>
<action no="10" player="xiuder0nn17" type="4" discard="1" dealt="1" sum="0"/>
<action no="11" player="OFiorbe" type="5" discard="1" dealt="1" sum="30"/>
<action no="12" player="xiuder0nn17" type="0" discard="1" dealt="1" sum="0"/>
</round>
</game>
<game gamecode="6592985148"><general>
<startdate>2026-01-13 10:09:58</startdate>
<round>1</round>
<failsafecounter/>
<players><player seat="10" name="M1ky3ste92" chips="500" dealer="0" win="90" bet="500" muck="1" rebuy="0" addon="0" merge="0" rebuychips="0" reg_code="5088930196"/>
<player seat="3" name="xiuder0nn17" chips="480" dealer="1" win="0" bet="40" muck="1" rebuy="0" addon="0" merge="0" rebuychips="0" reg_code="5088930155"/>
<player seat="6" name="OFiorbe" chips="520" dealer="0" win="0" bet="10" muck="1" rebuy="0" addon="0" merge="0" rebuychips="0" reg_code="5088930192"/>
</players>
</general>
<round no="0"><action no="1" player="OFiorbe" type="1" discard="1" dealt="1" sum="10"/>
<action no="2" player="M1ky3ste92" type="2" sum="20"/>
</round>
<round no="1"><cards type="Pocket" player="M1ky3ste92">SJ DA</cards>
<cards type="Pocket" player="xiuder0nn17">X X</cards>
<cards type="Pocket" player="OFiorbe">X X</cards>
<action no="3" player="xiuder0nn17" type="23" discard="1" dealt="1" sum="40"/>
<action no="4" player="OFiorbe" type="0" discard="1" dealt="1" sum="0"/>
<action no="5" player="M1ky3ste92" type="23" sum="500"/>
<action no="6" player="xiuder0nn17" type="0" discard="1" dealt="1" sum="0"/>
</round>
</game>
<game gamecode="6592985162"><general>
<startdate>2026-01-13 10:10:12</startdate>
<round>1</round>
<failsafecounter/>
<players><player seat="3" name="xiuder0nn17" chips="440" dealer="0" win="0" bet="20" muck="1" rebuy="0" addon="0" merge="0" rebuychips="0" reg_code="5088930155"/>
<player seat="6" name="OFiorbe" chips="510" dealer="1" win="0" bet="510" muck="0" rebuy="0" addon="0" merge="0" rebuychips="0" reg_code="5088930192"/>
<player seat="10" name="M1ky3ste92" chips="550" dealer="0" win="1,040" bet="550" muck="0" rebuy="0" addon="0" merge="0" rebuychips="0" reg_code="5088930196"/>
</players>
</general>
<round no="0"><action no="1" player="M1ky3ste92" type="1" sum="10"/>
<action no="2" player="xiuder0nn17" type="2" discard="1" dealt="1" sum="20"/>
</round>
<round no="1"><cards type="Pocket" player="xiuder0nn17">X X</cards>
<cards type="Pocket" player="M1ky3ste92">SJ HA</cards>
<cards type="Pocket" player="OFiorbe">SK HK</cards>
<action no="3" player="OFiorbe" type="23" discard="1" dealt="1" sum="40"/>
<action no="4" player="M1ky3ste92" type="23" sum="550"/>
<action no="5" player="xiuder0nn17" type="0" discard="1" dealt="1" sum="0"/>
<action no="6" player="OFiorbe" type="7" discard="1" dealt="1" sum="470"/>
</round>
<round no="2"><cards type="Flop">CJ S4 DJ</cards>
</round>
<round no="3"><cards type="Turn">S6</cards>
</round>
<round no="4"><cards type="River">C8</cards>
</round>
</game>
<game gamecode="6592985184"><general>
<startdate>2026-01-13 10:10:36</startdate>
<round>1</round>
<failsafecounter/>
<players><player seat="3" name="xiuder0nn17" chips="420" dealer="0" win="0" bet="20" muck="1" rebuy="0" addon="0" merge="0" rebuychips="0" reg_code="5088930155"/>
<player seat="10" name="M1ky3ste92" chips="1,080" dealer="1" win="40" bet="40" muck="1" rebuy="0" addon="0" merge="0" rebuychips="0" reg_code="5088930196"/>
</players>
</general>
<round no="0"><action no="1" player="M1ky3ste92" type="1" sum="10"/>
<action no="2" player="xiuder0nn17" type="2" discard="1" dealt="1" sum="20"/>
</round>
<round no="1"><cards type="Pocket" player="xiuder0nn17">X X</cards>
<cards type="Pocket" player="M1ky3ste92">C9 S9</cards>
<action no="3" player="M1ky3ste92" type="23" sum="40"/>
<action no="4" player="xiuder0nn17" type="0" discard="1" dealt="1" sum="0"/>
</round>
</game>
<game gamecode="6592985200"><general>
<startdate>2026-01-13 10:10:47</startdate>
<round>1</round>
<failsafecounter/>
<players><player seat="10" name="M1ky3ste92" chips="1,100" dealer="0" win="130" bet="125" muck="1" rebuy="0" addon="0" merge="0" rebuychips="0" reg_code="5088930196"/>
<player seat="3" name="xiuder0nn17" chips="400" dealer="1" win="0" bet="65" muck="1" rebuy="0" addon="0" merge="0" rebuychips="0" reg_code="5088930155"/>
</players>
</general>
<round no="0"><action no="1" player="xiuder0nn17" type="15" discard="1" dealt="1" sum="5"/>
<action no="2" player="M1ky3ste92" type="15" sum="5"/>
<action no="3" player="xiuder0nn17" type="1" discard="1" dealt="1" sum="15"/>
<action no="4" player="M1ky3ste92" type="2" sum="30"/>
</round>
<round no="1"><cards type="Pocket" player="M1ky3ste92">S5 H4</cards>
<cards type="Pocket" player="xiuder0nn17">X X</cards>
<action no="5" player="xiuder0nn17" type="3" discard="1" dealt="1" sum="15"/>
<action no="6" player="M1ky3ste92" type="4" sum="0"/>
</round>
<round no="2"><cards type="Flop">DK HA D3</cards>
<action no="7" player="M1ky3ste92" type="4" sum="0"/>
<action no="8" player="xiuder0nn17" type="5" discard="1" dealt="1" sum="30"/>
<action no="9" player="M1ky3ste92" type="23" sum="90"/>
<action no="10" player="xiuder0nn17" type="0" discard="1" dealt="1" sum="0"/>
</round>
</game>
<game gamecode="6592985215"><general>
<startdate>2026-01-13 10:11:02</startdate>
<round>1</round>
<failsafecounter/>
<players><player seat="3" name="xiuder0nn17" chips="335" dealer="0" win="40" bet="35" muck="1" rebuy="0" addon="0" merge="0" rebuychips="0" reg_code="5088930155"/>
<player seat="10" name="M1ky3ste92" chips="1,165" dealer="1" win="0" bet="20" muck="1" rebuy="0" addon="0" merge="0" rebuychips="0" reg_code="5088930196"/>
</players>
</general>
<round no="0"><action no="1" player="M1ky3ste92" type="15" sum="5"/>
<action no="2" player="xiuder0nn17" type="15" discard="1" dealt="1" sum="5"/>
<action no="3" player="M1ky3ste92" type="1" sum="15"/>
<action no="4" player="xiuder0nn17" type="2" discard="1" dealt="1" sum="30"/>
</round>
<round no="1"><cards type="Pocket" player="xiuder0nn17">X X</cards>
<cards type="Pocket" player="M1ky3ste92">D2 D8</cards>
<action no="5" player="M1ky3ste92" type="0" sum="0"/>
</round>
</game>
<game gamecode="6592985225"><general>
<startdate>2026-01-13 10:11:08</startdate>
<round>1</round>
<failsafecounter/>
<players><player seat="10" name="M1ky3ste92" chips="1,145" dealer="0" win="0" bet="35" muck="1" rebuy="0" addon="0" merge="0" rebuychips="0" reg_code="5088930196"/>
<player seat="3" name="xiuder0nn17" chips="355" dealer="1" win="70" bet="65" muck="1" rebuy="0" addon="0" merge="0" rebuychips="0" reg_code="5088930155"/>
</players>
</general>
<round no="0"><action no="1" player="xiuder0nn17" type="15" discard="1" dealt="1" sum="5"/>
<action no="2" player="M1ky3ste92" type="15" sum="5"/>
<action no="3" player="xiuder0nn17" type="1" discard="1" dealt="1" sum="15"/>
<action no="4" player="M1ky3ste92" type="2" sum="30"/>
</round>
<round no="1"><cards type="Pocket" player="M1ky3ste92">S4 D5</cards>
<cards type="Pocket" player="xiuder0nn17">X X</cards>
<action no="5" player="xiuder0nn17" type="3" discard="1" dealt="1" sum="15"/>
<action no="6" player="M1ky3ste92" type="4" sum="0"/>
</round>
<round no="2"><cards type="Flop">SK S10 CJ</cards>
<action no="7" player="M1ky3ste92" type="4" sum="0"/>
<action no="8" player="xiuder0nn17" type="5" discard="1" dealt="1" sum="30"/>
<action no="9" player="M1ky3ste92" type="0" sum="0"/>
</round>
</game>
<game gamecode="6592985237"><general>
<startdate>2026-01-13 10:11:19</startdate>
<round>1</round>
<failsafecounter/>
<players><player seat="3" name="xiuder0nn17" chips="390" dealer="0" win="70" bet="89" muck="1" rebuy="0" addon="0" merge="0" rebuychips="0" reg_code="5088930155"/>
<player seat="10" name="M1ky3ste92" chips="1,110" dealer="1" win="0" bet="35" muck="1" rebuy="0" addon="0" merge="0" rebuychips="0" reg_code="5088930196"/>
</players>
</general>
<round no="0"><action no="1" player="M1ky3ste92" type="15" sum="5"/>
<action no="2" player="xiuder0nn17" type="15" discard="1" dealt="1" sum="5"/>
<action no="3" player="M1ky3ste92" type="1" sum="15"/>
<action no="4" player="xiuder0nn17" type="2" discard="1" dealt="1" sum="30"/>
</round>
<round no="1"><cards type="Pocket" player="xiuder0nn17">X X</cards>
<cards type="Pocket" player="M1ky3ste92">C7 HQ</cards>
<action no="5" player="M1ky3ste92" type="3" sum="15"/>
<action no="6" player="xiuder0nn17" type="23" discard="1" dealt="1" sum="84"/>
<action no="7" player="M1ky3ste92" type="0" sum="0"/>
</round>
</game>
<game gamecode="6592985254"><general>
<startdate>2026-01-13 10:11:33</startdate>
<round>1</round>
<failsafecounter/>
<players><player seat="10" name="M1ky3ste92" chips="1,075" dealer="0" win="0" bet="425" muck="1" rebuy="0" addon="0" merge="0" rebuychips="0" reg_code="5088930196"/>
<player seat="3" name="xiuder0nn17" chips="425" dealer="1" win="850" bet="425" muck="0" rebuy="0" addon="0" merge="0" rebuychips="0" reg_code="5088930155"/>
</players>
</general>
<round no="0"><action no="1" player="xiuder0nn17" type="15" discard="1" dealt="1" sum="5"/>
<action no="2" player="M1ky3ste92" type="15" sum="5"/>
<action no="3" player="xiuder0nn17" type="1" discard="1" dealt="1" sum="15"/>
<action no="4" player="M1ky3ste92" type="2" sum="30"/>
</round>
<round no="1"><cards type="Pocket" player="xiuder0nn17">C6 DA</cards>
<cards type="Pocket" player="M1ky3ste92">D10 DK</cards>
<action no="5" player="xiuder0nn17" type="23" discard="1" dealt="1" sum="420"/>
<action no="6" player="M1ky3ste92" type="3" sum="390"/>
</round>
<round no="2"><cards type="Flop">D5 S9 C7</cards>
</round>
<round no="3"><cards type="Turn">CK</cards>
</round>
<round no="4"><cards type="River">C8</cards>
</round>
</game>
<game gamecode="6592985272"><general>
<startdate>2026-01-13 10:11:49</startdate>
<round>1</round>
<failsafecounter/>
<players><player seat="3" name="xiuder0nn17" chips="850" dealer="0" win="0" bet="65" muck="1" rebuy="0" addon="0" merge="0" rebuychips="0" reg_code="5088930155"/>
<player seat="10" name="M1ky3ste92" chips="650" dealer="1" win="130" bet="130" muck="1" rebuy="0" addon="0" merge="0" rebuychips="0" reg_code="5088930196"/>
</players>
</general>
<round no="0"><action no="1" player="M1ky3ste92" type="15" sum="5"/>
<action no="2" player="xiuder0nn17" type="15" discard="1" dealt="1" sum="5"/>
<action no="3" player="M1ky3ste92" type="1" sum="15"/>
<action no="4" player="xiuder0nn17" type="2" discard="1" dealt="1" sum="30"/>
</round>
<round no="1"><cards type="Pocket" player="M1ky3ste92">CJ S10</cards>
<cards type="Pocket" player="xiuder0nn17">X X</cards>
<action no="5" player="M1ky3ste92" type="23" sum="60"/>
<action no="6" player="xiuder0nn17" type="3" discard="1" dealt="1" sum="30"/>
</round>
<round no="2"><cards type="Flop">HA D2 SK</cards>
<action no="7" player="xiuder0nn17" type="4" discard="1" dealt="1" sum="0"/>
<action no="8" player="M1ky3ste92" type="5" sum="65"/>
<action no="9" player="xiuder0nn17" type="0" discard="1" dealt="1" sum="0"/>
</round>
</game>
<game gamecode="6592985286"><general>
<startdate>2026-01-13 10:12:00</startdate>
<round>1</round>
<failsafecounter/>
<players><player seat="10" name="M1ky3ste92" chips="715" dealer="0" win="0" bet="65" muck="1" rebuy="0" addon="0" merge="0" rebuychips="0" reg_code="5088930196"/>
<player seat="3" name="xiuder0nn17" chips="785" dealer="1" win="130" bet="154" muck="1" rebuy="0" addon="0" merge="0" rebuychips="0" reg_code="5088930155"/>
</players>
</general>
<round no="0"><action no="1" player="xiuder0nn17" type="15" discard="1" dealt="1" sum="5"/>
<action no="2" player="M1ky3ste92" type="15" sum="5"/>
<action no="3" player="xiuder0nn17" type="1" discard="1" dealt="1" sum="15"/>
<action no="4" player="M1ky3ste92" type="2" sum="30"/>
</round>
<round no="1"><cards type="Pocket" player="M1ky3ste92">SA S6</cards>
<cards type="Pocket" player="xiuder0nn17">X X</cards>
<action no="5" player="xiuder0nn17" type="23" discard="1" dealt="1" sum="60"/>
<action no="6" player="M1ky3ste92" type="3" sum="30"/>
</round>
<round no="2"><cards type="Flop">C7 S9 D3</cards>
<action no="7" player="M1ky3ste92" type="4" sum="0"/>
<action no="8" player="xiuder0nn17" type="4" discard="1" dealt="1" sum="0"/>
</round>
<round no="3"><cards type="Turn">D6</cards>
<action no="9" player="M1ky3ste92" type="4" sum="0"/>
<action no="10" player="xiuder0nn17" type="5" discard="1" dealt="1" sum="89"/>
<action no="11" player="M1ky3ste92" type="0" sum="0"/>
</round>
</game>
<game gamecode="6592985317"><general>
<startdate>2026-01-13 10:12:22</startdate>
<round>1</round>
<failsafecounter/>
<players><player seat="3" name="xiuder0nn17" chips="850" dealer="0" win="40" bet="35" muck="1" rebuy="0" addon="0" merge="0" rebuychips="0" reg_code="5088930155"/>
<player seat="10" name="M1ky3ste92" chips="650" dealer="1" win="0" bet="20" muck="1" rebuy="0" addon="0" merge="0" rebuychips="0" reg_code="5088930196"/>
</players>
</general>
<round no="0"><action no="1" player="M1ky3ste92" type="15" sum="5"/>
<action no="2" player="xiuder0nn17" type="15" discard="1" dealt="1" sum="5"/>
<action no="3" player="M1ky3ste92" type="1" sum="15"/>
<action no="4" player="xiuder0nn17" type="2" discard="1" dealt="1" sum="30"/>
</round>
<round no="1"><cards type="Pocket" player="xiuder0nn17">X X</cards>
<cards type="Pocket" player="M1ky3ste92">D5 S3</cards>
<action no="5" player="M1ky3ste92" type="0" sum="0"/>
</round>
</game>
<game gamecode="6592985325"><general>
<startdate>2026-01-13 10:12:27</startdate>
<round>1</round>
<failsafecounter/>
<players><player seat="10" name="M1ky3ste92" chips="630" dealer="0" win="0" bet="85" muck="1" rebuy="0" addon="0" merge="0" rebuychips="0" reg_code="5088930196"/>
<player seat="3" name="xiuder0nn17" chips="870" dealer="1" win="170" bet="202" muck="1" rebuy="0" addon="0" merge="0" rebuychips="0" reg_code="5088930155"/>
</players>
</general>
<round no="0"><action no="1" player="xiuder0nn17" type="15" discard="1" dealt="1" sum="5"/>
<action no="2" player="M1ky3ste92" type="15" sum="5"/>
<action no="3" player="xiuder0nn17" type="1" discard="1" dealt="1" sum="20"/>
<action no="4" player="M1ky3ste92" type="2" sum="40"/>
</round>
<round no="1"><cards type="Pocket" player="xiuder0nn17">X X</cards>
<cards type="Pocket" player="M1ky3ste92">H9 C6</cards>
<action no="5" player="xiuder0nn17" type="3" discard="1" dealt="1" sum="20"/>
<action no="6" player="M1ky3ste92" type="4" sum="0"/>
</round>
<round no="2"><cards type="Flop">D8 CJ C5</cards>
<action no="7" player="M1ky3ste92" type="4" sum="0"/>
<action no="8" player="xiuder0nn17" type="5" discard="1" dealt="1" sum="40"/>
<action no="9" player="M1ky3ste92" type="3" sum="40"/>
</round>
<round no="3"><cards type="Turn">D3</cards>
<action no="10" player="M1ky3ste92" type="4" sum="0"/>
<action no="11" player="xiuder0nn17" type="5" discard="1" dealt="1" sum="117"/>
<action no="12" player="M1ky3ste92" type="0" sum="0"/>
</round>
</game>
<game gamecode="6592985347"><general>
<startdate>2026-01-13 10:12:43</startdate>
<round>1</round>
<failsafecounter/>
<players><player seat="3" name="xiuder0nn17" chips="955" dealer="0" win="50" bet="45" muck="1" rebuy="0" addon="0" merge="0" rebuychips="0" reg_code="5088930155"/>
<player seat="10" name="M1ky3ste92" chips="545" dealer="1" win="0" bet="25" muck="1" rebuy="0" addon="0" merge="0" rebuychips="0" reg_code="5088930196"/>
</players>
</general>
<round no="0"><action no="1" player="M1ky3ste92" type="15" sum="5"/>
<action no="2" player="xiuder0nn17" type="15" discard="1" dealt="1" sum="5"/>
<action no="3" player="M1ky3ste92" type="1" sum="20"/>
<action no="4" player="xiuder0nn17" type="2" discard="1" dealt="1" sum="40"/>
</round>
<round no="1"><cards type="Pocket" player="xiuder0nn17">X X</cards>
<cards type="Pocket" player="M1ky3ste92">CJ S4</cards>
<action no="5" player="M1ky3ste92" type="0" sum="0"/>
</round>
</game>
<game gamecode="6592985356"><general>
<startdate>2026-01-13 10:12:48</startdate>
<round>1</round>
<failsafecounter/>
<players><player seat="10" name="M1ky3ste92" chips="520" dealer="0" win="0" bet="45" muck="1" rebuy="0" addon="0" merge="0" rebuychips="0" reg_code="5088930196"/>
<player seat="3" name="xiuder0nn17" chips="980" dealer="1" win="90" bet="980" muck="1" rebuy="0" addon="0" merge="0" rebuychips="0" reg_code="5088930155"/>
</players>
</general>
<round no="0"><action no="1" player="xiuder0nn17" type="15" discard="1" dealt="1" sum="5"/>
<action no="2" player="M1ky3ste92" type="15" sum="5"/>
<action no="3" player="xiuder0nn17" type="1" discard="1" dealt="1" sum="20"/>
<action no="4" player="M1ky3ste92" type="2" sum="40"/>
</round>
<round no="1"><cards type="Pocket" player="M1ky3ste92">D5 C2</cards>
<cards type="Pocket" player="xiuder0nn17">X X</cards>
<action no="5" player="xiuder0nn17" type="23" discard="1" dealt="1" sum="975"/>
<action no="6" player="M1ky3ste92" type="0" sum="0"/>
</round>
</game>
<game gamecode="6592985366"><general>
<startdate>2026-01-13 10:12:55</startdate>
<round>1</round>
<failsafecounter/>
<players><player seat="3" name="xiuder0nn17" chips="1,025" dealer="0" win="0" bet="45" muck="1" rebuy="0" addon="0" merge="0" rebuychips="0" reg_code="5088930155"/>
<player seat="10" name="M1ky3ste92" chips="475" dealer="1" win="90" bet="85" muck="1" rebuy="0" addon="0" merge="0" rebuychips="0" reg_code="5088930196"/>
</players>
</general>
<round no="0"><action no="1" player="M1ky3ste92" type="15" sum="5"/>
<action no="2" player="xiuder0nn17" type="15" discard="1" dealt="1" sum="5"/>
<action no="3" player="M1ky3ste92" type="1" sum="20"/>
<action no="4" player="xiuder0nn17" type="2" discard="1" dealt="1" sum="40"/>
</round>
<round no="1"><cards type="Pocket" player="xiuder0nn17">X X</cards>
<cards type="Pocket" player="M1ky3ste92">SJ D8</cards>
<action no="5" player="M1ky3ste92" type="3" sum="20"/>
<action no="6" player="xiuder0nn17" type="4" discard="1" dealt="1" sum="0"/>
</round>
<round no="2"><cards type="Flop">DQ C10 SK</cards>
<action no="7" player="xiuder0nn17" type="4" discard="1" dealt="1" sum="0"/>
<action no="8" player="M1ky3ste92" type="5" sum="40"/>
<action no="9" player="xiuder0nn17" type="0" discard="1" dealt="1" sum="0"/>
</round>
</game>
<game gamecode="6592985378"><general>
<startdate>2026-01-13 10:13:05</startdate>
<round>1</round>
<failsafecounter/>
<players><player seat="10" name="M1ky3ste92" chips="520" dealer="0" win="1,040" bet="520" muck="0" rebuy="0" addon="0" merge="0" rebuychips="0" reg_code="5088930196"/>
<player seat="3" name="xiuder0nn17" chips="980" dealer="1" win="0" bet="980" muck="0" rebuy="0" addon="0" merge="0" rebuychips="0" reg_code="5088930155"/>
</players>
</general>
<round no="0"><action no="1" player="xiuder0nn17" type="15" discard="1" dealt="1" sum="5"/>
<action no="2" player="M1ky3ste92" type="15" sum="5"/>
<action no="3" player="xiuder0nn17" type="1" discard="1" dealt="1" sum="20"/>
<action no="4" player="M1ky3ste92" type="2" sum="40"/>
</round>
<round no="1"><cards type="Pocket" player="M1ky3ste92">H3 S3</cards>
<cards type="Pocket" player="xiuder0nn17">C5 D5</cards>
<action no="5" player="xiuder0nn17" type="23" discard="1" dealt="1" sum="975"/>
<action no="6" player="M1ky3ste92" type="7" sum="475"/>
</round>
<round no="2"><cards type="Flop">C6 SK CA</cards>
</round>
<round no="3"><cards type="Turn">C3</cards>
</round>
<round no="4"><cards type="River">DQ</cards>
</round>
</game>
<game gamecode="6592985395"><general>
<startdate>2026-01-13 10:13:20</startdate>
<round>1</round>
<failsafecounter/>
<players><player seat="3" name="xiuder0nn17" chips="460" dealer="0" win="0" bet="45" muck="1" rebuy="0" addon="0" merge="0" rebuychips="0" reg_code="5088930155"/>
<player seat="10" name="M1ky3ste92" chips="1,040" dealer="1" win="90" bet="1,040" muck="1" rebuy="0" addon="0" merge="0" rebuychips="0" reg_code="5088930196"/>
</players>
</general>
<round no="0"><action no="1" player="M1ky3ste92" type="15" sum="5"/>
<action no="2" player="xiuder0nn17" type="15" discard="1" dealt="1" sum="5"/>
<action no="3" player="M1ky3ste92" type="1" sum="20"/>
<action no="4" player="xiuder0nn17" type="2" discard="1" dealt="1" sum="40"/>
</round>
<round no="1"><cards type="Pocket" player="xiuder0nn17">X X</cards>
<cards type="Pocket" player="M1ky3ste92">DK S9</cards>
<action no="5" player="M1ky3ste92" type="23" sum="1,035"/>
<action no="6" player="xiuder0nn17" type="0" discard="1" dealt="1" sum="0"/>
</round>
</game>
<game gamecode="6592985404"><general>
<startdate>2026-01-13 10:13:28</startdate>
<round>1</round>
<failsafecounter/>
<players><player seat="10" name="M1ky3ste92" chips="1,085" dealer="0" win="404" bet="202" muck="0" rebuy="0" addon="0" merge="0" rebuychips="0" reg_code="5088930196"/>
<player seat="3" name="xiuder0nn17" chips="415" dealer="1" win="0" bet="202" muck="1" rebuy="0" addon="0" merge="0" rebuychips="0" reg_code="5088930155"/>
</players>
</general>
<round no="0"><action no="1" player="xiuder0nn17" type="15" discard="1" dealt="1" sum="5"/>
<action no="2" player="M1ky3ste92" type="15" sum="5"/>
<action no="3" player="xiuder0nn17" type="1" discard="1" dealt="1" sum="20"/>
<action no="4" player="M1ky3ste92" type="2" sum="40"/>
</round>
<round no="1"><cards type="Pocket" player="M1ky3ste92">S2 CK</cards>
<cards type="Pocket" player="xiuder0nn17">S10 H5</cards>
<action no="5" player="xiuder0nn17" type="3" discard="1" dealt="1" sum="20"/>
<action no="6" player="M1ky3ste92" type="4" sum="0"/>
</round>
<round no="2"><cards type="Flop">S6 D4 DK</cards>
<action no="7" player="M1ky3ste92" type="4" sum="0"/>
<action no="8" player="xiuder0nn17" type="5" discard="1" dealt="1" sum="40"/>
<action no="9" player="M1ky3ste92" type="3" sum="40"/>
</round>
<round no="3"><cards type="Turn">CQ</cards>
<action no="10" player="M1ky3ste92" type="4" sum="0"/>
<action no="11" player="xiuder0nn17" type="5" discard="1" dealt="1" sum="117"/>
<action no="12" player="M1ky3ste92" type="3" sum="117"/>
</round>
<round no="4"><cards type="River">SQ</cards>
<action no="13" player="M1ky3ste92" type="4" sum="0"/>
<action no="14" player="xiuder0nn17" type="4" discard="1" dealt="1" sum="0"/>
</round>
</game>
<game gamecode="6592985442"><general>
<startdate>2026-01-13 10:13:52</startdate>
<round>1</round>
<failsafecounter/>
<players><player seat="3" name="xiuder0nn17" chips="213" dealer="0" win="0" bet="45" muck="1" rebuy="0" addon="0" merge="0" rebuychips="0" reg_code="5088930155"/>
<player seat="10" name="M1ky3ste92" chips="1,287" dealer="1" win="90" bet="1,287" muck="1" rebuy="0" addon="0" merge="0" rebuychips="0" reg_code="5088930196"/>
</players>
</general>
<round no="0"><action no="1" player="M1ky3ste92" type="15" sum="5"/>
<action no="2" player="xiuder0nn17" type="15" discard="1" dealt="1" sum="5"/>
<action no="3" player="M1ky3ste92" type="1" sum="20"/>
<action no="4" player="xiuder0nn17" type="2" discard="1" dealt="1" sum="40"/>
</round>
<round no="1"><cards type="Pocket" player="xiuder0nn17">X X</cards>
<cards type="Pocket" player="M1ky3ste92">H7 HK</cards>
<action no="5" player="M1ky3ste92" type="23" sum="1,282"/>
<action no="6" player="xiuder0nn17" type="0" discard="1" dealt="1" sum="0"/>
</round>
</game>
<game gamecode="6592985454"><general>
<startdate>2026-01-13 10:13:59</startdate>
<round>1</round>
<failsafecounter/>
<players><player seat="10" name="M1ky3ste92" chips="1,332" dealer="0" win="50" bet="45" muck="1" rebuy="0" addon="0" merge="0" rebuychips="0" reg_code="5088930196"/>
<player seat="3" name="xiuder0nn17" chips="168" dealer="1" win="0" bet="25" muck="1" rebuy="0" addon="0" merge="0" rebuychips="0" reg_code="5088930155"/>
</players>
</general>
<round no="0"><action no="1" player="xiuder0nn17" type="15" discard="1" dealt="1" sum="5"/>
<action no="2" player="M1ky3ste92" type="15" sum="5"/>
<action no="3" player="xiuder0nn17" type="1" discard="1" dealt="1" sum="20"/>
<action no="4" player="M1ky3ste92" type="2" sum="40"/>
</round>
<round no="1"><cards type="Pocket" player="xiuder0nn17">X X</cards>
<cards type="Pocket" player="M1ky3ste92">C7 S3</cards>
<action no="5" player="xiuder0nn17" type="0" discard="1" dealt="1" sum="0"/>
</round>
</game>
<game gamecode="6592985462"><general>
<startdate>2026-01-13 10:14:06</startdate>
<round>1</round>
<failsafecounter/>
<players><player seat="3" name="xiuder0nn17" chips="143" dealer="0" win="70" bet="65" muck="1" rebuy="0" addon="0" merge="0" rebuychips="0" reg_code="5088930155"/>
<player seat="10" name="M1ky3ste92" chips="1,357" dealer="1" win="0" bet="35" muck="1" rebuy="0" addon="0" merge="0" rebuychips="0" reg_code="5088930196"/>
</players>
</general>
<round no="0"><action no="1" player="M1ky3ste92" type="15" sum="5"/>
<action no="2" player="xiuder0nn17" type="15" discard="1" dealt="1" sum="5"/>
<action no="3" player="M1ky3ste92" type="1" sum="30"/>
<action no="4" player="xiuder0nn17" type="2" discard="1" dealt="1" sum="60"/>
</round>
<round no="1"><cards type="Pocket" player="M1ky3ste92">C10 H4</cards>
<cards type="Pocket" player="xiuder0nn17">X X</cards>
<action no="5" player="M1ky3ste92" type="0" sum="0"/>
</round>
</game>
<game gamecode="6592985472"><general>
<startdate>2026-01-13 10:14:12</startdate>
<round>1</round>
<failsafecounter/>
<players><player seat="10" name="M1ky3ste92" chips="1,322" dealer="0" win="356" bet="178" muck="0" rebuy="0" addon="0" merge="0" rebuychips="0" reg_code="5088930196"/>
<player seat="3" name="xiuder0nn17" chips="178" dealer="1" win="0" bet="178" muck="0" rebuy="0" addon="0" merge="0" rebuychips="0" reg_code="5088930155"/>
</players>
</general>
<round no="0"><action no="1" player="xiuder0nn17" type="15" discard="1" dealt="1" sum="5"/>
<action no="2" player="M1ky3ste92" type="15" sum="5"/>
<action no="3" player="xiuder0nn17" type="1" discard="1" dealt="1" sum="30"/>
<action no="4" player="M1ky3ste92" type="2" sum="60"/>
</round>
<round no="1"><cards type="Pocket" player="M1ky3ste92">HJ C8</cards>
<cards type="Pocket" player="xiuder0nn17">D3 CA</cards>
<action no="5" player="xiuder0nn17" type="23" discard="1" dealt="1" sum="173"/>
<action no="6" player="M1ky3ste92" type="3" sum="113"/>
</round>
<round no="2"><cards type="Flop">S8 H3 D5</cards>
</round>
<round no="3"><cards type="Turn">DQ</cards>
</round>
<round no="4"><cards type="River">C7</cards>
</round>
</game>
</session>
