<?xml version="1.0" encoding="UTF-8"?>
<session sessioncode="5088834635">
<general>
<client_version>24.7.1.18</client_version>
<mode>real</mode>
<gametype>Holdem NL</gametype>
<tablename>Twister €100 SNG, 826303544</tablename>
<tournamentcode>826303543</tournamentcode>
<tournamentname>Twister €100 SNG</tournamentname>
<buyin>€0 + €7 + €93</buyin>
<totalbuyin>€100</totalbuyin>
<rewarddrawn>€500</rewarddrawn>
<tournamentcurrency>EUR</tournamentcurrency>
<currency>EUR</currency>
<nickname>M1ky3ste92</nickname>
<gamecount>19</gamecount>
<startdate>2026-01-12 22:30:02</startdate>
<place>1</place>
<win>€500</win>
<tablesize>3</tablesize>
</general>
<game gamecode="6592531813"><general>
<startdate>2026-01-12 22:30:17</startdate>
<round>1</round>
<failsafecounter/>
<players><player seat="10" name="funix24" chips="500" dealer="0" win="90" bet="130" muck="1" rebuy="0" addon="0" merge="0" rebuychips="0" reg_code="5088834645"/>
<player seat="3" name="Thechosenoonee" chips="500" dealer="1" win="0" bet="40" muck="1" rebuy="0" addon="0" merge="0" rebuychips="0" reg_code="5088834548"/>
<player seat="6" name="M1ky3ste92" chips="500" dealer="0" win="0" bet="10" muck="1" rebuy="0" addon="0" merge="0" rebuychips="0" reg_code="5088834635"/>
</players>
</general>
<round no="0"><action no="1" player="M1ky3ste92" type="1" sum="10"/>
<action no="2" player="funix24" type="2" discard="1" dealt="1" sum="20"/>
</round>
<round no="1"><cards type="Pocket" player="Thechosenoonee">X X</cards>
<cards type="Pocket" player="M1ky3ste92">C2 D6</cards>
<cards type="Pocket" player="funix24">X X</cards>
<action no="3" player="Thechosenoonee" type="23" discard="1" dealt="1" sum="40"/>
<action no="4" player="M1ky3ste92" type="0" sum="0"/>
<action no="5" player="funix24" type="23" discard="1" dealt="1" sum="130"/>
<action no="6" player="Thechosenoonee" type="0" discard="1" dealt="1" sum="0"/>
</round>
</game>
<game gamecode="6592532055"><general>
<startdate>2026-01-12 22:30:43</startdate>
<round>1</round>
<failsafecounter/>
<players><player seat="3" name="Thechosenoonee" chips="460" dealer="0" win="0" bet="20" muck="1" rebuy="0" addon="0" merge="0" rebuychips="0" reg_code="5088834548"/>
<player seat="6" name="M1ky3ste92" chips="490" dealer="1" win="0" bet="0" muck="1" rebuy="0" addon="0" merge="0" rebuychips="0" reg_code="5088834635"/>
<player seat="10" name="funix24" chips="550" dealer="0" win="40" bet="40" muck="1" rebuy="0" addon="0" merge="0" rebuychips="0" reg_code="5088834645"/>
</players>
</general>
<round no="0"><action no="1" player="funix24" type="1" discard="1" dealt="1" sum="10"/>
<action no="2" player="Thechosenoonee" type="2" discard="1" dealt="1" sum="20"/>
</round>
<round no="1"><cards type="Pocket" player="M1ky3ste92">SK C5</cards>
<cards type="Pocket" player="funix24">X X</cards>
<cards type="Pocket" player="Thechosenoonee">X X</cards>
<action no="3" player="M1ky3ste92" type="0" sum="0"/>
<action no="4" player="funix24" type="3" discard="1" dealt="1" sum="10"/>
<action no="5" player="Thechosenoonee" type="4" discard="1" dealt="1" sum="0"/>
</round>
<round no="2"><cards type="Flop">S9 S3 CJ</cards>
<action no="6" player="funix24" type="4" discard="1" dealt="1" sum="0"/>
<action no="7" player="Thechosenoonee" type="4" discard="1" dealt="1" sum="0"/>
</round>
<round no="3"><cards type="Turn">S8</cards>
<action no="8" player="funix24" type="5" discard="1" dealt="1" sum="20"/>
<action no="9" player="Thechosenoonee" type="0" discard="1" dealt="1" sum="0"/>
</round>
</game>
<game gamecode="6592532321"><general>
<startdate>2026-01-12 22:31:12</startdate>
<round>1</round>
<failsafecounter/>
<players><player seat="6" name="M1ky3ste92" chips="490" dealer="0" win="0" bet="20" muck="1" rebuy="0" addon="0" merge="0" rebuychips="0" reg_code="5088834635"/>
<player seat="10" name="funix24" chips="570" dealer="1" win="50" bet="70" muck="1" rebuy="0" addon="0" merge="0" rebuychips="0" reg_code="5088834645"/>
<player seat="3" name="Thechosenoonee" chips="440" dealer="0" win="0" bet="10" muck="1" rebuy="0" addon="0" merge="0" rebuychips="0" reg_code="5088834548"/>
</players>
</general>
<round no="0"><action no="1" player="Thechosenoonee" type="1" discard="1" dealt="1" sum="10"/>
<action no="2" player="M1ky3ste92" type="2" sum="20"/>
</round>
<round no="1"><cards type="Pocket" player="Thechosenoonee">X X</cards>
<cards type="Pocket" player="M1ky3ste92">C3 S2</cards>
<cards type="Pocket" player="funix24">X X</cards>
<action no="3" player="funix24" type="3" discard="1" dealt="1" sum="20"/>
<action no="4" player="Thechosenoonee" type="0" discard="1" dealt="1" sum="0"/>
<action no="5" player="M1ky3ste92" type="4" sum="0"/>
</round>
<round no="2"><cards type="Flop">CA HQ S8</cards>
<action no="6" player="M1ky3ste92" type="4" sum="0"/>
<action no="7" player="funix24" type="4" discard="1" dealt="1" sum="0"/>
</round>
<round no="3"><cards type="Turn">D8</cards>
<action no="8" player="M1ky3ste92" type="4" sum="0"/>
<action no="9" player="funix24" type="4" discard="1" dealt="1" sum="0"/>
</round>
<round no="4"><cards type="River">S9</cards>
<action no="10" player="M1ky3ste92" type="4" sum="0"/>
<action no="11" player="funix24" type="5" discard="1" dealt="1" sum="50"/>
<action no="12" player="M1ky3ste92" type="0" sum="0"/>
</round>
</game>
<game gamecode="6592539180"><general>
<startdate>2026-01-12 22:31:41</startdate>
<round>1</round>
<failsafecounter/>
<players><player seat="10" name="funix24" chips="600" dealer="0" win="0" bet="180" muck="1" rebuy="0" addon="0" merge="0" rebuychips="0" reg_code="5088834645"/>
<player seat="3" name="Thechosenoonee" chips="430" dealer="1" win="370" bet="430" muck="1" rebuy="0" addon="0" merge="0" rebuychips="0" reg_code="5088834548"/>
<player seat="6" name="M1ky3ste92" chips="470" dealer="0" win="0" bet="10" muck="1" rebuy="0" addon="0" merge="0" rebuychips="0" reg_code="5088834635"/>
</players>
</general>
<round no="0"><action no="1" player="M1ky3ste92" type="1" sum="10"/>
<action no="2" player="funix24" type="2" discard="1" dealt="1" sum="20"/>
</round>
<round no="1"><cards type="Pocket" player="funix24">X X</cards>
<cards type="Pocket" player="Thechosenoonee">X X</cards>
<cards type="Pocket" player="M1ky3ste92">C10 H3</cards>
<action no="3" player="Thechosenoonee" type="23" discard="1" dealt="1" sum="40"/>
<action no="4" player="M1ky3ste92" type="0" sum="0"/>
<action no="5" player="funix24" type="3" discard="1" dealt="1" sum="20"/>
</round>
<round no="2"><cards type="Flop">S8 D5 C3</cards>
<action no="6" player="funix24" type="4" discard="1" dealt="1" sum="0"/>
<action no="7" player="Thechosenoonee" type="5" discard="1" dealt="1" sum="67"/>
<action no="8" player="funix24" type="3" discard="1" dealt="1" sum="67"/>
</round>
<round no="3"><cards type="Turn">C8</cards>
<action no="9" player="funix24" type="4" discard="1" dealt="1" sum="0"/>
<action no="10" player="Thechosenoonee" type="5" discard="1" dealt="1" sum="73"/>
<action no="11" player="funix24" type="3" discard="1" dealt="1" sum="73"/>
</round>
<round no="4"><cards type="River">S10</cards>
<action no="12" player="funix24" type="4" discard="1" dealt="1" sum="0"/>
<action no="13" player="Thechosenoonee" type="5" discard="1" dealt="1" sum="250"/>
<action no="14" player="funix24" type="0" discard="1" dealt="1" sum="0"/>
</round>
</game>
<game gamecode="6592539610"><general>
<startdate>2026-01-12 22:32:25</startdate>
<round>1</round>
<failsafecounter/>
<players><player seat="3" name="Thechosenoonee" chips="620" dealer="0" win="225" bet="110" muck="0" rebuy="0" addon="0" merge="0" rebuychips="0" reg_code="5088834548"/>
<player seat="6" name="M1ky3ste92" chips="460" dealer="1" win="0" bet="5" muck="1" rebuy="0" addon="0" merge="0" rebuychips="0" reg_code="5088834635"/>
<player seat="10" name="funix24" chips="420" dealer="0" win="0" bet="110" muck="1" rebuy="0" addon="0" merge="0" rebuychips="0" reg_code="5088834645"/>
</players>
</general>
<round no="0"><action no="1" player="funix24" type="15" discard="1" dealt="1" sum="5"/>
<action no="2" player="Thechosenoonee" type="15" discard="1" dealt="1" sum="5"/>
<action no="3" player="M1ky3ste92" type="15" sum="5"/>
<action no="4" player="funix24" type="1" discard="1" dealt="1" sum="15"/>
<action no="5" player="Thechosenoonee" type="2" discard="1" dealt="1" sum="30"/>
</round>
<round no="1"><cards type="Pocket" player="funix24">HJ C3</cards>
<cards type="Pocket" player="M1ky3ste92">SK D8</cards>
<cards type="Pocket" player="Thechosenoonee">C8 CQ</cards>
<action no="6" player="M1ky3ste92" type="0" sum="0"/>
<action no="7" player="funix24" type="3" discard="1" dealt="1" sum="15"/>
<action no="8" player="Thechosenoonee" type="4" discard="1" dealt="1" sum="0"/>
</round>
<round no="2"><cards type="Flop">HK SA H10</cards>
<action no="9" player="funix24" type="4" discard="1" dealt="1" sum="0"/>
<action no="10" player="Thechosenoonee" type="4" discard="1" dealt="1" sum="0"/>
</round>
<round no="3"><cards type="Turn">D10</cards>
<action no="11" player="funix24" type="4" discard="1" dealt="1" sum="0"/>
<action no="12" player="Thechosenoonee" type="4" discard="1" dealt="1" sum="0"/>
</round>
<round no="4"><cards type="River">SJ</cards>
<action no="13" player="funix24" type="4" discard="1" dealt="1" sum="0"/>
<action no="14" player="Thechosenoonee" type="5" discard="1" dealt="1" sum="75"/>
<action no="15" player="funix24" type="3" discard="1" dealt="1" sum="75"/>
</round>
</game>
<game gamecode="6592540028"><general>
<startdate>2026-01-12 22:33:11</startdate>
<round>1</round>
<failsafecounter/>
<players><player seat="6" name="M1ky3ste92" chips="455" dealer="0" win="0" bet="35" muck="1" rebuy="0" addon="0" merge="0" rebuychips="0" reg_code="5088834635"/>
<player seat="10" name="funix24" chips="310" dealer="1" win="105" bet="35" muck="0" rebuy="0" addon="0" merge="0" rebuychips="0" reg_code="5088834645"/>
<player seat="3" name="Thechosenoonee" chips="735" dealer="0" win="0" bet="35" muck="1" rebuy="0" addon="0" merge="0" rebuychips="0" reg_code="5088834548"/>
</players>
</general>
<round no="0"><action no="1" player="Thechosenoonee" type="15" discard="1" dealt="1" sum="5"/>
<action no="2" player="M1ky3ste92" type="15" sum="5"/>
<action no="3" player="funix24" type="15" discard="1" dealt="1" sum="5"/>
<action no="4" player="Thechosenoonee" type="1" discard="1" dealt="1" sum="15"/>
<action no="5" player="M1ky3ste92" type="2" sum="30"/>
</round>
<round no="1"><cards type="Pocket" player="M1ky3ste92">DK C9</cards>
<cards type="Pocket" player="funix24">C3 C5</cards>
<cards type="Pocket" player="Thechosenoonee">D9 S7</cards>
<action no="6" player="funix24" type="3" discard="1" dealt="1" sum="30"/>
<action no="7" player="Thechosenoonee" type="3" discard="1" dealt="1" sum="15"/>
<action no="8" player="M1ky3ste92" type="4" sum="0"/>
</round>
<round no="2"><cards type="Flop">CJ C10 H10</cards>
<action no="9" player="Thechosenoonee" type="4" discard="1" dealt="1" sum="0"/>
<action no="10" player="M1ky3ste92" type="4" sum="0"/>
<action no="11" player="funix24" type="4" discard="1" dealt="1" sum="0"/>
</round>
<round no="3"><cards type="Turn">D10</cards>
<action no="12" player="Thechosenoonee" type="4" discard="1" dealt="1" sum="0"/>
<action no="13" player="M1ky3ste92" type="4" sum="0"/>
<action no="14" player="funix24" type="4" discard="1" dealt="1" sum="0"/>
</round>
<round no="4"><cards type="River">CA</cards>
<action no="15" player="Thechosenoonee" type="4" discard="1" dealt="1" sum="0"/>
<action no="16" player="M1ky3ste92" type="4" sum="0"/>
<action no="17" player="funix24" type="4" discard="1" dealt="1" sum="0"/>
</round>
</game>
<game gamecode="6592540340"><general>
<startdate>2026-01-12 22:33:45</startdate>
<round>1</round>
<failsafecounter/>
<players><player seat="10" name="funix24" chips="380" dealer="0" win="0" bet="65" muck="1" rebuy="0" addon="0" merge="0" rebuychips="0" reg_code="5088834645"/>
<player seat="3" name="Thechosenoonee" chips="700" dealer="1" win="0" bet="5" muck="1" rebuy="0" addon="0" merge="0" rebuychips="0" reg_code="5088834548"/>
<player seat="6" name="M1ky3ste92" chips="420" dealer="0" win="135" bet="65" muck="0" rebuy="0" addon="0" merge="0" rebuychips="0" reg_code="5088834635"/>
</players>
</general>
<round no="0"><action no="1" player="M1ky3ste92" type="15" sum="5"/>
<action no="2" player="funix24" type="15" discard="1" dealt="1" sum="5"/>
<action no="3" player="Thechosenoonee" type="15" discard="1" dealt="1" sum="5"/>
<action no="4" player="M1ky3ste92" type="1" sum="15"/>
<action no="5" player="funix24" type="2" discard="1" dealt="1" sum="30"/>
</round>
<round no="1"><cards type="Pocket" player="Thechosenoonee">X X</cards>
<cards type="Pocket" player="funix24">C8 HK</cards>
<cards type="Pocket" player="M1ky3ste92">SJ C5</cards>
<action no="6" player="Thechosenoonee" type="0" discard="1" dealt="1" sum="0"/>
<action no="7" player="M1ky3ste92" type="3" sum="15"/>
<action no="8" player="funix24" type="4" discard="1" dealt="1" sum="0"/>
</round>
<round no="2"><cards type="Flop">D7 S9 SA</cards>
<action no="9" player="M1ky3ste92" type="5" sum="30"/>
<action no="10" player="funix24" type="3" discard="1" dealt="1" sum="30"/>
</round>
<round no="3"><cards type="Turn">H4</cards>
<action no="11" player="M1ky3ste92" type="4" sum="0"/>
<action no="12" player="funix24" type="4" discard="1" dealt="1" sum="0"/>
</round>
<round no="4"><cards type="River">D5</cards>
<action no="13" player="M1ky3ste92" type="4" sum="0"/>
<action no="14" player="funix24" type="4" discard="1" dealt="1" sum="0"/>
</round>
</game>
<game gamecode="6592540596"><general>
<startdate>2026-01-12 22:34:12</startdate>
<round>1</round>
<failsafecounter/>
<players><player seat="3" name="Thechosenoonee" chips="695" dealer="0" win="0" bet="35" muck="1" rebuy="0" addon="0" merge="0" rebuychips="0" reg_code="5088834548"/>
<player seat="6" name="M1ky3ste92" chips="490" dealer="1" win="0" bet="5" muck="1" rebuy="0" addon="0" merge="0" rebuychips="0" reg_code="5088834635"/>
<player seat="10" name="funix24" chips="315" dealer="0" win="75" bet="315" muck="1" rebuy="0" addon="0" merge="0" rebuychips="0" reg_code="5088834645"/>
</players>
</general>
<round no="0"><action no="1" player="funix24" type="15" discard="1" dealt="1" sum="5"/>
<action no="2" player="Thechosenoonee" type="15" discard="1" dealt="1" sum="5"/>
<action no="3" player="M1ky3ste92" type="15" sum="5"/>
<action no="4" player="funix24" type="1" discard="1" dealt="1" sum="15"/>
<action no="5" player="Thechosenoonee" type="2" discard="1" dealt="1" sum="30"/>
</round>
<round no="1"><cards type="Pocket" player="Thechosenoonee">X X</cards>
<cards type="Pocket" player="funix24">X X</cards>
<cards type="Pocket" player="M1ky3ste92">C7 D3</cards>
<action no="6" player="M1ky3ste92" type="0" sum="0"/>
<action no="7" player="funix24" type="23" discard="1" dealt="1" sum="310"/>
<action no="8" player="Thechosenoonee" type="0" discard="1" dealt="1" sum="0"/>
</round>
</game>
<game gamecode="6592540685"><general>
<startdate>2026-01-12 22:34:23</startdate>
<round>1</round>
<failsafecounter/>
<players><player seat="6" name="M1ky3ste92" chips="485" dealer="0" win="0" bet="45" muck="1" rebuy="0" addon="0" merge="0" rebuychips="0" reg_code="5088834635"/>
<player seat="10" name="funix24" chips="355" dealer="1" win="0" bet="5" muck="1" rebuy="0" addon="0" merge="0" rebuychips="0" reg_code="5088834645"/>
<player seat="3" name="Thechosenoonee" chips="660" dealer="0" win="95" bet="85" muck="1" rebuy="0" addon="0" merge="0" rebuychips="0" reg_code="5088834548"/>
</players>
</general>
<round no="0"><action no="1" player="Thechosenoonee" type="15" discard="1" dealt="1" sum="5"/>
<action no="2" player="M1ky3ste92" type="15" sum="5"/>
<action no="3" player="funix24" type="15" discard="1" dealt="1" sum="5"/>
<action no="4" player="Thechosenoonee" type="1" discard="1" dealt="1" sum="20"/>
<action no="5" player="M1ky3ste92" type="2" sum="40"/>
</round>
<round no="1"><cards type="Pocket" player="M1ky3ste92">S3 S6</cards>
<cards type="Pocket" player="funix24">X X</cards>
<cards type="Pocket" player="Thechosenoonee">X X</cards>
<action no="6" player="funix24" type="0" discard="1" dealt="1" sum="0"/>
<action no="7" player="Thechosenoonee" type="3" discard="1" dealt="1" sum="20"/>
<action no="8" player="M1ky3ste92" type="4" sum="0"/>
</round>
<round no="2"><cards type="Flop">CQ D2 DQ</cards>
<action no="9" player="Thechosenoonee" type="5" discard="1" dealt="1" sum="40"/>
<action no="10" player="M1ky3ste92" type="0" sum="0"/>
</round>
</game>
<game gamecode="6592540886"><general>
<startdate>2026-01-12 22:34:46</startdate>
<round>1</round>
<failsafecounter/>
<players><player seat="10" name="funix24" chips="350" dealer="0" win="335" bet="165" muck="0" rebuy="0" addon="0" merge="0" rebuychips="0" reg_code="5088834645"/>
<player seat="3" name="Thechosenoonee" chips="710" dealer="1" win="0" bet="5" muck="1" rebuy="0" addon="0" merge="0" rebuychips="0" reg_code="5088834548"/>
<player seat="6" name="M1ky3ste92" chips="440" dealer="0" win="0" bet="165" muck="1" rebuy="0" addon="0" merge="0" rebuychips="0" reg_code="5088834635"/>
</players>
</general>
<round no="0"><action no="1" player="M1ky3ste92" type="15" sum="5"/>
<action no="2" player="funix24" type="15" discard="1" dealt="1" sum="5"/>
<action no="3" player="Thechosenoonee" type="15" discard="1" dealt="1" sum="5"/>
<action no="4" player="M1ky3ste92" type="1" sum="20"/>
<action no="5" player="funix24" type="2" discard="1" dealt="1" sum="40"/>
</round>
<round no="1"><cards type="Pocket" player="Thechosenoonee">X X</cards>
<cards type="Pocket" player="funix24">SK HJ</cards>
<cards type="Pocket" player="M1ky3ste92">H7 C8</cards>
<action no="6" player="Thechosenoonee" type="0" discard="1" dealt="1" sum="0"/>
<action no="7" player="M1ky3ste92" type="3" sum="20"/>
<action no="8" player="funix24" type="4" discard="1" dealt="1" sum="0"/>
</round>
<round no="2"><cards type="Flop">H4 D4 CJ</cards>
<action no="9" player="M1ky3ste92" type="5" sum="40"/>
<action no="10" player="funix24" type="3" discard="1" dealt="1" sum="40"/>
</round>
<round no="3"><cards type="Turn">HA</cards>
<action no="11" player="M1ky3ste92" type="5" sum="80"/>
<action no="12" player="funix24" type="3" discard="1" dealt="1" sum="80"/>
</round>
<round no="4"><cards type="River">H3</cards>
<action no="13" player="M1ky3ste92" type="4" sum="0"/>
<action no="14" player="funix24" type="4" discard="1" dealt="1" sum="0"/>
</round>
</game>
<game gamecode="6592541133"><general>
<startdate>2026-01-12 22:35:14</startdate>
<round>1</round>
<failsafecounter/>
<players><player seat="3" name="Thechosenoonee" chips="705" dealer="0" win="0" bet="85" muck="1" rebuy="0" addon="0" merge="0" rebuychips="0" reg_code="5088834548"/>
<player seat="6" name="M1ky3ste92" chips="275" dealer="1" win="255" bet="275" muck="1" rebuy="0" addon="0" merge="0" rebuychips="0" reg_code="5088834635"/>
<player seat="10" name="funix24" chips="520" dealer="0" win="0" bet="85" muck="1" rebuy="0" addon="0" merge="0" rebuychips="0" reg_code="5088834645"/>
</players>
</general>
<round no="0"><action no="1" player="funix24" type="15" discard="1" dealt="1" sum="5"/>
<action no="2" player="Thechosenoonee" type="15" discard="1" dealt="1" sum="5"/>
<action no="3" player="M1ky3ste92" type="15" sum="5"/>
<action no="4" player="funix24" type="1" discard="1" dealt="1" sum="20"/>
<action no="5" player="Thechosenoonee" type="2" discard="1" dealt="1" sum="40"/>
</round>
<round no="1"><cards type="Pocket" player="M1ky3ste92">HA DA</cards>
<cards type="Pocket" player="funix24">X X</cards>
<cards type="Pocket" player="Thechosenoonee">X X</cards>
<action no="6" player="M1ky3ste92" type="3" sum="40"/>
<action no="7" player="funix24" type="3" discard="1" dealt="1" sum="20"/>
<action no="8" player="Thechosenoonee" type="4" discard="1" dealt="1" sum="0"/>
</round>
<round no="2"><cards type="Flop">C2 C10 D3</cards>
<action no="9" player="funix24" type="4" discard="1" dealt="1" sum="0"/>
<action no="10" player="Thechosenoonee" type="4" discard="1" dealt="1" sum="0"/>
<action no="11" player="M1ky3ste92" type="5" sum="40"/>
<action no="12" player="funix24" type="3" discard="1" dealt="1" sum="40"/>
<action no="13" player="Thechosenoonee" type="3" discard="1" dealt="1" sum="40"/>
</round>
<round no="3"><cards type="Turn">S5</cards>
<action no="14" player="funix24" type="4" discard="1" dealt="1" sum="0"/>
<action no="15" player="Thechosenoonee" type="4" discard="1" dealt="1" sum="0"/>
<action no="16" player="M1ky3ste92" type="5" sum="190"/>
<action no="17" player="funix24" type="0" discard="1" dealt="1" sum="0"/>
<action no="18" player="Thechosenoonee" type="0" discard="1" dealt="1" sum="0"/>
</round>
</game>
<game gamecode="6592541627"><general>
<startdate>2026-01-12 22:36:10</startdate>
<round>1</round>
<failsafecounter/>
<players><player seat="6" name="M1ky3ste92" chips="445" dealer="0" win="0" bet="45" muck="1" rebuy="0" addon="0" merge="0" rebuychips="0" reg_code="5088834635"/>
<player seat="10" name="funix24" chips="435" dealer="1" win="115" bet="125" muck="1" rebuy="0" addon="0" merge="0" rebuychips="0" reg_code="5088834645"/>
<player seat="3" name="Thechosenoonee" chips="620" dealer="0" win="0" bet="25" muck="1" rebuy="0" addon="0" merge="0" rebuychips="0" reg_code="5088834548"/>
</players>
</general>
<round no="0"><action no="1" player="Thechosenoonee" type="15" discard="1" dealt="1" sum="5"/>
<action no="2" player="M1ky3ste92" type="15" sum="5"/>
<action no="3" player="funix24" type="15" discard="1" dealt="1" sum="5"/>
<action no="4" player="Thechosenoonee" type="1" discard="1" dealt="1" sum="20"/>
<action no="5" player="M1ky3ste92" type="2" sum="40"/>
</round>
<round no="1"><cards type="Pocket" player="M1ky3ste92">HQ S4</cards>
<cards type="Pocket" player="Thechosenoonee">X X</cards>
<cards type="Pocket" player="funix24">X X</cards>
<action no="6" player="funix24" type="23" discard="1" dealt="1" sum="120"/>
<action no="7" player="Thechosenoonee" type="0" discard="1" dealt="1" sum="0"/>
<action no="8" player="M1ky3ste92" type="0" sum="0"/>
</round>
</game>
<game gamecode="6592541718"><general>
<startdate>2026-01-12 22:36:21</startdate>
<round>1</round>
<failsafecounter/>
<players><player seat="10" name="funix24" chips="505" dealer="0" win="0" bet="400" muck="1" rebuy="0" addon="0" merge="0" rebuychips="0" reg_code="5088834645"/>
<player seat="3" name="Thechosenoonee" chips="595" dealer="1" win="0" bet="5" muck="1" rebuy="0" addon="0" merge="0" rebuychips="0" reg_code="5088834548"/>
<player seat="6" name="M1ky3ste92" chips="400" dealer="0" win="805" bet="400" muck="0" rebuy="0" addon="0" merge="0" rebuychips="0" reg_code="5088834635"/>
</players>
</general>
<round no="0"><action no="1" player="M1ky3ste92" type="15" sum="5"/>
<action no="2" player="funix24" type="15" discard="1" dealt="1" sum="5"/>
<action no="3" player="Thechosenoonee" type="15" discard="1" dealt="1" sum="5"/>
<action no="4" player="M1ky3ste92" type="1" sum="30"/>
<action no="5" player="funix24" type="2" discard="1" dealt="1" sum="60"/>
</round>
<round no="1"><cards type="Pocket" player="M1ky3ste92">H3 CK</cards>
<cards type="Pocket" player="funix24">CA D10</cards>
<cards type="Pocket" player="Thechosenoonee">X X</cards>
<action no="6" player="Thechosenoonee" type="0" discard="1" dealt="1" sum="0"/>
<action no="7" player="M1ky3ste92" type="23" sum="395"/>
<action no="8" player="funix24" type="3" discard="1" dealt="1" sum="335"/>
</round>
<round no="2"><cards type="Flop">SK S3 C2</cards>
</round>
<round no="3"><cards type="Turn">HK</cards>
</round>
<round no="4"><cards type="River">H4</cards>
</round>
</game>
<game gamecode="6592551322"><general>
<startdate>2026-01-12 22:36:39</startdate>
<round>1</round>
<failsafecounter/>
<players><player seat="3" name="Thechosenoonee" chips="590" dealer="0" win="75" bet="65" muck="1" rebuy="0" addon="0" merge="0" rebuychips="0" reg_code="5088834548"/>
<player seat="6" name="M1ky3ste92" chips="805" dealer="1" win="0" bet="5" muck="1" rebuy="0" addon="0" merge="0" rebuychips="0" reg_code="5088834635"/>
<player seat="10" name="funix24" chips="105" dealer="0" win="0" bet="35" muck="1" rebuy="0" addon="0" merge="0" rebuychips="0" reg_code="5088834645"/>
</players>
</general>
<round no="0"><action no="1" player="funix24" type="15" discard="1" dealt="1" sum="5"/>
<action no="2" player="Thechosenoonee" type="15" discard="1" dealt="1" sum="5"/>
<action no="3" player="M1ky3ste92" type="15" sum="5"/>
<action no="4" player="funix24" type="1" discard="1" dealt="1" sum="30"/>
<action no="5" player="Thechosenoonee" type="2" discard="1" dealt="1" sum="60"/>
</round>
<round no="1"><cards type="Pocket" player="M1ky3ste92">CQ S5</cards>
<cards type="Pocket" player="Thechosenoonee">X X</cards>
<cards type="Pocket" player="funix24">X X</cards>
<action no="6" player="M1ky3ste92" type="0" sum="0"/>
<action no="7" player="funix24" type="0" discard="1" dealt="1" sum="0"/>
</round>
</game>
<game gamecode="6592551424"><general>
<startdate>2026-01-12 22:36:48</startdate>
<round>1</round>
<failsafecounter/>
<players><player seat="6" name="M1ky3ste92" chips="800" dealer="0" win="175" bet="70" muck="0" rebuy="0" addon="0" merge="0" rebuychips="0" reg_code="5088834635"/>
<player seat="10" name="funix24" chips="70" dealer="1" win="0" bet="70" muck="0" rebuy="0" addon="0" merge="0" rebuychips="0" reg_code="5088834645"/>
<player seat="3" name="Thechosenoonee" chips="630" dealer="0" win="0" bet="35" muck="1" rebuy="0" addon="0" merge="0" rebuychips="0" reg_code="5088834548"/>
</players>
</general>
<round no="0"><action no="1" player="Thechosenoonee" type="15" discard="1" dealt="1" sum="5"/>
<action no="2" player="M1ky3ste92" type="15" sum="5"/>
<action no="3" player="funix24" type="15" discard="1" dealt="1" sum="5"/>
<action no="4" player="Thechosenoonee" type="1" discard="1" dealt="1" sum="30"/>
<action no="5" player="M1ky3ste92" type="2" sum="60"/>
</round>
<round no="1"><cards type="Pocket" player="M1ky3ste92">C5 D4</cards>
<cards type="Pocket" player="funix24">HK D8</cards>
<cards type="Pocket" player="Thechosenoonee">X X</cards>
<action no="6" player="funix24" type="7" discard="1" dealt="1" sum="65"/>
<action no="7" player="Thechosenoonee" type="0" discard="1" dealt="1" sum="0"/>
<action no="8" player="M1ky3ste92" type="3" sum="5"/>
</round>
<round no="2"><cards type="Flop">S10 H4 C3</cards>
</round>
<round no="3"><cards type="Turn">SJ</cards>
</round>
<round no="4"><cards type="River">C9</cards>
</round>
</game>
<game gamecode="6592551573"><general>
<startdate>2026-01-12 22:37:06</startdate>
<round>1</round>
<failsafecounter/>
<players><player seat="6" name="M1ky3ste92" chips="905" dealer="0" win="0" bet="65" muck="1" rebuy="0" addon="0" merge="0" rebuychips="0" reg_code="5088834635"/>
<player seat="3" name="Thechosenoonee" chips="595" dealer="1" win="130" bet="595" muck="1" rebuy="0" addon="0" merge="0" rebuychips="0" reg_code="5088834548"/>
</players>
</general>
<round no="0"><action no="1" player="Thechosenoonee" type="15" discard="1" dealt="1" sum="5"/>
<action no="2" player="M1ky3ste92" type="15" sum="5"/>
<action no="3" player="Thechosenoonee" type="1" discard="1" dealt="1" sum="30"/>
<action no="4" player="M1ky3ste92" type="2" sum="60"/>
</round>
<round no="1"><cards type="Pocket" player="Thechosenoonee">X X</cards>
<cards type="Pocket" player="M1ky3ste92">S7 H5</cards>
<action no="5" player="Thechosenoonee" type="23" discard="1" dealt="1" sum="590"/>
<action no="6" player="M1ky3ste92" type="0" sum="0"/>
</round>
</game>
<game gamecode="6592551638"><general>
<startdate>2026-01-12 22:37:13</startdate>
<round>1</round>
<failsafecounter/>
<players><player seat="3" name="Thechosenoonee" chips="660" dealer="0" win="0" bet="65" muck="1" rebuy="0" addon="0" merge="0" rebuychips="0" reg_code="5088834548"/>
<player seat="6" name="M1ky3ste92" chips="840" dealer="1" win="130" bet="840" muck="1" rebuy="0" addon="0" merge="0" rebuychips="0" reg_code="5088834635"/>
</players>
</general>
<round no="0"><action no="1" player="M1ky3ste92" type="15" sum="5"/>
<action no="2" player="Thechosenoonee" type="15" discard="1" dealt="1" sum="5"/>
<action no="3" player="M1ky3ste92" type="1" sum="30"/>
<action no="4" player="Thechosenoonee" type="2" discard="1" dealt="1" sum="60"/>
</round>
<round no="1"><cards type="Pocket" player="Thechosenoonee">X X</cards>
<cards type="Pocket" player="M1ky3ste92">HQ S10</cards>
<action no="5" player="M1ky3ste92" type="23" sum="835"/>
<action no="6" player="Thechosenoonee" type="0" discard="1" dealt="1" sum="0"/>
</round>
</game>
<game gamecode="6592551711"><general>
<startdate>2026-01-12 22:37:21</startdate>
<round>1</round>
<failsafecounter/>
<players><player seat="6" name="M1ky3ste92" chips="905" dealer="0" win="250" bet="300" muck="1" rebuy="0" addon="0" merge="0" rebuychips="0" reg_code="5088834635"/>
<player seat="3" name="Thechosenoonee" chips="595" dealer="1" win="0" bet="125" muck="1" rebuy="0" addon="0" merge="0" rebuychips="0" reg_code="5088834548"/>
</players>
</general>
<round no="0"><action no="1" player="Thechosenoonee" type="15" discard="1" dealt="1" sum="5"/>
<action no="2" player="M1ky3ste92" type="15" sum="5"/>
<action no="3" player="Thechosenoonee" type="1" discard="1" dealt="1" sum="30"/>
<action no="4" player="M1ky3ste92" type="2" sum="60"/>
</round>
<round no="1"><cards type="Pocket" player="Thechosenoonee">X X</cards>
<cards type="Pocket" player="M1ky3ste92">S9 C3</cards>
<action no="5" player="Thechosenoonee" type="3" discard="1" dealt="1" sum="30"/>
<action no="6" player="M1ky3ste92" type="4" sum="0"/>
</round>
<round no="2"><cards type="Flop">S5 H4 H6</cards>
<action no="7" player="M1ky3ste92" type="4" sum="0"/>
<action no="8" player="Thechosenoonee" type="4" discard="1" dealt="1" sum="0"/>
</round>
<round no="3"><cards type="Turn">D2</cards>
<action no="9" player="M1ky3ste92" type="5" sum="60"/>
<action no="10" player="Thechosenoonee" type="3" discard="1" dealt="1" sum="60"/>
</round>
<round no="4"><cards type="River">CK</cards>
<action no="11" player="M1ky3ste92" type="5" sum="175"/>
<action no="12" player="Thechosenoonee" type="0" discard="1" dealt="1" sum="0"/>
</round>
</game>
<game gamecode="6592551900"><general>
<startdate>2026-01-12 22:37:44</startdate>
<round>1</round>
<failsafecounter/>
<players><player seat="3" name="Thechosenoonee" chips="470" dealer="0" win="0" bet="470" muck="0" rebuy="0" addon="0" merge="0" rebuychips="0" reg_code="5088834548"/>
<player seat="6" name="M1ky3ste92" chips="1,030" dealer="1" win="940" bet="1,030" muck="0" rebuy="0" addon="0" merge="0" rebuychips="0" reg_code="5088834635"/>
</players>
</general>
<round no="0"><action no="1" player="M1ky3ste92" type="15" sum="5"/>
<action no="2" player="Thechosenoonee" type="15" discard="1" dealt="1" sum="5"/>
<action no="3" player="M1ky3ste92" type="1" sum="30"/>
<action no="4" player="Thechosenoonee" type="2" discard="1" dealt="1" sum="60"/>
</round>
<round no="1"><cards type="Pocket" player="M1ky3ste92">DQ C10</cards>
<cards type="Pocket" player="Thechosenoonee">CK D7</cards>
<action no="5" player="M1ky3ste92" type="23" sum="1,025"/>
<action no="6" player="Thechosenoonee" type="7" discard="1" dealt="1" sum="405"/>
</round>
<round no="2"><cards type="Flop">CQ SQ C6</cards>
</round>
<round no="3"><cards type="Turn">C2</cards>
</round>
<round no="4"><cards type="River">D8</cards>
</round>
</game>
</session>
