<?xml version="1.0" encoding="UTF-8"?>
<session sessioncode="5088929677">
<general>
<client_version>24.7.1.18</client_version>
<mode>real</mode>
<gametype>Holdem NL</gametype>
<tablename>Twister €100 SNG, 826335771</tablename>
<tournamentcode>826335769</tournamentcode>
<tournamentname>Twister €100 SNG</tournamentname>
<buyin>€0 + €7 + €93</buyin>
<totalbuyin>€100</totalbuyin>
<rewarddrawn>€300</rewarddrawn>
<tournamentcurrency>EUR</tournamentcurrency>
<currency>EUR</currency>
<nickname>M1ky3ste92</nickname>
<gamecount>20</gamecount>
<startdate>2026-01-13 10:04:02</startdate>
<place>1</place>
<win>€300</win>
<tablesize>3</tablesize>
</general>
<game gamecode="6592976907"><general>
<startdate>2026-01-13 10:04:17</startdate>
<round>1</round>
<failsafecounter/>
<players><player seat="10" name="M1ky3ste92" chips="500" dealer="0" win="0" bet="20" muck="1" rebuy="0" addon="0" merge="0" rebuychips="0" reg_code="5088929677"/>
<player seat="3" name="xiuder0nn17" chips="500" dealer="1" win="0" bet="0" muck="1" rebuy="0" addon="0" merge="0" rebuychips="0" reg_code="5088929600"/>
<player seat="6" name="Ankalaev" chips="500" dealer="0" win="40" bet="50" muck="1" rebuy="0" addon="0" merge="0" rebuychips="0" reg_code="5088929643"/>
</players>
</general>
<round no="0"><action no="1" player="Ankalaev" type="1" discard="1" dealt="1" sum="10"/>
<action no="2" player="M1ky3ste92" type="2" sum="20"/>
</round>
<round no="1"><cards type="Pocket" player="xiuder0nn17">X X</cards>
<cards type="Pocket" player="Ankalaev">X X</cards>
<cards type="Pocket" player="M1ky3ste92">C2 DQ</cards>
<action no="3" player="xiuder0nn17" type="0" discard="1" dealt="1" sum="0"/>
<action no="4" player="Ankalaev" type="23" discard="1" dealt="1" sum="50"/>
<action no="5" player="M1ky3ste92" type="0" sum="0"/>
</round>
</game>
<game gamecode="6592976949"><general>
<startdate>2026-01-13 10:04:29</startdate>
<round>1</round>
<failsafecounter/>
<players><player seat="3" name="xiuder0nn17" chips="500" dealer="0" win="20" bet="20" muck="1" rebuy="0" addon="0" merge="0" rebuychips="0" reg_code="5088929600"/>
<player seat="6" name="Ankalaev" chips="520" dealer="1" win="0" bet="0" muck="1" rebuy="0" addon="0" merge="0" rebuychips="0" reg_code="5088929643"/>
<player seat="10" name="M1ky3ste92" chips="480" dealer="0" win="0" bet="10" muck="1" rebuy="0" addon="0" merge="0" rebuychips="0" reg_code="5088929677"/>
</players>
</general>
<round no="0"><action no="1" player="M1ky3ste92" type="1" sum="10"/>
<action no="2" player="xiuder0nn17" type="2" discard="1" dealt="1" sum="20"/>
</round>
<round no="1"><cards type="Pocket" player="M1ky3ste92">D7 H4</cards>
<cards type="Pocket" player="Ankalaev">X X</cards>
<cards type="Pocket" player="xiuder0nn17">X X</cards>
<action no="3" player="Ankalaev" type="0" discard="1" dealt="1" sum="0"/>
<action no="4" player="M1ky3ste92" type="0" sum="0"/>
</round>
</game>
<game gamecode="6592976972"><general>
<startdate>2026-01-13 10:04:36</startdate>
<round>1</round>
<failsafecounter/>
<players><player seat="6" name="Ankalaev" chips="520" dealer="0" win="0" bet="54" muck="1" rebuy="0" addon="0" merge="0" rebuychips="0" reg_code="5088929643"/>
<player seat="10" name="M1ky3ste92" chips="470" dealer="1" win="0" bet="0" muck="1" rebuy="0" addon="0" merge="0" rebuychips="0" reg_code="5088929677"/>
<player seat="3" name="xiuder0nn17" chips="510" dealer="0" win="108" bet="81" muck="1" rebuy="0" addon="0" merge="0" rebuychips="0" reg_code="5088929600"/>
</players>
</general>
<round no="0"><action no="1" player="xiuder0nn17" type="1" discard="1" dealt="1" sum="10"/>
<action no="2" player="Ankalaev" type="2" discard="1" dealt="1" sum="20"/>
</round>
<round no="1"><cards type="Pocket" player="Ankalaev">X X</cards>
<cards type="Pocket" player="xiuder0nn17">X X</cards>
<cards type="Pocket" player="M1ky3ste92">SK D8</cards>
<action no="3" player="M1ky3ste92" type="0" sum="0"/>
<action no="4" player="xiuder0nn17" type="23" discard="1" dealt="1" sum="54"/>
<action no="5" player="Ankalaev" type="3" discard="1" dealt="1" sum="34"/>
</round>
<round no="2"><cards type="Flop">C4 H10 HA</cards>
<action no="6" player="xiuder0nn17" type="5" discard="1" dealt="1" sum="27"/>
<action no="7" player="Ankalaev" type="0" discard="1" dealt="1" sum="0"/>
</round>
</game>
<game gamecode="6592979392"><general>
<startdate>2026-01-13 10:04:54</startdate>
<round>1</round>
<failsafecounter/>
<players><player seat="10" name="M1ky3ste92" chips="470" dealer="0" win="0" bet="20" muck="1" rebuy="0" addon="0" merge="0" rebuychips="0" reg_code="5088929677"/>
<player seat="3" name="xiuder0nn17" chips="564" dealer="1" win="0" bet="0" muck="1" rebuy="0" addon="0" merge="0" rebuychips="0" reg_code="5088929600"/>
<player seat="6" name="Ankalaev" chips="466" dealer="0" win="40" bet="47" muck="1" rebuy="0" addon="0" merge="0" rebuychips="0" reg_code="5088929643"/>
</players>
</general>
<round no="0"><action no="1" player="Ankalaev" type="1" discard="1" dealt="1" sum="10"/>
<action no="2" player="M1ky3ste92" type="2" sum="20"/>
</round>
<round no="1"><cards type="Pocket" player="Ankalaev">X X</cards>
<cards type="Pocket" player="M1ky3ste92">S4 DQ</cards>
<cards type="Pocket" player="xiuder0nn17">X X</cards>
<action no="3" player="xiuder0nn17" type="0" discard="1" dealt="1" sum="0"/>
<action no="4" player="Ankalaev" type="3" discard="1" dealt="1" sum="10"/>
<action no="5" player="M1ky3ste92" type="4" sum="0"/>
</round>
<round no="2"><cards type="Flop">C3 D5 H3</cards>
<action no="6" player="Ankalaev" type="4" discard="1" dealt="1" sum="0"/>
<action no="7" player="M1ky3ste92" type="4" sum="0"/>
</round>
<round no="3"><cards type="Turn">DJ</cards>
<action no="8" player="Ankalaev" type="4" discard="1" dealt="1" sum="0"/>
<action no="9" player="M1ky3ste92" type="4" sum="0"/>
</round>
<round no="4"><cards type="River">H9</cards>
<action no="10" player="Ankalaev" type="5" discard="1" dealt="1" sum="27"/>
<action no="11" player="M1ky3ste92" type="0" sum="0"/>
</round>
</game>
<game gamecode="6592979479"><general>
<startdate>2026-01-13 10:05:18</startdate>
<round>1</round>
<failsafecounter/>
<players><player seat="3" name="xiuder0nn17" chips="564" dealer="0" win="20" bet="20" muck="1" rebuy="0" addon="0" merge="0" rebuychips="0" reg_code="5088929600"/>
<player seat="6" name="Ankalaev" chips="486" dealer="1" win="0" bet="0" muck="1" rebuy="0" addon="0" merge="0" rebuychips="0" reg_code="5088929643"/>
<player seat="10" name="M1ky3ste92" chips="450" dealer="0" win="0" bet="10" muck="1" rebuy="0" addon="0" merge="0" rebuychips="0" reg_code="5088929677"/>
</players>
</general>
<round no="0"><action no="1" player="M1ky3ste92" type="1" sum="10"/>
<action no="2" player="xiuder0nn17" type="2" discard="1" dealt="1" sum="20"/>
</round>
<round no="1"><cards type="Pocket" player="Ankalaev">X X</cards>
<cards type="Pocket" player="M1ky3ste92">D10 C2</cards>
<cards type="Pocket" player="xiuder0nn17">X X</cards>
<action no="3" player="Ankalaev" type="0" discard="1" dealt="1" sum="0"/>
<action no="4" player="M1ky3ste92" type="0" sum="0"/>
</round>
</game>
<game gamecode="6592979497"><general>
<startdate>2026-01-13 10:05:24</startdate>
<round>1</round>
<failsafecounter/>
<players><player seat="6" name="Ankalaev" chips="486" dealer="0" win="0" bet="20" muck="1" rebuy="0" addon="0" merge="0" rebuychips="0" reg_code="5088929643"/>
<player seat="10" name="M1ky3ste92" chips="440" dealer="1" win="0" bet="0" muck="1" rebuy="0" addon="0" merge="0" rebuychips="0" reg_code="5088929677"/>
<player seat="3" name="xiuder0nn17" chips="574" dealer="0" win="40" bet="54" muck="1" rebuy="0" addon="0" merge="0" rebuychips="0" reg_code="5088929600"/>
</players>
</general>
<round no="0"><action no="1" player="xiuder0nn17" type="1" discard="1" dealt="1" sum="10"/>
<action no="2" player="Ankalaev" type="2" discard="1" dealt="1" sum="20"/>
</round>
<round no="1"><cards type="Pocket" player="Ankalaev">X X</cards>
<cards type="Pocket" player="xiuder0nn17">X X</cards>
<cards type="Pocket" player="M1ky3ste92">H7 CQ</cards>
<action no="3" player="M1ky3ste92" type="0" sum="0"/>
<action no="4" player="xiuder0nn17" type="23" discard="1" dealt="1" sum="54"/>
<action no="5" player="Ankalaev" type="0" discard="1" dealt="1" sum="0"/>
</round>
</game>
<game gamecode="6592979527"><general>
<startdate>2026-01-13 10:05:35</startdate>
<round>1</round>
<failsafecounter/>
<players><player seat="10" name="M1ky3ste92" chips="440" dealer="0" win="0" bet="20" muck="1" rebuy="0" addon="0" merge="0" rebuychips="0" reg_code="5088929677"/>
<player seat="3" name="xiuder0nn17" chips="594" dealer="1" win="0" bet="0" muck="1" rebuy="0" addon="0" merge="0" rebuychips="0" reg_code="5088929600"/>
<player seat="6" name="Ankalaev" chips="466" dealer="0" win="40" bet="50" muck="1" rebuy="0" addon="0" merge="0" rebuychips="0" reg_code="5088929643"/>
</players>
</general>
<round no="0"><action no="1" player="Ankalaev" type="1" discard="1" dealt="1" sum="10"/>
<action no="2" player="M1ky3ste92" type="2" sum="20"/>
</round>
<round no="1"><cards type="Pocket" player="M1ky3ste92">SK H2</cards>
<cards type="Pocket" player="xiuder0nn17">X X</cards>
<cards type="Pocket" player="Ankalaev">X X</cards>
<action no="3" player="xiuder0nn17" type="0" discard="1" dealt="1" sum="0"/>
<action no="4" player="Ankalaev" type="23" discard="1" dealt="1" sum="50"/>
<action no="5" player="M1ky3ste92" type="0" sum="0"/>
</round>
</game>
<game gamecode="6592979568"><general>
<startdate>2026-01-13 10:05:45</startdate>
<round>1</round>
<failsafecounter/>
<players><player seat="3" name="xiuder0nn17" chips="594" dealer="0" win="20" bet="20" muck="1" rebuy="0" addon="0" merge="0" rebuychips="0" reg_code="5088929600"/>
<player seat="6" name="Ankalaev" chips="486" dealer="1" win="0" bet="0" muck="1" rebuy="0" addon="0" merge="0" rebuychips="0" reg_code="5088929643"/>
<player seat="10" name="M1ky3ste92" chips="420" dealer="0" win="0" bet="10" muck="1" rebuy="0" addon="0" merge="0" rebuychips="0" reg_code="5088929677"/>
</players>
</general>
<round no="0"><action no="1" player="M1ky3ste92" type="1" sum="10"/>
<action no="2" player="xiuder0nn17" type="2" discard="1" dealt="1" sum="20"/>
</round>
<round no="1"><cards type="Pocket" player="xiuder0nn17">X X</cards>
<cards type="Pocket" player="M1ky3ste92">S6 H4</cards>
<cards type="Pocket" player="Ankalaev">X X</cards>
<action no="3" player="Ankalaev" type="0" discard="1" dealt="1" sum="0"/>
<action no="4" player="M1ky3ste92" type="0" sum="0"/>
</round>
</game>
<game gamecode="6592979597"><general>
<startdate>2026-01-13 10:05:53</startdate>
<round>1</round>
<failsafecounter/>
<players><player seat="6" name="Ankalaev" chips="486" dealer="0" win="0" bet="20" muck="1" rebuy="0" addon="0" merge="0" rebuychips="0" reg_code="5088929643"/>
<player seat="10" name="M1ky3ste92" chips="410" dealer="1" win="50" bet="40" muck="1" rebuy="0" addon="0" merge="0" rebuychips="0" reg_code="5088929677"/>
<player seat="3" name="xiuder0nn17" chips="604" dealer="0" win="0" bet="10" muck="1" rebuy="0" addon="0" merge="0" rebuychips="0" reg_code="5088929600"/>
</players>
</general>
<round no="0"><action no="1" player="xiuder0nn17" type="1" discard="1" dealt="1" sum="10"/>
<action no="2" player="Ankalaev" type="2" discard="1" dealt="1" sum="20"/>
</round>
<round no="1"><cards type="Pocket" player="xiuder0nn17">X X</cards>
<cards type="Pocket" player="M1ky3ste92">C8 CA</cards>
<cards type="Pocket" player="Ankalaev">X X</cards>
<action no="3" player="M1ky3ste92" type="23" sum="40"/>
<action no="4" player="xiuder0nn17" type="0" discard="1" dealt="1" sum="0"/>
<action no="5" player="Ankalaev" type="0" discard="1" dealt="1" sum="0"/>
</round>
</game>
<game gamecode="6592979664"><general>
<startdate>2026-01-13 10:06:11</startdate>
<round>1</round>
<failsafecounter/>
<players><player seat="10" name="M1ky3ste92" chips="440" dealer="0" win="75" bet="125" muck="1" rebuy="0" addon="0" merge="0" rebuychips="0" reg_code="5088929677"/>
<player seat="3" name="xiuder0nn17" chips="594" dealer="1" win="0" bet="5" muck="1" rebuy="0" addon="0" merge="0" rebuychips="0" reg_code="5088929600"/>
<player seat="6" name="Ankalaev" chips="466" dealer="0" win="0" bet="35" muck="1" rebuy="0" addon="0" merge="0" rebuychips="0" reg_code="5088929643"/>
</players>
</general>
<round no="0"><action no="1" player="Ankalaev" type="15" discard="1" dealt="1" sum="5"/>
<action no="2" player="M1ky3ste92" type="15" sum="5"/>
<action no="3" player="xiuder0nn17" type="15" discard="1" dealt="1" sum="5"/>
<action no="4" player="Ankalaev" type="1" discard="1" dealt="1" sum="15"/>
<action no="5" player="M1ky3ste92" type="2" sum="30"/>
</round>
<round no="1"><cards type="Pocket" player="Ankalaev">X X</cards>
<cards type="Pocket" player="M1ky3ste92">CA D10</cards>
<cards type="Pocket" player="xiuder0nn17">X X</cards>
<action no="6" player="xiuder0nn17" type="0" discard="1" dealt="1" sum="0"/>
<action no="7" player="Ankalaev" type="3" discard="1" dealt="1" sum="15"/>
<action no="8" player="M1ky3ste92" type="23" sum="120"/>
<action no="9" player="Ankalaev" type="0" discard="1" dealt="1" sum="0"/>
</round>
</game>
<game gamecode="6592979704"><general>
<startdate>2026-01-13 10:06:23</startdate>
<round>1</round>
<failsafecounter/>
<players><player seat="3" name="xiuder0nn17" chips="589" dealer="0" win="0" bet="35" muck="1" rebuy="0" addon="0" merge="0" rebuychips="0" reg_code="5088929600"/>
<player seat="6" name="Ankalaev" chips="431" dealer="1" win="90" bet="65" muck="1" rebuy="0" addon="0" merge="0" rebuychips="0" reg_code="5088929643"/>
<player seat="10" name="M1ky3ste92" chips="480" dealer="0" win="0" bet="20" muck="1" rebuy="0" addon="0" merge="0" rebuychips="0" reg_code="5088929677"/>
</players>
</general>
<round no="0"><action no="1" player="M1ky3ste92" type="15" sum="5"/>
<action no="2" player="xiuder0nn17" type="15" discard="1" dealt="1" sum="5"/>
<action no="3" player="Ankalaev" type="15" discard="1" dealt="1" sum="5"/>
<action no="4" player="M1ky3ste92" type="1" sum="15"/>
<action no="5" player="xiuder0nn17" type="2" discard="1" dealt="1" sum="30"/>
</round>
<round no="1"><cards type="Pocket" player="xiuder0nn17">X X</cards>
<cards type="Pocket" player="Ankalaev">X X</cards>
<cards type="Pocket" player="M1ky3ste92">DK H5</cards>
<action no="6" player="Ankalaev" type="23" discard="1" dealt="1" sum="60"/>
<action no="7" player="M1ky3ste92" type="0" sum="0"/>
<action no="8" player="xiuder0nn17" type="0" discard="1" dealt="1" sum="0"/>
</round>
</game>
<game gamecode="6592979765"><general>
<startdate>2026-01-13 10:06:40</startdate>
<round>1</round>
<failsafecounter/>
<players><player seat="6" name="Ankalaev" chips="486" dealer="0" win="0" bet="65" muck="1" rebuy="0" addon="0" merge="0" rebuychips="0" reg_code="5088929643"/>
<player seat="10" name="M1ky3ste92" chips="460" dealer="1" win="150" bet="110" muck="1" rebuy="0" addon="0" merge="0" rebuychips="0" reg_code="5088929677"/>
<player seat="3" name="xiuder0nn17" chips="554" dealer="0" win="0" bet="20" muck="1" rebuy="0" addon="0" merge="0" rebuychips="0" reg_code="5088929600"/>
</players>
</general>
<round no="0"><action no="1" player="xiuder0nn17" type="15" discard="1" dealt="1" sum="5"/>
<action no="2" player="Ankalaev" type="15" discard="1" dealt="1" sum="5"/>
<action no="3" player="M1ky3ste92" type="15" sum="5"/>
<action no="4" player="xiuder0nn17" type="1" discard="1" dealt="1" sum="15"/>
<action no="5" player="Ankalaev" type="2" discard="1" dealt="1" sum="30"/>
</round>
<round no="1"><cards type="Pocket" player="xiuder0nn17">X X</cards>
<cards type="Pocket" player="M1ky3ste92">SA SQ</cards>
<cards type="Pocket" player="Ankalaev">X X</cards>
<action no="6" player="M1ky3ste92" type="23" sum="60"/>
<action no="7" player="xiuder0nn17" type="0" discard="1" dealt="1" sum="0"/>
<action no="8" player="Ankalaev" type="3" discard="1" dealt="1" sum="30"/>
</round>
<round no="2"><cards type="Flop">HA H9 D3</cards>
<action no="9" player="Ankalaev" type="4" discard="1" dealt="1" sum="0"/>
<action no="10" player="M1ky3ste92" type="5" sum="45"/>
<action no="11" player="Ankalaev" type="0" discard="1" dealt="1" sum="0"/>
</round>
</game>
<game gamecode="6592979849"><general>
<startdate>2026-01-13 10:07:06</startdate>
<round>1</round>
<failsafecounter/>
<players><player seat="10" name="M1ky3ste92" chips="545" dealer="0" win="45" bet="35" muck="1" rebuy="0" addon="0" merge="0" rebuychips="0" reg_code="5088929677"/>
<player seat="3" name="xiuder0nn17" chips="534" dealer="1" win="0" bet="5" muck="1" rebuy="0" addon="0" merge="0" rebuychips="0" reg_code="5088929600"/>
<player seat="6" name="Ankalaev" chips="421" dealer="0" win="0" bet="20" muck="1" rebuy="0" addon="0" merge="0" rebuychips="0" reg_code="5088929643"/>
</players>
</general>
<round no="0"><action no="1" player="Ankalaev" type="15" discard="1" dealt="1" sum="5"/>
<action no="2" player="M1ky3ste92" type="15" sum="5"/>
<action no="3" player="xiuder0nn17" type="15" discard="1" dealt="1" sum="5"/>
<action no="4" player="Ankalaev" type="1" discard="1" dealt="1" sum="15"/>
<action no="5" player="M1ky3ste92" type="2" sum="30"/>
</round>
<round no="1"><cards type="Pocket" player="M1ky3ste92">SA H5</cards>
<cards type="Pocket" player="xiuder0nn17">X X</cards>
<cards type="Pocket" player="Ankalaev">X X</cards>
<action no="6" player="xiuder0nn17" type="0" discard="1" dealt="1" sum="0"/>
<action no="7" player="Ankalaev" type="0" discard="1" dealt="1" sum="0"/>
</round>
</game>
<game gamecode="6592979884"><general>
<startdate>2026-01-13 10:07:18</startdate>
<round>1</round>
<failsafecounter/>
<players><player seat="3" name="xiuder0nn17" chips="529" dealer="0" win="45" bet="35" muck="1" rebuy="0" addon="0" merge="0" rebuychips="0" reg_code="5088929600"/>
<player seat="6" name="Ankalaev" chips="401" dealer="1" win="0" bet="5" muck="1" rebuy="0" addon="0" merge="0" rebuychips="0" reg_code="5088929643"/>
<player seat="10" name="M1ky3ste92" chips="570" dealer="0" win="0" bet="20" muck="1" rebuy="0" addon="0" merge="0" rebuychips="0" reg_code="5088929677"/>
</players>
</general>
<round no="0"><action no="1" player="M1ky3ste92" type="15" sum="5"/>
<action no="2" player="xiuder0nn17" type="15" discard="1" dealt="1" sum="5"/>
<action no="3" player="Ankalaev" type="15" discard="1" dealt="1" sum="5"/>
<action no="4" player="M1ky3ste92" type="1" sum="15"/>
<action no="5" player="xiuder0nn17" type="2" discard="1" dealt="1" sum="30"/>
</round>
<round no="1"><cards type="Pocket" player="xiuder0nn17">X X</cards>
<cards type="Pocket" player="M1ky3ste92">D4 C2</cards>
<cards type="Pocket" player="Ankalaev">X X</cards>
<action no="6" player="Ankalaev" type="0" discard="1" dealt="1" sum="0"/>
<action no="7" player="M1ky3ste92" type="0" sum="0"/>
</round>
</game>
<game gamecode="6592979906"><general>
<startdate>2026-01-13 10:07:25</startdate>
<round>1</round>
<failsafecounter/>
<players><player seat="6" name="Ankalaev" chips="396" dealer="0" win="0" bet="35" muck="1" rebuy="0" addon="0" merge="0" rebuychips="0" reg_code="5088929643"/>
<player seat="10" name="M1ky3ste92" chips="550" dealer="1" win="90" bet="550" muck="1" rebuy="0" addon="0" merge="0" rebuychips="0" reg_code="5088929677"/>
<player seat="3" name="xiuder0nn17" chips="554" dealer="0" win="0" bet="20" muck="1" rebuy="0" addon="0" merge="0" rebuychips="0" reg_code="5088929600"/>
</players>
</general>
<round no="0"><action no="1" player="xiuder0nn17" type="15" discard="1" dealt="1" sum="5"/>
<action no="2" player="Ankalaev" type="15" discard="1" dealt="1" sum="5"/>
<action no="3" player="M1ky3ste92" type="15" sum="5"/>
<action no="4" player="xiuder0nn17" type="1" discard="1" dealt="1" sum="15"/>
<action no="5" player="Ankalaev" type="2" discard="1" dealt="1" sum="30"/>
</round>
<round no="1"><cards type="Pocket" player="M1ky3ste92">SJ CK</cards>
<cards type="Pocket" player="xiuder0nn17">X X</cards>
<cards type="Pocket" player="Ankalaev">X X</cards>
<action no="6" player="M1ky3ste92" type="23" sum="545"/>
<action no="7" player="xiuder0nn17" type="0" discard="1" dealt="1" sum="0"/>
<action no="8" player="Ankalaev" type="0" discard="1" dealt="1" sum="0"/>
</round>
</game>
<game gamecode="6592979935"><general>
<startdate>2026-01-13 10:07:35</startdate>
<round>1</round>
<failsafecounter/>
<players><player seat="10" name="M1ky3ste92" chips="605" dealer="0" win="0" bet="65" muck="1" rebuy="0" addon="0" merge="0" rebuychips="0" reg_code="5088929677"/>
<player seat="3" name="xiuder0nn17" chips="534" dealer="1" win="150" bet="103" muck="1" rebuy="0" addon="0" merge="0" rebuychips="0" reg_code="5088929600"/>
<player seat="6" name="Ankalaev" chips="361" dealer="0" win="0" bet="20" muck="1" rebuy="0" addon="0" merge="0" rebuychips="0" reg_code="5088929643"/>
</players>
</general>
<round no="0"><action no="1" player="Ankalaev" type="15" discard="1" dealt="1" sum="5"/>
<action no="2" player="M1ky3ste92" type="15" sum="5"/>
<action no="3" player="xiuder0nn17" type="15" discard="1" dealt="1" sum="5"/>
<action no="4" player="Ankalaev" type="1" discard="1" dealt="1" sum="15"/>
<action no="5" player="M1ky3ste92" type="2" sum="30"/>
</round>
<round no="1"><cards type="Pocket" player="M1ky3ste92">C2 SA</cards>
<cards type="Pocket" player="xiuder0nn17">X X</cards>
<cards type="Pocket" player="Ankalaev">X X</cards>
<action no="6" player="xiuder0nn17" type="23" discard="1" dealt="1" sum="60"/>
<action no="7" player="Ankalaev" type="0" discard="1" dealt="1" sum="0"/>
<action no="8" player="M1ky3ste92" type="3" sum="30"/>
</round>
<round no="2"><cards type="Flop">H8 CQ CK</cards>
<action no="9" player="M1ky3ste92" type="4" sum="0"/>
<action no="10" player="xiuder0nn17" type="5" discard="1" dealt="1" sum="38"/>
<action no="11" player="M1ky3ste92" type="0" sum="0"/>
</round>
</game>
<game gamecode="6592979977"><general>
<startdate>2026-01-13 10:07:51</startdate>
<round>1</round>
<failsafecounter/>
<players><player seat="3" name="xiuder0nn17" chips="619" dealer="0" win="0" bet="619" muck="0" rebuy="0" addon="0" merge="0" rebuychips="0" reg_code="5088929600"/>
<player seat="6" name="Ankalaev" chips="341" dealer="1" win="0" bet="5" muck="1" rebuy="0" addon="0" merge="0" rebuychips="0" reg_code="5088929643"/>
<player seat="10" name="M1ky3ste92" chips="540" dealer="0" win="1,085" bet="540" muck="0" rebuy="0" addon="0" merge="0" rebuychips="0" reg_code="5088929677"/>
</players>
</general>
<round no="0"><action no="1" player="M1ky3ste92" type="15" sum="5"/>
<action no="2" player="xiuder0nn17" type="15" discard="1" dealt="1" sum="5"/>
<action no="3" player="Ankalaev" type="15" discard="1" dealt="1" sum="5"/>
<action no="4" player="M1ky3ste92" type="1" sum="20"/>
<action no="5" player="xiuder0nn17" type="2" discard="1" dealt="1" sum="40"/>
</round>
<round no="1"><cards type="Pocket" player="M1ky3ste92">HJ CA</cards>
<cards type="Pocket" player="Ankalaev">X X</cards>
<cards type="Pocket" player="xiuder0nn17">H6 S6</cards>
<action no="6" player="Ankalaev" type="0" discard="1" dealt="1" sum="0"/>
<action no="7" player="M1ky3ste92" type="3" sum="20"/>
<action no="8" player="xiuder0nn17" type="23" discard="1" dealt="1" sum="614"/>
<action no="9" player="M1ky3ste92" type="7" sum="495"/>
</round>
<round no="2"><cards type="Flop">SA HQ S2</cards>
</round>
<round no="3"><cards type="Turn">D5</cards>
</round>
<round no="4"><cards type="River">S10</cards>
</round>
</game>
<game gamecode="6592980020"><general>
<startdate>2026-01-13 10:08:09</startdate>
<round>1</round>
<failsafecounter/>
<players><player seat="6" name="Ankalaev" chips="336" dealer="0" win="0" bet="45" muck="1" rebuy="0" addon="0" merge="0" rebuychips="0" reg_code="5088929643"/>
<player seat="10" name="M1ky3ste92" chips="1,085" dealer="1" win="203" bet="1,085" muck="0" rebuy="0" addon="0" merge="0" rebuychips="0" reg_code="5088929677"/>
<player seat="3" name="xiuder0nn17" chips="79" dealer="0" win="0" bet="79" muck="1" rebuy="0" addon="0" merge="0" rebuychips="0" reg_code="5088929600"/>
</players>
</general>
<round no="0"><action no="1" player="xiuder0nn17" type="15" discard="1" dealt="1" sum="5"/>
<action no="2" player="Ankalaev" type="15" discard="1" dealt="1" sum="5"/>
<action no="3" player="M1ky3ste92" type="15" sum="5"/>
<action no="4" player="xiuder0nn17" type="1" discard="1" dealt="1" sum="20"/>
<action no="5" player="Ankalaev" type="2" discard="1" dealt="1" sum="40"/>
</round>
<round no="1"><cards type="Pocket" player="xiuder0nn17">DJ C3</cards>
<cards type="Pocket" player="M1ky3ste92">S9 HJ</cards>
<cards type="Pocket" player="Ankalaev">X X</cards>
<action no="6" player="M1ky3ste92" type="23" sum="1,080"/>
<action no="7" player="xiuder0nn17" type="7" discard="1" dealt="1" sum="54"/>
<action no="8" player="Ankalaev" type="0" discard="1" dealt="1" sum="0"/>
</round>
<round no="2"><cards type="Flop">C2 DA D9</cards>
</round>
<round no="3"><cards type="Turn">D10</cards>
</round>
<round no="4"><cards type="River">C6</cards>
</round>
</game>
<game gamecode="6592980047"><general>
<startdate>2026-01-13 10:08:27</startdate>
<round>1</round>
<failsafecounter/>
<players><player seat="10" name="M1ky3ste92" chips="1,209" dealer="0" win="50" bet="45" muck="1" rebuy="0" addon="0" merge="0" rebuychips="0" reg_code="5088929677"/>
<player seat="6" name="Ankalaev" chips="291" dealer="1" win="0" bet="25" muck="1" rebuy="0" addon="0" merge="0" rebuychips="0" reg_code="5088929643"/>
</players>
</general>
<round no="0"><action no="1" player="Ankalaev" type="15" discard="1" dealt="1" sum="5"/>
<action no="2" player="M1ky3ste92" type="15" sum="5"/>
<action no="3" player="Ankalaev" type="1" discard="1" dealt="1" sum="20"/>
<action no="4" player="M1ky3ste92" type="2" sum="40"/>
</round>
<round no="1"><cards type="Pocket" player="Ankalaev">X X</cards>
<cards type="Pocket" player="M1ky3ste92">S2 D9</cards>
<action no="5" player="Ankalaev" type="0" discard="1" dealt="1" sum="0"/>
</round>
</game>
<game gamecode="6592980066"><general>
<startdate>2026-01-13 10:08:35</startdate>
<round>1</round>
<failsafecounter/>
<players><player seat="6" name="Ankalaev" chips="266" dealer="0" win="0" bet="266" muck="0" rebuy="0" addon="0" merge="0" rebuychips="0" reg_code="5088929643"/>
<player seat="10" name="M1ky3ste92" chips="1,234" dealer="1" win="532" bet="1,234" muck="0" rebuy="0" addon="0" merge="0" rebuychips="0" reg_code="5088929677"/>
</players>
</general>
<round no="0"><action no="1" player="M1ky3ste92" type="15" sum="5"/>
<action no="2" player="Ankalaev" type="15" discard="1" dealt="1" sum="5"/>
<action no="3" player="M1ky3ste92" type="1" sum="20"/>
<action no="4" player="Ankalaev" type="2" discard="1" dealt="1" sum="40"/>
</round>
<round no="1"><cards type="Pocket" player="M1ky3ste92">CQ C9</cards>
<cards type="Pocket" player="Ankalaev">HQ H3</cards>
<action no="5" player="M1ky3ste92" type="23" sum="1,229"/>
<action no="6" player="Ankalaev" type="7" discard="1" dealt="1" sum="221"/>
</round>
<round no="2"><cards type="Flop">C6 H7 D7</cards>
</round>
<round no="3"><cards type="Turn">S2</cards>
</round>
<round no="4"><cards type="River">S8</cards>
</round>
</game>
</session>
