<?xml version="1.0" encoding="UTF-8"?>
<session sessioncode="5089137467">
<general>
<client_version>24.7.1.18</client_version>
<mode>real</mode>
<gametype>Holdem NL</gametype>
<tablename>Twister €100 SNG, 826396090</tablename>
<tournamentcode>826396088</tournamentcode>
<tournamentname>Twister €100 SNG</tournamentname>
<buyin>€0 + €7 + €93</buyin>
<totalbuyin>€100</totalbuyin>
<rewarddrawn>€400</rewarddrawn>
<tournamentcurrency>EUR</tournamentcurrency>
<currency>EUR</currency>
<nickname>M1ky3ste92</nickname>
<gamecount>42</gamecount>
<startdate>2026-01-13 23:01:17</startdate>
<place>2</place>
<win>€0</win>
<tablesize>3</tablesize>
</general>
<game gamecode="6593817655"><general>
<startdate>2026-01-13 23:01:33</startdate>
<round>1</round>
<failsafecounter/>
<players><player seat="10" name="M1ky3ste92" chips="500" dealer="0" win="0" bet="20" muck="1" rebuy="0" addon="0" merge="0" rebuychips="0" reg_code="5089137467"/>
<player seat="3" name="Tiuualex" chips="500" dealer="1" win="250" bet="310" muck="1" rebuy="0" addon="0" merge="0" rebuychips="0" reg_code="5089136960"/>
<player seat="6" name="Thechosenoonee" chips="500" dealer="0" win="0" bet="115" muck="1" rebuy="0" addon="0" merge="0" rebuychips="0" reg_code="5089137253"/>
</players>
</general>
<round no="0"><action no="1" player="Thechosenoonee" type="1" discard="1" dealt="1" sum="10"/>
<action no="2" player="M1ky3ste92" type="2" sum="20"/>
</round>
<round no="1"><cards type="Pocket" player="Tiuualex">X X</cards>
<cards type="Pocket" player="Thechosenoonee">X X</cards>
<cards type="Pocket" player="M1ky3ste92">D7 H2</cards>
<action no="3" player="Tiuualex" type="23" discard="1" dealt="1" sum="40"/>
<action no="4" player="Thechosenoonee" type="3" discard="1" dealt="1" sum="30"/>
<action no="5" player="M1ky3ste92" type="0" sum="0"/>
</round>
<round no="2"><cards type="Flop">HJ H3 SA</cards>
<action no="6" player="Thechosenoonee" type="4" discard="1" dealt="1" sum="0"/>
<action no="7" player="Tiuualex" type="4" discard="1" dealt="1" sum="0"/>
</round>
<round no="3"><cards type="Turn">DK</cards>
<action no="8" player="Thechosenoonee" type="4" discard="1" dealt="1" sum="0"/>
<action no="9" player="Tiuualex" type="4" discard="1" dealt="1" sum="0"/>
</round>
<round no="4"><cards type="River">D5</cards>
<action no="10" player="Thechosenoonee" type="5" discard="1" dealt="1" sum="75"/>
<action no="11" player="Tiuualex" type="23" discard="1" dealt="1" sum="270"/>
<action no="12" player="Thechosenoonee" type="0" discard="1" dealt="1" sum="0"/>
</round>
</game>
<game gamecode="6593822791"><general>
<startdate>2026-01-13 23:02:19</startdate>
<round>1</round>
<failsafecounter/>
<players><player seat="3" name="Tiuualex" chips="635" dealer="0" win="20" bet="20" muck="1" rebuy="0" addon="0" merge="0" rebuychips="0" reg_code="5089136960"/>
<player seat="6" name="Thechosenoonee" chips="385" dealer="1" win="0" bet="0" muck="1" rebuy="0" addon="0" merge="0" rebuychips="0" reg_code="5089137253"/>
<player seat="10" name="M1ky3ste92" chips="480" dealer="0" win="0" bet="10" muck="1" rebuy="0" addon="0" merge="0" rebuychips="0" reg_code="5089137467"/>
</players>
</general>
<round no="0"><action no="1" player="M1ky3ste92" type="1" sum="10"/>
<action no="2" player="Tiuualex" type="2" discard="1" dealt="1" sum="20"/>
</round>
<round no="1"><cards type="Pocket" player="Thechosenoonee">X X</cards>
<cards type="Pocket" player="M1ky3ste92">D10 C2</cards>
<cards type="Pocket" player="Tiuualex">X X</cards>
<action no="3" player="Thechosenoonee" type="0" discard="1" dealt="1" sum="0"/>
<action no="4" player="M1ky3ste92" type="0" sum="0"/>
</round>
</game>
<game gamecode="6593822827"><general>
<startdate>2026-01-13 23:02:26</startdate>
<round>1</round>
<failsafecounter/>
<players><player seat="6" name="Thechosenoonee" chips="385" dealer="0" win="0" bet="113" muck="1" rebuy="0" addon="0" merge="0" rebuychips="0" reg_code="5089137253"/>
<player seat="10" name="M1ky3ste92" chips="470" dealer="1" win="0" bet="0" muck="1" rebuy="0" addon="0" merge="0" rebuychips="0" reg_code="5089137467"/>
<player seat="3" name="Tiuualex" chips="645" dealer="0" win="226" bet="645" muck="1" rebuy="0" addon="0" merge="0" rebuychips="0" reg_code="5089136960"/>
</players>
</general>
<round no="0"><action no="1" player="Tiuualex" type="1" discard="1" dealt="1" sum="10"/>
<action no="2" player="Thechosenoonee" type="2" discard="1" dealt="1" sum="20"/>
</round>
<round no="1"><cards type="Pocket" player="Thechosenoonee">X X</cards>
<cards type="Pocket" player="M1ky3ste92">D4 C8</cards>
<cards type="Pocket" player="Tiuualex">X X</cards>
<action no="3" player="M1ky3ste92" type="0" sum="0"/>
<action no="4" player="Tiuualex" type="3" discard="1" dealt="1" sum="10"/>
<action no="5" player="Thechosenoonee" type="4" discard="1" dealt="1" sum="0"/>
</round>
<round no="2"><cards type="Flop">S2 D3 D6</cards>
<action no="6" player="Tiuualex" type="4" discard="1" dealt="1" sum="0"/>
<action no="7" player="Thechosenoonee" type="5" discard="1" dealt="1" sum="20"/>
<action no="8" player="Tiuualex" type="23" discard="1" dealt="1" sum="93"/>
<action no="9" player="Thechosenoonee" type="3" discard="1" dealt="1" sum="73"/>
</round>
<round no="3"><cards type="Turn">D9</cards>
<action no="10" player="Tiuualex" type="5" discard="1" dealt="1" sum="532"/>
<action no="11" player="Thechosenoonee" type="0" discard="1" dealt="1" sum="0"/>
</round>
</game>
<game gamecode="6593822989"><general>
<startdate>2026-01-13 23:03:00</startdate>
<round>1</round>
<failsafecounter/>
<players><player seat="10" name="M1ky3ste92" chips="470" dealer="0" win="0" bet="20" muck="1" rebuy="0" addon="0" merge="0" rebuychips="0" reg_code="5089137467"/>
<player seat="3" name="Tiuualex" chips="758" dealer="1" win="50" bet="40" muck="1" rebuy="0" addon="0" merge="0" rebuychips="0" reg_code="5089136960"/>
<player seat="6" name="Thechosenoonee" chips="272" dealer="0" win="0" bet="10" muck="1" rebuy="0" addon="0" merge="0" rebuychips="0" reg_code="5089137253"/>
</players>
</general>
<round no="0"><action no="1" player="Thechosenoonee" type="1" discard="1" dealt="1" sum="10"/>
<action no="2" player="M1ky3ste92" type="2" sum="20"/>
</round>
<round no="1"><cards type="Pocket" player="M1ky3ste92">D2 S9</cards>
<cards type="Pocket" player="Thechosenoonee">X X</cards>
<cards type="Pocket" player="Tiuualex">X X</cards>
<action no="3" player="Tiuualex" type="23" discard="1" dealt="1" sum="40"/>
<action no="4" player="Thechosenoonee" type="0" discard="1" dealt="1" sum="0"/>
<action no="5" player="M1ky3ste92" type="0" sum="0"/>
</round>
</game>
<game gamecode="6593823063"><general>
<startdate>2026-01-13 23:03:17</startdate>
<round>1</round>
<failsafecounter/>
<players><player seat="3" name="Tiuualex" chips="788" dealer="0" win="40" bet="50" muck="1" rebuy="0" addon="0" merge="0" rebuychips="0" reg_code="5089136960"/>
<player seat="6" name="Thechosenoonee" chips="262" dealer="1" win="0" bet="0" muck="1" rebuy="0" addon="0" merge="0" rebuychips="0" reg_code="5089137253"/>
<player seat="10" name="M1ky3ste92" chips="450" dealer="0" win="0" bet="20" muck="1" rebuy="0" addon="0" merge="0" rebuychips="0" reg_code="5089137467"/>
</players>
</general>
<round no="0"><action no="1" player="M1ky3ste92" type="1" sum="10"/>
<action no="2" player="Tiuualex" type="2" discard="1" dealt="1" sum="20"/>
</round>
<round no="1"><cards type="Pocket" player="M1ky3ste92">SQ H6</cards>
<cards type="Pocket" player="Thechosenoonee">X X</cards>
<cards type="Pocket" player="Tiuualex">X X</cards>
<action no="3" player="Thechosenoonee" type="0" discard="1" dealt="1" sum="0"/>
<action no="4" player="M1ky3ste92" type="3" sum="10"/>
<action no="5" player="Tiuualex" type="23" discard="1" dealt="1" sum="50"/>
<action no="6" player="M1ky3ste92" type="0" sum="0"/>
</round>
</game>
<game gamecode="6593823119"><general>
<startdate>2026-01-13 23:03:28</startdate>
<round>1</round>
<failsafecounter/>
<players><player seat="6" name="Thechosenoonee" chips="262" dealer="0" win="0" bet="20" muck="1" rebuy="0" addon="0" merge="0" rebuychips="0" reg_code="5089137253"/>
<player seat="10" name="M1ky3ste92" chips="430" dealer="1" win="0" bet="0" muck="1" rebuy="0" addon="0" merge="0" rebuychips="0" reg_code="5089137467"/>
<player seat="3" name="Tiuualex" chips="808" dealer="0" win="40" bet="40" muck="1" rebuy="0" addon="0" merge="0" rebuychips="0" reg_code="5089136960"/>
</players>
</general>
<round no="0"><action no="1" player="Tiuualex" type="1" discard="1" dealt="1" sum="10"/>
<action no="2" player="Thechosenoonee" type="2" discard="1" dealt="1" sum="20"/>
</round>
<round no="1"><cards type="Pocket" player="Tiuualex">X X</cards>
<cards type="Pocket" player="M1ky3ste92">D3 HJ</cards>
<cards type="Pocket" player="Thechosenoonee">X X</cards>
<action no="3" player="M1ky3ste92" type="0" sum="0"/>
<action no="4" player="Tiuualex" type="23" discard="1" dealt="1" sum="40"/>
<action no="5" player="Thechosenoonee" type="0" discard="1" dealt="1" sum="0"/>
</round>
</game>
<game gamecode="6593823162"><general>
<startdate>2026-01-13 23:03:38</startdate>
<round>1</round>
<failsafecounter/>
<players><player seat="10" name="M1ky3ste92" chips="430" dealer="0" win="0" bet="35" muck="1" rebuy="0" addon="0" merge="0" rebuychips="0" reg_code="5089137467"/>
<player seat="3" name="Tiuualex" chips="828" dealer="1" win="90" bet="828" muck="1" rebuy="0" addon="0" merge="0" rebuychips="0" reg_code="5089136960"/>
<player seat="6" name="Thechosenoonee" chips="242" dealer="0" win="0" bet="20" muck="1" rebuy="0" addon="0" merge="0" rebuychips="0" reg_code="5089137253"/>
</players>
</general>
<round no="0"><action no="1" player="Thechosenoonee" type="15" discard="1" dealt="1" sum="5"/>
<action no="2" player="M1ky3ste92" type="15" sum="5"/>
<action no="3" player="Tiuualex" type="15" discard="1" dealt="1" sum="5"/>
<action no="4" player="Thechosenoonee" type="1" discard="1" dealt="1" sum="15"/>
<action no="5" player="M1ky3ste92" type="2" sum="30"/>
</round>
<round no="1"><cards type="Pocket" player="Tiuualex">X X</cards>
<cards type="Pocket" player="Thechosenoonee">X X</cards>
<cards type="Pocket" player="M1ky3ste92">H6 SJ</cards>
<action no="6" player="Tiuualex" type="23" discard="1" dealt="1" sum="823"/>
<action no="7" player="Thechosenoonee" type="0" discard="1" dealt="1" sum="0"/>
<action no="8" player="M1ky3ste92" type="0" sum="0"/>
</round>
</game>
<game gamecode="6593823206"><general>
<startdate>2026-01-13 23:03:47</startdate>
<round>1</round>
<failsafecounter/>
<players><player seat="3" name="Tiuualex" chips="883" dealer="0" win="247" bet="883" muck="1" rebuy="0" addon="0" merge="0" rebuychips="0" reg_code="5089136960"/>
<player seat="6" name="Thechosenoonee" chips="222" dealer="1" win="0" bet="5" muck="1" rebuy="0" addon="0" merge="0" rebuychips="0" reg_code="5089137253"/>
<player seat="10" name="M1ky3ste92" chips="395" dealer="0" win="0" bet="121" muck="1" rebuy="0" addon="0" merge="0" rebuychips="0" reg_code="5089137467"/>
</players>
</general>
<round no="0"><action no="1" player="M1ky3ste92" type="15" sum="5"/>
<action no="2" player="Tiuualex" type="15" discard="1" dealt="1" sum="5"/>
<action no="3" player="Thechosenoonee" type="15" discard="1" dealt="1" sum="5"/>
<action no="4" player="M1ky3ste92" type="1" sum="15"/>
<action no="5" player="Tiuualex" type="2" discard="1" dealt="1" sum="30"/>
</round>
<round no="1"><cards type="Pocket" player="M1ky3ste92">S9 SQ</cards>
<cards type="Pocket" player="Thechosenoonee">X X</cards>
<cards type="Pocket" player="Tiuualex">X X</cards>
<action no="6" player="Thechosenoonee" type="0" discard="1" dealt="1" sum="0"/>
<action no="7" player="M1ky3ste92" type="3" sum="15"/>
<action no="8" player="Tiuualex" type="23" discard="1" dealt="1" sum="75"/>
<action no="9" player="M1ky3ste92" type="3" sum="45"/>
</round>
<round no="2"><cards type="Flop">H4 DK C10</cards>
<action no="10" player="M1ky3ste92" type="4" sum="0"/>
<action no="11" player="Tiuualex" type="5" discard="1" dealt="1" sum="41"/>
<action no="12" player="M1ky3ste92" type="3" sum="41"/>
</round>
<round no="3"><cards type="Turn">DA</cards>
<action no="13" player="M1ky3ste92" type="4" sum="0"/>
<action no="14" player="Tiuualex" type="4" discard="1" dealt="1" sum="0"/>
</round>
<round no="4"><cards type="River">S6</cards>
<action no="15" player="M1ky3ste92" type="4" sum="0"/>
<action no="16" player="Tiuualex" type="5" discard="1" dealt="1" sum="762"/>
<action no="17" player="M1ky3ste92" type="0" sum="0"/>
</round>
</game>
<game gamecode="6593823315"><general>
<startdate>2026-01-13 23:04:11</startdate>
<round>1</round>
<failsafecounter/>
<players><player seat="6" name="Thechosenoonee" chips="217" dealer="0" win="0" bet="35" muck="1" rebuy="0" addon="0" merge="0" rebuychips="0" reg_code="5089137253"/>
<player seat="10" name="M1ky3ste92" chips="274" dealer="1" win="90" bet="274" muck="1" rebuy="0" addon="0" merge="0" rebuychips="0" reg_code="5089137467"/>
<player seat="3" name="Tiuualex" chips="1,009" dealer="0" win="0" bet="20" muck="1" rebuy="0" addon="0" merge="0" rebuychips="0" reg_code="5089136960"/>
</players>
</general>
<round no="0"><action no="1" player="Tiuualex" type="15" discard="1" dealt="1" sum="5"/>
<action no="2" player="Thechosenoonee" type="15" discard="1" dealt="1" sum="5"/>
<action no="3" player="M1ky3ste92" type="15" sum="5"/>
<action no="4" player="Tiuualex" type="1" discard="1" dealt="1" sum="15"/>
<action no="5" player="Thechosenoonee" type="2" discard="1" dealt="1" sum="30"/>
</round>
<round no="1"><cards type="Pocket" player="M1ky3ste92">CK C10</cards>
<cards type="Pocket" player="Thechosenoonee">X X</cards>
<cards type="Pocket" player="Tiuualex">X X</cards>
<action no="6" player="M1ky3ste92" type="23" sum="269"/>
<action no="7" player="Tiuualex" type="0" discard="1" dealt="1" sum="0"/>
<action no="8" player="Thechosenoonee" type="0" discard="1" dealt="1" sum="0"/>
</round>
</game>
<game gamecode="6593823342"><general>
<startdate>2026-01-13 23:04:18</startdate>
<round>1</round>
<failsafecounter/>
<players><player seat="10" name="M1ky3ste92" chips="329" dealer="0" win="0" bet="35" muck="1" rebuy="0" addon="0" merge="0" rebuychips="0" reg_code="5089137467"/>
<player seat="3" name="Tiuualex" chips="989" dealer="1" win="0" bet="989" muck="0" rebuy="0" addon="0" merge="0" rebuychips="0" reg_code="5089136960"/>
<player seat="6" name="Thechosenoonee" chips="182" dealer="0" win="399" bet="182" muck="0" rebuy="0" addon="0" merge="0" rebuychips="0" reg_code="5089137253"/>
</players>
</general>
<round no="0"><action no="1" player="Thechosenoonee" type="15" discard="1" dealt="1" sum="5"/>
<action no="2" player="M1ky3ste92" type="15" sum="5"/>
<action no="3" player="Tiuualex" type="15" discard="1" dealt="1" sum="5"/>
<action no="4" player="Thechosenoonee" type="1" discard="1" dealt="1" sum="15"/>
<action no="5" player="M1ky3ste92" type="2" sum="30"/>
</round>
<round no="1"><cards type="Pocket" player="Tiuualex">H9 DK</cards>
<cards type="Pocket" player="Thechosenoonee">S8 HA</cards>
<cards type="Pocket" player="M1ky3ste92">H4 S9</cards>
<action no="6" player="Tiuualex" type="23" discard="1" dealt="1" sum="984"/>
<action no="7" player="Thechosenoonee" type="7" discard="1" dealt="1" sum="162"/>
<action no="8" player="M1ky3ste92" type="0" sum="0"/>
</round>
<round no="2"><cards type="Flop">H7 D6 C10</cards>
</round>
<round no="3"><cards type="Turn">H10</cards>
</round>
<round no="4"><cards type="River">DJ</cards>
</round>
</game>
<game gamecode="6593823410"><general>
<startdate>2026-01-13 23:04:36</startdate>
<round>1</round>
<failsafecounter/>
<players><player seat="3" name="Tiuualex" chips="807" dealer="0" win="75" bet="807" muck="1" rebuy="0" addon="0" merge="0" rebuychips="0" reg_code="5089136960"/>
<player seat="6" name="Thechosenoonee" chips="399" dealer="1" win="0" bet="5" muck="1" rebuy="0" addon="0" merge="0" rebuychips="0" reg_code="5089137253"/>
<player seat="10" name="M1ky3ste92" chips="294" dealer="0" win="0" bet="35" muck="1" rebuy="0" addon="0" merge="0" rebuychips="0" reg_code="5089137467"/>
</players>
</general>
<round no="0"><action no="1" player="M1ky3ste92" type="15" sum="5"/>
<action no="2" player="Tiuualex" type="15" discard="1" dealt="1" sum="5"/>
<action no="3" player="Thechosenoonee" type="15" discard="1" dealt="1" sum="5"/>
<action no="4" player="M1ky3ste92" type="1" sum="15"/>
<action no="5" player="Tiuualex" type="2" discard="1" dealt="1" sum="30"/>
</round>
<round no="1"><cards type="Pocket" player="Tiuualex">X X</cards>
<cards type="Pocket" player="Thechosenoonee">X X</cards>
<cards type="Pocket" player="M1ky3ste92">D6 HJ</cards>
<action no="6" player="Thechosenoonee" type="0" discard="1" dealt="1" sum="0"/>
<action no="7" player="M1ky3ste92" type="3" sum="15"/>
<action no="8" player="Tiuualex" type="23" discard="1" dealt="1" sum="802"/>
<action no="9" player="M1ky3ste92" type="0" sum="0"/>
</round>
</game>
<game gamecode="6593823482"><general>
<startdate>2026-01-13 23:04:50</startdate>
<round>1</round>
<failsafecounter/>
<players><player seat="6" name="Thechosenoonee" chips="394" dealer="0" win="0" bet="35" muck="1" rebuy="0" addon="0" merge="0" rebuychips="0" reg_code="5089137253"/>
<player seat="10" name="M1ky3ste92" chips="259" dealer="1" win="0" bet="5" muck="1" rebuy="0" addon="0" merge="0" rebuychips="0" reg_code="5089137467"/>
<player seat="3" name="Tiuualex" chips="847" dealer="0" win="75" bet="847" muck="1" rebuy="0" addon="0" merge="0" rebuychips="0" reg_code="5089136960"/>
</players>
</general>
<round no="0"><action no="1" player="Tiuualex" type="15" discard="1" dealt="1" sum="5"/>
<action no="2" player="Thechosenoonee" type="15" discard="1" dealt="1" sum="5"/>
<action no="3" player="M1ky3ste92" type="15" sum="5"/>
<action no="4" player="Tiuualex" type="1" discard="1" dealt="1" sum="15"/>
<action no="5" player="Thechosenoonee" type="2" discard="1" dealt="1" sum="30"/>
</round>
<round no="1"><cards type="Pocket" player="Tiuualex">X X</cards>
<cards type="Pocket" player="M1ky3ste92">D5 S7</cards>
<cards type="Pocket" player="Thechosenoonee">X X</cards>
<action no="6" player="M1ky3ste92" type="0" sum="0"/>
<action no="7" player="Tiuualex" type="23" discard="1" dealt="1" sum="842"/>
<action no="8" player="Thechosenoonee" type="0" discard="1" dealt="1" sum="0"/>
</round>
</game>
<game gamecode="6593823522"><general>
<startdate>2026-01-13 23:05:01</startdate>
<round>1</round>
<failsafecounter/>
<players><player seat="10" name="M1ky3ste92" chips="254" dealer="0" win="75" bet="254" muck="1" rebuy="0" addon="0" merge="0" rebuychips="0" reg_code="5089137467"/>
<player seat="3" name="Tiuualex" chips="887" dealer="1" win="0" bet="5" muck="1" rebuy="0" addon="0" merge="0" rebuychips="0" reg_code="5089136960"/>
<player seat="6" name="Thechosenoonee" chips="359" dealer="0" win="0" bet="35" muck="1" rebuy="0" addon="0" merge="0" rebuychips="0" reg_code="5089137253"/>
</players>
</general>
<round no="0"><action no="1" player="Thechosenoonee" type="15" discard="1" dealt="1" sum="5"/>
<action no="2" player="M1ky3ste92" type="15" sum="5"/>
<action no="3" player="Tiuualex" type="15" discard="1" dealt="1" sum="5"/>
<action no="4" player="Thechosenoonee" type="1" discard="1" dealt="1" sum="15"/>
<action no="5" player="M1ky3ste92" type="2" sum="30"/>
</round>
<round no="1"><cards type="Pocket" player="M1ky3ste92">HA D4</cards>
<cards type="Pocket" player="Thechosenoonee">X X</cards>
<cards type="Pocket" player="Tiuualex">X X</cards>
<action no="6" player="Tiuualex" type="0" discard="1" dealt="1" sum="0"/>
<action no="7" player="Thechosenoonee" type="3" discard="1" dealt="1" sum="15"/>
<action no="8" player="M1ky3ste92" type="23" sum="249"/>
<action no="9" player="Thechosenoonee" type="0" discard="1" dealt="1" sum="0"/>
</round>
</game>
<game gamecode="6593823562"><general>
<startdate>2026-01-13 23:05:11</startdate>
<round>1</round>
<failsafecounter/>
<players><player seat="3" name="Tiuualex" chips="882" dealer="0" win="0" bet="35" muck="1" rebuy="0" addon="0" merge="0" rebuychips="0" reg_code="5089136960"/>
<player seat="6" name="Thechosenoonee" chips="324" dealer="1" win="90" bet="324" muck="1" rebuy="0" addon="0" merge="0" rebuychips="0" reg_code="5089137253"/>
<player seat="10" name="M1ky3ste92" chips="294" dealer="0" win="0" bet="20" muck="1" rebuy="0" addon="0" merge="0" rebuychips="0" reg_code="5089137467"/>
</players>
</general>
<round no="0"><action no="1" player="M1ky3ste92" type="15" sum="5"/>
<action no="2" player="Tiuualex" type="15" discard="1" dealt="1" sum="5"/>
<action no="3" player="Thechosenoonee" type="15" discard="1" dealt="1" sum="5"/>
<action no="4" player="M1ky3ste92" type="1" sum="15"/>
<action no="5" player="Tiuualex" type="2" discard="1" dealt="1" sum="30"/>
</round>
<round no="1"><cards type="Pocket" player="Thechosenoonee">X X</cards>
<cards type="Pocket" player="Tiuualex">X X</cards>
<cards type="Pocket" player="M1ky3ste92">D8 H6</cards>
<action no="6" player="Thechosenoonee" type="23" discard="1" dealt="1" sum="319"/>
<action no="7" player="M1ky3ste92" type="0" sum="0"/>
<action no="8" player="Tiuualex" type="0" discard="1" dealt="1" sum="0"/>
</round>
</game>
<game gamecode="6593823609"><general>
<startdate>2026-01-13 23:05:21</startdate>
<round>1</round>
<failsafecounter/>
<players><player seat="6" name="Thechosenoonee" chips="379" dealer="0" win="763" bet="379" muck="0" rebuy="0" addon="0" merge="0" rebuychips="0" reg_code="5089137253"/>
<player seat="10" name="M1ky3ste92" chips="274" dealer="1" win="0" bet="5" muck="1" rebuy="0" addon="0" merge="0" rebuychips="0" reg_code="5089137467"/>
<player seat="3" name="Tiuualex" chips="847" dealer="0" win="0" bet="847" muck="0" rebuy="0" addon="0" merge="0" rebuychips="0" reg_code="5089136960"/>
</players>
</general>
<round no="0"><action no="1" player="Tiuualex" type="15" discard="1" dealt="1" sum="5"/>
<action no="2" player="Thechosenoonee" type="15" discard="1" dealt="1" sum="5"/>
<action no="3" player="M1ky3ste92" type="15" sum="5"/>
<action no="4" player="Tiuualex" type="1" discard="1" dealt="1" sum="15"/>
<action no="5" player="Thechosenoonee" type="2" discard="1" dealt="1" sum="30"/>
</round>
<round no="1"><cards type="Pocket" player="Thechosenoonee">S9 CQ</cards>
<cards type="Pocket" player="Tiuualex">CA D2</cards>
<cards type="Pocket" player="M1ky3ste92">SQ H5</cards>
<action no="6" player="M1ky3ste92" type="0" sum="0"/>
<action no="7" player="Tiuualex" type="23" discard="1" dealt="1" sum="842"/>
<action no="8" player="Thechosenoonee" type="7" discard="1" dealt="1" sum="344"/>
</round>
<round no="2"><cards type="Flop">HK S8 H2</cards>
</round>
<round no="3"><cards type="Turn">S5</cards>
</round>
<round no="4"><cards type="River">HQ</cards>
</round>
</game>
<game gamecode="6593823687"><general>
<startdate>2026-01-13 23:05:37</startdate>
<round>1</round>
<failsafecounter/>
<players><player seat="10" name="M1ky3ste92" chips="269" dealer="0" win="55" bet="45" muck="1" rebuy="0" addon="0" merge="0" rebuychips="0" reg_code="5089137467"/>
<player seat="3" name="Tiuualex" chips="468" dealer="1" win="0" bet="5" muck="1" rebuy="0" addon="0" merge="0" rebuychips="0" reg_code="5089136960"/>
<player seat="6" name="Thechosenoonee" chips="763" dealer="0" win="0" bet="25" muck="1" rebuy="0" addon="0" merge="0" rebuychips="0" reg_code="5089137253"/>
</players>
</general>
<round no="0"><action no="1" player="Thechosenoonee" type="15" discard="1" dealt="1" sum="5"/>
<action no="2" player="M1ky3ste92" type="15" sum="5"/>
<action no="3" player="Tiuualex" type="15" discard="1" dealt="1" sum="5"/>
<action no="4" player="Thechosenoonee" type="1" discard="1" dealt="1" sum="20"/>
<action no="5" player="M1ky3ste92" type="2" sum="40"/>
</round>
<round no="1"><cards type="Pocket" player="Tiuualex">X X</cards>
<cards type="Pocket" player="M1ky3ste92">CJ CQ</cards>
<cards type="Pocket" player="Thechosenoonee">X X</cards>
<action no="6" player="Tiuualex" type="0" discard="1" dealt="1" sum="0"/>
<action no="7" player="Thechosenoonee" type="0" discard="1" dealt="1" sum="0"/>
</round>
</game>
<game gamecode="6593823726"><general>
<startdate>2026-01-13 23:05:46</startdate>
<round>1</round>
<failsafecounter/>
<players><player seat="3" name="Tiuualex" chips="463" dealer="0" win="0" bet="45" muck="1" rebuy="0" addon="0" merge="0" rebuychips="0" reg_code="5089136960"/>
<player seat="6" name="Thechosenoonee" chips="738" dealer="1" win="115" bet="738" muck="1" rebuy="0" addon="0" merge="0" rebuychips="0" reg_code="5089137253"/>
<player seat="10" name="M1ky3ste92" chips="299" dealer="0" win="0" bet="25" muck="1" rebuy="0" addon="0" merge="0" rebuychips="0" reg_code="5089137467"/>
</players>
</general>
<round no="0"><action no="1" player="M1ky3ste92" type="15" sum="5"/>
<action no="2" player="Tiuualex" type="15" discard="1" dealt="1" sum="5"/>
<action no="3" player="Thechosenoonee" type="15" discard="1" dealt="1" sum="5"/>
<action no="4" player="M1ky3ste92" type="1" sum="20"/>
<action no="5" player="Tiuualex" type="2" discard="1" dealt="1" sum="40"/>
</round>
<round no="1"><cards type="Pocket" player="Tiuualex">X X</cards>
<cards type="Pocket" player="Thechosenoonee">X X</cards>
<cards type="Pocket" player="M1ky3ste92">H4 SK</cards>
<action no="6" player="Thechosenoonee" type="23" discard="1" dealt="1" sum="733"/>
<action no="7" player="M1ky3ste92" type="0" sum="0"/>
<action no="8" player="Tiuualex" type="0" discard="1" dealt="1" sum="0"/>
</round>
</game>
<game gamecode="6593823774"><general>
<startdate>2026-01-13 23:05:56</startdate>
<round>1</round>
<failsafecounter/>
<players><player seat="6" name="Thechosenoonee" chips="808" dealer="0" win="0" bet="45" muck="1" rebuy="0" addon="0" merge="0" rebuychips="0" reg_code="5089137253"/>
<player seat="10" name="M1ky3ste92" chips="274" dealer="1" win="115" bet="274" muck="1" rebuy="0" addon="0" merge="0" rebuychips="0" reg_code="5089137467"/>
<player seat="3" name="Tiuualex" chips="418" dealer="0" win="0" bet="25" muck="1" rebuy="0" addon="0" merge="0" rebuychips="0" reg_code="5089136960"/>
</players>
</general>
<round no="0"><action no="1" player="Tiuualex" type="15" discard="1" dealt="1" sum="5"/>
<action no="2" player="Thechosenoonee" type="15" discard="1" dealt="1" sum="5"/>
<action no="3" player="M1ky3ste92" type="15" sum="5"/>
<action no="4" player="Tiuualex" type="1" discard="1" dealt="1" sum="20"/>
<action no="5" player="Thechosenoonee" type="2" discard="1" dealt="1" sum="40"/>
</round>
<round no="1"><cards type="Pocket" player="Thechosenoonee">X X</cards>
<cards type="Pocket" player="Tiuualex">X X</cards>
<cards type="Pocket" player="M1ky3ste92">D6 D7</cards>
<action no="6" player="M1ky3ste92" type="23" sum="269"/>
<action no="7" player="Tiuualex" type="0" discard="1" dealt="1" sum="0"/>
<action no="8" player="Thechosenoonee" type="0" discard="1" dealt="1" sum="0"/>
</round>
</game>
<game gamecode="6593823848"><general>
<startdate>2026-01-13 23:06:12</startdate>
<round>1</round>
<failsafecounter/>
<players><player seat="10" name="M1ky3ste92" chips="344" dealer="0" win="55" bet="45" muck="1" rebuy="0" addon="0" merge="0" rebuychips="0" reg_code="5089137467"/>
<player seat="3" name="Tiuualex" chips="393" dealer="1" win="0" bet="5" muck="1" rebuy="0" addon="0" merge="0" rebuychips="0" reg_code="5089136960"/>
<player seat="6" name="Thechosenoonee" chips="763" dealer="0" win="0" bet="25" muck="1" rebuy="0" addon="0" merge="0" rebuychips="0" reg_code="5089137253"/>
</players>
</general>
<round no="0"><action no="1" player="Thechosenoonee" type="15" discard="1" dealt="1" sum="5"/>
<action no="2" player="M1ky3ste92" type="15" sum="5"/>
<action no="3" player="Tiuualex" type="15" discard="1" dealt="1" sum="5"/>
<action no="4" player="Thechosenoonee" type="1" discard="1" dealt="1" sum="20"/>
<action no="5" player="M1ky3ste92" type="2" sum="40"/>
</round>
<round no="1"><cards type="Pocket" player="Tiuualex">X X</cards>
<cards type="Pocket" player="Thechosenoonee">X X</cards>
<cards type="Pocket" player="M1ky3ste92">S3 D8</cards>
<action no="6" player="Tiuualex" type="0" discard="1" dealt="1" sum="0"/>
<action no="7" player="Thechosenoonee" type="0" discard="1" dealt="1" sum="0"/>
</round>
</game>
<game gamecode="6593823899"><general>
<startdate>2026-01-13 23:06:22</startdate>
<round>1</round>
<failsafecounter/>
<players><player seat="3" name="Tiuualex" chips="388" dealer="0" win="0" bet="45" muck="1" rebuy="0" addon="0" merge="0" rebuychips="0" reg_code="5089136960"/>
<player seat="6" name="Thechosenoonee" chips="738" dealer="1" win="115" bet="738" muck="1" rebuy="0" addon="0" merge="0" rebuychips="0" reg_code="5089137253"/>
<player seat="10" name="M1ky3ste92" chips="374" dealer="0" win="0" bet="25" muck="1" rebuy="0" addon="0" merge="0" rebuychips="0" reg_code="5089137467"/>
</players>
</general>
<round no="0"><action no="1" player="M1ky3ste92" type="15" sum="5"/>
<action no="2" player="Tiuualex" type="15" discard="1" dealt="1" sum="5"/>
<action no="3" player="Thechosenoonee" type="15" discard="1" dealt="1" sum="5"/>
<action no="4" player="M1ky3ste92" type="1" sum="20"/>
<action no="5" player="Tiuualex" type="2" discard="1" dealt="1" sum="40"/>
</round>
<round no="1"><cards type="Pocket" player="M1ky3ste92">C4 S3</cards>
<cards type="Pocket" player="Thechosenoonee">X X</cards>
<cards type="Pocket" player="Tiuualex">X X</cards>
<action no="6" player="Thechosenoonee" type="23" discard="1" dealt="1" sum="733"/>
<action no="7" player="M1ky3ste92" type="0" sum="0"/>
<action no="8" player="Tiuualex" type="0" discard="1" dealt="1" sum="0"/>
</round>
</game>
<game gamecode="6593823949"><general>
<startdate>2026-01-13 23:06:32</startdate>
<round>1</round>
<failsafecounter/>
<players><player seat="6" name="Thechosenoonee" chips="808" dealer="0" win="691" bet="343" muck="0" rebuy="0" addon="0" merge="0" rebuychips="0" reg_code="5089137253"/>
<player seat="10" name="M1ky3ste92" chips="349" dealer="1" win="0" bet="5" muck="1" rebuy="0" addon="0" merge="0" rebuychips="0" reg_code="5089137467"/>
<player seat="3" name="Tiuualex" chips="343" dealer="0" win="0" bet="343" muck="0" rebuy="0" addon="0" merge="0" rebuychips="0" reg_code="5089136960"/>
</players>
</general>
<round no="0"><action no="1" player="Tiuualex" type="15" discard="1" dealt="1" sum="5"/>
<action no="2" player="Thechosenoonee" type="15" discard="1" dealt="1" sum="5"/>
<action no="3" player="M1ky3ste92" type="15" sum="5"/>
<action no="4" player="Tiuualex" type="1" discard="1" dealt="1" sum="20"/>
<action no="5" player="Thechosenoonee" type="2" discard="1" dealt="1" sum="40"/>
</round>
<round no="1"><cards type="Pocket" player="Thechosenoonee">D4 D5</cards>
<cards type="Pocket" player="Tiuualex">H4 H10</cards>
<cards type="Pocket" player="M1ky3ste92">D3 DQ</cards>
<action no="6" player="M1ky3ste92" type="0" sum="0"/>
<action no="7" player="Tiuualex" type="23" discard="1" dealt="1" sum="80"/>
<action no="8" player="Thechosenoonee" type="3" discard="1" dealt="1" sum="40"/>
</round>
<round no="2"><cards type="Flop">D6 S4 S3</cards>
<action no="9" player="Tiuualex" type="5" discard="1" dealt="1" sum="258"/>
<action no="10" player="Thechosenoonee" type="3" discard="1" dealt="1" sum="258"/>
</round>
<round no="3"><cards type="Turn">DA</cards>
</round>
<round no="4"><cards type="River">S7</cards>
</round>
</game>
<game gamecode="6593829905"><general>
<startdate>2026-01-13 23:07:00</startdate>
<round>1</round>
<failsafecounter/>
<players><player seat="10" name="M1ky3ste92" chips="344" dealer="0" win="0" bet="45" muck="1" rebuy="0" addon="0" merge="0" rebuychips="0" reg_code="5089137467"/>
<player seat="6" name="Thechosenoonee" chips="1,156" dealer="1" win="90" bet="1,156" muck="1" rebuy="0" addon="0" merge="0" rebuychips="0" reg_code="5089137253"/>
</players>
</general>
<round no="0"><action no="1" player="Thechosenoonee" type="15" discard="1" dealt="1" sum="5"/>
<action no="2" player="M1ky3ste92" type="15" sum="5"/>
<action no="3" player="Thechosenoonee" type="1" discard="1" dealt="1" sum="20"/>
<action no="4" player="M1ky3ste92" type="2" sum="40"/>
</round>
<round no="1"><cards type="Pocket" player="Thechosenoonee">X X</cards>
<cards type="Pocket" player="M1ky3ste92">S3 D5</cards>
<action no="5" player="Thechosenoonee" type="23" discard="1" dealt="1" sum="1,151"/>
<action no="6" player="M1ky3ste92" type="0" sum="0"/>
</round>
</game>
<game gamecode="6593829954"><general>
<startdate>2026-01-13 23:07:10</startdate>
<round>1</round>
<failsafecounter/>
<players><player seat="6" name="Thechosenoonee" chips="1,201" dealer="0" win="0" bet="299" muck="1" rebuy="0" addon="0" merge="0" rebuychips="0" reg_code="5089137253"/>
<player seat="10" name="M1ky3ste92" chips="299" dealer="1" win="598" bet="299" muck="0" rebuy="0" addon="0" merge="0" rebuychips="0" reg_code="5089137467"/>
</players>
</general>
<round no="0"><action no="1" player="M1ky3ste92" type="15" sum="5"/>
<action no="2" player="Thechosenoonee" type="15" discard="1" dealt="1" sum="5"/>
<action no="3" player="M1ky3ste92" type="1" sum="20"/>
<action no="4" player="Thechosenoonee" type="2" discard="1" dealt="1" sum="40"/>
</round>
<round no="1"><cards type="Pocket" player="M1ky3ste92">D6 D8</cards>
<cards type="Pocket" player="Thechosenoonee">CJ HQ</cards>
<action no="5" player="M1ky3ste92" type="23" sum="294"/>
<action no="6" player="Thechosenoonee" type="3" discard="1" dealt="1" sum="254"/>
</round>
<round no="2"><cards type="Flop">H5 H7 C7</cards>
</round>
<round no="3"><cards type="Turn">D9</cards>
</round>
<round no="4"><cards type="River">DQ</cards>
</round>
</game>
<game gamecode="6593830040"><general>
<startdate>2026-01-13 23:07:30</startdate>
<round>1</round>
<failsafecounter/>
<players><player seat="10" name="M1ky3ste92" chips="598" dealer="0" win="0" bet="45" muck="1" rebuy="0" addon="0" merge="0" rebuychips="0" reg_code="5089137467"/>
<player seat="6" name="Thechosenoonee" chips="902" dealer="1" win="90" bet="85" muck="1" rebuy="0" addon="0" merge="0" rebuychips="0" reg_code="5089137253"/>
</players>
</general>
<round no="0"><action no="1" player="Thechosenoonee" type="15" discard="1" dealt="1" sum="5"/>
<action no="2" player="M1ky3ste92" type="15" sum="5"/>
<action no="3" player="Thechosenoonee" type="1" discard="1" dealt="1" sum="20"/>
<action no="4" player="M1ky3ste92" type="2" sum="40"/>
</round>
<round no="1"><cards type="Pocket" player="M1ky3ste92">C2 D6</cards>
<cards type="Pocket" player="Thechosenoonee">X X</cards>
<action no="5" player="Thechosenoonee" type="3" discard="1" dealt="1" sum="20"/>
<action no="6" player="M1ky3ste92" type="4" sum="0"/>
</round>
<round no="2"><cards type="Flop">CK C5 D9</cards>
<action no="7" player="M1ky3ste92" type="4" sum="0"/>
<action no="8" player="Thechosenoonee" type="4" discard="1" dealt="1" sum="0"/>
</round>
<round no="3"><cards type="Turn">DK</cards>
<action no="9" player="M1ky3ste92" type="4" sum="0"/>
<action no="10" player="Thechosenoonee" type="5" discard="1" dealt="1" sum="40"/>
<action no="11" player="M1ky3ste92" type="0" sum="0"/>
</round>
</game>
<game gamecode="6593830158"><general>
<startdate>2026-01-13 23:07:53</startdate>
<round>1</round>
<failsafecounter/>
<players><player seat="6" name="Thechosenoonee" chips="947" dealer="0" win="0" bet="125" muck="1" rebuy="0" addon="0" merge="0" rebuychips="0" reg_code="5089137253"/>
<player seat="10" name="M1ky3ste92" chips="553" dealer="1" win="250" bet="245" muck="1" rebuy="0" addon="0" merge="0" rebuychips="0" reg_code="5089137467"/>
</players>
</general>
<round no="0"><action no="1" player="M1ky3ste92" type="15" sum="5"/>
<action no="2" player="Thechosenoonee" type="15" discard="1" dealt="1" sum="5"/>
<action no="3" player="M1ky3ste92" type="1" sum="30"/>
<action no="4" player="Thechosenoonee" type="2" discard="1" dealt="1" sum="60"/>
</round>
<round no="1"><cards type="Pocket" player="M1ky3ste92">C4 DQ</cards>
<cards type="Pocket" player="Thechosenoonee">X X</cards>
<action no="5" player="M1ky3ste92" type="3" sum="30"/>
<action no="6" player="Thechosenoonee" type="4" discard="1" dealt="1" sum="0"/>
</round>
<round no="2"><cards type="Flop">C8 D9 CK</cards>
<action no="7" player="Thechosenoonee" type="4" discard="1" dealt="1" sum="0"/>
<action no="8" player="M1ky3ste92" type="5" sum="60"/>
<action no="9" player="Thechosenoonee" type="3" discard="1" dealt="1" sum="60"/>
</round>
<round no="3"><cards type="Turn">HJ</cards>
<action no="10" player="Thechosenoonee" type="4" discard="1" dealt="1" sum="0"/>
<action no="11" player="M1ky3ste92" type="5" sum="120"/>
<action no="12" player="Thechosenoonee" type="0" discard="1" dealt="1" sum="0"/>
</round>
</game>
<game gamecode="6593830284"><general>
<startdate>2026-01-13 23:08:21</startdate>
<round>1</round>
<failsafecounter/>
<players><player seat="10" name="M1ky3ste92" chips="678" dealer="0" win="0" bet="65" muck="1" rebuy="0" addon="0" merge="0" rebuychips="0" reg_code="5089137467"/>
<player seat="6" name="Thechosenoonee" chips="822" dealer="1" win="130" bet="65" muck="0" rebuy="0" addon="0" merge="0" rebuychips="0" reg_code="5089137253"/>
</players>
</general>
<round no="0"><action no="1" player="Thechosenoonee" type="15" discard="1" dealt="1" sum="5"/>
<action no="2" player="M1ky3ste92" type="15" sum="5"/>
<action no="3" player="Thechosenoonee" type="1" discard="1" dealt="1" sum="30"/>
<action no="4" player="M1ky3ste92" type="2" sum="60"/>
</round>
<round no="1"><cards type="Pocket" player="M1ky3ste92">DJ C4</cards>
<cards type="Pocket" player="Thechosenoonee">D7 S5</cards>
<action no="5" player="Thechosenoonee" type="3" discard="1" dealt="1" sum="30"/>
<action no="6" player="M1ky3ste92" type="4" sum="0"/>
</round>
<round no="2"><cards type="Flop">C9 H7 S9</cards>
<action no="7" player="M1ky3ste92" type="4" sum="0"/>
<action no="8" player="Thechosenoonee" type="4" discard="1" dealt="1" sum="0"/>
</round>
<round no="3"><cards type="Turn">DQ</cards>
<action no="9" player="M1ky3ste92" type="4" sum="0"/>
<action no="10" player="Thechosenoonee" type="4" discard="1" dealt="1" sum="0"/>
</round>
<round no="4"><cards type="River">S10</cards>
<action no="11" player="M1ky3ste92" type="4" sum="0"/>
<action no="12" player="Thechosenoonee" type="4" discard="1" dealt="1" sum="0"/>
</round>
</game>
<game gamecode="6593830340"><general>
<startdate>2026-01-13 23:08:35</startdate>
<round>1</round>
<failsafecounter/>
<players><player seat="6" name="Thechosenoonee" chips="887" dealer="0" win="0" bet="220" muck="1" rebuy="0" addon="0" merge="0" rebuychips="0" reg_code="5089137253"/>
<player seat="10" name="M1ky3ste92" chips="613" dealer="1" win="440" bet="613" muck="1" rebuy="0" addon="0" merge="0" rebuychips="0" reg_code="5089137467"/>
</players>
</general>
<round no="0"><action no="1" player="M1ky3ste92" type="15" sum="5"/>
<action no="2" player="Thechosenoonee" type="15" discard="1" dealt="1" sum="5"/>
<action no="3" player="M1ky3ste92" type="1" sum="30"/>
<action no="4" player="Thechosenoonee" type="2" discard="1" dealt="1" sum="60"/>
</round>
<round no="1"><cards type="Pocket" player="Thechosenoonee">X X</cards>
<cards type="Pocket" player="M1ky3ste92">C3 C5</cards>
<action no="5" player="M1ky3ste92" type="3" sum="30"/>
<action no="6" player="Thechosenoonee" type="4" discard="1" dealt="1" sum="0"/>
</round>
<round no="2"><cards type="Flop">CQ S2 DQ</cards>
<action no="7" player="Thechosenoonee" type="4" discard="1" dealt="1" sum="0"/>
<action no="8" player="M1ky3ste92" type="5" sum="60"/>
<action no="9" player="Thechosenoonee" type="23" discard="1" dealt="1" sum="155"/>
<action no="10" player="M1ky3ste92" type="3" sum="95"/>
</round>
<round no="3"><cards type="Turn">D4</cards>
<action no="11" player="Thechosenoonee" type="4" discard="1" dealt="1" sum="0"/>
<action no="12" player="M1ky3ste92" type="5" sum="393"/>
<action no="13" player="Thechosenoonee" type="0" discard="1" dealt="1" sum="0"/>
</round>
</game>
<game gamecode="6593830465"><general>
<startdate>2026-01-13 23:09:03</startdate>
<round>1</round>
<failsafecounter/>
<players><player seat="10" name="M1ky3ste92" chips="833" dealer="0" win="250" bet="215" muck="1" rebuy="0" addon="0" merge="0" rebuychips="0" reg_code="5089137467"/>
<player seat="6" name="Thechosenoonee" chips="667" dealer="1" win="0" bet="125" muck="1" rebuy="0" addon="0" merge="0" rebuychips="0" reg_code="5089137253"/>
</players>
</general>
<round no="0"><action no="1" player="Thechosenoonee" type="15" discard="1" dealt="1" sum="5"/>
<action no="2" player="M1ky3ste92" type="15" sum="5"/>
<action no="3" player="Thechosenoonee" type="1" discard="1" dealt="1" sum="30"/>
<action no="4" player="M1ky3ste92" type="2" sum="60"/>
</round>
<round no="1"><cards type="Pocket" player="M1ky3ste92">CA HA</cards>
<cards type="Pocket" player="Thechosenoonee">X X</cards>
<action no="5" player="Thechosenoonee" type="3" discard="1" dealt="1" sum="30"/>
<action no="6" player="M1ky3ste92" type="4" sum="0"/>
</round>
<round no="2"><cards type="Flop">S8 S2 C9</cards>
<action no="7" player="M1ky3ste92" type="4" sum="0"/>
<action no="8" player="Thechosenoonee" type="5" discard="1" dealt="1" sum="60"/>
<action no="9" player="M1ky3ste92" type="23" sum="150"/>
<action no="10" player="Thechosenoonee" type="0" discard="1" dealt="1" sum="0"/>
</round>
</game>
<game gamecode="6593830598"><general>
<startdate>2026-01-13 23:09:34</startdate>
<round>1</round>
<failsafecounter/>
<players><player seat="6" name="Thechosenoonee" chips="542" dealer="0" win="0" bet="88" muck="1" rebuy="0" addon="0" merge="0" rebuychips="0" reg_code="5089137253"/>
<player seat="10" name="M1ky3ste92" chips="958" dealer="1" win="176" bet="958" muck="1" rebuy="0" addon="0" merge="0" rebuychips="0" reg_code="5089137467"/>
</players>
</general>
<round no="0"><action no="1" player="M1ky3ste92" type="15" sum="8"/>
<action no="2" player="Thechosenoonee" type="15" discard="1" dealt="1" sum="8"/>
<action no="3" player="M1ky3ste92" type="1" sum="40"/>
<action no="4" player="Thechosenoonee" type="2" discard="1" dealt="1" sum="80"/>
</round>
<round no="1"><cards type="Pocket" player="M1ky3ste92">H2 CQ</cards>
<cards type="Pocket" player="Thechosenoonee">X X</cards>
<action no="5" player="M1ky3ste92" type="23" sum="950"/>
<action no="6" player="Thechosenoonee" type="0" discard="1" dealt="1" sum="0"/>
</round>
</game>
<game gamecode="6593830633"><general>
<startdate>2026-01-13 23:09:40</startdate>
<round>1</round>
<failsafecounter/>
<players><player seat="10" name="M1ky3ste92" chips="1,046" dealer="0" win="96" bet="88" muck="1" rebuy="0" addon="0" merge="0" rebuychips="0" reg_code="5089137467"/>
<player seat="6" name="Thechosenoonee" chips="454" dealer="1" win="0" bet="48" muck="1" rebuy="0" addon="0" merge="0" rebuychips="0" reg_code="5089137253"/>
</players>
</general>
<round no="0"><action no="1" player="Thechosenoonee" type="15" discard="1" dealt="1" sum="8"/>
<action no="2" player="M1ky3ste92" type="15" sum="8"/>
<action no="3" player="Thechosenoonee" type="1" discard="1" dealt="1" sum="40"/>
<action no="4" player="M1ky3ste92" type="2" sum="80"/>
</round>
<round no="1"><cards type="Pocket" player="M1ky3ste92">C10 HA</cards>
<cards type="Pocket" player="Thechosenoonee">X X</cards>
<action no="5" player="Thechosenoonee" type="0" discard="1" dealt="1" sum="0"/>
</round>
</game>
<game gamecode="6593830671"><general>
<startdate>2026-01-13 23:09:48</startdate>
<round>1</round>
<failsafecounter/>
<players><player seat="6" name="Thechosenoonee" chips="406" dealer="0" win="812" bet="406" muck="0" rebuy="0" addon="0" merge="0" rebuychips="0" reg_code="5089137253"/>
<player seat="10" name="M1ky3ste92" chips="1,094" dealer="1" win="0" bet="1,094" muck="1" rebuy="0" addon="0" merge="0" rebuychips="0" reg_code="5089137467"/>
</players>
</general>
<round no="0"><action no="1" player="M1ky3ste92" type="15" sum="8"/>
<action no="2" player="Thechosenoonee" type="15" discard="1" dealt="1" sum="8"/>
<action no="3" player="M1ky3ste92" type="1" sum="40"/>
<action no="4" player="Thechosenoonee" type="2" discard="1" dealt="1" sum="80"/>
</round>
<round no="1"><cards type="Pocket" player="Thechosenoonee">S10 CK</cards>
<cards type="Pocket" player="M1ky3ste92">S7 DQ</cards>
<action no="5" player="M1ky3ste92" type="23" sum="1,086"/>
<action no="6" player="Thechosenoonee" type="7" discard="1" dealt="1" sum="318"/>
</round>
<round no="2"><cards type="Flop">DJ S9 S4</cards>
</round>
<round no="3"><cards type="Turn">H9</cards>
</round>
<round no="4"><cards type="River">H10</cards>
</round>
</game>
<game gamecode="6593830752"><general>
<startdate>2026-01-13 23:10:06</startdate>
<round>1</round>
<failsafecounter/>
<players><player seat="10" name="M1ky3ste92" chips="688" dealer="0" win="576" bet="408" muck="1" rebuy="0" addon="0" merge="0" rebuychips="0" reg_code="5089137467"/>
<player seat="6" name="Thechosenoonee" chips="812" dealer="1" win="0" bet="288" muck="1" rebuy="0" addon="0" merge="0" rebuychips="0" reg_code="5089137253"/>
</players>
</general>
<round no="0"><action no="1" player="Thechosenoonee" type="15" discard="1" dealt="1" sum="8"/>
<action no="2" player="M1ky3ste92" type="15" sum="8"/>
<action no="3" player="Thechosenoonee" type="1" discard="1" dealt="1" sum="40"/>
<action no="4" player="M1ky3ste92" type="2" sum="80"/>
</round>
<round no="1"><cards type="Pocket" player="M1ky3ste92">C3 CQ</cards>
<cards type="Pocket" player="Thechosenoonee">X X</cards>
<action no="5" player="Thechosenoonee" type="3" discard="1" dealt="1" sum="40"/>
<action no="6" player="M1ky3ste92" type="4" sum="0"/>
</round>
<round no="2"><cards type="Flop">DK SA CJ</cards>
<action no="7" player="M1ky3ste92" type="4" sum="0"/>
<action no="8" player="Thechosenoonee" type="5" discard="1" dealt="1" sum="80"/>
<action no="9" player="M1ky3ste92" type="3" sum="80"/>
</round>
<round no="3"><cards type="Turn">S10</cards>
<action no="10" player="M1ky3ste92" type="4" sum="0"/>
<action no="11" player="Thechosenoonee" type="5" discard="1" dealt="1" sum="120"/>
<action no="12" player="M1ky3ste92" type="23" sum="240"/>
<action no="13" player="Thechosenoonee" type="0" discard="1" dealt="1" sum="0"/>
</round>
</game>
<game gamecode="6593830887"><general>
<startdate>2026-01-13 23:10:42</startdate>
<round>1</round>
<failsafecounter/>
<players><player seat="6" name="Thechosenoonee" chips="524" dealer="0" win="0" bet="88" muck="1" rebuy="0" addon="0" merge="0" rebuychips="0" reg_code="5089137253"/>
<player seat="10" name="M1ky3ste92" chips="976" dealer="1" win="176" bet="976" muck="1" rebuy="0" addon="0" merge="0" rebuychips="0" reg_code="5089137467"/>
</players>
</general>
<round no="0"><action no="1" player="M1ky3ste92" type="15" sum="8"/>
<action no="2" player="Thechosenoonee" type="15" discard="1" dealt="1" sum="8"/>
<action no="3" player="M1ky3ste92" type="1" sum="40"/>
<action no="4" player="Thechosenoonee" type="2" discard="1" dealt="1" sum="80"/>
</round>
<round no="1"><cards type="Pocket" player="M1ky3ste92">HA S3</cards>
<cards type="Pocket" player="Thechosenoonee">X X</cards>
<action no="5" player="M1ky3ste92" type="23" sum="968"/>
<action no="6" player="Thechosenoonee" type="0" discard="1" dealt="1" sum="0"/>
</round>
</game>
<game gamecode="6593830917"><general>
<startdate>2026-01-13 23:10:48</startdate>
<round>1</round>
<failsafecounter/>
<players><player seat="10" name="M1ky3ste92" chips="1,064" dealer="0" win="96" bet="88" muck="1" rebuy="0" addon="0" merge="0" rebuychips="0" reg_code="5089137467"/>
<player seat="6" name="Thechosenoonee" chips="436" dealer="1" win="0" bet="48" muck="1" rebuy="0" addon="0" merge="0" rebuychips="0" reg_code="5089137253"/>
</players>
</general>
<round no="0"><action no="1" player="Thechosenoonee" type="15" discard="1" dealt="1" sum="8"/>
<action no="2" player="M1ky3ste92" type="15" sum="8"/>
<action no="3" player="Thechosenoonee" type="1" discard="1" dealt="1" sum="40"/>
<action no="4" player="M1ky3ste92" type="2" sum="80"/>
</round>
<round no="1"><cards type="Pocket" player="Thechosenoonee">X X</cards>
<cards type="Pocket" player="M1ky3ste92">C8 DA</cards>
<action no="5" player="Thechosenoonee" type="0" discard="1" dealt="1" sum="0"/>
</round>
</game>
<game gamecode="6593830932"><general>
<startdate>2026-01-13 23:10:54</startdate>
<round>1</round>
<failsafecounter/>
<players><player seat="6" name="Thechosenoonee" chips="388" dealer="0" win="776" bet="388" muck="0" rebuy="0" addon="0" merge="0" rebuychips="0" reg_code="5089137253"/>
<player seat="10" name="M1ky3ste92" chips="1,112" dealer="1" win="0" bet="1,112" muck="1" rebuy="0" addon="0" merge="0" rebuychips="0" reg_code="5089137467"/>
</players>
</general>
<round no="0"><action no="1" player="M1ky3ste92" type="15" sum="8"/>
<action no="2" player="Thechosenoonee" type="15" discard="1" dealt="1" sum="8"/>
<action no="3" player="M1ky3ste92" type="1" sum="40"/>
<action no="4" player="Thechosenoonee" type="2" discard="1" dealt="1" sum="80"/>
</round>
<round no="1"><cards type="Pocket" player="Thechosenoonee">HA DA</cards>
<cards type="Pocket" player="M1ky3ste92">S7 CQ</cards>
<action no="5" player="M1ky3ste92" type="23" sum="1,104"/>
<action no="6" player="Thechosenoonee" type="7" discard="1" dealt="1" sum="300"/>
</round>
<round no="2"><cards type="Flop">CJ C6 H3</cards>
</round>
<round no="3"><cards type="Turn">C4</cards>
</round>
<round no="4"><cards type="River">S6</cards>
</round>
</game>
<game gamecode="6593831000"><general>
<startdate>2026-01-13 23:11:09</startdate>
<round>1</round>
<failsafecounter/>
<players><player seat="10" name="M1ky3ste92" chips="724" dealer="0" win="0" bet="168" muck="1" rebuy="0" addon="0" merge="0" rebuychips="0" reg_code="5089137467"/>
<player seat="6" name="Thechosenoonee" chips="776" dealer="1" win="336" bet="336" muck="1" rebuy="0" addon="0" merge="0" rebuychips="0" reg_code="5089137253"/>
</players>
</general>
<round no="0"><action no="1" player="Thechosenoonee" type="15" discard="1" dealt="1" sum="8"/>
<action no="2" player="M1ky3ste92" type="15" sum="8"/>
<action no="3" player="Thechosenoonee" type="1" discard="1" dealt="1" sum="40"/>
<action no="4" player="M1ky3ste92" type="2" sum="80"/>
</round>
<round no="1"><cards type="Pocket" player="M1ky3ste92">D2 H4</cards>
<cards type="Pocket" player="Thechosenoonee">X X</cards>
<action no="5" player="Thechosenoonee" type="3" discard="1" dealt="1" sum="40"/>
<action no="6" player="M1ky3ste92" type="4" sum="0"/>
</round>
<round no="2"><cards type="Flop">S4 DA SK</cards>
<action no="7" player="M1ky3ste92" type="4" sum="0"/>
<action no="8" player="Thechosenoonee" type="5" discard="1" dealt="1" sum="80"/>
<action no="9" player="M1ky3ste92" type="3" sum="80"/>
</round>
<round no="3"><cards type="Turn">H9</cards>
<action no="10" player="M1ky3ste92" type="4" sum="0"/>
<action no="11" player="Thechosenoonee" type="5" discard="1" dealt="1" sum="168"/>
<action no="12" player="M1ky3ste92" type="0" sum="0"/>
</round>
</game>
<game gamecode="6593831059"><general>
<startdate>2026-01-13 23:11:23</startdate>
<round>1</round>
<failsafecounter/>
<players><player seat="6" name="Thechosenoonee" chips="944" dealer="0" win="96" bet="88" muck="1" rebuy="0" addon="0" merge="0" rebuychips="0" reg_code="5089137253"/>
<player seat="10" name="M1ky3ste92" chips="556" dealer="1" win="0" bet="48" muck="1" rebuy="0" addon="0" merge="0" rebuychips="0" reg_code="5089137467"/>
</players>
</general>
<round no="0"><action no="1" player="M1ky3ste92" type="15" sum="8"/>
<action no="2" player="Thechosenoonee" type="15" discard="1" dealt="1" sum="8"/>
<action no="3" player="M1ky3ste92" type="1" sum="40"/>
<action no="4" player="Thechosenoonee" type="2" discard="1" dealt="1" sum="80"/>
</round>
<round no="1"><cards type="Pocket" player="Thechosenoonee">X X</cards>
<cards type="Pocket" player="M1ky3ste92">D2 S7</cards>
<action no="5" player="M1ky3ste92" type="0" sum="0"/>
</round>
</game>
<game gamecode="6593831080"><general>
<startdate>2026-01-13 23:11:29</startdate>
<round>1</round>
<failsafecounter/>
<players><player seat="10" name="M1ky3ste92" chips="508" dealer="0" win="96" bet="88" muck="1" rebuy="0" addon="0" merge="0" rebuychips="0" reg_code="5089137467"/>
<player seat="6" name="Thechosenoonee" chips="992" dealer="1" win="0" bet="48" muck="1" rebuy="0" addon="0" merge="0" rebuychips="0" reg_code="5089137253"/>
</players>
</general>
<round no="0"><action no="1" player="Thechosenoonee" type="15" discard="1" dealt="1" sum="8"/>
<action no="2" player="M1ky3ste92" type="15" sum="8"/>
<action no="3" player="Thechosenoonee" type="1" discard="1" dealt="1" sum="40"/>
<action no="4" player="M1ky3ste92" type="2" sum="80"/>
</round>
<round no="1"><cards type="Pocket" player="M1ky3ste92">C10 CK</cards>
<cards type="Pocket" player="Thechosenoonee">X X</cards>
<action no="5" player="Thechosenoonee" type="0" discard="1" dealt="1" sum="0"/>
</round>
</game>
<game gamecode="6593831104"><general>
<startdate>2026-01-13 23:11:34</startdate>
<round>1</round>
<failsafecounter/>
<players><player seat="6" name="Thechosenoonee" chips="944" dealer="0" win="0" bet="210" muck="1" rebuy="0" addon="0" merge="0" rebuychips="0" reg_code="5089137253"/>
<player seat="10" name="M1ky3ste92" chips="556" dealer="1" win="420" bet="210" muck="0" rebuy="0" addon="0" merge="0" rebuychips="0" reg_code="5089137467"/>
</players>
</general>
<round no="0"><action no="1" player="M1ky3ste92" type="15" sum="10"/>
<action no="2" player="Thechosenoonee" type="15" discard="1" dealt="1" sum="10"/>
<action no="3" player="M1ky3ste92" type="1" sum="50"/>
<action no="4" player="Thechosenoonee" type="2" discard="1" dealt="1" sum="100"/>
</round>
<round no="1"><cards type="Pocket" player="Thechosenoonee">CK H5</cards>
<cards type="Pocket" player="M1ky3ste92">D9 C9</cards>
<action no="5" player="M1ky3ste92" type="3" sum="50"/>
<action no="6" player="Thechosenoonee" type="4" discard="1" dealt="1" sum="0"/>
</round>
<round no="2"><cards type="Flop">D4 C4 H10</cards>
<action no="7" player="Thechosenoonee" type="4" discard="1" dealt="1" sum="0"/>
<action no="8" player="M1ky3ste92" type="4" sum="0"/>
</round>
<round no="3"><cards type="Turn">H3</cards>
<action no="9" player="Thechosenoonee" type="4" discard="1" dealt="1" sum="0"/>
<action no="10" player="M1ky3ste92" type="5" sum="100"/>
<action no="11" player="Thechosenoonee" type="3" discard="1" dealt="1" sum="100"/>
</round>
<round no="4"><cards type="River">HQ</cards>
<action no="12" player="Thechosenoonee" type="4" discard="1" dealt="1" sum="0"/>
<action no="13" player="M1ky3ste92" type="4" sum="0"/>
</round>
</game>
<game gamecode="6593831192"><general>
<startdate>2026-01-13 23:11:56</startdate>
<round>1</round>
<failsafecounter/>
<players><player seat="10" name="M1ky3ste92" chips="766" dealer="0" win="120" bet="110" muck="1" rebuy="0" addon="0" merge="0" rebuychips="0" reg_code="5089137467"/>
<player seat="6" name="Thechosenoonee" chips="734" dealer="1" win="0" bet="60" muck="1" rebuy="0" addon="0" merge="0" rebuychips="0" reg_code="5089137253"/>
</players>
</general>
<round no="0"><action no="1" player="Thechosenoonee" type="15" discard="1" dealt="1" sum="10"/>
<action no="2" player="M1ky3ste92" type="15" sum="10"/>
<action no="3" player="Thechosenoonee" type="1" discard="1" dealt="1" sum="50"/>
<action no="4" player="M1ky3ste92" type="2" sum="100"/>
</round>
<round no="1"><cards type="Pocket" player="Thechosenoonee">X X</cards>
<cards type="Pocket" player="M1ky3ste92">D10 S6</cards>
<action no="5" player="Thechosenoonee" type="0" discard="1" dealt="1" sum="0"/>
</round>
</game>
<game gamecode="6593831218"><general>
<startdate>2026-01-13 23:12:01</startdate>
<round>1</round>
<failsafecounter/>
<players><player seat="6" name="Thechosenoonee" chips="674" dealer="0" win="220" bet="674" muck="1" rebuy="0" addon="0" merge="0" rebuychips="0" reg_code="5089137253"/>
<player seat="10" name="M1ky3ste92" chips="826" dealer="1" win="0" bet="110" muck="1" rebuy="0" addon="0" merge="0" rebuychips="0" reg_code="5089137467"/>
</players>
</general>
<round no="0"><action no="1" player="M1ky3ste92" type="15" sum="10"/>
<action no="2" player="Thechosenoonee" type="15" discard="1" dealt="1" sum="10"/>
<action no="3" player="M1ky3ste92" type="1" sum="50"/>
<action no="4" player="Thechosenoonee" type="2" discard="1" dealt="1" sum="100"/>
</round>
<round no="1"><cards type="Pocket" player="Thechosenoonee">X X</cards>
<cards type="Pocket" player="M1ky3ste92">H6 D8</cards>
<action no="5" player="M1ky3ste92" type="3" sum="50"/>
<action no="6" player="Thechosenoonee" type="23" discard="1" dealt="1" sum="664"/>
<action no="7" player="M1ky3ste92" type="0" sum="0"/>
</round>
</game>
<game gamecode="6593840403"><general>
<startdate>2026-01-13 23:12:11</startdate>
<round>1</round>
<failsafecounter/>
<players><player seat="10" name="M1ky3ste92" chips="716" dealer="0" win="0" bet="716" muck="0" rebuy="0" addon="0" merge="0" rebuychips="0" reg_code="5089137467"/>
<player seat="6" name="Thechosenoonee" chips="784" dealer="1" win="1,432" bet="784" muck="0" rebuy="0" addon="0" merge="0" rebuychips="0" reg_code="5089137253"/>
</players>
</general>
<round no="0"><action no="1" player="Thechosenoonee" type="15" discard="1" dealt="1" sum="10"/>
<action no="2" player="M1ky3ste92" type="15" sum="10"/>
<action no="3" player="Thechosenoonee" type="1" discard="1" dealt="1" sum="50"/>
<action no="4" player="M1ky3ste92" type="2" sum="100"/>
</round>
<round no="1"><cards type="Pocket" player="M1ky3ste92">DA S3</cards>
<cards type="Pocket" player="Thechosenoonee">CK S2</cards>
<action no="5" player="Thechosenoonee" type="23" discard="1" dealt="1" sum="774"/>
<action no="6" player="M1ky3ste92" type="7" sum="606"/>
</round>
<round no="2"><cards type="Flop">H10 DK SK</cards>
</round>
<round no="3"><cards type="Turn">CA</cards>
</round>
<round no="4"><cards type="River">C4</cards>
</round>
</game>
</session>
