<?xml version="1.0" encoding="UTF-8"?>
<session sessioncode="5089098323">
<general>
<client_version>25.7.1.50</client_version>
<mode>real</mode>
<gametype>Holdem NL</gametype>
<tablename>Twister €200 SNG, 826378397</tablename>
<tournamentcode>826378396</tournamentcode>
<tournamentname>Twister €200 SNG</tournamentname>
<buyin>€0 + €12 + €188</buyin>
<totalbuyin>€200</totalbuyin>
<rewarddrawn>€400</rewarddrawn>
<tournamentcurrency>EUR</tournamentcurrency>
<currency>EUR</currency>
<nickname>M1ky3ste92</nickname>
<gamecount>29</gamecount>
<startdate>2026-01-13 21:22:27</startdate>
<place>2</place>
<win>€0</win>
<tablesize>3</tablesize>
</general>
<game gamecode="6593658754"><general>
<startdate>2026-01-13 21:22:42</startdate>
<round>1</round>
<failsafecounter/>
<players><player seat="3" name="Tiuualex" chips="500" dealer="0" win="0" bet="20" muck="1" rebuy="0" addon="0" merge="0" rebuychips="0" reg_code="5089097277"/>
<player seat="6" name="Miloti1" chips="500" dealer="1" win="50" bet="80" muck="1" rebuy="0" addon="0" merge="0" rebuychips="0" reg_code="5089097494"/>
<player seat="10" name="M1ky3ste92" chips="500" dealer="0" win="0" bet="10" muck="1" rebuy="0" addon="0" merge="0" rebuychips="0" reg_code="5089098323"/>
</players>
</general>
<round no="0"><action no="1" player="M1ky3ste92" type="1" sum="10"/>
<action no="2" player="Tiuualex" type="2" discard="1" dealt="1" sum="20"/>
</round>
<round no="1"><cards type="Pocket" player="Tiuualex">X X</cards>
<cards type="Pocket" player="Miloti1">X X</cards>
<cards type="Pocket" player="M1ky3ste92">HQ H3</cards>
<action no="3" player="Miloti1" type="23" discard="1" dealt="1" sum="80"/>
<action no="4" player="M1ky3ste92" type="0" sum="0"/>
<action no="5" player="Tiuualex" type="0" discard="1" dealt="1" sum="0"/>
</round>
</game>
<game gamecode="6593658850"><general>
<startdate>2026-01-13 21:22:56</startdate>
<round>1</round>
<failsafecounter/>
<players><player seat="6" name="Miloti1" chips="530" dealer="0" win="0" bet="40" muck="1" rebuy="0" addon="0" merge="0" rebuychips="0" reg_code="5089097494"/>
<player seat="10" name="M1ky3ste92" chips="490" dealer="1" win="0" bet="0" muck="1" rebuy="0" addon="0" merge="0" rebuychips="0" reg_code="5089098323"/>
<player seat="3" name="Tiuualex" chips="480" dealer="0" win="80" bet="60" muck="1" rebuy="0" addon="0" merge="0" rebuychips="0" reg_code="5089097277"/>
</players>
</general>
<round no="0"><action no="1" player="Tiuualex" type="1" discard="1" dealt="1" sum="10"/>
<action no="2" player="Miloti1" type="2" discard="1" dealt="1" sum="20"/>
</round>
<round no="1"><cards type="Pocket" player="Tiuualex">X X</cards>
<cards type="Pocket" player="M1ky3ste92">C10 C3</cards>
<cards type="Pocket" player="Miloti1">X X</cards>
<action no="3" player="M1ky3ste92" type="0" sum="0"/>
<action no="4" player="Tiuualex" type="23" discard="1" dealt="1" sum="40"/>
<action no="5" player="Miloti1" type="3" discard="1" dealt="1" sum="20"/>
</round>
<round no="2"><cards type="Flop">CA SJ S3</cards>
<action no="6" player="Tiuualex" type="5" discard="1" dealt="1" sum="20"/>
<action no="7" player="Miloti1" type="0" discard="1" dealt="1" sum="0"/>
</round>
</game>
<game gamecode="6593658959"><general>
<startdate>2026-01-13 21:23:10</startdate>
<round>1</round>
<failsafecounter/>
<players><player seat="10" name="M1ky3ste92" chips="490" dealer="0" win="0" bet="20" muck="1" rebuy="0" addon="0" merge="0" rebuychips="0" reg_code="5089098323"/>
<player seat="3" name="Tiuualex" chips="520" dealer="1" win="0" bet="0" muck="1" rebuy="0" addon="0" merge="0" rebuychips="0" reg_code="5089097277"/>
<player seat="6" name="Miloti1" chips="490" dealer="0" win="40" bet="80" muck="1" rebuy="0" addon="0" merge="0" rebuychips="0" reg_code="5089097494"/>
</players>
</general>
<round no="0"><action no="1" player="Miloti1" type="1" discard="1" dealt="1" sum="10"/>
<action no="2" player="M1ky3ste92" type="2" sum="20"/>
</round>
<round no="1"><cards type="Pocket" player="Miloti1">X X</cards>
<cards type="Pocket" player="M1ky3ste92">HQ D6</cards>
<cards type="Pocket" player="Tiuualex">X X</cards>
<action no="3" player="Tiuualex" type="0" discard="1" dealt="1" sum="0"/>
<action no="4" player="Miloti1" type="23" discard="1" dealt="1" sum="80"/>
<action no="5" player="M1ky3ste92" type="0" sum="0"/>
</round>
</game>
<game gamecode="6593659056"><general>
<startdate>2026-01-13 21:23:24</startdate>
<round>1</round>
<failsafecounter/>
<players><player seat="3" name="Tiuualex" chips="520" dealer="0" win="0" bet="20" muck="1" rebuy="0" addon="0" merge="0" rebuychips="0" reg_code="5089097277"/>
<player seat="6" name="Miloti1" chips="510" dealer="1" win="50" bet="80" muck="0" rebuy="0" addon="0" merge="0" rebuychips="0" reg_code="5089097494"/>
<player seat="10" name="M1ky3ste92" chips="470" dealer="0" win="0" bet="10" muck="1" rebuy="0" addon="0" merge="0" rebuychips="0" reg_code="5089098323"/>
</players>
</general>
<round no="0"><action no="1" player="M1ky3ste92" type="1" sum="10"/>
<action no="2" player="Tiuualex" type="2" discard="1" dealt="1" sum="20"/>
</round>
<round no="1"><cards type="Pocket" player="Miloti1">HA C10</cards>
<cards type="Pocket" player="M1ky3ste92">DK H5</cards>
<cards type="Pocket" player="Tiuualex">X X</cards>
<action no="3" player="Miloti1" type="23" discard="1" dealt="1" sum="80"/>
<action no="4" player="M1ky3ste92" type="0" sum="0"/>
<action no="5" player="Tiuualex" type="0" discard="1" dealt="1" sum="0"/>
</round>
</game>
<game gamecode="6593659131"><general>
<startdate>2026-01-13 21:23:34</startdate>
<round>1</round>
<failsafecounter/>
<players><player seat="6" name="Miloti1" chips="540" dealer="0" win="0" bet="120" muck="1" rebuy="0" addon="0" merge="0" rebuychips="0" reg_code="5089097494"/>
<player seat="10" name="M1ky3ste92" chips="460" dealer="1" win="250" bet="300" muck="1" rebuy="0" addon="0" merge="0" rebuychips="0" reg_code="5089098323"/>
<player seat="3" name="Tiuualex" chips="500" dealer="0" win="0" bet="10" muck="1" rebuy="0" addon="0" merge="0" rebuychips="0" reg_code="5089097277"/>
</players>
</general>
<round no="0"><action no="1" player="Tiuualex" type="1" discard="1" dealt="1" sum="10"/>
<action no="2" player="Miloti1" type="2" discard="1" dealt="1" sum="20"/>
</round>
<round no="1"><cards type="Pocket" player="M1ky3ste92">DQ S10</cards>
<cards type="Pocket" player="Tiuualex">X X</cards>
<cards type="Pocket" player="Miloti1">X X</cards>
<action no="3" player="M1ky3ste92" type="23" sum="40"/>
<action no="4" player="Tiuualex" type="0" discard="1" dealt="1" sum="0"/>
<action no="5" player="Miloti1" type="3" discard="1" dealt="1" sum="20"/>
</round>
<round no="2"><cards type="Flop">C6 D5 D8</cards>
<action no="6" player="Miloti1" type="4" discard="1" dealt="1" sum="0"/>
<action no="7" player="M1ky3ste92" type="4" sum="0"/>
</round>
<round no="3"><cards type="Turn">DJ</cards>
<action no="8" player="Miloti1" type="4" discard="1" dealt="1" sum="0"/>
<action no="9" player="M1ky3ste92" type="5" sum="60"/>
<action no="10" player="Miloti1" type="3" discard="1" dealt="1" sum="60"/>
</round>
<round no="4"><cards type="River">S9</cards>
<action no="11" player="Miloti1" type="5" discard="1" dealt="1" sum="20"/>
<action no="12" player="M1ky3ste92" type="23" sum="200"/>
<action no="13" player="Miloti1" type="0" discard="1" dealt="1" sum="0"/>
</round>
</game>
<game gamecode="6593659430"><general>
<startdate>2026-01-13 21:24:13</startdate>
<round>1</round>
<failsafecounter/>
<players><player seat="10" name="M1ky3ste92" chips="590" dealer="0" win="0" bet="20" muck="1" rebuy="0" addon="0" merge="0" rebuychips="0" reg_code="5089098323"/>
<player seat="3" name="Tiuualex" chips="490" dealer="1" win="0" bet="0" muck="1" rebuy="0" addon="0" merge="0" rebuychips="0" reg_code="5089097277"/>
<player seat="6" name="Miloti1" chips="420" dealer="0" win="40" bet="80" muck="1" rebuy="0" addon="0" merge="0" rebuychips="0" reg_code="5089097494"/>
</players>
</general>
<round no="0"><action no="1" player="Miloti1" type="1" discard="1" dealt="1" sum="10"/>
<action no="2" player="M1ky3ste92" type="2" sum="20"/>
</round>
<round no="1"><cards type="Pocket" player="Tiuualex">X X</cards>
<cards type="Pocket" player="M1ky3ste92">D4 H9</cards>
<cards type="Pocket" player="Miloti1">X X</cards>
<action no="3" player="Tiuualex" type="0" discard="1" dealt="1" sum="0"/>
<action no="4" player="Miloti1" type="23" discard="1" dealt="1" sum="80"/>
<action no="5" player="M1ky3ste92" type="0" sum="0"/>
</round>
</game>
<game gamecode="6593659521"><general>
<startdate>2026-01-13 21:24:24</startdate>
<round>1</round>
<failsafecounter/>
<players><player seat="3" name="Tiuualex" chips="490" dealer="0" win="0" bet="35" muck="1" rebuy="0" addon="0" merge="0" rebuychips="0" reg_code="5089097277"/>
<player seat="6" name="Miloti1" chips="440" dealer="1" win="0" bet="35" muck="1" rebuy="0" addon="0" merge="0" rebuychips="0" reg_code="5089097494"/>
<player seat="10" name="M1ky3ste92" chips="570" dealer="0" win="105" bet="570" muck="1" rebuy="0" addon="0" merge="0" rebuychips="0" reg_code="5089098323"/>
</players>
</general>
<round no="0"><action no="1" player="M1ky3ste92" type="15" sum="5"/>
<action no="2" player="Tiuualex" type="15" discard="1" dealt="1" sum="5"/>
<action no="3" player="Miloti1" type="15" discard="1" dealt="1" sum="5"/>
<action no="4" player="M1ky3ste92" type="1" sum="15"/>
<action no="5" player="Tiuualex" type="2" discard="1" dealt="1" sum="30"/>
</round>
<round no="1"><cards type="Pocket" player="Miloti1">X X</cards>
<cards type="Pocket" player="M1ky3ste92">CJ HK</cards>
<cards type="Pocket" player="Tiuualex">X X</cards>
<action no="6" player="Miloti1" type="3" discard="1" dealt="1" sum="30"/>
<action no="7" player="M1ky3ste92" type="23" sum="565"/>
<action no="8" player="Tiuualex" type="0" discard="1" dealt="1" sum="0"/>
<action no="9" player="Miloti1" type="0" discard="1" dealt="1" sum="0"/>
</round>
</game>
<game gamecode="6593659609"><general>
<startdate>2026-01-13 21:24:35</startdate>
<round>1</round>
<failsafecounter/>
<players><player seat="6" name="Miloti1" chips="405" dealer="0" win="141" bet="209" muck="0" rebuy="0" addon="0" merge="0" rebuychips="0" reg_code="5089097494"/>
<player seat="10" name="M1ky3ste92" chips="640" dealer="1" win="0" bet="5" muck="1" rebuy="0" addon="0" merge="0" rebuychips="0" reg_code="5089098323"/>
<player seat="3" name="Tiuualex" chips="455" dealer="0" win="0" bet="68" muck="1" rebuy="0" addon="0" merge="0" rebuychips="0" reg_code="5089097277"/>
</players>
</general>
<round no="0"><action no="1" player="Tiuualex" type="15" discard="1" dealt="1" sum="5"/>
<action no="2" player="Miloti1" type="15" discard="1" dealt="1" sum="5"/>
<action no="3" player="M1ky3ste92" type="15" sum="5"/>
<action no="4" player="Tiuualex" type="1" discard="1" dealt="1" sum="15"/>
<action no="5" player="Miloti1" type="2" discard="1" dealt="1" sum="30"/>
</round>
<round no="1"><cards type="Pocket" player="Miloti1">SA S5</cards>
<cards type="Pocket" player="M1ky3ste92">C2 C10</cards>
<cards type="Pocket" player="Tiuualex">X X</cards>
<action no="6" player="M1ky3ste92" type="0" sum="0"/>
<action no="7" player="Tiuualex" type="3" discard="1" dealt="1" sum="15"/>
<action no="8" player="Miloti1" type="4" discard="1" dealt="1" sum="0"/>
</round>
<round no="2"><cards type="Flop">HA HJ S10</cards>
<action no="9" player="Tiuualex" type="4" discard="1" dealt="1" sum="0"/>
<action no="10" player="Miloti1" type="4" discard="1" dealt="1" sum="0"/>
</round>
<round no="3"><cards type="Turn">HK</cards>
<action no="11" player="Tiuualex" type="4" discard="1" dealt="1" sum="0"/>
<action no="12" player="Miloti1" type="4" discard="1" dealt="1" sum="0"/>
</round>
<round no="4"><cards type="River">H4</cards>
<action no="13" player="Tiuualex" type="5" discard="1" dealt="1" sum="33"/>
<action no="14" player="Miloti1" type="23" discard="1" dealt="1" sum="174"/>
<action no="15" player="Tiuualex" type="0" discard="1" dealt="1" sum="0"/>
</round>
</game>
<game gamecode="6593665058"><general>
<startdate>2026-01-13 21:24:58</startdate>
<round>1</round>
<failsafecounter/>
<players><player seat="10" name="M1ky3ste92" chips="635" dealer="0" win="0" bet="35" muck="1" rebuy="0" addon="0" merge="0" rebuychips="0" reg_code="5089098323"/>
<player seat="3" name="Tiuualex" chips="387" dealer="1" win="165" bet="387" muck="1" rebuy="0" addon="0" merge="0" rebuychips="0" reg_code="5089097277"/>
<player seat="6" name="Miloti1" chips="478" dealer="0" win="0" bet="65" muck="1" rebuy="0" addon="0" merge="0" rebuychips="0" reg_code="5089097494"/>
</players>
</general>
<round no="0"><action no="1" player="Miloti1" type="15" discard="1" dealt="1" sum="5"/>
<action no="2" player="M1ky3ste92" type="15" sum="5"/>
<action no="3" player="Tiuualex" type="15" discard="1" dealt="1" sum="5"/>
<action no="4" player="Miloti1" type="1" discard="1" dealt="1" sum="15"/>
<action no="5" player="M1ky3ste92" type="2" sum="30"/>
</round>
<round no="1"><cards type="Pocket" player="Tiuualex">X X</cards>
<cards type="Pocket" player="M1ky3ste92">D5 H9</cards>
<cards type="Pocket" player="Miloti1">X X</cards>
<action no="6" player="Tiuualex" type="23" discard="1" dealt="1" sum="60"/>
<action no="7" player="Miloti1" type="3" discard="1" dealt="1" sum="45"/>
<action no="8" player="M1ky3ste92" type="0" sum="0"/>
</round>
<round no="2"><cards type="Flop">S8 DJ DK</cards>
<action no="9" player="Miloti1" type="4" discard="1" dealt="1" sum="0"/>
<action no="10" player="Tiuualex" type="4" discard="1" dealt="1" sum="0"/>
</round>
<round no="3"><cards type="Turn">SQ</cards>
<action no="11" player="Miloti1" type="4" discard="1" dealt="1" sum="0"/>
<action no="12" player="Tiuualex" type="4" discard="1" dealt="1" sum="0"/>
</round>
<round no="4"><cards type="River">CQ</cards>
<action no="13" player="Miloti1" type="4" discard="1" dealt="1" sum="0"/>
<action no="14" player="Tiuualex" type="5" discard="1" dealt="1" sum="322"/>
<action no="15" player="Miloti1" type="0" discard="1" dealt="1" sum="0"/>
</round>
</game>
<game gamecode="6593665193"><general>
<startdate>2026-01-13 21:25:16</startdate>
<round>1</round>
<failsafecounter/>
<players><player seat="3" name="Tiuualex" chips="487" dealer="0" win="0" bet="35" muck="1" rebuy="0" addon="0" merge="0" rebuychips="0" reg_code="5089097277"/>
<player seat="6" name="Miloti1" chips="413" dealer="1" win="90" bet="125" muck="1" rebuy="0" addon="0" merge="0" rebuychips="0" reg_code="5089097494"/>
<player seat="10" name="M1ky3ste92" chips="600" dealer="0" win="0" bet="20" muck="1" rebuy="0" addon="0" merge="0" rebuychips="0" reg_code="5089098323"/>
</players>
</general>
<round no="0"><action no="1" player="M1ky3ste92" type="15" sum="5"/>
<action no="2" player="Tiuualex" type="15" discard="1" dealt="1" sum="5"/>
<action no="3" player="Miloti1" type="15" discard="1" dealt="1" sum="5"/>
<action no="4" player="M1ky3ste92" type="1" sum="15"/>
<action no="5" player="Tiuualex" type="2" discard="1" dealt="1" sum="30"/>
</round>
<round no="1"><cards type="Pocket" player="M1ky3ste92">C8 S4</cards>
<cards type="Pocket" player="Miloti1">X X</cards>
<cards type="Pocket" player="Tiuualex">X X</cards>
<action no="6" player="Miloti1" type="23" discard="1" dealt="1" sum="120"/>
<action no="7" player="M1ky3ste92" type="0" sum="0"/>
<action no="8" player="Tiuualex" type="0" discard="1" dealt="1" sum="0"/>
</round>
</game>
<game gamecode="6593665264"><general>
<startdate>2026-01-13 21:25:25</startdate>
<round>1</round>
<failsafecounter/>
<players><player seat="6" name="Miloti1" chips="468" dealer="0" win="956" bet="468" muck="0" rebuy="0" addon="0" merge="0" rebuychips="0" reg_code="5089097494"/>
<player seat="10" name="M1ky3ste92" chips="580" dealer="1" win="0" bet="580" muck="0" rebuy="0" addon="0" merge="0" rebuychips="0" reg_code="5089098323"/>
<player seat="3" name="Tiuualex" chips="452" dealer="0" win="0" bet="20" muck="1" rebuy="0" addon="0" merge="0" rebuychips="0" reg_code="5089097277"/>
</players>
</general>
<round no="0"><action no="1" player="Tiuualex" type="15" discard="1" dealt="1" sum="5"/>
<action no="2" player="Miloti1" type="15" discard="1" dealt="1" sum="5"/>
<action no="3" player="M1ky3ste92" type="15" sum="5"/>
<action no="4" player="Tiuualex" type="1" discard="1" dealt="1" sum="15"/>
<action no="5" player="Miloti1" type="2" discard="1" dealt="1" sum="30"/>
</round>
<round no="1"><cards type="Pocket" player="M1ky3ste92">S5 D5</cards>
<cards type="Pocket" player="Tiuualex">X X</cards>
<cards type="Pocket" player="Miloti1">DJ HA</cards>
<action no="6" player="M1ky3ste92" type="23" sum="575"/>
<action no="7" player="Tiuualex" type="0" discard="1" dealt="1" sum="0"/>
<action no="8" player="Miloti1" type="7" discard="1" dealt="1" sum="433"/>
</round>
<round no="2"><cards type="Flop">H3 SK C10</cards>
</round>
<round no="3"><cards type="Turn">CJ</cards>
</round>
<round no="4"><cards type="River">D4</cards>
</round>
</game>
<game gamecode="6593665416"><general>
<startdate>2026-01-13 21:25:44</startdate>
<round>1</round>
<failsafecounter/>
<players><player seat="10" name="M1ky3ste92" chips="112" dealer="0" win="244" bet="112" muck="0" rebuy="0" addon="0" merge="0" rebuychips="0" reg_code="5089098323"/>
<player seat="3" name="Tiuualex" chips="432" dealer="1" win="0" bet="432" muck="1" rebuy="0" addon="0" merge="0" rebuychips="0" reg_code="5089097277"/>
<player seat="6" name="Miloti1" chips="956" dealer="0" win="0" bet="20" muck="1" rebuy="0" addon="0" merge="0" rebuychips="0" reg_code="5089097494"/>
</players>
</general>
<round no="0"><action no="1" player="Miloti1" type="15" discard="1" dealt="1" sum="5"/>
<action no="2" player="M1ky3ste92" type="15" sum="5"/>
<action no="3" player="Tiuualex" type="15" discard="1" dealt="1" sum="5"/>
<action no="4" player="Miloti1" type="1" discard="1" dealt="1" sum="15"/>
<action no="5" player="M1ky3ste92" type="2" sum="30"/>
</round>
<round no="1"><cards type="Pocket" player="Miloti1">X X</cards>
<cards type="Pocket" player="Tiuualex">HK DQ</cards>
<cards type="Pocket" player="M1ky3ste92">HA D9</cards>
<action no="6" player="Tiuualex" type="23" discard="1" dealt="1" sum="427"/>
<action no="7" player="Miloti1" type="0" discard="1" dealt="1" sum="0"/>
<action no="8" player="M1ky3ste92" type="7" sum="77"/>
</round>
<round no="2"><cards type="Flop">C9 S8 S2</cards>
</round>
<round no="3"><cards type="Turn">CA</cards>
</round>
<round no="4"><cards type="River">D4</cards>
</round>
</game>
<game gamecode="6593665560"><general>
<startdate>2026-01-13 21:26:01</startdate>
<round>1</round>
<failsafecounter/>
<players><player seat="3" name="Tiuualex" chips="320" dealer="0" win="0" bet="35" muck="1" rebuy="0" addon="0" merge="0" rebuychips="0" reg_code="5089097277"/>
<player seat="6" name="Miloti1" chips="936" dealer="1" win="90" bet="125" muck="0" rebuy="0" addon="0" merge="0" rebuychips="0" reg_code="5089097494"/>
<player seat="10" name="M1ky3ste92" chips="244" dealer="0" win="0" bet="20" muck="1" rebuy="0" addon="0" merge="0" rebuychips="0" reg_code="5089098323"/>
</players>
</general>
<round no="0"><action no="1" player="M1ky3ste92" type="15" sum="5"/>
<action no="2" player="Tiuualex" type="15" discard="1" dealt="1" sum="5"/>
<action no="3" player="Miloti1" type="15" discard="1" dealt="1" sum="5"/>
<action no="4" player="M1ky3ste92" type="1" sum="15"/>
<action no="5" player="Tiuualex" type="2" discard="1" dealt="1" sum="30"/>
</round>
<round no="1"><cards type="Pocket" player="Tiuualex">X X</cards>
<cards type="Pocket" player="Miloti1">CK DA</cards>
<cards type="Pocket" player="M1ky3ste92">C7 D2</cards>
<action no="6" player="Miloti1" type="23" discard="1" dealt="1" sum="120"/>
<action no="7" player="M1ky3ste92" type="0" sum="0"/>
<action no="8" player="Tiuualex" type="0" discard="1" dealt="1" sum="0"/>
</round>
</game>
<game gamecode="6593665652"><general>
<startdate>2026-01-13 21:26:13</startdate>
<round>1</round>
<failsafecounter/>
<players><player seat="6" name="Miloti1" chips="991" dealer="0" win="575" bet="285" muck="0" rebuy="0" addon="0" merge="0" rebuychips="0" reg_code="5089097494"/>
<player seat="10" name="M1ky3ste92" chips="224" dealer="1" win="0" bet="5" muck="1" rebuy="0" addon="0" merge="0" rebuychips="0" reg_code="5089098323"/>
<player seat="3" name="Tiuualex" chips="285" dealer="0" win="0" bet="285" muck="0" rebuy="0" addon="0" merge="0" rebuychips="0" reg_code="5089097277"/>
</players>
</general>
<round no="0"><action no="1" player="Tiuualex" type="15" discard="1" dealt="1" sum="5"/>
<action no="2" player="Miloti1" type="15" discard="1" dealt="1" sum="5"/>
<action no="3" player="M1ky3ste92" type="15" sum="5"/>
<action no="4" player="Tiuualex" type="1" discard="1" dealt="1" sum="20"/>
<action no="5" player="Miloti1" type="2" discard="1" dealt="1" sum="40"/>
</round>
<round no="1"><cards type="Pocket" player="M1ky3ste92">C6 S2</cards>
<cards type="Pocket" player="Tiuualex">H6 DJ</cards>
<cards type="Pocket" player="Miloti1">H8 SQ</cards>
<action no="6" player="M1ky3ste92" type="0" sum="0"/>
<action no="7" player="Tiuualex" type="23" discard="1" dealt="1" sum="280"/>
<action no="8" player="Miloti1" type="3" discard="1" dealt="1" sum="240"/>
</round>
<round no="2"><cards type="Flop">C7 S7 S4</cards>
</round>
<round no="3"><cards type="Turn">D10</cards>
</round>
<round no="4"><cards type="River">CQ</cards>
</round>
</game>
<game gamecode="6593665780"><general>
<startdate>2026-01-13 21:26:29</startdate>
<round>1</round>
<failsafecounter/>
<players><player seat="10" name="M1ky3ste92" chips="219" dealer="0" win="90" bet="219" muck="1" rebuy="0" addon="0" merge="0" rebuychips="0" reg_code="5089098323"/>
<player seat="6" name="Miloti1" chips="1,281" dealer="1" win="0" bet="45" muck="1" rebuy="0" addon="0" merge="0" rebuychips="0" reg_code="5089097494"/>
</players>
</general>
<round no="0"><action no="1" player="Miloti1" type="15" discard="1" dealt="1" sum="5"/>
<action no="2" player="M1ky3ste92" type="15" sum="5"/>
<action no="3" player="Miloti1" type="1" discard="1" dealt="1" sum="20"/>
<action no="4" player="M1ky3ste92" type="2" sum="40"/>
</round>
<round no="1"><cards type="Pocket" player="Miloti1">X X</cards>
<cards type="Pocket" player="M1ky3ste92">SQ C6</cards>
<action no="5" player="Miloti1" type="3" discard="1" dealt="1" sum="20"/>
<action no="6" player="M1ky3ste92" type="23" sum="214"/>
<action no="7" player="Miloti1" type="0" discard="1" dealt="1" sum="0"/>
</round>
</game>
<game gamecode="6593665852"><general>
<startdate>2026-01-13 21:26:39</startdate>
<round>1</round>
<failsafecounter/>
<players><player seat="6" name="Miloti1" chips="1,236" dealer="0" win="0" bet="264" muck="1" rebuy="0" addon="0" merge="0" rebuychips="0" reg_code="5089097494"/>
<player seat="10" name="M1ky3ste92" chips="264" dealer="1" win="528" bet="264" muck="0" rebuy="0" addon="0" merge="0" rebuychips="0" reg_code="5089098323"/>
</players>
</general>
<round no="0"><action no="1" player="M1ky3ste92" type="15" sum="5"/>
<action no="2" player="Miloti1" type="15" discard="1" dealt="1" sum="5"/>
<action no="3" player="M1ky3ste92" type="1" sum="20"/>
<action no="4" player="Miloti1" type="2" discard="1" dealt="1" sum="40"/>
</round>
<round no="1"><cards type="Pocket" player="Miloti1">D5 H7</cards>
<cards type="Pocket" player="M1ky3ste92">D8 H9</cards>
<action no="5" player="M1ky3ste92" type="23" sum="259"/>
<action no="6" player="Miloti1" type="3" discard="1" dealt="1" sum="219"/>
</round>
<round no="2"><cards type="Flop">HQ C8 D10</cards>
</round>
<round no="3"><cards type="Turn">DQ</cards>
</round>
<round no="4"><cards type="River">DK</cards>
</round>
</game>
<game gamecode="6593665978"><general>
<startdate>2026-01-13 21:26:54</startdate>
<round>1</round>
<failsafecounter/>
<players><player seat="10" name="M1ky3ste92" chips="528" dealer="0" win="0" bet="45" muck="1" rebuy="0" addon="0" merge="0" rebuychips="0" reg_code="5089098323"/>
<player seat="6" name="Miloti1" chips="972" dealer="1" win="90" bet="972" muck="1" rebuy="0" addon="0" merge="0" rebuychips="0" reg_code="5089097494"/>
</players>
</general>
<round no="0"><action no="1" player="Miloti1" type="15" discard="1" dealt="1" sum="5"/>
<action no="2" player="M1ky3ste92" type="15" sum="5"/>
<action no="3" player="Miloti1" type="1" discard="1" dealt="1" sum="20"/>
<action no="4" player="M1ky3ste92" type="2" sum="40"/>
</round>
<round no="1"><cards type="Pocket" player="Miloti1">X X</cards>
<cards type="Pocket" player="M1ky3ste92">HK D4</cards>
<action no="5" player="Miloti1" type="23" discard="1" dealt="1" sum="967"/>
<action no="6" player="M1ky3ste92" type="0" sum="0"/>
</round>
</game>
<game gamecode="6593666054"><general>
<startdate>2026-01-13 21:27:03</startdate>
<round>1</round>
<failsafecounter/>
<players><player seat="6" name="Miloti1" chips="1,017" dealer="0" win="90" bet="1,017" muck="1" rebuy="0" addon="0" merge="0" rebuychips="0" reg_code="5089097494"/>
<player seat="10" name="M1ky3ste92" chips="483" dealer="1" win="0" bet="45" muck="1" rebuy="0" addon="0" merge="0" rebuychips="0" reg_code="5089098323"/>
</players>
</general>
<round no="0"><action no="1" player="M1ky3ste92" type="15" sum="5"/>
<action no="2" player="Miloti1" type="15" discard="1" dealt="1" sum="5"/>
<action no="3" player="M1ky3ste92" type="1" sum="20"/>
<action no="4" player="Miloti1" type="2" discard="1" dealt="1" sum="40"/>
</round>
<round no="1"><cards type="Pocket" player="Miloti1">X X</cards>
<cards type="Pocket" player="M1ky3ste92">SK D5</cards>
<action no="5" player="M1ky3ste92" type="3" sum="20"/>
<action no="6" player="Miloti1" type="23" discard="1" dealt="1" sum="1,012"/>
<action no="7" player="M1ky3ste92" type="0" sum="0"/>
</round>
</game>
<game gamecode="6593666116"><general>
<startdate>2026-01-13 21:27:12</startdate>
<round>1</round>
<failsafecounter/>
<players><player seat="10" name="M1ky3ste92" chips="438" dealer="0" win="0" bet="45" muck="1" rebuy="0" addon="0" merge="0" rebuychips="0" reg_code="5089098323"/>
<player seat="6" name="Miloti1" chips="1,062" dealer="1" win="90" bet="1,062" muck="1" rebuy="0" addon="0" merge="0" rebuychips="0" reg_code="5089097494"/>
</players>
</general>
<round no="0"><action no="1" player="Miloti1" type="15" discard="1" dealt="1" sum="5"/>
<action no="2" player="M1ky3ste92" type="15" sum="5"/>
<action no="3" player="Miloti1" type="1" discard="1" dealt="1" sum="20"/>
<action no="4" player="M1ky3ste92" type="2" sum="40"/>
</round>
<round no="1"><cards type="Pocket" player="Miloti1">X X</cards>
<cards type="Pocket" player="M1ky3ste92">H5 HJ</cards>
<action no="5" player="Miloti1" type="23" discard="1" dealt="1" sum="1,057"/>
<action no="6" player="M1ky3ste92" type="0" sum="0"/>
</round>
</game>
<game gamecode="6593666209"><general>
<startdate>2026-01-13 21:27:23</startdate>
<round>1</round>
<failsafecounter/>
<players><player seat="6" name="Miloti1" chips="1,107" dealer="0" win="0" bet="45" muck="1" rebuy="0" addon="0" merge="0" rebuychips="0" reg_code="5089097494"/>
<player seat="10" name="M1ky3ste92" chips="393" dealer="1" win="90" bet="135" muck="1" rebuy="0" addon="0" merge="0" rebuychips="0" reg_code="5089098323"/>
</players>
</general>
<round no="0"><action no="1" player="M1ky3ste92" type="15" sum="5"/>
<action no="2" player="Miloti1" type="15" discard="1" dealt="1" sum="5"/>
<action no="3" player="M1ky3ste92" type="1" sum="20"/>
<action no="4" player="Miloti1" type="2" discard="1" dealt="1" sum="40"/>
</round>
<round no="1"><cards type="Pocket" player="Miloti1">X X</cards>
<cards type="Pocket" player="M1ky3ste92">C6 H5</cards>
<action no="5" player="M1ky3ste92" type="3" sum="20"/>
<action no="6" player="Miloti1" type="4" discard="1" dealt="1" sum="0"/>
</round>
<round no="2"><cards type="Flop">H8 S10 C7</cards>
<action no="7" player="Miloti1" type="4" discard="1" dealt="1" sum="0"/>
<action no="8" player="M1ky3ste92" type="4" sum="0"/>
</round>
<round no="3"><cards type="Turn">H10</cards>
<action no="9" player="Miloti1" type="4" discard="1" dealt="1" sum="0"/>
<action no="10" player="M1ky3ste92" type="4" sum="0"/>
</round>
<round no="4"><cards type="River">DJ</cards>
<action no="11" player="Miloti1" type="4" discard="1" dealt="1" sum="0"/>
<action no="12" player="M1ky3ste92" type="5" sum="90"/>
<action no="13" player="Miloti1" type="0" discard="1" dealt="1" sum="0"/>
</round>
</game>
<game gamecode="6593666368"><general>
<startdate>2026-01-13 21:27:42</startdate>
<round>1</round>
<failsafecounter/>
<players><player seat="10" name="M1ky3ste92" chips="438" dealer="0" win="876" bet="438" muck="0" rebuy="0" addon="0" merge="0" rebuychips="0" reg_code="5089098323"/>
<player seat="6" name="Miloti1" chips="1,062" dealer="1" win="0" bet="645" muck="1" rebuy="0" addon="0" merge="0" rebuychips="0" reg_code="5089097494"/>
</players>
</general>
<round no="0"><action no="1" player="Miloti1" type="15" discard="1" dealt="1" sum="5"/>
<action no="2" player="M1ky3ste92" type="15" sum="5"/>
<action no="3" player="Miloti1" type="1" discard="1" dealt="1" sum="30"/>
<action no="4" player="M1ky3ste92" type="2" sum="60"/>
</round>
<round no="1"><cards type="Pocket" player="M1ky3ste92">HK DK</cards>
<cards type="Pocket" player="Miloti1">D10 H6</cards>
<action no="5" player="Miloti1" type="3" discard="1" dealt="1" sum="30"/>
<action no="6" player="M1ky3ste92" type="23" sum="120"/>
<action no="7" player="Miloti1" type="3" discard="1" dealt="1" sum="60"/>
</round>
<round no="2"><cards type="Flop">D3 S7 D6</cards>
<action no="8" player="M1ky3ste92" type="5" sum="90"/>
<action no="9" player="Miloti1" type="23" discard="1" dealt="1" sum="520"/>
<action no="10" player="M1ky3ste92" type="7" sum="223"/>
</round>
<round no="3"><cards type="Turn">C3</cards>
</round>
<round no="4"><cards type="River">D9</cards>
</round>
</game>
<game gamecode="6593666582"><general>
<startdate>2026-01-13 21:28:09</startdate>
<round>1</round>
<failsafecounter/>
<players><player seat="6" name="Miloti1" chips="624" dealer="0" win="130" bet="624" muck="1" rebuy="0" addon="0" merge="0" rebuychips="0" reg_code="5089097494"/>
<player seat="10" name="M1ky3ste92" chips="876" dealer="1" win="0" bet="65" muck="1" rebuy="0" addon="0" merge="0" rebuychips="0" reg_code="5089098323"/>
</players>
</general>
<round no="0"><action no="1" player="M1ky3ste92" type="15" sum="5"/>
<action no="2" player="Miloti1" type="15" discard="1" dealt="1" sum="5"/>
<action no="3" player="M1ky3ste92" type="1" sum="30"/>
<action no="4" player="Miloti1" type="2" discard="1" dealt="1" sum="60"/>
</round>
<round no="1"><cards type="Pocket" player="Miloti1">X X</cards>
<cards type="Pocket" player="M1ky3ste92">D10 D5</cards>
<action no="5" player="M1ky3ste92" type="3" sum="30"/>
<action no="6" player="Miloti1" type="23" discard="1" dealt="1" sum="619"/>
<action no="7" player="M1ky3ste92" type="0" sum="0"/>
</round>
</game>
<game gamecode="6593666682"><general>
<startdate>2026-01-13 21:28:20</startdate>
<round>1</round>
<failsafecounter/>
<players><player seat="10" name="M1ky3ste92" chips="811" dealer="0" win="0" bet="65" muck="1" rebuy="0" addon="0" merge="0" rebuychips="0" reg_code="5089098323"/>
<player seat="6" name="Miloti1" chips="689" dealer="1" win="130" bet="689" muck="1" rebuy="0" addon="0" merge="0" rebuychips="0" reg_code="5089097494"/>
</players>
</general>
<round no="0"><action no="1" player="Miloti1" type="15" discard="1" dealt="1" sum="5"/>
<action no="2" player="M1ky3ste92" type="15" sum="5"/>
<action no="3" player="Miloti1" type="1" discard="1" dealt="1" sum="30"/>
<action no="4" player="M1ky3ste92" type="2" sum="60"/>
</round>
<round no="1"><cards type="Pocket" player="Miloti1">X X</cards>
<cards type="Pocket" player="M1ky3ste92">S10 D9</cards>
<action no="5" player="Miloti1" type="23" discard="1" dealt="1" sum="684"/>
<action no="6" player="M1ky3ste92" type="0" sum="0"/>
</round>
</game>
<game gamecode="6593666766"><general>
<startdate>2026-01-13 21:28:32</startdate>
<round>1</round>
<failsafecounter/>
<players><player seat="6" name="Miloti1" chips="754" dealer="0" win="65" bet="65" muck="0" rebuy="0" addon="0" merge="0" rebuychips="0" reg_code="5089097494"/>
<player seat="10" name="M1ky3ste92" chips="746" dealer="1" win="65" bet="65" muck="0" rebuy="0" addon="0" merge="0" rebuychips="0" reg_code="5089098323"/>
</players>
</general>
<round no="0"><action no="1" player="M1ky3ste92" type="15" sum="5"/>
<action no="2" player="Miloti1" type="15" discard="1" dealt="1" sum="5"/>
<action no="3" player="M1ky3ste92" type="1" sum="30"/>
<action no="4" player="Miloti1" type="2" discard="1" dealt="1" sum="60"/>
</round>
<round no="1"><cards type="Pocket" player="Miloti1">C8 DK</cards>
<cards type="Pocket" player="M1ky3ste92">HK H6</cards>
<action no="5" player="M1ky3ste92" type="3" sum="30"/>
<action no="6" player="Miloti1" type="4" discard="1" dealt="1" sum="0"/>
</round>
<round no="2"><cards type="Flop">D10 SQ D2</cards>
<action no="7" player="Miloti1" type="4" discard="1" dealt="1" sum="0"/>
<action no="8" player="M1ky3ste92" type="4" sum="0"/>
</round>
<round no="3"><cards type="Turn">S2</cards>
<action no="9" player="Miloti1" type="4" discard="1" dealt="1" sum="0"/>
<action no="10" player="M1ky3ste92" type="4" sum="0"/>
</round>
<round no="4"><cards type="River">D3</cards>
<action no="11" player="Miloti1" type="4" discard="1" dealt="1" sum="0"/>
<action no="12" player="M1ky3ste92" type="4" sum="0"/>
</round>
</game>
<game gamecode="6593666924"><general>
<startdate>2026-01-13 21:28:52</startdate>
<round>1</round>
<failsafecounter/>
<players><player seat="10" name="M1ky3ste92" chips="746" dealer="0" win="0" bet="65" muck="1" rebuy="0" addon="0" merge="0" rebuychips="0" reg_code="5089098323"/>
<player seat="6" name="Miloti1" chips="754" dealer="1" win="130" bet="754" muck="1" rebuy="0" addon="0" merge="0" rebuychips="0" reg_code="5089097494"/>
</players>
</general>
<round no="0"><action no="1" player="Miloti1" type="15" discard="1" dealt="1" sum="5"/>
<action no="2" player="M1ky3ste92" type="15" sum="5"/>
<action no="3" player="Miloti1" type="1" discard="1" dealt="1" sum="30"/>
<action no="4" player="M1ky3ste92" type="2" sum="60"/>
</round>
<round no="1"><cards type="Pocket" player="M1ky3ste92">S4 C6</cards>
<cards type="Pocket" player="Miloti1">X X</cards>
<action no="5" player="Miloti1" type="23" discard="1" dealt="1" sum="749"/>
<action no="6" player="M1ky3ste92" type="0" sum="0"/>
</round>
</game>
<game gamecode="6593667016"><general>
<startdate>2026-01-13 21:29:03</startdate>
<round>1</round>
<failsafecounter/>
<players><player seat="6" name="Miloti1" chips="819" dealer="0" win="70" bet="65" muck="1" rebuy="0" addon="0" merge="0" rebuychips="0" reg_code="5089097494"/>
<player seat="10" name="M1ky3ste92" chips="681" dealer="1" win="0" bet="35" muck="1" rebuy="0" addon="0" merge="0" rebuychips="0" reg_code="5089098323"/>
</players>
</general>
<round no="0"><action no="1" player="M1ky3ste92" type="15" sum="5"/>
<action no="2" player="Miloti1" type="15" discard="1" dealt="1" sum="5"/>
<action no="3" player="M1ky3ste92" type="1" sum="30"/>
<action no="4" player="Miloti1" type="2" discard="1" dealt="1" sum="60"/>
</round>
<round no="1"><cards type="Pocket" player="M1ky3ste92">D6 H3</cards>
<cards type="Pocket" player="Miloti1">X X</cards>
<action no="5" player="M1ky3ste92" type="0" sum="0"/>
</round>
</game>
<game gamecode="6593667089"><general>
<startdate>2026-01-13 21:29:11</startdate>
<round>1</round>
<failsafecounter/>
<players><player seat="10" name="M1ky3ste92" chips="646" dealer="0" win="0" bet="125" muck="1" rebuy="0" addon="0" merge="0" rebuychips="0" reg_code="5089098323"/>
<player seat="6" name="Miloti1" chips="854" dealer="1" win="250" bet="854" muck="1" rebuy="0" addon="0" merge="0" rebuychips="0" reg_code="5089097494"/>
</players>
</general>
<round no="0"><action no="1" player="Miloti1" type="15" discard="1" dealt="1" sum="5"/>
<action no="2" player="M1ky3ste92" type="15" sum="5"/>
<action no="3" player="Miloti1" type="1" discard="1" dealt="1" sum="30"/>
<action no="4" player="M1ky3ste92" type="2" sum="60"/>
</round>
<round no="1"><cards type="Pocket" player="M1ky3ste92">H9 H8</cards>
<cards type="Pocket" player="Miloti1">X X</cards>
<action no="5" player="Miloti1" type="3" discard="1" dealt="1" sum="30"/>
<action no="6" player="M1ky3ste92" type="4" sum="0"/>
</round>
<round no="2"><cards type="Flop">D5 CA D9</cards>
<action no="7" player="M1ky3ste92" type="4" sum="0"/>
<action no="8" player="Miloti1" type="4" discard="1" dealt="1" sum="0"/>
</round>
<round no="3"><cards type="Turn">SJ</cards>
<action no="9" player="M1ky3ste92" type="4" sum="0"/>
<action no="10" player="Miloti1" type="4" discard="1" dealt="1" sum="0"/>
</round>
<round no="4"><cards type="River">SA</cards>
<action no="11" player="M1ky3ste92" type="5" sum="60"/>
<action no="12" player="Miloti1" type="23" discard="1" dealt="1" sum="789"/>
<action no="13" player="M1ky3ste92" type="0" sum="0"/>
</round>
</game>
<game gamecode="6593667424"><general>
<startdate>2026-01-13 21:29:53</startdate>
<round>1</round>
<failsafecounter/>
<players><player seat="6" name="Miloti1" chips="979" dealer="0" win="96" bet="88" muck="0" rebuy="0" addon="0" merge="0" rebuychips="0" reg_code="5089097494"/>
<player seat="10" name="M1ky3ste92" chips="521" dealer="1" win="0" bet="48" muck="1" rebuy="0" addon="0" merge="0" rebuychips="0" reg_code="5089098323"/>
</players>
</general>
<round no="0"><action no="1" player="M1ky3ste92" type="15" sum="8"/>
<action no="2" player="Miloti1" type="15" discard="1" dealt="1" sum="8"/>
<action no="3" player="M1ky3ste92" type="1" sum="40"/>
<action no="4" player="Miloti1" type="2" discard="1" dealt="1" sum="80"/>
</round>
<round no="1"><cards type="Pocket" player="M1ky3ste92">H9 S6</cards>
<cards type="Pocket" player="Miloti1">CJ S3</cards>
<action no="5" player="M1ky3ste92" type="0" sum="0"/>
</round>
</game>
<game gamecode="6593667471"><general>
<startdate>2026-01-13 21:30:00</startdate>
<round>1</round>
<failsafecounter/>
<players><player seat="10" name="M1ky3ste92" chips="473" dealer="0" win="0" bet="473" muck="0" rebuy="0" addon="0" merge="0" rebuychips="0" reg_code="5089098323"/>
<player seat="6" name="Miloti1" chips="1,027" dealer="1" win="946" bet="473" muck="0" rebuy="0" addon="0" merge="0" rebuychips="0" reg_code="5089097494"/>
</players>
</general>
<round no="0"><action no="1" player="Miloti1" type="15" discard="1" dealt="1" sum="8"/>
<action no="2" player="M1ky3ste92" type="15" sum="8"/>
<action no="3" player="Miloti1" type="1" discard="1" dealt="1" sum="40"/>
<action no="4" player="M1ky3ste92" type="2" sum="80"/>
</round>
<round no="1"><cards type="Pocket" player="Miloti1">CA H6</cards>
<cards type="Pocket" player="M1ky3ste92">CK H5</cards>
<action no="5" player="Miloti1" type="3" discard="1" dealt="1" sum="40"/>
<action no="6" player="M1ky3ste92" type="23" sum="160"/>
<action no="7" player="Miloti1" type="3" discard="1" dealt="1" sum="80"/>
</round>
<round no="2"><cards type="Flop">HJ D6 H2</cards>
<action no="8" player="M1ky3ste92" type="5" sum="305"/>
<action no="9" player="Miloti1" type="3" discard="1" dealt="1" sum="305"/>
</round>
<round no="3"><cards type="Turn">S5</cards>
</round>
<round no="4"><cards type="River">C3</cards>
</round>
</game>
</session>
