<?xml version="1.0" encoding="UTF-8"?>
<session sessioncode="5089128971">
<general>
<client_version>24.7.1.18</client_version>
<mode>real</mode>
<gametype>Holdem NL</gametype>
<tablename>Twister €200 SNG, 826393943</tablename>
<tournamentcode>826393941</tournamentcode>
<tournamentname>Twister €200 SNG</tournamentname>
<buyin>€0 + €12 + €188</buyin>
<totalbuyin>€200</totalbuyin>
<rewarddrawn>€2000</rewarddrawn>
<tournamentcurrency>EUR</tournamentcurrency>
<currency>EUR</currency>
<nickname>M1ky3ste92</nickname>
<gamecount>25</gamecount>
<startdate>2026-01-13 22:39:33</startdate>
<place>3</place>
<win>€200</win>
<tablesize>3</tablesize>
</general>
<game gamecode="6593784367"><general>
<startdate>2026-01-13 22:39:53</startdate>
<round>1</round>
<failsafecounter/>
<players><player seat="10" name="M1ky3ste92" chips="500" dealer="0" win="0" bet="20" muck="1" rebuy="0" addon="0" merge="0" rebuychips="0" reg_code="5089128971"/>
<player seat="3" name="deIduKA" chips="500" dealer="1" win="0" bet="0" muck="1" rebuy="0" addon="0" merge="0" rebuychips="0" reg_code="5089128643"/>
<player seat="6" name="Exivezzz2323" chips="500" dealer="0" win="40" bet="40" muck="1" rebuy="0" addon="0" merge="0" rebuychips="0" reg_code="5089128724"/>
</players>
</general>
<round no="0"><action no="1" player="Exivezzz2323" type="1" discard="1" dealt="1" sum="10"/>
<action no="2" player="M1ky3ste92" type="2" sum="20"/>
</round>
<round no="1"><cards type="Pocket" player="deIduKA">X X</cards>
<cards type="Pocket" player="M1ky3ste92">C4 S5</cards>
<cards type="Pocket" player="Exivezzz2323">X X</cards>
<action no="3" player="deIduKA" type="0" discard="1" dealt="1" sum="0"/>
<action no="4" player="Exivezzz2323" type="23" discard="1" dealt="1" sum="40"/>
<action no="5" player="M1ky3ste92" type="0" sum="0"/>
</round>
</game>
<game gamecode="6593784414"><general>
<startdate>2026-01-13 22:40:05</startdate>
<round>1</round>
<failsafecounter/>
<players><player seat="3" name="deIduKA" chips="500" dealer="0" win="0" bet="20" muck="1" rebuy="0" addon="0" merge="0" rebuychips="0" reg_code="5089128643"/>
<player seat="6" name="Exivezzz2323" chips="520" dealer="1" win="50" bet="40" muck="1" rebuy="0" addon="0" merge="0" rebuychips="0" reg_code="5089128724"/>
<player seat="10" name="M1ky3ste92" chips="480" dealer="0" win="0" bet="10" muck="1" rebuy="0" addon="0" merge="0" rebuychips="0" reg_code="5089128971"/>
</players>
</general>
<round no="0"><action no="1" player="M1ky3ste92" type="1" sum="10"/>
<action no="2" player="deIduKA" type="2" discard="1" dealt="1" sum="20"/>
</round>
<round no="1"><cards type="Pocket" player="deIduKA">X X</cards>
<cards type="Pocket" player="Exivezzz2323">X X</cards>
<cards type="Pocket" player="M1ky3ste92">HJ C9</cards>
<action no="3" player="Exivezzz2323" type="23" discard="1" dealt="1" sum="40"/>
<action no="4" player="M1ky3ste92" type="0" sum="0"/>
<action no="5" player="deIduKA" type="0" discard="1" dealt="1" sum="0"/>
</round>
</game>
<game gamecode="6593784463"><general>
<startdate>2026-01-13 22:40:17</startdate>
<round>1</round>
<failsafecounter/>
<players><player seat="6" name="Exivezzz2323" chips="550" dealer="0" win="0" bet="20" muck="1" rebuy="0" addon="0" merge="0" rebuychips="0" reg_code="5089128724"/>
<player seat="10" name="M1ky3ste92" chips="470" dealer="1" win="50" bet="40" muck="1" rebuy="0" addon="0" merge="0" rebuychips="0" reg_code="5089128971"/>
<player seat="3" name="deIduKA" chips="480" dealer="0" win="0" bet="10" muck="1" rebuy="0" addon="0" merge="0" rebuychips="0" reg_code="5089128643"/>
</players>
</general>
<round no="0"><action no="1" player="deIduKA" type="1" discard="1" dealt="1" sum="10"/>
<action no="2" player="Exivezzz2323" type="2" discard="1" dealt="1" sum="20"/>
</round>
<round no="1"><cards type="Pocket" player="deIduKA">X X</cards>
<cards type="Pocket" player="Exivezzz2323">X X</cards>
<cards type="Pocket" player="M1ky3ste92">H10 H7</cards>
<action no="3" player="M1ky3ste92" type="23" sum="40"/>
<action no="4" player="deIduKA" type="0" discard="1" dealt="1" sum="0"/>
<action no="5" player="Exivezzz2323" type="0" discard="1" dealt="1" sum="0"/>
</round>
</game>
<game gamecode="6593784506"><general>
<startdate>2026-01-13 22:40:30</startdate>
<round>1</round>
<failsafecounter/>
<players><player seat="10" name="M1ky3ste92" chips="500" dealer="0" win="0" bet="20" muck="1" rebuy="0" addon="0" merge="0" rebuychips="0" reg_code="5089128971"/>
<player seat="3" name="deIduKA" chips="470" dealer="1" win="50" bet="40" muck="1" rebuy="0" addon="0" merge="0" rebuychips="0" reg_code="5089128643"/>
<player seat="6" name="Exivezzz2323" chips="530" dealer="0" win="0" bet="10" muck="1" rebuy="0" addon="0" merge="0" rebuychips="0" reg_code="5089128724"/>
</players>
</general>
<round no="0"><action no="1" player="Exivezzz2323" type="1" discard="1" dealt="1" sum="10"/>
<action no="2" player="M1ky3ste92" type="2" sum="20"/>
</round>
<round no="1"><cards type="Pocket" player="deIduKA">X X</cards>
<cards type="Pocket" player="Exivezzz2323">X X</cards>
<cards type="Pocket" player="M1ky3ste92">S5 D9</cards>
<action no="3" player="deIduKA" type="23" discard="1" dealt="1" sum="40"/>
<action no="4" player="Exivezzz2323" type="0" discard="1" dealt="1" sum="0"/>
<action no="5" player="M1ky3ste92" type="0" sum="0"/>
</round>
</game>
<game gamecode="6593784566"><general>
<startdate>2026-01-13 22:40:47</startdate>
<round>1</round>
<failsafecounter/>
<players><player seat="3" name="deIduKA" chips="500" dealer="0" win="160" bet="240" muck="1" rebuy="0" addon="0" merge="0" rebuychips="0" reg_code="5089128643"/>
<player seat="6" name="Exivezzz2323" chips="520" dealer="1" win="0" bet="0" muck="1" rebuy="0" addon="0" merge="0" rebuychips="0" reg_code="5089128724"/>
<player seat="10" name="M1ky3ste92" chips="480" dealer="0" win="0" bet="80" muck="1" rebuy="0" addon="0" merge="0" rebuychips="0" reg_code="5089128971"/>
</players>
</general>
<round no="0"><action no="1" player="M1ky3ste92" type="1" sum="10"/>
<action no="2" player="deIduKA" type="2" discard="1" dealt="1" sum="20"/>
</round>
<round no="1"><cards type="Pocket" player="deIduKA">X X</cards>
<cards type="Pocket" player="Exivezzz2323">X X</cards>
<cards type="Pocket" player="M1ky3ste92">H9 HK</cards>
<action no="3" player="Exivezzz2323" type="0" discard="1" dealt="1" sum="0"/>
<action no="4" player="M1ky3ste92" type="23" sum="40"/>
<action no="5" player="deIduKA" type="3" discard="1" dealt="1" sum="20"/>
</round>
<round no="2"><cards type="Flop">S9 DQ S10</cards>
<action no="6" player="M1ky3ste92" type="4" sum="0"/>
<action no="7" player="deIduKA" type="4" discard="1" dealt="1" sum="0"/>
</round>
<round no="3"><cards type="Turn">D4</cards>
<action no="8" player="M1ky3ste92" type="4" sum="0"/>
<action no="9" player="deIduKA" type="5" discard="1" dealt="1" sum="40"/>
<action no="10" player="M1ky3ste92" type="3" sum="40"/>
</round>
<round no="4"><cards type="River">D6</cards>
<action no="11" player="M1ky3ste92" type="4" sum="0"/>
<action no="12" player="deIduKA" type="5" discard="1" dealt="1" sum="160"/>
<action no="13" player="M1ky3ste92" type="0" sum="0"/>
</round>
</game>
<game gamecode="6593784779"><general>
<startdate>2026-01-13 22:41:41</startdate>
<round>1</round>
<failsafecounter/>
<players><player seat="6" name="Exivezzz2323" chips="520" dealer="0" win="0" bet="20" muck="1" rebuy="0" addon="0" merge="0" rebuychips="0" reg_code="5089128724"/>
<player seat="10" name="M1ky3ste92" chips="400" dealer="1" win="0" bet="0" muck="1" rebuy="0" addon="0" merge="0" rebuychips="0" reg_code="5089128971"/>
<player seat="3" name="deIduKA" chips="580" dealer="0" win="40" bet="50" muck="1" rebuy="0" addon="0" merge="0" rebuychips="0" reg_code="5089128643"/>
</players>
</general>
<round no="0"><action no="1" player="deIduKA" type="1" discard="1" dealt="1" sum="10"/>
<action no="2" player="Exivezzz2323" type="2" discard="1" dealt="1" sum="20"/>
</round>
<round no="1"><cards type="Pocket" player="M1ky3ste92">S2 CJ</cards>
<cards type="Pocket" player="Exivezzz2323">X X</cards>
<cards type="Pocket" player="deIduKA">X X</cards>
<action no="3" player="M1ky3ste92" type="0" sum="0"/>
<action no="4" player="deIduKA" type="23" discard="1" dealt="1" sum="50"/>
<action no="5" player="Exivezzz2323" type="0" discard="1" dealt="1" sum="0"/>
</round>
</game>
<game gamecode="6593784810"><general>
<startdate>2026-01-13 22:41:51</startdate>
<round>1</round>
<failsafecounter/>
<players><player seat="10" name="M1ky3ste92" chips="400" dealer="0" win="80" bet="70" muck="1" rebuy="0" addon="0" merge="0" rebuychips="0" reg_code="5089128971"/>
<player seat="3" name="deIduKA" chips="600" dealer="1" win="0" bet="0" muck="1" rebuy="0" addon="0" merge="0" rebuychips="0" reg_code="5089128643"/>
<player seat="6" name="Exivezzz2323" chips="500" dealer="0" win="0" bet="40" muck="1" rebuy="0" addon="0" merge="0" rebuychips="0" reg_code="5089128724"/>
</players>
</general>
<round no="0"><action no="1" player="Exivezzz2323" type="1" discard="1" dealt="1" sum="10"/>
<action no="2" player="M1ky3ste92" type="2" sum="20"/>
</round>
<round no="1"><cards type="Pocket" player="M1ky3ste92">S7 H5</cards>
<cards type="Pocket" player="deIduKA">X X</cards>
<cards type="Pocket" player="Exivezzz2323">X X</cards>
<action no="3" player="deIduKA" type="0" discard="1" dealt="1" sum="0"/>
<action no="4" player="Exivezzz2323" type="23" discard="1" dealt="1" sum="40"/>
<action no="5" player="M1ky3ste92" type="3" sum="20"/>
</round>
<round no="2"><cards type="Flop">C4 C7 D8</cards>
<action no="6" player="Exivezzz2323" type="4" discard="1" dealt="1" sum="0"/>
<action no="7" player="M1ky3ste92" type="4" sum="0"/>
</round>
<round no="3"><cards type="Turn">D7</cards>
<action no="8" player="Exivezzz2323" type="4" discard="1" dealt="1" sum="0"/>
<action no="9" player="M1ky3ste92" type="5" sum="30"/>
<action no="10" player="Exivezzz2323" type="0" discard="1" dealt="1" sum="0"/>
</round>
</game>
<game gamecode="6593791749"><general>
<startdate>2026-01-13 22:42:38</startdate>
<round>1</round>
<failsafecounter/>
<players><player seat="3" name="deIduKA" chips="600" dealer="0" win="0" bet="35" muck="1" rebuy="0" addon="0" merge="0" rebuychips="0" reg_code="5089128643"/>
<player seat="6" name="Exivezzz2323" chips="460" dealer="1" win="0" bet="5" muck="1" rebuy="0" addon="0" merge="0" rebuychips="0" reg_code="5089128724"/>
<player seat="10" name="M1ky3ste92" chips="440" dealer="0" win="75" bet="440" muck="1" rebuy="0" addon="0" merge="0" rebuychips="0" reg_code="5089128971"/>
</players>
</general>
<round no="0"><action no="1" player="M1ky3ste92" type="15" sum="5"/>
<action no="2" player="deIduKA" type="15" discard="1" dealt="1" sum="5"/>
<action no="3" player="Exivezzz2323" type="15" discard="1" dealt="1" sum="5"/>
<action no="4" player="M1ky3ste92" type="1" sum="15"/>
<action no="5" player="deIduKA" type="2" discard="1" dealt="1" sum="30"/>
</round>
<round no="1"><cards type="Pocket" player="M1ky3ste92">SA S8</cards>
<cards type="Pocket" player="Exivezzz2323">X X</cards>
<cards type="Pocket" player="deIduKA">X X</cards>
<action no="6" player="Exivezzz2323" type="0" discard="1" dealt="1" sum="0"/>
<action no="7" player="M1ky3ste92" type="23" sum="435"/>
<action no="8" player="deIduKA" type="0" discard="1" dealt="1" sum="0"/>
</round>
</game>
<game gamecode="6593791823"><general>
<startdate>2026-01-13 22:42:55</startdate>
<round>1</round>
<failsafecounter/>
<players><player seat="6" name="Exivezzz2323" chips="455" dealer="0" win="0" bet="35" muck="1" rebuy="0" addon="0" merge="0" rebuychips="0" reg_code="5089128724"/>
<player seat="10" name="M1ky3ste92" chips="480" dealer="1" win="90" bet="480" muck="1" rebuy="0" addon="0" merge="0" rebuychips="0" reg_code="5089128971"/>
<player seat="3" name="deIduKA" chips="565" dealer="0" win="0" bet="20" muck="1" rebuy="0" addon="0" merge="0" rebuychips="0" reg_code="5089128643"/>
</players>
</general>
<round no="0"><action no="1" player="deIduKA" type="15" discard="1" dealt="1" sum="5"/>
<action no="2" player="Exivezzz2323" type="15" discard="1" dealt="1" sum="5"/>
<action no="3" player="M1ky3ste92" type="15" sum="5"/>
<action no="4" player="deIduKA" type="1" discard="1" dealt="1" sum="15"/>
<action no="5" player="Exivezzz2323" type="2" discard="1" dealt="1" sum="30"/>
</round>
<round no="1"><cards type="Pocket" player="Exivezzz2323">X X</cards>
<cards type="Pocket" player="M1ky3ste92">D8 DA</cards>
<cards type="Pocket" player="deIduKA">X X</cards>
<action no="6" player="M1ky3ste92" type="23" sum="475"/>
<action no="7" player="deIduKA" type="0" discard="1" dealt="1" sum="0"/>
<action no="8" player="Exivezzz2323" type="0" discard="1" dealt="1" sum="0"/>
</round>
</game>
<game gamecode="6593791864"><general>
<startdate>2026-01-13 22:43:08</startdate>
<round>1</round>
<failsafecounter/>
<players><player seat="10" name="M1ky3ste92" chips="535" dealer="0" win="0" bet="35" muck="1" rebuy="0" addon="0" merge="0" rebuychips="0" reg_code="5089128971"/>
<player seat="3" name="deIduKA" chips="545" dealer="1" win="0" bet="5" muck="1" rebuy="0" addon="0" merge="0" rebuychips="0" reg_code="5089128643"/>
<player seat="6" name="Exivezzz2323" chips="420" dealer="0" win="75" bet="420" muck="1" rebuy="0" addon="0" merge="0" rebuychips="0" reg_code="5089128724"/>
</players>
</general>
<round no="0"><action no="1" player="Exivezzz2323" type="15" discard="1" dealt="1" sum="5"/>
<action no="2" player="M1ky3ste92" type="15" sum="5"/>
<action no="3" player="deIduKA" type="15" discard="1" dealt="1" sum="5"/>
<action no="4" player="Exivezzz2323" type="1" discard="1" dealt="1" sum="15"/>
<action no="5" player="M1ky3ste92" type="2" sum="30"/>
</round>
<round no="1"><cards type="Pocket" player="deIduKA">X X</cards>
<cards type="Pocket" player="Exivezzz2323">X X</cards>
<cards type="Pocket" player="M1ky3ste92">S10 D2</cards>
<action no="6" player="deIduKA" type="0" discard="1" dealt="1" sum="0"/>
<action no="7" player="Exivezzz2323" type="23" discard="1" dealt="1" sum="415"/>
<action no="8" player="M1ky3ste92" type="0" sum="0"/>
</round>
</game>
<game gamecode="6593791922"><general>
<startdate>2026-01-13 22:43:22</startdate>
<round>1</round>
<failsafecounter/>
<players><player seat="3" name="deIduKA" chips="540" dealer="0" win="0" bet="35" muck="1" rebuy="0" addon="0" merge="0" rebuychips="0" reg_code="5089128643"/>
<player seat="6" name="Exivezzz2323" chips="460" dealer="1" win="90" bet="460" muck="1" rebuy="0" addon="0" merge="0" rebuychips="0" reg_code="5089128724"/>
<player seat="10" name="M1ky3ste92" chips="500" dealer="0" win="0" bet="20" muck="1" rebuy="0" addon="0" merge="0" rebuychips="0" reg_code="5089128971"/>
</players>
</general>
<round no="0"><action no="1" player="M1ky3ste92" type="15" sum="5"/>
<action no="2" player="deIduKA" type="15" discard="1" dealt="1" sum="5"/>
<action no="3" player="Exivezzz2323" type="15" discard="1" dealt="1" sum="5"/>
<action no="4" player="M1ky3ste92" type="1" sum="15"/>
<action no="5" player="deIduKA" type="2" discard="1" dealt="1" sum="30"/>
</round>
<round no="1"><cards type="Pocket" player="deIduKA">X X</cards>
<cards type="Pocket" player="Exivezzz2323">X X</cards>
<cards type="Pocket" player="M1ky3ste92">D6 S4</cards>
<action no="6" player="Exivezzz2323" type="23" discard="1" dealt="1" sum="455"/>
<action no="7" player="M1ky3ste92" type="0" sum="0"/>
<action no="8" player="deIduKA" type="0" discard="1" dealt="1" sum="0"/>
</round>
</game>
<game gamecode="6593791986"><general>
<startdate>2026-01-13 22:43:39</startdate>
<round>1</round>
<failsafecounter/>
<players><player seat="6" name="Exivezzz2323" chips="515" dealer="0" win="0" bet="35" muck="1" rebuy="0" addon="0" merge="0" rebuychips="0" reg_code="5089128724"/>
<player seat="10" name="M1ky3ste92" chips="480" dealer="1" win="90" bet="480" muck="1" rebuy="0" addon="0" merge="0" rebuychips="0" reg_code="5089128971"/>
<player seat="3" name="deIduKA" chips="505" dealer="0" win="0" bet="20" muck="1" rebuy="0" addon="0" merge="0" rebuychips="0" reg_code="5089128643"/>
</players>
</general>
<round no="0"><action no="1" player="deIduKA" type="15" discard="1" dealt="1" sum="5"/>
<action no="2" player="Exivezzz2323" type="15" discard="1" dealt="1" sum="5"/>
<action no="3" player="M1ky3ste92" type="15" sum="5"/>
<action no="4" player="deIduKA" type="1" discard="1" dealt="1" sum="15"/>
<action no="5" player="Exivezzz2323" type="2" discard="1" dealt="1" sum="30"/>
</round>
<round no="1"><cards type="Pocket" player="Exivezzz2323">X X</cards>
<cards type="Pocket" player="M1ky3ste92">CJ HQ</cards>
<cards type="Pocket" player="deIduKA">X X</cards>
<action no="6" player="M1ky3ste92" type="23" sum="475"/>
<action no="7" player="deIduKA" type="0" discard="1" dealt="1" sum="0"/>
<action no="8" player="Exivezzz2323" type="0" discard="1" dealt="1" sum="0"/>
</round>
</game>
<game gamecode="6593792068"><general>
<startdate>2026-01-13 22:44:00</startdate>
<round>1</round>
<failsafecounter/>
<players><player seat="10" name="M1ky3ste92" chips="535" dealer="0" win="0" bet="45" muck="1" rebuy="0" addon="0" merge="0" rebuychips="0" reg_code="5089128971"/>
<player seat="3" name="deIduKA" chips="485" dealer="1" win="0" bet="5" muck="1" rebuy="0" addon="0" merge="0" rebuychips="0" reg_code="5089128643"/>
<player seat="6" name="Exivezzz2323" chips="480" dealer="0" win="95" bet="480" muck="1" rebuy="0" addon="0" merge="0" rebuychips="0" reg_code="5089128724"/>
</players>
</general>
<round no="0"><action no="1" player="Exivezzz2323" type="15" discard="1" dealt="1" sum="5"/>
<action no="2" player="M1ky3ste92" type="15" sum="5"/>
<action no="3" player="deIduKA" type="15" discard="1" dealt="1" sum="5"/>
<action no="4" player="Exivezzz2323" type="1" discard="1" dealt="1" sum="20"/>
<action no="5" player="M1ky3ste92" type="2" sum="40"/>
</round>
<round no="1"><cards type="Pocket" player="M1ky3ste92">C10 HJ</cards>
<cards type="Pocket" player="deIduKA">X X</cards>
<cards type="Pocket" player="Exivezzz2323">X X</cards>
<action no="6" player="deIduKA" type="0" discard="1" dealt="1" sum="0"/>
<action no="7" player="Exivezzz2323" type="23" discard="1" dealt="1" sum="475"/>
<action no="8" player="M1ky3ste92" type="0" sum="0"/>
</round>
</game>
<game gamecode="6593792120"><general>
<startdate>2026-01-13 22:44:13</startdate>
<round>1</round>
<failsafecounter/>
<players><player seat="3" name="deIduKA" chips="480" dealer="0" win="0" bet="45" muck="1" rebuy="0" addon="0" merge="0" rebuychips="0" reg_code="5089128643"/>
<player seat="6" name="Exivezzz2323" chips="530" dealer="1" win="0" bet="5" muck="1" rebuy="0" addon="0" merge="0" rebuychips="0" reg_code="5089128724"/>
<player seat="10" name="M1ky3ste92" chips="490" dealer="0" win="95" bet="85" muck="1" rebuy="0" addon="0" merge="0" rebuychips="0" reg_code="5089128971"/>
</players>
</general>
<round no="0"><action no="1" player="M1ky3ste92" type="15" sum="5"/>
<action no="2" player="deIduKA" type="15" discard="1" dealt="1" sum="5"/>
<action no="3" player="Exivezzz2323" type="15" discard="1" dealt="1" sum="5"/>
<action no="4" player="M1ky3ste92" type="1" sum="20"/>
<action no="5" player="deIduKA" type="2" discard="1" dealt="1" sum="40"/>
</round>
<round no="1"><cards type="Pocket" player="Exivezzz2323">X X</cards>
<cards type="Pocket" player="deIduKA">X X</cards>
<cards type="Pocket" player="M1ky3ste92">D9 SA</cards>
<action no="6" player="Exivezzz2323" type="0" discard="1" dealt="1" sum="0"/>
<action no="7" player="M1ky3ste92" type="3" sum="20"/>
<action no="8" player="deIduKA" type="4" discard="1" dealt="1" sum="0"/>
</round>
<round no="2"><cards type="Flop">H8 CK HA</cards>
<action no="9" player="M1ky3ste92" type="5" sum="40"/>
<action no="10" player="deIduKA" type="0" discard="1" dealt="1" sum="0"/>
</round>
</game>
<game gamecode="6593792211"><general>
<startdate>2026-01-13 22:44:34</startdate>
<round>1</round>
<failsafecounter/>
<players><player seat="6" name="Exivezzz2323" chips="525" dealer="0" win="0" bet="109" muck="1" rebuy="0" addon="0" merge="0" rebuychips="0" reg_code="5089128724"/>
<player seat="10" name="M1ky3ste92" chips="540" dealer="1" win="0" bet="5" muck="1" rebuy="0" addon="0" merge="0" rebuychips="0" reg_code="5089128971"/>
<player seat="3" name="deIduKA" chips="435" dealer="0" win="223" bet="173" muck="1" rebuy="0" addon="0" merge="0" rebuychips="0" reg_code="5089128643"/>
</players>
</general>
<round no="0"><action no="1" player="deIduKA" type="15" discard="1" dealt="1" sum="5"/>
<action no="2" player="Exivezzz2323" type="15" discard="1" dealt="1" sum="5"/>
<action no="3" player="M1ky3ste92" type="15" sum="5"/>
<action no="4" player="deIduKA" type="1" discard="1" dealt="1" sum="20"/>
<action no="5" player="Exivezzz2323" type="2" discard="1" dealt="1" sum="40"/>
</round>
<round no="1"><cards type="Pocket" player="Exivezzz2323">X X</cards>
<cards type="Pocket" player="M1ky3ste92">D9 C8</cards>
<cards type="Pocket" player="deIduKA">X X</cards>
<action no="6" player="M1ky3ste92" type="0" sum="0"/>
<action no="7" player="deIduKA" type="3" discard="1" dealt="1" sum="20"/>
<action no="8" player="Exivezzz2323" type="4" discard="1" dealt="1" sum="0"/>
</round>
<round no="2"><cards type="Flop">S7 SJ S10</cards>
<action no="9" player="deIduKA" type="4" discard="1" dealt="1" sum="0"/>
<action no="10" player="Exivezzz2323" type="5" discard="1" dealt="1" sum="64"/>
<action no="11" player="deIduKA" type="23" discard="1" dealt="1" sum="128"/>
<action no="12" player="Exivezzz2323" type="0" discard="1" dealt="1" sum="0"/>
</round>
</game>
<game gamecode="6593792383"><general>
<startdate>2026-01-13 22:45:18</startdate>
<round>1</round>
<failsafecounter/>
<players><player seat="10" name="M1ky3ste92" chips="535" dealer="0" win="0" bet="45" muck="1" rebuy="0" addon="0" merge="0" rebuychips="0" reg_code="5089128971"/>
<player seat="3" name="deIduKA" chips="549" dealer="1" win="115" bet="549" muck="1" rebuy="0" addon="0" merge="0" rebuychips="0" reg_code="5089128643"/>
<player seat="6" name="Exivezzz2323" chips="416" dealer="0" win="0" bet="25" muck="1" rebuy="0" addon="0" merge="0" rebuychips="0" reg_code="5089128724"/>
</players>
</general>
<round no="0"><action no="1" player="Exivezzz2323" type="15" discard="1" dealt="1" sum="5"/>
<action no="2" player="M1ky3ste92" type="15" sum="5"/>
<action no="3" player="deIduKA" type="15" discard="1" dealt="1" sum="5"/>
<action no="4" player="Exivezzz2323" type="1" discard="1" dealt="1" sum="20"/>
<action no="5" player="M1ky3ste92" type="2" sum="40"/>
</round>
<round no="1"><cards type="Pocket" player="Exivezzz2323">X X</cards>
<cards type="Pocket" player="deIduKA">X X</cards>
<cards type="Pocket" player="M1ky3ste92">C5 DK</cards>
<action no="6" player="deIduKA" type="23" discard="1" dealt="1" sum="544"/>
<action no="7" player="Exivezzz2323" type="0" discard="1" dealt="1" sum="0"/>
<action no="8" player="M1ky3ste92" type="0" sum="0"/>
</round>
</game>
<game gamecode="6593792432"><general>
<startdate>2026-01-13 22:45:31</startdate>
<round>1</round>
<failsafecounter/>
<players><player seat="3" name="deIduKA" chips="619" dealer="0" win="55" bet="45" muck="1" rebuy="0" addon="0" merge="0" rebuychips="0" reg_code="5089128643"/>
<player seat="6" name="Exivezzz2323" chips="391" dealer="1" win="0" bet="5" muck="1" rebuy="0" addon="0" merge="0" rebuychips="0" reg_code="5089128724"/>
<player seat="10" name="M1ky3ste92" chips="490" dealer="0" win="0" bet="25" muck="1" rebuy="0" addon="0" merge="0" rebuychips="0" reg_code="5089128971"/>
</players>
</general>
<round no="0"><action no="1" player="M1ky3ste92" type="15" sum="5"/>
<action no="2" player="deIduKA" type="15" discard="1" dealt="1" sum="5"/>
<action no="3" player="Exivezzz2323" type="15" discard="1" dealt="1" sum="5"/>
<action no="4" player="M1ky3ste92" type="1" sum="20"/>
<action no="5" player="deIduKA" type="2" discard="1" dealt="1" sum="40"/>
</round>
<round no="1"><cards type="Pocket" player="deIduKA">X X</cards>
<cards type="Pocket" player="Exivezzz2323">X X</cards>
<cards type="Pocket" player="M1ky3ste92">C2 HK</cards>
<action no="6" player="Exivezzz2323" type="0" discard="1" dealt="1" sum="0"/>
<action no="7" player="M1ky3ste92" type="0" sum="0"/>
</round>
</game>
<game gamecode="6593792524"><general>
<startdate>2026-01-13 22:45:55</startdate>
<round>1</round>
<failsafecounter/>
<players><player seat="6" name="Exivezzz2323" chips="386" dealer="0" win="0" bet="65" muck="1" rebuy="0" addon="0" merge="0" rebuychips="0" reg_code="5089128724"/>
<player seat="10" name="M1ky3ste92" chips="465" dealer="1" win="165" bet="465" muck="1" rebuy="0" addon="0" merge="0" rebuychips="0" reg_code="5089128971"/>
<player seat="3" name="deIduKA" chips="649" dealer="0" win="0" bet="35" muck="1" rebuy="0" addon="0" merge="0" rebuychips="0" reg_code="5089128643"/>
</players>
</general>
<round no="0"><action no="1" player="deIduKA" type="15" discard="1" dealt="1" sum="5"/>
<action no="2" player="Exivezzz2323" type="15" discard="1" dealt="1" sum="5"/>
<action no="3" player="M1ky3ste92" type="15" sum="5"/>
<action no="4" player="deIduKA" type="1" discard="1" dealt="1" sum="30"/>
<action no="5" player="Exivezzz2323" type="2" discard="1" dealt="1" sum="60"/>
</round>
<round no="1"><cards type="Pocket" player="Exivezzz2323">X X</cards>
<cards type="Pocket" player="M1ky3ste92">S9 DA</cards>
<cards type="Pocket" player="deIduKA">X X</cards>
<action no="6" player="M1ky3ste92" type="23" sum="460"/>
<action no="7" player="deIduKA" type="0" discard="1" dealt="1" sum="0"/>
<action no="8" player="Exivezzz2323" type="0" discard="1" dealt="1" sum="0"/>
</round>
</game>
<game gamecode="6593792557"><general>
<startdate>2026-01-13 22:46:03</startdate>
<round>1</round>
<failsafecounter/>
<players><player seat="10" name="M1ky3ste92" chips="565" dealer="0" win="0" bet="65" muck="1" rebuy="0" addon="0" merge="0" rebuychips="0" reg_code="5089128971"/>
<player seat="3" name="deIduKA" chips="614" dealer="1" win="0" bet="5" muck="1" rebuy="0" addon="0" merge="0" rebuychips="0" reg_code="5089128643"/>
<player seat="6" name="Exivezzz2323" chips="321" dealer="0" win="135" bet="321" muck="1" rebuy="0" addon="0" merge="0" rebuychips="0" reg_code="5089128724"/>
</players>
</general>
<round no="0"><action no="1" player="Exivezzz2323" type="15" discard="1" dealt="1" sum="5"/>
<action no="2" player="M1ky3ste92" type="15" sum="5"/>
<action no="3" player="deIduKA" type="15" discard="1" dealt="1" sum="5"/>
<action no="4" player="Exivezzz2323" type="1" discard="1" dealt="1" sum="30"/>
<action no="5" player="M1ky3ste92" type="2" sum="60"/>
</round>
<round no="1"><cards type="Pocket" player="Exivezzz2323">X X</cards>
<cards type="Pocket" player="deIduKA">X X</cards>
<cards type="Pocket" player="M1ky3ste92">C2 C3</cards>
<action no="6" player="deIduKA" type="0" discard="1" dealt="1" sum="0"/>
<action no="7" player="Exivezzz2323" type="23" discard="1" dealt="1" sum="316"/>
<action no="8" player="M1ky3ste92" type="0" sum="0"/>
</round>
</game>
<game gamecode="6593792597"><general>
<startdate>2026-01-13 22:46:16</startdate>
<round>1</round>
<failsafecounter/>
<players><player seat="3" name="deIduKA" chips="609" dealer="0" win="0" bet="65" muck="1" rebuy="0" addon="0" merge="0" rebuychips="0" reg_code="5089128643"/>
<player seat="6" name="Exivezzz2323" chips="391" dealer="1" win="165" bet="391" muck="1" rebuy="0" addon="0" merge="0" rebuychips="0" reg_code="5089128724"/>
<player seat="10" name="M1ky3ste92" chips="500" dealer="0" win="0" bet="35" muck="1" rebuy="0" addon="0" merge="0" rebuychips="0" reg_code="5089128971"/>
</players>
</general>
<round no="0"><action no="1" player="M1ky3ste92" type="15" sum="5"/>
<action no="2" player="deIduKA" type="15" discard="1" dealt="1" sum="5"/>
<action no="3" player="Exivezzz2323" type="15" discard="1" dealt="1" sum="5"/>
<action no="4" player="M1ky3ste92" type="1" sum="30"/>
<action no="5" player="deIduKA" type="2" discard="1" dealt="1" sum="60"/>
</round>
<round no="1"><cards type="Pocket" player="Exivezzz2323">X X</cards>
<cards type="Pocket" player="deIduKA">X X</cards>
<cards type="Pocket" player="M1ky3ste92">CK C5</cards>
<action no="6" player="Exivezzz2323" type="23" discard="1" dealt="1" sum="386"/>
<action no="7" player="M1ky3ste92" type="0" sum="0"/>
<action no="8" player="deIduKA" type="0" discard="1" dealt="1" sum="0"/>
</round>
</game>
<game gamecode="6593792650"><general>
<startdate>2026-01-13 22:46:29</startdate>
<round>1</round>
<failsafecounter/>
<players><player seat="6" name="Exivezzz2323" chips="491" dealer="0" win="987" bet="491" muck="0" rebuy="0" addon="0" merge="0" rebuychips="0" reg_code="5089128724"/>
<player seat="10" name="M1ky3ste92" chips="465" dealer="1" win="0" bet="5" muck="1" rebuy="0" addon="0" merge="0" rebuychips="0" reg_code="5089128971"/>
<player seat="3" name="deIduKA" chips="544" dealer="0" win="0" bet="544" muck="0" rebuy="0" addon="0" merge="0" rebuychips="0" reg_code="5089128643"/>
</players>
</general>
<round no="0"><action no="1" player="deIduKA" type="15" discard="1" dealt="1" sum="5"/>
<action no="2" player="Exivezzz2323" type="15" discard="1" dealt="1" sum="5"/>
<action no="3" player="M1ky3ste92" type="15" sum="5"/>
<action no="4" player="deIduKA" type="1" discard="1" dealt="1" sum="30"/>
<action no="5" player="Exivezzz2323" type="2" discard="1" dealt="1" sum="60"/>
</round>
<round no="1"><cards type="Pocket" player="Exivezzz2323">S6 SK</cards>
<cards type="Pocket" player="M1ky3ste92">H10 H4</cards>
<cards type="Pocket" player="deIduKA">C2 SA</cards>
<action no="6" player="M1ky3ste92" type="0" sum="0"/>
<action no="7" player="deIduKA" type="23" discard="1" dealt="1" sum="539"/>
<action no="8" player="Exivezzz2323" type="7" discard="1" dealt="1" sum="426"/>
</round>
<round no="2"><cards type="Flop">SQ HJ DQ</cards>
</round>
<round no="3"><cards type="Turn">H6</cards>
</round>
<round no="4"><cards type="River">C7</cards>
</round>
</game>
<game gamecode="6593792726"><general>
<startdate>2026-01-13 22:46:50</startdate>
<round>1</round>
<failsafecounter/>
<players><player seat="10" name="M1ky3ste92" chips="460" dealer="0" win="0" bet="65" muck="1" rebuy="0" addon="0" merge="0" rebuychips="0" reg_code="5089128971"/>
<player seat="3" name="deIduKA" chips="53" dealer="1" win="159" bet="53" muck="0" rebuy="0" addon="0" merge="0" rebuychips="0" reg_code="5089128643"/>
<player seat="6" name="Exivezzz2323" chips="987" dealer="0" win="24" bet="987" muck="0" rebuy="0" addon="0" merge="0" rebuychips="0" reg_code="5089128724"/>
</players>
</general>
<round no="0"><action no="1" player="Exivezzz2323" type="15" discard="1" dealt="1" sum="5"/>
<action no="2" player="M1ky3ste92" type="15" sum="5"/>
<action no="3" player="deIduKA" type="15" discard="1" dealt="1" sum="5"/>
<action no="4" player="Exivezzz2323" type="1" discard="1" dealt="1" sum="30"/>
<action no="5" player="M1ky3ste92" type="2" sum="60"/>
</round>
<round no="1"><cards type="Pocket" player="Exivezzz2323">S7 D7</cards>
<cards type="Pocket" player="deIduKA">D9 H8</cards>
<cards type="Pocket" player="M1ky3ste92">S6 DJ</cards>
<action no="6" player="deIduKA" type="7" discard="1" dealt="1" sum="48"/>
<action no="7" player="Exivezzz2323" type="23" discard="1" dealt="1" sum="982"/>
<action no="8" player="M1ky3ste92" type="0" sum="0"/>
</round>
<round no="2"><cards type="Flop">S3 S4 HJ</cards>
</round>
<round no="3"><cards type="Turn">H9</cards>
</round>
<round no="4"><cards type="River">S10</cards>
</round>
</game>
<game gamecode="6593792837"><general>
<startdate>2026-01-13 22:47:17</startdate>
<round>1</round>
<failsafecounter/>
<players><player seat="3" name="deIduKA" chips="159" dealer="0" win="323" bet="159" muck="0" rebuy="0" addon="0" merge="0" rebuychips="0" reg_code="5089128643"/>
<player seat="6" name="Exivezzz2323" chips="946" dealer="1" win="0" bet="5" muck="1" rebuy="0" addon="0" merge="0" rebuychips="0" reg_code="5089128724"/>
<player seat="10" name="M1ky3ste92" chips="395" dealer="0" win="0" bet="395" muck="1" rebuy="0" addon="0" merge="0" rebuychips="0" reg_code="5089128971"/>
</players>
</general>
<round no="0"><action no="1" player="M1ky3ste92" type="15" sum="5"/>
<action no="2" player="deIduKA" type="15" discard="1" dealt="1" sum="5"/>
<action no="3" player="Exivezzz2323" type="15" discard="1" dealt="1" sum="5"/>
<action no="4" player="M1ky3ste92" type="1" sum="30"/>
<action no="5" player="deIduKA" type="2" discard="1" dealt="1" sum="60"/>
</round>
<round no="1"><cards type="Pocket" player="Exivezzz2323">X X</cards>
<cards type="Pocket" player="deIduKA">H3 S5</cards>
<cards type="Pocket" player="M1ky3ste92">SK S2</cards>
<action no="6" player="Exivezzz2323" type="0" discard="1" dealt="1" sum="0"/>
<action no="7" player="M1ky3ste92" type="23" sum="390"/>
<action no="8" player="deIduKA" type="7" discard="1" dealt="1" sum="94"/>
</round>
<round no="2"><cards type="Flop">D8 H6 CA</cards>
</round>
<round no="3"><cards type="Turn">D3</cards>
</round>
<round no="4"><cards type="River">S4</cards>
</round>
</game>
<game gamecode="6593798873"><general>
<startdate>2026-01-13 22:47:39</startdate>
<round>1</round>
<failsafecounter/>
<players><player seat="6" name="Exivezzz2323" chips="941" dealer="0" win="0" bet="65" muck="1" rebuy="0" addon="0" merge="0" rebuychips="0" reg_code="5089128724"/>
<player seat="10" name="M1ky3ste92" chips="236" dealer="1" win="0" bet="5" muck="1" rebuy="0" addon="0" merge="0" rebuychips="0" reg_code="5089128971"/>
<player seat="3" name="deIduKA" chips="323" dealer="0" win="135" bet="323" muck="1" rebuy="0" addon="0" merge="0" rebuychips="0" reg_code="5089128643"/>
</players>
</general>
<round no="0"><action no="1" player="deIduKA" type="15" discard="1" dealt="1" sum="5"/>
<action no="2" player="Exivezzz2323" type="15" discard="1" dealt="1" sum="5"/>
<action no="3" player="M1ky3ste92" type="15" sum="5"/>
<action no="4" player="deIduKA" type="1" discard="1" dealt="1" sum="30"/>
<action no="5" player="Exivezzz2323" type="2" discard="1" dealt="1" sum="60"/>
</round>
<round no="1"><cards type="Pocket" player="M1ky3ste92">H5 C2</cards>
<cards type="Pocket" player="Exivezzz2323">X X</cards>
<cards type="Pocket" player="deIduKA">X X</cards>
<action no="6" player="M1ky3ste92" type="0" sum="0"/>
<action no="7" player="deIduKA" type="23" discard="1" dealt="1" sum="318"/>
<action no="8" player="Exivezzz2323" type="0" discard="1" dealt="1" sum="0"/>
</round>
</game>
<game gamecode="6593798917"><general>
<startdate>2026-01-13 22:47:51</startdate>
<round>1</round>
<failsafecounter/>
<players><player seat="10" name="M1ky3ste92" chips="231" dealer="0" win="0" bet="231" muck="0" rebuy="0" addon="0" merge="0" rebuychips="0" reg_code="5089128971"/>
<player seat="3" name="deIduKA" chips="393" dealer="1" win="497" bet="393" muck="0" rebuy="0" addon="0" merge="0" rebuychips="0" reg_code="5089128643"/>
<player seat="6" name="Exivezzz2323" chips="876" dealer="0" win="0" bet="35" muck="1" rebuy="0" addon="0" merge="0" rebuychips="0" reg_code="5089128724"/>
</players>
</general>
<round no="0"><action no="1" player="Exivezzz2323" type="15" discard="1" dealt="1" sum="5"/>
<action no="2" player="M1ky3ste92" type="15" sum="5"/>
<action no="3" player="deIduKA" type="15" discard="1" dealt="1" sum="5"/>
<action no="4" player="Exivezzz2323" type="1" discard="1" dealt="1" sum="30"/>
<action no="5" player="M1ky3ste92" type="2" sum="60"/>
</round>
<round no="1"><cards type="Pocket" player="Exivezzz2323">X X</cards>
<cards type="Pocket" player="M1ky3ste92">CA DK</cards>
<cards type="Pocket" player="deIduKA">HQ SJ</cards>
<action no="6" player="deIduKA" type="23" discard="1" dealt="1" sum="388"/>
<action no="7" player="Exivezzz2323" type="0" discard="1" dealt="1" sum="0"/>
<action no="8" player="M1ky3ste92" type="7" sum="166"/>
</round>
<round no="2"><cards type="Flop">SQ H5 DJ</cards>
</round>
<round no="3"><cards type="Turn">S2</cards>
</round>
<round no="4"><cards type="River">C5</cards>
</round>
</game>
</session>
