<?xml version="1.0" encoding="UTF-8"?>
<session sessioncode="5089144335">
<general>
<client_version>24.7.1.18</client_version>
<mode>real</mode>
<gametype>Holdem NL</gametype>
<tablename>Twister €100 SNG, 826397298</tablename>
<tournamentcode>826397296</tournamentcode>
<tournamentname>Twister €100 SNG</tournamentname>
<buyin>€0 + €7 + €93</buyin>
<totalbuyin>€100</totalbuyin>
<rewarddrawn>€200</rewarddrawn>
<tournamentcurrency>EUR</tournamentcurrency>
<currency>EUR</currency>
<nickname>M1ky3ste92</nickname>
<gamecount>11</gamecount>
<startdate>2026-01-13 23:18:23</startdate>
<place>1</place>
<win>€200</win>
<tablesize>3</tablesize>
</general>
<game gamecode="6593848293"><general>
<startdate>2026-01-13 23:18:39</startdate>
<round>1</round>
<failsafecounter/>
<players><player seat="10" name="LolloCausto" chips="500" dealer="0" win="80" bet="500" muck="1" rebuy="0" addon="0" merge="0" rebuychips="0" reg_code="5089144412"/>
<player seat="3" name="Thechosenoonee" chips="500" dealer="1" win="0" bet="0" muck="1" rebuy="0" addon="0" merge="0" rebuychips="0" reg_code="5089142195"/>
<player seat="6" name="M1ky3ste92" chips="500" dealer="0" win="0" bet="40" muck="1" rebuy="0" addon="0" merge="0" rebuychips="0" reg_code="5089144335"/>
</players>
</general>
<round no="0"><action no="1" player="M1ky3ste92" type="1" sum="10"/>
<action no="2" player="LolloCausto" type="2" discard="1" dealt="1" sum="20"/>
</round>
<round no="1"><cards type="Pocket" player="LolloCausto">X X</cards>
<cards type="Pocket" player="Thechosenoonee">X X</cards>
<cards type="Pocket" player="M1ky3ste92">H10 D9</cards>
<action no="3" player="Thechosenoonee" type="0" discard="1" dealt="1" sum="0"/>
<action no="4" player="M1ky3ste92" type="23" sum="40"/>
<action no="5" player="LolloCausto" type="23" discard="1" dealt="1" sum="500"/>
<action no="6" player="M1ky3ste92" type="0" sum="0"/>
</round>
</game>
<game gamecode="6593848337"><general>
<startdate>2026-01-13 23:18:54</startdate>
<round>1</round>
<failsafecounter/>
<players><player seat="3" name="Thechosenoonee" chips="500" dealer="0" win="0" bet="80" muck="1" rebuy="0" addon="0" merge="0" rebuychips="0" reg_code="5089142195"/>
<player seat="6" name="M1ky3ste92" chips="460" dealer="1" win="170" bet="250" muck="1" rebuy="0" addon="0" merge="0" rebuychips="0" reg_code="5089144335"/>
<player seat="10" name="LolloCausto" chips="540" dealer="0" win="0" bet="10" muck="1" rebuy="0" addon="0" merge="0" rebuychips="0" reg_code="5089144412"/>
</players>
</general>
<round no="0"><action no="1" player="LolloCausto" type="1" discard="1" dealt="1" sum="10"/>
<action no="2" player="Thechosenoonee" type="2" discard="1" dealt="1" sum="20"/>
</round>
<round no="1"><cards type="Pocket" player="M1ky3ste92">D10 D6</cards>
<cards type="Pocket" player="LolloCausto">X X</cards>
<cards type="Pocket" player="Thechosenoonee">X X</cards>
<action no="3" player="M1ky3ste92" type="23" sum="40"/>
<action no="4" player="LolloCausto" type="0" discard="1" dealt="1" sum="0"/>
<action no="5" player="Thechosenoonee" type="3" discard="1" dealt="1" sum="20"/>
</round>
<round no="2"><cards type="Flop">H4 DQ C5</cards>
<action no="6" player="Thechosenoonee" type="4" discard="1" dealt="1" sum="0"/>
<action no="7" player="M1ky3ste92" type="5" sum="20"/>
<action no="8" player="Thechosenoonee" type="3" discard="1" dealt="1" sum="20"/>
</round>
<round no="3"><cards type="Turn">HK</cards>
<action no="9" player="Thechosenoonee" type="4" discard="1" dealt="1" sum="0"/>
<action no="10" player="M1ky3ste92" type="5" sum="20"/>
<action no="11" player="Thechosenoonee" type="3" discard="1" dealt="1" sum="20"/>
</round>
<round no="4"><cards type="River">D8</cards>
<action no="12" player="Thechosenoonee" type="4" discard="1" dealt="1" sum="0"/>
<action no="13" player="M1ky3ste92" type="5" sum="170"/>
<action no="14" player="Thechosenoonee" type="0" discard="1" dealt="1" sum="0"/>
</round>
</game>
<game gamecode="6593848522"><general>
<startdate>2026-01-13 23:19:39</startdate>
<round>1</round>
<failsafecounter/>
<players><player seat="6" name="M1ky3ste92" chips="550" dealer="0" win="0" bet="20" muck="1" rebuy="0" addon="0" merge="0" rebuychips="0" reg_code="5089144335"/>
<player seat="10" name="LolloCausto" chips="530" dealer="1" win="0" bet="0" muck="1" rebuy="0" addon="0" merge="0" rebuychips="0" reg_code="5089144412"/>
<player seat="3" name="Thechosenoonee" chips="420" dealer="0" win="40" bet="50" muck="1" rebuy="0" addon="0" merge="0" rebuychips="0" reg_code="5089142195"/>
</players>
</general>
<round no="0"><action no="1" player="Thechosenoonee" type="1" discard="1" dealt="1" sum="10"/>
<action no="2" player="M1ky3ste92" type="2" sum="20"/>
</round>
<round no="1"><cards type="Pocket" player="M1ky3ste92">D4 C7</cards>
<cards type="Pocket" player="LolloCausto">X X</cards>
<cards type="Pocket" player="Thechosenoonee">X X</cards>
<action no="3" player="LolloCausto" type="0" discard="1" dealt="1" sum="0"/>
<action no="4" player="Thechosenoonee" type="23" discard="1" dealt="1" sum="50"/>
<action no="5" player="M1ky3ste92" type="0" sum="0"/>
</round>
</game>
<game gamecode="6593848597"><general>
<startdate>2026-01-13 23:19:55</startdate>
<round>1</round>
<failsafecounter/>
<players><player seat="10" name="LolloCausto" chips="530" dealer="0" win="0" bet="20" muck="1" rebuy="0" addon="0" merge="0" rebuychips="0" reg_code="5089144412"/>
<player seat="3" name="Thechosenoonee" chips="440" dealer="1" win="50" bet="40" muck="1" rebuy="0" addon="0" merge="0" rebuychips="0" reg_code="5089142195"/>
<player seat="6" name="M1ky3ste92" chips="530" dealer="0" win="0" bet="10" muck="1" rebuy="0" addon="0" merge="0" rebuychips="0" reg_code="5089144335"/>
</players>
</general>
<round no="0"><action no="1" player="M1ky3ste92" type="1" sum="10"/>
<action no="2" player="LolloCausto" type="2" discard="1" dealt="1" sum="20"/>
</round>
<round no="1"><cards type="Pocket" player="M1ky3ste92">C8 SJ</cards>
<cards type="Pocket" player="LolloCausto">X X</cards>
<cards type="Pocket" player="Thechosenoonee">X X</cards>
<action no="3" player="Thechosenoonee" type="23" discard="1" dealt="1" sum="40"/>
<action no="4" player="M1ky3ste92" type="0" sum="0"/>
<action no="5" player="LolloCausto" type="0" discard="1" dealt="1" sum="0"/>
</round>
</game>
<game gamecode="6593848640"><general>
<startdate>2026-01-13 23:20:05</startdate>
<round>1</round>
<failsafecounter/>
<players><player seat="3" name="Thechosenoonee" chips="470" dealer="0" win="40" bet="60" muck="1" rebuy="0" addon="0" merge="0" rebuychips="0" reg_code="5089142195"/>
<player seat="6" name="M1ky3ste92" chips="520" dealer="1" win="0" bet="0" muck="1" rebuy="0" addon="0" merge="0" rebuychips="0" reg_code="5089144335"/>
<player seat="10" name="LolloCausto" chips="510" dealer="0" win="0" bet="20" muck="1" rebuy="0" addon="0" merge="0" rebuychips="0" reg_code="5089144412"/>
</players>
</general>
<round no="0"><action no="1" player="LolloCausto" type="1" discard="1" dealt="1" sum="10"/>
<action no="2" player="Thechosenoonee" type="2" discard="1" dealt="1" sum="20"/>
</round>
<round no="1"><cards type="Pocket" player="Thechosenoonee">X X</cards>
<cards type="Pocket" player="LolloCausto">X X</cards>
<cards type="Pocket" player="M1ky3ste92">H5 H9</cards>
<action no="3" player="M1ky3ste92" type="0" sum="0"/>
<action no="4" player="LolloCausto" type="3" discard="1" dealt="1" sum="10"/>
<action no="5" player="Thechosenoonee" type="23" discard="1" dealt="1" sum="60"/>
<action no="6" player="LolloCausto" type="0" discard="1" dealt="1" sum="0"/>
</round>
</game>
<game gamecode="6593848702"><general>
<startdate>2026-01-13 23:20:19</startdate>
<round>1</round>
<failsafecounter/>
<players><player seat="6" name="M1ky3ste92" chips="520" dealer="0" win="0" bet="35" muck="1" rebuy="0" addon="0" merge="0" rebuychips="0" reg_code="5089144335"/>
<player seat="10" name="LolloCausto" chips="490" dealer="1" win="90" bet="490" muck="1" rebuy="0" addon="0" merge="0" rebuychips="0" reg_code="5089144412"/>
<player seat="3" name="Thechosenoonee" chips="490" dealer="0" win="0" bet="20" muck="1" rebuy="0" addon="0" merge="0" rebuychips="0" reg_code="5089142195"/>
</players>
</general>
<round no="0"><action no="1" player="Thechosenoonee" type="15" discard="1" dealt="1" sum="5"/>
<action no="2" player="M1ky3ste92" type="15" sum="5"/>
<action no="3" player="LolloCausto" type="15" discard="1" dealt="1" sum="5"/>
<action no="4" player="Thechosenoonee" type="1" discard="1" dealt="1" sum="15"/>
<action no="5" player="M1ky3ste92" type="2" sum="30"/>
</round>
<round no="1"><cards type="Pocket" player="Thechosenoonee">X X</cards>
<cards type="Pocket" player="M1ky3ste92">SQ S8</cards>
<cards type="Pocket" player="LolloCausto">X X</cards>
<action no="6" player="LolloCausto" type="23" discard="1" dealt="1" sum="485"/>
<action no="7" player="Thechosenoonee" type="0" discard="1" dealt="1" sum="0"/>
<action no="8" player="M1ky3ste92" type="0" sum="0"/>
</round>
</game>
<game gamecode="6593848752"><general>
<startdate>2026-01-13 23:20:30</startdate>
<round>1</round>
<failsafecounter/>
<players><player seat="10" name="LolloCausto" chips="545" dealer="0" win="0" bet="155" muck="1" rebuy="0" addon="0" merge="0" rebuychips="0" reg_code="5089144412"/>
<player seat="3" name="Thechosenoonee" chips="470" dealer="1" win="330" bet="155" muck="0" rebuy="0" addon="0" merge="0" rebuychips="0" reg_code="5089142195"/>
<player seat="6" name="M1ky3ste92" chips="485" dealer="0" win="0" bet="20" muck="1" rebuy="0" addon="0" merge="0" rebuychips="0" reg_code="5089144335"/>
</players>
</general>
<round no="0"><action no="1" player="M1ky3ste92" type="15" sum="5"/>
<action no="2" player="LolloCausto" type="15" discard="1" dealt="1" sum="5"/>
<action no="3" player="Thechosenoonee" type="15" discard="1" dealt="1" sum="5"/>
<action no="4" player="M1ky3ste92" type="1" sum="15"/>
<action no="5" player="LolloCausto" type="2" discard="1" dealt="1" sum="30"/>
</round>
<round no="1"><cards type="Pocket" player="Thechosenoonee">D7 D10</cards>
<cards type="Pocket" player="LolloCausto">H6 C5</cards>
<cards type="Pocket" player="M1ky3ste92">HQ H4</cards>
<action no="6" player="Thechosenoonee" type="23" discard="1" dealt="1" sum="60"/>
<action no="7" player="M1ky3ste92" type="0" sum="0"/>
<action no="8" player="LolloCausto" type="3" discard="1" dealt="1" sum="30"/>
</round>
<round no="2"><cards type="Flop">H7 S5 S9</cards>
<action no="9" player="LolloCausto" type="4" discard="1" dealt="1" sum="0"/>
<action no="10" player="Thechosenoonee" type="4" discard="1" dealt="1" sum="0"/>
</round>
<round no="3"><cards type="Turn">D9</cards>
<action no="11" player="LolloCausto" type="4" discard="1" dealt="1" sum="0"/>
<action no="12" player="Thechosenoonee" type="5" discard="1" dealt="1" sum="90"/>
<action no="13" player="LolloCausto" type="3" discard="1" dealt="1" sum="90"/>
</round>
<round no="4"><cards type="River">HJ</cards>
<action no="14" player="LolloCausto" type="4" discard="1" dealt="1" sum="0"/>
<action no="15" player="Thechosenoonee" type="4" discard="1" dealt="1" sum="0"/>
</round>
</game>
<game gamecode="6593849019"><general>
<startdate>2026-01-13 23:21:30</startdate>
<round>1</round>
<failsafecounter/>
<players><player seat="3" name="Thechosenoonee" chips="645" dealer="0" win="0" bet="645" muck="0" rebuy="0" addon="0" merge="0" rebuychips="0" reg_code="5089142195"/>
<player seat="6" name="M1ky3ste92" chips="465" dealer="1" win="1,320" bet="465" muck="0" rebuy="0" addon="0" merge="0" rebuychips="0" reg_code="5089144335"/>
<player seat="10" name="LolloCausto" chips="390" dealer="0" win="0" bet="390" muck="1" rebuy="0" addon="0" merge="0" rebuychips="0" reg_code="5089144412"/>
</players>
</general>
<round no="0"><action no="1" player="LolloCausto" type="15" discard="1" dealt="1" sum="5"/>
<action no="2" player="Thechosenoonee" type="15" discard="1" dealt="1" sum="5"/>
<action no="3" player="M1ky3ste92" type="15" sum="5"/>
<action no="4" player="LolloCausto" type="1" discard="1" dealt="1" sum="15"/>
<action no="5" player="Thechosenoonee" type="2" discard="1" dealt="1" sum="30"/>
</round>
<round no="1"><cards type="Pocket" player="Thechosenoonee">DK HA</cards>
<cards type="Pocket" player="M1ky3ste92">HQ HK</cards>
<cards type="Pocket" player="LolloCausto">D4 CA</cards>
<action no="6" player="M1ky3ste92" type="23" sum="60"/>
<action no="7" player="LolloCausto" type="23" discard="1" dealt="1" sum="385"/>
<action no="8" player="Thechosenoonee" type="7" discard="1" dealt="1" sum="610"/>
<action no="9" player="M1ky3ste92" type="7" sum="400"/>
</round>
<round no="2"><cards type="Flop">DJ H9 C7</cards>
</round>
<round no="3"><cards type="Turn">D10</cards>
</round>
<round no="4"><cards type="River">S8</cards>
</round>
</game>
<game gamecode="6593849116"><general>
<startdate>2026-01-13 23:21:51</startdate>
<round>1</round>
<failsafecounter/>
<players><player seat="6" name="M1ky3ste92" chips="1,320" dealer="0" win="40" bet="35" muck="1" rebuy="0" addon="0" merge="0" rebuychips="0" reg_code="5089144335"/>
<player seat="3" name="Thechosenoonee" chips="180" dealer="1" win="0" bet="20" muck="1" rebuy="0" addon="0" merge="0" rebuychips="0" reg_code="5089142195"/>
</players>
</general>
<round no="0"><action no="1" player="Thechosenoonee" type="15" discard="1" dealt="1" sum="5"/>
<action no="2" player="M1ky3ste92" type="15" sum="5"/>
<action no="3" player="Thechosenoonee" type="1" discard="1" dealt="1" sum="15"/>
<action no="4" player="M1ky3ste92" type="2" sum="30"/>
</round>
<round no="1"><cards type="Pocket" player="Thechosenoonee">X X</cards>
<cards type="Pocket" player="M1ky3ste92">S4 C8</cards>
<action no="5" player="Thechosenoonee" type="0" discard="1" dealt="1" sum="0"/>
</round>
</game>
<game gamecode="6593849143"><general>
<startdate>2026-01-13 23:21:56</startdate>
<round>1</round>
<failsafecounter/>
<players><player seat="3" name="Thechosenoonee" chips="160" dealer="0" win="40" bet="35" muck="1" rebuy="0" addon="0" merge="0" rebuychips="0" reg_code="5089142195"/>
<player seat="6" name="M1ky3ste92" chips="1,340" dealer="1" win="0" bet="20" muck="1" rebuy="0" addon="0" merge="0" rebuychips="0" reg_code="5089144335"/>
</players>
</general>
<round no="0"><action no="1" player="M1ky3ste92" type="15" sum="5"/>
<action no="2" player="Thechosenoonee" type="15" discard="1" dealt="1" sum="5"/>
<action no="3" player="M1ky3ste92" type="1" sum="15"/>
<action no="4" player="Thechosenoonee" type="2" discard="1" dealt="1" sum="30"/>
</round>
<round no="1"><cards type="Pocket" player="M1ky3ste92">H6 C3</cards>
<cards type="Pocket" player="Thechosenoonee">X X</cards>
<action no="5" player="M1ky3ste92" type="0" sum="0"/>
</round>
</game>
<game gamecode="6593849173"><general>
<startdate>2026-01-13 23:22:03</startdate>
<round>1</round>
<failsafecounter/>
<players><player seat="6" name="M1ky3ste92" chips="1,320" dealer="0" win="360" bet="180" muck="0" rebuy="0" addon="0" merge="0" rebuychips="0" reg_code="5089144335"/>
<player seat="3" name="Thechosenoonee" chips="180" dealer="1" win="0" bet="180" muck="0" rebuy="0" addon="0" merge="0" rebuychips="0" reg_code="5089142195"/>
</players>
</general>
<round no="0"><action no="1" player="Thechosenoonee" type="15" discard="1" dealt="1" sum="5"/>
<action no="2" player="M1ky3ste92" type="15" sum="5"/>
<action no="3" player="Thechosenoonee" type="1" discard="1" dealt="1" sum="20"/>
<action no="4" player="M1ky3ste92" type="2" sum="40"/>
</round>
<round no="1"><cards type="Pocket" player="Thechosenoonee">D9 H5</cards>
<cards type="Pocket" player="M1ky3ste92">SQ C7</cards>
<action no="5" player="Thechosenoonee" type="23" discard="1" dealt="1" sum="175"/>
<action no="6" player="M1ky3ste92" type="3" sum="135"/>
</round>
<round no="2"><cards type="Flop">C8 S10 H10</cards>
</round>
<round no="3"><cards type="Turn">CA</cards>
</round>
<round no="4"><cards type="River">D6</cards>
</round>
</game>
</session>
