<?xml version="1.0" encoding="UTF-8"?>
<session sessioncode="5089146093">
<general>
<client_version>24.7.1.18</client_version>
<mode>real</mode>
<gametype>Holdem NL</gametype>
<tablename>Twister €200 SNG, 826397521</tablename>
<tournamentcode>826397520</tournamentcode>
<tournamentname>Twister €200 SNG</tournamentname>
<buyin>€0 + €12 + €188</buyin>
<totalbuyin>€200</totalbuyin>
<rewarddrawn>€600</rewarddrawn>
<tournamentcurrency>EUR</tournamentcurrency>
<currency>EUR</currency>
<nickname>M1ky3ste92</nickname>
<gamecount>17</gamecount>
<startdate>2026-01-13 23:23:10</startdate>
<place>2</place>
<win>€0</win>
<tablesize>3</tablesize>
</general>
<game gamecode="6593859256"><general>
<startdate>2026-01-13 23:23:26</startdate>
<round>1</round>
<failsafecounter/>
<players><player seat="10" name="M1ky3ste92" chips="500" dealer="0" win="0" bet="20" muck="1" rebuy="0" addon="0" merge="0" rebuychips="0" reg_code="5089146093"/>
<player seat="3" name="deIduKA" chips="500" dealer="1" win="50" bet="40" muck="1" rebuy="0" addon="0" merge="0" rebuychips="0" reg_code="5089145248"/>
<player seat="6" name="Exivezzz2323" chips="500" dealer="0" win="0" bet="10" muck="1" rebuy="0" addon="0" merge="0" rebuychips="0" reg_code="5089145263"/>
</players>
</general>
<round no="0"><action no="1" player="Exivezzz2323" type="1" discard="1" dealt="1" sum="10"/>
<action no="2" player="M1ky3ste92" type="2" sum="20"/>
</round>
<round no="1"><cards type="Pocket" player="Exivezzz2323">X X</cards>
<cards type="Pocket" player="M1ky3ste92">S2 C9</cards>
<cards type="Pocket" player="deIduKA">X X</cards>
<action no="3" player="deIduKA" type="23" discard="1" dealt="1" sum="40"/>
<action no="4" player="Exivezzz2323" type="0" discard="1" dealt="1" sum="0"/>
<action no="5" player="M1ky3ste92" type="0" sum="0"/>
</round>
</game>
<game gamecode="6593859288"><general>
<startdate>2026-01-13 23:23:35</startdate>
<round>1</round>
<failsafecounter/>
<players><player seat="3" name="deIduKA" chips="530" dealer="0" win="0" bet="60" muck="1" rebuy="0" addon="0" merge="0" rebuychips="0" reg_code="5089145248"/>
<player seat="6" name="Exivezzz2323" chips="490" dealer="1" win="0" bet="0" muck="1" rebuy="0" addon="0" merge="0" rebuychips="0" reg_code="5089145263"/>
<player seat="10" name="M1ky3ste92" chips="480" dealer="0" win="120" bet="100" muck="1" rebuy="0" addon="0" merge="0" rebuychips="0" reg_code="5089146093"/>
</players>
</general>
<round no="0"><action no="1" player="M1ky3ste92" type="1" sum="10"/>
<action no="2" player="deIduKA" type="2" discard="1" dealt="1" sum="20"/>
</round>
<round no="1"><cards type="Pocket" player="Exivezzz2323">X X</cards>
<cards type="Pocket" player="M1ky3ste92">SJ SQ</cards>
<cards type="Pocket" player="deIduKA">X X</cards>
<action no="3" player="Exivezzz2323" type="0" discard="1" dealt="1" sum="0"/>
<action no="4" player="M1ky3ste92" type="23" sum="60"/>
<action no="5" player="deIduKA" type="3" discard="1" dealt="1" sum="40"/>
</round>
<round no="2"><cards type="Flop">H3 S3 H10</cards>
<action no="6" player="M1ky3ste92" type="5" sum="40"/>
<action no="7" player="deIduKA" type="0" discard="1" dealt="1" sum="0"/>
</round>
</game>
<game gamecode="6593859361"><general>
<startdate>2026-01-13 23:23:55</startdate>
<round>1</round>
<failsafecounter/>
<players><player seat="6" name="Exivezzz2323" chips="490" dealer="0" win="0" bet="70" muck="1" rebuy="0" addon="0" merge="0" rebuychips="0" reg_code="5089145263"/>
<player seat="10" name="M1ky3ste92" chips="540" dealer="1" win="150" bet="150" muck="1" rebuy="0" addon="0" merge="0" rebuychips="0" reg_code="5089146093"/>
<player seat="3" name="deIduKA" chips="470" dealer="0" win="0" bet="10" muck="1" rebuy="0" addon="0" merge="0" rebuychips="0" reg_code="5089145248"/>
</players>
</general>
<round no="0"><action no="1" player="deIduKA" type="1" discard="1" dealt="1" sum="10"/>
<action no="2" player="Exivezzz2323" type="2" discard="1" dealt="1" sum="20"/>
</round>
<round no="1"><cards type="Pocket" player="M1ky3ste92">HK CQ</cards>
<cards type="Pocket" player="deIduKA">X X</cards>
<cards type="Pocket" player="Exivezzz2323">X X</cards>
<action no="3" player="M1ky3ste92" type="23" sum="40"/>
<action no="4" player="deIduKA" type="0" discard="1" dealt="1" sum="0"/>
<action no="5" player="Exivezzz2323" type="3" discard="1" dealt="1" sum="20"/>
</round>
<round no="2"><cards type="Flop">DK C10 S4</cards>
<action no="6" player="Exivezzz2323" type="4" discard="1" dealt="1" sum="0"/>
<action no="7" player="M1ky3ste92" type="5" sum="30"/>
<action no="8" player="Exivezzz2323" type="3" discard="1" dealt="1" sum="30"/>
</round>
<round no="3"><cards type="Turn">DA</cards>
<action no="9" player="Exivezzz2323" type="4" discard="1" dealt="1" sum="0"/>
<action no="10" player="M1ky3ste92" type="5" sum="80"/>
<action no="11" player="Exivezzz2323" type="0" discard="1" dealt="1" sum="0"/>
</round>
</game>
<game gamecode="6593859488"><general>
<startdate>2026-01-13 23:24:35</startdate>
<round>1</round>
<failsafecounter/>
<players><player seat="10" name="M1ky3ste92" chips="620" dealer="0" win="0" bet="60" muck="1" rebuy="0" addon="0" merge="0" rebuychips="0" reg_code="5089146093"/>
<player seat="3" name="deIduKA" chips="460" dealer="1" win="0" bet="0" muck="1" rebuy="0" addon="0" merge="0" rebuychips="0" reg_code="5089145248"/>
<player seat="6" name="Exivezzz2323" chips="420" dealer="0" win="120" bet="140" muck="1" rebuy="0" addon="0" merge="0" rebuychips="0" reg_code="5089145263"/>
</players>
</general>
<round no="0"><action no="1" player="Exivezzz2323" type="1" discard="1" dealt="1" sum="10"/>
<action no="2" player="M1ky3ste92" type="2" sum="20"/>
</round>
<round no="1"><cards type="Pocket" player="M1ky3ste92">D8 D4</cards>
<cards type="Pocket" player="deIduKA">X X</cards>
<cards type="Pocket" player="Exivezzz2323">X X</cards>
<action no="3" player="deIduKA" type="0" discard="1" dealt="1" sum="0"/>
<action no="4" player="Exivezzz2323" type="23" discard="1" dealt="1" sum="40"/>
<action no="5" player="M1ky3ste92" type="3" sum="20"/>
</round>
<round no="2"><cards type="Flop">DK C8 H10</cards>
<action no="6" player="Exivezzz2323" type="5" discard="1" dealt="1" sum="20"/>
<action no="7" player="M1ky3ste92" type="3" sum="20"/>
</round>
<round no="3"><cards type="Turn">HA</cards>
<action no="8" player="Exivezzz2323" type="5" discard="1" dealt="1" sum="80"/>
<action no="9" player="M1ky3ste92" type="0" sum="0"/>
</round>
</game>
<game gamecode="6593859577"><general>
<startdate>2026-01-13 23:25:02</startdate>
<round>1</round>
<failsafecounter/>
<players><player seat="3" name="deIduKA" chips="460" dealer="0" win="336" bet="163" muck="0" rebuy="0" addon="0" merge="0" rebuychips="0" reg_code="5089145248"/>
<player seat="6" name="Exivezzz2323" chips="480" dealer="1" win="0" bet="163" muck="1" rebuy="0" addon="0" merge="0" rebuychips="0" reg_code="5089145263"/>
<player seat="10" name="M1ky3ste92" chips="560" dealer="0" win="0" bet="10" muck="1" rebuy="0" addon="0" merge="0" rebuychips="0" reg_code="5089146093"/>
</players>
</general>
<round no="0"><action no="1" player="M1ky3ste92" type="1" sum="10"/>
<action no="2" player="deIduKA" type="2" discard="1" dealt="1" sum="20"/>
</round>
<round no="1"><cards type="Pocket" player="deIduKA">CA S9</cards>
<cards type="Pocket" player="M1ky3ste92">S4 HK</cards>
<cards type="Pocket" player="Exivezzz2323">CJ DQ</cards>
<action no="3" player="Exivezzz2323" type="23" discard="1" dealt="1" sum="40"/>
<action no="4" player="M1ky3ste92" type="0" sum="0"/>
<action no="5" player="deIduKA" type="3" discard="1" dealt="1" sum="20"/>
</round>
<round no="2"><cards type="Flop">H9 H4 DJ</cards>
<action no="6" player="deIduKA" type="4" discard="1" dealt="1" sum="0"/>
<action no="7" player="Exivezzz2323" type="5" discard="1" dealt="1" sum="43"/>
<action no="8" player="deIduKA" type="3" discard="1" dealt="1" sum="43"/>
</round>
<round no="3"><cards type="Turn">C6</cards>
<action no="9" player="deIduKA" type="4" discard="1" dealt="1" sum="0"/>
<action no="10" player="Exivezzz2323" type="5" discard="1" dealt="1" sum="80"/>
<action no="11" player="deIduKA" type="3" discard="1" dealt="1" sum="80"/>
</round>
<round no="4"><cards type="River">SA</cards>
<action no="12" player="deIduKA" type="4" discard="1" dealt="1" sum="0"/>
<action no="13" player="Exivezzz2323" type="4" discard="1" dealt="1" sum="0"/>
</round>
</game>
<game gamecode="6593859706"><general>
<startdate>2026-01-13 23:25:42</startdate>
<round>1</round>
<failsafecounter/>
<players><player seat="6" name="Exivezzz2323" chips="317" dealer="0" win="0" bet="35" muck="1" rebuy="0" addon="0" merge="0" rebuychips="0" reg_code="5089145263"/>
<player seat="10" name="M1ky3ste92" chips="550" dealer="1" win="90" bet="65" muck="1" rebuy="0" addon="0" merge="0" rebuychips="0" reg_code="5089146093"/>
<player seat="3" name="deIduKA" chips="633" dealer="0" win="0" bet="20" muck="1" rebuy="0" addon="0" merge="0" rebuychips="0" reg_code="5089145248"/>
</players>
</general>
<round no="0"><action no="1" player="deIduKA" type="15" discard="1" dealt="1" sum="5"/>
<action no="2" player="Exivezzz2323" type="15" discard="1" dealt="1" sum="5"/>
<action no="3" player="M1ky3ste92" type="15" sum="5"/>
<action no="4" player="deIduKA" type="1" discard="1" dealt="1" sum="15"/>
<action no="5" player="Exivezzz2323" type="2" discard="1" dealt="1" sum="30"/>
</round>
<round no="1"><cards type="Pocket" player="M1ky3ste92">D7 H7</cards>
<cards type="Pocket" player="Exivezzz2323">X X</cards>
<cards type="Pocket" player="deIduKA">X X</cards>
<action no="6" player="M1ky3ste92" type="23" sum="60"/>
<action no="7" player="deIduKA" type="0" discard="1" dealt="1" sum="0"/>
<action no="8" player="Exivezzz2323" type="0" discard="1" dealt="1" sum="0"/>
</round>
</game>
<game gamecode="6593859744"><general>
<startdate>2026-01-13 23:25:53</startdate>
<round>1</round>
<failsafecounter/>
<players><player seat="10" name="M1ky3ste92" chips="605" dealer="0" win="0" bet="65" muck="1" rebuy="0" addon="0" merge="0" rebuychips="0" reg_code="5089146093"/>
<player seat="3" name="deIduKA" chips="613" dealer="1" win="150" bet="140" muck="1" rebuy="0" addon="0" merge="0" rebuychips="0" reg_code="5089145248"/>
<player seat="6" name="Exivezzz2323" chips="282" dealer="0" win="0" bet="20" muck="1" rebuy="0" addon="0" merge="0" rebuychips="0" reg_code="5089145263"/>
</players>
</general>
<round no="0"><action no="1" player="Exivezzz2323" type="15" discard="1" dealt="1" sum="5"/>
<action no="2" player="M1ky3ste92" type="15" sum="5"/>
<action no="3" player="deIduKA" type="15" discard="1" dealt="1" sum="5"/>
<action no="4" player="Exivezzz2323" type="1" discard="1" dealt="1" sum="15"/>
<action no="5" player="M1ky3ste92" type="2" sum="30"/>
</round>
<round no="1"><cards type="Pocket" player="deIduKA">X X</cards>
<cards type="Pocket" player="Exivezzz2323">X X</cards>
<cards type="Pocket" player="M1ky3ste92">C6 H9</cards>
<action no="6" player="deIduKA" type="23" discard="1" dealt="1" sum="60"/>
<action no="7" player="Exivezzz2323" type="0" discard="1" dealt="1" sum="0"/>
<action no="8" player="M1ky3ste92" type="3" sum="30"/>
</round>
<round no="2"><cards type="Flop">SK C4 SJ</cards>
<action no="9" player="M1ky3ste92" type="4" sum="0"/>
<action no="10" player="deIduKA" type="5" discard="1" dealt="1" sum="75"/>
<action no="11" player="M1ky3ste92" type="0" sum="0"/>
</round>
</game>
<game gamecode="6593859819"><general>
<startdate>2026-01-13 23:26:12</startdate>
<round>1</round>
<failsafecounter/>
<players><player seat="3" name="deIduKA" chips="698" dealer="0" win="45" bet="35" muck="1" rebuy="0" addon="0" merge="0" rebuychips="0" reg_code="5089145248"/>
<player seat="6" name="Exivezzz2323" chips="262" dealer="1" win="0" bet="5" muck="1" rebuy="0" addon="0" merge="0" rebuychips="0" reg_code="5089145263"/>
<player seat="10" name="M1ky3ste92" chips="540" dealer="0" win="0" bet="20" muck="1" rebuy="0" addon="0" merge="0" rebuychips="0" reg_code="5089146093"/>
</players>
</general>
<round no="0"><action no="1" player="M1ky3ste92" type="15" sum="5"/>
<action no="2" player="deIduKA" type="15" discard="1" dealt="1" sum="5"/>
<action no="3" player="Exivezzz2323" type="15" discard="1" dealt="1" sum="5"/>
<action no="4" player="M1ky3ste92" type="1" sum="15"/>
<action no="5" player="deIduKA" type="2" discard="1" dealt="1" sum="30"/>
</round>
<round no="1"><cards type="Pocket" player="Exivezzz2323">X X</cards>
<cards type="Pocket" player="deIduKA">X X</cards>
<cards type="Pocket" player="M1ky3ste92">D8 H4</cards>
<action no="6" player="Exivezzz2323" type="0" discard="1" dealt="1" sum="0"/>
<action no="7" player="M1ky3ste92" type="0" sum="0"/>
</round>
</game>
<game gamecode="6593859869"><general>
<startdate>2026-01-13 23:26:23</startdate>
<round>1</round>
<failsafecounter/>
<players><player seat="6" name="Exivezzz2323" chips="257" dealer="0" win="0" bet="35" muck="1" rebuy="0" addon="0" merge="0" rebuychips="0" reg_code="5089145263"/>
<player seat="10" name="M1ky3ste92" chips="520" dealer="1" win="90" bet="65" muck="1" rebuy="0" addon="0" merge="0" rebuychips="0" reg_code="5089146093"/>
<player seat="3" name="deIduKA" chips="723" dealer="0" win="0" bet="20" muck="1" rebuy="0" addon="0" merge="0" rebuychips="0" reg_code="5089145248"/>
</players>
</general>
<round no="0"><action no="1" player="deIduKA" type="15" discard="1" dealt="1" sum="5"/>
<action no="2" player="Exivezzz2323" type="15" discard="1" dealt="1" sum="5"/>
<action no="3" player="M1ky3ste92" type="15" sum="5"/>
<action no="4" player="deIduKA" type="1" discard="1" dealt="1" sum="15"/>
<action no="5" player="Exivezzz2323" type="2" discard="1" dealt="1" sum="30"/>
</round>
<round no="1"><cards type="Pocket" player="Exivezzz2323">X X</cards>
<cards type="Pocket" player="deIduKA">X X</cards>
<cards type="Pocket" player="M1ky3ste92">D9 D7</cards>
<action no="6" player="M1ky3ste92" type="23" sum="60"/>
<action no="7" player="deIduKA" type="0" discard="1" dealt="1" sum="0"/>
<action no="8" player="Exivezzz2323" type="0" discard="1" dealt="1" sum="0"/>
</round>
</game>
<game gamecode="6593859920"><general>
<startdate>2026-01-13 23:26:36</startdate>
<round>1</round>
<failsafecounter/>
<players><player seat="10" name="M1ky3ste92" chips="575" dealer="0" win="0" bet="35" muck="1" rebuy="0" addon="0" merge="0" rebuychips="0" reg_code="5089146093"/>
<player seat="3" name="deIduKA" chips="703" dealer="1" win="0" bet="5" muck="1" rebuy="0" addon="0" merge="0" rebuychips="0" reg_code="5089145248"/>
<player seat="6" name="Exivezzz2323" chips="222" dealer="0" win="75" bet="222" muck="1" rebuy="0" addon="0" merge="0" rebuychips="0" reg_code="5089145263"/>
</players>
</general>
<round no="0"><action no="1" player="Exivezzz2323" type="15" discard="1" dealt="1" sum="5"/>
<action no="2" player="M1ky3ste92" type="15" sum="5"/>
<action no="3" player="deIduKA" type="15" discard="1" dealt="1" sum="5"/>
<action no="4" player="Exivezzz2323" type="1" discard="1" dealt="1" sum="15"/>
<action no="5" player="M1ky3ste92" type="2" sum="30"/>
</round>
<round no="1"><cards type="Pocket" player="deIduKA">X X</cards>
<cards type="Pocket" player="Exivezzz2323">X X</cards>
<cards type="Pocket" player="M1ky3ste92">H10 S7</cards>
<action no="6" player="deIduKA" type="0" discard="1" dealt="1" sum="0"/>
<action no="7" player="Exivezzz2323" type="23" discard="1" dealt="1" sum="217"/>
<action no="8" player="M1ky3ste92" type="0" sum="0"/>
</round>
</game>
<game gamecode="6593859961"><general>
<startdate>2026-01-13 23:26:48</startdate>
<round>1</round>
<failsafecounter/>
<players><player seat="3" name="deIduKA" chips="698" dealer="0" win="0" bet="45" muck="1" rebuy="0" addon="0" merge="0" rebuychips="0" reg_code="5089145248"/>
<player seat="6" name="Exivezzz2323" chips="262" dealer="1" win="0" bet="5" muck="1" rebuy="0" addon="0" merge="0" rebuychips="0" reg_code="5089145263"/>
<player seat="10" name="M1ky3ste92" chips="540" dealer="0" win="95" bet="85" muck="1" rebuy="0" addon="0" merge="0" rebuychips="0" reg_code="5089146093"/>
</players>
</general>
<round no="0"><action no="1" player="M1ky3ste92" type="15" sum="5"/>
<action no="2" player="deIduKA" type="15" discard="1" dealt="1" sum="5"/>
<action no="3" player="Exivezzz2323" type="15" discard="1" dealt="1" sum="5"/>
<action no="4" player="M1ky3ste92" type="1" sum="20"/>
<action no="5" player="deIduKA" type="2" discard="1" dealt="1" sum="40"/>
</round>
<round no="1"><cards type="Pocket" player="M1ky3ste92">HJ S3</cards>
<cards type="Pocket" player="Exivezzz2323">X X</cards>
<cards type="Pocket" player="deIduKA">X X</cards>
<action no="6" player="Exivezzz2323" type="0" discard="1" dealt="1" sum="0"/>
<action no="7" player="M1ky3ste92" type="3" sum="20"/>
<action no="8" player="deIduKA" type="4" discard="1" dealt="1" sum="0"/>
</round>
<round no="2"><cards type="Flop">S6 H3 H6</cards>
<action no="9" player="M1ky3ste92" type="5" sum="40"/>
<action no="10" player="deIduKA" type="0" discard="1" dealt="1" sum="0"/>
</round>
</game>
<game gamecode="6593860048"><general>
<startdate>2026-01-13 23:27:12</startdate>
<round>1</round>
<failsafecounter/>
<players><player seat="6" name="Exivezzz2323" chips="257" dealer="0" win="55" bet="45" muck="1" rebuy="0" addon="0" merge="0" rebuychips="0" reg_code="5089145263"/>
<player seat="10" name="M1ky3ste92" chips="590" dealer="1" win="0" bet="5" muck="1" rebuy="0" addon="0" merge="0" rebuychips="0" reg_code="5089146093"/>
<player seat="3" name="deIduKA" chips="653" dealer="0" win="0" bet="25" muck="1" rebuy="0" addon="0" merge="0" rebuychips="0" reg_code="5089145248"/>
</players>
</general>
<round no="0"><action no="1" player="deIduKA" type="15" discard="1" dealt="1" sum="5"/>
<action no="2" player="Exivezzz2323" type="15" discard="1" dealt="1" sum="5"/>
<action no="3" player="M1ky3ste92" type="15" sum="5"/>
<action no="4" player="deIduKA" type="1" discard="1" dealt="1" sum="20"/>
<action no="5" player="Exivezzz2323" type="2" discard="1" dealt="1" sum="40"/>
</round>
<round no="1"><cards type="Pocket" player="deIduKA">X X</cards>
<cards type="Pocket" player="M1ky3ste92">C5 D2</cards>
<cards type="Pocket" player="Exivezzz2323">X X</cards>
<action no="6" player="M1ky3ste92" type="0" sum="0"/>
<action no="7" player="deIduKA" type="0" discard="1" dealt="1" sum="0"/>
</round>
</game>
<game gamecode="6593860071"><general>
<startdate>2026-01-13 23:27:19</startdate>
<round>1</round>
<failsafecounter/>
<players><player seat="10" name="M1ky3ste92" chips="585" dealer="0" win="579" bet="287" muck="0" rebuy="0" addon="0" merge="0" rebuychips="0" reg_code="5089146093"/>
<player seat="3" name="deIduKA" chips="628" dealer="1" win="0" bet="5" muck="1" rebuy="0" addon="0" merge="0" rebuychips="0" reg_code="5089145248"/>
<player seat="6" name="Exivezzz2323" chips="287" dealer="0" win="0" bet="287" muck="0" rebuy="0" addon="0" merge="0" rebuychips="0" reg_code="5089145263"/>
</players>
</general>
<round no="0"><action no="1" player="Exivezzz2323" type="15" discard="1" dealt="1" sum="5"/>
<action no="2" player="M1ky3ste92" type="15" sum="5"/>
<action no="3" player="deIduKA" type="15" discard="1" dealt="1" sum="5"/>
<action no="4" player="Exivezzz2323" type="1" discard="1" dealt="1" sum="20"/>
<action no="5" player="M1ky3ste92" type="2" sum="40"/>
</round>
<round no="1"><cards type="Pocket" player="Exivezzz2323">S8 DQ</cards>
<cards type="Pocket" player="M1ky3ste92">CQ HQ</cards>
<cards type="Pocket" player="deIduKA">X X</cards>
<action no="6" player="deIduKA" type="0" discard="1" dealt="1" sum="0"/>
<action no="7" player="Exivezzz2323" type="23" discard="1" dealt="1" sum="282"/>
<action no="8" player="M1ky3ste92" type="3" sum="242"/>
</round>
<round no="2"><cards type="Flop">SJ CA C9</cards>
</round>
<round no="3"><cards type="Turn">DK</cards>
</round>
<round no="4"><cards type="River">H5</cards>
</round>
</game>
<game gamecode="6593860142"><general>
<startdate>2026-01-13 23:27:40</startdate>
<round>1</round>
<failsafecounter/>
<players><player seat="3" name="deIduKA" chips="623" dealer="0" win="1,246" bet="623" muck="0" rebuy="0" addon="0" merge="0" rebuychips="0" reg_code="5089145248"/>
<player seat="10" name="M1ky3ste92" chips="877" dealer="1" win="0" bet="623" muck="1" rebuy="0" addon="0" merge="0" rebuychips="0" reg_code="5089146093"/>
</players>
</general>
<round no="0"><action no="1" player="M1ky3ste92" type="15" sum="5"/>
<action no="2" player="deIduKA" type="15" discard="1" dealt="1" sum="5"/>
<action no="3" player="M1ky3ste92" type="1" sum="20"/>
<action no="4" player="deIduKA" type="2" discard="1" dealt="1" sum="40"/>
</round>
<round no="1"><cards type="Pocket" player="M1ky3ste92">CA DA</cards>
<cards type="Pocket" player="deIduKA">C6 D6</cards>
<action no="5" player="M1ky3ste92" type="3" sum="20"/>
<action no="6" player="deIduKA" type="23" discard="1" dealt="1" sum="618"/>
<action no="7" player="M1ky3ste92" type="3" sum="578"/>
</round>
<round no="2"><cards type="Flop">H6 H9 C7</cards>
</round>
<round no="3"><cards type="Turn">D9</cards>
</round>
<round no="4"><cards type="River">CQ</cards>
</round>
</game>
<game gamecode="6593860205"><general>
<startdate>2026-01-13 23:27:58</startdate>
<round>1</round>
<failsafecounter/>
<players><player seat="10" name="M1ky3ste92" chips="254" dealer="0" win="508" bet="254" muck="0" rebuy="0" addon="0" merge="0" rebuychips="0" reg_code="5089146093"/>
<player seat="3" name="deIduKA" chips="1,246" dealer="1" win="0" bet="1,246" muck="0" rebuy="0" addon="0" merge="0" rebuychips="0" reg_code="5089145248"/>
</players>
</general>
<round no="0"><action no="1" player="deIduKA" type="15" discard="1" dealt="1" sum="5"/>
<action no="2" player="M1ky3ste92" type="15" sum="5"/>
<action no="3" player="deIduKA" type="1" discard="1" dealt="1" sum="20"/>
<action no="4" player="M1ky3ste92" type="2" sum="40"/>
</round>
<round no="1"><cards type="Pocket" player="deIduKA">HK S4</cards>
<cards type="Pocket" player="M1ky3ste92">S7 CA</cards>
<action no="5" player="deIduKA" type="23" discard="1" dealt="1" sum="1,241"/>
<action no="6" player="M1ky3ste92" type="7" sum="209"/>
</round>
<round no="2"><cards type="Flop">H10 D9 S3</cards>
</round>
<round no="3"><cards type="Turn">C9</cards>
</round>
<round no="4"><cards type="River">S5</cards>
</round>
</game>
<game gamecode="6593860267"><general>
<startdate>2026-01-13 23:28:16</startdate>
<round>1</round>
<failsafecounter/>
<players><player seat="3" name="deIduKA" chips="992" dealer="0" win="0" bet="204" muck="1" rebuy="0" addon="0" merge="0" rebuychips="0" reg_code="5089145248"/>
<player seat="10" name="M1ky3ste92" chips="508" dealer="1" win="408" bet="204" muck="0" rebuy="0" addon="0" merge="0" rebuychips="0" reg_code="5089146093"/>
</players>
</general>
<round no="0"><action no="1" player="M1ky3ste92" type="15" sum="5"/>
<action no="2" player="deIduKA" type="15" discard="1" dealt="1" sum="5"/>
<action no="3" player="M1ky3ste92" type="1" sum="20"/>
<action no="4" player="deIduKA" type="2" discard="1" dealt="1" sum="40"/>
</round>
<round no="1"><cards type="Pocket" player="deIduKA">D5 HK</cards>
<cards type="Pocket" player="M1ky3ste92">C10 CJ</cards>
<action no="5" player="M1ky3ste92" type="3" sum="20"/>
<action no="6" player="deIduKA" type="4" discard="1" dealt="1" sum="0"/>
</round>
<round no="2"><cards type="Flop">H7 H8 D2</cards>
<action no="7" player="deIduKA" type="4" discard="1" dealt="1" sum="0"/>
<action no="8" player="M1ky3ste92" type="5" sum="40"/>
<action no="9" player="deIduKA" type="3" discard="1" dealt="1" sum="40"/>
</round>
<round no="3"><cards type="Turn">HA</cards>
<action no="10" player="deIduKA" type="4" discard="1" dealt="1" sum="0"/>
<action no="11" player="M1ky3ste92" type="5" sum="119"/>
<action no="12" player="deIduKA" type="3" discard="1" dealt="1" sum="119"/>
</round>
<round no="4"><cards type="River">D10</cards>
<action no="13" player="deIduKA" type="4" discard="1" dealt="1" sum="0"/>
<action no="14" player="M1ky3ste92" type="4" sum="0"/>
</round>
</game>
<game gamecode="6593860365"><general>
<startdate>2026-01-13 23:28:41</startdate>
<round>1</round>
<failsafecounter/>
<players><player seat="10" name="M1ky3ste92" chips="712" dealer="0" win="0" bet="712" muck="1" rebuy="0" addon="0" merge="0" rebuychips="0" reg_code="5089146093"/>
<player seat="3" name="deIduKA" chips="788" dealer="1" win="1,424" bet="788" muck="0" rebuy="0" addon="0" merge="0" rebuychips="0" reg_code="5089145248"/>
</players>
</general>
<round no="0"><action no="1" player="deIduKA" type="15" discard="1" dealt="1" sum="5"/>
<action no="2" player="M1ky3ste92" type="15" sum="5"/>
<action no="3" player="deIduKA" type="1" discard="1" dealt="1" sum="30"/>
<action no="4" player="M1ky3ste92" type="2" sum="60"/>
</round>
<round no="1"><cards type="Pocket" player="deIduKA">DK C8</cards>
<cards type="Pocket" player="M1ky3ste92">D2 CA</cards>
<action no="5" player="deIduKA" type="23" discard="1" dealt="1" sum="783"/>
<action no="6" player="M1ky3ste92" type="7" sum="647"/>
</round>
<round no="2"><cards type="Flop">H8 D5 H3</cards>
</round>
<round no="3"><cards type="Turn">C6</cards>
</round>
<round no="4"><cards type="River">S9</cards>
</round>
</game>
</session>
