<?xml version="1.0" encoding="UTF-8"?>
<session sessioncode="5089144865">
<general>
<client_version>24.7.1.18</client_version>
<mode>real</mode>
<gametype>Holdem NL</gametype>
<tablename>Twister €100 SNG, 826397368</tablename>
<tournamentcode>826397367</tournamentcode>
<tournamentname>Twister €100 SNG</tournamentname>
<buyin>€0 + €7 + €93</buyin>
<totalbuyin>€100</totalbuyin>
<rewarddrawn>€300</rewarddrawn>
<tournamentcurrency>EUR</tournamentcurrency>
<currency>EUR</currency>
<nickname>M1ky3ste92</nickname>
<gamecount>7</gamecount>
<startdate>2026-01-13 23:19:40</startdate>
<place>3</place>
<win>€0</win>
<tablesize>3</tablesize>
</general>
<game gamecode="6593846303"><general>
<startdate>2026-01-13 23:19:56</startdate>
<round>1</round>
<failsafecounter/>
<players><player seat="6" name="LolloCausto" chips="500" dealer="0" win="40" bet="60" muck="1" rebuy="0" addon="0" merge="0" rebuychips="0" reg_code="5089144413"/>
<player seat="10" name="M1ky3ste92" chips="500" dealer="1" win="0" bet="0" muck="1" rebuy="0" addon="0" merge="0" rebuychips="0" reg_code="5089144865"/>
<player seat="3" name="Thechosenoonee" chips="500" dealer="0" win="0" bet="20" muck="1" rebuy="0" addon="0" merge="0" rebuychips="0" reg_code="5089143663"/>
</players>
</general>
<round no="0"><action no="1" player="Thechosenoonee" type="1" discard="1" dealt="1" sum="10"/>
<action no="2" player="LolloCausto" type="2" discard="1" dealt="1" sum="20"/>
</round>
<round no="1"><cards type="Pocket" player="LolloCausto">X X</cards>
<cards type="Pocket" player="M1ky3ste92">S10 D3</cards>
<cards type="Pocket" player="Thechosenoonee">X X</cards>
<action no="3" player="M1ky3ste92" type="0" sum="0"/>
<action no="4" player="Thechosenoonee" type="3" discard="1" dealt="1" sum="10"/>
<action no="5" player="LolloCausto" type="23" discard="1" dealt="1" sum="60"/>
<action no="6" player="Thechosenoonee" type="0" discard="1" dealt="1" sum="0"/>
</round>
</game>
<game gamecode="6593846507"><general>
<startdate>2026-01-13 23:20:15</startdate>
<round>1</round>
<failsafecounter/>
<players><player seat="10" name="M1ky3ste92" chips="500" dealer="0" win="20" bet="20" muck="1" rebuy="0" addon="0" merge="0" rebuychips="0" reg_code="5089144865"/>
<player seat="3" name="Thechosenoonee" chips="480" dealer="1" win="0" bet="0" muck="1" rebuy="0" addon="0" merge="0" rebuychips="0" reg_code="5089143663"/>
<player seat="6" name="LolloCausto" chips="520" dealer="0" win="0" bet="10" muck="1" rebuy="0" addon="0" merge="0" rebuychips="0" reg_code="5089144413"/>
</players>
</general>
<round no="0"><action no="1" player="LolloCausto" type="1" discard="1" dealt="1" sum="10"/>
<action no="2" player="M1ky3ste92" type="2" sum="20"/>
</round>
<round no="1"><cards type="Pocket" player="M1ky3ste92">S2 H3</cards>
<cards type="Pocket" player="LolloCausto">X X</cards>
<cards type="Pocket" player="Thechosenoonee">X X</cards>
<action no="3" player="Thechosenoonee" type="0" discard="1" dealt="1" sum="0"/>
<action no="4" player="LolloCausto" type="0" discard="1" dealt="1" sum="0"/>
</round>
</game>
<game gamecode="6593846581"><general>
<startdate>2026-01-13 23:20:22</startdate>
<round>1</round>
<failsafecounter/>
<players><player seat="3" name="Thechosenoonee" chips="480" dealer="0" win="0" bet="20" muck="1" rebuy="0" addon="0" merge="0" rebuychips="0" reg_code="5089143663"/>
<player seat="6" name="LolloCausto" chips="510" dealer="1" win="0" bet="0" muck="1" rebuy="0" addon="0" merge="0" rebuychips="0" reg_code="5089144413"/>
<player seat="10" name="M1ky3ste92" chips="510" dealer="0" win="40" bet="40" muck="1" rebuy="0" addon="0" merge="0" rebuychips="0" reg_code="5089144865"/>
</players>
</general>
<round no="0"><action no="1" player="M1ky3ste92" type="1" sum="10"/>
<action no="2" player="Thechosenoonee" type="2" discard="1" dealt="1" sum="20"/>
</round>
<round no="1"><cards type="Pocket" player="LolloCausto">X X</cards>
<cards type="Pocket" player="M1ky3ste92">H8 H2</cards>
<cards type="Pocket" player="Thechosenoonee">X X</cards>
<action no="3" player="LolloCausto" type="0" discard="1" dealt="1" sum="0"/>
<action no="4" player="M1ky3ste92" type="3" sum="10"/>
<action no="5" player="Thechosenoonee" type="4" discard="1" dealt="1" sum="0"/>
</round>
<round no="2"><cards type="Flop">CA CJ C2</cards>
<action no="6" player="M1ky3ste92" type="5" sum="20"/>
<action no="7" player="Thechosenoonee" type="0" discard="1" dealt="1" sum="0"/>
</round>
</game>
<game gamecode="6593846923"><general>
<startdate>2026-01-13 23:20:55</startdate>
<round>1</round>
<failsafecounter/>
<players><player seat="6" name="LolloCausto" chips="510" dealer="0" win="0" bet="20" muck="1" rebuy="0" addon="0" merge="0" rebuychips="0" reg_code="5089144413"/>
<player seat="10" name="M1ky3ste92" chips="530" dealer="1" win="0" bet="460" muck="1" rebuy="0" addon="0" merge="0" rebuychips="0" reg_code="5089144865"/>
<player seat="3" name="Thechosenoonee" chips="460" dealer="0" win="940" bet="460" muck="0" rebuy="0" addon="0" merge="0" rebuychips="0" reg_code="5089143663"/>
</players>
</general>
<round no="0"><action no="1" player="Thechosenoonee" type="1" discard="1" dealt="1" sum="10"/>
<action no="2" player="LolloCausto" type="2" discard="1" dealt="1" sum="20"/>
</round>
<round no="1"><cards type="Pocket" player="LolloCausto">X X</cards>
<cards type="Pocket" player="Thechosenoonee">SA SJ</cards>
<cards type="Pocket" player="M1ky3ste92">HA S10</cards>
<action no="3" player="M1ky3ste92" type="23" sum="40"/>
<action no="4" player="Thechosenoonee" type="23" discard="1" dealt="1" sum="460"/>
<action no="5" player="LolloCausto" type="0" discard="1" dealt="1" sum="0"/>
<action no="6" player="M1ky3ste92" type="3" sum="420"/>
</round>
<round no="2"><cards type="Flop">D3 C9 DA</cards>
</round>
<round no="3"><cards type="Turn">DK</cards>
</round>
<round no="4"><cards type="River">HQ</cards>
</round>
</game>
<game gamecode="6593847115"><general>
<startdate>2026-01-13 23:21:15</startdate>
<round>1</round>
<failsafecounter/>
<players><player seat="10" name="M1ky3ste92" chips="70" dealer="0" win="140" bet="70" muck="0" rebuy="0" addon="0" merge="0" rebuychips="0" reg_code="5089144865"/>
<player seat="3" name="Thechosenoonee" chips="940" dealer="1" win="0" bet="0" muck="1" rebuy="0" addon="0" merge="0" rebuychips="0" reg_code="5089143663"/>
<player seat="6" name="LolloCausto" chips="490" dealer="0" win="0" bet="70" muck="1" rebuy="0" addon="0" merge="0" rebuychips="0" reg_code="5089144413"/>
</players>
</general>
<round no="0"><action no="1" player="LolloCausto" type="1" discard="1" dealt="1" sum="10"/>
<action no="2" player="M1ky3ste92" type="2" sum="20"/>
</round>
<round no="1"><cards type="Pocket" player="M1ky3ste92">S6 C8</cards>
<cards type="Pocket" player="Thechosenoonee">X X</cards>
<cards type="Pocket" player="LolloCausto">CA D5</cards>
<action no="3" player="Thechosenoonee" type="0" discard="1" dealt="1" sum="0"/>
<action no="4" player="LolloCausto" type="3" discard="1" dealt="1" sum="10"/>
<action no="5" player="M1ky3ste92" type="4" sum="0"/>
</round>
<round no="2"><cards type="Flop">H5 CK HJ</cards>
<action no="6" player="LolloCausto" type="4" discard="1" dealt="1" sum="0"/>
<action no="7" player="M1ky3ste92" type="4" sum="0"/>
</round>
<round no="3"><cards type="Turn">H8</cards>
<action no="8" player="LolloCausto" type="4" discard="1" dealt="1" sum="0"/>
<action no="9" player="M1ky3ste92" type="5" sum="20"/>
<action no="10" player="LolloCausto" type="3" discard="1" dealt="1" sum="20"/>
</round>
<round no="4"><cards type="River">C6</cards>
<action no="11" player="LolloCausto" type="4" discard="1" dealt="1" sum="0"/>
<action no="12" player="M1ky3ste92" type="5" sum="30"/>
<action no="13" player="LolloCausto" type="3" discard="1" dealt="1" sum="30"/>
</round>
</game>
<game gamecode="6593847678"><general>
<startdate>2026-01-13 23:22:17</startdate>
<round>1</round>
<failsafecounter/>
<players><player seat="3" name="Thechosenoonee" chips="940" dealer="0" win="0" bet="140" muck="1" rebuy="0" addon="0" merge="0" rebuychips="0" reg_code="5089143663"/>
<player seat="6" name="LolloCausto" chips="420" dealer="1" win="0" bet="5" muck="1" rebuy="0" addon="0" merge="0" rebuychips="0" reg_code="5089144413"/>
<player seat="10" name="M1ky3ste92" chips="140" dealer="0" win="285" bet="140" muck="0" rebuy="0" addon="0" merge="0" rebuychips="0" reg_code="5089144865"/>
</players>
</general>
<round no="0"><action no="1" player="M1ky3ste92" type="15" sum="5"/>
<action no="2" player="Thechosenoonee" type="15" discard="1" dealt="1" sum="5"/>
<action no="3" player="LolloCausto" type="15" discard="1" dealt="1" sum="5"/>
<action no="4" player="M1ky3ste92" type="1" sum="15"/>
<action no="5" player="Thechosenoonee" type="2" discard="1" dealt="1" sum="30"/>
</round>
<round no="1"><cards type="Pocket" player="LolloCausto">X X</cards>
<cards type="Pocket" player="M1ky3ste92">C3 HA</cards>
<cards type="Pocket" player="Thechosenoonee">SK D8</cards>
<action no="6" player="LolloCausto" type="0" discard="1" dealt="1" sum="0"/>
<action no="7" player="M1ky3ste92" type="23" sum="135"/>
<action no="8" player="Thechosenoonee" type="3" discard="1" dealt="1" sum="105"/>
</round>
<round no="2"><cards type="Flop">S2 S5 C8</cards>
</round>
<round no="3"><cards type="Turn">C4</cards>
</round>
<round no="4"><cards type="River">H3</cards>
</round>
</game>
<game gamecode="6593847830"><general>
<startdate>2026-01-13 23:22:35</startdate>
<round>1</round>
<failsafecounter/>
<players><player seat="6" name="LolloCausto" chips="415" dealer="0" win="590" bet="415" muck="0" rebuy="0" addon="0" merge="0" rebuychips="0" reg_code="5089144413"/>
<player seat="10" name="M1ky3ste92" chips="285" dealer="1" win="0" bet="285" muck="0" rebuy="0" addon="0" merge="0" rebuychips="0" reg_code="5089144865"/>
<player seat="3" name="Thechosenoonee" chips="800" dealer="0" win="0" bet="20" muck="1" rebuy="0" addon="0" merge="0" rebuychips="0" reg_code="5089143663"/>
</players>
</general>
<round no="0"><action no="1" player="Thechosenoonee" type="15" discard="1" dealt="1" sum="5"/>
<action no="2" player="LolloCausto" type="15" discard="1" dealt="1" sum="5"/>
<action no="3" player="M1ky3ste92" type="15" sum="5"/>
<action no="4" player="Thechosenoonee" type="1" discard="1" dealt="1" sum="15"/>
<action no="5" player="LolloCausto" type="2" discard="1" dealt="1" sum="30"/>
</round>
<round no="1"><cards type="Pocket" player="Thechosenoonee">X X</cards>
<cards type="Pocket" player="LolloCausto">DA D7</cards>
<cards type="Pocket" player="M1ky3ste92">D10 DJ</cards>
<action no="6" player="M1ky3ste92" type="23" sum="60"/>
<action no="7" player="Thechosenoonee" type="0" discard="1" dealt="1" sum="0"/>
<action no="8" player="LolloCausto" type="23" discard="1" dealt="1" sum="410"/>
<action no="9" player="M1ky3ste92" type="7" sum="220"/>
</round>
<round no="2"><cards type="Flop">S7 D2 HQ</cards>
</round>
<round no="3"><cards type="Turn">H8</cards>
</round>
<round no="4"><cards type="River">CQ</cards>
</round>
</game>
</session>
