<?xml version="1.0" encoding="UTF-8"?>
<session sessioncode="5089101530">
<general>
<client_version>25.7.1.50</client_version>
<mode>real</mode>
<gametype>Holdem NL</gametype>
<tablename>Twister €200 SNG, 826378659</tablename>
<tournamentcode>826378656</tournamentcode>
<tournamentname>Twister €200 SNG</tournamentname>
<buyin>€0 + €12 + €188</buyin>
<totalbuyin>€200</totalbuyin>
<rewarddrawn>€600</rewarddrawn>
<tournamentcurrency>EUR</tournamentcurrency>
<currency>EUR</currency>
<nickname>M1ky3ste92</nickname>
<gamecount>20</gamecount>
<startdate>2026-01-13 21:31:06</startdate>
<place>3</place>
<win>€0</win>
<tablesize>3</tablesize>
</general>
<game gamecode="6593669521"><general>
<startdate>2026-01-13 21:31:22</startdate>
<round>1</round>
<failsafecounter/>
<players><player seat="10" name="M1ky3ste92" chips="500" dealer="0" win="20" bet="20" muck="1" rebuy="0" addon="0" merge="0" rebuychips="0" reg_code="5089101530"/>
<player seat="3" name="Tiuualex" chips="500" dealer="1" win="0" bet="0" muck="1" rebuy="0" addon="0" merge="0" rebuychips="0" reg_code="5089101403"/>
<player seat="6" name="deIduKA" chips="500" dealer="0" win="0" bet="10" muck="1" rebuy="0" addon="0" merge="0" rebuychips="0" reg_code="5089101464"/>
</players>
</general>
<round no="0"><action no="1" player="deIduKA" type="1" discard="1" dealt="1" sum="10"/>
<action no="2" player="M1ky3ste92" type="2" sum="20"/>
</round>
<round no="1"><cards type="Pocket" player="Tiuualex">X X</cards>
<cards type="Pocket" player="deIduKA">X X</cards>
<cards type="Pocket" player="M1ky3ste92">H10 CQ</cards>
<action no="3" player="Tiuualex" type="0" discard="1" dealt="1" sum="0"/>
<action no="4" player="deIduKA" type="0" discard="1" dealt="1" sum="0"/>
</round>
</game>
<game gamecode="6593669579"><general>
<startdate>2026-01-13 21:31:38</startdate>
<round>1</round>
<failsafecounter/>
<players><player seat="3" name="Tiuualex" chips="500" dealer="0" win="0" bet="20" muck="1" rebuy="0" addon="0" merge="0" rebuychips="0" reg_code="5089101403"/>
<player seat="6" name="deIduKA" chips="490" dealer="1" win="0" bet="0" muck="1" rebuy="0" addon="0" merge="0" rebuychips="0" reg_code="5089101464"/>
<player seat="10" name="M1ky3ste92" chips="510" dealer="0" win="40" bet="20" muck="0" rebuy="0" addon="0" merge="0" rebuychips="0" reg_code="5089101530"/>
</players>
</general>
<round no="0"><action no="1" player="M1ky3ste92" type="1" sum="10"/>
<action no="2" player="Tiuualex" type="2" discard="1" dealt="1" sum="20"/>
</round>
<round no="1"><cards type="Pocket" player="M1ky3ste92">DA C2</cards>
<cards type="Pocket" player="Tiuualex">HJ CQ</cards>
<cards type="Pocket" player="deIduKA">X X</cards>
<action no="3" player="deIduKA" type="0" discard="1" dealt="1" sum="0"/>
<action no="4" player="M1ky3ste92" type="3" sum="10"/>
<action no="5" player="Tiuualex" type="4" discard="1" dealt="1" sum="0"/>
</round>
<round no="2"><cards type="Flop">H10 C8 HK</cards>
<action no="6" player="M1ky3ste92" type="4" sum="0"/>
<action no="7" player="Tiuualex" type="4" discard="1" dealt="1" sum="0"/>
</round>
<round no="3"><cards type="Turn">S4</cards>
<action no="8" player="M1ky3ste92" type="4" sum="0"/>
<action no="9" player="Tiuualex" type="4" discard="1" dealt="1" sum="0"/>
</round>
<round no="4"><cards type="River">D2</cards>
<action no="10" player="M1ky3ste92" type="4" sum="0"/>
<action no="11" player="Tiuualex" type="4" discard="1" dealt="1" sum="0"/>
</round>
</game>
<game gamecode="6593676335"><general>
<startdate>2026-01-13 21:32:20</startdate>
<round>1</round>
<failsafecounter/>
<players><player seat="6" name="deIduKA" chips="490" dealer="0" win="20" bet="20" muck="1" rebuy="0" addon="0" merge="0" rebuychips="0" reg_code="5089101464"/>
<player seat="10" name="M1ky3ste92" chips="530" dealer="1" win="0" bet="0" muck="1" rebuy="0" addon="0" merge="0" rebuychips="0" reg_code="5089101530"/>
<player seat="3" name="Tiuualex" chips="480" dealer="0" win="0" bet="10" muck="1" rebuy="0" addon="0" merge="0" rebuychips="0" reg_code="5089101403"/>
</players>
</general>
<round no="0"><action no="1" player="Tiuualex" type="1" discard="1" dealt="1" sum="10"/>
<action no="2" player="deIduKA" type="2" discard="1" dealt="1" sum="20"/>
</round>
<round no="1"><cards type="Pocket" player="deIduKA">X X</cards>
<cards type="Pocket" player="Tiuualex">X X</cards>
<cards type="Pocket" player="M1ky3ste92">H10 D6</cards>
<action no="3" player="M1ky3ste92" type="0" sum="0"/>
<action no="4" player="Tiuualex" type="0" discard="1" dealt="1" sum="0"/>
</round>
</game>
<game gamecode="6593676357"><general>
<startdate>2026-01-13 21:32:26</startdate>
<round>1</round>
<failsafecounter/>
<players><player seat="10" name="M1ky3ste92" chips="530" dealer="0" win="20" bet="20" muck="1" rebuy="0" addon="0" merge="0" rebuychips="0" reg_code="5089101530"/>
<player seat="3" name="Tiuualex" chips="470" dealer="1" win="0" bet="0" muck="1" rebuy="0" addon="0" merge="0" rebuychips="0" reg_code="5089101403"/>
<player seat="6" name="deIduKA" chips="500" dealer="0" win="0" bet="10" muck="1" rebuy="0" addon="0" merge="0" rebuychips="0" reg_code="5089101464"/>
</players>
</general>
<round no="0"><action no="1" player="deIduKA" type="1" discard="1" dealt="1" sum="10"/>
<action no="2" player="M1ky3ste92" type="2" sum="20"/>
</round>
<round no="1"><cards type="Pocket" player="M1ky3ste92">HQ HJ</cards>
<cards type="Pocket" player="Tiuualex">X X</cards>
<cards type="Pocket" player="deIduKA">X X</cards>
<action no="3" player="Tiuualex" type="0" discard="1" dealt="1" sum="0"/>
<action no="4" player="deIduKA" type="0" discard="1" dealt="1" sum="0"/>
</round>
</game>
<game gamecode="6593676386"><general>
<startdate>2026-01-13 21:32:38</startdate>
<round>1</round>
<failsafecounter/>
<players><player seat="3" name="Tiuualex" chips="470" dealer="0" win="100" bet="100" muck="1" rebuy="0" addon="0" merge="0" rebuychips="0" reg_code="5089101403"/>
<player seat="6" name="deIduKA" chips="490" dealer="1" win="0" bet="0" muck="1" rebuy="0" addon="0" merge="0" rebuychips="0" reg_code="5089101464"/>
<player seat="10" name="M1ky3ste92" chips="540" dealer="0" win="0" bet="50" muck="1" rebuy="0" addon="0" merge="0" rebuychips="0" reg_code="5089101530"/>
</players>
</general>
<round no="0"><action no="1" player="M1ky3ste92" type="1" sum="10"/>
<action no="2" player="Tiuualex" type="2" discard="1" dealt="1" sum="20"/>
</round>
<round no="1"><cards type="Pocket" player="deIduKA">X X</cards>
<cards type="Pocket" player="Tiuualex">X X</cards>
<cards type="Pocket" player="M1ky3ste92">C8 SJ</cards>
<action no="3" player="deIduKA" type="0" discard="1" dealt="1" sum="0"/>
<action no="4" player="M1ky3ste92" type="3" sum="10"/>
<action no="5" player="Tiuualex" type="23" discard="1" dealt="1" sum="50"/>
<action no="6" player="M1ky3ste92" type="3" sum="30"/>
</round>
<round no="2"><cards type="Flop">C4 D9 C6</cards>
<action no="7" player="M1ky3ste92" type="4" sum="0"/>
<action no="8" player="Tiuualex" type="5" discard="1" dealt="1" sum="50"/>
<action no="9" player="M1ky3ste92" type="0" sum="0"/>
</round>
</game>
<game gamecode="6593676459"><general>
<startdate>2026-01-13 21:33:04</startdate>
<round>1</round>
<failsafecounter/>
<players><player seat="6" name="deIduKA" chips="490" dealer="0" win="0" bet="35" muck="1" rebuy="0" addon="0" merge="0" rebuychips="0" reg_code="5089101464"/>
<player seat="10" name="M1ky3ste92" chips="490" dealer="1" win="0" bet="5" muck="1" rebuy="0" addon="0" merge="0" rebuychips="0" reg_code="5089101530"/>
<player seat="3" name="Tiuualex" chips="520" dealer="0" win="75" bet="80" muck="1" rebuy="0" addon="0" merge="0" rebuychips="0" reg_code="5089101403"/>
</players>
</general>
<round no="0"><action no="1" player="Tiuualex" type="15" discard="1" dealt="1" sum="5"/>
<action no="2" player="deIduKA" type="15" discard="1" dealt="1" sum="5"/>
<action no="3" player="M1ky3ste92" type="15" sum="5"/>
<action no="4" player="Tiuualex" type="1" discard="1" dealt="1" sum="15"/>
<action no="5" player="deIduKA" type="2" discard="1" dealt="1" sum="30"/>
</round>
<round no="1"><cards type="Pocket" player="Tiuualex">X X</cards>
<cards type="Pocket" player="deIduKA">X X</cards>
<cards type="Pocket" player="M1ky3ste92">H3 C6</cards>
<action no="6" player="M1ky3ste92" type="0" sum="0"/>
<action no="7" player="Tiuualex" type="23" discard="1" dealt="1" sum="75"/>
<action no="8" player="deIduKA" type="0" discard="1" dealt="1" sum="0"/>
</round>
</game>
<game gamecode="6593676527"><general>
<startdate>2026-01-13 21:33:27</startdate>
<round>1</round>
<failsafecounter/>
<players><player seat="10" name="M1ky3ste92" chips="485" dealer="0" win="75" bet="485" muck="1" rebuy="0" addon="0" merge="0" rebuychips="0" reg_code="5089101530"/>
<player seat="3" name="Tiuualex" chips="560" dealer="1" win="0" bet="5" muck="1" rebuy="0" addon="0" merge="0" rebuychips="0" reg_code="5089101403"/>
<player seat="6" name="deIduKA" chips="455" dealer="0" win="0" bet="35" muck="1" rebuy="0" addon="0" merge="0" rebuychips="0" reg_code="5089101464"/>
</players>
</general>
<round no="0"><action no="1" player="deIduKA" type="15" discard="1" dealt="1" sum="5"/>
<action no="2" player="M1ky3ste92" type="15" sum="5"/>
<action no="3" player="Tiuualex" type="15" discard="1" dealt="1" sum="5"/>
<action no="4" player="deIduKA" type="1" discard="1" dealt="1" sum="15"/>
<action no="5" player="M1ky3ste92" type="2" sum="30"/>
</round>
<round no="1"><cards type="Pocket" player="Tiuualex">X X</cards>
<cards type="Pocket" player="M1ky3ste92">C6 SA</cards>
<cards type="Pocket" player="deIduKA">X X</cards>
<action no="6" player="Tiuualex" type="0" discard="1" dealt="1" sum="0"/>
<action no="7" player="deIduKA" type="3" discard="1" dealt="1" sum="15"/>
<action no="8" player="M1ky3ste92" type="23" sum="480"/>
<action no="9" player="deIduKA" type="0" discard="1" dealt="1" sum="0"/>
</round>
</game>
<game gamecode="6593676556"><general>
<startdate>2026-01-13 21:33:38</startdate>
<round>1</round>
<failsafecounter/>
<players><player seat="3" name="Tiuualex" chips="555" dealer="0" win="45" bet="35" muck="1" rebuy="0" addon="0" merge="0" rebuychips="0" reg_code="5089101403"/>
<player seat="6" name="deIduKA" chips="420" dealer="1" win="0" bet="5" muck="1" rebuy="0" addon="0" merge="0" rebuychips="0" reg_code="5089101464"/>
<player seat="10" name="M1ky3ste92" chips="525" dealer="0" win="0" bet="20" muck="1" rebuy="0" addon="0" merge="0" rebuychips="0" reg_code="5089101530"/>
</players>
</general>
<round no="0"><action no="1" player="M1ky3ste92" type="15" sum="5"/>
<action no="2" player="Tiuualex" type="15" discard="1" dealt="1" sum="5"/>
<action no="3" player="deIduKA" type="15" discard="1" dealt="1" sum="5"/>
<action no="4" player="M1ky3ste92" type="1" sum="15"/>
<action no="5" player="Tiuualex" type="2" discard="1" dealt="1" sum="30"/>
</round>
<round no="1"><cards type="Pocket" player="M1ky3ste92">H10 C5</cards>
<cards type="Pocket" player="Tiuualex">X X</cards>
<cards type="Pocket" player="deIduKA">X X</cards>
<action no="6" player="deIduKA" type="0" discard="1" dealt="1" sum="0"/>
<action no="7" player="M1ky3ste92" type="0" sum="0"/>
</round>
</game>
<game gamecode="6593676580"><general>
<startdate>2026-01-13 21:33:45</startdate>
<round>1</round>
<failsafecounter/>
<players><player seat="6" name="deIduKA" chips="415" dealer="0" win="0" bet="35" muck="1" rebuy="0" addon="0" merge="0" rebuychips="0" reg_code="5089101464"/>
<player seat="10" name="M1ky3ste92" chips="505" dealer="1" win="0" bet="5" muck="1" rebuy="0" addon="0" merge="0" rebuychips="0" reg_code="5089101530"/>
<player seat="3" name="Tiuualex" chips="580" dealer="0" win="75" bet="72" muck="1" rebuy="0" addon="0" merge="0" rebuychips="0" reg_code="5089101403"/>
</players>
</general>
<round no="0"><action no="1" player="Tiuualex" type="15" discard="1" dealt="1" sum="5"/>
<action no="2" player="deIduKA" type="15" discard="1" dealt="1" sum="5"/>
<action no="3" player="M1ky3ste92" type="15" sum="5"/>
<action no="4" player="Tiuualex" type="1" discard="1" dealt="1" sum="15"/>
<action no="5" player="deIduKA" type="2" discard="1" dealt="1" sum="30"/>
</round>
<round no="1"><cards type="Pocket" player="M1ky3ste92">D4 D10</cards>
<cards type="Pocket" player="Tiuualex">X X</cards>
<cards type="Pocket" player="deIduKA">X X</cards>
<action no="6" player="M1ky3ste92" type="0" sum="0"/>
<action no="7" player="Tiuualex" type="3" discard="1" dealt="1" sum="15"/>
<action no="8" player="deIduKA" type="4" discard="1" dealt="1" sum="0"/>
</round>
<round no="2"><cards type="Flop">CJ HA C2</cards>
<action no="9" player="Tiuualex" type="5" discard="1" dealt="1" sum="37"/>
<action no="10" player="deIduKA" type="0" discard="1" dealt="1" sum="0"/>
</round>
</game>
<game gamecode="6593676639"><general>
<startdate>2026-01-13 21:34:06</startdate>
<round>1</round>
<failsafecounter/>
<players><player seat="10" name="M1ky3ste92" chips="500" dealer="0" win="45" bet="35" muck="1" rebuy="0" addon="0" merge="0" rebuychips="0" reg_code="5089101530"/>
<player seat="3" name="Tiuualex" chips="620" dealer="1" win="0" bet="5" muck="1" rebuy="0" addon="0" merge="0" rebuychips="0" reg_code="5089101403"/>
<player seat="6" name="deIduKA" chips="380" dealer="0" win="0" bet="20" muck="1" rebuy="0" addon="0" merge="0" rebuychips="0" reg_code="5089101464"/>
</players>
</general>
<round no="0"><action no="1" player="deIduKA" type="15" discard="1" dealt="1" sum="5"/>
<action no="2" player="M1ky3ste92" type="15" sum="5"/>
<action no="3" player="Tiuualex" type="15" discard="1" dealt="1" sum="5"/>
<action no="4" player="deIduKA" type="1" discard="1" dealt="1" sum="15"/>
<action no="5" player="M1ky3ste92" type="2" sum="30"/>
</round>
<round no="1"><cards type="Pocket" player="deIduKA">X X</cards>
<cards type="Pocket" player="M1ky3ste92">H7 H6</cards>
<cards type="Pocket" player="Tiuualex">X X</cards>
<action no="6" player="Tiuualex" type="0" discard="1" dealt="1" sum="0"/>
<action no="7" player="deIduKA" type="0" discard="1" dealt="1" sum="0"/>
</round>
</game>
<game gamecode="6593676670"><general>
<startdate>2026-01-13 21:34:16</startdate>
<round>1</round>
<failsafecounter/>
<players><player seat="3" name="Tiuualex" chips="615" dealer="0" win="45" bet="35" muck="1" rebuy="0" addon="0" merge="0" rebuychips="0" reg_code="5089101403"/>
<player seat="6" name="deIduKA" chips="360" dealer="1" win="0" bet="5" muck="1" rebuy="0" addon="0" merge="0" rebuychips="0" reg_code="5089101464"/>
<player seat="10" name="M1ky3ste92" chips="525" dealer="0" win="0" bet="20" muck="1" rebuy="0" addon="0" merge="0" rebuychips="0" reg_code="5089101530"/>
</players>
</general>
<round no="0"><action no="1" player="M1ky3ste92" type="15" sum="5"/>
<action no="2" player="Tiuualex" type="15" discard="1" dealt="1" sum="5"/>
<action no="3" player="deIduKA" type="15" discard="1" dealt="1" sum="5"/>
<action no="4" player="M1ky3ste92" type="1" sum="15"/>
<action no="5" player="Tiuualex" type="2" discard="1" dealt="1" sum="30"/>
</round>
<round no="1"><cards type="Pocket" player="M1ky3ste92">S2 C6</cards>
<cards type="Pocket" player="Tiuualex">X X</cards>
<cards type="Pocket" player="deIduKA">X X</cards>
<action no="6" player="deIduKA" type="0" discard="1" dealt="1" sum="0"/>
<action no="7" player="M1ky3ste92" type="0" sum="0"/>
</round>
</game>
<game gamecode="6593676688"><general>
<startdate>2026-01-13 21:34:24</startdate>
<round>1</round>
<failsafecounter/>
<players><player seat="6" name="deIduKA" chips="355" dealer="0" win="0" bet="35" muck="1" rebuy="0" addon="0" merge="0" rebuychips="0" reg_code="5089101464"/>
<player seat="10" name="M1ky3ste92" chips="505" dealer="1" win="90" bet="505" muck="1" rebuy="0" addon="0" merge="0" rebuychips="0" reg_code="5089101530"/>
<player seat="3" name="Tiuualex" chips="640" dealer="0" win="0" bet="20" muck="1" rebuy="0" addon="0" merge="0" rebuychips="0" reg_code="5089101403"/>
</players>
</general>
<round no="0"><action no="1" player="Tiuualex" type="15" discard="1" dealt="1" sum="5"/>
<action no="2" player="deIduKA" type="15" discard="1" dealt="1" sum="5"/>
<action no="3" player="M1ky3ste92" type="15" sum="5"/>
<action no="4" player="Tiuualex" type="1" discard="1" dealt="1" sum="15"/>
<action no="5" player="deIduKA" type="2" discard="1" dealt="1" sum="30"/>
</round>
<round no="1"><cards type="Pocket" player="M1ky3ste92">S2 H2</cards>
<cards type="Pocket" player="deIduKA">X X</cards>
<cards type="Pocket" player="Tiuualex">X X</cards>
<action no="6" player="M1ky3ste92" type="23" sum="500"/>
<action no="7" player="Tiuualex" type="0" discard="1" dealt="1" sum="0"/>
<action no="8" player="deIduKA" type="0" discard="1" dealt="1" sum="0"/>
</round>
</game>
<game gamecode="6593676718"><general>
<startdate>2026-01-13 21:34:34</startdate>
<round>1</round>
<failsafecounter/>
<players><player seat="10" name="M1ky3ste92" chips="560" dealer="0" win="0" bet="320" muck="1" rebuy="0" addon="0" merge="0" rebuychips="0" reg_code="5089101530"/>
<player seat="3" name="Tiuualex" chips="620" dealer="1" win="0" bet="5" muck="1" rebuy="0" addon="0" merge="0" rebuychips="0" reg_code="5089101403"/>
<player seat="6" name="deIduKA" chips="320" dealer="0" win="645" bet="320" muck="0" rebuy="0" addon="0" merge="0" rebuychips="0" reg_code="5089101464"/>
</players>
</general>
<round no="0"><action no="1" player="deIduKA" type="15" discard="1" dealt="1" sum="5"/>
<action no="2" player="M1ky3ste92" type="15" sum="5"/>
<action no="3" player="Tiuualex" type="15" discard="1" dealt="1" sum="5"/>
<action no="4" player="deIduKA" type="1" discard="1" dealt="1" sum="15"/>
<action no="5" player="M1ky3ste92" type="2" sum="30"/>
</round>
<round no="1"><cards type="Pocket" player="deIduKA">SJ HK</cards>
<cards type="Pocket" player="M1ky3ste92">HA D4</cards>
<cards type="Pocket" player="Tiuualex">X X</cards>
<action no="6" player="Tiuualex" type="0" discard="1" dealt="1" sum="0"/>
<action no="7" player="deIduKA" type="23" discard="1" dealt="1" sum="315"/>
<action no="8" player="M1ky3ste92" type="3" sum="285"/>
</round>
<round no="2"><cards type="Flop">SQ D2 H8</cards>
</round>
<round no="3"><cards type="Turn">CJ</cards>
</round>
<round no="4"><cards type="River">C4</cards>
</round>
</game>
<game gamecode="6593676794"><general>
<startdate>2026-01-13 21:34:57</startdate>
<round>1</round>
<failsafecounter/>
<players><player seat="3" name="Tiuualex" chips="615" dealer="0" win="0" bet="45" muck="1" rebuy="0" addon="0" merge="0" rebuychips="0" reg_code="5089101403"/>
<player seat="6" name="deIduKA" chips="645" dealer="1" win="0" bet="5" muck="1" rebuy="0" addon="0" merge="0" rebuychips="0" reg_code="5089101464"/>
<player seat="10" name="M1ky3ste92" chips="240" dealer="0" win="95" bet="240" muck="1" rebuy="0" addon="0" merge="0" rebuychips="0" reg_code="5089101530"/>
</players>
</general>
<round no="0"><action no="1" player="M1ky3ste92" type="15" sum="5"/>
<action no="2" player="Tiuualex" type="15" discard="1" dealt="1" sum="5"/>
<action no="3" player="deIduKA" type="15" discard="1" dealt="1" sum="5"/>
<action no="4" player="M1ky3ste92" type="1" sum="20"/>
<action no="5" player="Tiuualex" type="2" discard="1" dealt="1" sum="40"/>
</round>
<round no="1"><cards type="Pocket" player="deIduKA">X X</cards>
<cards type="Pocket" player="Tiuualex">X X</cards>
<cards type="Pocket" player="M1ky3ste92">DJ HK</cards>
<action no="6" player="deIduKA" type="0" discard="1" dealt="1" sum="0"/>
<action no="7" player="M1ky3ste92" type="23" sum="235"/>
<action no="8" player="Tiuualex" type="0" discard="1" dealt="1" sum="0"/>
</round>
</game>
<game gamecode="6593676840"><general>
<startdate>2026-01-13 21:35:09</startdate>
<round>1</round>
<failsafecounter/>
<players><player seat="6" name="deIduKA" chips="640" dealer="0" win="95" bet="640" muck="1" rebuy="0" addon="0" merge="0" rebuychips="0" reg_code="5089101464"/>
<player seat="10" name="M1ky3ste92" chips="290" dealer="1" win="0" bet="5" muck="1" rebuy="0" addon="0" merge="0" rebuychips="0" reg_code="5089101530"/>
<player seat="3" name="Tiuualex" chips="570" dealer="0" win="0" bet="45" muck="1" rebuy="0" addon="0" merge="0" rebuychips="0" reg_code="5089101403"/>
</players>
</general>
<round no="0"><action no="1" player="Tiuualex" type="15" discard="1" dealt="1" sum="5"/>
<action no="2" player="deIduKA" type="15" discard="1" dealt="1" sum="5"/>
<action no="3" player="M1ky3ste92" type="15" sum="5"/>
<action no="4" player="Tiuualex" type="1" discard="1" dealt="1" sum="20"/>
<action no="5" player="deIduKA" type="2" discard="1" dealt="1" sum="40"/>
</round>
<round no="1"><cards type="Pocket" player="deIduKA">X X</cards>
<cards type="Pocket" player="M1ky3ste92">C5 D6</cards>
<cards type="Pocket" player="Tiuualex">X X</cards>
<action no="6" player="M1ky3ste92" type="0" sum="0"/>
<action no="7" player="Tiuualex" type="3" discard="1" dealt="1" sum="20"/>
<action no="8" player="deIduKA" type="23" discard="1" dealt="1" sum="635"/>
<action no="9" player="Tiuualex" type="0" discard="1" dealt="1" sum="0"/>
</round>
</game>
<game gamecode="6593676885"><general>
<startdate>2026-01-13 21:35:25</startdate>
<round>1</round>
<failsafecounter/>
<players><player seat="10" name="M1ky3ste92" chips="285" dealer="0" win="0" bet="45" muck="1" rebuy="0" addon="0" merge="0" rebuychips="0" reg_code="5089101530"/>
<player seat="3" name="Tiuualex" chips="525" dealer="1" win="115" bet="525" muck="1" rebuy="0" addon="0" merge="0" rebuychips="0" reg_code="5089101403"/>
<player seat="6" name="deIduKA" chips="690" dealer="0" win="0" bet="25" muck="1" rebuy="0" addon="0" merge="0" rebuychips="0" reg_code="5089101464"/>
</players>
</general>
<round no="0"><action no="1" player="deIduKA" type="15" discard="1" dealt="1" sum="5"/>
<action no="2" player="M1ky3ste92" type="15" sum="5"/>
<action no="3" player="Tiuualex" type="15" discard="1" dealt="1" sum="5"/>
<action no="4" player="deIduKA" type="1" discard="1" dealt="1" sum="20"/>
<action no="5" player="M1ky3ste92" type="2" sum="40"/>
</round>
<round no="1"><cards type="Pocket" player="deIduKA">X X</cards>
<cards type="Pocket" player="Tiuualex">X X</cards>
<cards type="Pocket" player="M1ky3ste92">H8 H5</cards>
<action no="6" player="Tiuualex" type="23" discard="1" dealt="1" sum="520"/>
<action no="7" player="deIduKA" type="0" discard="1" dealt="1" sum="0"/>
<action no="8" player="M1ky3ste92" type="0" sum="0"/>
</round>
</game>
<game gamecode="6593676942"><general>
<startdate>2026-01-13 21:35:41</startdate>
<round>1</round>
<failsafecounter/>
<players><player seat="3" name="Tiuualex" chips="595" dealer="0" win="0" bet="45" muck="1" rebuy="0" addon="0" merge="0" rebuychips="0" reg_code="5089101403"/>
<player seat="6" name="deIduKA" chips="665" dealer="1" win="0" bet="5" muck="1" rebuy="0" addon="0" merge="0" rebuychips="0" reg_code="5089101464"/>
<player seat="10" name="M1ky3ste92" chips="240" dealer="0" win="95" bet="240" muck="1" rebuy="0" addon="0" merge="0" rebuychips="0" reg_code="5089101530"/>
</players>
</general>
<round no="0"><action no="1" player="M1ky3ste92" type="15" sum="5"/>
<action no="2" player="Tiuualex" type="15" discard="1" dealt="1" sum="5"/>
<action no="3" player="deIduKA" type="15" discard="1" dealt="1" sum="5"/>
<action no="4" player="M1ky3ste92" type="1" sum="20"/>
<action no="5" player="Tiuualex" type="2" discard="1" dealt="1" sum="40"/>
</round>
<round no="1"><cards type="Pocket" player="deIduKA">X X</cards>
<cards type="Pocket" player="Tiuualex">X X</cards>
<cards type="Pocket" player="M1ky3ste92">S2 SA</cards>
<action no="6" player="deIduKA" type="0" discard="1" dealt="1" sum="0"/>
<action no="7" player="M1ky3ste92" type="23" sum="235"/>
<action no="8" player="Tiuualex" type="0" discard="1" dealt="1" sum="0"/>
</round>
</game>
<game gamecode="6593676991"><general>
<startdate>2026-01-13 21:35:53</startdate>
<round>1</round>
<failsafecounter/>
<players><player seat="6" name="deIduKA" chips="660" dealer="0" win="95" bet="660" muck="1" rebuy="0" addon="0" merge="0" rebuychips="0" reg_code="5089101464"/>
<player seat="10" name="M1ky3ste92" chips="290" dealer="1" win="0" bet="5" muck="1" rebuy="0" addon="0" merge="0" rebuychips="0" reg_code="5089101530"/>
<player seat="3" name="Tiuualex" chips="550" dealer="0" win="0" bet="45" muck="1" rebuy="0" addon="0" merge="0" rebuychips="0" reg_code="5089101403"/>
</players>
</general>
<round no="0"><action no="1" player="Tiuualex" type="15" discard="1" dealt="1" sum="5"/>
<action no="2" player="deIduKA" type="15" discard="1" dealt="1" sum="5"/>
<action no="3" player="M1ky3ste92" type="15" sum="5"/>
<action no="4" player="Tiuualex" type="1" discard="1" dealt="1" sum="20"/>
<action no="5" player="deIduKA" type="2" discard="1" dealt="1" sum="40"/>
</round>
<round no="1"><cards type="Pocket" player="deIduKA">X X</cards>
<cards type="Pocket" player="M1ky3ste92">D8 S2</cards>
<cards type="Pocket" player="Tiuualex">X X</cards>
<action no="6" player="M1ky3ste92" type="0" sum="0"/>
<action no="7" player="Tiuualex" type="3" discard="1" dealt="1" sum="20"/>
<action no="8" player="deIduKA" type="23" discard="1" dealt="1" sum="655"/>
<action no="9" player="Tiuualex" type="0" discard="1" dealt="1" sum="0"/>
</round>
</game>
<game gamecode="6593677072"><general>
<startdate>2026-01-13 21:36:17</startdate>
<round>1</round>
<failsafecounter/>
<players><player seat="10" name="M1ky3ste92" chips="285" dealer="0" win="55" bet="45" muck="1" rebuy="0" addon="0" merge="0" rebuychips="0" reg_code="5089101530"/>
<player seat="3" name="Tiuualex" chips="505" dealer="1" win="0" bet="5" muck="1" rebuy="0" addon="0" merge="0" rebuychips="0" reg_code="5089101403"/>
<player seat="6" name="deIduKA" chips="710" dealer="0" win="0" bet="25" muck="1" rebuy="0" addon="0" merge="0" rebuychips="0" reg_code="5089101464"/>
</players>
</general>
<round no="0"><action no="1" player="deIduKA" type="15" discard="1" dealt="1" sum="5"/>
<action no="2" player="M1ky3ste92" type="15" sum="5"/>
<action no="3" player="Tiuualex" type="15" discard="1" dealt="1" sum="5"/>
<action no="4" player="deIduKA" type="1" discard="1" dealt="1" sum="20"/>
<action no="5" player="M1ky3ste92" type="2" sum="40"/>
</round>
<round no="1"><cards type="Pocket" player="M1ky3ste92">S8 C8</cards>
<cards type="Pocket" player="Tiuualex">X X</cards>
<cards type="Pocket" player="deIduKA">X X</cards>
<action no="6" player="Tiuualex" type="0" discard="1" dealt="1" sum="0"/>
<action no="7" player="deIduKA" type="0" discard="1" dealt="1" sum="0"/>
</round>
</game>
<game gamecode="6593677096"><general>
<startdate>2026-01-13 21:36:25</startdate>
<round>1</round>
<failsafecounter/>
<players><player seat="3" name="Tiuualex" chips="500" dealer="0" win="635" bet="315" muck="0" rebuy="0" addon="0" merge="0" rebuychips="0" reg_code="5089101403"/>
<player seat="6" name="deIduKA" chips="685" dealer="1" win="0" bet="5" muck="1" rebuy="0" addon="0" merge="0" rebuychips="0" reg_code="5089101464"/>
<player seat="10" name="M1ky3ste92" chips="315" dealer="0" win="0" bet="315" muck="0" rebuy="0" addon="0" merge="0" rebuychips="0" reg_code="5089101530"/>
</players>
</general>
<round no="0"><action no="1" player="M1ky3ste92" type="15" sum="5"/>
<action no="2" player="Tiuualex" type="15" discard="1" dealt="1" sum="5"/>
<action no="3" player="deIduKA" type="15" discard="1" dealt="1" sum="5"/>
<action no="4" player="M1ky3ste92" type="1" sum="30"/>
<action no="5" player="Tiuualex" type="2" discard="1" dealt="1" sum="60"/>
</round>
<round no="1"><cards type="Pocket" player="Tiuualex">H9 SJ</cards>
<cards type="Pocket" player="deIduKA">X X</cards>
<cards type="Pocket" player="M1ky3ste92">C7 DQ</cards>
<action no="6" player="deIduKA" type="0" discard="1" dealt="1" sum="0"/>
<action no="7" player="M1ky3ste92" type="23" sum="310"/>
<action no="8" player="Tiuualex" type="3" discard="1" dealt="1" sum="250"/>
</round>
<round no="2"><cards type="Flop">SK S9 H3</cards>
</round>
<round no="3"><cards type="Turn">H7</cards>
</round>
<round no="4"><cards type="River">C8</cards>
</round>
</game>
</session>
