<?xml version="1.0" encoding="UTF-8"?>
<session sessioncode="5094311618">
<general>
<client_version>25.7.1.50</client_version>
<mode>real</mode>
<gametype>Holdem NL</gametype>
<tablename>Twister €1 SNG, 827945427</tablename>
<tournamentcode>827945426</tournamentcode>
<tournamentname>Twister €1 SNG</tournamentname>
<buyin>€0 + €0.07 + €0.93</buyin>
<totalbuyin>€1</totalbuyin>
<rewarddrawn>€3</rewarddrawn>
<tournamentcurrency>EUR</tournamentcurrency>
<currency>EUR</currency>
<nickname>M1ky3ste92</nickname>
<gamecount>5</gamecount>
<startdate>2026-02-01 18:01:05</startdate>
<place>2</place>
<win>€0</win>
<tablesize>3</tablesize>
</general>
<game gamecode="6614804781"><general>
<startdate>2026-02-01 18:01:20</startdate>
<round>1</round>
<failsafecounter/>
<players><player seat="3" name="REMARAD" chips="500" dealer="0" win="0" bet="20" muck="1" rebuy="0" addon="0" merge="0" rebuychips="0" reg_code="5094311596"/>
<player seat="6" name="20gate20" chips="500" dealer="1" win="0" bet="0" muck="1" rebuy="0" addon="0" merge="0" rebuychips="0" reg_code="5094311610"/>
<player seat="10" name="M1ky3ste92" chips="500" dealer="0" win="40" bet="500" muck="1" rebuy="0" addon="0" merge="0" rebuychips="0" reg_code="5094311618"/>
</players>
</general>
<round no="0"><action no="1" player="M1ky3ste92" type="1" sum="10"/>
<action no="2" player="REMARAD" type="2" discard="1" dealt="1" sum="20"/>
</round>
<round no="1"><cards type="Pocket" player="M1ky3ste92">CJ SK</cards>
<cards type="Pocket" player="20gate20">X X</cards>
<cards type="Pocket" player="REMARAD">X X</cards>
<action no="3" player="20gate20" type="0" discard="1" dealt="1" sum="0"/>
<action no="4" player="M1ky3ste92" type="23" sum="500"/>
<action no="5" player="REMARAD" type="0" discard="1" dealt="1" sum="0"/>
</round>
</game>
<game gamecode="6614804822"><general>
<startdate>2026-02-01 18:01:37</startdate>
<round>1</round>
<failsafecounter/>
<players><player seat="6" name="20gate20" chips="500" dealer="0" win="0" bet="20" muck="1" rebuy="0" addon="0" merge="0" rebuychips="0" reg_code="5094311610"/>
<player seat="10" name="M1ky3ste92" chips="520" dealer="1" win="50" bet="520" muck="1" rebuy="0" addon="0" merge="0" rebuychips="0" reg_code="5094311618"/>
<player seat="3" name="REMARAD" chips="480" dealer="0" win="0" bet="10" muck="1" rebuy="0" addon="0" merge="0" rebuychips="0" reg_code="5094311596"/>
</players>
</general>
<round no="0"><action no="1" player="REMARAD" type="1" discard="1" dealt="1" sum="10"/>
<action no="2" player="20gate20" type="2" discard="1" dealt="1" sum="20"/>
</round>
<round no="1"><cards type="Pocket" player="REMARAD">X X</cards>
<cards type="Pocket" player="20gate20">X X</cards>
<cards type="Pocket" player="M1ky3ste92">D10 S4</cards>
<action no="3" player="M1ky3ste92" type="23" sum="520"/>
<action no="4" player="REMARAD" type="0" discard="1" dealt="1" sum="0"/>
<action no="5" player="20gate20" type="0" discard="1" dealt="1" sum="0"/>
</round>
</game>
<game gamecode="6614804853"><general>
<startdate>2026-02-01 18:01:48</startdate>
<round>1</round>
<failsafecounter/>
<players><player seat="10" name="M1ky3ste92" chips="550" dealer="0" win="980" bet="550" muck="0" rebuy="0" addon="0" merge="0" rebuychips="0" reg_code="5094311618"/>
<player seat="3" name="REMARAD" chips="470" dealer="1" win="0" bet="470" muck="1" rebuy="0" addon="0" merge="0" rebuychips="0" reg_code="5094311596"/>
<player seat="6" name="20gate20" chips="480" dealer="0" win="0" bet="40" muck="1" rebuy="0" addon="0" merge="0" rebuychips="0" reg_code="5094311610"/>
</players>
</general>
<round no="0"><action no="1" player="20gate20" type="1" discard="1" dealt="1" sum="10"/>
<action no="2" player="M1ky3ste92" type="2" sum="20"/>
</round>
<round no="1"><cards type="Pocket" player="REMARAD">D2 SA</cards>
<cards type="Pocket" player="M1ky3ste92">S5 C5</cards>
<cards type="Pocket" player="20gate20">X X</cards>
<action no="3" player="REMARAD" type="3" discard="1" dealt="1" sum="20"/>
<action no="4" player="20gate20" type="23" discard="1" dealt="1" sum="40"/>
<action no="5" player="M1ky3ste92" type="23" sum="550"/>
<action no="6" player="REMARAD" type="7" discard="1" dealt="1" sum="450"/>
<action no="7" player="20gate20" type="0" discard="1" dealt="1" sum="0"/>
</round>
<round no="2"><cards type="Flop">H2 CQ HQ</cards>
</round>
<round no="3"><cards type="Turn">S4</cards>
</round>
<round no="4"><cards type="River">HJ</cards>
</round>
</game>
<game gamecode="6614804922"><general>
<startdate>2026-02-01 18:02:16</startdate>
<round>1</round>
<failsafecounter/>
<players><player seat="10" name="M1ky3ste92" chips="1,060" dealer="0" win="0" bet="1,060" muck="0" rebuy="0" addon="0" merge="0" rebuychips="0" reg_code="5094311618"/>
<player seat="6" name="20gate20" chips="440" dealer="1" win="880" bet="440" muck="0" rebuy="0" addon="0" merge="0" rebuychips="0" reg_code="5094311610"/>
</players>
</general>
<round no="0"><action no="1" player="20gate20" type="1" discard="1" dealt="1" sum="10"/>
<action no="2" player="M1ky3ste92" type="2" sum="20"/>
</round>
<round no="1"><cards type="Pocket" player="20gate20">S4 H4</cards>
<cards type="Pocket" player="M1ky3ste92">HQ D10</cards>
<action no="3" player="20gate20" type="23" discard="1" dealt="1" sum="140"/>
<action no="4" player="M1ky3ste92" type="23" sum="1,060"/>
<action no="5" player="20gate20" type="7" discard="1" dealt="1" sum="300"/>
</round>
<round no="2"><cards type="Flop">D6 HJ C7</cards>
</round>
<round no="3"><cards type="Turn">C9</cards>
</round>
<round no="4"><cards type="River">C5</cards>
</round>
</game>
<game gamecode="6614805001"><general>
<startdate>2026-02-01 18:02:41</startdate>
<round>1</round>
<failsafecounter/>
<players><player seat="6" name="20gate20" chips="880" dealer="0" win="1,240" bet="620" muck="0" rebuy="0" addon="0" merge="0" rebuychips="0" reg_code="5094311610"/>
<player seat="10" name="M1ky3ste92" chips="620" dealer="1" win="0" bet="620" muck="0" rebuy="0" addon="0" merge="0" rebuychips="0" reg_code="5094311618"/>
</players>
</general>
<round no="0"><action no="1" player="M1ky3ste92" type="1" sum="10"/>
<action no="2" player="20gate20" type="2" discard="1" dealt="1" sum="20"/>
</round>
<round no="1"><cards type="Pocket" player="M1ky3ste92">D3 H5</cards>
<cards type="Pocket" player="20gate20">DQ CA</cards>
<action no="3" player="M1ky3ste92" type="23" sum="620"/>
<action no="4" player="20gate20" type="3" discard="1" dealt="1" sum="600"/>
</round>
<round no="2"><cards type="Flop">D7 D8 DK</cards>
</round>
<round no="3"><cards type="Turn">D6</cards>
</round>
<round no="4"><cards type="River">S6</cards>
</round>
</game>
</session>
