<?xml version="1.0" encoding="UTF-8"?>
<session sessioncode="5075725195">
<general>
<client_version>25.7.1.34</client_version>
<mode>real</mode>
<gametype>Holdem NL</gametype>
<tablename>Twister €100 SNG, 822480274</tablename>
<tournamentcode>822480273</tournamentcode>
<tournamentname>Twister €100 SNG</tournamentname>
<buyin>€0 + €7 + €93</buyin>
<totalbuyin>€100</totalbuyin>
<rewarddrawn>€300</rewarddrawn>
<tournamentcurrency>EUR</tournamentcurrency>
<currency>EUR</currency>
<nickname>M1ky3ste92</nickname>
<gamecount>35</gamecount>
<startdate>2025-11-26 15:32:41</startdate>
<place>2</place>
<win>€0</win>
<tablesize>3</tablesize>
</general>
<game gamecode="6541624320"><general><startdate>2025-11-26 15:32:56</startdate>
<round>1</round>
<failsafecounter/>
<players><player seat="3" name="Focomelico52" chips="500" dealer="0" win="0" bet="20" muck="1" rebuy="0" addon="0" merge="0" rebuychips="0" reg_code="5075725144"/>
<player seat="6" name="mocciolocaldo" chips="500" dealer="1" win="50" bet="40" muck="1" rebuy="0" addon="0" merge="0" rebuychips="0" reg_code="5075725097"/>
<player seat="10" name="M1ky3ste92" chips="500" dealer="0" win="0" bet="10" muck="1" rebuy="0" addon="0" merge="0" rebuychips="0" reg_code="5075725195"/>
</players>
</general>
<round no="0"><action no="1" player="M1ky3ste92" type="1" sum="10"/>
<action no="2" player="Focomelico52" type="2" discard="1" dealt="1" sum="20"/>
</round>
<round no="1"><cards type="Pocket" player="M1ky3ste92">S4 DJ</cards>
<cards type="Pocket" player="mocciolocaldo">X X</cards>
<cards type="Pocket" player="Focomelico52">X X</cards>
<action no="3" player="mocciolocaldo" type="23" discard="1" dealt="1" sum="40"/>
<action no="4" player="M1ky3ste92" type="0" sum="0"/>
<action no="5" player="Focomelico52" type="0" discard="1" dealt="1" sum="0"/>
</round>
</game>
<game gamecode="6541624342"><general><startdate>2025-11-26 15:33:06</startdate>
<round>1</round>
<failsafecounter/>
<players><player seat="6" name="mocciolocaldo" chips="530" dealer="0" win="0" bet="20" muck="1" rebuy="0" addon="0" merge="0" rebuychips="0" reg_code="5075725097"/>
<player seat="10" name="M1ky3ste92" chips="490" dealer="1" win="0" bet="0" muck="1" rebuy="0" addon="0" merge="0" rebuychips="0" reg_code="5075725195"/>
<player seat="3" name="Focomelico52" chips="480" dealer="0" win="40" bet="50" muck="1" rebuy="0" addon="0" merge="0" rebuychips="0" reg_code="5075725144"/>
</players>
</general>
<round no="0"><action no="1" player="Focomelico52" type="1" discard="1" dealt="1" sum="10"/>
<action no="2" player="mocciolocaldo" type="2" discard="1" dealt="1" sum="20"/>
</round>
<round no="1"><cards type="Pocket" player="mocciolocaldo">X X</cards>
<cards type="Pocket" player="Focomelico52">X X</cards>
<cards type="Pocket" player="M1ky3ste92">H9 S5</cards>
<action no="3" player="M1ky3ste92" type="0" sum="0"/>
<action no="4" player="Focomelico52" type="23" discard="1" dealt="1" sum="50"/>
<action no="5" player="mocciolocaldo" type="0" discard="1" dealt="1" sum="0"/>
</round>
</game>
<game gamecode="6541624359"><general><startdate>2025-11-26 15:33:15</startdate>
<round>1</round>
<failsafecounter/>
<players><player seat="10" name="M1ky3ste92" chips="490" dealer="0" win="0" bet="20" muck="1" rebuy="0" addon="0" merge="0" rebuychips="0" reg_code="5075725195"/>
<player seat="3" name="Focomelico52" chips="500" dealer="1" win="0" bet="0" muck="1" rebuy="0" addon="0" merge="0" rebuychips="0" reg_code="5075725144"/>
<player seat="6" name="mocciolocaldo" chips="510" dealer="0" win="40" bet="40" muck="1" rebuy="0" addon="0" merge="0" rebuychips="0" reg_code="5075725097"/>
</players>
</general>
<round no="0"><action no="1" player="mocciolocaldo" type="1" discard="1" dealt="1" sum="10"/>
<action no="2" player="M1ky3ste92" type="2" sum="20"/>
</round>
<round no="1"><cards type="Pocket" player="M1ky3ste92">C8 H5</cards>
<cards type="Pocket" player="mocciolocaldo">X X</cards>
<cards type="Pocket" player="Focomelico52">X X</cards>
<action no="3" player="Focomelico52" type="0" discard="1" dealt="1" sum="0"/>
<action no="4" player="mocciolocaldo" type="3" discard="1" dealt="1" sum="10"/>
<action no="5" player="M1ky3ste92" type="4" sum="0"/>
</round>
<round no="2"><cards type="Flop">S9 H9 SK</cards>
<action no="6" player="mocciolocaldo" type="5" discard="1" dealt="1" sum="20"/>
<action no="7" player="M1ky3ste92" type="0" sum="0"/>
</round>
</game>
<game gamecode="6541624398"><general><startdate>2025-11-26 15:33:38</startdate>
<round>1</round>
<failsafecounter/>
<players><player seat="3" name="Focomelico52" chips="500" dealer="0" win="90" bet="500" muck="1" rebuy="0" addon="0" merge="0" rebuychips="0" reg_code="5075725144"/>
<player seat="6" name="mocciolocaldo" chips="530" dealer="1" win="0" bet="40" muck="1" rebuy="0" addon="0" merge="0" rebuychips="0" reg_code="5075725097"/>
<player seat="10" name="M1ky3ste92" chips="470" dealer="0" win="0" bet="10" muck="1" rebuy="0" addon="0" merge="0" rebuychips="0" reg_code="5075725195"/>
</players>
</general>
<round no="0"><action no="1" player="M1ky3ste92" type="1" sum="10"/>
<action no="2" player="Focomelico52" type="2" discard="1" dealt="1" sum="20"/>
</round>
<round no="1"><cards type="Pocket" player="mocciolocaldo">X X</cards>
<cards type="Pocket" player="M1ky3ste92">S10 S2</cards>
<cards type="Pocket" player="Focomelico52">X X</cards>
<action no="3" player="mocciolocaldo" type="23" discard="1" dealt="1" sum="40"/>
<action no="4" player="M1ky3ste92" type="0" sum="0"/>
<action no="5" player="Focomelico52" type="23" discard="1" dealt="1" sum="500"/>
<action no="6" player="mocciolocaldo" type="0" discard="1" dealt="1" sum="0"/>
</round>
</game>
<game gamecode="6541624424"><general><startdate>2025-11-26 15:33:53</startdate>
<round>1</round>
<failsafecounter/>
<players><player seat="6" name="mocciolocaldo" chips="490" dealer="0" win="980" bet="490" muck="0" rebuy="0" addon="0" merge="0" rebuychips="0" reg_code="5075725097"/>
<player seat="10" name="M1ky3ste92" chips="460" dealer="1" win="0" bet="0" muck="1" rebuy="0" addon="0" merge="0" rebuychips="0" reg_code="5075725195"/>
<player seat="3" name="Focomelico52" chips="550" dealer="0" win="0" bet="490" muck="1" rebuy="0" addon="0" merge="0" rebuychips="0" reg_code="5075725144"/>
</players>
</general>
<round no="0"><action no="1" player="Focomelico52" type="1" discard="1" dealt="1" sum="10"/>
<action no="2" player="mocciolocaldo" type="2" discard="1" dealt="1" sum="20"/>
</round>
<round no="1"><cards type="Pocket" player="M1ky3ste92">S3 H8</cards>
<cards type="Pocket" player="mocciolocaldo">H9 CA</cards>
<cards type="Pocket" player="Focomelico52">C8 C10</cards>
<action no="3" player="M1ky3ste92" type="0" sum="0"/>
<action no="4" player="Focomelico52" type="3" discard="1" dealt="1" sum="10"/>
<action no="5" player="mocciolocaldo" type="23" discard="1" dealt="1" sum="60"/>
<action no="6" player="Focomelico52" type="3" discard="1" dealt="1" sum="40"/>
</round>
<round no="2"><cards type="Flop">D8 DQ C3</cards>
<action no="7" player="Focomelico52" type="4" discard="1" dealt="1" sum="0"/>
<action no="8" player="mocciolocaldo" type="5" discard="1" dealt="1" sum="30"/>
<action no="9" player="Focomelico52" type="3" discard="1" dealt="1" sum="30"/>
</round>
<round no="3"><cards type="Turn">HA</cards>
<action no="10" player="Focomelico52" type="4" discard="1" dealt="1" sum="0"/>
<action no="11" player="mocciolocaldo" type="5" discard="1" dealt="1" sum="110"/>
<action no="12" player="Focomelico52" type="3" discard="1" dealt="1" sum="110"/>
</round>
<round no="4"><cards type="River">H7</cards>
<action no="13" player="Focomelico52" type="4" discard="1" dealt="1" sum="0"/>
<action no="14" player="mocciolocaldo" type="5" discard="1" dealt="1" sum="290"/>
<action no="15" player="Focomelico52" type="3" discard="1" dealt="1" sum="290"/>
</round>
</game>
<game gamecode="6541624488"><general><startdate>2025-11-26 15:34:39</startdate>
<round>1</round>
<failsafecounter/>
<players><player seat="10" name="M1ky3ste92" chips="460" dealer="0" win="0" bet="60" muck="1" rebuy="0" addon="0" merge="0" rebuychips="0" reg_code="5075725195"/>
<player seat="3" name="Focomelico52" chips="60" dealer="1" win="140" bet="60" muck="0" rebuy="0" addon="0" merge="0" rebuychips="0" reg_code="5075725144"/>
<player seat="6" name="mocciolocaldo" chips="980" dealer="0" win="0" bet="20" muck="1" rebuy="0" addon="0" merge="0" rebuychips="0" reg_code="5075725097"/>
</players>
</general>
<round no="0"><action no="1" player="mocciolocaldo" type="15" discard="1" dealt="1" sum="5"/>
<action no="2" player="M1ky3ste92" type="15" sum="5"/>
<action no="3" player="Focomelico52" type="15" discard="1" dealt="1" sum="5"/>
<action no="4" player="mocciolocaldo" type="1" discard="1" dealt="1" sum="15"/>
<action no="5" player="M1ky3ste92" type="2" sum="30"/>
</round>
<round no="1"><cards type="Pocket" player="mocciolocaldo">X X</cards>
<cards type="Pocket" player="Focomelico52">H6 SJ</cards>
<cards type="Pocket" player="M1ky3ste92">H5 HJ</cards>
<action no="6" player="Focomelico52" type="7" discard="1" dealt="1" sum="55"/>
<action no="7" player="mocciolocaldo" type="0" discard="1" dealt="1" sum="0"/>
<action no="8" player="M1ky3ste92" type="3" sum="25"/>
</round>
<round no="2"><cards type="Flop">D7 S10 H3</cards>
</round>
<round no="3"><cards type="Turn">C4</cards>
</round>
<round no="4"><cards type="River">D2</cards>
</round>
</game>
<game gamecode="6541624525"><general><startdate>2025-11-26 15:35:00</startdate>
<round>1</round>
<failsafecounter/>
<players><player seat="3" name="Focomelico52" chips="140" dealer="0" win="0" bet="140" muck="0" rebuy="0" addon="0" merge="0" rebuychips="0" reg_code="5075725144"/>
<player seat="6" name="mocciolocaldo" chips="960" dealer="1" win="0" bet="5" muck="1" rebuy="0" addon="0" merge="0" rebuychips="0" reg_code="5075725097"/>
<player seat="10" name="M1ky3ste92" chips="400" dealer="0" win="285" bet="400" muck="0" rebuy="0" addon="0" merge="0" rebuychips="0" reg_code="5075725195"/>
</players>
</general>
<round no="0"><action no="1" player="M1ky3ste92" type="15" sum="5"/>
<action no="2" player="Focomelico52" type="15" discard="1" dealt="1" sum="5"/>
<action no="3" player="mocciolocaldo" type="15" discard="1" dealt="1" sum="5"/>
<action no="4" player="M1ky3ste92" type="1" sum="15"/>
<action no="5" player="Focomelico52" type="2" discard="1" dealt="1" sum="30"/>
</round>
<round no="1"><cards type="Pocket" player="mocciolocaldo">X X</cards>
<cards type="Pocket" player="Focomelico52">SK D3</cards>
<cards type="Pocket" player="M1ky3ste92">CA D2</cards>
<action no="6" player="mocciolocaldo" type="0" discard="1" dealt="1" sum="0"/>
<action no="7" player="M1ky3ste92" type="23" sum="395"/>
<action no="8" player="Focomelico52" type="7" discard="1" dealt="1" sum="105"/>
</round>
<round no="2"><cards type="Flop">DQ H7 S3</cards>
</round>
<round no="3"><cards type="Turn">HA</cards>
</round>
<round no="4"><cards type="River">DJ</cards>
</round>
</game>
<game gamecode="6541624577"><general><startdate>2025-11-26 15:35:26</startdate>
<round>1</round>
<failsafecounter/>
<players><player seat="6" name="mocciolocaldo" chips="955" dealer="0" win="70" bet="955" muck="1" rebuy="0" addon="0" merge="0" rebuychips="0" reg_code="5075725097"/>
<player seat="10" name="M1ky3ste92" chips="545" dealer="1" win="0" bet="35" muck="1" rebuy="0" addon="0" merge="0" rebuychips="0" reg_code="5075725195"/>
</players>
</general>
<round no="0"><action no="1" player="M1ky3ste92" type="15" sum="5"/>
<action no="2" player="mocciolocaldo" type="15" discard="1" dealt="1" sum="5"/>
<action no="3" player="M1ky3ste92" type="1" sum="15"/>
<action no="4" player="mocciolocaldo" type="2" discard="1" dealt="1" sum="30"/>
</round>
<round no="1"><cards type="Pocket" player="M1ky3ste92">H2 CJ</cards>
<cards type="Pocket" player="mocciolocaldo">X X</cards>
<action no="5" player="M1ky3ste92" type="3" sum="15"/>
<action no="6" player="mocciolocaldo" type="23" discard="1" dealt="1" sum="950"/>
<action no="7" player="M1ky3ste92" type="0" sum="0"/>
</round>
</game>
<game gamecode="6541624599"><general><startdate>2025-11-26 15:35:37</startdate>
<round>1</round>
<failsafecounter/>
<players><player seat="10" name="M1ky3ste92" chips="510" dealer="0" win="130" bet="155" muck="1" rebuy="0" addon="0" merge="0" rebuychips="0" reg_code="5075725195"/>
<player seat="6" name="mocciolocaldo" chips="990" dealer="1" win="0" bet="65" muck="1" rebuy="0" addon="0" merge="0" rebuychips="0" reg_code="5075725097"/>
</players>
</general>
<round no="0"><action no="1" player="mocciolocaldo" type="15" discard="1" dealt="1" sum="5"/>
<action no="2" player="M1ky3ste92" type="15" sum="5"/>
<action no="3" player="mocciolocaldo" type="1" discard="1" dealt="1" sum="15"/>
<action no="4" player="M1ky3ste92" type="2" sum="30"/>
</round>
<round no="1"><cards type="Pocket" player="mocciolocaldo">X X</cards>
<cards type="Pocket" player="M1ky3ste92">S2 DQ</cards>
<action no="5" player="mocciolocaldo" type="3" discard="1" dealt="1" sum="15"/>
<action no="6" player="M1ky3ste92" type="4" sum="0"/>
</round>
<round no="2"><cards type="Flop">DJ S3 D2</cards>
<action no="7" player="M1ky3ste92" type="4" sum="0"/>
<action no="8" player="mocciolocaldo" type="5" discard="1" dealt="1" sum="30"/>
<action no="9" player="M1ky3ste92" type="3" sum="30"/>
</round>
<round no="3"><cards type="Turn">H4</cards>
<action no="10" player="M1ky3ste92" type="4" sum="0"/>
<action no="11" player="mocciolocaldo" type="4" discard="1" dealt="1" sum="0"/>
</round>
<round no="4"><cards type="River">SQ</cards>
<action no="12" player="M1ky3ste92" type="5" sum="90"/>
<action no="13" player="mocciolocaldo" type="0" discard="1" dealt="1" sum="0"/>
</round>
</game>
<game gamecode="6541624662"><general><startdate>2025-11-26 15:36:19</startdate>
<round>1</round>
<failsafecounter/>
<players><player seat="6" name="mocciolocaldo" chips="925" dealer="0" win="0" bet="283" muck="0" rebuy="0" addon="0" merge="0" rebuychips="0" reg_code="5075725097"/>
<player seat="10" name="M1ky3ste92" chips="575" dealer="1" win="566" bet="283" muck="0" rebuy="0" addon="0" merge="0" rebuychips="0" reg_code="5075725195"/>
</players>
</general>
<round no="0"><action no="1" player="M1ky3ste92" type="15" sum="5"/>
<action no="2" player="mocciolocaldo" type="15" discard="1" dealt="1" sum="5"/>
<action no="3" player="M1ky3ste92" type="1" sum="20"/>
<action no="4" player="mocciolocaldo" type="2" discard="1" dealt="1" sum="40"/>
</round>
<round no="1"><cards type="Pocket" player="M1ky3ste92">HA D10</cards>
<cards type="Pocket" player="mocciolocaldo">HJ D4</cards>
<action no="5" player="M1ky3ste92" type="3" sum="20"/>
<action no="6" player="mocciolocaldo" type="4" discard="1" dealt="1" sum="0"/>
</round>
<round no="2"><cards type="Flop">DK D2 S5</cards>
<action no="7" player="mocciolocaldo" type="4" discard="1" dealt="1" sum="0"/>
<action no="8" player="M1ky3ste92" type="4" sum="0"/>
</round>
<round no="3"><cards type="Turn">S3</cards>
<action no="9" player="mocciolocaldo" type="5" discard="1" dealt="1" sum="68"/>
<action no="10" player="M1ky3ste92" type="3" sum="68"/>
</round>
<round no="4"><cards type="River">DQ</cards>
<action no="11" player="mocciolocaldo" type="5" discard="1" dealt="1" sum="170"/>
<action no="12" player="M1ky3ste92" type="3" sum="170"/>
</round>
</game>
<game gamecode="6541624741"><general><startdate>2025-11-26 15:37:10</startdate>
<round>1</round>
<failsafecounter/>
<players><player seat="10" name="M1ky3ste92" chips="858" dealer="0" win="0" bet="45" muck="1" rebuy="0" addon="0" merge="0" rebuychips="0" reg_code="5075725195"/>
<player seat="6" name="mocciolocaldo" chips="642" dealer="1" win="90" bet="113" muck="1" rebuy="0" addon="0" merge="0" rebuychips="0" reg_code="5075725097"/>
</players>
</general>
<round no="0"><action no="1" player="mocciolocaldo" type="15" discard="1" dealt="1" sum="5"/>
<action no="2" player="M1ky3ste92" type="15" sum="5"/>
<action no="3" player="mocciolocaldo" type="1" discard="1" dealt="1" sum="20"/>
<action no="4" player="M1ky3ste92" type="2" sum="40"/>
</round>
<round no="1"><cards type="Pocket" player="M1ky3ste92">C10 DQ</cards>
<cards type="Pocket" player="mocciolocaldo">X X</cards>
<action no="5" player="mocciolocaldo" type="3" discard="1" dealt="1" sum="20"/>
<action no="6" player="M1ky3ste92" type="4" sum="0"/>
</round>
<round no="2"><cards type="Flop">D5 SK C7</cards>
<action no="7" player="M1ky3ste92" type="4" sum="0"/>
<action no="8" player="mocciolocaldo" type="4" discard="1" dealt="1" sum="0"/>
</round>
<round no="3"><cards type="Turn">CK</cards>
<action no="9" player="M1ky3ste92" type="4" sum="0"/>
<action no="10" player="mocciolocaldo" type="5" discard="1" dealt="1" sum="68"/>
<action no="11" player="M1ky3ste92" type="0" sum="0"/>
</round>
</game>
<game gamecode="6541624812"><general><startdate>2025-11-26 15:37:48</startdate>
<round>1</round>
<failsafecounter/>
<players><player seat="6" name="mocciolocaldo" chips="687" dealer="0" win="0" bet="283" muck="0" rebuy="0" addon="0" merge="0" rebuychips="0" reg_code="5075725097"/>
<player seat="10" name="M1ky3ste92" chips="813" dealer="1" win="566" bet="283" muck="0" rebuy="0" addon="0" merge="0" rebuychips="0" reg_code="5075725195"/>
</players>
</general>
<round no="0"><action no="1" player="M1ky3ste92" type="15" sum="5"/>
<action no="2" player="mocciolocaldo" type="15" discard="1" dealt="1" sum="5"/>
<action no="3" player="M1ky3ste92" type="1" sum="20"/>
<action no="4" player="mocciolocaldo" type="2" discard="1" dealt="1" sum="40"/>
</round>
<round no="1"><cards type="Pocket" player="M1ky3ste92">S9 H4</cards>
<cards type="Pocket" player="mocciolocaldo">H2 D8</cards>
<action no="5" player="M1ky3ste92" type="3" sum="20"/>
<action no="6" player="mocciolocaldo" type="4" discard="1" dealt="1" sum="0"/>
</round>
<round no="2"><cards type="Flop">H9 SJ D5</cards>
<action no="7" player="mocciolocaldo" type="4" discard="1" dealt="1" sum="0"/>
<action no="8" player="M1ky3ste92" type="4" sum="0"/>
</round>
<round no="3"><cards type="Turn">S4</cards>
<action no="9" player="mocciolocaldo" type="5" discard="1" dealt="1" sum="68"/>
<action no="10" player="M1ky3ste92" type="3" sum="68"/>
</round>
<round no="4"><cards type="River">SK</cards>
<action no="11" player="mocciolocaldo" type="5" discard="1" dealt="1" sum="170"/>
<action no="12" player="M1ky3ste92" type="3" sum="170"/>
</round>
</game>
<game gamecode="6541629192"><general><startdate>2025-11-26 15:38:21</startdate>
<round>1</round>
<failsafecounter/>
<players><player seat="10" name="M1ky3ste92" chips="1,096" dealer="0" win="70" bet="65" muck="1" rebuy="0" addon="0" merge="0" rebuychips="0" reg_code="5075725195"/>
<player seat="6" name="mocciolocaldo" chips="404" dealer="1" win="0" bet="35" muck="1" rebuy="0" addon="0" merge="0" rebuychips="0" reg_code="5075725097"/>
</players>
</general>
<round no="0"><action no="1" player="mocciolocaldo" type="15" discard="1" dealt="1" sum="5"/>
<action no="2" player="M1ky3ste92" type="15" sum="5"/>
<action no="3" player="mocciolocaldo" type="1" discard="1" dealt="1" sum="30"/>
<action no="4" player="M1ky3ste92" type="2" sum="60"/>
</round>
<round no="1"><cards type="Pocket" player="M1ky3ste92">C7 DA</cards>
<cards type="Pocket" player="mocciolocaldo">X X</cards>
<action no="5" player="mocciolocaldo" type="0" discard="1" dealt="1" sum="0"/>
</round>
</game>
<game gamecode="6541629201"><general><startdate>2025-11-26 15:38:26</startdate>
<round>1</round>
<failsafecounter/>
<players><player seat="6" name="mocciolocaldo" chips="369" dealer="0" win="70" bet="65" muck="1" rebuy="0" addon="0" merge="0" rebuychips="0" reg_code="5075725097"/>
<player seat="10" name="M1ky3ste92" chips="1,131" dealer="1" win="0" bet="35" muck="1" rebuy="0" addon="0" merge="0" rebuychips="0" reg_code="5075725195"/>
</players>
</general>
<round no="0"><action no="1" player="M1ky3ste92" type="15" sum="5"/>
<action no="2" player="mocciolocaldo" type="15" discard="1" dealt="1" sum="5"/>
<action no="3" player="M1ky3ste92" type="1" sum="30"/>
<action no="4" player="mocciolocaldo" type="2" discard="1" dealt="1" sum="60"/>
</round>
<round no="1"><cards type="Pocket" player="mocciolocaldo">X X</cards>
<cards type="Pocket" player="M1ky3ste92">S10 S2</cards>
<action no="5" player="M1ky3ste92" type="0" sum="0"/>
</round>
</game>
<game gamecode="6541629216"><general><startdate>2025-11-26 15:38:35</startdate>
<round>1</round>
<failsafecounter/>
<players><player seat="10" name="M1ky3ste92" chips="1,096" dealer="0" win="70" bet="65" muck="1" rebuy="0" addon="0" merge="0" rebuychips="0" reg_code="5075725195"/>
<player seat="6" name="mocciolocaldo" chips="404" dealer="1" win="0" bet="35" muck="1" rebuy="0" addon="0" merge="0" rebuychips="0" reg_code="5075725097"/>
</players>
</general>
<round no="0"><action no="1" player="mocciolocaldo" type="15" discard="1" dealt="1" sum="5"/>
<action no="2" player="M1ky3ste92" type="15" sum="5"/>
<action no="3" player="mocciolocaldo" type="1" discard="1" dealt="1" sum="30"/>
<action no="4" player="M1ky3ste92" type="2" sum="60"/>
</round>
<round no="1"><cards type="Pocket" player="M1ky3ste92">D2 D3</cards>
<cards type="Pocket" player="mocciolocaldo">X X</cards>
<action no="5" player="mocciolocaldo" type="0" discard="1" dealt="1" sum="0"/>
</round>
</game>
<game gamecode="6541629223"><general><startdate>2025-11-26 15:38:40</startdate>
<round>1</round>
<failsafecounter/>
<players><player seat="6" name="mocciolocaldo" chips="369" dealer="0" win="70" bet="65" muck="1" rebuy="0" addon="0" merge="0" rebuychips="0" reg_code="5075725097"/>
<player seat="10" name="M1ky3ste92" chips="1,131" dealer="1" win="0" bet="35" muck="1" rebuy="0" addon="0" merge="0" rebuychips="0" reg_code="5075725195"/>
</players>
</general>
<round no="0"><action no="1" player="M1ky3ste92" type="15" sum="5"/>
<action no="2" player="mocciolocaldo" type="15" discard="1" dealt="1" sum="5"/>
<action no="3" player="M1ky3ste92" type="1" sum="30"/>
<action no="4" player="mocciolocaldo" type="2" discard="1" dealt="1" sum="60"/>
</round>
<round no="1"><cards type="Pocket" player="mocciolocaldo">X X</cards>
<cards type="Pocket" player="M1ky3ste92">D3 C4</cards>
<action no="5" player="M1ky3ste92" type="0" sum="0"/>
</round>
</game>
<game gamecode="6541629233"><general><startdate>2025-11-26 15:38:46</startdate>
<round>1</round>
<failsafecounter/>
<players><player seat="10" name="M1ky3ste92" chips="1,096" dealer="0" win="70" bet="65" muck="1" rebuy="0" addon="0" merge="0" rebuychips="0" reg_code="5075725195"/>
<player seat="6" name="mocciolocaldo" chips="404" dealer="1" win="0" bet="35" muck="1" rebuy="0" addon="0" merge="0" rebuychips="0" reg_code="5075725097"/>
</players>
</general>
<round no="0"><action no="1" player="mocciolocaldo" type="15" discard="1" dealt="1" sum="5"/>
<action no="2" player="M1ky3ste92" type="15" sum="5"/>
<action no="3" player="mocciolocaldo" type="1" discard="1" dealt="1" sum="30"/>
<action no="4" player="M1ky3ste92" type="2" sum="60"/>
</round>
<round no="1"><cards type="Pocket" player="M1ky3ste92">HQ DK</cards>
<cards type="Pocket" player="mocciolocaldo">X X</cards>
<action no="5" player="mocciolocaldo" type="0" discard="1" dealt="1" sum="0"/>
</round>
</game>
<game gamecode="6541629242"><general><startdate>2025-11-26 15:38:51</startdate>
<round>1</round>
<failsafecounter/>
<players><player seat="6" name="mocciolocaldo" chips="369" dealer="0" win="0" bet="65" muck="1" rebuy="0" addon="0" merge="0" rebuychips="0" reg_code="5075725097"/>
<player seat="10" name="M1ky3ste92" chips="1,131" dealer="1" win="130" bet="1,131" muck="1" rebuy="0" addon="0" merge="0" rebuychips="0" reg_code="5075725195"/>
</players>
</general>
<round no="0"><action no="1" player="M1ky3ste92" type="15" sum="5"/>
<action no="2" player="mocciolocaldo" type="15" discard="1" dealt="1" sum="5"/>
<action no="3" player="M1ky3ste92" type="1" sum="30"/>
<action no="4" player="mocciolocaldo" type="2" discard="1" dealt="1" sum="60"/>
</round>
<round no="1"><cards type="Pocket" player="M1ky3ste92">CK C3</cards>
<cards type="Pocket" player="mocciolocaldo">X X</cards>
<action no="5" player="M1ky3ste92" type="23" sum="1,126"/>
<action no="6" player="mocciolocaldo" type="0" discard="1" dealt="1" sum="0"/>
</round>
</game>
<game gamecode="6541629254"><general><startdate>2025-11-26 15:38:58</startdate>
<round>1</round>
<failsafecounter/>
<players><player seat="10" name="M1ky3ste92" chips="1,196" dealer="0" win="0" bet="304" muck="1" rebuy="0" addon="0" merge="0" rebuychips="0" reg_code="5075725195"/>
<player seat="6" name="mocciolocaldo" chips="304" dealer="1" win="608" bet="304" muck="0" rebuy="0" addon="0" merge="0" rebuychips="0" reg_code="5075725097"/>
</players>
</general>
<round no="0"><action no="1" player="mocciolocaldo" type="15" discard="1" dealt="1" sum="5"/>
<action no="2" player="M1ky3ste92" type="15" sum="5"/>
<action no="3" player="mocciolocaldo" type="1" discard="1" dealt="1" sum="30"/>
<action no="4" player="M1ky3ste92" type="2" sum="60"/>
</round>
<round no="1"><cards type="Pocket" player="M1ky3ste92">CK C9</cards>
<cards type="Pocket" player="mocciolocaldo">H3 HA</cards>
<action no="5" player="mocciolocaldo" type="23" discard="1" dealt="1" sum="299"/>
<action no="6" player="M1ky3ste92" type="3" sum="239"/>
</round>
<round no="2"><cards type="Flop">HJ H8 C7</cards>
</round>
<round no="3"><cards type="Turn">D7</cards>
</round>
<round no="4"><cards type="River">SQ</cards>
</round>
</game>
<game gamecode="6541629277"><general><startdate>2025-11-26 15:39:13</startdate>
<round>1</round>
<failsafecounter/>
<players><player seat="6" name="mocciolocaldo" chips="608" dealer="0" win="130" bet="163" muck="1" rebuy="0" addon="0" merge="0" rebuychips="0" reg_code="5075725097"/>
<player seat="10" name="M1ky3ste92" chips="892" dealer="1" win="0" bet="65" muck="1" rebuy="0" addon="0" merge="0" rebuychips="0" reg_code="5075725195"/>
</players>
</general>
<round no="0"><action no="1" player="M1ky3ste92" type="15" sum="5"/>
<action no="2" player="mocciolocaldo" type="15" discard="1" dealt="1" sum="5"/>
<action no="3" player="M1ky3ste92" type="1" sum="30"/>
<action no="4" player="mocciolocaldo" type="2" discard="1" dealt="1" sum="60"/>
</round>
<round no="1"><cards type="Pocket" player="M1ky3ste92">D7 S4</cards>
<cards type="Pocket" player="mocciolocaldo">X X</cards>
<action no="5" player="M1ky3ste92" type="3" sum="30"/>
<action no="6" player="mocciolocaldo" type="4" discard="1" dealt="1" sum="0"/>
</round>
<round no="2"><cards type="Flop">C10 S7 SJ</cards>
<action no="7" player="mocciolocaldo" type="4" discard="1" dealt="1" sum="0"/>
<action no="8" player="M1ky3ste92" type="4" sum="0"/>
</round>
<round no="3"><cards type="Turn">C5</cards>
<action no="9" player="mocciolocaldo" type="4" discard="1" dealt="1" sum="0"/>
<action no="10" player="M1ky3ste92" type="4" sum="0"/>
</round>
<round no="4"><cards type="River">S9</cards>
<action no="11" player="mocciolocaldo" type="5" discard="1" dealt="1" sum="98"/>
<action no="12" player="M1ky3ste92" type="0" sum="0"/>
</round>
</game>
<game gamecode="6541629336"><general><startdate>2025-11-26 15:39:43</startdate>
<round>1</round>
<failsafecounter/>
<players><player seat="10" name="M1ky3ste92" chips="827" dealer="0" win="0" bet="88" muck="1" rebuy="0" addon="0" merge="0" rebuychips="0" reg_code="5075725195"/>
<player seat="6" name="mocciolocaldo" chips="673" dealer="1" win="176" bet="673" muck="1" rebuy="0" addon="0" merge="0" rebuychips="0" reg_code="5075725097"/>
</players>
</general>
<round no="0"><action no="1" player="mocciolocaldo" type="15" discard="1" dealt="1" sum="8"/>
<action no="2" player="M1ky3ste92" type="15" sum="8"/>
<action no="3" player="mocciolocaldo" type="1" discard="1" dealt="1" sum="40"/>
<action no="4" player="M1ky3ste92" type="2" sum="80"/>
</round>
<round no="1"><cards type="Pocket" player="M1ky3ste92">HQ S7</cards>
<cards type="Pocket" player="mocciolocaldo">X X</cards>
<action no="5" player="mocciolocaldo" type="23" discard="1" dealt="1" sum="665"/>
<action no="6" player="M1ky3ste92" type="0" sum="0"/>
</round>
</game>
<game gamecode="6541629359"><general><startdate>2025-11-26 15:39:51</startdate>
<round>1</round>
<failsafecounter/>
<players><player seat="6" name="mocciolocaldo" chips="761" dealer="0" win="0" bet="88" muck="1" rebuy="0" addon="0" merge="0" rebuychips="0" reg_code="5075725097"/>
<player seat="10" name="M1ky3ste92" chips="739" dealer="1" win="176" bet="739" muck="1" rebuy="0" addon="0" merge="0" rebuychips="0" reg_code="5075725195"/>
</players>
</general>
<round no="0"><action no="1" player="M1ky3ste92" type="15" sum="8"/>
<action no="2" player="mocciolocaldo" type="15" discard="1" dealt="1" sum="8"/>
<action no="3" player="M1ky3ste92" type="1" sum="40"/>
<action no="4" player="mocciolocaldo" type="2" discard="1" dealt="1" sum="80"/>
</round>
<round no="1"><cards type="Pocket" player="mocciolocaldo">X X</cards>
<cards type="Pocket" player="M1ky3ste92">CA D3</cards>
<action no="5" player="M1ky3ste92" type="23" sum="731"/>
<action no="6" player="mocciolocaldo" type="0" discard="1" dealt="1" sum="0"/>
</round>
</game>
<game gamecode="6541629375"><general><startdate>2025-11-26 15:39:58</startdate>
<round>1</round>
<failsafecounter/>
<players><player seat="10" name="M1ky3ste92" chips="827" dealer="0" win="0" bet="88" muck="1" rebuy="0" addon="0" merge="0" rebuychips="0" reg_code="5075725195"/>
<player seat="6" name="mocciolocaldo" chips="673" dealer="1" win="176" bet="673" muck="1" rebuy="0" addon="0" merge="0" rebuychips="0" reg_code="5075725097"/>
</players>
</general>
<round no="0"><action no="1" player="mocciolocaldo" type="15" discard="1" dealt="1" sum="8"/>
<action no="2" player="M1ky3ste92" type="15" sum="8"/>
<action no="3" player="mocciolocaldo" type="1" discard="1" dealt="1" sum="40"/>
<action no="4" player="M1ky3ste92" type="2" sum="80"/>
</round>
<round no="1"><cards type="Pocket" player="mocciolocaldo">X X</cards>
<cards type="Pocket" player="M1ky3ste92">HJ H3</cards>
<action no="5" player="mocciolocaldo" type="23" discard="1" dealt="1" sum="665"/>
<action no="6" player="M1ky3ste92" type="0" sum="0"/>
</round>
</game>
<game gamecode="6541629390"><general><startdate>2025-11-26 15:40:05</startdate>
<round>1</round>
<failsafecounter/>
<players><player seat="6" name="mocciolocaldo" chips="761" dealer="0" win="0" bet="88" muck="1" rebuy="0" addon="0" merge="0" rebuychips="0" reg_code="5075725097"/>
<player seat="10" name="M1ky3ste92" chips="739" dealer="1" win="176" bet="739" muck="1" rebuy="0" addon="0" merge="0" rebuychips="0" reg_code="5075725195"/>
</players>
</general>
<round no="0"><action no="1" player="M1ky3ste92" type="15" sum="8"/>
<action no="2" player="mocciolocaldo" type="15" discard="1" dealt="1" sum="8"/>
<action no="3" player="M1ky3ste92" type="1" sum="40"/>
<action no="4" player="mocciolocaldo" type="2" discard="1" dealt="1" sum="80"/>
</round>
<round no="1"><cards type="Pocket" player="mocciolocaldo">X X</cards>
<cards type="Pocket" player="M1ky3ste92">HA C3</cards>
<action no="5" player="M1ky3ste92" type="23" sum="731"/>
<action no="6" player="mocciolocaldo" type="0" discard="1" dealt="1" sum="0"/>
</round>
</game>
<game gamecode="6541629407"><general><startdate>2025-11-26 15:40:13</startdate>
<round>1</round>
<failsafecounter/>
<players><player seat="10" name="M1ky3ste92" chips="827" dealer="0" win="0" bet="88" muck="1" rebuy="0" addon="0" merge="0" rebuychips="0" reg_code="5075725195"/>
<player seat="6" name="mocciolocaldo" chips="673" dealer="1" win="176" bet="168" muck="1" rebuy="0" addon="0" merge="0" rebuychips="0" reg_code="5075725097"/>
</players>
</general>
<round no="0"><action no="1" player="mocciolocaldo" type="15" discard="1" dealt="1" sum="8"/>
<action no="2" player="M1ky3ste92" type="15" sum="8"/>
<action no="3" player="mocciolocaldo" type="1" discard="1" dealt="1" sum="40"/>
<action no="4" player="M1ky3ste92" type="2" sum="80"/>
</round>
<round no="1"><cards type="Pocket" player="mocciolocaldo">X X</cards>
<cards type="Pocket" player="M1ky3ste92">H3 C6</cards>
<action no="5" player="mocciolocaldo" type="3" discard="1" dealt="1" sum="40"/>
<action no="6" player="M1ky3ste92" type="4" sum="0"/>
</round>
<round no="2"><cards type="Flop">H5 D2 S5</cards>
<action no="7" player="M1ky3ste92" type="4" sum="0"/>
<action no="8" player="mocciolocaldo" type="5" discard="1" dealt="1" sum="80"/>
<action no="9" player="M1ky3ste92" type="0" sum="0"/>
</round>
</game>
<game gamecode="6541629444"><general><startdate>2025-11-26 15:40:29</startdate>
<round>1</round>
<failsafecounter/>
<players><player seat="6" name="mocciolocaldo" chips="761" dealer="0" win="0" bet="88" muck="1" rebuy="0" addon="0" merge="0" rebuychips="0" reg_code="5075725097"/>
<player seat="10" name="M1ky3ste92" chips="739" dealer="1" win="176" bet="168" muck="1" rebuy="0" addon="0" merge="0" rebuychips="0" reg_code="5075725195"/>
</players>
</general>
<round no="0"><action no="1" player="M1ky3ste92" type="15" sum="8"/>
<action no="2" player="mocciolocaldo" type="15" discard="1" dealt="1" sum="8"/>
<action no="3" player="M1ky3ste92" type="1" sum="40"/>
<action no="4" player="mocciolocaldo" type="2" discard="1" dealt="1" sum="80"/>
</round>
<round no="1"><cards type="Pocket" player="M1ky3ste92">D4 D5</cards>
<cards type="Pocket" player="mocciolocaldo">X X</cards>
<action no="5" player="M1ky3ste92" type="3" sum="40"/>
<action no="6" player="mocciolocaldo" type="4" discard="1" dealt="1" sum="0"/>
</round>
<round no="2"><cards type="Flop">C4 SA S4</cards>
<action no="7" player="mocciolocaldo" type="4" discard="1" dealt="1" sum="0"/>
<action no="8" player="M1ky3ste92" type="5" sum="80"/>
<action no="9" player="mocciolocaldo" type="0" discard="1" dealt="1" sum="0"/>
</round>
</game>
<game gamecode="6541629470"><general><startdate>2025-11-26 15:40:43</startdate>
<round>1</round>
<failsafecounter/>
<players><player seat="10" name="M1ky3ste92" chips="827" dealer="0" win="96" bet="88" muck="1" rebuy="0" addon="0" merge="0" rebuychips="0" reg_code="5075725195"/>
<player seat="6" name="mocciolocaldo" chips="673" dealer="1" win="0" bet="48" muck="1" rebuy="0" addon="0" merge="0" rebuychips="0" reg_code="5075725097"/>
</players>
</general>
<round no="0"><action no="1" player="mocciolocaldo" type="15" discard="1" dealt="1" sum="8"/>
<action no="2" player="M1ky3ste92" type="15" sum="8"/>
<action no="3" player="mocciolocaldo" type="1" discard="1" dealt="1" sum="40"/>
<action no="4" player="M1ky3ste92" type="2" sum="80"/>
</round>
<round no="1"><cards type="Pocket" player="M1ky3ste92">DA C2</cards>
<cards type="Pocket" player="mocciolocaldo">X X</cards>
<action no="5" player="mocciolocaldo" type="0" discard="1" dealt="1" sum="0"/>
</round>
</game>
<game gamecode="6541629478"><general><startdate>2025-11-26 15:40:48</startdate>
<round>1</round>
<failsafecounter/>
<players><player seat="6" name="mocciolocaldo" chips="625" dealer="0" win="0" bet="220" muck="0" rebuy="0" addon="0" merge="0" rebuychips="0" reg_code="5075725097"/>
<player seat="10" name="M1ky3ste92" chips="875" dealer="1" win="440" bet="220" muck="0" rebuy="0" addon="0" merge="0" rebuychips="0" reg_code="5075725195"/>
</players>
</general>
<round no="0"><action no="1" player="M1ky3ste92" type="15" sum="8"/>
<action no="2" player="mocciolocaldo" type="15" discard="1" dealt="1" sum="8"/>
<action no="3" player="M1ky3ste92" type="1" sum="40"/>
<action no="4" player="mocciolocaldo" type="2" discard="1" dealt="1" sum="80"/>
</round>
<round no="1"><cards type="Pocket" player="mocciolocaldo">CQ C8</cards>
<cards type="Pocket" player="M1ky3ste92">D4 SJ</cards>
<action no="5" player="M1ky3ste92" type="3" sum="40"/>
<action no="6" player="mocciolocaldo" type="4" discard="1" dealt="1" sum="0"/>
</round>
<round no="2"><cards type="Flop">S5 S7 C2</cards>
<action no="7" player="mocciolocaldo" type="4" discard="1" dealt="1" sum="0"/>
<action no="8" player="M1ky3ste92" type="4" sum="0"/>
</round>
<round no="3"><cards type="Turn">DK</cards>
<action no="9" player="mocciolocaldo" type="4" discard="1" dealt="1" sum="0"/>
<action no="10" player="M1ky3ste92" type="4" sum="0"/>
</round>
<round no="4"><cards type="River">DJ</cards>
<action no="11" player="mocciolocaldo" type="5" discard="1" dealt="1" sum="132"/>
<action no="12" player="M1ky3ste92" type="3" sum="132"/>
</round>
</game>
<game gamecode="6541629578"><general><startdate>2025-11-26 15:41:45</startdate>
<round>1</round>
<failsafecounter/>
<players><player seat="10" name="M1ky3ste92" chips="1,095" dealer="0" win="0" bet="405" muck="1" rebuy="0" addon="0" merge="0" rebuychips="0" reg_code="5075725195"/>
<player seat="6" name="mocciolocaldo" chips="405" dealer="1" win="810" bet="405" muck="0" rebuy="0" addon="0" merge="0" rebuychips="0" reg_code="5075725097"/>
</players>
</general>
<round no="0"><action no="1" player="mocciolocaldo" type="15" discard="1" dealt="1" sum="10"/>
<action no="2" player="M1ky3ste92" type="15" sum="10"/>
<action no="3" player="mocciolocaldo" type="1" discard="1" dealt="1" sum="50"/>
<action no="4" player="M1ky3ste92" type="2" sum="100"/>
</round>
<round no="1"><cards type="Pocket" player="M1ky3ste92">HQ HK</cards>
<cards type="Pocket" player="mocciolocaldo">D5 CK</cards>
<action no="5" player="mocciolocaldo" type="23" discard="1" dealt="1" sum="395"/>
<action no="6" player="M1ky3ste92" type="3" sum="295"/>
</round>
<round no="2"><cards type="Flop">D4 S3 SA</cards>
</round>
<round no="3"><cards type="Turn">H6</cards>
</round>
<round no="4"><cards type="River">H2</cards>
</round>
</game>
<game gamecode="6541629606"><general><startdate>2025-11-26 15:41:59</startdate>
<round>1</round>
<failsafecounter/>
<players><player seat="6" name="mocciolocaldo" chips="810" dealer="0" win="0" bet="110" muck="1" rebuy="0" addon="0" merge="0" rebuychips="0" reg_code="5075725097"/>
<player seat="10" name="M1ky3ste92" chips="690" dealer="1" win="220" bet="690" muck="1" rebuy="0" addon="0" merge="0" rebuychips="0" reg_code="5075725195"/>
</players>
</general>
<round no="0"><action no="1" player="M1ky3ste92" type="15" sum="10"/>
<action no="2" player="mocciolocaldo" type="15" discard="1" dealt="1" sum="10"/>
<action no="3" player="M1ky3ste92" type="1" sum="50"/>
<action no="4" player="mocciolocaldo" type="2" discard="1" dealt="1" sum="100"/>
</round>
<round no="1"><cards type="Pocket" player="M1ky3ste92">D7 DA</cards>
<cards type="Pocket" player="mocciolocaldo">X X</cards>
<action no="5" player="M1ky3ste92" type="23" sum="680"/>
<action no="6" player="mocciolocaldo" type="0" discard="1" dealt="1" sum="0"/>
</round>
</game>
<game gamecode="6541629634"><general><startdate>2025-11-26 15:42:13</startdate>
<round>1</round>
<failsafecounter/>
<players><player seat="10" name="M1ky3ste92" chips="800" dealer="0" win="0" bet="110" muck="1" rebuy="0" addon="0" merge="0" rebuychips="0" reg_code="5075725195"/>
<player seat="6" name="mocciolocaldo" chips="700" dealer="1" win="220" bet="700" muck="1" rebuy="0" addon="0" merge="0" rebuychips="0" reg_code="5075725097"/>
</players>
</general>
<round no="0"><action no="1" player="mocciolocaldo" type="15" discard="1" dealt="1" sum="10"/>
<action no="2" player="M1ky3ste92" type="15" sum="10"/>
<action no="3" player="mocciolocaldo" type="1" discard="1" dealt="1" sum="50"/>
<action no="4" player="M1ky3ste92" type="2" sum="100"/>
</round>
<round no="1"><cards type="Pocket" player="mocciolocaldo">X X</cards>
<cards type="Pocket" player="M1ky3ste92">S4 S7</cards>
<action no="5" player="mocciolocaldo" type="23" discard="1" dealt="1" sum="690"/>
<action no="6" player="M1ky3ste92" type="0" sum="0"/>
</round>
</game>
<game gamecode="6541629655"><general><startdate>2025-11-26 15:42:24</startdate>
<round>1</round>
<failsafecounter/>
<players><player seat="6" name="mocciolocaldo" chips="810" dealer="0" win="0" bet="110" muck="1" rebuy="0" addon="0" merge="0" rebuychips="0" reg_code="5075725097"/>
<player seat="10" name="M1ky3ste92" chips="690" dealer="1" win="220" bet="210" muck="1" rebuy="0" addon="0" merge="0" rebuychips="0" reg_code="5075725195"/>
</players>
</general>
<round no="0"><action no="1" player="M1ky3ste92" type="15" sum="10"/>
<action no="2" player="mocciolocaldo" type="15" discard="1" dealt="1" sum="10"/>
<action no="3" player="M1ky3ste92" type="1" sum="50"/>
<action no="4" player="mocciolocaldo" type="2" discard="1" dealt="1" sum="100"/>
</round>
<round no="1"><cards type="Pocket" player="mocciolocaldo">X X</cards>
<cards type="Pocket" player="M1ky3ste92">CJ D6</cards>
<action no="5" player="M1ky3ste92" type="3" sum="50"/>
<action no="6" player="mocciolocaldo" type="4" discard="1" dealt="1" sum="0"/>
</round>
<round no="2"><cards type="Flop">S4 HJ D7</cards>
<action no="7" player="mocciolocaldo" type="4" discard="1" dealt="1" sum="0"/>
<action no="8" player="M1ky3ste92" type="5" sum="100"/>
<action no="9" player="mocciolocaldo" type="0" discard="1" dealt="1" sum="0"/>
</round>
</game>
<game gamecode="6541629705"><general><startdate>2025-11-26 15:42:50</startdate>
<round>1</round>
<failsafecounter/>
<players><player seat="10" name="M1ky3ste92" chips="800" dealer="0" win="0" bet="110" muck="1" rebuy="0" addon="0" merge="0" rebuychips="0" reg_code="5075725195"/>
<player seat="6" name="mocciolocaldo" chips="700" dealer="1" win="220" bet="700" muck="1" rebuy="0" addon="0" merge="0" rebuychips="0" reg_code="5075725097"/>
</players>
</general>
<round no="0"><action no="1" player="mocciolocaldo" type="15" discard="1" dealt="1" sum="10"/>
<action no="2" player="M1ky3ste92" type="15" sum="10"/>
<action no="3" player="mocciolocaldo" type="1" discard="1" dealt="1" sum="50"/>
<action no="4" player="M1ky3ste92" type="2" sum="100"/>
</round>
<round no="1"><cards type="Pocket" player="M1ky3ste92">H9 D6</cards>
<cards type="Pocket" player="mocciolocaldo">X X</cards>
<action no="5" player="mocciolocaldo" type="23" discard="1" dealt="1" sum="690"/>
<action no="6" player="M1ky3ste92" type="0" sum="0"/>
</round>
</game>
<game gamecode="6541629721"><general><startdate>2025-11-26 15:42:57</startdate>
<round>1</round>
<failsafecounter/>
<players><player seat="6" name="mocciolocaldo" chips="810" dealer="0" win="140" bet="130" muck="1" rebuy="0" addon="0" merge="0" rebuychips="0" reg_code="5075725097"/>
<player seat="10" name="M1ky3ste92" chips="690" dealer="1" win="0" bet="70" muck="1" rebuy="0" addon="0" merge="0" rebuychips="0" reg_code="5075725195"/>
</players>
</general>
<round no="0"><action no="1" player="M1ky3ste92" type="15" sum="10"/>
<action no="2" player="mocciolocaldo" type="15" discard="1" dealt="1" sum="10"/>
<action no="3" player="M1ky3ste92" type="1" sum="60"/>
<action no="4" player="mocciolocaldo" type="2" discard="1" dealt="1" sum="120"/>
</round>
<round no="1"><cards type="Pocket" player="mocciolocaldo">X X</cards>
<cards type="Pocket" player="M1ky3ste92">C7 S3</cards>
<action no="5" player="M1ky3ste92" type="0" sum="0"/>
</round>
</game>
<game gamecode="6541629739"><general><startdate>2025-11-26 15:43:04</startdate>
<round>1</round>
<failsafecounter/>
<players><player seat="10" name="M1ky3ste92" chips="620" dealer="0" win="0" bet="620" muck="0" rebuy="0" addon="0" merge="0" rebuychips="0" reg_code="5075725195"/>
<player seat="6" name="mocciolocaldo" chips="880" dealer="1" win="1,240" bet="880" muck="0" rebuy="0" addon="0" merge="0" rebuychips="0" reg_code="5075725097"/>
</players>
</general>
<round no="0"><action no="1" player="mocciolocaldo" type="15" discard="1" dealt="1" sum="10"/>
<action no="2" player="M1ky3ste92" type="15" sum="10"/>
<action no="3" player="mocciolocaldo" type="1" discard="1" dealt="1" sum="60"/>
<action no="4" player="M1ky3ste92" type="2" sum="120"/>
</round>
<round no="1"><cards type="Pocket" player="M1ky3ste92">S7 S8</cards>
<cards type="Pocket" player="mocciolocaldo">CK C6</cards>
<action no="5" player="mocciolocaldo" type="23" discard="1" dealt="1" sum="870"/>
<action no="6" player="M1ky3ste92" type="7" sum="490"/>
</round>
<round no="2"><cards type="Flop">HA HK S5</cards>
</round>
<round no="3"><cards type="Turn">DA</cards>
</round>
<round no="4"><cards type="River">CJ</cards>
</round>
</game>
</session>
