<?xml version="1.0" encoding="UTF-8"?>
<session sessioncode="5075931662">
<general>
<client_version>25.7.1.34</client_version>
<mode>real</mode>
<gametype>Holdem NL</gametype>
<tablename>Twister €100 SNG, 822535114</tablename>
<tournamentcode>822535113</tournamentcode>
<tournamentname>Twister €100 SNG</tournamentname>
<buyin>€0 + €7 + €93</buyin>
<totalbuyin>€100</totalbuyin>
<rewarddrawn>€200</rewarddrawn>
<tournamentcurrency>EUR</tournamentcurrency>
<currency>EUR</currency>
<nickname>M1ky3ste92</nickname>
<gamecount>28</gamecount>
<startdate>2025-11-27 11:34:30</startdate>
<place>2</place>
<win>€0</win>
<tablesize>3</tablesize>
</general>
<game gamecode="6542363528"><general><startdate>2025-11-27 11:34:45</startdate>
<round>1</round>
<failsafecounter/>
<players><player seat="10" name="gherrison97" chips="500" dealer="0" win="20" bet="20" muck="1" rebuy="0" addon="0" merge="0" rebuychips="0" reg_code="5075932501"/>
<player seat="3" name="deIduKA" chips="500" dealer="1" win="0" bet="0" muck="1" rebuy="0" addon="0" merge="0" rebuychips="0" reg_code="5075931645"/>
<player seat="6" name="M1ky3ste92" chips="500" dealer="0" win="0" bet="10" muck="1" rebuy="0" addon="0" merge="0" rebuychips="0" reg_code="5075931662"/>
</players>
</general>
<round no="0"><action no="1" player="M1ky3ste92" type="1" sum="10"/>
<action no="2" player="gherrison97" type="2" discard="1" dealt="1" sum="20"/>
</round>
<round no="1"><cards type="Pocket" player="gherrison97">X X</cards>
<cards type="Pocket" player="deIduKA">X X</cards>
<cards type="Pocket" player="M1ky3ste92">H2 H3</cards>
<action no="3" player="deIduKA" type="0" discard="1" dealt="1" sum="0"/>
<action no="4" player="M1ky3ste92" type="0" sum="0"/>
</round>
</game>
<game gamecode="6542363545"><general><startdate>2025-11-27 11:34:58</startdate>
<round>1</round>
<failsafecounter/>
<players><player seat="3" name="deIduKA" chips="500" dealer="0" win="0" bet="166" muck="1" rebuy="0" addon="0" merge="0" rebuychips="0" reg_code="5075931645"/>
<player seat="6" name="M1ky3ste92" chips="490" dealer="1" win="0" bet="0" muck="1" rebuy="0" addon="0" merge="0" rebuychips="0" reg_code="5075931662"/>
<player seat="10" name="gherrison97" chips="510" dealer="0" win="332" bet="166" muck="0" rebuy="0" addon="0" merge="0" rebuychips="0" reg_code="5075932501"/>
</players>
</general>
<round no="0"><action no="1" player="gherrison97" type="1" discard="1" dealt="1" sum="10"/>
<action no="2" player="deIduKA" type="2" discard="1" dealt="1" sum="20"/>
</round>
<round no="1"><cards type="Pocket" player="gherrison97">DK CJ</cards>
<cards type="Pocket" player="deIduKA">C7 C3</cards>
<cards type="Pocket" player="M1ky3ste92">H9 D3</cards>
<action no="3" player="M1ky3ste92" type="0" sum="0"/>
<action no="4" player="gherrison97" type="3" discard="1" dealt="1" sum="10"/>
<action no="5" player="deIduKA" type="23" discard="1" dealt="1" sum="60"/>
<action no="6" player="gherrison97" type="3" discard="1" dealt="1" sum="40"/>
</round>
<round no="2"><cards type="Flop">C6 D7 S6</cards>
<action no="7" player="gherrison97" type="4" discard="1" dealt="1" sum="0"/>
<action no="8" player="deIduKA" type="5" discard="1" dealt="1" sum="40"/>
<action no="9" player="gherrison97" type="3" discard="1" dealt="1" sum="40"/>
</round>
<round no="3"><cards type="Turn">HK</cards>
<action no="10" player="gherrison97" type="4" discard="1" dealt="1" sum="0"/>
<action no="11" player="deIduKA" type="5" discard="1" dealt="1" sum="66"/>
<action no="12" player="gherrison97" type="3" discard="1" dealt="1" sum="66"/>
</round>
<round no="4"><cards type="River">S9</cards>
<action no="13" player="gherrison97" type="4" discard="1" dealt="1" sum="0"/>
<action no="14" player="deIduKA" type="4" discard="1" dealt="1" sum="0"/>
</round>
</game>
<game gamecode="6542363591"><general><startdate>2025-11-27 11:35:39</startdate>
<round>1</round>
<failsafecounter/>
<players><player seat="6" name="M1ky3ste92" chips="490" dealer="0" win="0" bet="55" muck="1" rebuy="0" addon="0" merge="0" rebuychips="0" reg_code="5075931662"/>
<player seat="10" name="gherrison97" chips="676" dealer="1" win="120" bet="55" muck="0" rebuy="0" addon="0" merge="0" rebuychips="0" reg_code="5075932501"/>
<player seat="3" name="deIduKA" chips="334" dealer="0" win="0" bet="10" muck="1" rebuy="0" addon="0" merge="0" rebuychips="0" reg_code="5075931645"/>
</players>
</general>
<round no="0"><action no="1" player="deIduKA" type="1" discard="1" dealt="1" sum="10"/>
<action no="2" player="M1ky3ste92" type="2" sum="20"/>
</round>
<round no="1"><cards type="Pocket" player="deIduKA">X X</cards>
<cards type="Pocket" player="M1ky3ste92">C9 C5</cards>
<cards type="Pocket" player="gherrison97">SQ S3</cards>
<action no="3" player="gherrison97" type="3" discard="1" dealt="1" sum="20"/>
<action no="4" player="deIduKA" type="0" discard="1" dealt="1" sum="0"/>
<action no="5" player="M1ky3ste92" type="4" sum="0"/>
</round>
<round no="2"><cards type="Flop">C7 SK H8</cards>
<action no="6" player="M1ky3ste92" type="4" sum="0"/>
<action no="7" player="gherrison97" type="4" discard="1" dealt="1" sum="0"/>
</round>
<round no="3"><cards type="Turn">SJ</cards>
<action no="8" player="M1ky3ste92" type="4" sum="0"/>
<action no="9" player="gherrison97" type="5" discard="1" dealt="1" sum="35"/>
<action no="10" player="M1ky3ste92" type="3" sum="35"/>
</round>
<round no="4"><cards type="River">H2</cards>
<action no="11" player="M1ky3ste92" type="4" sum="0"/>
<action no="12" player="gherrison97" type="4" discard="1" dealt="1" sum="0"/>
</round>
</game>
<game gamecode="6542363639"><general><startdate>2025-11-27 11:36:15</startdate>
<round>1</round>
<failsafecounter/>
<players><player seat="10" name="gherrison97" chips="741" dealer="0" win="0" bet="80" muck="1" rebuy="0" addon="0" merge="0" rebuychips="0" reg_code="5075932501"/>
<player seat="3" name="deIduKA" chips="324" dealer="1" win="0" bet="0" muck="1" rebuy="0" addon="0" merge="0" rebuychips="0" reg_code="5075931645"/>
<player seat="6" name="M1ky3ste92" chips="435" dealer="0" win="160" bet="180" muck="1" rebuy="0" addon="0" merge="0" rebuychips="0" reg_code="5075931662"/>
</players>
</general>
<round no="0"><action no="1" player="M1ky3ste92" type="1" sum="10"/>
<action no="2" player="gherrison97" type="2" discard="1" dealt="1" sum="20"/>
</round>
<round no="1"><cards type="Pocket" player="M1ky3ste92">CQ SQ</cards>
<cards type="Pocket" player="gherrison97">X X</cards>
<cards type="Pocket" player="deIduKA">X X</cards>
<action no="3" player="deIduKA" type="0" discard="1" dealt="1" sum="0"/>
<action no="4" player="M1ky3ste92" type="23" sum="40"/>
<action no="5" player="gherrison97" type="3" discard="1" dealt="1" sum="20"/>
</round>
<round no="2"><cards type="Flop">C5 C4 D9</cards>
<action no="6" player="M1ky3ste92" type="5" sum="40"/>
<action no="7" player="gherrison97" type="3" discard="1" dealt="1" sum="40"/>
</round>
<round no="3"><cards type="Turn">D10</cards>
<action no="8" player="M1ky3ste92" type="5" sum="100"/>
<action no="9" player="gherrison97" type="0" discard="1" dealt="1" sum="0"/>
</round>
</game>
<game gamecode="6542363664"><general><startdate>2025-11-27 11:36:38</startdate>
<round>1</round>
<failsafecounter/>
<players><player seat="3" name="deIduKA" chips="324" dealer="0" win="0" bet="35" muck="1" rebuy="0" addon="0" merge="0" rebuychips="0" reg_code="5075931645"/>
<player seat="6" name="M1ky3ste92" chips="515" dealer="1" win="0" bet="5" muck="1" rebuy="0" addon="0" merge="0" rebuychips="0" reg_code="5075931662"/>
<player seat="10" name="gherrison97" chips="661" dealer="0" win="75" bet="35" muck="0" rebuy="0" addon="0" merge="0" rebuychips="0" reg_code="5075932501"/>
</players>
</general>
<round no="0"><action no="1" player="gherrison97" type="15" discard="1" dealt="1" sum="5"/>
<action no="2" player="deIduKA" type="15" discard="1" dealt="1" sum="5"/>
<action no="3" player="M1ky3ste92" type="15" sum="5"/>
<action no="4" player="gherrison97" type="1" discard="1" dealt="1" sum="15"/>
<action no="5" player="deIduKA" type="2" discard="1" dealt="1" sum="30"/>
</round>
<round no="1"><cards type="Pocket" player="M1ky3ste92">CJ C4</cards>
<cards type="Pocket" player="gherrison97">H9 SK</cards>
<cards type="Pocket" player="deIduKA">S4 SQ</cards>
<action no="6" player="M1ky3ste92" type="0" sum="0"/>
<action no="7" player="gherrison97" type="3" discard="1" dealt="1" sum="15"/>
<action no="8" player="deIduKA" type="4" discard="1" dealt="1" sum="0"/>
</round>
<round no="2"><cards type="Flop">HJ C10 H6</cards>
<action no="9" player="gherrison97" type="4" discard="1" dealt="1" sum="0"/>
<action no="10" player="deIduKA" type="4" discard="1" dealt="1" sum="0"/>
</round>
<round no="3"><cards type="Turn">D10</cards>
<action no="11" player="gherrison97" type="4" discard="1" dealt="1" sum="0"/>
<action no="12" player="deIduKA" type="4" discard="1" dealt="1" sum="0"/>
</round>
<round no="4"><cards type="River">S3</cards>
<action no="13" player="gherrison97" type="4" discard="1" dealt="1" sum="0"/>
<action no="14" player="deIduKA" type="4" discard="1" dealt="1" sum="0"/>
</round>
</game>
<game gamecode="6542363723"><general><startdate>2025-11-27 11:37:27</startdate>
<round>1</round>
<failsafecounter/>
<players><player seat="6" name="M1ky3ste92" chips="510" dealer="0" win="0" bet="35" muck="1" rebuy="0" addon="0" merge="0" rebuychips="0" reg_code="5075931662"/>
<player seat="10" name="gherrison97" chips="701" dealer="1" win="0" bet="5" muck="1" rebuy="0" addon="0" merge="0" rebuychips="0" reg_code="5075932501"/>
<player seat="3" name="deIduKA" chips="289" dealer="0" win="75" bet="289" muck="1" rebuy="0" addon="0" merge="0" rebuychips="0" reg_code="5075931645"/>
</players>
</general>
<round no="0"><action no="1" player="deIduKA" type="15" discard="1" dealt="1" sum="5"/>
<action no="2" player="M1ky3ste92" type="15" sum="5"/>
<action no="3" player="gherrison97" type="15" discard="1" dealt="1" sum="5"/>
<action no="4" player="deIduKA" type="1" discard="1" dealt="1" sum="15"/>
<action no="5" player="M1ky3ste92" type="2" sum="30"/>
</round>
<round no="1"><cards type="Pocket" player="M1ky3ste92">C5 H7</cards>
<cards type="Pocket" player="gherrison97">X X</cards>
<cards type="Pocket" player="deIduKA">X X</cards>
<action no="6" player="gherrison97" type="0" discard="1" dealt="1" sum="0"/>
<action no="7" player="deIduKA" type="23" discard="1" dealt="1" sum="284"/>
<action no="8" player="M1ky3ste92" type="0" sum="0"/>
</round>
</game>
<game gamecode="6542363747"><general><startdate>2025-11-27 11:37:41</startdate>
<round>1</round>
<failsafecounter/>
<players><player seat="10" name="gherrison97" chips="696" dealer="0" win="269" bet="222" muck="1" rebuy="0" addon="0" merge="0" rebuychips="0" reg_code="5075932501"/>
<player seat="3" name="deIduKA" chips="329" dealer="1" win="0" bet="5" muck="1" rebuy="0" addon="0" merge="0" rebuychips="0" reg_code="5075931645"/>
<player seat="6" name="M1ky3ste92" chips="475" dealer="0" win="0" bet="132" muck="1" rebuy="0" addon="0" merge="0" rebuychips="0" reg_code="5075931662"/>
</players>
</general>
<round no="0"><action no="1" player="M1ky3ste92" type="15" sum="5"/>
<action no="2" player="gherrison97" type="15" discard="1" dealt="1" sum="5"/>
<action no="3" player="deIduKA" type="15" discard="1" dealt="1" sum="5"/>
<action no="4" player="M1ky3ste92" type="1" sum="15"/>
<action no="5" player="gherrison97" type="2" discard="1" dealt="1" sum="30"/>
</round>
<round no="1"><cards type="Pocket" player="deIduKA">X X</cards>
<cards type="Pocket" player="M1ky3ste92">SQ S10</cards>
<cards type="Pocket" player="gherrison97">X X</cards>
<action no="6" player="deIduKA" type="0" discard="1" dealt="1" sum="0"/>
<action no="7" player="M1ky3ste92" type="23" sum="60"/>
<action no="8" player="gherrison97" type="3" discard="1" dealt="1" sum="30"/>
</round>
<round no="2"><cards type="Flop">H5 H6 S4</cards>
<action no="9" player="M1ky3ste92" type="4" sum="0"/>
<action no="10" player="gherrison97" type="4" discard="1" dealt="1" sum="0"/>
</round>
<round no="3"><cards type="Turn">S8</cards>
<action no="11" player="M1ky3ste92" type="5" sum="67"/>
<action no="12" player="gherrison97" type="3" discard="1" dealt="1" sum="67"/>
</round>
<round no="4"><cards type="River">CK</cards>
<action no="13" player="M1ky3ste92" type="4" sum="0"/>
<action no="14" player="gherrison97" type="5" discard="1" dealt="1" sum="90"/>
<action no="15" player="M1ky3ste92" type="0" sum="0"/>
</round>
</game>
<game gamecode="6542363797"><general><startdate>2025-11-27 11:38:27</startdate>
<round>1</round>
<failsafecounter/>
<players><player seat="3" name="deIduKA" chips="324" dealer="0" win="0" bet="45" muck="1" rebuy="0" addon="0" merge="0" rebuychips="0" reg_code="5075931645"/>
<player seat="6" name="M1ky3ste92" chips="343" dealer="1" win="0" bet="5" muck="1" rebuy="0" addon="0" merge="0" rebuychips="0" reg_code="5075931662"/>
<player seat="10" name="gherrison97" chips="833" dealer="0" win="95" bet="565" muck="1" rebuy="0" addon="0" merge="0" rebuychips="0" reg_code="5075932501"/>
</players>
</general>
<round no="0"><action no="1" player="gherrison97" type="15" discard="1" dealt="1" sum="5"/>
<action no="2" player="deIduKA" type="15" discard="1" dealt="1" sum="5"/>
<action no="3" player="M1ky3ste92" type="15" sum="5"/>
<action no="4" player="gherrison97" type="1" discard="1" dealt="1" sum="20"/>
<action no="5" player="deIduKA" type="2" discard="1" dealt="1" sum="40"/>
</round>
<round no="1"><cards type="Pocket" player="M1ky3ste92">C9 H2</cards>
<cards type="Pocket" player="gherrison97">X X</cards>
<cards type="Pocket" player="deIduKA">X X</cards>
<action no="6" player="M1ky3ste92" type="0" sum="0"/>
<action no="7" player="gherrison97" type="23" discard="1" dealt="1" sum="560"/>
<action no="8" player="deIduKA" type="0" discard="1" dealt="1" sum="0"/>
</round>
</game>
<game gamecode="6542363806"><general><startdate>2025-11-27 11:38:36</startdate>
<round>1</round>
<failsafecounter/>
<players><player seat="6" name="M1ky3ste92" chips="338" dealer="0" win="0" bet="45" muck="1" rebuy="0" addon="0" merge="0" rebuychips="0" reg_code="5075931662"/>
<player seat="10" name="gherrison97" chips="883" dealer="1" win="0" bet="5" muck="1" rebuy="0" addon="0" merge="0" rebuychips="0" reg_code="5075932501"/>
<player seat="3" name="deIduKA" chips="279" dealer="0" win="95" bet="279" muck="1" rebuy="0" addon="0" merge="0" rebuychips="0" reg_code="5075931645"/>
</players>
</general>
<round no="0"><action no="1" player="deIduKA" type="15" discard="1" dealt="1" sum="5"/>
<action no="2" player="M1ky3ste92" type="15" sum="5"/>
<action no="3" player="gherrison97" type="15" discard="1" dealt="1" sum="5"/>
<action no="4" player="deIduKA" type="1" discard="1" dealt="1" sum="20"/>
<action no="5" player="M1ky3ste92" type="2" sum="40"/>
</round>
<round no="1"><cards type="Pocket" player="M1ky3ste92">S4 CJ</cards>
<cards type="Pocket" player="deIduKA">X X</cards>
<cards type="Pocket" player="gherrison97">X X</cards>
<action no="6" player="gherrison97" type="0" discard="1" dealt="1" sum="0"/>
<action no="7" player="deIduKA" type="23" discard="1" dealt="1" sum="274"/>
<action no="8" player="M1ky3ste92" type="0" sum="0"/>
</round>
</game>
<game gamecode="6542363820"><general><startdate>2025-11-27 11:38:46</startdate>
<round>1</round>
<failsafecounter/>
<players><player seat="10" name="gherrison97" chips="878" dealer="0" win="0" bet="45" muck="1" rebuy="0" addon="0" merge="0" rebuychips="0" reg_code="5075932501"/>
<player seat="3" name="deIduKA" chips="329" dealer="1" win="0" bet="5" muck="1" rebuy="0" addon="0" merge="0" rebuychips="0" reg_code="5075931645"/>
<player seat="6" name="M1ky3ste92" chips="293" dealer="0" win="95" bet="293" muck="1" rebuy="0" addon="0" merge="0" rebuychips="0" reg_code="5075931662"/>
</players>
</general>
<round no="0"><action no="1" player="M1ky3ste92" type="15" sum="5"/>
<action no="2" player="gherrison97" type="15" discard="1" dealt="1" sum="5"/>
<action no="3" player="deIduKA" type="15" discard="1" dealt="1" sum="5"/>
<action no="4" player="M1ky3ste92" type="1" sum="20"/>
<action no="5" player="gherrison97" type="2" discard="1" dealt="1" sum="40"/>
</round>
<round no="1"><cards type="Pocket" player="deIduKA">X X</cards>
<cards type="Pocket" player="gherrison97">X X</cards>
<cards type="Pocket" player="M1ky3ste92">S10 SK</cards>
<action no="6" player="deIduKA" type="0" discard="1" dealt="1" sum="0"/>
<action no="7" player="M1ky3ste92" type="23" sum="288"/>
<action no="8" player="gherrison97" type="0" discard="1" dealt="1" sum="0"/>
</round>
</game>
<game gamecode="6542363836"><general><startdate>2025-11-27 11:39:00</startdate>
<round>1</round>
<failsafecounter/>
<players><player seat="3" name="deIduKA" chips="324" dealer="0" win="0" bet="324" muck="0" rebuy="0" addon="0" merge="0" rebuychips="0" reg_code="5075931645"/>
<player seat="6" name="M1ky3ste92" chips="343" dealer="1" win="673" bet="343" muck="0" rebuy="0" addon="0" merge="0" rebuychips="0" reg_code="5075931662"/>
<player seat="10" name="gherrison97" chips="833" dealer="0" win="0" bet="25" muck="1" rebuy="0" addon="0" merge="0" rebuychips="0" reg_code="5075932501"/>
</players>
</general>
<round no="0"><action no="1" player="gherrison97" type="15" discard="1" dealt="1" sum="5"/>
<action no="2" player="deIduKA" type="15" discard="1" dealt="1" sum="5"/>
<action no="3" player="M1ky3ste92" type="15" sum="5"/>
<action no="4" player="gherrison97" type="1" discard="1" dealt="1" sum="20"/>
<action no="5" player="deIduKA" type="2" discard="1" dealt="1" sum="40"/>
</round>
<round no="1"><cards type="Pocket" player="M1ky3ste92">D7 DK</cards>
<cards type="Pocket" player="gherrison97">X X</cards>
<cards type="Pocket" player="deIduKA">C9 CJ</cards>
<action no="6" player="M1ky3ste92" type="23" sum="338"/>
<action no="7" player="gherrison97" type="0" discard="1" dealt="1" sum="0"/>
<action no="8" player="deIduKA" type="7" discard="1" dealt="1" sum="279"/>
</round>
<round no="2"><cards type="Flop">C2 S9 CK</cards>
</round>
<round no="3"><cards type="Turn">H5</cards>
</round>
<round no="4"><cards type="River">D3</cards>
</round>
</game>
<game gamecode="6542363866"><general><startdate>2025-11-27 11:39:19</startdate>
<round>1</round>
<failsafecounter/>
<players><player seat="6" name="M1ky3ste92" chips="692" dealer="0" win="0" bet="125" muck="1" rebuy="0" addon="0" merge="0" rebuychips="0" reg_code="5075931662"/>
<player seat="10" name="gherrison97" chips="808" dealer="1" win="250" bet="125" muck="0" rebuy="0" addon="0" merge="0" rebuychips="0" reg_code="5075932501"/>
</players>
</general>
<round no="0"><action no="1" player="gherrison97" type="15" discard="1" dealt="1" sum="5"/>
<action no="2" player="M1ky3ste92" type="15" sum="5"/>
<action no="3" player="gherrison97" type="1" discard="1" dealt="1" sum="20"/>
<action no="4" player="M1ky3ste92" type="2" sum="40"/>
</round>
<round no="1"><cards type="Pocket" player="gherrison97">S3 DK</cards>
<cards type="Pocket" player="M1ky3ste92">D7 H8</cards>
<action no="5" player="gherrison97" type="23" discard="1" dealt="1" sum="80"/>
<action no="6" player="M1ky3ste92" type="3" sum="40"/>
</round>
<round no="2"><cards type="Flop">C9 C5 C7</cards>
<action no="7" player="M1ky3ste92" type="4" sum="0"/>
<action no="8" player="gherrison97" type="4" discard="1" dealt="1" sum="0"/>
</round>
<round no="3"><cards type="Turn">HK</cards>
<action no="9" player="M1ky3ste92" type="4" sum="0"/>
<action no="10" player="gherrison97" type="5" discard="1" dealt="1" sum="40"/>
<action no="11" player="M1ky3ste92" type="3" sum="40"/>
</round>
<round no="4"><cards type="River">CK</cards>
<action no="12" player="M1ky3ste92" type="4" sum="0"/>
<action no="13" player="gherrison97" type="4" discard="1" dealt="1" sum="0"/>
</round>
</game>
<game gamecode="6542363890"><general><startdate>2025-11-27 11:39:38</startdate>
<round>1</round>
<failsafecounter/>
<players><player seat="10" name="gherrison97" chips="933" dealer="0" win="0" bet="45" muck="1" rebuy="0" addon="0" merge="0" rebuychips="0" reg_code="5075932501"/>
<player seat="6" name="M1ky3ste92" chips="567" dealer="1" win="90" bet="567" muck="1" rebuy="0" addon="0" merge="0" rebuychips="0" reg_code="5075931662"/>
</players>
</general>
<round no="0"><action no="1" player="M1ky3ste92" type="15" sum="5"/>
<action no="2" player="gherrison97" type="15" discard="1" dealt="1" sum="5"/>
<action no="3" player="M1ky3ste92" type="1" sum="20"/>
<action no="4" player="gherrison97" type="2" discard="1" dealt="1" sum="40"/>
</round>
<round no="1"><cards type="Pocket" player="M1ky3ste92">D3 C3</cards>
<cards type="Pocket" player="gherrison97">X X</cards>
<action no="5" player="M1ky3ste92" type="23" sum="562"/>
<action no="6" player="gherrison97" type="0" discard="1" dealt="1" sum="0"/>
</round>
</game>
<game gamecode="6542363906"><general><startdate>2025-11-27 11:39:46</startdate>
<round>1</round>
<failsafecounter/>
<players><player seat="6" name="M1ky3ste92" chips="612" dealer="0" win="0" bet="65" muck="1" rebuy="0" addon="0" merge="0" rebuychips="0" reg_code="5075931662"/>
<player seat="10" name="gherrison97" chips="888" dealer="1" win="130" bet="65" muck="0" rebuy="0" addon="0" merge="0" rebuychips="0" reg_code="5075932501"/>
</players>
</general>
<round no="0"><action no="1" player="gherrison97" type="15" discard="1" dealt="1" sum="5"/>
<action no="2" player="M1ky3ste92" type="15" sum="5"/>
<action no="3" player="gherrison97" type="1" discard="1" dealt="1" sum="30"/>
<action no="4" player="M1ky3ste92" type="2" sum="60"/>
</round>
<round no="1"><cards type="Pocket" player="gherrison97">HQ D6</cards>
<cards type="Pocket" player="M1ky3ste92">S6 H4</cards>
<action no="5" player="gherrison97" type="3" discard="1" dealt="1" sum="30"/>
<action no="6" player="M1ky3ste92" type="4" sum="0"/>
</round>
<round no="2"><cards type="Flop">D9 C3 HA</cards>
<action no="7" player="M1ky3ste92" type="4" sum="0"/>
<action no="8" player="gherrison97" type="4" discard="1" dealt="1" sum="0"/>
</round>
<round no="3"><cards type="Turn">HK</cards>
<action no="9" player="M1ky3ste92" type="4" sum="0"/>
<action no="10" player="gherrison97" type="4" discard="1" dealt="1" sum="0"/>
</round>
<round no="4"><cards type="River">D5</cards>
<action no="11" player="M1ky3ste92" type="4" sum="0"/>
<action no="12" player="gherrison97" type="4" discard="1" dealt="1" sum="0"/>
</round>
</game>
<game gamecode="6542363932"><general><startdate>2025-11-27 11:40:05</startdate>
<round>1</round>
<failsafecounter/>
<players><player seat="10" name="gherrison97" chips="953" dealer="0" win="0" bet="65" muck="1" rebuy="0" addon="0" merge="0" rebuychips="0" reg_code="5075932501"/>
<player seat="6" name="M1ky3ste92" chips="547" dealer="1" win="130" bet="125" muck="1" rebuy="0" addon="0" merge="0" rebuychips="0" reg_code="5075931662"/>
</players>
</general>
<round no="0"><action no="1" player="M1ky3ste92" type="15" sum="5"/>
<action no="2" player="gherrison97" type="15" discard="1" dealt="1" sum="5"/>
<action no="3" player="M1ky3ste92" type="1" sum="30"/>
<action no="4" player="gherrison97" type="2" discard="1" dealt="1" sum="60"/>
</round>
<round no="1"><cards type="Pocket" player="M1ky3ste92">S6 H10</cards>
<cards type="Pocket" player="gherrison97">X X</cards>
<action no="5" player="M1ky3ste92" type="3" sum="30"/>
<action no="6" player="gherrison97" type="4" discard="1" dealt="1" sum="0"/>
</round>
<round no="2"><cards type="Flop">HA HJ H9</cards>
<action no="7" player="gherrison97" type="4" discard="1" dealt="1" sum="0"/>
<action no="8" player="M1ky3ste92" type="5" sum="60"/>
<action no="9" player="gherrison97" type="0" discard="1" dealt="1" sum="0"/>
</round>
</game>
<game gamecode="6542363954"><general><startdate>2025-11-27 11:40:17</startdate>
<round>1</round>
<failsafecounter/>
<players><player seat="6" name="M1ky3ste92" chips="612" dealer="0" win="250" bet="245" muck="1" rebuy="0" addon="0" merge="0" rebuychips="0" reg_code="5075931662"/>
<player seat="10" name="gherrison97" chips="888" dealer="1" win="0" bet="125" muck="1" rebuy="0" addon="0" merge="0" rebuychips="0" reg_code="5075932501"/>
</players>
</general>
<round no="0"><action no="1" player="gherrison97" type="15" discard="1" dealt="1" sum="5"/>
<action no="2" player="M1ky3ste92" type="15" sum="5"/>
<action no="3" player="gherrison97" type="1" discard="1" dealt="1" sum="30"/>
<action no="4" player="M1ky3ste92" type="2" sum="60"/>
</round>
<round no="1"><cards type="Pocket" player="gherrison97">X X</cards>
<cards type="Pocket" player="M1ky3ste92">CJ S3</cards>
<action no="5" player="gherrison97" type="3" discard="1" dealt="1" sum="30"/>
<action no="6" player="M1ky3ste92" type="4" sum="0"/>
</round>
<round no="2"><cards type="Flop">C7 CA C4</cards>
<action no="7" player="M1ky3ste92" type="4" sum="0"/>
<action no="8" player="gherrison97" type="4" discard="1" dealt="1" sum="0"/>
</round>
<round no="3"><cards type="Turn">D5</cards>
<action no="9" player="M1ky3ste92" type="4" sum="0"/>
<action no="10" player="gherrison97" type="5" discard="1" dealt="1" sum="60"/>
<action no="11" player="M1ky3ste92" type="3" sum="60"/>
</round>
<round no="4"><cards type="River">D2</cards>
<action no="12" player="M1ky3ste92" type="5" sum="120"/>
<action no="13" player="gherrison97" type="0" discard="1" dealt="1" sum="0"/>
</round>
</game>
<game gamecode="6542363988"><general><startdate>2025-11-27 11:40:42</startdate>
<round>1</round>
<failsafecounter/>
<players><player seat="10" name="gherrison97" chips="763" dealer="0" win="130" bet="763" muck="1" rebuy="0" addon="0" merge="0" rebuychips="0" reg_code="5075932501"/>
<player seat="6" name="M1ky3ste92" chips="737" dealer="1" win="0" bet="65" muck="1" rebuy="0" addon="0" merge="0" rebuychips="0" reg_code="5075931662"/>
</players>
</general>
<round no="0"><action no="1" player="M1ky3ste92" type="15" sum="5"/>
<action no="2" player="gherrison97" type="15" discard="1" dealt="1" sum="5"/>
<action no="3" player="M1ky3ste92" type="1" sum="30"/>
<action no="4" player="gherrison97" type="2" discard="1" dealt="1" sum="60"/>
</round>
<round no="1"><cards type="Pocket" player="gherrison97">X X</cards>
<cards type="Pocket" player="M1ky3ste92">S9 S8</cards>
<action no="5" player="M1ky3ste92" type="3" sum="30"/>
<action no="6" player="gherrison97" type="23" discard="1" dealt="1" sum="758"/>
<action no="7" player="M1ky3ste92" type="0" sum="0"/>
</round>
</game>
<game gamecode="6542364005"><general><startdate>2025-11-27 11:40:53</startdate>
<round>1</round>
<failsafecounter/>
<players><player seat="6" name="M1ky3ste92" chips="672" dealer="0" win="130" bet="195" muck="1" rebuy="0" addon="0" merge="0" rebuychips="0" reg_code="5075931662"/>
<player seat="10" name="gherrison97" chips="828" dealer="1" win="0" bet="65" muck="1" rebuy="0" addon="0" merge="0" rebuychips="0" reg_code="5075932501"/>
</players>
</general>
<round no="0"><action no="1" player="gherrison97" type="15" discard="1" dealt="1" sum="5"/>
<action no="2" player="M1ky3ste92" type="15" sum="5"/>
<action no="3" player="gherrison97" type="1" discard="1" dealt="1" sum="30"/>
<action no="4" player="M1ky3ste92" type="2" sum="60"/>
</round>
<round no="1"><cards type="Pocket" player="M1ky3ste92">SJ H8</cards>
<cards type="Pocket" player="gherrison97">X X</cards>
<action no="5" player="gherrison97" type="3" discard="1" dealt="1" sum="30"/>
<action no="6" player="M1ky3ste92" type="4" sum="0"/>
</round>
<round no="2"><cards type="Flop">DJ C3 H7</cards>
<action no="7" player="M1ky3ste92" type="4" sum="0"/>
<action no="8" player="gherrison97" type="4" discard="1" dealt="1" sum="0"/>
</round>
<round no="3"><cards type="Turn">H4</cards>
<action no="9" player="M1ky3ste92" type="5" sum="130"/>
<action no="10" player="gherrison97" type="0" discard="1" dealt="1" sum="0"/>
</round>
</game>
<game gamecode="6542364031"><general><startdate>2025-11-27 11:41:10</startdate>
<round>1</round>
<failsafecounter/>
<players><player seat="10" name="gherrison97" chips="763" dealer="0" win="130" bet="125" muck="1" rebuy="0" addon="0" merge="0" rebuychips="0" reg_code="5075932501"/>
<player seat="6" name="M1ky3ste92" chips="737" dealer="1" win="0" bet="65" muck="1" rebuy="0" addon="0" merge="0" rebuychips="0" reg_code="5075931662"/>
</players>
</general>
<round no="0"><action no="1" player="M1ky3ste92" type="15" sum="5"/>
<action no="2" player="gherrison97" type="15" discard="1" dealt="1" sum="5"/>
<action no="3" player="M1ky3ste92" type="1" sum="30"/>
<action no="4" player="gherrison97" type="2" discard="1" dealt="1" sum="60"/>
</round>
<round no="1"><cards type="Pocket" player="M1ky3ste92">C5 H8</cards>
<cards type="Pocket" player="gherrison97">X X</cards>
<action no="5" player="M1ky3ste92" type="3" sum="30"/>
<action no="6" player="gherrison97" type="4" discard="1" dealt="1" sum="0"/>
</round>
<round no="2"><cards type="Flop">S4 S10 C9</cards>
<action no="7" player="gherrison97" type="4" discard="1" dealt="1" sum="0"/>
<action no="8" player="M1ky3ste92" type="4" sum="0"/>
</round>
<round no="3"><cards type="Turn">S9</cards>
<action no="9" player="gherrison97" type="4" discard="1" dealt="1" sum="0"/>
<action no="10" player="M1ky3ste92" type="4" sum="0"/>
</round>
<round no="4"><cards type="River">C10</cards>
<action no="11" player="gherrison97" type="5" discard="1" dealt="1" sum="60"/>
<action no="12" player="M1ky3ste92" type="0" sum="0"/>
</round>
</game>
<game gamecode="6542364063"><general><startdate>2025-11-27 11:41:34</startdate>
<round>1</round>
<failsafecounter/>
<players><player seat="6" name="M1ky3ste92" chips="672" dealer="0" win="0" bet="168" muck="1" rebuy="0" addon="0" merge="0" rebuychips="0" reg_code="5075931662"/>
<player seat="10" name="gherrison97" chips="828" dealer="1" win="336" bet="328" muck="1" rebuy="0" addon="0" merge="0" rebuychips="0" reg_code="5075932501"/>
</players>
</general>
<round no="0"><action no="1" player="gherrison97" type="15" discard="1" dealt="1" sum="8"/>
<action no="2" player="M1ky3ste92" type="15" sum="8"/>
<action no="3" player="gherrison97" type="1" discard="1" dealt="1" sum="40"/>
<action no="4" player="M1ky3ste92" type="2" sum="80"/>
</round>
<round no="1"><cards type="Pocket" player="gherrison97">X X</cards>
<cards type="Pocket" player="M1ky3ste92">C4 C5</cards>
<action no="5" player="gherrison97" type="3" discard="1" dealt="1" sum="40"/>
<action no="6" player="M1ky3ste92" type="4" sum="0"/>
</round>
<round no="2"><cards type="Flop">S9 C7 C10</cards>
<action no="7" player="M1ky3ste92" type="4" sum="0"/>
<action no="8" player="gherrison97" type="5" discard="1" dealt="1" sum="80"/>
<action no="9" player="M1ky3ste92" type="3" sum="80"/>
</round>
<round no="3"><cards type="Turn">H10</cards>
<action no="10" player="M1ky3ste92" type="4" sum="0"/>
<action no="11" player="gherrison97" type="5" discard="1" dealt="1" sum="160"/>
<action no="12" player="M1ky3ste92" type="0" sum="0"/>
</round>
</game>
<game gamecode="6542364116"><general><startdate>2025-11-27 11:42:12</startdate>
<round>1</round>
<failsafecounter/>
<players><player seat="10" name="gherrison97" chips="996" dealer="0" win="176" bet="328" muck="1" rebuy="0" addon="0" merge="0" rebuychips="0" reg_code="5075932501"/>
<player seat="6" name="M1ky3ste92" chips="504" dealer="1" win="0" bet="88" muck="1" rebuy="0" addon="0" merge="0" rebuychips="0" reg_code="5075931662"/>
</players>
</general>
<round no="0"><action no="1" player="M1ky3ste92" type="15" sum="8"/>
<action no="2" player="gherrison97" type="15" discard="1" dealt="1" sum="8"/>
<action no="3" player="M1ky3ste92" type="1" sum="40"/>
<action no="4" player="gherrison97" type="2" discard="1" dealt="1" sum="80"/>
</round>
<round no="1"><cards type="Pocket" player="gherrison97">X X</cards>
<cards type="Pocket" player="M1ky3ste92">D6 C9</cards>
<action no="5" player="M1ky3ste92" type="3" sum="40"/>
<action no="6" player="gherrison97" type="23" discard="1" dealt="1" sum="320"/>
<action no="7" player="M1ky3ste92" type="0" sum="0"/>
</round>
</game>
<game gamecode="6542364130"><general><startdate>2025-11-27 11:42:22</startdate>
<round>1</round>
<failsafecounter/>
<players><player seat="6" name="M1ky3ste92" chips="416" dealer="0" win="96" bet="88" muck="1" rebuy="0" addon="0" merge="0" rebuychips="0" reg_code="5075931662"/>
<player seat="10" name="gherrison97" chips="1,084" dealer="1" win="0" bet="48" muck="1" rebuy="0" addon="0" merge="0" rebuychips="0" reg_code="5075932501"/>
</players>
</general>
<round no="0"><action no="1" player="gherrison97" type="15" discard="1" dealt="1" sum="8"/>
<action no="2" player="M1ky3ste92" type="15" sum="8"/>
<action no="3" player="gherrison97" type="1" discard="1" dealt="1" sum="40"/>
<action no="4" player="M1ky3ste92" type="2" sum="80"/>
</round>
<round no="1"><cards type="Pocket" player="gherrison97">X X</cards>
<cards type="Pocket" player="M1ky3ste92">SQ S9</cards>
<action no="5" player="gherrison97" type="0" discard="1" dealt="1" sum="0"/>
</round>
</game>
<game gamecode="6542364138"><general><startdate>2025-11-27 11:42:27</startdate>
<round>1</round>
<failsafecounter/>
<players><player seat="10" name="gherrison97" chips="1,036" dealer="0" win="96" bet="88" muck="1" rebuy="0" addon="0" merge="0" rebuychips="0" reg_code="5075932501"/>
<player seat="6" name="M1ky3ste92" chips="464" dealer="1" win="0" bet="48" muck="1" rebuy="0" addon="0" merge="0" rebuychips="0" reg_code="5075931662"/>
</players>
</general>
<round no="0"><action no="1" player="M1ky3ste92" type="15" sum="8"/>
<action no="2" player="gherrison97" type="15" discard="1" dealt="1" sum="8"/>
<action no="3" player="M1ky3ste92" type="1" sum="40"/>
<action no="4" player="gherrison97" type="2" discard="1" dealt="1" sum="80"/>
</round>
<round no="1"><cards type="Pocket" player="gherrison97">X X</cards>
<cards type="Pocket" player="M1ky3ste92">D9 S2</cards>
<action no="5" player="M1ky3ste92" type="0" sum="0"/>
</round>
</game>
<game gamecode="6542364150"><general><startdate>2025-11-27 11:42:33</startdate>
<round>1</round>
<failsafecounter/>
<players><player seat="6" name="M1ky3ste92" chips="416" dealer="0" win="176" bet="416" muck="1" rebuy="0" addon="0" merge="0" rebuychips="0" reg_code="5075931662"/>
<player seat="10" name="gherrison97" chips="1,084" dealer="1" win="0" bet="88" muck="1" rebuy="0" addon="0" merge="0" rebuychips="0" reg_code="5075932501"/>
</players>
</general>
<round no="0"><action no="1" player="gherrison97" type="15" discard="1" dealt="1" sum="8"/>
<action no="2" player="M1ky3ste92" type="15" sum="8"/>
<action no="3" player="gherrison97" type="1" discard="1" dealt="1" sum="40"/>
<action no="4" player="M1ky3ste92" type="2" sum="80"/>
</round>
<round no="1"><cards type="Pocket" player="gherrison97">X X</cards>
<cards type="Pocket" player="M1ky3ste92">D10 HK</cards>
<action no="5" player="gherrison97" type="3" discard="1" dealt="1" sum="40"/>
<action no="6" player="M1ky3ste92" type="23" sum="408"/>
<action no="7" player="gherrison97" type="0" discard="1" dealt="1" sum="0"/>
</round>
</game>
<game gamecode="6542364159"><general><startdate>2025-11-27 11:42:42</startdate>
<round>1</round>
<failsafecounter/>
<players><player seat="10" name="gherrison97" chips="996" dealer="0" win="0" bet="168" muck="1" rebuy="0" addon="0" merge="0" rebuychips="0" reg_code="5075932501"/>
<player seat="6" name="M1ky3ste92" chips="504" dealer="1" win="336" bet="288" muck="1" rebuy="0" addon="0" merge="0" rebuychips="0" reg_code="5075931662"/>
</players>
</general>
<round no="0"><action no="1" player="M1ky3ste92" type="15" sum="8"/>
<action no="2" player="gherrison97" type="15" discard="1" dealt="1" sum="8"/>
<action no="3" player="M1ky3ste92" type="1" sum="40"/>
<action no="4" player="gherrison97" type="2" discard="1" dealt="1" sum="80"/>
</round>
<round no="1"><cards type="Pocket" player="gherrison97">X X</cards>
<cards type="Pocket" player="M1ky3ste92">D6 HJ</cards>
<action no="5" player="M1ky3ste92" type="3" sum="40"/>
<action no="6" player="gherrison97" type="4" discard="1" dealt="1" sum="0"/>
</round>
<round no="2"><cards type="Flop">H6 S6 S3</cards>
<action no="7" player="gherrison97" type="4" discard="1" dealt="1" sum="0"/>
<action no="8" player="M1ky3ste92" type="4" sum="0"/>
</round>
<round no="3"><cards type="Turn">C8</cards>
<action no="9" player="gherrison97" type="5" discard="1" dealt="1" sum="80"/>
<action no="10" player="M1ky3ste92" type="23" sum="200"/>
<action no="11" player="gherrison97" type="0" discard="1" dealt="1" sum="0"/>
</round>
</game>
<game gamecode="6542364197"><general><startdate>2025-11-27 11:43:05</startdate>
<round>1</round>
<failsafecounter/>
<players><player seat="6" name="M1ky3ste92" chips="672" dealer="0" win="420" bet="210" muck="0" rebuy="0" addon="0" merge="0" rebuychips="0" reg_code="5075931662"/>
<player seat="10" name="gherrison97" chips="828" dealer="1" win="0" bet="210" muck="1" rebuy="0" addon="0" merge="0" rebuychips="0" reg_code="5075932501"/>
</players>
</general>
<round no="0"><action no="1" player="gherrison97" type="15" discard="1" dealt="1" sum="10"/>
<action no="2" player="M1ky3ste92" type="15" sum="10"/>
<action no="3" player="gherrison97" type="1" discard="1" dealt="1" sum="50"/>
<action no="4" player="M1ky3ste92" type="2" sum="100"/>
</round>
<round no="1"><cards type="Pocket" player="M1ky3ste92">CQ D5</cards>
<cards type="Pocket" player="gherrison97">S4 S6</cards>
<action no="5" player="gherrison97" type="3" discard="1" dealt="1" sum="50"/>
<action no="6" player="M1ky3ste92" type="4" sum="0"/>
</round>
<round no="2"><cards type="Flop">H7 D7 HQ</cards>
<action no="7" player="M1ky3ste92" type="4" sum="0"/>
<action no="8" player="gherrison97" type="4" discard="1" dealt="1" sum="0"/>
</round>
<round no="3"><cards type="Turn">CA</cards>
<action no="9" player="M1ky3ste92" type="4" sum="0"/>
<action no="10" player="gherrison97" type="5" discard="1" dealt="1" sum="100"/>
<action no="11" player="M1ky3ste92" type="3" sum="100"/>
</round>
<round no="4"><cards type="River">DQ</cards>
<action no="12" player="M1ky3ste92" type="4" sum="0"/>
<action no="13" player="gherrison97" type="4" discard="1" dealt="1" sum="0"/>
</round>
</game>
<game gamecode="6542364238"><general><startdate>2025-11-27 11:43:37</startdate>
<round>1</round>
<failsafecounter/>
<players><player seat="10" name="gherrison97" chips="618" dealer="0" win="1,236" bet="618" muck="0" rebuy="0" addon="0" merge="0" rebuychips="0" reg_code="5075932501"/>
<player seat="6" name="M1ky3ste92" chips="882" dealer="1" win="0" bet="882" muck="1" rebuy="0" addon="0" merge="0" rebuychips="0" reg_code="5075931662"/>
</players>
</general>
<round no="0"><action no="1" player="M1ky3ste92" type="15" sum="10"/>
<action no="2" player="gherrison97" type="15" discard="1" dealt="1" sum="10"/>
<action no="3" player="M1ky3ste92" type="1" sum="50"/>
<action no="4" player="gherrison97" type="2" discard="1" dealt="1" sum="100"/>
</round>
<round no="1"><cards type="Pocket" player="M1ky3ste92">S5 CA</cards>
<cards type="Pocket" player="gherrison97">D8 H8</cards>
<action no="5" player="M1ky3ste92" type="23" sum="872"/>
<action no="6" player="gherrison97" type="7" discard="1" dealt="1" sum="508"/>
</round>
<round no="2"><cards type="Flop">S6 DJ H3</cards>
</round>
<round no="3"><cards type="Turn">D2</cards>
</round>
<round no="4"><cards type="River">D5</cards>
</round>
</game>
<game gamecode="6542367742"><general><startdate>2025-11-27 11:43:52</startdate>
<round>1</round>
<failsafecounter/>
<players><player seat="6" name="M1ky3ste92" chips="264" dealer="0" win="0" bet="264" muck="0" rebuy="0" addon="0" merge="0" rebuychips="0" reg_code="5075931662"/>
<player seat="10" name="gherrison97" chips="1,236" dealer="1" win="528" bet="310" muck="0" rebuy="0" addon="0" merge="0" rebuychips="0" reg_code="5075932501"/>
</players>
</general>
<round no="0"><action no="1" player="gherrison97" type="15" discard="1" dealt="1" sum="10"/>
<action no="2" player="M1ky3ste92" type="15" sum="10"/>
<action no="3" player="gherrison97" type="1" discard="1" dealt="1" sum="50"/>
<action no="4" player="M1ky3ste92" type="2" sum="100"/>
</round>
<round no="1"><cards type="Pocket" player="M1ky3ste92">S4 D6</cards>
<cards type="Pocket" player="gherrison97">CJ C5</cards>
<action no="5" player="gherrison97" type="23" discard="1" dealt="1" sum="300"/>
<action no="6" player="M1ky3ste92" type="7" sum="154"/>
</round>
<round no="2"><cards type="Flop">SJ HA CK</cards>
</round>
<round no="3"><cards type="Turn">C9</cards>
</round>
<round no="4"><cards type="River">HJ</cards>
</round>
</game>
</session>
