<?xml version="1.0" encoding="UTF-8"?>
<session sessioncode="5075999709">
<general>
<client_version>25.7.1.34</client_version>
<mode>real</mode>
<gametype>Holdem NL</gametype>
<tablename>Twister €100 SNG, 822552562</tablename>
<tournamentcode>822552561</tournamentcode>
<tournamentname>Twister €100 SNG</tournamentname>
<buyin>€0 + €7 + €93</buyin>
<totalbuyin>€100</totalbuyin>
<rewarddrawn>€200</rewarddrawn>
<tournamentcurrency>EUR</tournamentcurrency>
<currency>EUR</currency>
<nickname>M1ky3ste92</nickname>
<gamecount>5</gamecount>
<startdate>2025-11-27 17:16:16</startdate>
<place>3</place>
<win>€0</win>
<tablesize>3</tablesize>
</general>
<game gamecode="6542583859"><general><startdate>2025-11-27 17:16:31</startdate>
<round>1</round>
<failsafecounter/>
<players><player seat="6" name="M1ky3ste92" chips="500" dealer="0" win="0" bet="60" muck="1" rebuy="0" addon="0" merge="0" rebuychips="0" reg_code="5075999709"/>
<player seat="10" name="joker898989" chips="500" dealer="1" win="0" bet="0" muck="1" rebuy="0" addon="0" merge="0" rebuychips="0" reg_code="5076000130"/>
<player seat="3" name="ilCapo6" chips="500" dealer="0" win="120" bet="90" muck="1" rebuy="0" addon="0" merge="0" rebuychips="0" reg_code="5075999050"/>
</players>
</general>
<round no="0"><action no="1" player="ilCapo6" type="1" discard="1" dealt="1" sum="10"/>
<action no="2" player="M1ky3ste92" type="2" sum="20"/>
</round>
<round no="1"><cards type="Pocket" player="joker898989">X X</cards>
<cards type="Pocket" player="M1ky3ste92">DJ HK</cards>
<cards type="Pocket" player="ilCapo6">X X</cards>
<action no="3" player="joker898989" type="0" discard="1" dealt="1" sum="0"/>
<action no="4" player="ilCapo6" type="23" discard="1" dealt="1" sum="60"/>
<action no="5" player="M1ky3ste92" type="3" sum="40"/>
</round>
<round no="2"><cards type="Flop">S7 H9 S6</cards>
<action no="6" player="ilCapo6" type="4" discard="1" dealt="1" sum="0"/>
<action no="7" player="M1ky3ste92" type="4" sum="0"/>
</round>
<round no="3"><cards type="Turn">C6</cards>
<action no="8" player="ilCapo6" type="5" discard="1" dealt="1" sum="30"/>
<action no="9" player="M1ky3ste92" type="0" sum="0"/>
</round>
</game>
<game gamecode="6542583966"><general><startdate>2025-11-27 17:17:17</startdate>
<round>1</round>
<failsafecounter/>
<players><player seat="10" name="joker898989" chips="500" dealer="0" win="80" bet="100" muck="1" rebuy="0" addon="0" merge="0" rebuychips="0" reg_code="5076000130"/>
<player seat="3" name="ilCapo6" chips="560" dealer="1" win="0" bet="0" muck="1" rebuy="0" addon="0" merge="0" rebuychips="0" reg_code="5075999050"/>
<player seat="6" name="M1ky3ste92" chips="440" dealer="0" win="0" bet="40" muck="1" rebuy="0" addon="0" merge="0" rebuychips="0" reg_code="5075999709"/>
</players>
</general>
<round no="0"><action no="1" player="M1ky3ste92" type="1" sum="10"/>
<action no="2" player="joker898989" type="2" discard="1" dealt="1" sum="20"/>
</round>
<round no="1"><cards type="Pocket" player="joker898989">X X</cards>
<cards type="Pocket" player="ilCapo6">X X</cards>
<cards type="Pocket" player="M1ky3ste92">CK S6</cards>
<action no="3" player="ilCapo6" type="0" discard="1" dealt="1" sum="0"/>
<action no="4" player="M1ky3ste92" type="23" sum="40"/>
<action no="5" player="joker898989" type="23" discard="1" dealt="1" sum="100"/>
<action no="6" player="M1ky3ste92" type="0" sum="0"/>
</round>
</game>
<game gamecode="6542584040"><general><startdate>2025-11-27 17:17:46</startdate>
<round>1</round>
<failsafecounter/>
<players><player seat="3" name="ilCapo6" chips="560" dealer="0" win="0" bet="20" muck="1" rebuy="0" addon="0" merge="0" rebuychips="0" reg_code="5075999050"/>
<player seat="6" name="M1ky3ste92" chips="400" dealer="1" win="0" bet="40" muck="1" rebuy="0" addon="0" merge="0" rebuychips="0" reg_code="5075999709"/>
<player seat="10" name="joker898989" chips="540" dealer="0" win="100" bet="120" muck="1" rebuy="0" addon="0" merge="0" rebuychips="0" reg_code="5076000130"/>
</players>
</general>
<round no="0"><action no="1" player="joker898989" type="1" discard="1" dealt="1" sum="10"/>
<action no="2" player="ilCapo6" type="2" discard="1" dealt="1" sum="20"/>
</round>
<round no="1"><cards type="Pocket" player="ilCapo6">X X</cards>
<cards type="Pocket" player="joker898989">X X</cards>
<cards type="Pocket" player="M1ky3ste92">SA H6</cards>
<action no="3" player="M1ky3ste92" type="23" sum="40"/>
<action no="4" player="joker898989" type="3" discard="1" dealt="1" sum="30"/>
<action no="5" player="ilCapo6" type="0" discard="1" dealt="1" sum="0"/>
</round>
<round no="2"><cards type="Flop">D10 SK C9</cards>
<action no="6" player="joker898989" type="5" discard="1" dealt="1" sum="80"/>
<action no="7" player="M1ky3ste92" type="0" sum="0"/>
</round>
</game>
<game gamecode="6542584082"><general><startdate>2025-11-27 17:18:03</startdate>
<round>1</round>
<failsafecounter/>
<players><player seat="6" name="M1ky3ste92" chips="360" dealer="0" win="0" bet="20" muck="1" rebuy="0" addon="0" merge="0" rebuychips="0" reg_code="5075999709"/>
<player seat="10" name="joker898989" chips="600" dealer="1" win="50" bet="100" muck="1" rebuy="0" addon="0" merge="0" rebuychips="0" reg_code="5076000130"/>
<player seat="3" name="ilCapo6" chips="540" dealer="0" win="0" bet="10" muck="1" rebuy="0" addon="0" merge="0" rebuychips="0" reg_code="5075999050"/>
</players>
</general>
<round no="0"><action no="1" player="ilCapo6" type="1" discard="1" dealt="1" sum="10"/>
<action no="2" player="M1ky3ste92" type="2" sum="20"/>
</round>
<round no="1"><cards type="Pocket" player="joker898989">X X</cards>
<cards type="Pocket" player="ilCapo6">X X</cards>
<cards type="Pocket" player="M1ky3ste92">CQ DJ</cards>
<action no="3" player="joker898989" type="23" discard="1" dealt="1" sum="100"/>
<action no="4" player="ilCapo6" type="0" discard="1" dealt="1" sum="0"/>
<action no="5" player="M1ky3ste92" type="0" sum="0"/>
</round>
</game>
<game gamecode="6542584118"><general><startdate>2025-11-27 17:18:17</startdate>
<round>1</round>
<failsafecounter/>
<players><player seat="10" name="joker898989" chips="630" dealer="0" win="685" bet="340" muck="0" rebuy="0" addon="0" merge="0" rebuychips="0" reg_code="5076000130"/>
<player seat="3" name="ilCapo6" chips="530" dealer="1" win="0" bet="5" muck="1" rebuy="0" addon="0" merge="0" rebuychips="0" reg_code="5075999050"/>
<player seat="6" name="M1ky3ste92" chips="340" dealer="0" win="0" bet="340" muck="0" rebuy="0" addon="0" merge="0" rebuychips="0" reg_code="5075999709"/>
</players>
</general>
<round no="0"><action no="1" player="M1ky3ste92" type="15" sum="5"/>
<action no="2" player="joker898989" type="15" discard="1" dealt="1" sum="5"/>
<action no="3" player="ilCapo6" type="15" discard="1" dealt="1" sum="5"/>
<action no="4" player="M1ky3ste92" type="1" sum="15"/>
<action no="5" player="joker898989" type="2" discard="1" dealt="1" sum="30"/>
</round>
<round no="1"><cards type="Pocket" player="joker898989">SJ SQ</cards>
<cards type="Pocket" player="ilCapo6">X X</cards>
<cards type="Pocket" player="M1ky3ste92">SA HQ</cards>
<action no="6" player="ilCapo6" type="0" discard="1" dealt="1" sum="0"/>
<action no="7" player="M1ky3ste92" type="23" sum="335"/>
<action no="8" player="joker898989" type="3" discard="1" dealt="1" sum="305"/>
</round>
<round no="2"><cards type="Flop">D2 HJ S2</cards>
</round>
<round no="3"><cards type="Turn">C5</cards>
</round>
<round no="4"><cards type="River">CJ</cards>
</round>
</game>
</session>
