<?xml version="1.0" encoding="UTF-8"?>
<session sessioncode="5075721998">
<general>
<client_version>25.7.1.34</client_version>
<mode>real</mode>
<gametype>Holdem NL</gametype>
<tablename>Twister €100 SNG, 822479639</tablename>
<tournamentcode>822479638</tournamentcode>
<tournamentname>Twister €100 SNG</tournamentname>
<buyin>€0 + €7 + €93</buyin>
<totalbuyin>€100</totalbuyin>
<rewarddrawn>€200</rewarddrawn>
<tournamentcurrency>EUR</tournamentcurrency>
<currency>EUR</currency>
<nickname>M1ky3ste92</nickname>
<gamecount>21</gamecount>
<startdate>2025-11-26 15:17:38</startdate>
<place>3</place>
<win>€0</win>
<tablesize>3</tablesize>
</general>
<game gamecode="6541611241"><general><startdate>2025-11-26 15:17:54</startdate>
<round>1</round>
<failsafecounter/>
<players><player seat="10" name="gherrison97" chips="500" dealer="0" win="0" bet="20" muck="1" rebuy="0" addon="0" merge="0" rebuychips="0" reg_code="5075722010"/>
<player seat="3" name="Thechosenoonee" chips="500" dealer="1" win="50" bet="40" muck="1" rebuy="0" addon="0" merge="0" rebuychips="0" reg_code="5075721951"/>
<player seat="6" name="M1ky3ste92" chips="500" dealer="0" win="0" bet="10" muck="1" rebuy="0" addon="0" merge="0" rebuychips="0" reg_code="5075721998"/>
</players>
</general>
<round no="0"><action no="1" player="M1ky3ste92" type="1" sum="10"/>
<action no="2" player="gherrison97" type="2" discard="1" dealt="1" sum="20"/>
</round>
<round no="1"><cards type="Pocket" player="M1ky3ste92">S2 H7</cards>
<cards type="Pocket" player="Thechosenoonee">X X</cards>
<cards type="Pocket" player="gherrison97">X X</cards>
<action no="3" player="Thechosenoonee" type="23" discard="1" dealt="1" sum="40"/>
<action no="4" player="M1ky3ste92" type="0" sum="0"/>
<action no="5" player="gherrison97" type="0" discard="1" dealt="1" sum="0"/>
</round>
</game>
<game gamecode="6541611259"><general><startdate>2025-11-26 15:18:02</startdate>
<round>1</round>
<failsafecounter/>
<players><player seat="3" name="Thechosenoonee" chips="530" dealer="0" win="0" bet="20" muck="1" rebuy="0" addon="0" merge="0" rebuychips="0" reg_code="5075721951"/>
<player seat="6" name="M1ky3ste92" chips="490" dealer="1" win="0" bet="0" muck="1" rebuy="0" addon="0" merge="0" rebuychips="0" reg_code="5075721998"/>
<player seat="10" name="gherrison97" chips="480" dealer="0" win="40" bet="40" muck="1" rebuy="0" addon="0" merge="0" rebuychips="0" reg_code="5075722010"/>
</players>
</general>
<round no="0"><action no="1" player="gherrison97" type="1" discard="1" dealt="1" sum="10"/>
<action no="2" player="Thechosenoonee" type="2" discard="1" dealt="1" sum="20"/>
</round>
<round no="1"><cards type="Pocket" player="Thechosenoonee">X X</cards>
<cards type="Pocket" player="gherrison97">X X</cards>
<cards type="Pocket" player="M1ky3ste92">C6 S10</cards>
<action no="3" player="M1ky3ste92" type="0" sum="0"/>
<action no="4" player="gherrison97" type="3" discard="1" dealt="1" sum="10"/>
<action no="5" player="Thechosenoonee" type="4" discard="1" dealt="1" sum="0"/>
</round>
<round no="2"><cards type="Flop">CJ C5 H9</cards>
<action no="6" player="gherrison97" type="5" discard="1" dealt="1" sum="20"/>
<action no="7" player="Thechosenoonee" type="0" discard="1" dealt="1" sum="0"/>
</round>
</game>
<game gamecode="6541611294"><general><startdate>2025-11-26 15:18:14</startdate>
<round>1</round>
<failsafecounter/>
<players><player seat="6" name="M1ky3ste92" chips="490" dealer="0" win="270" bet="130" muck="0" rebuy="0" addon="0" merge="0" rebuychips="0" reg_code="5075721998"/>
<player seat="10" name="gherrison97" chips="500" dealer="1" win="0" bet="130" muck="1" rebuy="0" addon="0" merge="0" rebuychips="0" reg_code="5075722010"/>
<player seat="3" name="Thechosenoonee" chips="510" dealer="0" win="0" bet="10" muck="1" rebuy="0" addon="0" merge="0" rebuychips="0" reg_code="5075721951"/>
</players>
</general>
<round no="0"><action no="1" player="Thechosenoonee" type="1" discard="1" dealt="1" sum="10"/>
<action no="2" player="M1ky3ste92" type="2" sum="20"/>
</round>
<round no="1"><cards type="Pocket" player="Thechosenoonee">X X</cards>
<cards type="Pocket" player="M1ky3ste92">C7 D10</cards>
<cards type="Pocket" player="gherrison97">S5 SA</cards>
<action no="3" player="gherrison97" type="23" discard="1" dealt="1" sum="40"/>
<action no="4" player="Thechosenoonee" type="0" discard="1" dealt="1" sum="0"/>
<action no="5" player="M1ky3ste92" type="3" sum="20"/>
</round>
<round no="2"><cards type="Flop">H9 H10 CA</cards>
<action no="6" player="M1ky3ste92" type="4" sum="0"/>
<action no="7" player="gherrison97" type="5" discard="1" dealt="1" sum="40"/>
<action no="8" player="M1ky3ste92" type="3" sum="40"/>
</round>
<round no="3"><cards type="Turn">D7</cards>
<action no="9" player="M1ky3ste92" type="4" sum="0"/>
<action no="10" player="gherrison97" type="4" discard="1" dealt="1" sum="0"/>
</round>
<round no="4"><cards type="River">C10</cards>
<action no="11" player="M1ky3ste92" type="5" sum="50"/>
<action no="12" player="gherrison97" type="3" discard="1" dealt="1" sum="50"/>
</round>
</game>
<game gamecode="6541611377"><general><startdate>2025-11-26 15:18:49</startdate>
<round>1</round>
<failsafecounter/>
<players><player seat="10" name="gherrison97" chips="370" dealer="0" win="100" bet="90" muck="1" rebuy="0" addon="0" merge="0" rebuychips="0" reg_code="5075722010"/>
<player seat="3" name="Thechosenoonee" chips="500" dealer="1" win="0" bet="0" muck="1" rebuy="0" addon="0" merge="0" rebuychips="0" reg_code="5075721951"/>
<player seat="6" name="M1ky3ste92" chips="630" dealer="0" win="0" bet="50" muck="1" rebuy="0" addon="0" merge="0" rebuychips="0" reg_code="5075721998"/>
</players>
</general>
<round no="0"><action no="1" player="M1ky3ste92" type="1" sum="10"/>
<action no="2" player="gherrison97" type="2" discard="1" dealt="1" sum="20"/>
</round>
<round no="1"><cards type="Pocket" player="gherrison97">X X</cards>
<cards type="Pocket" player="Thechosenoonee">X X</cards>
<cards type="Pocket" player="M1ky3ste92">HK C9</cards>
<action no="3" player="Thechosenoonee" type="0" discard="1" dealt="1" sum="0"/>
<action no="4" player="M1ky3ste92" type="23" sum="50"/>
<action no="5" player="gherrison97" type="3" discard="1" dealt="1" sum="30"/>
</round>
<round no="2"><cards type="Flop">H7 C8 SJ</cards>
<action no="6" player="M1ky3ste92" type="4" sum="0"/>
<action no="7" player="gherrison97" type="4" discard="1" dealt="1" sum="0"/>
</round>
<round no="3"><cards type="Turn">H8</cards>
<action no="8" player="M1ky3ste92" type="4" sum="0"/>
<action no="9" player="gherrison97" type="5" discard="1" dealt="1" sum="40"/>
<action no="10" player="M1ky3ste92" type="0" sum="0"/>
</round>
</game>
<game gamecode="6541611484"><general><startdate>2025-11-26 15:19:31</startdate>
<round>1</round>
<failsafecounter/>
<players><player seat="3" name="Thechosenoonee" chips="500" dealer="0" win="20" bet="20" muck="1" rebuy="0" addon="0" merge="0" rebuychips="0" reg_code="5075721951"/>
<player seat="6" name="M1ky3ste92" chips="580" dealer="1" win="0" bet="0" muck="1" rebuy="0" addon="0" merge="0" rebuychips="0" reg_code="5075721998"/>
<player seat="10" name="gherrison97" chips="420" dealer="0" win="0" bet="10" muck="1" rebuy="0" addon="0" merge="0" rebuychips="0" reg_code="5075722010"/>
</players>
</general>
<round no="0"><action no="1" player="gherrison97" type="1" discard="1" dealt="1" sum="10"/>
<action no="2" player="Thechosenoonee" type="2" discard="1" dealt="1" sum="20"/>
</round>
<round no="1"><cards type="Pocket" player="M1ky3ste92">CK D2</cards>
<cards type="Pocket" player="gherrison97">X X</cards>
<cards type="Pocket" player="Thechosenoonee">X X</cards>
<action no="3" player="M1ky3ste92" type="0" sum="0"/>
<action no="4" player="gherrison97" type="0" discard="1" dealt="1" sum="0"/>
</round>
</game>
<game gamecode="6541611513"><general><startdate>2025-11-26 15:19:44</startdate>
<round>1</round>
<failsafecounter/>
<players><player seat="6" name="M1ky3ste92" chips="580" dealer="0" win="90" bet="580" muck="1" rebuy="0" addon="0" merge="0" rebuychips="0" reg_code="5075721998"/>
<player seat="10" name="gherrison97" chips="410" dealer="1" win="0" bet="35" muck="1" rebuy="0" addon="0" merge="0" rebuychips="0" reg_code="5075722010"/>
<player seat="3" name="Thechosenoonee" chips="510" dealer="0" win="0" bet="20" muck="1" rebuy="0" addon="0" merge="0" rebuychips="0" reg_code="5075721951"/>
</players>
</general>
<round no="0"><action no="1" player="Thechosenoonee" type="15" discard="1" dealt="1" sum="5"/>
<action no="2" player="M1ky3ste92" type="15" sum="5"/>
<action no="3" player="gherrison97" type="15" discard="1" dealt="1" sum="5"/>
<action no="4" player="Thechosenoonee" type="1" discard="1" dealt="1" sum="15"/>
<action no="5" player="M1ky3ste92" type="2" sum="30"/>
</round>
<round no="1"><cards type="Pocket" player="M1ky3ste92">S10 C10</cards>
<cards type="Pocket" player="gherrison97">X X</cards>
<cards type="Pocket" player="Thechosenoonee">X X</cards>
<action no="6" player="gherrison97" type="3" discard="1" dealt="1" sum="30"/>
<action no="7" player="Thechosenoonee" type="0" discard="1" dealt="1" sum="0"/>
<action no="8" player="M1ky3ste92" type="23" sum="575"/>
<action no="9" player="gherrison97" type="0" discard="1" dealt="1" sum="0"/>
</round>
</game>
<game gamecode="6541611561"><general><startdate>2025-11-26 15:20:03</startdate>
<round>1</round>
<failsafecounter/>
<players><player seat="10" name="gherrison97" chips="375" dealer="0" win="45" bet="35" muck="1" rebuy="0" addon="0" merge="0" rebuychips="0" reg_code="5075722010"/>
<player seat="3" name="Thechosenoonee" chips="490" dealer="1" win="0" bet="5" muck="1" rebuy="0" addon="0" merge="0" rebuychips="0" reg_code="5075721951"/>
<player seat="6" name="M1ky3ste92" chips="635" dealer="0" win="0" bet="20" muck="1" rebuy="0" addon="0" merge="0" rebuychips="0" reg_code="5075721998"/>
</players>
</general>
<round no="0"><action no="1" player="M1ky3ste92" type="15" sum="5"/>
<action no="2" player="gherrison97" type="15" discard="1" dealt="1" sum="5"/>
<action no="3" player="Thechosenoonee" type="15" discard="1" dealt="1" sum="5"/>
<action no="4" player="M1ky3ste92" type="1" sum="15"/>
<action no="5" player="gherrison97" type="2" discard="1" dealt="1" sum="30"/>
</round>
<round no="1"><cards type="Pocket" player="Thechosenoonee">X X</cards>
<cards type="Pocket" player="gherrison97">X X</cards>
<cards type="Pocket" player="M1ky3ste92">D4 C2</cards>
<action no="6" player="Thechosenoonee" type="0" discard="1" dealt="1" sum="0"/>
<action no="7" player="M1ky3ste92" type="0" sum="0"/>
</round>
</game>
<game gamecode="6541611615"><general><startdate>2025-11-26 15:20:23</startdate>
<round>1</round>
<failsafecounter/>
<players><player seat="3" name="Thechosenoonee" chips="485" dealer="0" win="0" bet="65" muck="1" rebuy="0" addon="0" merge="0" rebuychips="0" reg_code="5075721951"/>
<player seat="6" name="M1ky3ste92" chips="615" dealer="1" win="150" bet="114" muck="1" rebuy="0" addon="0" merge="0" rebuychips="0" reg_code="5075721998"/>
<player seat="10" name="gherrison97" chips="400" dealer="0" win="0" bet="20" muck="1" rebuy="0" addon="0" merge="0" rebuychips="0" reg_code="5075722010"/>
</players>
</general>
<round no="0"><action no="1" player="gherrison97" type="15" discard="1" dealt="1" sum="5"/>
<action no="2" player="Thechosenoonee" type="15" discard="1" dealt="1" sum="5"/>
<action no="3" player="M1ky3ste92" type="15" sum="5"/>
<action no="4" player="gherrison97" type="1" discard="1" dealt="1" sum="15"/>
<action no="5" player="Thechosenoonee" type="2" discard="1" dealt="1" sum="30"/>
</round>
<round no="1"><cards type="Pocket" player="gherrison97">X X</cards>
<cards type="Pocket" player="Thechosenoonee">X X</cards>
<cards type="Pocket" player="M1ky3ste92">H9 HQ</cards>
<action no="6" player="M1ky3ste92" type="23" sum="60"/>
<action no="7" player="gherrison97" type="0" discard="1" dealt="1" sum="0"/>
<action no="8" player="Thechosenoonee" type="3" discard="1" dealt="1" sum="30"/>
</round>
<round no="2"><cards type="Flop">D10 C2 S7</cards>
<action no="9" player="Thechosenoonee" type="4" discard="1" dealt="1" sum="0"/>
<action no="10" player="M1ky3ste92" type="5" sum="49"/>
<action no="11" player="Thechosenoonee" type="0" discard="1" dealt="1" sum="0"/>
</round>
</game>
<game gamecode="6541616232"><general><startdate>2025-11-26 15:20:46</startdate>
<round>1</round>
<failsafecounter/>
<players><player seat="6" name="M1ky3ste92" chips="700" dealer="0" win="45" bet="35" muck="1" rebuy="0" addon="0" merge="0" rebuychips="0" reg_code="5075721998"/>
<player seat="10" name="gherrison97" chips="380" dealer="1" win="0" bet="5" muck="1" rebuy="0" addon="0" merge="0" rebuychips="0" reg_code="5075722010"/>
<player seat="3" name="Thechosenoonee" chips="420" dealer="0" win="0" bet="20" muck="1" rebuy="0" addon="0" merge="0" rebuychips="0" reg_code="5075721951"/>
</players>
</general>
<round no="0"><action no="1" player="Thechosenoonee" type="15" discard="1" dealt="1" sum="5"/>
<action no="2" player="M1ky3ste92" type="15" sum="5"/>
<action no="3" player="gherrison97" type="15" discard="1" dealt="1" sum="5"/>
<action no="4" player="Thechosenoonee" type="1" discard="1" dealt="1" sum="15"/>
<action no="5" player="M1ky3ste92" type="2" sum="30"/>
</round>
<round no="1"><cards type="Pocket" player="M1ky3ste92">C5 H6</cards>
<cards type="Pocket" player="gherrison97">X X</cards>
<cards type="Pocket" player="Thechosenoonee">X X</cards>
<action no="6" player="gherrison97" type="0" discard="1" dealt="1" sum="0"/>
<action no="7" player="Thechosenoonee" type="0" discard="1" dealt="1" sum="0"/>
</round>
</game>
<game gamecode="6541616251"><general><startdate>2025-11-26 15:20:53</startdate>
<round>1</round>
<failsafecounter/>
<players><player seat="10" name="gherrison97" chips="375" dealer="0" win="0" bet="35" muck="1" rebuy="0" addon="0" merge="0" rebuychips="0" reg_code="5075722010"/>
<player seat="3" name="Thechosenoonee" chips="400" dealer="1" win="90" bet="400" muck="1" rebuy="0" addon="0" merge="0" rebuychips="0" reg_code="5075721951"/>
<player seat="6" name="M1ky3ste92" chips="725" dealer="0" win="0" bet="20" muck="1" rebuy="0" addon="0" merge="0" rebuychips="0" reg_code="5075721998"/>
</players>
</general>
<round no="0"><action no="1" player="M1ky3ste92" type="15" sum="5"/>
<action no="2" player="gherrison97" type="15" discard="1" dealt="1" sum="5"/>
<action no="3" player="Thechosenoonee" type="15" discard="1" dealt="1" sum="5"/>
<action no="4" player="M1ky3ste92" type="1" sum="15"/>
<action no="5" player="gherrison97" type="2" discard="1" dealt="1" sum="30"/>
</round>
<round no="1"><cards type="Pocket" player="gherrison97">X X</cards>
<cards type="Pocket" player="Thechosenoonee">X X</cards>
<cards type="Pocket" player="M1ky3ste92">CK SJ</cards>
<action no="6" player="Thechosenoonee" type="23" discard="1" dealt="1" sum="395"/>
<action no="7" player="M1ky3ste92" type="0" sum="0"/>
<action no="8" player="gherrison97" type="0" discard="1" dealt="1" sum="0"/>
</round>
</game>
<game gamecode="6541616305"><general><startdate>2025-11-26 15:21:11</startdate>
<round>1</round>
<failsafecounter/>
<players><player seat="3" name="Thechosenoonee" chips="455" dealer="0" win="0" bet="155" muck="0" rebuy="0" addon="0" merge="0" rebuychips="0" reg_code="5075721951"/>
<player seat="6" name="M1ky3ste92" chips="705" dealer="1" win="330" bet="155" muck="0" rebuy="0" addon="0" merge="0" rebuychips="0" reg_code="5075721998"/>
<player seat="10" name="gherrison97" chips="340" dealer="0" win="0" bet="20" muck="1" rebuy="0" addon="0" merge="0" rebuychips="0" reg_code="5075722010"/>
</players>
</general>
<round no="0"><action no="1" player="gherrison97" type="15" discard="1" dealt="1" sum="5"/>
<action no="2" player="Thechosenoonee" type="15" discard="1" dealt="1" sum="5"/>
<action no="3" player="M1ky3ste92" type="15" sum="5"/>
<action no="4" player="gherrison97" type="1" discard="1" dealt="1" sum="15"/>
<action no="5" player="Thechosenoonee" type="2" discard="1" dealt="1" sum="30"/>
</round>
<round no="1"><cards type="Pocket" player="Thechosenoonee">C7 SK</cards>
<cards type="Pocket" player="M1ky3ste92">D10 S10</cards>
<cards type="Pocket" player="gherrison97">X X</cards>
<action no="6" player="M1ky3ste92" type="23" sum="60"/>
<action no="7" player="gherrison97" type="0" discard="1" dealt="1" sum="0"/>
<action no="8" player="Thechosenoonee" type="3" discard="1" dealt="1" sum="30"/>
</round>
<round no="2"><cards type="Flop">C2 DJ H7</cards>
<action no="9" player="Thechosenoonee" type="4" discard="1" dealt="1" sum="0"/>
<action no="10" player="M1ky3ste92" type="4" sum="0"/>
</round>
<round no="3"><cards type="Turn">H5</cards>
<action no="11" player="Thechosenoonee" type="4" discard="1" dealt="1" sum="0"/>
<action no="12" player="M1ky3ste92" type="4" sum="0"/>
</round>
<round no="4"><cards type="River">S5</cards>
<action no="13" player="Thechosenoonee" type="5" discard="1" dealt="1" sum="90"/>
<action no="14" player="M1ky3ste92" type="3" sum="90"/>
</round>
</game>
<game gamecode="6541616361"><general><startdate>2025-11-26 15:21:35</startdate>
<round>1</round>
<failsafecounter/>
<players><player seat="6" name="M1ky3ste92" chips="880" dealer="0" win="0" bet="300" muck="1" rebuy="0" addon="0" merge="0" rebuychips="0" reg_code="5075721998"/>
<player seat="10" name="gherrison97" chips="320" dealer="1" win="0" bet="5" muck="1" rebuy="0" addon="0" merge="0" rebuychips="0" reg_code="5075722010"/>
<player seat="3" name="Thechosenoonee" chips="300" dealer="0" win="605" bet="300" muck="0" rebuy="0" addon="0" merge="0" rebuychips="0" reg_code="5075721951"/>
</players>
</general>
<round no="0"><action no="1" player="Thechosenoonee" type="15" discard="1" dealt="1" sum="5"/>
<action no="2" player="M1ky3ste92" type="15" sum="5"/>
<action no="3" player="gherrison97" type="15" discard="1" dealt="1" sum="5"/>
<action no="4" player="Thechosenoonee" type="1" discard="1" dealt="1" sum="20"/>
<action no="5" player="M1ky3ste92" type="2" sum="40"/>
</round>
<round no="1"><cards type="Pocket" player="Thechosenoonee">CJ D10</cards>
<cards type="Pocket" player="M1ky3ste92">HK C7</cards>
<cards type="Pocket" player="gherrison97">X X</cards>
<action no="6" player="gherrison97" type="0" discard="1" dealt="1" sum="0"/>
<action no="7" player="Thechosenoonee" type="23" discard="1" dealt="1" sum="295"/>
<action no="8" player="M1ky3ste92" type="3" sum="255"/>
</round>
<round no="2"><cards type="Flop">C10 S4 CA</cards>
</round>
<round no="3"><cards type="Turn">SQ</cards>
</round>
<round no="4"><cards type="River">D2</cards>
</round>
</game>
<game gamecode="6541616418"><general><startdate>2025-11-26 15:21:55</startdate>
<round>1</round>
<failsafecounter/>
<players><player seat="10" name="gherrison97" chips="315" dealer="0" win="55" bet="45" muck="1" rebuy="0" addon="0" merge="0" rebuychips="0" reg_code="5075722010"/>
<player seat="3" name="Thechosenoonee" chips="605" dealer="1" win="0" bet="5" muck="1" rebuy="0" addon="0" merge="0" rebuychips="0" reg_code="5075721951"/>
<player seat="6" name="M1ky3ste92" chips="580" dealer="0" win="0" bet="25" muck="1" rebuy="0" addon="0" merge="0" rebuychips="0" reg_code="5075721998"/>
</players>
</general>
<round no="0"><action no="1" player="M1ky3ste92" type="15" sum="5"/>
<action no="2" player="gherrison97" type="15" discard="1" dealt="1" sum="5"/>
<action no="3" player="Thechosenoonee" type="15" discard="1" dealt="1" sum="5"/>
<action no="4" player="M1ky3ste92" type="1" sum="20"/>
<action no="5" player="gherrison97" type="2" discard="1" dealt="1" sum="40"/>
</round>
<round no="1"><cards type="Pocket" player="Thechosenoonee">X X</cards>
<cards type="Pocket" player="gherrison97">X X</cards>
<cards type="Pocket" player="M1ky3ste92">D3 CQ</cards>
<action no="6" player="Thechosenoonee" type="0" discard="1" dealt="1" sum="0"/>
<action no="7" player="M1ky3ste92" type="0" sum="0"/>
</round>
</game>
<game gamecode="6541616456"><general><startdate>2025-11-26 15:22:08</startdate>
<round>1</round>
<failsafecounter/>
<players><player seat="3" name="Thechosenoonee" chips="600" dealer="0" win="0" bet="45" muck="1" rebuy="0" addon="0" merge="0" rebuychips="0" reg_code="5075721951"/>
<player seat="6" name="M1ky3ste92" chips="555" dealer="1" win="115" bet="555" muck="1" rebuy="0" addon="0" merge="0" rebuychips="0" reg_code="5075721998"/>
<player seat="10" name="gherrison97" chips="345" dealer="0" win="0" bet="25" muck="1" rebuy="0" addon="0" merge="0" rebuychips="0" reg_code="5075722010"/>
</players>
</general>
<round no="0"><action no="1" player="gherrison97" type="15" discard="1" dealt="1" sum="5"/>
<action no="2" player="Thechosenoonee" type="15" discard="1" dealt="1" sum="5"/>
<action no="3" player="M1ky3ste92" type="15" sum="5"/>
<action no="4" player="gherrison97" type="1" discard="1" dealt="1" sum="20"/>
<action no="5" player="Thechosenoonee" type="2" discard="1" dealt="1" sum="40"/>
</round>
<round no="1"><cards type="Pocket" player="gherrison97">X X</cards>
<cards type="Pocket" player="Thechosenoonee">X X</cards>
<cards type="Pocket" player="M1ky3ste92">C4 S4</cards>
<action no="6" player="M1ky3ste92" type="23" sum="550"/>
<action no="7" player="gherrison97" type="0" discard="1" dealt="1" sum="0"/>
<action no="8" player="Thechosenoonee" type="0" discard="1" dealt="1" sum="0"/>
</round>
</game>
<game gamecode="6541616482"><general><startdate>2025-11-26 15:22:17</startdate>
<round>1</round>
<failsafecounter/>
<players><player seat="6" name="M1ky3ste92" chips="625" dealer="0" win="0" bet="45" muck="1" rebuy="0" addon="0" merge="0" rebuychips="0" reg_code="5075721998"/>
<player seat="10" name="gherrison97" chips="320" dealer="1" win="115" bet="320" muck="1" rebuy="0" addon="0" merge="0" rebuychips="0" reg_code="5075722010"/>
<player seat="3" name="Thechosenoonee" chips="555" dealer="0" win="0" bet="25" muck="1" rebuy="0" addon="0" merge="0" rebuychips="0" reg_code="5075721951"/>
</players>
</general>
<round no="0"><action no="1" player="Thechosenoonee" type="15" discard="1" dealt="1" sum="5"/>
<action no="2" player="M1ky3ste92" type="15" sum="5"/>
<action no="3" player="gherrison97" type="15" discard="1" dealt="1" sum="5"/>
<action no="4" player="Thechosenoonee" type="1" discard="1" dealt="1" sum="20"/>
<action no="5" player="M1ky3ste92" type="2" sum="40"/>
</round>
<round no="1"><cards type="Pocket" player="gherrison97">X X</cards>
<cards type="Pocket" player="Thechosenoonee">X X</cards>
<cards type="Pocket" player="M1ky3ste92">C8 C9</cards>
<action no="6" player="gherrison97" type="23" discard="1" dealt="1" sum="315"/>
<action no="7" player="Thechosenoonee" type="0" discard="1" dealt="1" sum="0"/>
<action no="8" player="M1ky3ste92" type="0" sum="0"/>
</round>
</game>
<game gamecode="6541616521"><general><startdate>2025-11-26 15:22:34</startdate>
<round>1</round>
<failsafecounter/>
<players><player seat="10" name="gherrison97" chips="390" dealer="0" win="55" bet="45" muck="1" rebuy="0" addon="0" merge="0" rebuychips="0" reg_code="5075722010"/>
<player seat="3" name="Thechosenoonee" chips="530" dealer="1" win="0" bet="5" muck="1" rebuy="0" addon="0" merge="0" rebuychips="0" reg_code="5075721951"/>
<player seat="6" name="M1ky3ste92" chips="580" dealer="0" win="0" bet="25" muck="1" rebuy="0" addon="0" merge="0" rebuychips="0" reg_code="5075721998"/>
</players>
</general>
<round no="0"><action no="1" player="M1ky3ste92" type="15" sum="5"/>
<action no="2" player="gherrison97" type="15" discard="1" dealt="1" sum="5"/>
<action no="3" player="Thechosenoonee" type="15" discard="1" dealt="1" sum="5"/>
<action no="4" player="M1ky3ste92" type="1" sum="20"/>
<action no="5" player="gherrison97" type="2" discard="1" dealt="1" sum="40"/>
</round>
<round no="1"><cards type="Pocket" player="Thechosenoonee">X X</cards>
<cards type="Pocket" player="gherrison97">X X</cards>
<cards type="Pocket" player="M1ky3ste92">H2 C6</cards>
<action no="6" player="Thechosenoonee" type="0" discard="1" dealt="1" sum="0"/>
<action no="7" player="M1ky3ste92" type="0" sum="0"/>
</round>
</game>
<game gamecode="6541616547"><general><startdate>2025-11-26 15:22:44</startdate>
<round>1</round>
<failsafecounter/>
<players><player seat="3" name="Thechosenoonee" chips="525" dealer="0" win="95" bet="116" muck="1" rebuy="0" addon="0" merge="0" rebuychips="0" reg_code="5075721951"/>
<player seat="6" name="M1ky3ste92" chips="555" dealer="1" win="0" bet="5" muck="1" rebuy="0" addon="0" merge="0" rebuychips="0" reg_code="5075721998"/>
<player seat="10" name="gherrison97" chips="420" dealer="0" win="0" bet="45" muck="1" rebuy="0" addon="0" merge="0" rebuychips="0" reg_code="5075722010"/>
</players>
</general>
<round no="0"><action no="1" player="gherrison97" type="15" discard="1" dealt="1" sum="5"/>
<action no="2" player="Thechosenoonee" type="15" discard="1" dealt="1" sum="5"/>
<action no="3" player="M1ky3ste92" type="15" sum="5"/>
<action no="4" player="gherrison97" type="1" discard="1" dealt="1" sum="20"/>
<action no="5" player="Thechosenoonee" type="2" discard="1" dealt="1" sum="40"/>
</round>
<round no="1"><cards type="Pocket" player="Thechosenoonee">X X</cards>
<cards type="Pocket" player="M1ky3ste92">D8 S5</cards>
<cards type="Pocket" player="gherrison97">X X</cards>
<action no="6" player="M1ky3ste92" type="0" sum="0"/>
<action no="7" player="gherrison97" type="3" discard="1" dealt="1" sum="20"/>
<action no="8" player="Thechosenoonee" type="4" discard="1" dealt="1" sum="0"/>
</round>
<round no="2"><cards type="Flop">H8 S4 S3</cards>
<action no="9" player="gherrison97" type="4" discard="1" dealt="1" sum="0"/>
<action no="10" player="Thechosenoonee" type="4" discard="1" dealt="1" sum="0"/>
</round>
<round no="3"><cards type="Turn">C5</cards>
<action no="11" player="gherrison97" type="4" discard="1" dealt="1" sum="0"/>
<action no="12" player="Thechosenoonee" type="5" discard="1" dealt="1" sum="71"/>
<action no="13" player="gherrison97" type="0" discard="1" dealt="1" sum="0"/>
</round>
</game>
<game gamecode="6541616646"><general><startdate>2025-11-26 15:23:20</startdate>
<round>1</round>
<failsafecounter/>
<players><player seat="6" name="M1ky3ste92" chips="550" dealer="0" win="75" bet="65" muck="1" rebuy="0" addon="0" merge="0" rebuychips="0" reg_code="5075721998"/>
<player seat="10" name="gherrison97" chips="375" dealer="1" win="0" bet="5" muck="1" rebuy="0" addon="0" merge="0" rebuychips="0" reg_code="5075722010"/>
<player seat="3" name="Thechosenoonee" chips="575" dealer="0" win="0" bet="35" muck="1" rebuy="0" addon="0" merge="0" rebuychips="0" reg_code="5075721951"/>
</players>
</general>
<round no="0"><action no="1" player="Thechosenoonee" type="15" discard="1" dealt="1" sum="5"/>
<action no="2" player="M1ky3ste92" type="15" sum="5"/>
<action no="3" player="gherrison97" type="15" discard="1" dealt="1" sum="5"/>
<action no="4" player="Thechosenoonee" type="1" discard="1" dealt="1" sum="30"/>
<action no="5" player="M1ky3ste92" type="2" sum="60"/>
</round>
<round no="1"><cards type="Pocket" player="gherrison97">X X</cards>
<cards type="Pocket" player="Thechosenoonee">X X</cards>
<cards type="Pocket" player="M1ky3ste92">S5 H4</cards>
<action no="6" player="gherrison97" type="0" discard="1" dealt="1" sum="0"/>
<action no="7" player="Thechosenoonee" type="0" discard="1" dealt="1" sum="0"/>
</round>
</game>
<game gamecode="6541616665"><general><startdate>2025-11-26 15:23:29</startdate>
<round>1</round>
<failsafecounter/>
<players><player seat="10" name="gherrison97" chips="370" dealer="0" win="0" bet="65" muck="1" rebuy="0" addon="0" merge="0" rebuychips="0" reg_code="5075722010"/>
<player seat="3" name="Thechosenoonee" chips="540" dealer="1" win="1,145" bet="540" muck="0" rebuy="0" addon="0" merge="0" rebuychips="0" reg_code="5075721951"/>
<player seat="6" name="M1ky3ste92" chips="590" dealer="0" win="0" bet="590" muck="1" rebuy="0" addon="0" merge="0" rebuychips="0" reg_code="5075721998"/>
</players>
</general>
<round no="0"><action no="1" player="M1ky3ste92" type="15" sum="5"/>
<action no="2" player="gherrison97" type="15" discard="1" dealt="1" sum="5"/>
<action no="3" player="Thechosenoonee" type="15" discard="1" dealt="1" sum="5"/>
<action no="4" player="M1ky3ste92" type="1" sum="30"/>
<action no="5" player="gherrison97" type="2" discard="1" dealt="1" sum="60"/>
</round>
<round no="1"><cards type="Pocket" player="Thechosenoonee">D9 S9</cards>
<cards type="Pocket" player="gherrison97">X X</cards>
<cards type="Pocket" player="M1ky3ste92">CA DQ</cards>
<action no="6" player="Thechosenoonee" type="23" discard="1" dealt="1" sum="535"/>
<action no="7" player="M1ky3ste92" type="7" sum="555"/>
<action no="8" player="gherrison97" type="0" discard="1" dealt="1" sum="0"/>
</round>
<round no="2"><cards type="Flop">H9 H3 D4</cards>
</round>
<round no="3"><cards type="Turn">C8</cards>
</round>
<round no="4"><cards type="River">HK</cards>
</round>
</game>
<game gamecode="6541616708"><general><startdate>2025-11-26 15:23:46</startdate>
<round>1</round>
<failsafecounter/>
<players><player seat="3" name="Thechosenoonee" chips="1,145" dealer="0" win="0" bet="305" muck="1" rebuy="0" addon="0" merge="0" rebuychips="0" reg_code="5075721951"/>
<player seat="6" name="M1ky3ste92" chips="50" dealer="1" win="150" bet="50" muck="0" rebuy="0" addon="0" merge="0" rebuychips="0" reg_code="5075721998"/>
<player seat="10" name="gherrison97" chips="305" dealer="0" win="510" bet="305" muck="0" rebuy="0" addon="0" merge="0" rebuychips="0" reg_code="5075722010"/>
</players>
</general>
<round no="0"><action no="1" player="gherrison97" type="15" discard="1" dealt="1" sum="5"/>
<action no="2" player="Thechosenoonee" type="15" discard="1" dealt="1" sum="5"/>
<action no="3" player="M1ky3ste92" type="15" sum="5"/>
<action no="4" player="gherrison97" type="1" discard="1" dealt="1" sum="30"/>
<action no="5" player="Thechosenoonee" type="2" discard="1" dealt="1" sum="60"/>
</round>
<round no="1"><cards type="Pocket" player="Thechosenoonee">DA D8</cards>
<cards type="Pocket" player="M1ky3ste92">H9 SJ</cards>
<cards type="Pocket" player="gherrison97">D9 S9</cards>
<action no="6" player="M1ky3ste92" type="7" sum="45"/>
<action no="7" player="gherrison97" type="23" discard="1" dealt="1" sum="300"/>
<action no="8" player="Thechosenoonee" type="3" discard="1" dealt="1" sum="240"/>
</round>
<round no="2"><cards type="Flop">S8 D7 C2</cards>
</round>
<round no="3"><cards type="Turn">H10</cards>
</round>
<round no="4"><cards type="River">S5</cards>
</round>
</game>
<game gamecode="6541616752"><general><startdate>2025-11-26 15:24:04</startdate>
<round>1</round>
<failsafecounter/>
<players><player seat="6" name="M1ky3ste92" chips="150" dealer="0" win="0" bet="150" muck="1" rebuy="0" addon="0" merge="0" rebuychips="0" reg_code="5075721998"/>
<player seat="10" name="gherrison97" chips="510" dealer="1" win="0" bet="5" muck="1" rebuy="0" addon="0" merge="0" rebuychips="0" reg_code="5075722010"/>
<player seat="3" name="Thechosenoonee" chips="840" dealer="0" win="305" bet="840" muck="0" rebuy="0" addon="0" merge="0" rebuychips="0" reg_code="5075721951"/>
</players>
</general>
<round no="0"><action no="1" player="Thechosenoonee" type="15" discard="1" dealt="1" sum="5"/>
<action no="2" player="M1ky3ste92" type="15" sum="5"/>
<action no="3" player="gherrison97" type="15" discard="1" dealt="1" sum="5"/>
<action no="4" player="Thechosenoonee" type="1" discard="1" dealt="1" sum="30"/>
<action no="5" player="M1ky3ste92" type="2" sum="60"/>
</round>
<round no="1"><cards type="Pocket" player="M1ky3ste92">D4 C5</cards>
<cards type="Pocket" player="Thechosenoonee">SK H9</cards>
<cards type="Pocket" player="gherrison97">X X</cards>
<action no="6" player="gherrison97" type="0" discard="1" dealt="1" sum="0"/>
<action no="7" player="Thechosenoonee" type="23" discard="1" dealt="1" sum="835"/>
<action no="8" player="M1ky3ste92" type="7" sum="85"/>
</round>
<round no="2"><cards type="Flop">HA S10 C6</cards>
</round>
<round no="3"><cards type="Turn">CJ</cards>
</round>
<round no="4"><cards type="River">H3</cards>
</round>
</game>
</session>
