<?xml version="1.0" encoding="UTF-8"?>
<session sessioncode="5075930326">
<general>
<client_version>25.7.1.34</client_version>
<mode>real</mode>
<gametype>Holdem NL</gametype>
<tablename>Twister €100 SNG, 822534738</tablename>
<tournamentcode>822534737</tournamentcode>
<tournamentname>Twister €100 SNG</tournamentname>
<buyin>€0 + €7 + €93</buyin>
<totalbuyin>€100</totalbuyin>
<rewarddrawn>€200</rewarddrawn>
<tournamentcurrency>EUR</tournamentcurrency>
<currency>EUR</currency>
<nickname>M1ky3ste92</nickname>
<gamecount>25</gamecount>
<startdate>2025-11-27 11:21:14</startdate>
<place>2</place>
<win>€0</win>
<tablesize>3</tablesize>
</general>
<game gamecode="6542356399"><general><startdate>2025-11-27 11:21:29</startdate>
<round>1</round>
<failsafecounter/>
<players><player seat="3" name="deIduKA" chips="500" dealer="0" win="0" bet="50" muck="1" rebuy="0" addon="0" merge="0" rebuychips="0" reg_code="5075930168"/>
<player seat="6" name="M1ky3ste92" chips="500" dealer="1" win="0" bet="0" muck="1" rebuy="0" addon="0" merge="0" rebuychips="0" reg_code="5075930326"/>
<player seat="10" name="Focomelico52" chips="500" dealer="0" win="100" bet="78" muck="1" rebuy="0" addon="0" merge="0" rebuychips="0" reg_code="5075930486"/>
</players>
</general>
<round no="0"><action no="1" player="Focomelico52" type="1" discard="1" dealt="1" sum="10"/>
<action no="2" player="deIduKA" type="2" discard="1" dealt="1" sum="20"/>
</round>
<round no="1"><cards type="Pocket" player="deIduKA">X X</cards>
<cards type="Pocket" player="M1ky3ste92">S4 CK</cards>
<cards type="Pocket" player="Focomelico52">X X</cards>
<action no="3" player="M1ky3ste92" type="0" sum="0"/>
<action no="4" player="Focomelico52" type="23" discard="1" dealt="1" sum="50"/>
<action no="5" player="deIduKA" type="3" discard="1" dealt="1" sum="30"/>
</round>
<round no="2"><cards type="Flop">S9 D8 SK</cards>
<action no="6" player="Focomelico52" type="5" discard="1" dealt="1" sum="28"/>
<action no="7" player="deIduKA" type="0" discard="1" dealt="1" sum="0"/>
</round>
</game>
<game gamecode="6542356434"><general><startdate>2025-11-27 11:21:52</startdate>
<round>1</round>
<failsafecounter/>
<players><player seat="6" name="M1ky3ste92" chips="500" dealer="0" win="0" bet="20" muck="1" rebuy="0" addon="0" merge="0" rebuychips="0" reg_code="5075930326"/>
<player seat="10" name="Focomelico52" chips="550" dealer="1" win="0" bet="0" muck="1" rebuy="0" addon="0" merge="0" rebuychips="0" reg_code="5075930486"/>
<player seat="3" name="deIduKA" chips="450" dealer="0" win="40" bet="50" muck="1" rebuy="0" addon="0" merge="0" rebuychips="0" reg_code="5075930168"/>
</players>
</general>
<round no="0"><action no="1" player="deIduKA" type="1" discard="1" dealt="1" sum="10"/>
<action no="2" player="M1ky3ste92" type="2" sum="20"/>
</round>
<round no="1"><cards type="Pocket" player="deIduKA">X X</cards>
<cards type="Pocket" player="M1ky3ste92">C4 H9</cards>
<cards type="Pocket" player="Focomelico52">X X</cards>
<action no="3" player="Focomelico52" type="0" discard="1" dealt="1" sum="0"/>
<action no="4" player="deIduKA" type="23" discard="1" dealt="1" sum="50"/>
<action no="5" player="M1ky3ste92" type="0" sum="0"/>
</round>
</game>
<game gamecode="6542356455"><general><startdate>2025-11-27 11:22:12</startdate>
<round>1</round>
<failsafecounter/>
<players><player seat="10" name="Focomelico52" chips="550" dealer="0" win="20" bet="20" muck="1" rebuy="0" addon="0" merge="0" rebuychips="0" reg_code="5075930486"/>
<player seat="3" name="deIduKA" chips="470" dealer="1" win="0" bet="0" muck="1" rebuy="0" addon="0" merge="0" rebuychips="0" reg_code="5075930168"/>
<player seat="6" name="M1ky3ste92" chips="480" dealer="0" win="0" bet="10" muck="1" rebuy="0" addon="0" merge="0" rebuychips="0" reg_code="5075930326"/>
</players>
</general>
<round no="0"><action no="1" player="M1ky3ste92" type="1" sum="10"/>
<action no="2" player="Focomelico52" type="2" discard="1" dealt="1" sum="20"/>
</round>
<round no="1"><cards type="Pocket" player="deIduKA">X X</cards>
<cards type="Pocket" player="Focomelico52">X X</cards>
<cards type="Pocket" player="M1ky3ste92">S2 C7</cards>
<action no="3" player="deIduKA" type="0" discard="1" dealt="1" sum="0"/>
<action no="4" player="M1ky3ste92" type="0" sum="0"/>
</round>
</game>
<game gamecode="6542356473"><general><startdate>2025-11-27 11:22:22</startdate>
<round>1</round>
<failsafecounter/>
<players><player seat="3" name="deIduKA" chips="470" dealer="0" win="20" bet="20" muck="1" rebuy="0" addon="0" merge="0" rebuychips="0" reg_code="5075930168"/>
<player seat="6" name="M1ky3ste92" chips="470" dealer="1" win="0" bet="0" muck="1" rebuy="0" addon="0" merge="0" rebuychips="0" reg_code="5075930326"/>
<player seat="10" name="Focomelico52" chips="560" dealer="0" win="0" bet="10" muck="1" rebuy="0" addon="0" merge="0" rebuychips="0" reg_code="5075930486"/>
</players>
</general>
<round no="0"><action no="1" player="Focomelico52" type="1" discard="1" dealt="1" sum="10"/>
<action no="2" player="deIduKA" type="2" discard="1" dealt="1" sum="20"/>
</round>
<round no="1"><cards type="Pocket" player="deIduKA">X X</cards>
<cards type="Pocket" player="M1ky3ste92">SQ D6</cards>
<cards type="Pocket" player="Focomelico52">X X</cards>
<action no="3" player="M1ky3ste92" type="0" sum="0"/>
<action no="4" player="Focomelico52" type="0" discard="1" dealt="1" sum="0"/>
</round>
</game>
<game gamecode="6542356483"><general><startdate>2025-11-27 11:22:31</startdate>
<round>1</round>
<failsafecounter/>
<players><player seat="6" name="M1ky3ste92" chips="470" dealer="0" win="20" bet="20" muck="1" rebuy="0" addon="0" merge="0" rebuychips="0" reg_code="5075930326"/>
<player seat="10" name="Focomelico52" chips="550" dealer="1" win="0" bet="0" muck="1" rebuy="0" addon="0" merge="0" rebuychips="0" reg_code="5075930486"/>
<player seat="3" name="deIduKA" chips="480" dealer="0" win="0" bet="10" muck="1" rebuy="0" addon="0" merge="0" rebuychips="0" reg_code="5075930168"/>
</players>
</general>
<round no="0"><action no="1" player="deIduKA" type="1" discard="1" dealt="1" sum="10"/>
<action no="2" player="M1ky3ste92" type="2" sum="20"/>
</round>
<round no="1"><cards type="Pocket" player="M1ky3ste92">CK C3</cards>
<cards type="Pocket" player="Focomelico52">X X</cards>
<cards type="Pocket" player="deIduKA">X X</cards>
<action no="3" player="Focomelico52" type="0" discard="1" dealt="1" sum="0"/>
<action no="4" player="deIduKA" type="0" discard="1" dealt="1" sum="0"/>
</round>
</game>
<game gamecode="6542356500"><general><startdate>2025-11-27 11:22:43</startdate>
<round>1</round>
<failsafecounter/>
<players><player seat="10" name="Focomelico52" chips="550" dealer="0" win="0" bet="60" muck="1" rebuy="0" addon="0" merge="0" rebuychips="0" reg_code="5075930486"/>
<player seat="3" name="deIduKA" chips="470" dealer="1" win="0" bet="0" muck="1" rebuy="0" addon="0" merge="0" rebuychips="0" reg_code="5075930168"/>
<player seat="6" name="M1ky3ste92" chips="480" dealer="0" win="120" bet="60" muck="0" rebuy="0" addon="0" merge="0" rebuychips="0" reg_code="5075930326"/>
</players>
</general>
<round no="0"><action no="1" player="M1ky3ste92" type="1" sum="10"/>
<action no="2" player="Focomelico52" type="2" discard="1" dealt="1" sum="20"/>
</round>
<round no="1"><cards type="Pocket" player="M1ky3ste92">C7 HA</cards>
<cards type="Pocket" player="deIduKA">X X</cards>
<cards type="Pocket" player="Focomelico52">H7 CK</cards>
<action no="3" player="deIduKA" type="0" discard="1" dealt="1" sum="0"/>
<action no="4" player="M1ky3ste92" type="23" sum="40"/>
<action no="5" player="Focomelico52" type="3" discard="1" dealt="1" sum="20"/>
</round>
<round no="2"><cards type="Flop">H3 C3 CJ</cards>
<action no="6" player="M1ky3ste92" type="4" sum="0"/>
<action no="7" player="Focomelico52" type="4" discard="1" dealt="1" sum="0"/>
</round>
<round no="3"><cards type="Turn">SJ</cards>
<action no="8" player="M1ky3ste92" type="5" sum="20"/>
<action no="9" player="Focomelico52" type="3" discard="1" dealt="1" sum="20"/>
</round>
<round no="4"><cards type="River">SQ</cards>
<action no="10" player="M1ky3ste92" type="4" sum="0"/>
<action no="11" player="Focomelico52" type="4" discard="1" dealt="1" sum="0"/>
</round>
</game>
<game gamecode="6542356538"><general><startdate>2025-11-27 11:23:13</startdate>
<round>1</round>
<failsafecounter/>
<players><player seat="3" name="deIduKA" chips="470" dealer="0" win="960" bet="470" muck="0" rebuy="0" addon="0" merge="0" rebuychips="0" reg_code="5075930168"/>
<player seat="6" name="M1ky3ste92" chips="540" dealer="1" win="0" bet="470" muck="1" rebuy="0" addon="0" merge="0" rebuychips="0" reg_code="5075930326"/>
<player seat="10" name="Focomelico52" chips="490" dealer="0" win="0" bet="20" muck="1" rebuy="0" addon="0" merge="0" rebuychips="0" reg_code="5075930486"/>
</players>
</general>
<round no="0"><action no="1" player="Focomelico52" type="15" discard="1" dealt="1" sum="5"/>
<action no="2" player="deIduKA" type="15" discard="1" dealt="1" sum="5"/>
<action no="3" player="M1ky3ste92" type="15" sum="5"/>
<action no="4" player="Focomelico52" type="1" discard="1" dealt="1" sum="15"/>
<action no="5" player="deIduKA" type="2" discard="1" dealt="1" sum="30"/>
</round>
<round no="1"><cards type="Pocket" player="Focomelico52">X X</cards>
<cards type="Pocket" player="deIduKA">S10 SA</cards>
<cards type="Pocket" player="M1ky3ste92">DK DJ</cards>
<action no="6" player="M1ky3ste92" type="23" sum="60"/>
<action no="7" player="Focomelico52" type="0" discard="1" dealt="1" sum="0"/>
<action no="8" player="deIduKA" type="23" discard="1" dealt="1" sum="465"/>
<action no="9" player="M1ky3ste92" type="3" sum="405"/>
</round>
<round no="2"><cards type="Flop">H8 D4 H9</cards>
</round>
<round no="3"><cards type="Turn">S3</cards>
</round>
<round no="4"><cards type="River">C9</cards>
</round>
</game>
<game gamecode="6542356581"><general><startdate>2025-11-27 11:23:44</startdate>
<round>1</round>
<failsafecounter/>
<players><player seat="6" name="M1ky3ste92" chips="70" dealer="0" win="160" bet="70" muck="0" rebuy="0" addon="0" merge="0" rebuychips="0" reg_code="5075930326"/>
<player seat="10" name="Focomelico52" chips="470" dealer="1" win="0" bet="70" muck="1" rebuy="0" addon="0" merge="0" rebuychips="0" reg_code="5075930486"/>
<player seat="3" name="deIduKA" chips="960" dealer="0" win="0" bet="20" muck="1" rebuy="0" addon="0" merge="0" rebuychips="0" reg_code="5075930168"/>
</players>
</general>
<round no="0"><action no="1" player="deIduKA" type="15" discard="1" dealt="1" sum="5"/>
<action no="2" player="M1ky3ste92" type="15" sum="5"/>
<action no="3" player="Focomelico52" type="15" discard="1" dealt="1" sum="5"/>
<action no="4" player="deIduKA" type="1" discard="1" dealt="1" sum="15"/>
<action no="5" player="M1ky3ste92" type="2" sum="30"/>
</round>
<round no="1"><cards type="Pocket" player="Focomelico52">D9 DK</cards>
<cards type="Pocket" player="M1ky3ste92">D10 C6</cards>
<cards type="Pocket" player="deIduKA">X X</cards>
<action no="6" player="Focomelico52" type="23" discard="1" dealt="1" sum="60"/>
<action no="7" player="deIduKA" type="0" discard="1" dealt="1" sum="0"/>
<action no="8" player="M1ky3ste92" type="7" sum="35"/>
<action no="9" player="Focomelico52" type="3" discard="1" dealt="1" sum="5"/>
</round>
<round no="2"><cards type="Flop">D8 H3 DA</cards>
</round>
<round no="3"><cards type="Turn">H10</cards>
</round>
<round no="4"><cards type="River">C4</cards>
</round>
</game>
<game gamecode="6542356602"><general><startdate>2025-11-27 11:24:06</startdate>
<round>1</round>
<failsafecounter/>
<players><player seat="10" name="Focomelico52" chips="400" dealer="0" win="45" bet="35" muck="1" rebuy="0" addon="0" merge="0" rebuychips="0" reg_code="5075930486"/>
<player seat="3" name="deIduKA" chips="940" dealer="1" win="0" bet="5" muck="1" rebuy="0" addon="0" merge="0" rebuychips="0" reg_code="5075930168"/>
<player seat="6" name="M1ky3ste92" chips="160" dealer="0" win="0" bet="20" muck="1" rebuy="0" addon="0" merge="0" rebuychips="0" reg_code="5075930326"/>
</players>
</general>
<round no="0"><action no="1" player="M1ky3ste92" type="15" sum="5"/>
<action no="2" player="Focomelico52" type="15" discard="1" dealt="1" sum="5"/>
<action no="3" player="deIduKA" type="15" discard="1" dealt="1" sum="5"/>
<action no="4" player="M1ky3ste92" type="1" sum="15"/>
<action no="5" player="Focomelico52" type="2" discard="1" dealt="1" sum="30"/>
</round>
<round no="1"><cards type="Pocket" player="M1ky3ste92">C8 C3</cards>
<cards type="Pocket" player="deIduKA">X X</cards>
<cards type="Pocket" player="Focomelico52">X X</cards>
<action no="6" player="deIduKA" type="0" discard="1" dealt="1" sum="0"/>
<action no="7" player="M1ky3ste92" type="0" sum="0"/>
</round>
</game>
<game gamecode="6542356611"><general><startdate>2025-11-27 11:24:15</startdate>
<round>1</round>
<failsafecounter/>
<players><player seat="3" name="deIduKA" chips="935" dealer="0" win="0" bet="35" muck="1" rebuy="0" addon="0" merge="0" rebuychips="0" reg_code="5075930168"/>
<player seat="6" name="M1ky3ste92" chips="140" dealer="1" win="315" bet="140" muck="0" rebuy="0" addon="0" merge="0" rebuychips="0" reg_code="5075930326"/>
<player seat="10" name="Focomelico52" chips="425" dealer="0" win="0" bet="425" muck="1" rebuy="0" addon="0" merge="0" rebuychips="0" reg_code="5075930486"/>
</players>
</general>
<round no="0"><action no="1" player="Focomelico52" type="15" discard="1" dealt="1" sum="5"/>
<action no="2" player="deIduKA" type="15" discard="1" dealt="1" sum="5"/>
<action no="3" player="M1ky3ste92" type="15" sum="5"/>
<action no="4" player="Focomelico52" type="1" discard="1" dealt="1" sum="15"/>
<action no="5" player="deIduKA" type="2" discard="1" dealt="1" sum="30"/>
</round>
<round no="1"><cards type="Pocket" player="deIduKA">X X</cards>
<cards type="Pocket" player="M1ky3ste92">DQ S8</cards>
<cards type="Pocket" player="Focomelico52">C10 S10</cards>
<action no="6" player="M1ky3ste92" type="23" sum="135"/>
<action no="7" player="Focomelico52" type="23" discard="1" dealt="1" sum="420"/>
<action no="8" player="deIduKA" type="0" discard="1" dealt="1" sum="0"/>
</round>
<round no="2"><cards type="Flop">HQ CA H9</cards>
</round>
<round no="3"><cards type="Turn">SA</cards>
</round>
<round no="4"><cards type="River">D6</cards>
</round>
</game>
<game gamecode="6542356646"><general><startdate>2025-11-27 11:24:44</startdate>
<round>1</round>
<failsafecounter/>
<players><player seat="6" name="M1ky3ste92" chips="315" dealer="0" win="0" bet="35" muck="1" rebuy="0" addon="0" merge="0" rebuychips="0" reg_code="5075930326"/>
<player seat="10" name="Focomelico52" chips="285" dealer="1" win="0" bet="5" muck="1" rebuy="0" addon="0" merge="0" rebuychips="0" reg_code="5075930486"/>
<player seat="3" name="deIduKA" chips="900" dealer="0" win="75" bet="900" muck="1" rebuy="0" addon="0" merge="0" rebuychips="0" reg_code="5075930168"/>
</players>
</general>
<round no="0"><action no="1" player="deIduKA" type="15" discard="1" dealt="1" sum="5"/>
<action no="2" player="M1ky3ste92" type="15" sum="5"/>
<action no="3" player="Focomelico52" type="15" discard="1" dealt="1" sum="5"/>
<action no="4" player="deIduKA" type="1" discard="1" dealt="1" sum="15"/>
<action no="5" player="M1ky3ste92" type="2" sum="30"/>
</round>
<round no="1"><cards type="Pocket" player="deIduKA">X X</cards>
<cards type="Pocket" player="Focomelico52">X X</cards>
<cards type="Pocket" player="M1ky3ste92">D5 H4</cards>
<action no="6" player="Focomelico52" type="0" discard="1" dealt="1" sum="0"/>
<action no="7" player="deIduKA" type="23" discard="1" dealt="1" sum="895"/>
<action no="8" player="M1ky3ste92" type="0" sum="0"/>
</round>
</game>
<game gamecode="6542356662"><general><startdate>2025-11-27 11:24:57</startdate>
<round>1</round>
<failsafecounter/>
<players><player seat="10" name="Focomelico52" chips="280" dealer="0" win="0" bet="45" muck="1" rebuy="0" addon="0" merge="0" rebuychips="0" reg_code="5075930486"/>
<player seat="3" name="deIduKA" chips="940" dealer="1" win="115" bet="940" muck="1" rebuy="0" addon="0" merge="0" rebuychips="0" reg_code="5075930168"/>
<player seat="6" name="M1ky3ste92" chips="280" dealer="0" win="0" bet="25" muck="1" rebuy="0" addon="0" merge="0" rebuychips="0" reg_code="5075930326"/>
</players>
</general>
<round no="0"><action no="1" player="M1ky3ste92" type="15" sum="5"/>
<action no="2" player="Focomelico52" type="15" discard="1" dealt="1" sum="5"/>
<action no="3" player="deIduKA" type="15" discard="1" dealt="1" sum="5"/>
<action no="4" player="M1ky3ste92" type="1" sum="20"/>
<action no="5" player="Focomelico52" type="2" discard="1" dealt="1" sum="40"/>
</round>
<round no="1"><cards type="Pocket" player="Focomelico52">X X</cards>
<cards type="Pocket" player="deIduKA">X X</cards>
<cards type="Pocket" player="M1ky3ste92">S6 S7</cards>
<action no="6" player="deIduKA" type="23" discard="1" dealt="1" sum="935"/>
<action no="7" player="M1ky3ste92" type="0" sum="0"/>
<action no="8" player="Focomelico52" type="0" discard="1" dealt="1" sum="0"/>
</round>
</game>
<game gamecode="6542359334"><general><startdate>2025-11-27 11:25:12</startdate>
<round>1</round>
<failsafecounter/>
<players><player seat="3" name="deIduKA" chips="1,010" dealer="0" win="0" bet="255" muck="1" rebuy="0" addon="0" merge="0" rebuychips="0" reg_code="5075930168"/>
<player seat="6" name="M1ky3ste92" chips="255" dealer="1" win="535" bet="255" muck="0" rebuy="0" addon="0" merge="0" rebuychips="0" reg_code="5075930326"/>
<player seat="10" name="Focomelico52" chips="235" dealer="0" win="0" bet="25" muck="1" rebuy="0" addon="0" merge="0" rebuychips="0" reg_code="5075930486"/>
</players>
</general>
<round no="0"><action no="1" player="Focomelico52" type="15" discard="1" dealt="1" sum="5"/>
<action no="2" player="deIduKA" type="15" discard="1" dealt="1" sum="5"/>
<action no="3" player="M1ky3ste92" type="15" sum="5"/>
<action no="4" player="Focomelico52" type="1" discard="1" dealt="1" sum="20"/>
<action no="5" player="deIduKA" type="2" discard="1" dealt="1" sum="40"/>
</round>
<round no="1"><cards type="Pocket" player="deIduKA">H2 HA</cards>
<cards type="Pocket" player="M1ky3ste92">C8 SA</cards>
<cards type="Pocket" player="Focomelico52">X X</cards>
<action no="6" player="M1ky3ste92" type="23" sum="250"/>
<action no="7" player="Focomelico52" type="0" discard="1" dealt="1" sum="0"/>
<action no="8" player="deIduKA" type="3" discard="1" dealt="1" sum="210"/>
</round>
<round no="2"><cards type="Flop">D7 C5 H10</cards>
</round>
<round no="3"><cards type="Turn">D8</cards>
</round>
<round no="4"><cards type="River">S6</cards>
</round>
</game>
<game gamecode="6542359361"><general><startdate>2025-11-27 11:25:33</startdate>
<round>1</round>
<failsafecounter/>
<players><player seat="6" name="M1ky3ste92" chips="535" dealer="0" win="0" bet="45" muck="1" rebuy="0" addon="0" merge="0" rebuychips="0" reg_code="5075930326"/>
<player seat="10" name="Focomelico52" chips="210" dealer="1" win="0" bet="5" muck="1" rebuy="0" addon="0" merge="0" rebuychips="0" reg_code="5075930486"/>
<player seat="3" name="deIduKA" chips="755" dealer="0" win="95" bet="755" muck="1" rebuy="0" addon="0" merge="0" rebuychips="0" reg_code="5075930168"/>
</players>
</general>
<round no="0"><action no="1" player="deIduKA" type="15" discard="1" dealt="1" sum="5"/>
<action no="2" player="M1ky3ste92" type="15" sum="5"/>
<action no="3" player="Focomelico52" type="15" discard="1" dealt="1" sum="5"/>
<action no="4" player="deIduKA" type="1" discard="1" dealt="1" sum="20"/>
<action no="5" player="M1ky3ste92" type="2" sum="40"/>
</round>
<round no="1"><cards type="Pocket" player="M1ky3ste92">D8 SQ</cards>
<cards type="Pocket" player="deIduKA">X X</cards>
<cards type="Pocket" player="Focomelico52">X X</cards>
<action no="6" player="Focomelico52" type="0" discard="1" dealt="1" sum="0"/>
<action no="7" player="deIduKA" type="23" discard="1" dealt="1" sum="750"/>
<action no="8" player="M1ky3ste92" type="0" sum="0"/>
</round>
</game>
<game gamecode="6542359371"><general><startdate>2025-11-27 11:25:44</startdate>
<round>1</round>
<failsafecounter/>
<players><player seat="10" name="Focomelico52" chips="205" dealer="0" win="0" bet="45" muck="1" rebuy="0" addon="0" merge="0" rebuychips="0" reg_code="5075930486"/>
<player seat="3" name="deIduKA" chips="805" dealer="1" win="512" bet="490" muck="0" rebuy="0" addon="0" merge="0" rebuychips="0" reg_code="5075930168"/>
<player seat="6" name="M1ky3ste92" chips="490" dealer="0" win="513" bet="490" muck="0" rebuy="0" addon="0" merge="0" rebuychips="0" reg_code="5075930326"/>
</players>
</general>
<round no="0"><action no="1" player="M1ky3ste92" type="15" sum="5"/>
<action no="2" player="Focomelico52" type="15" discard="1" dealt="1" sum="5"/>
<action no="3" player="deIduKA" type="15" discard="1" dealt="1" sum="5"/>
<action no="4" player="M1ky3ste92" type="1" sum="20"/>
<action no="5" player="Focomelico52" type="2" discard="1" dealt="1" sum="40"/>
</round>
<round no="1"><cards type="Pocket" player="M1ky3ste92">SK HK</cards>
<cards type="Pocket" player="Focomelico52">X X</cards>
<cards type="Pocket" player="deIduKA">CK DK</cards>
<action no="6" player="deIduKA" type="23" discard="1" dealt="1" sum="80"/>
<action no="7" player="M1ky3ste92" type="23" sum="485"/>
<action no="8" player="Focomelico52" type="0" discard="1" dealt="1" sum="0"/>
<action no="9" player="deIduKA" type="3" discard="1" dealt="1" sum="405"/>
</round>
<round no="2"><cards type="Flop">SJ H4 C9</cards>
</round>
<round no="3"><cards type="Turn">DQ</cards>
</round>
<round no="4"><cards type="River">HJ</cards>
</round>
</game>
<game gamecode="6542359400"><general><startdate>2025-11-27 11:26:07</startdate>
<round>1</round>
<failsafecounter/>
<players><player seat="3" name="deIduKA" chips="827" dealer="0" win="325" bet="160" muck="0" rebuy="0" addon="0" merge="0" rebuychips="0" reg_code="5075930168"/>
<player seat="6" name="M1ky3ste92" chips="513" dealer="1" win="0" bet="5" muck="1" rebuy="0" addon="0" merge="0" rebuychips="0" reg_code="5075930326"/>
<player seat="10" name="Focomelico52" chips="160" dealer="0" win="0" bet="160" muck="0" rebuy="0" addon="0" merge="0" rebuychips="0" reg_code="5075930486"/>
</players>
</general>
<round no="0"><action no="1" player="Focomelico52" type="15" discard="1" dealt="1" sum="5"/>
<action no="2" player="deIduKA" type="15" discard="1" dealt="1" sum="5"/>
<action no="3" player="M1ky3ste92" type="15" sum="5"/>
<action no="4" player="Focomelico52" type="1" discard="1" dealt="1" sum="20"/>
<action no="5" player="deIduKA" type="2" discard="1" dealt="1" sum="40"/>
</round>
<round no="1"><cards type="Pocket" player="deIduKA">H2 HQ</cards>
<cards type="Pocket" player="Focomelico52">CA H3</cards>
<cards type="Pocket" player="M1ky3ste92">CJ C3</cards>
<action no="6" player="M1ky3ste92" type="0" sum="0"/>
<action no="7" player="Focomelico52" type="23" discard="1" dealt="1" sum="155"/>
<action no="8" player="deIduKA" type="3" discard="1" dealt="1" sum="115"/>
</round>
<round no="2"><cards type="Flop">C8 C4 DQ</cards>
</round>
<round no="3"><cards type="Turn">HK</cards>
</round>
<round no="4"><cards type="River">D10</cards>
</round>
</game>
<game gamecode="6542359435"><general><startdate>2025-11-27 11:26:35</startdate>
<round>1</round>
<failsafecounter/>
<players><player seat="6" name="M1ky3ste92" chips="508" dealer="0" win="0" bet="65" muck="1" rebuy="0" addon="0" merge="0" rebuychips="0" reg_code="5075930326"/>
<player seat="3" name="deIduKA" chips="992" dealer="1" win="130" bet="992" muck="1" rebuy="0" addon="0" merge="0" rebuychips="0" reg_code="5075930168"/>
</players>
</general>
<round no="0"><action no="1" player="deIduKA" type="15" discard="1" dealt="1" sum="5"/>
<action no="2" player="M1ky3ste92" type="15" sum="5"/>
<action no="3" player="deIduKA" type="1" discard="1" dealt="1" sum="30"/>
<action no="4" player="M1ky3ste92" type="2" sum="60"/>
</round>
<round no="1"><cards type="Pocket" player="deIduKA">X X</cards>
<cards type="Pocket" player="M1ky3ste92">S2 H6</cards>
<action no="5" player="deIduKA" type="23" discard="1" dealt="1" sum="987"/>
<action no="6" player="M1ky3ste92" type="0" sum="0"/>
</round>
</game>
<game gamecode="6542359447"><general><startdate>2025-11-27 11:26:44</startdate>
<round>1</round>
<failsafecounter/>
<players><player seat="3" name="deIduKA" chips="1,057" dealer="0" win="130" bet="162" muck="1" rebuy="0" addon="0" merge="0" rebuychips="0" reg_code="5075930168"/>
<player seat="6" name="M1ky3ste92" chips="443" dealer="1" win="0" bet="65" muck="1" rebuy="0" addon="0" merge="0" rebuychips="0" reg_code="5075930326"/>
</players>
</general>
<round no="0"><action no="1" player="M1ky3ste92" type="15" sum="5"/>
<action no="2" player="deIduKA" type="15" discard="1" dealt="1" sum="5"/>
<action no="3" player="M1ky3ste92" type="1" sum="30"/>
<action no="4" player="deIduKA" type="2" discard="1" dealt="1" sum="60"/>
</round>
<round no="1"><cards type="Pocket" player="M1ky3ste92">D10 DQ</cards>
<cards type="Pocket" player="deIduKA">X X</cards>
<action no="5" player="M1ky3ste92" type="3" sum="30"/>
<action no="6" player="deIduKA" type="4" discard="1" dealt="1" sum="0"/>
</round>
<round no="2"><cards type="Flop">SJ S5 H7</cards>
<action no="7" player="deIduKA" type="4" discard="1" dealt="1" sum="0"/>
<action no="8" player="M1ky3ste92" type="4" sum="0"/>
</round>
<round no="3"><cards type="Turn">C7</cards>
<action no="9" player="deIduKA" type="5" discard="1" dealt="1" sum="97"/>
<action no="10" player="M1ky3ste92" type="0" sum="0"/>
</round>
</game>
<game gamecode="6542359486"><general><startdate>2025-11-27 11:27:15</startdate>
<round>1</round>
<failsafecounter/>
<players><player seat="6" name="M1ky3ste92" chips="378" dealer="0" win="0" bet="65" muck="1" rebuy="0" addon="0" merge="0" rebuychips="0" reg_code="5075930326"/>
<player seat="3" name="deIduKA" chips="1,122" dealer="1" win="130" bet="1,122" muck="1" rebuy="0" addon="0" merge="0" rebuychips="0" reg_code="5075930168"/>
</players>
</general>
<round no="0"><action no="1" player="deIduKA" type="15" discard="1" dealt="1" sum="5"/>
<action no="2" player="M1ky3ste92" type="15" sum="5"/>
<action no="3" player="deIduKA" type="1" discard="1" dealt="1" sum="30"/>
<action no="4" player="M1ky3ste92" type="2" sum="60"/>
</round>
<round no="1"><cards type="Pocket" player="deIduKA">X X</cards>
<cards type="Pocket" player="M1ky3ste92">C9 C6</cards>
<action no="5" player="deIduKA" type="23" discard="1" dealt="1" sum="1,117"/>
<action no="6" player="M1ky3ste92" type="0" sum="0"/>
</round>
</game>
<game gamecode="6542359497"><general><startdate>2025-11-27 11:27:24</startdate>
<round>1</round>
<failsafecounter/>
<players><player seat="3" name="deIduKA" chips="1,187" dealer="0" win="70" bet="65" muck="1" rebuy="0" addon="0" merge="0" rebuychips="0" reg_code="5075930168"/>
<player seat="6" name="M1ky3ste92" chips="313" dealer="1" win="0" bet="35" muck="1" rebuy="0" addon="0" merge="0" rebuychips="0" reg_code="5075930326"/>
</players>
</general>
<round no="0"><action no="1" player="M1ky3ste92" type="15" sum="5"/>
<action no="2" player="deIduKA" type="15" discard="1" dealt="1" sum="5"/>
<action no="3" player="M1ky3ste92" type="1" sum="30"/>
<action no="4" player="deIduKA" type="2" discard="1" dealt="1" sum="60"/>
</round>
<round no="1"><cards type="Pocket" player="M1ky3ste92">S8 H5</cards>
<cards type="Pocket" player="deIduKA">X X</cards>
<action no="5" player="M1ky3ste92" type="0" sum="0"/>
</round>
</game>
<game gamecode="6542359505"><general><startdate>2025-11-27 11:27:30</startdate>
<round>1</round>
<failsafecounter/>
<players><player seat="6" name="M1ky3ste92" chips="278" dealer="0" win="556" bet="278" muck="0" rebuy="0" addon="0" merge="0" rebuychips="0" reg_code="5075930326"/>
<player seat="3" name="deIduKA" chips="1,222" dealer="1" win="0" bet="1,222" muck="0" rebuy="0" addon="0" merge="0" rebuychips="0" reg_code="5075930168"/>
</players>
</general>
<round no="0"><action no="1" player="deIduKA" type="15" discard="1" dealt="1" sum="5"/>
<action no="2" player="M1ky3ste92" type="15" sum="5"/>
<action no="3" player="deIduKA" type="1" discard="1" dealt="1" sum="30"/>
<action no="4" player="M1ky3ste92" type="2" sum="60"/>
</round>
<round no="1"><cards type="Pocket" player="deIduKA">SQ CK</cards>
<cards type="Pocket" player="M1ky3ste92">S6 SA</cards>
<action no="5" player="deIduKA" type="23" discard="1" dealt="1" sum="1,217"/>
<action no="6" player="M1ky3ste92" type="7" sum="213"/>
</round>
<round no="2"><cards type="Flop">HA DQ DK</cards>
</round>
<round no="3"><cards type="Turn">C5</cards>
</round>
<round no="4"><cards type="River">CA</cards>
</round>
</game>
<game gamecode="6542359532"><general><startdate>2025-11-27 11:27:53</startdate>
<round>1</round>
<failsafecounter/>
<players><player seat="3" name="deIduKA" chips="944" dealer="0" win="0" bet="65" muck="1" rebuy="0" addon="0" merge="0" rebuychips="0" reg_code="5075930168"/>
<player seat="6" name="M1ky3ste92" chips="556" dealer="1" win="130" bet="556" muck="1" rebuy="0" addon="0" merge="0" rebuychips="0" reg_code="5075930326"/>
</players>
</general>
<round no="0"><action no="1" player="M1ky3ste92" type="15" sum="5"/>
<action no="2" player="deIduKA" type="15" discard="1" dealt="1" sum="5"/>
<action no="3" player="M1ky3ste92" type="1" sum="30"/>
<action no="4" player="deIduKA" type="2" discard="1" dealt="1" sum="60"/>
</round>
<round no="1"><cards type="Pocket" player="deIduKA">X X</cards>
<cards type="Pocket" player="M1ky3ste92">C8 HJ</cards>
<action no="5" player="M1ky3ste92" type="23" sum="551"/>
<action no="6" player="deIduKA" type="0" discard="1" dealt="1" sum="0"/>
</round>
</game>
<game gamecode="6542359543"><general><startdate>2025-11-27 11:28:00</startdate>
<round>1</round>
<failsafecounter/>
<players><player seat="6" name="M1ky3ste92" chips="621" dealer="0" win="0" bet="65" muck="1" rebuy="0" addon="0" merge="0" rebuychips="0" reg_code="5075930326"/>
<player seat="3" name="deIduKA" chips="879" dealer="1" win="130" bet="879" muck="1" rebuy="0" addon="0" merge="0" rebuychips="0" reg_code="5075930168"/>
</players>
</general>
<round no="0"><action no="1" player="deIduKA" type="15" discard="1" dealt="1" sum="5"/>
<action no="2" player="M1ky3ste92" type="15" sum="5"/>
<action no="3" player="deIduKA" type="1" discard="1" dealt="1" sum="30"/>
<action no="4" player="M1ky3ste92" type="2" sum="60"/>
</round>
<round no="1"><cards type="Pocket" player="deIduKA">X X</cards>
<cards type="Pocket" player="M1ky3ste92">HK D3</cards>
<action no="5" player="deIduKA" type="23" discard="1" dealt="1" sum="874"/>
<action no="6" player="M1ky3ste92" type="0" sum="0"/>
</round>
</game>
<game gamecode="6542359553"><general><startdate>2025-11-27 11:28:13</startdate>
<round>1</round>
<failsafecounter/>
<players><player seat="3" name="deIduKA" chips="944" dealer="0" win="96" bet="88" muck="1" rebuy="0" addon="0" merge="0" rebuychips="0" reg_code="5075930168"/>
<player seat="6" name="M1ky3ste92" chips="556" dealer="1" win="0" bet="48" muck="1" rebuy="0" addon="0" merge="0" rebuychips="0" reg_code="5075930326"/>
</players>
</general>
<round no="0"><action no="1" player="M1ky3ste92" type="15" sum="8"/>
<action no="2" player="deIduKA" type="15" discard="1" dealt="1" sum="8"/>
<action no="3" player="M1ky3ste92" type="1" sum="40"/>
<action no="4" player="deIduKA" type="2" discard="1" dealt="1" sum="80"/>
</round>
<round no="1"><cards type="Pocket" player="deIduKA">X X</cards>
<cards type="Pocket" player="M1ky3ste92">D2 H10</cards>
<action no="5" player="M1ky3ste92" type="0" sum="0"/>
</round>
</game>
<game gamecode="6542359566"><general><startdate>2025-11-27 11:28:21</startdate>
<round>1</round>
<failsafecounter/>
<players><player seat="6" name="M1ky3ste92" chips="508" dealer="0" win="0" bet="508" muck="1" rebuy="0" addon="0" merge="0" rebuychips="0" reg_code="5075930326"/>
<player seat="3" name="deIduKA" chips="992" dealer="1" win="1,016" bet="992" muck="0" rebuy="0" addon="0" merge="0" rebuychips="0" reg_code="5075930168"/>
</players>
</general>
<round no="0"><action no="1" player="deIduKA" type="15" discard="1" dealt="1" sum="8"/>
<action no="2" player="M1ky3ste92" type="15" sum="8"/>
<action no="3" player="deIduKA" type="1" discard="1" dealt="1" sum="40"/>
<action no="4" player="M1ky3ste92" type="2" sum="80"/>
</round>
<round no="1"><cards type="Pocket" player="deIduKA">H2 SQ</cards>
<cards type="Pocket" player="M1ky3ste92">H10 SA</cards>
<action no="5" player="deIduKA" type="23" discard="1" dealt="1" sum="984"/>
<action no="6" player="M1ky3ste92" type="7" sum="420"/>
</round>
<round no="2"><cards type="Flop">DQ D10 DK</cards>
</round>
<round no="3"><cards type="Turn">D2</cards>
</round>
<round no="4"><cards type="River">H6</cards>
</round>
</game>
</session>
