<?xml version="1.0" encoding="UTF-8"?>
<session sessioncode="5075722991">
<general>
<client_version>25.7.1.34</client_version>
<mode>real</mode>
<gametype>Holdem NL</gametype>
<tablename>Twister €100 SNG, 822479983</tablename>
<tournamentcode>822479982</tournamentcode>
<tournamentname>Twister €100 SNG</tournamentname>
<buyin>€0 + €7 + €93</buyin>
<totalbuyin>€100</totalbuyin>
<rewarddrawn>€200</rewarddrawn>
<tournamentcurrency>EUR</tournamentcurrency>
<currency>EUR</currency>
<nickname>M1ky3ste92</nickname>
<gamecount>15</gamecount>
<startdate>2025-11-26 15:22:14</startdate>
<place>1</place>
<win>€200</win>
<tablesize>3</tablesize>
</general>
<game gamecode="6541618434"><general><startdate>2025-11-26 15:22:30</startdate>
<round>1</round>
<failsafecounter/>
<players><player seat="6" name="MttGrinder" chips="500" dealer="0" win="0" bet="20" muck="1" rebuy="0" addon="0" merge="0" rebuychips="0" reg_code="5075722822"/>
<player seat="10" name="M1ky3ste92" chips="500" dealer="1" win="50" bet="40" muck="1" rebuy="0" addon="0" merge="0" rebuychips="0" reg_code="5075722991"/>
<player seat="3" name="Dominance" chips="500" dealer="0" win="0" bet="10" muck="1" rebuy="0" addon="0" merge="0" rebuychips="0" reg_code="5075722808"/>
</players>
</general>
<round no="0"><action no="1" player="Dominance" type="1" discard="1" dealt="1" sum="10"/>
<action no="2" player="MttGrinder" type="2" discard="1" dealt="1" sum="20"/>
</round>
<round no="1"><cards type="Pocket" player="M1ky3ste92">D4 S4</cards>
<cards type="Pocket" player="Dominance">X X</cards>
<cards type="Pocket" player="MttGrinder">X X</cards>
<action no="3" player="M1ky3ste92" type="23" sum="40"/>
<action no="4" player="Dominance" type="0" discard="1" dealt="1" sum="0"/>
<action no="5" player="MttGrinder" type="0" discard="1" dealt="1" sum="0"/>
</round>
</game>
<game gamecode="6541618449"><general><startdate>2025-11-26 15:22:39</startdate>
<round>1</round>
<failsafecounter/>
<players><player seat="10" name="M1ky3ste92" chips="530" dealer="0" win="80" bet="80" muck="1" rebuy="0" addon="0" merge="0" rebuychips="0" reg_code="5075722991"/>
<player seat="3" name="Dominance" chips="490" dealer="1" win="0" bet="0" muck="1" rebuy="0" addon="0" merge="0" rebuychips="0" reg_code="5075722808"/>
<player seat="6" name="MttGrinder" chips="480" dealer="0" win="0" bet="40" muck="1" rebuy="0" addon="0" merge="0" rebuychips="0" reg_code="5075722822"/>
</players>
</general>
<round no="0"><action no="1" player="MttGrinder" type="1" discard="1" dealt="1" sum="10"/>
<action no="2" player="M1ky3ste92" type="2" sum="20"/>
</round>
<round no="1"><cards type="Pocket" player="Dominance">X X</cards>
<cards type="Pocket" player="MttGrinder">X X</cards>
<cards type="Pocket" player="M1ky3ste92">HK S10</cards>
<action no="3" player="Dominance" type="0" discard="1" dealt="1" sum="0"/>
<action no="4" player="MttGrinder" type="23" discard="1" dealt="1" sum="40"/>
<action no="5" player="M1ky3ste92" type="3" sum="20"/>
</round>
<round no="2"><cards type="Flop">H7 HJ S7</cards>
<action no="6" player="MttGrinder" type="4" discard="1" dealt="1" sum="0"/>
<action no="7" player="M1ky3ste92" type="4" sum="0"/>
</round>
<round no="3"><cards type="Turn">D10</cards>
<action no="8" player="MttGrinder" type="4" discard="1" dealt="1" sum="0"/>
<action no="9" player="M1ky3ste92" type="5" sum="40"/>
<action no="10" player="MttGrinder" type="0" discard="1" dealt="1" sum="0"/>
</round>
</game>
<game gamecode="6541618482"><general><startdate>2025-11-26 15:22:57</startdate>
<round>1</round>
<failsafecounter/>
<players><player seat="3" name="Dominance" chips="490" dealer="0" win="40" bet="50" muck="1" rebuy="0" addon="0" merge="0" rebuychips="0" reg_code="5075722808"/>
<player seat="6" name="MttGrinder" chips="440" dealer="1" win="0" bet="0" muck="1" rebuy="0" addon="0" merge="0" rebuychips="0" reg_code="5075722822"/>
<player seat="10" name="M1ky3ste92" chips="570" dealer="0" win="0" bet="20" muck="1" rebuy="0" addon="0" merge="0" rebuychips="0" reg_code="5075722991"/>
</players>
</general>
<round no="0"><action no="1" player="M1ky3ste92" type="1" sum="10"/>
<action no="2" player="Dominance" type="2" discard="1" dealt="1" sum="20"/>
</round>
<round no="1"><cards type="Pocket" player="M1ky3ste92">S5 DK</cards>
<cards type="Pocket" player="Dominance">X X</cards>
<cards type="Pocket" player="MttGrinder">X X</cards>
<action no="3" player="MttGrinder" type="0" discard="1" dealt="1" sum="0"/>
<action no="4" player="M1ky3ste92" type="3" sum="10"/>
<action no="5" player="Dominance" type="4" discard="1" dealt="1" sum="0"/>
</round>
<round no="2"><cards type="Flop">DJ H7 S9</cards>
<action no="6" player="M1ky3ste92" type="4" sum="0"/>
<action no="7" player="Dominance" type="5" discard="1" dealt="1" sum="30"/>
<action no="8" player="M1ky3ste92" type="0" sum="0"/>
</round>
</game>
<game gamecode="6541618530"><general><startdate>2025-11-26 15:23:25</startdate>
<round>1</round>
<failsafecounter/>
<players><player seat="6" name="MttGrinder" chips="440" dealer="0" win="0" bet="440" muck="1" rebuy="0" addon="0" merge="0" rebuychips="0" reg_code="5075722822"/>
<player seat="10" name="M1ky3ste92" chips="550" dealer="1" win="0" bet="0" muck="1" rebuy="0" addon="0" merge="0" rebuychips="0" reg_code="5075722991"/>
<player seat="3" name="Dominance" chips="510" dealer="0" win="880" bet="510" muck="0" rebuy="0" addon="0" merge="0" rebuychips="0" reg_code="5075722808"/>
</players>
</general>
<round no="0"><action no="1" player="Dominance" type="1" discard="1" dealt="1" sum="10"/>
<action no="2" player="MttGrinder" type="2" discard="1" dealt="1" sum="20"/>
</round>
<round no="1"><cards type="Pocket" player="Dominance">H8 HJ</cards>
<cards type="Pocket" player="MttGrinder">S10 S9</cards>
<cards type="Pocket" player="M1ky3ste92">H2 S4</cards>
<action no="3" player="M1ky3ste92" type="0" sum="0"/>
<action no="4" player="Dominance" type="23" discard="1" dealt="1" sum="50"/>
<action no="5" player="MttGrinder" type="3" discard="1" dealt="1" sum="30"/>
</round>
<round no="2"><cards type="Flop">H9 H5 C7</cards>
<action no="6" player="Dominance" type="4" discard="1" dealt="1" sum="0"/>
<action no="7" player="MttGrinder" type="5" discard="1" dealt="1" sum="75"/>
<action no="8" player="Dominance" type="23" discard="1" dealt="1" sum="460"/>
<action no="9" player="MttGrinder" type="7" discard="1" dealt="1" sum="315"/>
</round>
<round no="3"><cards type="Turn">C10</cards>
</round>
<round no="4"><cards type="River">HK</cards>
</round>
</game>
<game gamecode="6541618594"><general><startdate>2025-11-26 15:24:06</startdate>
<round>1</round>
<failsafecounter/>
<players><player seat="10" name="M1ky3ste92" chips="550" dealer="0" win="80" bet="40" muck="0" rebuy="0" addon="0" merge="0" rebuychips="0" reg_code="5075722991"/>
<player seat="3" name="Dominance" chips="950" dealer="1" win="0" bet="40" muck="1" rebuy="0" addon="0" merge="0" rebuychips="0" reg_code="5075722808"/>
</players>
</general>
<round no="0"><action no="1" player="Dominance" type="1" discard="1" dealt="1" sum="10"/>
<action no="2" player="M1ky3ste92" type="2" sum="20"/>
</round>
<round no="1"><cards type="Pocket" player="M1ky3ste92">H3 HJ</cards>
<cards type="Pocket" player="Dominance">S9 D7</cards>
<action no="3" player="Dominance" type="3" discard="1" dealt="1" sum="10"/>
<action no="4" player="M1ky3ste92" type="4" sum="0"/>
</round>
<round no="2"><cards type="Flop">CJ DQ S2</cards>
<action no="5" player="M1ky3ste92" type="4" sum="0"/>
<action no="6" player="Dominance" type="5" discard="1" dealt="1" sum="20"/>
<action no="7" player="M1ky3ste92" type="3" sum="20"/>
</round>
<round no="3"><cards type="Turn">C7</cards>
<action no="8" player="M1ky3ste92" type="4" sum="0"/>
<action no="9" player="Dominance" type="4" discard="1" dealt="1" sum="0"/>
</round>
<round no="4"><cards type="River">D6</cards>
<action no="10" player="M1ky3ste92" type="4" sum="0"/>
<action no="11" player="Dominance" type="4" discard="1" dealt="1" sum="0"/>
</round>
</game>
<game gamecode="6541618642"><general><startdate>2025-11-26 15:24:32</startdate>
<round>1</round>
<failsafecounter/>
<players><player seat="3" name="Dominance" chips="910" dealer="0" win="70" bet="95" muck="1" rebuy="0" addon="0" merge="0" rebuychips="0" reg_code="5075722808"/>
<player seat="10" name="M1ky3ste92" chips="590" dealer="1" win="0" bet="35" muck="1" rebuy="0" addon="0" merge="0" rebuychips="0" reg_code="5075722991"/>
</players>
</general>
<round no="0"><action no="1" player="M1ky3ste92" type="15" sum="5"/>
<action no="2" player="Dominance" type="15" discard="1" dealt="1" sum="5"/>
<action no="3" player="M1ky3ste92" type="1" sum="15"/>
<action no="4" player="Dominance" type="2" discard="1" dealt="1" sum="30"/>
</round>
<round no="1"><cards type="Pocket" player="M1ky3ste92">CK S2</cards>
<cards type="Pocket" player="Dominance">X X</cards>
<action no="5" player="M1ky3ste92" type="3" sum="15"/>
<action no="6" player="Dominance" type="23" discard="1" dealt="1" sum="90"/>
<action no="7" player="M1ky3ste92" type="0" sum="0"/>
</round>
</game>
<game gamecode="6541618655"><general><startdate>2025-11-26 15:24:43</startdate>
<round>1</round>
<failsafecounter/>
<players><player seat="10" name="M1ky3ste92" chips="555" dealer="0" win="0" bet="35" muck="1" rebuy="0" addon="0" merge="0" rebuychips="0" reg_code="5075722991"/>
<player seat="3" name="Dominance" chips="945" dealer="1" win="70" bet="35" muck="0" rebuy="0" addon="0" merge="0" rebuychips="0" reg_code="5075722808"/>
</players>
</general>
<round no="0"><action no="1" player="Dominance" type="15" discard="1" dealt="1" sum="5"/>
<action no="2" player="M1ky3ste92" type="15" sum="5"/>
<action no="3" player="Dominance" type="1" discard="1" dealt="1" sum="15"/>
<action no="4" player="M1ky3ste92" type="2" sum="30"/>
</round>
<round no="1"><cards type="Pocket" player="Dominance">S6 D6</cards>
<cards type="Pocket" player="M1ky3ste92">S5 DJ</cards>
<action no="5" player="Dominance" type="3" discard="1" dealt="1" sum="15"/>
<action no="6" player="M1ky3ste92" type="4" sum="0"/>
</round>
<round no="2"><cards type="Flop">C2 D5 H8</cards>
<action no="7" player="M1ky3ste92" type="4" sum="0"/>
<action no="8" player="Dominance" type="4" discard="1" dealt="1" sum="0"/>
</round>
<round no="3"><cards type="Turn">D9</cards>
<action no="9" player="M1ky3ste92" type="4" sum="0"/>
<action no="10" player="Dominance" type="4" discard="1" dealt="1" sum="0"/>
</round>
<round no="4"><cards type="River">H10</cards>
<action no="11" player="M1ky3ste92" type="4" sum="0"/>
<action no="12" player="Dominance" type="4" discard="1" dealt="1" sum="0"/>
</round>
</game>
<game gamecode="6541618743"><general><startdate>2025-11-26 15:25:27</startdate>
<round>1</round>
<failsafecounter/>
<players><player seat="3" name="Dominance" chips="980" dealer="0" win="40" bet="35" muck="1" rebuy="0" addon="0" merge="0" rebuychips="0" reg_code="5075722808"/>
<player seat="10" name="M1ky3ste92" chips="520" dealer="1" win="0" bet="20" muck="1" rebuy="0" addon="0" merge="0" rebuychips="0" reg_code="5075722991"/>
</players>
</general>
<round no="0"><action no="1" player="M1ky3ste92" type="15" sum="5"/>
<action no="2" player="Dominance" type="15" discard="1" dealt="1" sum="5"/>
<action no="3" player="M1ky3ste92" type="1" sum="15"/>
<action no="4" player="Dominance" type="2" discard="1" dealt="1" sum="30"/>
</round>
<round no="1"><cards type="Pocket" player="Dominance">X X</cards>
<cards type="Pocket" player="M1ky3ste92">D2 H3</cards>
<action no="5" player="M1ky3ste92" type="0" sum="0"/>
</round>
</game>
<game gamecode="6541618758"><general><startdate>2025-11-26 15:25:32</startdate>
<round>1</round>
<failsafecounter/>
<players><player seat="10" name="M1ky3ste92" chips="500" dealer="0" win="190" bet="185" muck="1" rebuy="0" addon="0" merge="0" rebuychips="0" reg_code="5075722991"/>
<player seat="3" name="Dominance" chips="1,000" dealer="1" win="0" bet="95" muck="1" rebuy="0" addon="0" merge="0" rebuychips="0" reg_code="5075722808"/>
</players>
</general>
<round no="0"><action no="1" player="Dominance" type="15" discard="1" dealt="1" sum="5"/>
<action no="2" player="M1ky3ste92" type="15" sum="5"/>
<action no="3" player="Dominance" type="1" discard="1" dealt="1" sum="15"/>
<action no="4" player="M1ky3ste92" type="2" sum="30"/>
</round>
<round no="1"><cards type="Pocket" player="Dominance">X X</cards>
<cards type="Pocket" player="M1ky3ste92">DQ HJ</cards>
<action no="5" player="Dominance" type="3" discard="1" dealt="1" sum="15"/>
<action no="6" player="M1ky3ste92" type="4" sum="0"/>
</round>
<round no="2"><cards type="Flop">D9 DJ D2</cards>
<action no="7" player="M1ky3ste92" type="4" sum="0"/>
<action no="8" player="Dominance" type="4" discard="1" dealt="1" sum="0"/>
</round>
<round no="3"><cards type="Turn">S7</cards>
<action no="9" player="M1ky3ste92" type="5" sum="60"/>
<action no="10" player="Dominance" type="3" discard="1" dealt="1" sum="60"/>
</round>
<round no="4"><cards type="River">H9</cards>
<action no="11" player="M1ky3ste92" type="5" sum="90"/>
<action no="12" player="Dominance" type="0" discard="1" dealt="1" sum="0"/>
</round>
</game>
<game gamecode="6541618824"><general><startdate>2025-11-26 15:26:11</startdate>
<round>1</round>
<failsafecounter/>
<players><player seat="3" name="Dominance" chips="905" dealer="0" win="90" bet="125" muck="1" rebuy="0" addon="0" merge="0" rebuychips="0" reg_code="5075722808"/>
<player seat="10" name="M1ky3ste92" chips="595" dealer="1" win="0" bet="45" muck="1" rebuy="0" addon="0" merge="0" rebuychips="0" reg_code="5075722991"/>
</players>
</general>
<round no="0"><action no="1" player="M1ky3ste92" type="15" sum="5"/>
<action no="2" player="Dominance" type="15" discard="1" dealt="1" sum="5"/>
<action no="3" player="M1ky3ste92" type="1" sum="20"/>
<action no="4" player="Dominance" type="2" discard="1" dealt="1" sum="40"/>
</round>
<round no="1"><cards type="Pocket" player="Dominance">X X</cards>
<cards type="Pocket" player="M1ky3ste92">H5 C8</cards>
<action no="5" player="M1ky3ste92" type="3" sum="20"/>
<action no="6" player="Dominance" type="23" discard="1" dealt="1" sum="120"/>
<action no="7" player="M1ky3ste92" type="0" sum="0"/>
</round>
</game>
<game gamecode="6541618859"><general><startdate>2025-11-26 15:26:30</startdate>
<round>1</round>
<failsafecounter/>
<players><player seat="10" name="M1ky3ste92" chips="550" dealer="0" win="0" bet="45" muck="1" rebuy="0" addon="0" merge="0" rebuychips="0" reg_code="5075722991"/>
<player seat="3" name="Dominance" chips="950" dealer="1" win="90" bet="125" muck="1" rebuy="0" addon="0" merge="0" rebuychips="0" reg_code="5075722808"/>
</players>
</general>
<round no="0"><action no="1" player="Dominance" type="15" discard="1" dealt="1" sum="5"/>
<action no="2" player="M1ky3ste92" type="15" sum="5"/>
<action no="3" player="Dominance" type="1" discard="1" dealt="1" sum="20"/>
<action no="4" player="M1ky3ste92" type="2" sum="40"/>
</round>
<round no="1"><cards type="Pocket" player="M1ky3ste92">H2 H7</cards>
<cards type="Pocket" player="Dominance">X X</cards>
<action no="5" player="Dominance" type="3" discard="1" dealt="1" sum="20"/>
<action no="6" player="M1ky3ste92" type="4" sum="0"/>
</round>
<round no="2"><cards type="Flop">C5 S4 D3</cards>
<action no="7" player="M1ky3ste92" type="4" sum="0"/>
<action no="8" player="Dominance" type="4" discard="1" dealt="1" sum="0"/>
</round>
<round no="3"><cards type="Turn">DJ</cards>
<action no="9" player="M1ky3ste92" type="4" sum="0"/>
<action no="10" player="Dominance" type="5" discard="1" dealt="1" sum="80"/>
<action no="11" player="M1ky3ste92" type="0" sum="0"/>
</round>
</game>
<game gamecode="6541618908"><general><startdate>2025-11-26 15:27:02</startdate>
<round>1</round>
<failsafecounter/>
<players><player seat="3" name="Dominance" chips="995" dealer="0" win="0" bet="85" muck="1" rebuy="0" addon="0" merge="0" rebuychips="0" reg_code="5075722808"/>
<player seat="10" name="M1ky3ste92" chips="505" dealer="1" win="170" bet="205" muck="1" rebuy="0" addon="0" merge="0" rebuychips="0" reg_code="5075722991"/>
</players>
</general>
<round no="0"><action no="1" player="M1ky3ste92" type="15" sum="5"/>
<action no="2" player="Dominance" type="15" discard="1" dealt="1" sum="5"/>
<action no="3" player="M1ky3ste92" type="1" sum="20"/>
<action no="4" player="Dominance" type="2" discard="1" dealt="1" sum="40"/>
</round>
<round no="1"><cards type="Pocket" player="M1ky3ste92">C5 C7</cards>
<cards type="Pocket" player="Dominance">X X</cards>
<action no="5" player="M1ky3ste92" type="3" sum="20"/>
<action no="6" player="Dominance" type="4" discard="1" dealt="1" sum="0"/>
</round>
<round no="2"><cards type="Flop">S7 C2 H5</cards>
<action no="7" player="Dominance" type="5" discard="1" dealt="1" sum="40"/>
<action no="8" player="M1ky3ste92" type="3" sum="40"/>
</round>
<round no="3"><cards type="Turn">HQ</cards>
<action no="9" player="Dominance" type="4" discard="1" dealt="1" sum="0"/>
<action no="10" player="M1ky3ste92" type="5" sum="120"/>
<action no="11" player="Dominance" type="0" discard="1" dealt="1" sum="0"/>
</round>
</game>
<game gamecode="6541618964"><general><startdate>2025-11-26 15:27:35</startdate>
<round>1</round>
<failsafecounter/>
<players><player seat="10" name="M1ky3ste92" chips="590" dealer="0" win="0" bet="125" muck="1" rebuy="0" addon="0" merge="0" rebuychips="0" reg_code="5075722991"/>
<player seat="3" name="Dominance" chips="910" dealer="1" win="250" bet="250" muck="1" rebuy="0" addon="0" merge="0" rebuychips="0" reg_code="5075722808"/>
</players>
</general>
<round no="0"><action no="1" player="Dominance" type="15" discard="1" dealt="1" sum="5"/>
<action no="2" player="M1ky3ste92" type="15" sum="5"/>
<action no="3" player="Dominance" type="1" discard="1" dealt="1" sum="30"/>
<action no="4" player="M1ky3ste92" type="2" sum="60"/>
</round>
<round no="1"><cards type="Pocket" player="Dominance">X X</cards>
<cards type="Pocket" player="M1ky3ste92">CJ H10</cards>
<action no="5" player="Dominance" type="3" discard="1" dealt="1" sum="30"/>
<action no="6" player="M1ky3ste92" type="4" sum="0"/>
</round>
<round no="2"><cards type="Flop">DK H4 SQ</cards>
<action no="7" player="M1ky3ste92" type="4" sum="0"/>
<action no="8" player="Dominance" type="5" discard="1" dealt="1" sum="60"/>
<action no="9" player="M1ky3ste92" type="3" sum="60"/>
</round>
<round no="3"><cards type="Turn">H2</cards>
<action no="10" player="M1ky3ste92" type="4" sum="0"/>
<action no="11" player="Dominance" type="5" discard="1" dealt="1" sum="125"/>
<action no="12" player="M1ky3ste92" type="0" sum="0"/>
</round>
</game>
<game gamecode="6541619044"><general><startdate>2025-11-26 15:28:11</startdate>
<round>1</round>
<failsafecounter/>
<players><player seat="3" name="Dominance" chips="1,035" dealer="0" win="0" bet="465" muck="1" rebuy="0" addon="0" merge="0" rebuychips="0" reg_code="5075722808"/>
<player seat="10" name="M1ky3ste92" chips="465" dealer="1" win="930" bet="465" muck="0" rebuy="0" addon="0" merge="0" rebuychips="0" reg_code="5075722991"/>
</players>
</general>
<round no="0"><action no="1" player="M1ky3ste92" type="15" sum="5"/>
<action no="2" player="Dominance" type="15" discard="1" dealt="1" sum="5"/>
<action no="3" player="M1ky3ste92" type="1" sum="30"/>
<action no="4" player="Dominance" type="2" discard="1" dealt="1" sum="60"/>
</round>
<round no="1"><cards type="Pocket" player="M1ky3ste92">S8 C7</cards>
<cards type="Pocket" player="Dominance">HQ CA</cards>
<action no="5" player="M1ky3ste92" type="23" sum="460"/>
<action no="6" player="Dominance" type="3" discard="1" dealt="1" sum="400"/>
</round>
<round no="2"><cards type="Flop">D5 H8 HK</cards>
</round>
<round no="3"><cards type="Turn">S2</cards>
</round>
<round no="4"><cards type="River">D9</cards>
</round>
</game>
<game gamecode="6541619079"><general><startdate>2025-11-26 15:28:29</startdate>
<round>1</round>
<failsafecounter/>
<players><player seat="10" name="M1ky3ste92" chips="930" dealer="0" win="1,140" bet="570" muck="0" rebuy="0" addon="0" merge="0" rebuychips="0" reg_code="5075722991"/>
<player seat="3" name="Dominance" chips="570" dealer="1" win="0" bet="570" muck="0" rebuy="0" addon="0" merge="0" rebuychips="0" reg_code="5075722808"/>
</players>
</general>
<round no="0"><action no="1" player="Dominance" type="15" discard="1" dealt="1" sum="5"/>
<action no="2" player="M1ky3ste92" type="15" sum="5"/>
<action no="3" player="Dominance" type="1" discard="1" dealt="1" sum="30"/>
<action no="4" player="M1ky3ste92" type="2" sum="60"/>
</round>
<round no="1"><cards type="Pocket" player="Dominance">C7 SQ</cards>
<cards type="Pocket" player="M1ky3ste92">C10 C8</cards>
<action no="5" player="Dominance" type="23" discard="1" dealt="1" sum="565"/>
<action no="6" player="M1ky3ste92" type="3" sum="505"/>
</round>
<round no="2"><cards type="Flop">HJ S6 H3</cards>
</round>
<round no="3"><cards type="Turn">H6</cards>
</round>
<round no="4"><cards type="River">D8</cards>
</round>
</game>
</session>
