<?xml version="1.0" encoding="UTF-8"?>
<session sessioncode="5075737292">
<general>
<client_version>25.7.1.34</client_version>
<mode>real</mode>
<gametype>Holdem NL</gametype>
<tablename>Twister €100 SNG, 822482377</tablename>
<tournamentcode>822482376</tournamentcode>
<tournamentname>Twister €100 SNG</tournamentname>
<buyin>€0 + €7 + €93</buyin>
<totalbuyin>€100</totalbuyin>
<rewarddrawn>€300</rewarddrawn>
<tournamentcurrency>EUR</tournamentcurrency>
<currency>EUR</currency>
<nickname>M1ky3ste92</nickname>
<gamecount>19</gamecount>
<startdate>2025-11-26 16:19:46</startdate>
<place>2</place>
<win>€0</win>
<tablesize>3</tablesize>
</general>
<game gamecode="6541662457"><general><startdate>2025-11-26 16:20:01</startdate>
<round>1</round>
<failsafecounter/>
<players><player seat="10" name="M1ky3ste92" chips="500" dealer="0" win="40" bet="60" muck="1" rebuy="0" addon="0" merge="0" rebuychips="0" reg_code="5075737292"/>
<player seat="3" name="Dhhdhdjdjdj" chips="500" dealer="1" win="0" bet="0" muck="1" rebuy="0" addon="0" merge="0" rebuychips="0" reg_code="5075736953"/>
<player seat="6" name="ilCapo6" chips="500" dealer="0" win="0" bet="20" muck="1" rebuy="0" addon="0" merge="0" rebuychips="0" reg_code="5075737094"/>
</players>
</general>
<round no="0"><action no="1" player="ilCapo6" type="1" discard="1" dealt="1" sum="10"/>
<action no="2" player="M1ky3ste92" type="2" sum="20"/>
</round>
<round no="1"><cards type="Pocket" player="Dhhdhdjdjdj">X X</cards>
<cards type="Pocket" player="M1ky3ste92">CA CQ</cards>
<cards type="Pocket" player="ilCapo6">X X</cards>
<action no="3" player="Dhhdhdjdjdj" type="0" discard="1" dealt="1" sum="0"/>
<action no="4" player="ilCapo6" type="3" discard="1" dealt="1" sum="10"/>
<action no="5" player="M1ky3ste92" type="23" sum="60"/>
<action no="6" player="ilCapo6" type="0" discard="1" dealt="1" sum="0"/>
</round>
</game>
<game gamecode="6541662491"><general><startdate>2025-11-26 16:20:14</startdate>
<round>1</round>
<failsafecounter/>
<players><player seat="3" name="Dhhdhdjdjdj" chips="500" dealer="0" win="20" bet="20" muck="1" rebuy="0" addon="0" merge="0" rebuychips="0" reg_code="5075736953"/>
<player seat="6" name="ilCapo6" chips="480" dealer="1" win="0" bet="0" muck="1" rebuy="0" addon="0" merge="0" rebuychips="0" reg_code="5075737094"/>
<player seat="10" name="M1ky3ste92" chips="520" dealer="0" win="0" bet="10" muck="1" rebuy="0" addon="0" merge="0" rebuychips="0" reg_code="5075737292"/>
</players>
</general>
<round no="0"><action no="1" player="M1ky3ste92" type="1" sum="10"/>
<action no="2" player="Dhhdhdjdjdj" type="2" discard="1" dealt="1" sum="20"/>
</round>
<round no="1"><cards type="Pocket" player="M1ky3ste92">C6 DQ</cards>
<cards type="Pocket" player="ilCapo6">X X</cards>
<cards type="Pocket" player="Dhhdhdjdjdj">X X</cards>
<action no="3" player="ilCapo6" type="0" discard="1" dealt="1" sum="0"/>
<action no="4" player="M1ky3ste92" type="0" sum="0"/>
</round>
</game>
<game gamecode="6541662547"><general><startdate>2025-11-26 16:20:36</startdate>
<round>1</round>
<failsafecounter/>
<players><player seat="6" name="ilCapo6" chips="480" dealer="0" win="20" bet="20" muck="1" rebuy="0" addon="0" merge="0" rebuychips="0" reg_code="5075737094"/>
<player seat="10" name="M1ky3ste92" chips="510" dealer="1" win="0" bet="0" muck="1" rebuy="0" addon="0" merge="0" rebuychips="0" reg_code="5075737292"/>
<player seat="3" name="Dhhdhdjdjdj" chips="510" dealer="0" win="0" bet="10" muck="1" rebuy="0" addon="0" merge="0" rebuychips="0" reg_code="5075736953"/>
</players>
</general>
<round no="0"><action no="1" player="Dhhdhdjdjdj" type="1" discard="1" dealt="1" sum="10"/>
<action no="2" player="ilCapo6" type="2" discard="1" dealt="1" sum="20"/>
</round>
<round no="1"><cards type="Pocket" player="ilCapo6">X X</cards>
<cards type="Pocket" player="M1ky3ste92">H8 D5</cards>
<cards type="Pocket" player="Dhhdhdjdjdj">X X</cards>
<action no="3" player="M1ky3ste92" type="0" sum="0"/>
<action no="4" player="Dhhdhdjdjdj" type="0" discard="1" dealt="1" sum="0"/>
</round>
</game>
<game gamecode="6541662618"><general><startdate>2025-11-26 16:21:01</startdate>
<round>1</round>
<failsafecounter/>
<players><player seat="10" name="M1ky3ste92" chips="510" dealer="0" win="20" bet="20" muck="1" rebuy="0" addon="0" merge="0" rebuychips="0" reg_code="5075737292"/>
<player seat="3" name="Dhhdhdjdjdj" chips="500" dealer="1" win="0" bet="0" muck="1" rebuy="0" addon="0" merge="0" rebuychips="0" reg_code="5075736953"/>
<player seat="6" name="ilCapo6" chips="490" dealer="0" win="0" bet="10" muck="1" rebuy="0" addon="0" merge="0" rebuychips="0" reg_code="5075737094"/>
</players>
</general>
<round no="0"><action no="1" player="ilCapo6" type="1" discard="1" dealt="1" sum="10"/>
<action no="2" player="M1ky3ste92" type="2" sum="20"/>
</round>
<round no="1"><cards type="Pocket" player="ilCapo6">X X</cards>
<cards type="Pocket" player="M1ky3ste92">CQ H7</cards>
<cards type="Pocket" player="Dhhdhdjdjdj">X X</cards>
<action no="3" player="Dhhdhdjdjdj" type="0" discard="1" dealt="1" sum="0"/>
<action no="4" player="ilCapo6" type="0" discard="1" dealt="1" sum="0"/>
</round>
</game>
<game gamecode="6541662632"><general><startdate>2025-11-26 16:21:07</startdate>
<round>1</round>
<failsafecounter/>
<players><player seat="3" name="Dhhdhdjdjdj" chips="500" dealer="0" win="0" bet="20" muck="1" rebuy="0" addon="0" merge="0" rebuychips="0" reg_code="5075736953"/>
<player seat="6" name="ilCapo6" chips="480" dealer="1" win="50" bet="240" muck="1" rebuy="0" addon="0" merge="0" rebuychips="0" reg_code="5075737094"/>
<player seat="10" name="M1ky3ste92" chips="520" dealer="0" win="0" bet="10" muck="1" rebuy="0" addon="0" merge="0" rebuychips="0" reg_code="5075737292"/>
</players>
</general>
<round no="0"><action no="1" player="M1ky3ste92" type="1" sum="10"/>
<action no="2" player="Dhhdhdjdjdj" type="2" discard="1" dealt="1" sum="20"/>
</round>
<round no="1"><cards type="Pocket" player="M1ky3ste92">S6 D8</cards>
<cards type="Pocket" player="Dhhdhdjdjdj">X X</cards>
<cards type="Pocket" player="ilCapo6">X X</cards>
<action no="3" player="ilCapo6" type="23" discard="1" dealt="1" sum="240"/>
<action no="4" player="M1ky3ste92" type="0" sum="0"/>
<action no="5" player="Dhhdhdjdjdj" type="0" discard="1" dealt="1" sum="0"/>
</round>
</game>
<game gamecode="6541662666"><general><startdate>2025-11-26 16:21:20</startdate>
<round>1</round>
<failsafecounter/>
<players><player seat="6" name="ilCapo6" chips="510" dealer="0" win="80" bet="100" muck="1" rebuy="0" addon="0" merge="0" rebuychips="0" reg_code="5075737094"/>
<player seat="10" name="M1ky3ste92" chips="510" dealer="1" win="0" bet="0" muck="1" rebuy="0" addon="0" merge="0" rebuychips="0" reg_code="5075737292"/>
<player seat="3" name="Dhhdhdjdjdj" chips="480" dealer="0" win="0" bet="40" muck="1" rebuy="0" addon="0" merge="0" rebuychips="0" reg_code="5075736953"/>
</players>
</general>
<round no="0"><action no="1" player="Dhhdhdjdjdj" type="1" discard="1" dealt="1" sum="10"/>
<action no="2" player="ilCapo6" type="2" discard="1" dealt="1" sum="20"/>
</round>
<round no="1"><cards type="Pocket" player="ilCapo6">X X</cards>
<cards type="Pocket" player="M1ky3ste92">S3 D6</cards>
<cards type="Pocket" player="Dhhdhdjdjdj">X X</cards>
<action no="3" player="M1ky3ste92" type="0" sum="0"/>
<action no="4" player="Dhhdhdjdjdj" type="3" discard="1" dealt="1" sum="10"/>
<action no="5" player="ilCapo6" type="4" discard="1" dealt="1" sum="0"/>
</round>
<round no="2"><cards type="Flop">S5 HA H8</cards>
<action no="6" player="Dhhdhdjdjdj" type="4" discard="1" dealt="1" sum="0"/>
<action no="7" player="ilCapo6" type="5" discard="1" dealt="1" sum="20"/>
<action no="8" player="Dhhdhdjdjdj" type="3" discard="1" dealt="1" sum="20"/>
</round>
<round no="3"><cards type="Turn">H3</cards>
<action no="9" player="Dhhdhdjdjdj" type="4" discard="1" dealt="1" sum="0"/>
<action no="10" player="ilCapo6" type="5" discard="1" dealt="1" sum="60"/>
<action no="11" player="Dhhdhdjdjdj" type="0" discard="1" dealt="1" sum="0"/>
</round>
</game>
<game gamecode="6541662768"><general><startdate>2025-11-26 16:22:02</startdate>
<round>1</round>
<failsafecounter/>
<players><player seat="10" name="M1ky3ste92" chips="510" dealer="0" win="0" bet="35" muck="1" rebuy="0" addon="0" merge="0" rebuychips="0" reg_code="5075737292"/>
<player seat="3" name="Dhhdhdjdjdj" chips="440" dealer="1" win="0" bet="35" muck="1" rebuy="0" addon="0" merge="0" rebuychips="0" reg_code="5075736953"/>
<player seat="6" name="ilCapo6" chips="550" dealer="0" win="105" bet="140" muck="1" rebuy="0" addon="0" merge="0" rebuychips="0" reg_code="5075737094"/>
</players>
</general>
<round no="0"><action no="1" player="ilCapo6" type="15" discard="1" dealt="1" sum="5"/>
<action no="2" player="M1ky3ste92" type="15" sum="5"/>
<action no="3" player="Dhhdhdjdjdj" type="15" discard="1" dealt="1" sum="5"/>
<action no="4" player="ilCapo6" type="1" discard="1" dealt="1" sum="15"/>
<action no="5" player="M1ky3ste92" type="2" sum="30"/>
</round>
<round no="1"><cards type="Pocket" player="ilCapo6">X X</cards>
<cards type="Pocket" player="M1ky3ste92">D6 S10</cards>
<cards type="Pocket" player="Dhhdhdjdjdj">X X</cards>
<action no="6" player="Dhhdhdjdjdj" type="3" discard="1" dealt="1" sum="30"/>
<action no="7" player="ilCapo6" type="3" discard="1" dealt="1" sum="15"/>
<action no="8" player="M1ky3ste92" type="4" sum="0"/>
</round>
<round no="2"><cards type="Flop">H6 S3 C2</cards>
<action no="9" player="ilCapo6" type="5" discard="1" dealt="1" sum="105"/>
<action no="10" player="M1ky3ste92" type="0" sum="0"/>
<action no="11" player="Dhhdhdjdjdj" type="0" discard="1" dealt="1" sum="0"/>
</round>
</game>
<game gamecode="6541662838"><general><startdate>2025-11-26 16:22:29</startdate>
<round>1</round>
<failsafecounter/>
<players><player seat="3" name="Dhhdhdjdjdj" chips="405" dealer="0" win="0" bet="35" muck="1" rebuy="0" addon="0" merge="0" rebuychips="0" reg_code="5075736953"/>
<player seat="6" name="ilCapo6" chips="620" dealer="1" win="0" bet="5" muck="1" rebuy="0" addon="0" merge="0" rebuychips="0" reg_code="5075737094"/>
<player seat="10" name="M1ky3ste92" chips="475" dealer="0" win="75" bet="35" muck="0" rebuy="0" addon="0" merge="0" rebuychips="0" reg_code="5075737292"/>
</players>
</general>
<round no="0"><action no="1" player="M1ky3ste92" type="15" sum="5"/>
<action no="2" player="Dhhdhdjdjdj" type="15" discard="1" dealt="1" sum="5"/>
<action no="3" player="ilCapo6" type="15" discard="1" dealt="1" sum="5"/>
<action no="4" player="M1ky3ste92" type="1" sum="15"/>
<action no="5" player="Dhhdhdjdjdj" type="2" discard="1" dealt="1" sum="30"/>
</round>
<round no="1"><cards type="Pocket" player="ilCapo6">X X</cards>
<cards type="Pocket" player="Dhhdhdjdjdj">CQ D3</cards>
<cards type="Pocket" player="M1ky3ste92">H9 H3</cards>
<action no="6" player="ilCapo6" type="0" discard="1" dealt="1" sum="0"/>
<action no="7" player="M1ky3ste92" type="3" sum="15"/>
<action no="8" player="Dhhdhdjdjdj" type="4" discard="1" dealt="1" sum="0"/>
</round>
<round no="2"><cards type="Flop">DA S3 S4</cards>
<action no="9" player="M1ky3ste92" type="4" sum="0"/>
<action no="10" player="Dhhdhdjdjdj" type="4" discard="1" dealt="1" sum="0"/>
</round>
<round no="3"><cards type="Turn">S7</cards>
<action no="11" player="M1ky3ste92" type="4" sum="0"/>
<action no="12" player="Dhhdhdjdjdj" type="4" discard="1" dealt="1" sum="0"/>
</round>
<round no="4"><cards type="River">S9</cards>
<action no="13" player="M1ky3ste92" type="4" sum="0"/>
<action no="14" player="Dhhdhdjdjdj" type="4" discard="1" dealt="1" sum="0"/>
</round>
</game>
<game gamecode="6541662892"><general><startdate>2025-11-26 16:22:47</startdate>
<round>1</round>
<failsafecounter/>
<players><player seat="6" name="ilCapo6" chips="615" dealer="0" win="75" bet="615" muck="1" rebuy="0" addon="0" merge="0" rebuychips="0" reg_code="5075737094"/>
<player seat="10" name="M1ky3ste92" chips="515" dealer="1" win="0" bet="5" muck="1" rebuy="0" addon="0" merge="0" rebuychips="0" reg_code="5075737292"/>
<player seat="3" name="Dhhdhdjdjdj" chips="370" dealer="0" win="0" bet="35" muck="1" rebuy="0" addon="0" merge="0" rebuychips="0" reg_code="5075736953"/>
</players>
</general>
<round no="0"><action no="1" player="Dhhdhdjdjdj" type="15" discard="1" dealt="1" sum="5"/>
<action no="2" player="ilCapo6" type="15" discard="1" dealt="1" sum="5"/>
<action no="3" player="M1ky3ste92" type="15" sum="5"/>
<action no="4" player="Dhhdhdjdjdj" type="1" discard="1" dealt="1" sum="15"/>
<action no="5" player="ilCapo6" type="2" discard="1" dealt="1" sum="30"/>
</round>
<round no="1"><cards type="Pocket" player="ilCapo6">X X</cards>
<cards type="Pocket" player="M1ky3ste92">C8 SK</cards>
<cards type="Pocket" player="Dhhdhdjdjdj">X X</cards>
<action no="6" player="M1ky3ste92" type="0" sum="0"/>
<action no="7" player="Dhhdhdjdjdj" type="3" discard="1" dealt="1" sum="15"/>
<action no="8" player="ilCapo6" type="23" discard="1" dealt="1" sum="610"/>
<action no="9" player="Dhhdhdjdjdj" type="0" discard="1" dealt="1" sum="0"/>
</round>
</game>
<game gamecode="6541662927"><general><startdate>2025-11-26 16:22:59</startdate>
<round>1</round>
<failsafecounter/>
<players><player seat="10" name="M1ky3ste92" chips="510" dealer="0" win="0" bet="35" muck="1" rebuy="0" addon="0" merge="0" rebuychips="0" reg_code="5075737292"/>
<player seat="3" name="Dhhdhdjdjdj" chips="335" dealer="1" win="225" bet="95" muck="0" rebuy="0" addon="0" merge="0" rebuychips="0" reg_code="5075736953"/>
<player seat="6" name="ilCapo6" chips="655" dealer="0" win="0" bet="95" muck="1" rebuy="0" addon="0" merge="0" rebuychips="0" reg_code="5075737094"/>
</players>
</general>
<round no="0"><action no="1" player="ilCapo6" type="15" discard="1" dealt="1" sum="5"/>
<action no="2" player="M1ky3ste92" type="15" sum="5"/>
<action no="3" player="Dhhdhdjdjdj" type="15" discard="1" dealt="1" sum="5"/>
<action no="4" player="ilCapo6" type="1" discard="1" dealt="1" sum="15"/>
<action no="5" player="M1ky3ste92" type="2" sum="30"/>
</round>
<round no="1"><cards type="Pocket" player="ilCapo6">H7 CK</cards>
<cards type="Pocket" player="Dhhdhdjdjdj">HJ HQ</cards>
<cards type="Pocket" player="M1ky3ste92">S4 C10</cards>
<action no="6" player="Dhhdhdjdjdj" type="3" discard="1" dealt="1" sum="30"/>
<action no="7" player="ilCapo6" type="3" discard="1" dealt="1" sum="15"/>
<action no="8" player="M1ky3ste92" type="4" sum="0"/>
</round>
<round no="2"><cards type="Flop">S7 C9 D9</cards>
<action no="9" player="ilCapo6" type="4" discard="1" dealt="1" sum="0"/>
<action no="10" player="M1ky3ste92" type="4" sum="0"/>
<action no="11" player="Dhhdhdjdjdj" type="4" discard="1" dealt="1" sum="0"/>
</round>
<round no="3"><cards type="Turn">SQ</cards>
<action no="12" player="ilCapo6" type="4" discard="1" dealt="1" sum="0"/>
<action no="13" player="M1ky3ste92" type="4" sum="0"/>
<action no="14" player="Dhhdhdjdjdj" type="5" discard="1" dealt="1" sum="30"/>
<action no="15" player="ilCapo6" type="3" discard="1" dealt="1" sum="30"/>
<action no="16" player="M1ky3ste92" type="0" sum="0"/>
</round>
<round no="4"><cards type="River">C8</cards>
<action no="17" player="ilCapo6" type="4" discard="1" dealt="1" sum="0"/>
<action no="18" player="Dhhdhdjdjdj" type="5" discard="1" dealt="1" sum="30"/>
<action no="19" player="ilCapo6" type="3" discard="1" dealt="1" sum="30"/>
</round>
</game>
<game gamecode="6541663051"><general><startdate>2025-11-26 16:23:53</startdate>
<round>1</round>
<failsafecounter/>
<players><player seat="3" name="Dhhdhdjdjdj" chips="465" dealer="0" win="0" bet="45" muck="1" rebuy="0" addon="0" merge="0" rebuychips="0" reg_code="5075736953"/>
<player seat="6" name="ilCapo6" chips="560" dealer="1" win="115" bet="560" muck="1" rebuy="0" addon="0" merge="0" rebuychips="0" reg_code="5075737094"/>
<player seat="10" name="M1ky3ste92" chips="475" dealer="0" win="0" bet="25" muck="1" rebuy="0" addon="0" merge="0" rebuychips="0" reg_code="5075737292"/>
</players>
</general>
<round no="0"><action no="1" player="M1ky3ste92" type="15" sum="5"/>
<action no="2" player="Dhhdhdjdjdj" type="15" discard="1" dealt="1" sum="5"/>
<action no="3" player="ilCapo6" type="15" discard="1" dealt="1" sum="5"/>
<action no="4" player="M1ky3ste92" type="1" sum="20"/>
<action no="5" player="Dhhdhdjdjdj" type="2" discard="1" dealt="1" sum="40"/>
</round>
<round no="1"><cards type="Pocket" player="ilCapo6">X X</cards>
<cards type="Pocket" player="Dhhdhdjdjdj">X X</cards>
<cards type="Pocket" player="M1ky3ste92">C7 S3</cards>
<action no="6" player="ilCapo6" type="23" discard="1" dealt="1" sum="555"/>
<action no="7" player="M1ky3ste92" type="0" sum="0"/>
<action no="8" player="Dhhdhdjdjdj" type="0" discard="1" dealt="1" sum="0"/>
</round>
</game>
<game gamecode="6541663075"><general><startdate>2025-11-26 16:24:06</startdate>
<round>1</round>
<failsafecounter/>
<players><player seat="6" name="ilCapo6" chips="630" dealer="0" win="95" bet="92" muck="1" rebuy="0" addon="0" merge="0" rebuychips="0" reg_code="5075737094"/>
<player seat="10" name="M1ky3ste92" chips="450" dealer="1" win="0" bet="5" muck="1" rebuy="0" addon="0" merge="0" rebuychips="0" reg_code="5075737292"/>
<player seat="3" name="Dhhdhdjdjdj" chips="420" dealer="0" win="0" bet="45" muck="1" rebuy="0" addon="0" merge="0" rebuychips="0" reg_code="5075736953"/>
</players>
</general>
<round no="0"><action no="1" player="Dhhdhdjdjdj" type="15" discard="1" dealt="1" sum="5"/>
<action no="2" player="ilCapo6" type="15" discard="1" dealt="1" sum="5"/>
<action no="3" player="M1ky3ste92" type="15" sum="5"/>
<action no="4" player="Dhhdhdjdjdj" type="1" discard="1" dealt="1" sum="20"/>
<action no="5" player="ilCapo6" type="2" discard="1" dealt="1" sum="40"/>
</round>
<round no="1"><cards type="Pocket" player="M1ky3ste92">CJ C7</cards>
<cards type="Pocket" player="ilCapo6">X X</cards>
<cards type="Pocket" player="Dhhdhdjdjdj">X X</cards>
<action no="6" player="M1ky3ste92" type="0" sum="0"/>
<action no="7" player="Dhhdhdjdjdj" type="3" discard="1" dealt="1" sum="20"/>
<action no="8" player="ilCapo6" type="4" discard="1" dealt="1" sum="0"/>
</round>
<round no="2"><cards type="Flop">S9 C10 S4</cards>
<action no="9" player="Dhhdhdjdjdj" type="4" discard="1" dealt="1" sum="0"/>
<action no="10" player="ilCapo6" type="5" discard="1" dealt="1" sum="47"/>
<action no="11" player="Dhhdhdjdjdj" type="0" discard="1" dealt="1" sum="0"/>
</round>
</game>
<game gamecode="6541663129"><general><startdate>2025-11-26 16:24:33</startdate>
<round>1</round>
<failsafecounter/>
<players><player seat="10" name="M1ky3ste92" chips="445" dealer="0" win="0" bet="45" muck="1" rebuy="0" addon="0" merge="0" rebuychips="0" reg_code="5075737292"/>
<player seat="3" name="Dhhdhdjdjdj" chips="375" dealer="1" win="135" bet="85" muck="1" rebuy="0" addon="0" merge="0" rebuychips="0" reg_code="5075736953"/>
<player seat="6" name="ilCapo6" chips="680" dealer="0" win="0" bet="45" muck="1" rebuy="0" addon="0" merge="0" rebuychips="0" reg_code="5075737094"/>
</players>
</general>
<round no="0"><action no="1" player="ilCapo6" type="15" discard="1" dealt="1" sum="5"/>
<action no="2" player="M1ky3ste92" type="15" sum="5"/>
<action no="3" player="Dhhdhdjdjdj" type="15" discard="1" dealt="1" sum="5"/>
<action no="4" player="ilCapo6" type="1" discard="1" dealt="1" sum="20"/>
<action no="5" player="M1ky3ste92" type="2" sum="40"/>
</round>
<round no="1"><cards type="Pocket" player="M1ky3ste92">SK H2</cards>
<cards type="Pocket" player="ilCapo6">X X</cards>
<cards type="Pocket" player="Dhhdhdjdjdj">X X</cards>
<action no="6" player="Dhhdhdjdjdj" type="3" discard="1" dealt="1" sum="40"/>
<action no="7" player="ilCapo6" type="3" discard="1" dealt="1" sum="20"/>
<action no="8" player="M1ky3ste92" type="4" sum="0"/>
</round>
<round no="2"><cards type="Flop">CQ CJ H6</cards>
<action no="9" player="ilCapo6" type="4" discard="1" dealt="1" sum="0"/>
<action no="10" player="M1ky3ste92" type="4" sum="0"/>
<action no="11" player="Dhhdhdjdjdj" type="5" discard="1" dealt="1" sum="40"/>
<action no="12" player="ilCapo6" type="0" discard="1" dealt="1" sum="0"/>
<action no="13" player="M1ky3ste92" type="0" sum="0"/>
</round>
</game>
<game gamecode="6541663187"><general><startdate>2025-11-26 16:24:59</startdate>
<round>1</round>
<failsafecounter/>
<players><player seat="3" name="Dhhdhdjdjdj" chips="465" dealer="0" win="0" bet="45" muck="1" rebuy="0" addon="0" merge="0" rebuychips="0" reg_code="5075736953"/>
<player seat="6" name="ilCapo6" chips="635" dealer="1" win="0" bet="5" muck="1" rebuy="0" addon="0" merge="0" rebuychips="0" reg_code="5075737094"/>
<player seat="10" name="M1ky3ste92" chips="400" dealer="0" win="95" bet="400" muck="1" rebuy="0" addon="0" merge="0" rebuychips="0" reg_code="5075737292"/>
</players>
</general>
<round no="0"><action no="1" player="M1ky3ste92" type="15" sum="5"/>
<action no="2" player="Dhhdhdjdjdj" type="15" discard="1" dealt="1" sum="5"/>
<action no="3" player="ilCapo6" type="15" discard="1" dealt="1" sum="5"/>
<action no="4" player="M1ky3ste92" type="1" sum="20"/>
<action no="5" player="Dhhdhdjdjdj" type="2" discard="1" dealt="1" sum="40"/>
</round>
<round no="1"><cards type="Pocket" player="Dhhdhdjdjdj">X X</cards>
<cards type="Pocket" player="M1ky3ste92">H9 D8</cards>
<cards type="Pocket" player="ilCapo6">X X</cards>
<action no="6" player="ilCapo6" type="0" discard="1" dealt="1" sum="0"/>
<action no="7" player="M1ky3ste92" type="23" sum="395"/>
<action no="8" player="Dhhdhdjdjdj" type="0" discard="1" dealt="1" sum="0"/>
</round>
</game>
<game gamecode="6541663219"><general><startdate>2025-11-26 16:25:12</startdate>
<round>1</round>
<failsafecounter/>
<players><player seat="6" name="ilCapo6" chips="630" dealer="0" win="135" bet="630" muck="1" rebuy="0" addon="0" merge="0" rebuychips="0" reg_code="5075737094"/>
<player seat="10" name="M1ky3ste92" chips="450" dealer="1" win="0" bet="5" muck="1" rebuy="0" addon="0" merge="0" rebuychips="0" reg_code="5075737292"/>
<player seat="3" name="Dhhdhdjdjdj" chips="420" dealer="0" win="0" bet="65" muck="1" rebuy="0" addon="0" merge="0" rebuychips="0" reg_code="5075736953"/>
</players>
</general>
<round no="0"><action no="1" player="Dhhdhdjdjdj" type="15" discard="1" dealt="1" sum="5"/>
<action no="2" player="ilCapo6" type="15" discard="1" dealt="1" sum="5"/>
<action no="3" player="M1ky3ste92" type="15" sum="5"/>
<action no="4" player="Dhhdhdjdjdj" type="1" discard="1" dealt="1" sum="30"/>
<action no="5" player="ilCapo6" type="2" discard="1" dealt="1" sum="60"/>
</round>
<round no="1"><cards type="Pocket" player="ilCapo6">X X</cards>
<cards type="Pocket" player="Dhhdhdjdjdj">X X</cards>
<cards type="Pocket" player="M1ky3ste92">C2 D4</cards>
<action no="6" player="M1ky3ste92" type="0" sum="0"/>
<action no="7" player="Dhhdhdjdjdj" type="3" discard="1" dealt="1" sum="30"/>
<action no="8" player="ilCapo6" type="4" discard="1" dealt="1" sum="0"/>
</round>
<round no="2"><cards type="Flop">D9 S6 H5</cards>
<action no="9" player="Dhhdhdjdjdj" type="4" discard="1" dealt="1" sum="0"/>
<action no="10" player="ilCapo6" type="4" discard="1" dealt="1" sum="0"/>
</round>
<round no="3"><cards type="Turn">H4</cards>
<action no="11" player="Dhhdhdjdjdj" type="4" discard="1" dealt="1" sum="0"/>
<action no="12" player="ilCapo6" type="5" discard="1" dealt="1" sum="565"/>
<action no="13" player="Dhhdhdjdjdj" type="0" discard="1" dealt="1" sum="0"/>
</round>
</game>
<game gamecode="6541663298"><general><startdate>2025-11-26 16:25:43</startdate>
<round>1</round>
<failsafecounter/>
<players><player seat="10" name="M1ky3ste92" chips="445" dealer="0" win="0" bet="125" muck="0" rebuy="0" addon="0" merge="0" rebuychips="0" reg_code="5075737292"/>
<player seat="3" name="Dhhdhdjdjdj" chips="355" dealer="1" win="285" bet="125" muck="0" rebuy="0" addon="0" merge="0" rebuychips="0" reg_code="5075736953"/>
<player seat="6" name="ilCapo6" chips="700" dealer="0" win="0" bet="35" muck="1" rebuy="0" addon="0" merge="0" rebuychips="0" reg_code="5075737094"/>
</players>
</general>
<round no="0"><action no="1" player="ilCapo6" type="15" discard="1" dealt="1" sum="5"/>
<action no="2" player="M1ky3ste92" type="15" sum="5"/>
<action no="3" player="Dhhdhdjdjdj" type="15" discard="1" dealt="1" sum="5"/>
<action no="4" player="ilCapo6" type="1" discard="1" dealt="1" sum="30"/>
<action no="5" player="M1ky3ste92" type="2" sum="60"/>
</round>
<round no="1"><cards type="Pocket" player="Dhhdhdjdjdj">H6 DA</cards>
<cards type="Pocket" player="M1ky3ste92">S10 C4</cards>
<cards type="Pocket" player="ilCapo6">X X</cards>
<action no="6" player="Dhhdhdjdjdj" type="3" discard="1" dealt="1" sum="60"/>
<action no="7" player="ilCapo6" type="0" discard="1" dealt="1" sum="0"/>
<action no="8" player="M1ky3ste92" type="4" sum="0"/>
</round>
<round no="2"><cards type="Flop">CA H2 S6</cards>
<action no="9" player="M1ky3ste92" type="4" sum="0"/>
<action no="10" player="Dhhdhdjdjdj" type="4" discard="1" dealt="1" sum="0"/>
</round>
<round no="3"><cards type="Turn">C5</cards>
<action no="11" player="M1ky3ste92" type="4" sum="0"/>
<action no="12" player="Dhhdhdjdjdj" type="4" discard="1" dealt="1" sum="0"/>
</round>
<round no="4"><cards type="River">D10</cards>
<action no="13" player="M1ky3ste92" type="5" sum="60"/>
<action no="14" player="Dhhdhdjdjdj" type="3" discard="1" dealt="1" sum="60"/>
</round>
</game>
<game gamecode="6541663352"><general><startdate>2025-11-26 16:26:10</startdate>
<round>1</round>
<failsafecounter/>
<players><player seat="3" name="Dhhdhdjdjdj" chips="515" dealer="0" win="75" bet="65" muck="1" rebuy="0" addon="0" merge="0" rebuychips="0" reg_code="5075736953"/>
<player seat="6" name="ilCapo6" chips="665" dealer="1" win="0" bet="5" muck="1" rebuy="0" addon="0" merge="0" rebuychips="0" reg_code="5075737094"/>
<player seat="10" name="M1ky3ste92" chips="320" dealer="0" win="0" bet="35" muck="1" rebuy="0" addon="0" merge="0" rebuychips="0" reg_code="5075737292"/>
</players>
</general>
<round no="0"><action no="1" player="M1ky3ste92" type="15" sum="5"/>
<action no="2" player="Dhhdhdjdjdj" type="15" discard="1" dealt="1" sum="5"/>
<action no="3" player="ilCapo6" type="15" discard="1" dealt="1" sum="5"/>
<action no="4" player="M1ky3ste92" type="1" sum="30"/>
<action no="5" player="Dhhdhdjdjdj" type="2" discard="1" dealt="1" sum="60"/>
</round>
<round no="1"><cards type="Pocket" player="ilCapo6">X X</cards>
<cards type="Pocket" player="Dhhdhdjdjdj">X X</cards>
<cards type="Pocket" player="M1ky3ste92">H4 SJ</cards>
<action no="6" player="ilCapo6" type="0" discard="1" dealt="1" sum="0"/>
<action no="7" player="M1ky3ste92" type="0" sum="0"/>
</round>
</game>
<game gamecode="6541663374"><general><startdate>2025-11-26 16:26:22</startdate>
<round>1</round>
<failsafecounter/>
<players><player seat="6" name="ilCapo6" chips="660" dealer="0" win="1,115" bet="555" muck="0" rebuy="0" addon="0" merge="0" rebuychips="0" reg_code="5075737094"/>
<player seat="10" name="M1ky3ste92" chips="285" dealer="1" win="0" bet="5" muck="1" rebuy="0" addon="0" merge="0" rebuychips="0" reg_code="5075737292"/>
<player seat="3" name="Dhhdhdjdjdj" chips="555" dealer="0" win="0" bet="555" muck="0" rebuy="0" addon="0" merge="0" rebuychips="0" reg_code="5075736953"/>
</players>
</general>
<round no="0"><action no="1" player="Dhhdhdjdjdj" type="15" discard="1" dealt="1" sum="5"/>
<action no="2" player="ilCapo6" type="15" discard="1" dealt="1" sum="5"/>
<action no="3" player="M1ky3ste92" type="15" sum="5"/>
<action no="4" player="Dhhdhdjdjdj" type="1" discard="1" dealt="1" sum="30"/>
<action no="5" player="ilCapo6" type="2" discard="1" dealt="1" sum="60"/>
</round>
<round no="1"><cards type="Pocket" player="Dhhdhdjdjdj">HQ SA</cards>
<cards type="Pocket" player="M1ky3ste92">C8 H7</cards>
<cards type="Pocket" player="ilCapo6">S4 SK</cards>
<action no="6" player="M1ky3ste92" type="0" sum="0"/>
<action no="7" player="Dhhdhdjdjdj" type="23" discard="1" dealt="1" sum="120"/>
<action no="8" player="ilCapo6" type="3" discard="1" dealt="1" sum="60"/>
</round>
<round no="2"><cards type="Flop">CK SQ H4</cards>
<action no="9" player="Dhhdhdjdjdj" type="4" discard="1" dealt="1" sum="0"/>
<action no="10" player="ilCapo6" type="5" discard="1" dealt="1" sum="90"/>
<action no="11" player="Dhhdhdjdjdj" type="3" discard="1" dealt="1" sum="90"/>
</round>
<round no="3"><cards type="Turn">HK</cards>
<action no="12" player="Dhhdhdjdjdj" type="4" discard="1" dealt="1" sum="0"/>
<action no="13" player="ilCapo6" type="5" discard="1" dealt="1" sum="90"/>
<action no="14" player="Dhhdhdjdjdj" type="23" discard="1" dealt="1" sum="340"/>
<action no="15" player="ilCapo6" type="3" discard="1" dealt="1" sum="250"/>
</round>
<round no="4"><cards type="River">C6</cards>
</round>
</game>
<game gamecode="6541668873"><general><startdate>2025-11-26 16:26:56</startdate>
<round>1</round>
<failsafecounter/>
<players><player seat="10" name="M1ky3ste92" chips="280" dealer="0" win="0" bet="280" muck="0" rebuy="0" addon="0" merge="0" rebuychips="0" reg_code="5075737292"/>
<player seat="6" name="ilCapo6" chips="1,220" dealer="1" win="560" bet="1,220" muck="0" rebuy="0" addon="0" merge="0" rebuychips="0" reg_code="5075737094"/>
</players>
</general>
<round no="0"><action no="1" player="ilCapo6" type="15" discard="1" dealt="1" sum="8"/>
<action no="2" player="M1ky3ste92" type="15" sum="8"/>
<action no="3" player="ilCapo6" type="1" discard="1" dealt="1" sum="40"/>
<action no="4" player="M1ky3ste92" type="2" sum="80"/>
</round>
<round no="1"><cards type="Pocket" player="ilCapo6">C5 CK</cards>
<cards type="Pocket" player="M1ky3ste92">D4 S10</cards>
<action no="5" player="ilCapo6" type="23" discard="1" dealt="1" sum="1,212"/>
<action no="6" player="M1ky3ste92" type="7" sum="192"/>
</round>
<round no="2"><cards type="Flop">C9 H8 C7</cards>
</round>
<round no="3"><cards type="Turn">SA</cards>
</round>
<round no="4"><cards type="River">H9</cards>
</round>
</game>
</session>
