<?xml version="1.0" encoding="UTF-8"?>
<session sessioncode="5075998556">
<general>
<client_version>25.7.1.34</client_version>
<mode>real</mode>
<gametype>Holdem NL</gametype>
<tablename>Twister €100 SNG, 822552351</tablename>
<tournamentcode>822552350</tournamentcode>
<tournamentname>Twister €100 SNG</tournamentname>
<buyin>€0 + €7 + €93</buyin>
<totalbuyin>€100</totalbuyin>
<rewarddrawn>€500</rewarddrawn>
<tournamentcurrency>EUR</tournamentcurrency>
<currency>EUR</currency>
<nickname>M1ky3ste92</nickname>
<gamecount>2</gamecount>
<startdate>2025-11-27 17:08:59</startdate>
<place>3</place>
<win>€0</win>
<tablesize>3</tablesize>
</general>
<game gamecode="6542577009"><general><startdate>2025-11-27 17:09:14</startdate>
<round>1</round>
<failsafecounter/>
<players><player seat="10" name="Crazypoke" chips="500" dealer="0" win="20" bet="20" muck="1" rebuy="0" addon="0" merge="0" rebuychips="0" reg_code="5075998566"/>
<player seat="3" name="M1ky3ste92" chips="500" dealer="1" win="0" bet="0" muck="1" rebuy="0" addon="0" merge="0" rebuychips="0" reg_code="5075998556"/>
<player seat="6" name="ilCapo6" chips="500" dealer="0" win="0" bet="10" muck="1" rebuy="0" addon="0" merge="0" rebuychips="0" reg_code="5075998564"/>
</players>
</general>
<round no="0"><action no="1" player="ilCapo6" type="1" discard="1" dealt="1" sum="10"/>
<action no="2" player="Crazypoke" type="2" discard="1" dealt="1" sum="20"/>
</round>
<round no="1"><cards type="Pocket" player="M1ky3ste92">H8 SJ</cards>
<cards type="Pocket" player="Crazypoke">X X</cards>
<cards type="Pocket" player="ilCapo6">X X</cards>
<action no="3" player="M1ky3ste92" type="0" sum="0"/>
<action no="4" player="ilCapo6" type="0" discard="1" dealt="1" sum="0"/>
</round>
</game>
<game gamecode="6542577051"><general><startdate>2025-11-27 17:09:32</startdate>
<round>1</round>
<failsafecounter/>
<players><player seat="3" name="M1ky3ste92" chips="500" dealer="0" win="0" bet="500" muck="0" rebuy="0" addon="0" merge="0" rebuychips="0" reg_code="5075998556"/>
<player seat="6" name="ilCapo6" chips="490" dealer="1" win="0" bet="100" muck="1" rebuy="0" addon="0" merge="0" rebuychips="0" reg_code="5075998564"/>
<player seat="10" name="Crazypoke" chips="510" dealer="0" win="1,100" bet="510" muck="0" rebuy="0" addon="0" merge="0" rebuychips="0" reg_code="5075998566"/>
</players>
</general>
<round no="0"><action no="1" player="Crazypoke" type="1" discard="1" dealt="1" sum="10"/>
<action no="2" player="M1ky3ste92" type="2" sum="20"/>
</round>
<round no="1"><cards type="Pocket" player="ilCapo6">X X</cards>
<cards type="Pocket" player="Crazypoke">H5 H4</cards>
<cards type="Pocket" player="M1ky3ste92">CQ C10</cards>
<action no="3" player="ilCapo6" type="23" discard="1" dealt="1" sum="40"/>
<action no="4" player="Crazypoke" type="3" discard="1" dealt="1" sum="30"/>
<action no="5" player="M1ky3ste92" type="3" sum="20"/>
</round>
<round no="2"><cards type="Flop">S3 D10 H6</cards>
<action no="6" player="Crazypoke" type="4" discard="1" dealt="1" sum="0"/>
<action no="7" player="M1ky3ste92" type="4" sum="0"/>
<action no="8" player="ilCapo6" type="5" discard="1" dealt="1" sum="60"/>
<action no="9" player="Crazypoke" type="3" discard="1" dealt="1" sum="60"/>
<action no="10" player="M1ky3ste92" type="23" sum="140"/>
<action no="11" player="ilCapo6" type="0" discard="1" dealt="1" sum="0"/>
<action no="12" player="Crazypoke" type="3" discard="1" dealt="1" sum="80"/>
</round>
<round no="3"><cards type="Turn">D8</cards>
<action no="13" player="Crazypoke" type="5" discard="1" dealt="1" sum="330"/>
<action no="14" player="M1ky3ste92" type="7" sum="320"/>
</round>
<round no="4"><cards type="River">S7</cards>
</round>
</game>
</session>
