<?xml version="1.0" encoding="UTF-8"?>
<session sessioncode="5075738007">
<general>
<client_version>25.7.1.34</client_version>
<mode>real</mode>
<gametype>Holdem NL</gametype>
<tablename>Twister €100 SNG, 822482431</tablename>
<tournamentcode>822482430</tournamentcode>
<tournamentname>Twister €100 SNG</tournamentname>
<buyin>€0 + €7 + €93</buyin>
<totalbuyin>€100</totalbuyin>
<rewarddrawn>€300</rewarddrawn>
<tournamentcurrency>EUR</tournamentcurrency>
<currency>EUR</currency>
<nickname>M1ky3ste92</nickname>
<gamecount>13</gamecount>
<startdate>2025-11-26 16:23:07</startdate>
<place>2</place>
<win>€0</win>
<tablesize>3</tablesize>
</general>
<game gamecode="6541664926"><general><startdate>2025-11-26 16:23:22</startdate>
<round>1</round>
<failsafecounter/>
<players><player seat="10" name="ilCapo6" chips="500" dealer="0" win="0" bet="20" muck="1" rebuy="0" addon="0" merge="0" rebuychips="0" reg_code="5075738213"/>
<player seat="3" name="mocciolocaldo" chips="500" dealer="1" win="0" bet="0" muck="1" rebuy="0" addon="0" merge="0" rebuychips="0" reg_code="5075737750"/>
<player seat="6" name="M1ky3ste92" chips="500" dealer="0" win="40" bet="50" muck="1" rebuy="0" addon="0" merge="0" rebuychips="0" reg_code="5075738007"/>
</players>
</general>
<round no="0"><action no="1" player="M1ky3ste92" type="1" sum="10"/>
<action no="2" player="ilCapo6" type="2" discard="1" dealt="1" sum="20"/>
</round>
<round no="1"><cards type="Pocket" player="M1ky3ste92">H7 S7</cards>
<cards type="Pocket" player="mocciolocaldo">X X</cards>
<cards type="Pocket" player="ilCapo6">X X</cards>
<action no="3" player="mocciolocaldo" type="0" discard="1" dealt="1" sum="0"/>
<action no="4" player="M1ky3ste92" type="23" sum="50"/>
<action no="5" player="ilCapo6" type="0" discard="1" dealt="1" sum="0"/>
</round>
</game>
<game gamecode="6541664958"><general><startdate>2025-11-26 16:23:42</startdate>
<round>1</round>
<failsafecounter/>
<players><player seat="3" name="mocciolocaldo" chips="500" dealer="0" win="0" bet="60" muck="1" rebuy="0" addon="0" merge="0" rebuychips="0" reg_code="5075737750"/>
<player seat="6" name="M1ky3ste92" chips="520" dealer="1" win="0" bet="0" muck="1" rebuy="0" addon="0" merge="0" rebuychips="0" reg_code="5075738007"/>
<player seat="10" name="ilCapo6" chips="480" dealer="0" win="120" bet="480" muck="1" rebuy="0" addon="0" merge="0" rebuychips="0" reg_code="5075738213"/>
</players>
</general>
<round no="0"><action no="1" player="ilCapo6" type="1" discard="1" dealt="1" sum="10"/>
<action no="2" player="mocciolocaldo" type="2" discard="1" dealt="1" sum="20"/>
</round>
<round no="1"><cards type="Pocket" player="M1ky3ste92">C2 SQ</cards>
<cards type="Pocket" player="mocciolocaldo">X X</cards>
<cards type="Pocket" player="ilCapo6">X X</cards>
<action no="3" player="M1ky3ste92" type="0" sum="0"/>
<action no="4" player="ilCapo6" type="3" discard="1" dealt="1" sum="10"/>
<action no="5" player="mocciolocaldo" type="23" discard="1" dealt="1" sum="60"/>
<action no="6" player="ilCapo6" type="23" discard="1" dealt="1" sum="480"/>
<action no="7" player="mocciolocaldo" type="0" discard="1" dealt="1" sum="0"/>
</round>
</game>
<game gamecode="6541664998"><general><startdate>2025-11-26 16:24:02</startdate>
<round>1</round>
<failsafecounter/>
<players><player seat="6" name="M1ky3ste92" chips="520" dealer="0" win="0" bet="20" muck="1" rebuy="0" addon="0" merge="0" rebuychips="0" reg_code="5075738007"/>
<player seat="10" name="ilCapo6" chips="540" dealer="1" win="50" bet="40" muck="1" rebuy="0" addon="0" merge="0" rebuychips="0" reg_code="5075738213"/>
<player seat="3" name="mocciolocaldo" chips="440" dealer="0" win="0" bet="10" muck="1" rebuy="0" addon="0" merge="0" rebuychips="0" reg_code="5075737750"/>
</players>
</general>
<round no="0"><action no="1" player="mocciolocaldo" type="1" discard="1" dealt="1" sum="10"/>
<action no="2" player="M1ky3ste92" type="2" sum="20"/>
</round>
<round no="1"><cards type="Pocket" player="M1ky3ste92">SK D2</cards>
<cards type="Pocket" player="mocciolocaldo">X X</cards>
<cards type="Pocket" player="ilCapo6">X X</cards>
<action no="3" player="ilCapo6" type="23" discard="1" dealt="1" sum="40"/>
<action no="4" player="mocciolocaldo" type="0" discard="1" dealt="1" sum="0"/>
<action no="5" player="M1ky3ste92" type="0" sum="0"/>
</round>
</game>
<game gamecode="6541665035"><general><startdate>2025-11-26 16:24:18</startdate>
<round>1</round>
<failsafecounter/>
<players><player seat="10" name="ilCapo6" chips="570" dealer="0" win="20" bet="20" muck="1" rebuy="0" addon="0" merge="0" rebuychips="0" reg_code="5075738213"/>
<player seat="3" name="mocciolocaldo" chips="430" dealer="1" win="0" bet="0" muck="1" rebuy="0" addon="0" merge="0" rebuychips="0" reg_code="5075737750"/>
<player seat="6" name="M1ky3ste92" chips="500" dealer="0" win="0" bet="10" muck="1" rebuy="0" addon="0" merge="0" rebuychips="0" reg_code="5075738007"/>
</players>
</general>
<round no="0"><action no="1" player="M1ky3ste92" type="1" sum="10"/>
<action no="2" player="ilCapo6" type="2" discard="1" dealt="1" sum="20"/>
</round>
<round no="1"><cards type="Pocket" player="ilCapo6">X X</cards>
<cards type="Pocket" player="mocciolocaldo">X X</cards>
<cards type="Pocket" player="M1ky3ste92">S3 S9</cards>
<action no="3" player="mocciolocaldo" type="0" discard="1" dealt="1" sum="0"/>
<action no="4" player="M1ky3ste92" type="0" sum="0"/>
</round>
</game>
<game gamecode="6541665044"><general><startdate>2025-11-26 16:24:25</startdate>
<round>1</round>
<failsafecounter/>
<players><player seat="3" name="mocciolocaldo" chips="430" dealer="0" win="0" bet="430" muck="0" rebuy="0" addon="0" merge="0" rebuychips="0" reg_code="5075737750"/>
<player seat="6" name="M1ky3ste92" chips="490" dealer="1" win="0" bet="0" muck="1" rebuy="0" addon="0" merge="0" rebuychips="0" reg_code="5075738007"/>
<player seat="10" name="ilCapo6" chips="580" dealer="0" win="860" bet="580" muck="0" rebuy="0" addon="0" merge="0" rebuychips="0" reg_code="5075738213"/>
</players>
</general>
<round no="0"><action no="1" player="ilCapo6" type="1" discard="1" dealt="1" sum="10"/>
<action no="2" player="mocciolocaldo" type="2" discard="1" dealt="1" sum="20"/>
</round>
<round no="1"><cards type="Pocket" player="M1ky3ste92">DK H7</cards>
<cards type="Pocket" player="mocciolocaldo">SK S9</cards>
<cards type="Pocket" player="ilCapo6">H10 HA</cards>
<action no="3" player="M1ky3ste92" type="0" sum="0"/>
<action no="4" player="ilCapo6" type="23" discard="1" dealt="1" sum="50"/>
<action no="5" player="mocciolocaldo" type="3" discard="1" dealt="1" sum="30"/>
</round>
<round no="2"><cards type="Flop">S2 D8 CJ</cards>
<action no="6" player="ilCapo6" type="4" discard="1" dealt="1" sum="0"/>
<action no="7" player="mocciolocaldo" type="4" discard="1" dealt="1" sum="0"/>
</round>
<round no="3"><cards type="Turn">S10</cards>
<action no="8" player="ilCapo6" type="4" discard="1" dealt="1" sum="0"/>
<action no="9" player="mocciolocaldo" type="5" discard="1" dealt="1" sum="75"/>
<action no="10" player="ilCapo6" type="23" discard="1" dealt="1" sum="530"/>
<action no="11" player="mocciolocaldo" type="7" discard="1" dealt="1" sum="305"/>
</round>
<round no="4"><cards type="River">HJ</cards>
</round>
</game>
<game gamecode="6541665148"><general><startdate>2025-11-26 16:25:17</startdate>
<round>1</round>
<failsafecounter/>
<players><player seat="6" name="M1ky3ste92" chips="490" dealer="0" win="70" bet="70" muck="0" rebuy="0" addon="0" merge="0" rebuychips="0" reg_code="5075738007"/>
<player seat="10" name="ilCapo6" chips="1,010" dealer="1" win="70" bet="70" muck="0" rebuy="0" addon="0" merge="0" rebuychips="0" reg_code="5075738213"/>
</players>
</general>
<round no="0"><action no="1" player="ilCapo6" type="15" discard="1" dealt="1" sum="5"/>
<action no="2" player="M1ky3ste92" type="15" sum="5"/>
<action no="3" player="ilCapo6" type="1" discard="1" dealt="1" sum="15"/>
<action no="4" player="M1ky3ste92" type="2" sum="30"/>
</round>
<round no="1"><cards type="Pocket" player="ilCapo6">H7 C4</cards>
<cards type="Pocket" player="M1ky3ste92">H4 C3</cards>
<action no="5" player="ilCapo6" type="3" discard="1" dealt="1" sum="15"/>
<action no="6" player="M1ky3ste92" type="4" sum="0"/>
</round>
<round no="2"><cards type="Flop">CK S4 DQ</cards>
<action no="7" player="M1ky3ste92" type="4" sum="0"/>
<action no="8" player="ilCapo6" type="5" discard="1" dealt="1" sum="35"/>
<action no="9" player="M1ky3ste92" type="3" sum="35"/>
</round>
<round no="3"><cards type="Turn">CA</cards>
<action no="10" player="M1ky3ste92" type="4" sum="0"/>
<action no="11" player="ilCapo6" type="4" discard="1" dealt="1" sum="0"/>
</round>
<round no="4"><cards type="River">HJ</cards>
<action no="12" player="M1ky3ste92" type="4" sum="0"/>
<action no="13" player="ilCapo6" type="4" discard="1" dealt="1" sum="0"/>
</round>
</game>
<game gamecode="6541665222"><general><startdate>2025-11-26 16:25:57</startdate>
<round>1</round>
<failsafecounter/>
<players><player seat="10" name="ilCapo6" chips="1,010" dealer="0" win="130" bet="65" muck="0" rebuy="0" addon="0" merge="0" rebuychips="0" reg_code="5075738213"/>
<player seat="6" name="M1ky3ste92" chips="490" dealer="1" win="0" bet="65" muck="1" rebuy="0" addon="0" merge="0" rebuychips="0" reg_code="5075738007"/>
</players>
</general>
<round no="0"><action no="1" player="M1ky3ste92" type="15" sum="5"/>
<action no="2" player="ilCapo6" type="15" discard="1" dealt="1" sum="5"/>
<action no="3" player="M1ky3ste92" type="1" sum="15"/>
<action no="4" player="ilCapo6" type="2" discard="1" dealt="1" sum="30"/>
</round>
<round no="1"><cards type="Pocket" player="M1ky3ste92">H4 D10</cards>
<cards type="Pocket" player="ilCapo6">S3 SJ</cards>
<action no="5" player="M1ky3ste92" type="3" sum="15"/>
<action no="6" player="ilCapo6" type="4" discard="1" dealt="1" sum="0"/>
</round>
<round no="2"><cards type="Flop">H9 SK DJ</cards>
<action no="7" player="ilCapo6" type="4" discard="1" dealt="1" sum="0"/>
<action no="8" player="M1ky3ste92" type="5" sum="30"/>
<action no="9" player="ilCapo6" type="3" discard="1" dealt="1" sum="30"/>
</round>
<round no="3"><cards type="Turn">C7</cards>
<action no="10" player="ilCapo6" type="4" discard="1" dealt="1" sum="0"/>
<action no="11" player="M1ky3ste92" type="4" sum="0"/>
</round>
<round no="4"><cards type="River">HA</cards>
<action no="12" player="ilCapo6" type="4" discard="1" dealt="1" sum="0"/>
<action no="13" player="M1ky3ste92" type="4" sum="0"/>
</round>
</game>
<game gamecode="6541665315"><general><startdate>2025-11-26 16:26:38</startdate>
<round>1</round>
<failsafecounter/>
<players><player seat="6" name="M1ky3ste92" chips="425" dealer="0" win="0" bet="35" muck="1" rebuy="0" addon="0" merge="0" rebuychips="0" reg_code="5075738007"/>
<player seat="10" name="ilCapo6" chips="1,075" dealer="1" win="70" bet="70" muck="1" rebuy="0" addon="0" merge="0" rebuychips="0" reg_code="5075738213"/>
</players>
</general>
<round no="0"><action no="1" player="ilCapo6" type="15" discard="1" dealt="1" sum="5"/>
<action no="2" player="M1ky3ste92" type="15" sum="5"/>
<action no="3" player="ilCapo6" type="1" discard="1" dealt="1" sum="15"/>
<action no="4" player="M1ky3ste92" type="2" sum="30"/>
</round>
<round no="1"><cards type="Pocket" player="M1ky3ste92">H6 DJ</cards>
<cards type="Pocket" player="ilCapo6">X X</cards>
<action no="5" player="ilCapo6" type="3" discard="1" dealt="1" sum="15"/>
<action no="6" player="M1ky3ste92" type="4" sum="0"/>
</round>
<round no="2"><cards type="Flop">DA S7 C3</cards>
<action no="7" player="M1ky3ste92" type="4" sum="0"/>
<action no="8" player="ilCapo6" type="5" discard="1" dealt="1" sum="35"/>
<action no="9" player="M1ky3ste92" type="0" sum="0"/>
</round>
</game>
<game gamecode="6541665388"><general><startdate>2025-11-26 16:27:08</startdate>
<round>1</round>
<failsafecounter/>
<players><player seat="10" name="ilCapo6" chips="1,110" dealer="0" win="50" bet="45" muck="1" rebuy="0" addon="0" merge="0" rebuychips="0" reg_code="5075738213"/>
<player seat="6" name="M1ky3ste92" chips="390" dealer="1" win="0" bet="25" muck="1" rebuy="0" addon="0" merge="0" rebuychips="0" reg_code="5075738007"/>
</players>
</general>
<round no="0"><action no="1" player="M1ky3ste92" type="15" sum="5"/>
<action no="2" player="ilCapo6" type="15" discard="1" dealt="1" sum="5"/>
<action no="3" player="M1ky3ste92" type="1" sum="20"/>
<action no="4" player="ilCapo6" type="2" discard="1" dealt="1" sum="40"/>
</round>
<round no="1"><cards type="Pocket" player="M1ky3ste92">H8 S4</cards>
<cards type="Pocket" player="ilCapo6">X X</cards>
<action no="5" player="M1ky3ste92" type="0" sum="0"/>
</round>
</game>
<game gamecode="6541665414"><general><startdate>2025-11-26 16:27:19</startdate>
<round>1</round>
<failsafecounter/>
<players><player seat="6" name="M1ky3ste92" chips="365" dealer="0" win="365" bet="365" muck="0" rebuy="0" addon="0" merge="0" rebuychips="0" reg_code="5075738007"/>
<player seat="10" name="ilCapo6" chips="1,135" dealer="1" win="365" bet="365" muck="0" rebuy="0" addon="0" merge="0" rebuychips="0" reg_code="5075738213"/>
</players>
</general>
<round no="0"><action no="1" player="ilCapo6" type="15" discard="1" dealt="1" sum="5"/>
<action no="2" player="M1ky3ste92" type="15" sum="5"/>
<action no="3" player="ilCapo6" type="1" discard="1" dealt="1" sum="20"/>
<action no="4" player="M1ky3ste92" type="2" sum="40"/>
</round>
<round no="1"><cards type="Pocket" player="M1ky3ste92">D3 D5</cards>
<cards type="Pocket" player="ilCapo6">C5 DJ</cards>
<action no="5" player="ilCapo6" type="3" discard="1" dealt="1" sum="20"/>
<action no="6" player="M1ky3ste92" type="4" sum="0"/>
</round>
<round no="2"><cards type="Flop">D2 C6 S4</cards>
<action no="7" player="M1ky3ste92" type="5" sum="40"/>
<action no="8" player="ilCapo6" type="23" discard="1" dealt="1" sum="120"/>
<action no="9" player="M1ky3ste92" type="23" sum="320"/>
<action no="10" player="ilCapo6" type="3" discard="1" dealt="1" sum="200"/>
</round>
<round no="3"><cards type="Turn">C3</cards>
</round>
<round no="4"><cards type="River">SA</cards>
</round>
</game>
<game gamecode="6541665486"><general><startdate>2025-11-26 16:27:56</startdate>
<round>1</round>
<failsafecounter/>
<players><player seat="10" name="ilCapo6" chips="1,135" dealer="0" win="0" bet="45" muck="1" rebuy="0" addon="0" merge="0" rebuychips="0" reg_code="5075738213"/>
<player seat="6" name="M1ky3ste92" chips="365" dealer="1" win="90" bet="365" muck="1" rebuy="0" addon="0" merge="0" rebuychips="0" reg_code="5075738007"/>
</players>
</general>
<round no="0"><action no="1" player="M1ky3ste92" type="15" sum="5"/>
<action no="2" player="ilCapo6" type="15" discard="1" dealt="1" sum="5"/>
<action no="3" player="M1ky3ste92" type="1" sum="20"/>
<action no="4" player="ilCapo6" type="2" discard="1" dealt="1" sum="40"/>
</round>
<round no="1"><cards type="Pocket" player="ilCapo6">X X</cards>
<cards type="Pocket" player="M1ky3ste92">SJ DQ</cards>
<action no="5" player="M1ky3ste92" type="23" sum="360"/>
<action no="6" player="ilCapo6" type="0" discard="1" dealt="1" sum="0"/>
</round>
</game>
<game gamecode="6541665509"><general><startdate>2025-11-26 16:28:05</startdate>
<round>1</round>
<failsafecounter/>
<players><player seat="6" name="M1ky3ste92" chips="410" dealer="0" win="90" bet="105" muck="1" rebuy="0" addon="0" merge="0" rebuychips="0" reg_code="5075738007"/>
<player seat="10" name="ilCapo6" chips="1,090" dealer="1" win="0" bet="45" muck="1" rebuy="0" addon="0" merge="0" rebuychips="0" reg_code="5075738213"/>
</players>
</general>
<round no="0"><action no="1" player="ilCapo6" type="15" discard="1" dealt="1" sum="5"/>
<action no="2" player="M1ky3ste92" type="15" sum="5"/>
<action no="3" player="ilCapo6" type="1" discard="1" dealt="1" sum="20"/>
<action no="4" player="M1ky3ste92" type="2" sum="40"/>
</round>
<round no="1"><cards type="Pocket" player="ilCapo6">X X</cards>
<cards type="Pocket" player="M1ky3ste92">HJ HQ</cards>
<action no="5" player="ilCapo6" type="3" discard="1" dealt="1" sum="20"/>
<action no="6" player="M1ky3ste92" type="23" sum="100"/>
<action no="7" player="ilCapo6" type="0" discard="1" dealt="1" sum="0"/>
</round>
</game>
<game gamecode="6541665540"><general><startdate>2025-11-26 16:28:20</startdate>
<round>1</round>
<failsafecounter/>
<players><player seat="10" name="ilCapo6" chips="1,045" dealer="0" win="910" bet="455" muck="0" rebuy="0" addon="0" merge="0" rebuychips="0" reg_code="5075738213"/>
<player seat="6" name="M1ky3ste92" chips="455" dealer="1" win="0" bet="455" muck="0" rebuy="0" addon="0" merge="0" rebuychips="0" reg_code="5075738007"/>
</players>
</general>
<round no="0"><action no="1" player="M1ky3ste92" type="15" sum="5"/>
<action no="2" player="ilCapo6" type="15" discard="1" dealt="1" sum="5"/>
<action no="3" player="M1ky3ste92" type="1" sum="20"/>
<action no="4" player="ilCapo6" type="2" discard="1" dealt="1" sum="40"/>
</round>
<round no="1"><cards type="Pocket" player="M1ky3ste92">SJ HQ</cards>
<cards type="Pocket" player="ilCapo6">C2 H2</cards>
<action no="5" player="M1ky3ste92" type="23" sum="450"/>
<action no="6" player="ilCapo6" type="3" discard="1" dealt="1" sum="410"/>
</round>
<round no="2"><cards type="Flop">D2 CA C10</cards>
</round>
<round no="3"><cards type="Turn">D5</cards>
</round>
<round no="4"><cards type="River">S3</cards>
</round>
</game>
</session>
