<?xml version="1.0" encoding="UTF-8"?>
<session sessioncode="5075928426">
<general>
<client_version>25.7.1.34</client_version>
<mode>real</mode>
<gametype>Holdem NL</gametype>
<tablename>Twister €100 SNG, 822534386</tablename>
<tournamentcode>822534385</tournamentcode>
<tournamentname>Twister €100 SNG</tournamentname>
<buyin>€0 + €7 + €93</buyin>
<totalbuyin>€100</totalbuyin>
<rewarddrawn>€300</rewarddrawn>
<tournamentcurrency>EUR</tournamentcurrency>
<currency>EUR</currency>
<nickname>M1ky3ste92</nickname>
<gamecount>13</gamecount>
<startdate>2025-11-27 11:08:00</startdate>
<place>2</place>
<win>€0</win>
<tablesize>3</tablesize>
</general>
<game gamecode="6542350261"><general><startdate>2025-11-27 11:08:15</startdate>
<round>1</round>
<failsafecounter/>
<players><player seat="10" name="M1ky3ste92" chips="500" dealer="0" win="0" bet="50" muck="1" rebuy="0" addon="0" merge="0" rebuychips="0" reg_code="5075928426"/>
<player seat="3" name="OFiorbe" chips="500" dealer="1" win="0" bet="0" muck="1" rebuy="0" addon="0" merge="0" rebuychips="0" reg_code="5075928281"/>
<player seat="6" name="deIduKA" chips="500" dealer="0" win="100" bet="83" muck="1" rebuy="0" addon="0" merge="0" rebuychips="0" reg_code="5075928415"/>
</players>
</general>
<round no="0"><action no="1" player="deIduKA" type="1" discard="1" dealt="1" sum="10"/>
<action no="2" player="M1ky3ste92" type="2" sum="20"/>
</round>
<round no="1"><cards type="Pocket" player="M1ky3ste92">C7 D10</cards>
<cards type="Pocket" player="deIduKA">X X</cards>
<cards type="Pocket" player="OFiorbe">X X</cards>
<action no="3" player="OFiorbe" type="0" discard="1" dealt="1" sum="0"/>
<action no="4" player="deIduKA" type="23" discard="1" dealt="1" sum="50"/>
<action no="5" player="M1ky3ste92" type="3" sum="30"/>
</round>
<round no="2"><cards type="Flop">H3 HQ D8</cards>
<action no="6" player="deIduKA" type="5" discard="1" dealt="1" sum="33"/>
<action no="7" player="M1ky3ste92" type="0" sum="0"/>
</round>
</game>
<game gamecode="6542350287"><general><startdate>2025-11-27 11:08:36</startdate>
<round>1</round>
<failsafecounter/>
<players><player seat="3" name="OFiorbe" chips="500" dealer="0" win="0" bet="125" muck="1" rebuy="0" addon="0" merge="0" rebuychips="0" reg_code="5075928281"/>
<player seat="6" name="deIduKA" chips="550" dealer="1" win="260" bet="290" muck="1" rebuy="0" addon="0" merge="0" rebuychips="0" reg_code="5075928415"/>
<player seat="10" name="M1ky3ste92" chips="450" dealer="0" win="0" bet="10" muck="1" rebuy="0" addon="0" merge="0" rebuychips="0" reg_code="5075928426"/>
</players>
</general>
<round no="0"><action no="1" player="M1ky3ste92" type="1" sum="10"/>
<action no="2" player="OFiorbe" type="2" discard="1" dealt="1" sum="20"/>
</round>
<round no="1"><cards type="Pocket" player="OFiorbe">X X</cards>
<cards type="Pocket" player="M1ky3ste92">D10 D3</cards>
<cards type="Pocket" player="deIduKA">X X</cards>
<action no="3" player="deIduKA" type="23" discard="1" dealt="1" sum="40"/>
<action no="4" player="M1ky3ste92" type="0" sum="0"/>
<action no="5" player="OFiorbe" type="3" discard="1" dealt="1" sum="20"/>
</round>
<round no="2"><cards type="Flop">DQ C3 S4</cards>
<action no="6" player="OFiorbe" type="4" discard="1" dealt="1" sum="0"/>
<action no="7" player="deIduKA" type="5" discard="1" dealt="1" sum="20"/>
<action no="8" player="OFiorbe" type="3" discard="1" dealt="1" sum="20"/>
</round>
<round no="3"><cards type="Turn">S7</cards>
<action no="9" player="OFiorbe" type="4" discard="1" dealt="1" sum="0"/>
<action no="10" player="deIduKA" type="4" discard="1" dealt="1" sum="0"/>
</round>
<round no="4"><cards type="River">CK</cards>
<action no="11" player="OFiorbe" type="5" discard="1" dealt="1" sum="65"/>
<action no="12" player="deIduKA" type="23" discard="1" dealt="1" sum="230"/>
<action no="13" player="OFiorbe" type="0" discard="1" dealt="1" sum="0"/>
</round>
</game>
<game gamecode="6542350349"><general><startdate>2025-11-27 11:09:33</startdate>
<round>1</round>
<failsafecounter/>
<players><player seat="6" name="deIduKA" chips="685" dealer="0" win="750" bet="375" muck="0" rebuy="0" addon="0" merge="0" rebuychips="0" reg_code="5075928415"/>
<player seat="10" name="M1ky3ste92" chips="440" dealer="1" win="0" bet="0" muck="1" rebuy="0" addon="0" merge="0" rebuychips="0" reg_code="5075928426"/>
<player seat="3" name="OFiorbe" chips="375" dealer="0" win="0" bet="375" muck="0" rebuy="0" addon="0" merge="0" rebuychips="0" reg_code="5075928281"/>
</players>
</general>
<round no="0"><action no="1" player="OFiorbe" type="1" discard="1" dealt="1" sum="10"/>
<action no="2" player="deIduKA" type="2" discard="1" dealt="1" sum="20"/>
</round>
<round no="1"><cards type="Pocket" player="OFiorbe">S3 D4</cards>
<cards type="Pocket" player="deIduKA">D8 H4</cards>
<cards type="Pocket" player="M1ky3ste92">C4 HJ</cards>
<action no="3" player="M1ky3ste92" type="0" sum="0"/>
<action no="4" player="OFiorbe" type="3" discard="1" dealt="1" sum="10"/>
<action no="5" player="deIduKA" type="4" discard="1" dealt="1" sum="0"/>
</round>
<round no="2"><cards type="Flop">C7 D6 H2</cards>
<action no="6" player="OFiorbe" type="5" discard="1" dealt="1" sum="20"/>
<action no="7" player="deIduKA" type="3" discard="1" dealt="1" sum="20"/>
</round>
<round no="3"><cards type="Turn">C10</cards>
<action no="8" player="OFiorbe" type="5" discard="1" dealt="1" sum="40"/>
<action no="9" player="deIduKA" type="3" discard="1" dealt="1" sum="40"/>
</round>
<round no="4"><cards type="River">C5</cards>
<action no="10" player="OFiorbe" type="5" discard="1" dealt="1" sum="295"/>
<action no="11" player="deIduKA" type="3" discard="1" dealt="1" sum="295"/>
</round>
</game>
<game gamecode="6542350404"><general><startdate>2025-11-27 11:10:26</startdate>
<round>1</round>
<failsafecounter/>
<players><player seat="10" name="M1ky3ste92" chips="440" dealer="0" win="70" bet="155" muck="1" rebuy="0" addon="0" merge="0" rebuychips="0" reg_code="5075928426"/>
<player seat="6" name="deIduKA" chips="1,060" dealer="1" win="0" bet="35" muck="1" rebuy="0" addon="0" merge="0" rebuychips="0" reg_code="5075928415"/>
</players>
</general>
<round no="0"><action no="1" player="deIduKA" type="15" discard="1" dealt="1" sum="5"/>
<action no="2" player="M1ky3ste92" type="15" sum="5"/>
<action no="3" player="deIduKA" type="1" discard="1" dealt="1" sum="15"/>
<action no="4" player="M1ky3ste92" type="2" sum="30"/>
</round>
<round no="1"><cards type="Pocket" player="deIduKA">X X</cards>
<cards type="Pocket" player="M1ky3ste92">SK CQ</cards>
<action no="5" player="deIduKA" type="3" discard="1" dealt="1" sum="15"/>
<action no="6" player="M1ky3ste92" type="23" sum="150"/>
<action no="7" player="deIduKA" type="0" discard="1" dealt="1" sum="0"/>
</round>
</game>
<game gamecode="6542350417"><general><startdate>2025-11-27 11:10:42</startdate>
<round>1</round>
<failsafecounter/>
<players><player seat="6" name="deIduKA" chips="1,025" dealer="0" win="260" bet="130" muck="0" rebuy="0" addon="0" merge="0" rebuychips="0" reg_code="5075928415"/>
<player seat="10" name="M1ky3ste92" chips="475" dealer="1" win="0" bet="130" muck="1" rebuy="0" addon="0" merge="0" rebuychips="0" reg_code="5075928426"/>
</players>
</general>
<round no="0"><action no="1" player="M1ky3ste92" type="15" sum="5"/>
<action no="2" player="deIduKA" type="15" discard="1" dealt="1" sum="5"/>
<action no="3" player="M1ky3ste92" type="1" sum="15"/>
<action no="4" player="deIduKA" type="2" discard="1" dealt="1" sum="30"/>
</round>
<round no="1"><cards type="Pocket" player="M1ky3ste92">D10 C7</cards>
<cards type="Pocket" player="deIduKA">H3 D6</cards>
<action no="5" player="M1ky3ste92" type="3" sum="15"/>
<action no="6" player="deIduKA" type="4" discard="1" dealt="1" sum="0"/>
</round>
<round no="2"><cards type="Flop">D3 S10 C3</cards>
<action no="7" player="deIduKA" type="4" discard="1" dealt="1" sum="0"/>
<action no="8" player="M1ky3ste92" type="5" sum="30"/>
<action no="9" player="deIduKA" type="3" discard="1" dealt="1" sum="30"/>
</round>
<round no="3"><cards type="Turn">SA</cards>
<action no="10" player="deIduKA" type="4" discard="1" dealt="1" sum="0"/>
<action no="11" player="M1ky3ste92" type="4" sum="0"/>
</round>
<round no="4"><cards type="River">C5</cards>
<action no="12" player="deIduKA" type="5" discard="1" dealt="1" sum="65"/>
<action no="13" player="M1ky3ste92" type="3" sum="65"/>
</round>
</game>
<game gamecode="6542350465"><general><startdate>2025-11-27 11:11:25</startdate>
<round>1</round>
<failsafecounter/>
<players><player seat="10" name="M1ky3ste92" chips="345" dealer="0" win="70" bet="345" muck="1" rebuy="0" addon="0" merge="0" rebuychips="0" reg_code="5075928426"/>
<player seat="6" name="deIduKA" chips="1,155" dealer="1" win="0" bet="35" muck="1" rebuy="0" addon="0" merge="0" rebuychips="0" reg_code="5075928415"/>
</players>
</general>
<round no="0"><action no="1" player="deIduKA" type="15" discard="1" dealt="1" sum="5"/>
<action no="2" player="M1ky3ste92" type="15" sum="5"/>
<action no="3" player="deIduKA" type="1" discard="1" dealt="1" sum="15"/>
<action no="4" player="M1ky3ste92" type="2" sum="30"/>
</round>
<round no="1"><cards type="Pocket" player="M1ky3ste92">DA H7</cards>
<cards type="Pocket" player="deIduKA">X X</cards>
<action no="5" player="deIduKA" type="3" discard="1" dealt="1" sum="15"/>
<action no="6" player="M1ky3ste92" type="23" sum="340"/>
<action no="7" player="deIduKA" type="0" discard="1" dealt="1" sum="0"/>
</round>
</game>
<game gamecode="6542350479"><general><startdate>2025-11-27 11:11:35</startdate>
<round>1</round>
<failsafecounter/>
<players><player seat="6" name="deIduKA" chips="1,120" dealer="0" win="90" bet="105" muck="1" rebuy="0" addon="0" merge="0" rebuychips="0" reg_code="5075928415"/>
<player seat="10" name="M1ky3ste92" chips="380" dealer="1" win="0" bet="45" muck="1" rebuy="0" addon="0" merge="0" rebuychips="0" reg_code="5075928426"/>
</players>
</general>
<round no="0"><action no="1" player="M1ky3ste92" type="15" sum="5"/>
<action no="2" player="deIduKA" type="15" discard="1" dealt="1" sum="5"/>
<action no="3" player="M1ky3ste92" type="1" sum="20"/>
<action no="4" player="deIduKA" type="2" discard="1" dealt="1" sum="40"/>
</round>
<round no="1"><cards type="Pocket" player="deIduKA">X X</cards>
<cards type="Pocket" player="M1ky3ste92">S9 D7</cards>
<action no="5" player="M1ky3ste92" type="3" sum="20"/>
<action no="6" player="deIduKA" type="23" discard="1" dealt="1" sum="100"/>
<action no="7" player="M1ky3ste92" type="0" sum="0"/>
</round>
</game>
<game gamecode="6542350505"><general><startdate>2025-11-27 11:11:56</startdate>
<round>1</round>
<failsafecounter/>
<players><player seat="10" name="M1ky3ste92" chips="335" dealer="0" win="670" bet="335" muck="0" rebuy="0" addon="0" merge="0" rebuychips="0" reg_code="5075928426"/>
<player seat="6" name="deIduKA" chips="1,165" dealer="1" win="0" bet="1,165" muck="1" rebuy="0" addon="0" merge="0" rebuychips="0" reg_code="5075928415"/>
</players>
</general>
<round no="0"><action no="1" player="deIduKA" type="15" discard="1" dealt="1" sum="5"/>
<action no="2" player="M1ky3ste92" type="15" sum="5"/>
<action no="3" player="deIduKA" type="1" discard="1" dealt="1" sum="20"/>
<action no="4" player="M1ky3ste92" type="2" sum="40"/>
</round>
<round no="1"><cards type="Pocket" player="deIduKA">DQ D2</cards>
<cards type="Pocket" player="M1ky3ste92">D7 C7</cards>
<action no="5" player="deIduKA" type="23" discard="1" dealt="1" sum="1,160"/>
<action no="6" player="M1ky3ste92" type="7" sum="290"/>
</round>
<round no="2"><cards type="Flop">S7 H2 S3</cards>
</round>
<round no="3"><cards type="Turn">CQ</cards>
</round>
<round no="4"><cards type="River">S4</cards>
</round>
</game>
<game gamecode="6542350526"><general><startdate>2025-11-27 11:12:12</startdate>
<round>1</round>
<failsafecounter/>
<players><player seat="6" name="deIduKA" chips="830" dealer="0" win="90" bet="830" muck="1" rebuy="0" addon="0" merge="0" rebuychips="0" reg_code="5075928415"/>
<player seat="10" name="M1ky3ste92" chips="670" dealer="1" win="0" bet="45" muck="1" rebuy="0" addon="0" merge="0" rebuychips="0" reg_code="5075928426"/>
</players>
</general>
<round no="0"><action no="1" player="M1ky3ste92" type="15" sum="5"/>
<action no="2" player="deIduKA" type="15" discard="1" dealt="1" sum="5"/>
<action no="3" player="M1ky3ste92" type="1" sum="20"/>
<action no="4" player="deIduKA" type="2" discard="1" dealt="1" sum="40"/>
</round>
<round no="1"><cards type="Pocket" player="M1ky3ste92">S10 CJ</cards>
<cards type="Pocket" player="deIduKA">X X</cards>
<action no="5" player="M1ky3ste92" type="3" sum="20"/>
<action no="6" player="deIduKA" type="23" discard="1" dealt="1" sum="825"/>
<action no="7" player="M1ky3ste92" type="0" sum="0"/>
</round>
</game>
<game gamecode="6542350558"><general><startdate>2025-11-27 11:12:39</startdate>
<round>1</round>
<failsafecounter/>
<players><player seat="10" name="M1ky3ste92" chips="625" dealer="0" win="0" bet="45" muck="1" rebuy="0" addon="0" merge="0" rebuychips="0" reg_code="5075928426"/>
<player seat="6" name="deIduKA" chips="875" dealer="1" win="90" bet="85" muck="1" rebuy="0" addon="0" merge="0" rebuychips="0" reg_code="5075928415"/>
</players>
</general>
<round no="0"><action no="1" player="deIduKA" type="15" discard="1" dealt="1" sum="5"/>
<action no="2" player="M1ky3ste92" type="15" sum="5"/>
<action no="3" player="deIduKA" type="1" discard="1" dealt="1" sum="20"/>
<action no="4" player="M1ky3ste92" type="2" sum="40"/>
</round>
<round no="1"><cards type="Pocket" player="M1ky3ste92">S6 H10</cards>
<cards type="Pocket" player="deIduKA">X X</cards>
<action no="5" player="deIduKA" type="23" discard="1" dealt="1" sum="80"/>
<action no="6" player="M1ky3ste92" type="0" sum="0"/>
</round>
</game>
<game gamecode="6542350574"><general><startdate>2025-11-27 11:12:46</startdate>
<round>1</round>
<failsafecounter/>
<players><player seat="6" name="deIduKA" chips="920" dealer="0" win="0" bet="45" muck="1" rebuy="0" addon="0" merge="0" rebuychips="0" reg_code="5075928415"/>
<player seat="10" name="M1ky3ste92" chips="580" dealer="1" win="90" bet="85" muck="1" rebuy="0" addon="0" merge="0" rebuychips="0" reg_code="5075928426"/>
</players>
</general>
<round no="0"><action no="1" player="M1ky3ste92" type="15" sum="5"/>
<action no="2" player="deIduKA" type="15" discard="1" dealt="1" sum="5"/>
<action no="3" player="M1ky3ste92" type="1" sum="20"/>
<action no="4" player="deIduKA" type="2" discard="1" dealt="1" sum="40"/>
</round>
<round no="1"><cards type="Pocket" player="deIduKA">X X</cards>
<cards type="Pocket" player="M1ky3ste92">H10 S6</cards>
<action no="5" player="M1ky3ste92" type="3" sum="20"/>
<action no="6" player="deIduKA" type="4" discard="1" dealt="1" sum="0"/>
</round>
<round no="2"><cards type="Flop">S3 DJ D2</cards>
<action no="7" player="deIduKA" type="4" discard="1" dealt="1" sum="0"/>
<action no="8" player="M1ky3ste92" type="4" sum="0"/>
</round>
<round no="3"><cards type="Turn">S10</cards>
<action no="9" player="deIduKA" type="4" discard="1" dealt="1" sum="0"/>
<action no="10" player="M1ky3ste92" type="5" sum="40"/>
<action no="11" player="deIduKA" type="0" discard="1" dealt="1" sum="0"/>
</round>
</game>
<game gamecode="6542350633"><general><startdate>2025-11-27 11:13:32</startdate>
<round>1</round>
<failsafecounter/>
<players><player seat="10" name="M1ky3ste92" chips="625" dealer="0" win="0" bet="65" muck="1" rebuy="0" addon="0" merge="0" rebuychips="0" reg_code="5075928426"/>
<player seat="6" name="deIduKA" chips="875" dealer="1" win="130" bet="875" muck="1" rebuy="0" addon="0" merge="0" rebuychips="0" reg_code="5075928415"/>
</players>
</general>
<round no="0"><action no="1" player="deIduKA" type="15" discard="1" dealt="1" sum="5"/>
<action no="2" player="M1ky3ste92" type="15" sum="5"/>
<action no="3" player="deIduKA" type="1" discard="1" dealt="1" sum="30"/>
<action no="4" player="M1ky3ste92" type="2" sum="60"/>
</round>
<round no="1"><cards type="Pocket" player="M1ky3ste92">D7 D8</cards>
<cards type="Pocket" player="deIduKA">X X</cards>
<action no="5" player="deIduKA" type="23" discard="1" dealt="1" sum="870"/>
<action no="6" player="M1ky3ste92" type="0" sum="0"/>
</round>
</game>
<game gamecode="6542350645"><general><startdate>2025-11-27 11:13:43</startdate>
<round>1</round>
<failsafecounter/>
<players><player seat="6" name="deIduKA" chips="940" dealer="0" win="1,120" bet="560" muck="0" rebuy="0" addon="0" merge="0" rebuychips="0" reg_code="5075928415"/>
<player seat="10" name="M1ky3ste92" chips="560" dealer="1" win="0" bet="560" muck="0" rebuy="0" addon="0" merge="0" rebuychips="0" reg_code="5075928426"/>
</players>
</general>
<round no="0"><action no="1" player="M1ky3ste92" type="15" sum="5"/>
<action no="2" player="deIduKA" type="15" discard="1" dealt="1" sum="5"/>
<action no="3" player="M1ky3ste92" type="1" sum="30"/>
<action no="4" player="deIduKA" type="2" discard="1" dealt="1" sum="60"/>
</round>
<round no="1"><cards type="Pocket" player="M1ky3ste92">D4 CK</cards>
<cards type="Pocket" player="deIduKA">S9 S10</cards>
<action no="5" player="M1ky3ste92" type="23" sum="555"/>
<action no="6" player="deIduKA" type="3" discard="1" dealt="1" sum="495"/>
</round>
<round no="2"><cards type="Flop">C7 HQ H10</cards>
</round>
<round no="3"><cards type="Turn">D3</cards>
</round>
<round no="4"><cards type="River">S6</cards>
</round>
</game>
</session>
