<?xml version="1.0" encoding="UTF-8"?>
<session sessioncode="5075720576">
<general>
<client_version>25.7.1.34</client_version>
<mode>real</mode>
<gametype>Holdem NL</gametype>
<tablename>Twister €100 SNG, 822479223</tablename>
<tournamentcode>822479222</tournamentcode>
<tournamentname>Twister €100 SNG</tournamentname>
<buyin>€0 + €7 + €93</buyin>
<totalbuyin>€100</totalbuyin>
<rewarddrawn>€200</rewarddrawn>
<tournamentcurrency>EUR</tournamentcurrency>
<currency>EUR</currency>
<nickname>M1ky3ste92</nickname>
<gamecount>13</gamecount>
<startdate>2025-11-26 15:11:24</startdate>
<place>2</place>
<win>€0</win>
<tablesize>3</tablesize>
</general>
<game gamecode="6541605771"><general><startdate>2025-11-26 15:11:39</startdate>
<round>1</round>
<failsafecounter/>
<players><player seat="10" name="Thechosenoonee" chips="500" dealer="0" win="80" bet="120" muck="1" rebuy="0" addon="0" merge="0" rebuychips="0" reg_code="5075720592"/>
<player seat="3" name="M1ky3ste92" chips="500" dealer="1" win="0" bet="0" muck="1" rebuy="0" addon="0" merge="0" rebuychips="0" reg_code="5075720576"/>
<player seat="6" name="gherrison97" chips="500" dealer="0" win="0" bet="40" muck="1" rebuy="0" addon="0" merge="0" rebuychips="0" reg_code="5075720581"/>
</players>
</general>
<round no="0"><action no="1" player="gherrison97" type="1" discard="1" dealt="1" sum="10"/>
<action no="2" player="Thechosenoonee" type="2" discard="1" dealt="1" sum="20"/>
</round>
<round no="1"><cards type="Pocket" player="Thechosenoonee">X X</cards>
<cards type="Pocket" player="M1ky3ste92">D9 H7</cards>
<cards type="Pocket" player="gherrison97">X X</cards>
<action no="3" player="M1ky3ste92" type="0" sum="0"/>
<action no="4" player="gherrison97" type="23" discard="1" dealt="1" sum="40"/>
<action no="5" player="Thechosenoonee" type="3" discard="1" dealt="1" sum="20"/>
</round>
<round no="2"><cards type="Flop">H9 DQ C3</cards>
<action no="6" player="gherrison97" type="4" discard="1" dealt="1" sum="0"/>
<action no="7" player="Thechosenoonee" type="4" discard="1" dealt="1" sum="0"/>
</round>
<round no="3"><cards type="Turn">S8</cards>
<action no="8" player="gherrison97" type="4" discard="1" dealt="1" sum="0"/>
<action no="9" player="Thechosenoonee" type="5" discard="1" dealt="1" sum="80"/>
<action no="10" player="gherrison97" type="0" discard="1" dealt="1" sum="0"/>
</round>
</game>
<game gamecode="6541605835"><general><startdate>2025-11-26 15:12:07</startdate>
<round>1</round>
<failsafecounter/>
<players><player seat="3" name="M1ky3ste92" chips="500" dealer="0" win="0" bet="20" muck="1" rebuy="0" addon="0" merge="0" rebuychips="0" reg_code="5075720576"/>
<player seat="6" name="gherrison97" chips="460" dealer="1" win="0" bet="0" muck="1" rebuy="0" addon="0" merge="0" rebuychips="0" reg_code="5075720581"/>
<player seat="10" name="Thechosenoonee" chips="540" dealer="0" win="40" bet="50" muck="1" rebuy="0" addon="0" merge="0" rebuychips="0" reg_code="5075720592"/>
</players>
</general>
<round no="0"><action no="1" player="Thechosenoonee" type="1" discard="1" dealt="1" sum="10"/>
<action no="2" player="M1ky3ste92" type="2" sum="20"/>
</round>
<round no="1"><cards type="Pocket" player="M1ky3ste92">S5 D3</cards>
<cards type="Pocket" player="gherrison97">X X</cards>
<cards type="Pocket" player="Thechosenoonee">X X</cards>
<action no="3" player="gherrison97" type="0" discard="1" dealt="1" sum="0"/>
<action no="4" player="Thechosenoonee" type="23" discard="1" dealt="1" sum="50"/>
<action no="5" player="M1ky3ste92" type="0" sum="0"/>
</round>
</game>
<game gamecode="6541605872"><general><startdate>2025-11-26 15:12:19</startdate>
<round>1</round>
<failsafecounter/>
<players><player seat="6" name="gherrison97" chips="460" dealer="0" win="298" bet="308" muck="1" rebuy="0" addon="0" merge="0" rebuychips="0" reg_code="5075720581"/>
<player seat="10" name="Thechosenoonee" chips="560" dealer="1" win="0" bet="0" muck="1" rebuy="0" addon="0" merge="0" rebuychips="0" reg_code="5075720592"/>
<player seat="3" name="M1ky3ste92" chips="480" dealer="0" win="0" bet="149" muck="1" rebuy="0" addon="0" merge="0" rebuychips="0" reg_code="5075720576"/>
</players>
</general>
<round no="0"><action no="1" player="M1ky3ste92" type="1" sum="10"/>
<action no="2" player="gherrison97" type="2" discard="1" dealt="1" sum="20"/>
</round>
<round no="1"><cards type="Pocket" player="gherrison97">X X</cards>
<cards type="Pocket" player="Thechosenoonee">X X</cards>
<cards type="Pocket" player="M1ky3ste92">DJ DK</cards>
<action no="3" player="Thechosenoonee" type="0" discard="1" dealt="1" sum="0"/>
<action no="4" player="M1ky3ste92" type="23" sum="50"/>
<action no="5" player="gherrison97" type="3" discard="1" dealt="1" sum="30"/>
</round>
<round no="2"><cards type="Flop">C9 D6 S8</cards>
<action no="6" player="M1ky3ste92" type="4" sum="0"/>
<action no="7" player="gherrison97" type="5" discard="1" dealt="1" sum="40"/>
<action no="8" player="M1ky3ste92" type="3" sum="40"/>
</round>
<round no="3"><cards type="Turn">CA</cards>
<action no="9" player="M1ky3ste92" type="4" sum="0"/>
<action no="10" player="gherrison97" type="4" discard="1" dealt="1" sum="0"/>
</round>
<round no="4"><cards type="River">SK</cards>
<action no="11" player="M1ky3ste92" type="5" sum="59"/>
<action no="12" player="gherrison97" type="23" discard="1" dealt="1" sum="218"/>
<action no="13" player="M1ky3ste92" type="0" sum="0"/>
</round>
</game>
<game gamecode="6541606012"><general><startdate>2025-11-26 15:13:19</startdate>
<round>1</round>
<failsafecounter/>
<players><player seat="10" name="Thechosenoonee" chips="560" dealer="0" win="45" bet="35" muck="1" rebuy="0" addon="0" merge="0" rebuychips="0" reg_code="5075720592"/>
<player seat="3" name="M1ky3ste92" chips="331" dealer="1" win="0" bet="5" muck="1" rebuy="0" addon="0" merge="0" rebuychips="0" reg_code="5075720576"/>
<player seat="6" name="gherrison97" chips="609" dealer="0" win="0" bet="20" muck="1" rebuy="0" addon="0" merge="0" rebuychips="0" reg_code="5075720581"/>
</players>
</general>
<round no="0"><action no="1" player="gherrison97" type="15" discard="1" dealt="1" sum="5"/>
<action no="2" player="Thechosenoonee" type="15" discard="1" dealt="1" sum="5"/>
<action no="3" player="M1ky3ste92" type="15" sum="5"/>
<action no="4" player="gherrison97" type="1" discard="1" dealt="1" sum="15"/>
<action no="5" player="Thechosenoonee" type="2" discard="1" dealt="1" sum="30"/>
</round>
<round no="1"><cards type="Pocket" player="Thechosenoonee">X X</cards>
<cards type="Pocket" player="M1ky3ste92">C6 S2</cards>
<cards type="Pocket" player="gherrison97">X X</cards>
<action no="6" player="M1ky3ste92" type="0" sum="0"/>
<action no="7" player="gherrison97" type="0" discard="1" dealt="1" sum="0"/>
</round>
</game>
<game gamecode="6541606040"><general><startdate>2025-11-26 15:13:30</startdate>
<round>1</round>
<failsafecounter/>
<players><player seat="3" name="M1ky3ste92" chips="326" dealer="0" win="45" bet="35" muck="1" rebuy="0" addon="0" merge="0" rebuychips="0" reg_code="5075720576"/>
<player seat="6" name="gherrison97" chips="589" dealer="1" win="0" bet="5" muck="1" rebuy="0" addon="0" merge="0" rebuychips="0" reg_code="5075720581"/>
<player seat="10" name="Thechosenoonee" chips="585" dealer="0" win="0" bet="20" muck="1" rebuy="0" addon="0" merge="0" rebuychips="0" reg_code="5075720592"/>
</players>
</general>
<round no="0"><action no="1" player="Thechosenoonee" type="15" discard="1" dealt="1" sum="5"/>
<action no="2" player="M1ky3ste92" type="15" sum="5"/>
<action no="3" player="gherrison97" type="15" discard="1" dealt="1" sum="5"/>
<action no="4" player="Thechosenoonee" type="1" discard="1" dealt="1" sum="15"/>
<action no="5" player="M1ky3ste92" type="2" sum="30"/>
</round>
<round no="1"><cards type="Pocket" player="gherrison97">X X</cards>
<cards type="Pocket" player="Thechosenoonee">X X</cards>
<cards type="Pocket" player="M1ky3ste92">DJ H7</cards>
<action no="6" player="gherrison97" type="0" discard="1" dealt="1" sum="0"/>
<action no="7" player="Thechosenoonee" type="0" discard="1" dealt="1" sum="0"/>
</round>
</game>
<game gamecode="6541606066"><general><startdate>2025-11-26 15:13:38</startdate>
<round>1</round>
<failsafecounter/>
<players><player seat="6" name="gherrison97" chips="584" dealer="0" win="75" bet="75" muck="1" rebuy="0" addon="0" merge="0" rebuychips="0" reg_code="5075720581"/>
<player seat="10" name="Thechosenoonee" chips="565" dealer="1" win="0" bet="5" muck="1" rebuy="0" addon="0" merge="0" rebuychips="0" reg_code="5075720592"/>
<player seat="3" name="M1ky3ste92" chips="351" dealer="0" win="0" bet="35" muck="1" rebuy="0" addon="0" merge="0" rebuychips="0" reg_code="5075720576"/>
</players>
</general>
<round no="0"><action no="1" player="M1ky3ste92" type="15" sum="5"/>
<action no="2" player="gherrison97" type="15" discard="1" dealt="1" sum="5"/>
<action no="3" player="Thechosenoonee" type="15" discard="1" dealt="1" sum="5"/>
<action no="4" player="M1ky3ste92" type="1" sum="15"/>
<action no="5" player="gherrison97" type="2" discard="1" dealt="1" sum="30"/>
</round>
<round no="1"><cards type="Pocket" player="gherrison97">X X</cards>
<cards type="Pocket" player="M1ky3ste92">C7 S10</cards>
<cards type="Pocket" player="Thechosenoonee">X X</cards>
<action no="6" player="Thechosenoonee" type="0" discard="1" dealt="1" sum="0"/>
<action no="7" player="M1ky3ste92" type="3" sum="15"/>
<action no="8" player="gherrison97" type="23" discard="1" dealt="1" sum="70"/>
<action no="9" player="M1ky3ste92" type="0" sum="0"/>
</round>
</game>
<game gamecode="6541610700"><general><startdate>2025-11-26 15:14:03</startdate>
<round>1</round>
<failsafecounter/>
<players><player seat="10" name="Thechosenoonee" chips="560" dealer="0" win="0" bet="35" muck="1" rebuy="0" addon="0" merge="0" rebuychips="0" reg_code="5075720592"/>
<player seat="3" name="M1ky3ste92" chips="316" dealer="1" win="0" bet="5" muck="1" rebuy="0" addon="0" merge="0" rebuychips="0" reg_code="5075720576"/>
<player seat="6" name="gherrison97" chips="624" dealer="0" win="75" bet="65" muck="1" rebuy="0" addon="0" merge="0" rebuychips="0" reg_code="5075720581"/>
</players>
</general>
<round no="0"><action no="1" player="gherrison97" type="15" discard="1" dealt="1" sum="5"/>
<action no="2" player="Thechosenoonee" type="15" discard="1" dealt="1" sum="5"/>
<action no="3" player="M1ky3ste92" type="15" sum="5"/>
<action no="4" player="gherrison97" type="1" discard="1" dealt="1" sum="15"/>
<action no="5" player="Thechosenoonee" type="2" discard="1" dealt="1" sum="30"/>
</round>
<round no="1"><cards type="Pocket" player="gherrison97">X X</cards>
<cards type="Pocket" player="M1ky3ste92">H4 HK</cards>
<cards type="Pocket" player="Thechosenoonee">X X</cards>
<action no="6" player="M1ky3ste92" type="0" sum="0"/>
<action no="7" player="gherrison97" type="3" discard="1" dealt="1" sum="15"/>
<action no="8" player="Thechosenoonee" type="4" discard="1" dealt="1" sum="0"/>
</round>
<round no="2"><cards type="Flop">D2 C8 C4</cards>
<action no="9" player="gherrison97" type="4" discard="1" dealt="1" sum="0"/>
<action no="10" player="Thechosenoonee" type="4" discard="1" dealt="1" sum="0"/>
</round>
<round no="3"><cards type="Turn">C6</cards>
<action no="11" player="gherrison97" type="5" discard="1" dealt="1" sum="30"/>
<action no="12" player="Thechosenoonee" type="0" discard="1" dealt="1" sum="0"/>
</round>
</game>
<game gamecode="6541610775"><general><startdate>2025-11-26 15:14:34</startdate>
<round>1</round>
<failsafecounter/>
<players><player seat="3" name="M1ky3ste92" chips="311" dealer="0" win="0" bet="35" muck="1" rebuy="0" addon="0" merge="0" rebuychips="0" reg_code="5075720576"/>
<player seat="6" name="gherrison97" chips="664" dealer="1" win="105" bet="35" muck="0" rebuy="0" addon="0" merge="0" rebuychips="0" reg_code="5075720581"/>
<player seat="10" name="Thechosenoonee" chips="525" dealer="0" win="0" bet="35" muck="1" rebuy="0" addon="0" merge="0" rebuychips="0" reg_code="5075720592"/>
</players>
</general>
<round no="0"><action no="1" player="Thechosenoonee" type="15" discard="1" dealt="1" sum="5"/>
<action no="2" player="M1ky3ste92" type="15" sum="5"/>
<action no="3" player="gherrison97" type="15" discard="1" dealt="1" sum="5"/>
<action no="4" player="Thechosenoonee" type="1" discard="1" dealt="1" sum="15"/>
<action no="5" player="M1ky3ste92" type="2" sum="30"/>
</round>
<round no="1"><cards type="Pocket" player="Thechosenoonee">D5 SK</cards>
<cards type="Pocket" player="gherrison97">CA S7</cards>
<cards type="Pocket" player="M1ky3ste92">H6 C5</cards>
<action no="6" player="gherrison97" type="3" discard="1" dealt="1" sum="30"/>
<action no="7" player="Thechosenoonee" type="3" discard="1" dealt="1" sum="15"/>
<action no="8" player="M1ky3ste92" type="4" sum="0"/>
</round>
<round no="2"><cards type="Flop">DJ D4 H8</cards>
<action no="9" player="Thechosenoonee" type="4" discard="1" dealt="1" sum="0"/>
<action no="10" player="M1ky3ste92" type="4" sum="0"/>
<action no="11" player="gherrison97" type="4" discard="1" dealt="1" sum="0"/>
</round>
<round no="3"><cards type="Turn">HQ</cards>
<action no="12" player="Thechosenoonee" type="4" discard="1" dealt="1" sum="0"/>
<action no="13" player="M1ky3ste92" type="4" sum="0"/>
<action no="14" player="gherrison97" type="4" discard="1" dealt="1" sum="0"/>
</round>
<round no="4"><cards type="River">C2</cards>
<action no="15" player="Thechosenoonee" type="4" discard="1" dealt="1" sum="0"/>
<action no="16" player="M1ky3ste92" type="4" sum="0"/>
<action no="17" player="gherrison97" type="4" discard="1" dealt="1" sum="0"/>
</round>
</game>
<game gamecode="6541610881"><general><startdate>2025-11-26 15:15:20</startdate>
<round>1</round>
<failsafecounter/>
<players><player seat="6" name="gherrison97" chips="734" dealer="0" win="0" bet="45" muck="1" rebuy="0" addon="0" merge="0" rebuychips="0" reg_code="5075720581"/>
<player seat="10" name="Thechosenoonee" chips="490" dealer="1" win="0" bet="5" muck="1" rebuy="0" addon="0" merge="0" rebuychips="0" reg_code="5075720592"/>
<player seat="3" name="M1ky3ste92" chips="276" dealer="0" win="95" bet="276" muck="1" rebuy="0" addon="0" merge="0" rebuychips="0" reg_code="5075720576"/>
</players>
</general>
<round no="0"><action no="1" player="M1ky3ste92" type="15" sum="5"/>
<action no="2" player="gherrison97" type="15" discard="1" dealt="1" sum="5"/>
<action no="3" player="Thechosenoonee" type="15" discard="1" dealt="1" sum="5"/>
<action no="4" player="M1ky3ste92" type="1" sum="20"/>
<action no="5" player="gherrison97" type="2" discard="1" dealt="1" sum="40"/>
</round>
<round no="1"><cards type="Pocket" player="gherrison97">X X</cards>
<cards type="Pocket" player="Thechosenoonee">X X</cards>
<cards type="Pocket" player="M1ky3ste92">CK HJ</cards>
<action no="6" player="Thechosenoonee" type="0" discard="1" dealt="1" sum="0"/>
<action no="7" player="M1ky3ste92" type="23" sum="271"/>
<action no="8" player="gherrison97" type="0" discard="1" dealt="1" sum="0"/>
</round>
</game>
<game gamecode="6541610931"><general><startdate>2025-11-26 15:15:38</startdate>
<round>1</round>
<failsafecounter/>
<players><player seat="10" name="Thechosenoonee" chips="485" dealer="0" win="175" bet="216" muck="1" rebuy="0" addon="0" merge="0" rebuychips="0" reg_code="5075720592"/>
<player seat="3" name="M1ky3ste92" chips="326" dealer="1" win="0" bet="5" muck="1" rebuy="0" addon="0" merge="0" rebuychips="0" reg_code="5075720576"/>
<player seat="6" name="gherrison97" chips="689" dealer="0" win="0" bet="85" muck="1" rebuy="0" addon="0" merge="0" rebuychips="0" reg_code="5075720581"/>
</players>
</general>
<round no="0"><action no="1" player="gherrison97" type="15" discard="1" dealt="1" sum="5"/>
<action no="2" player="Thechosenoonee" type="15" discard="1" dealt="1" sum="5"/>
<action no="3" player="M1ky3ste92" type="15" sum="5"/>
<action no="4" player="gherrison97" type="1" discard="1" dealt="1" sum="20"/>
<action no="5" player="Thechosenoonee" type="2" discard="1" dealt="1" sum="40"/>
</round>
<round no="1"><cards type="Pocket" player="M1ky3ste92">S9 D6</cards>
<cards type="Pocket" player="gherrison97">X X</cards>
<cards type="Pocket" player="Thechosenoonee">X X</cards>
<action no="6" player="M1ky3ste92" type="0" sum="0"/>
<action no="7" player="gherrison97" type="3" discard="1" dealt="1" sum="20"/>
<action no="8" player="Thechosenoonee" type="4" discard="1" dealt="1" sum="0"/>
</round>
<round no="2"><cards type="Flop">C9 S6 CA</cards>
<action no="9" player="gherrison97" type="5" discard="1" dealt="1" sum="40"/>
<action no="10" player="Thechosenoonee" type="3" discard="1" dealt="1" sum="40"/>
</round>
<round no="3"><cards type="Turn">S7</cards>
<action no="11" player="gherrison97" type="4" discard="1" dealt="1" sum="0"/>
<action no="12" player="Thechosenoonee" type="4" discard="1" dealt="1" sum="0"/>
</round>
<round no="4"><cards type="River">H9</cards>
<action no="13" player="gherrison97" type="4" discard="1" dealt="1" sum="0"/>
<action no="14" player="Thechosenoonee" type="5" discard="1" dealt="1" sum="131"/>
<action no="15" player="gherrison97" type="0" discard="1" dealt="1" sum="0"/>
</round>
</game>
<game gamecode="6541611073"><general><startdate>2025-11-26 15:16:39</startdate>
<round>1</round>
<failsafecounter/>
<players><player seat="3" name="M1ky3ste92" chips="321" dealer="0" win="0" bet="65" muck="1" rebuy="0" addon="0" merge="0" rebuychips="0" reg_code="5075720576"/>
<player seat="6" name="gherrison97" chips="604" dealer="1" win="0" bet="5" muck="1" rebuy="0" addon="0" merge="0" rebuychips="0" reg_code="5075720581"/>
<player seat="10" name="Thechosenoonee" chips="575" dealer="0" win="135" bet="575" muck="1" rebuy="0" addon="0" merge="0" rebuychips="0" reg_code="5075720592"/>
</players>
</general>
<round no="0"><action no="1" player="Thechosenoonee" type="15" discard="1" dealt="1" sum="5"/>
<action no="2" player="M1ky3ste92" type="15" sum="5"/>
<action no="3" player="gherrison97" type="15" discard="1" dealt="1" sum="5"/>
<action no="4" player="Thechosenoonee" type="1" discard="1" dealt="1" sum="30"/>
<action no="5" player="M1ky3ste92" type="2" sum="60"/>
</round>
<round no="1"><cards type="Pocket" player="M1ky3ste92">S8 D3</cards>
<cards type="Pocket" player="Thechosenoonee">X X</cards>
<cards type="Pocket" player="gherrison97">X X</cards>
<action no="6" player="gherrison97" type="0" discard="1" dealt="1" sum="0"/>
<action no="7" player="Thechosenoonee" type="23" discard="1" dealt="1" sum="570"/>
<action no="8" player="M1ky3ste92" type="0" sum="0"/>
</round>
</game>
<game gamecode="6541611113"><general><startdate>2025-11-26 15:16:59</startdate>
<round>1</round>
<failsafecounter/>
<players><player seat="6" name="gherrison97" chips="599" dealer="0" win="0" bet="599" muck="1" rebuy="0" addon="0" merge="0" rebuychips="0" reg_code="5075720581"/>
<player seat="10" name="Thechosenoonee" chips="645" dealer="1" win="1,233" bet="645" muck="0" rebuy="0" addon="0" merge="0" rebuychips="0" reg_code="5075720592"/>
<player seat="3" name="M1ky3ste92" chips="256" dealer="0" win="0" bet="35" muck="1" rebuy="0" addon="0" merge="0" rebuychips="0" reg_code="5075720576"/>
</players>
</general>
<round no="0"><action no="1" player="M1ky3ste92" type="15" sum="5"/>
<action no="2" player="gherrison97" type="15" discard="1" dealt="1" sum="5"/>
<action no="3" player="Thechosenoonee" type="15" discard="1" dealt="1" sum="5"/>
<action no="4" player="M1ky3ste92" type="1" sum="30"/>
<action no="5" player="gherrison97" type="2" discard="1" dealt="1" sum="60"/>
</round>
<round no="1"><cards type="Pocket" player="M1ky3ste92">HK H4</cards>
<cards type="Pocket" player="gherrison97">S7 H7</cards>
<cards type="Pocket" player="Thechosenoonee">DQ D10</cards>
<action no="6" player="Thechosenoonee" type="23" discard="1" dealt="1" sum="640"/>
<action no="7" player="M1ky3ste92" type="0" sum="0"/>
<action no="8" player="gherrison97" type="7" discard="1" dealt="1" sum="534"/>
</round>
<round no="2"><cards type="Flop">H3 SQ DA</cards>
</round>
<round no="3"><cards type="Turn">C3</cards>
</round>
<round no="4"><cards type="River">H8</cards>
</round>
</game>
<game gamecode="6541611152"><general><startdate>2025-11-26 15:17:17</startdate>
<round>1</round>
<failsafecounter/>
<players><player seat="10" name="Thechosenoonee" chips="1,279" dealer="0" win="442" bet="221" muck="0" rebuy="0" addon="0" merge="0" rebuychips="0" reg_code="5075720592"/>
<player seat="3" name="M1ky3ste92" chips="221" dealer="1" win="0" bet="221" muck="0" rebuy="0" addon="0" merge="0" rebuychips="0" reg_code="5075720576"/>
</players>
</general>
<round no="0"><action no="1" player="M1ky3ste92" type="15" sum="5"/>
<action no="2" player="Thechosenoonee" type="15" discard="1" dealt="1" sum="5"/>
<action no="3" player="M1ky3ste92" type="1" sum="30"/>
<action no="4" player="Thechosenoonee" type="2" discard="1" dealt="1" sum="60"/>
</round>
<round no="1"><cards type="Pocket" player="Thechosenoonee">D10 SQ</cards>
<cards type="Pocket" player="M1ky3ste92">DJ H10</cards>
<action no="5" player="M1ky3ste92" type="23" sum="216"/>
<action no="6" player="Thechosenoonee" type="3" discard="1" dealt="1" sum="156"/>
</round>
<round no="2"><cards type="Flop">HQ SK H5</cards>
</round>
<round no="3"><cards type="Turn">SJ</cards>
</round>
<round no="4"><cards type="River">S3</cards>
</round>
</game>
</session>
