<?xml version="1.0" encoding="UTF-8"?>
<session sessioncode="5075995605">
<general>
<client_version>25.7.1.34</client_version>
<mode>real</mode>
<gametype>Holdem NL</gametype>
<tablename>Twister €100 SNG, 822551618</tablename>
<tournamentcode>822551617</tournamentcode>
<tournamentname>Twister €100 SNG</tournamentname>
<buyin>€0 + €7 + €93</buyin>
<totalbuyin>€100</totalbuyin>
<rewarddrawn>€200</rewarddrawn>
<tournamentcurrency>EUR</tournamentcurrency>
<currency>EUR</currency>
<nickname>M1ky3ste92</nickname>
<gamecount>11</gamecount>
<startdate>2025-11-27 16:55:30</startdate>
<place>2</place>
<win>€0</win>
<tablesize>3</tablesize>
</general>
<game gamecode="6542568067"><general><startdate>2025-11-27 16:55:46</startdate>
<round>1</round>
<failsafecounter/>
<players><player seat="6" name="Aomanuahi" chips="500" dealer="0" win="0" bet="60" muck="1" rebuy="0" addon="0" merge="0" rebuychips="0" reg_code="5075995508"/>
<player seat="10" name="M1ky3ste92" chips="500" dealer="1" win="130" bet="120" muck="1" rebuy="0" addon="0" merge="0" rebuychips="0" reg_code="5075995605"/>
<player seat="3" name="ilCapo6" chips="500" dealer="0" win="0" bet="10" muck="1" rebuy="0" addon="0" merge="0" rebuychips="0" reg_code="5075995215"/>
</players>
</general>
<round no="0"><action no="1" player="ilCapo6" type="1" discard="1" dealt="1" sum="10"/>
<action no="2" player="Aomanuahi" type="2" discard="1" dealt="1" sum="20"/>
</round>
<round no="1"><cards type="Pocket" player="M1ky3ste92">H10 SJ</cards>
<cards type="Pocket" player="Aomanuahi">X X</cards>
<cards type="Pocket" player="ilCapo6">X X</cards>
<action no="3" player="M1ky3ste92" type="23" sum="40"/>
<action no="4" player="ilCapo6" type="0" discard="1" dealt="1" sum="0"/>
<action no="5" player="Aomanuahi" type="3" discard="1" dealt="1" sum="20"/>
</round>
<round no="2"><cards type="Flop">D4 HJ HK</cards>
<action no="6" player="Aomanuahi" type="4" discard="1" dealt="1" sum="0"/>
<action no="7" player="M1ky3ste92" type="5" sum="20"/>
<action no="8" player="Aomanuahi" type="3" discard="1" dealt="1" sum="20"/>
</round>
<round no="3"><cards type="Turn">S8</cards>
<action no="9" player="Aomanuahi" type="4" discard="1" dealt="1" sum="0"/>
<action no="10" player="M1ky3ste92" type="4" sum="0"/>
</round>
<round no="4"><cards type="River">S7</cards>
<action no="11" player="Aomanuahi" type="4" discard="1" dealt="1" sum="0"/>
<action no="12" player="M1ky3ste92" type="5" sum="60"/>
<action no="13" player="Aomanuahi" type="0" discard="1" dealt="1" sum="0"/>
</round>
</game>
<game gamecode="6542568197"><general><startdate>2025-11-27 16:56:44</startdate>
<round>1</round>
<failsafecounter/>
<players><player seat="10" name="M1ky3ste92" chips="570" dealer="0" win="0" bet="20" muck="1" rebuy="0" addon="0" merge="0" rebuychips="0" reg_code="5075995605"/>
<player seat="3" name="ilCapo6" chips="490" dealer="1" win="50" bet="490" muck="1" rebuy="0" addon="0" merge="0" rebuychips="0" reg_code="5075995215"/>
<player seat="6" name="Aomanuahi" chips="440" dealer="0" win="0" bet="10" muck="1" rebuy="0" addon="0" merge="0" rebuychips="0" reg_code="5075995508"/>
</players>
</general>
<round no="0"><action no="1" player="Aomanuahi" type="1" discard="1" dealt="1" sum="10"/>
<action no="2" player="M1ky3ste92" type="2" sum="20"/>
</round>
<round no="1"><cards type="Pocket" player="M1ky3ste92">D7 D9</cards>
<cards type="Pocket" player="Aomanuahi">X X</cards>
<cards type="Pocket" player="ilCapo6">X X</cards>
<action no="3" player="ilCapo6" type="23" discard="1" dealt="1" sum="490"/>
<action no="4" player="Aomanuahi" type="0" discard="1" dealt="1" sum="0"/>
<action no="5" player="M1ky3ste92" type="0" sum="0"/>
</round>
</game>
<game gamecode="6542568235"><general><startdate>2025-11-27 16:56:58</startdate>
<round>1</round>
<failsafecounter/>
<players><player seat="3" name="ilCapo6" chips="520" dealer="0" win="0" bet="20" muck="1" rebuy="0" addon="0" merge="0" rebuychips="0" reg_code="5075995215"/>
<player seat="6" name="Aomanuahi" chips="430" dealer="1" win="0" bet="0" muck="1" rebuy="0" addon="0" merge="0" rebuychips="0" reg_code="5075995508"/>
<player seat="10" name="M1ky3ste92" chips="550" dealer="0" win="40" bet="50" muck="1" rebuy="0" addon="0" merge="0" rebuychips="0" reg_code="5075995605"/>
</players>
</general>
<round no="0"><action no="1" player="M1ky3ste92" type="1" sum="10"/>
<action no="2" player="ilCapo6" type="2" discard="1" dealt="1" sum="20"/>
</round>
<round no="1"><cards type="Pocket" player="ilCapo6">X X</cards>
<cards type="Pocket" player="Aomanuahi">X X</cards>
<cards type="Pocket" player="M1ky3ste92">DQ HJ</cards>
<action no="3" player="Aomanuahi" type="0" discard="1" dealt="1" sum="0"/>
<action no="4" player="M1ky3ste92" type="23" sum="50"/>
<action no="5" player="ilCapo6" type="0" discard="1" dealt="1" sum="0"/>
</round>
</game>
<game gamecode="6542568291"><general><startdate>2025-11-27 16:57:24</startdate>
<round>1</round>
<failsafecounter/>
<players><player seat="6" name="Aomanuahi" chips="430" dealer="0" win="0" bet="132" muck="1" rebuy="0" addon="0" merge="0" rebuychips="0" reg_code="5075995508"/>
<player seat="10" name="M1ky3ste92" chips="570" dealer="1" win="0" bet="5" muck="1" rebuy="0" addon="0" merge="0" rebuychips="0" reg_code="5075995605"/>
<player seat="3" name="ilCapo6" chips="500" dealer="0" win="269" bet="132" muck="0" rebuy="0" addon="0" merge="0" rebuychips="0" reg_code="5075995215"/>
</players>
</general>
<round no="0"><action no="1" player="ilCapo6" type="15" discard="1" dealt="1" sum="5"/>
<action no="2" player="Aomanuahi" type="15" discard="1" dealt="1" sum="5"/>
<action no="3" player="M1ky3ste92" type="15" sum="5"/>
<action no="4" player="ilCapo6" type="1" discard="1" dealt="1" sum="15"/>
<action no="5" player="Aomanuahi" type="2" discard="1" dealt="1" sum="30"/>
</round>
<round no="1"><cards type="Pocket" player="ilCapo6">DK H5</cards>
<cards type="Pocket" player="Aomanuahi">DJ D3</cards>
<cards type="Pocket" player="M1ky3ste92">D7 C3</cards>
<action no="6" player="M1ky3ste92" type="0" sum="0"/>
<action no="7" player="ilCapo6" type="23" discard="1" dealt="1" sum="60"/>
<action no="8" player="Aomanuahi" type="3" discard="1" dealt="1" sum="30"/>
</round>
<round no="2"><cards type="Flop">C4 C2 S9</cards>
<action no="9" player="ilCapo6" type="4" discard="1" dealt="1" sum="0"/>
<action no="10" player="Aomanuahi" type="4" discard="1" dealt="1" sum="0"/>
</round>
<round no="3"><cards type="Turn">CQ</cards>
<action no="11" player="ilCapo6" type="5" discard="1" dealt="1" sum="67"/>
<action no="12" player="Aomanuahi" type="3" discard="1" dealt="1" sum="67"/>
</round>
<round no="4"><cards type="River">CA</cards>
<action no="13" player="ilCapo6" type="4" discard="1" dealt="1" sum="0"/>
<action no="14" player="Aomanuahi" type="4" discard="1" dealt="1" sum="0"/>
</round>
</game>
<game gamecode="6542568412"><general><startdate>2025-11-27 16:58:15</startdate>
<round>1</round>
<failsafecounter/>
<players><player seat="10" name="M1ky3ste92" chips="565" dealer="0" win="0" bet="35" muck="1" rebuy="0" addon="0" merge="0" rebuychips="0" reg_code="5075995605"/>
<player seat="3" name="ilCapo6" chips="637" dealer="1" win="90" bet="637" muck="1" rebuy="0" addon="0" merge="0" rebuychips="0" reg_code="5075995215"/>
<player seat="6" name="Aomanuahi" chips="298" dealer="0" win="0" bet="20" muck="1" rebuy="0" addon="0" merge="0" rebuychips="0" reg_code="5075995508"/>
</players>
</general>
<round no="0"><action no="1" player="Aomanuahi" type="15" discard="1" dealt="1" sum="5"/>
<action no="2" player="M1ky3ste92" type="15" sum="5"/>
<action no="3" player="ilCapo6" type="15" discard="1" dealt="1" sum="5"/>
<action no="4" player="Aomanuahi" type="1" discard="1" dealt="1" sum="15"/>
<action no="5" player="M1ky3ste92" type="2" sum="30"/>
</round>
<round no="1"><cards type="Pocket" player="M1ky3ste92">D2 D9</cards>
<cards type="Pocket" player="Aomanuahi">X X</cards>
<cards type="Pocket" player="ilCapo6">X X</cards>
<action no="6" player="ilCapo6" type="23" discard="1" dealt="1" sum="632"/>
<action no="7" player="Aomanuahi" type="0" discard="1" dealt="1" sum="0"/>
<action no="8" player="M1ky3ste92" type="0" sum="0"/>
</round>
</game>
<game gamecode="6542568443"><general><startdate>2025-11-27 16:58:27</startdate>
<round>1</round>
<failsafecounter/>
<players><player seat="3" name="ilCapo6" chips="692" dealer="0" win="135" bet="166" muck="1" rebuy="0" addon="0" merge="0" rebuychips="0" reg_code="5075995215"/>
<player seat="6" name="Aomanuahi" chips="278" dealer="1" win="0" bet="5" muck="1" rebuy="0" addon="0" merge="0" rebuychips="0" reg_code="5075995508"/>
<player seat="10" name="M1ky3ste92" chips="530" dealer="0" win="0" bet="65" muck="1" rebuy="0" addon="0" merge="0" rebuychips="0" reg_code="5075995605"/>
</players>
</general>
<round no="0"><action no="1" player="M1ky3ste92" type="15" sum="5"/>
<action no="2" player="ilCapo6" type="15" discard="1" dealt="1" sum="5"/>
<action no="3" player="Aomanuahi" type="15" discard="1" dealt="1" sum="5"/>
<action no="4" player="M1ky3ste92" type="1" sum="15"/>
<action no="5" player="ilCapo6" type="2" discard="1" dealt="1" sum="30"/>
</round>
<round no="1"><cards type="Pocket" player="ilCapo6">X X</cards>
<cards type="Pocket" player="Aomanuahi">X X</cards>
<cards type="Pocket" player="M1ky3ste92">H9 HK</cards>
<action no="6" player="Aomanuahi" type="0" discard="1" dealt="1" sum="0"/>
<action no="7" player="M1ky3ste92" type="23" sum="60"/>
<action no="8" player="ilCapo6" type="3" discard="1" dealt="1" sum="30"/>
</round>
<round no="2"><cards type="Flop">H6 D10 S7</cards>
<action no="9" player="M1ky3ste92" type="4" sum="0"/>
<action no="10" player="ilCapo6" type="5" discard="1" dealt="1" sum="101"/>
<action no="11" player="M1ky3ste92" type="0" sum="0"/>
</round>
</game>
<game gamecode="6542568508"><general><startdate>2025-11-27 16:58:52</startdate>
<round>1</round>
<failsafecounter/>
<players><player seat="6" name="Aomanuahi" chips="273" dealer="0" win="0" bet="35" muck="1" rebuy="0" addon="0" merge="0" rebuychips="0" reg_code="5075995508"/>
<player seat="10" name="M1ky3ste92" chips="465" dealer="1" win="90" bet="65" muck="1" rebuy="0" addon="0" merge="0" rebuychips="0" reg_code="5075995605"/>
<player seat="3" name="ilCapo6" chips="762" dealer="0" win="0" bet="20" muck="1" rebuy="0" addon="0" merge="0" rebuychips="0" reg_code="5075995215"/>
</players>
</general>
<round no="0"><action no="1" player="ilCapo6" type="15" discard="1" dealt="1" sum="5"/>
<action no="2" player="Aomanuahi" type="15" discard="1" dealt="1" sum="5"/>
<action no="3" player="M1ky3ste92" type="15" sum="5"/>
<action no="4" player="ilCapo6" type="1" discard="1" dealt="1" sum="15"/>
<action no="5" player="Aomanuahi" type="2" discard="1" dealt="1" sum="30"/>
</round>
<round no="1"><cards type="Pocket" player="ilCapo6">X X</cards>
<cards type="Pocket" player="Aomanuahi">X X</cards>
<cards type="Pocket" player="M1ky3ste92">DK DQ</cards>
<action no="6" player="M1ky3ste92" type="23" sum="60"/>
<action no="7" player="ilCapo6" type="0" discard="1" dealt="1" sum="0"/>
<action no="8" player="Aomanuahi" type="0" discard="1" dealt="1" sum="0"/>
</round>
</game>
<game gamecode="6542568540"><general><startdate>2025-11-27 16:59:02</startdate>
<round>1</round>
<failsafecounter/>
<players><player seat="10" name="M1ky3ste92" chips="520" dealer="0" win="481" bet="238" muck="0" rebuy="0" addon="0" merge="0" rebuychips="0" reg_code="5075995605"/>
<player seat="3" name="ilCapo6" chips="742" dealer="1" win="0" bet="5" muck="1" rebuy="0" addon="0" merge="0" rebuychips="0" reg_code="5075995215"/>
<player seat="6" name="Aomanuahi" chips="238" dealer="0" win="0" bet="238" muck="0" rebuy="0" addon="0" merge="0" rebuychips="0" reg_code="5075995508"/>
</players>
</general>
<round no="0"><action no="1" player="Aomanuahi" type="15" discard="1" dealt="1" sum="5"/>
<action no="2" player="M1ky3ste92" type="15" sum="5"/>
<action no="3" player="ilCapo6" type="15" discard="1" dealt="1" sum="5"/>
<action no="4" player="Aomanuahi" type="1" discard="1" dealt="1" sum="15"/>
<action no="5" player="M1ky3ste92" type="2" sum="30"/>
</round>
<round no="1"><cards type="Pocket" player="M1ky3ste92">C8 CJ</cards>
<cards type="Pocket" player="Aomanuahi">SK CQ</cards>
<cards type="Pocket" player="ilCapo6">X X</cards>
<action no="6" player="ilCapo6" type="0" discard="1" dealt="1" sum="0"/>
<action no="7" player="Aomanuahi" type="23" discard="1" dealt="1" sum="233"/>
<action no="8" player="M1ky3ste92" type="3" sum="203"/>
</round>
<round no="2"><cards type="Flop">H5 H3 S5</cards>
</round>
<round no="3"><cards type="Turn">H8</cards>
</round>
<round no="4"><cards type="River">D3</cards>
</round>
</game>
<game gamecode="6542573043"><general><startdate>2025-11-27 16:59:23</startdate>
<round>1</round>
<failsafecounter/>
<players><player seat="3" name="ilCapo6" chips="737" dealer="0" win="0" bet="45" muck="1" rebuy="0" addon="0" merge="0" rebuychips="0" reg_code="5075995215"/>
<player seat="10" name="M1ky3ste92" chips="763" dealer="1" win="90" bet="85" muck="1" rebuy="0" addon="0" merge="0" rebuychips="0" reg_code="5075995605"/>
</players>
</general>
<round no="0"><action no="1" player="M1ky3ste92" type="15" sum="5"/>
<action no="2" player="ilCapo6" type="15" discard="1" dealt="1" sum="5"/>
<action no="3" player="M1ky3ste92" type="1" sum="20"/>
<action no="4" player="ilCapo6" type="2" discard="1" dealt="1" sum="40"/>
</round>
<round no="1"><cards type="Pocket" player="ilCapo6">X X</cards>
<cards type="Pocket" player="M1ky3ste92">DA D5</cards>
<action no="5" player="M1ky3ste92" type="23" sum="80"/>
<action no="6" player="ilCapo6" type="0" discard="1" dealt="1" sum="0"/>
</round>
</game>
<game gamecode="6542573068"><general><startdate>2025-11-27 16:59:35</startdate>
<round>1</round>
<failsafecounter/>
<players><player seat="10" name="M1ky3ste92" chips="808" dealer="0" win="0" bet="808" muck="1" rebuy="0" addon="0" merge="0" rebuychips="0" reg_code="5075995605"/>
<player seat="3" name="ilCapo6" chips="692" dealer="1" win="1,384" bet="692" muck="0" rebuy="0" addon="0" merge="0" rebuychips="0" reg_code="5075995215"/>
</players>
</general>
<round no="0"><action no="1" player="ilCapo6" type="15" discard="1" dealt="1" sum="5"/>
<action no="2" player="M1ky3ste92" type="15" sum="5"/>
<action no="3" player="ilCapo6" type="1" discard="1" dealt="1" sum="20"/>
<action no="4" player="M1ky3ste92" type="2" sum="40"/>
</round>
<round no="1"><cards type="Pocket" player="M1ky3ste92">CJ H10</cards>
<cards type="Pocket" player="ilCapo6">SK H3</cards>
<action no="5" player="ilCapo6" type="3" discard="1" dealt="1" sum="20"/>
<action no="6" player="M1ky3ste92" type="4" sum="0"/>
</round>
<round no="2"><cards type="Flop">S7 S10 HK</cards>
<action no="7" player="M1ky3ste92" type="4" sum="0"/>
<action no="8" player="ilCapo6" type="5" discard="1" dealt="1" sum="45"/>
<action no="9" player="M1ky3ste92" type="3" sum="45"/>
</round>
<round no="3"><cards type="Turn">CK</cards>
<action no="10" player="M1ky3ste92" type="4" sum="0"/>
<action no="11" player="ilCapo6" type="5" discard="1" dealt="1" sum="175"/>
<action no="12" player="M1ky3ste92" type="23" sum="718"/>
<action no="13" player="ilCapo6" type="7" discard="1" dealt="1" sum="427"/>
</round>
<round no="4"><cards type="River">D9</cards>
</round>
</game>
<game gamecode="6542573209"><general><startdate>2025-11-27 17:00:31</startdate>
<round>1</round>
<failsafecounter/>
<players><player seat="3" name="ilCapo6" chips="1,384" dealer="0" win="232" bet="116" muck="0" rebuy="0" addon="0" merge="0" rebuychips="0" reg_code="5075995215"/>
<player seat="10" name="M1ky3ste92" chips="116" dealer="1" win="0" bet="116" muck="0" rebuy="0" addon="0" merge="0" rebuychips="0" reg_code="5075995605"/>
</players>
</general>
<round no="0"><action no="1" player="M1ky3ste92" type="15" sum="5"/>
<action no="2" player="ilCapo6" type="15" discard="1" dealt="1" sum="5"/>
<action no="3" player="M1ky3ste92" type="1" sum="20"/>
<action no="4" player="ilCapo6" type="2" discard="1" dealt="1" sum="40"/>
</round>
<round no="1"><cards type="Pocket" player="ilCapo6">D3 CQ</cards>
<cards type="Pocket" player="M1ky3ste92">S6 S5</cards>
<action no="5" player="M1ky3ste92" type="23" sum="111"/>
<action no="6" player="ilCapo6" type="3" discard="1" dealt="1" sum="71"/>
</round>
<round no="2"><cards type="Flop">D10 D7 CJ</cards>
</round>
<round no="3"><cards type="Turn">C3</cards>
</round>
<round no="4"><cards type="River">D9</cards>
</round>
</game>
</session>
