<?xml version="1.0" encoding="UTF-8"?>
<session sessioncode="5075740185">
<general>
<client_version>25.7.1.34</client_version>
<mode>real</mode>
<gametype>Holdem NL</gametype>
<tablename>Twister €100 SNG, 822483233</tablename>
<tournamentcode>822483231</tournamentcode>
<tournamentname>Twister €100 SNG</tournamentname>
<buyin>€0 + €7 + €93</buyin>
<totalbuyin>€100</totalbuyin>
<rewarddrawn>€200</rewarddrawn>
<tournamentcurrency>EUR</tournamentcurrency>
<currency>EUR</currency>
<nickname>M1ky3ste92</nickname>
<gamecount>21</gamecount>
<startdate>2025-11-26 16:32:09</startdate>
<place>2</place>
<win>€0</win>
<tablesize>3</tablesize>
</general>
<game gamecode="6541672792"><general><startdate>2025-11-26 16:32:25</startdate>
<round>1</round>
<failsafecounter/>
<players><player seat="3" name="ilCapo6" chips="500" dealer="0" win="0" bet="40" muck="1" rebuy="0" addon="0" merge="0" rebuychips="0" reg_code="5075740155"/>
<player seat="6" name="M1ky3ste92" chips="500" dealer="1" win="90" bet="69" muck="1" rebuy="0" addon="0" merge="0" rebuychips="0" reg_code="5075740185"/>
<player seat="10" name="mocciolocaldo" chips="500" dealer="0" win="0" bet="10" muck="1" rebuy="0" addon="0" merge="0" rebuychips="0" reg_code="5075740744"/>
</players>
</general>
<round no="0"><action no="1" player="mocciolocaldo" type="1" discard="1" dealt="1" sum="10"/>
<action no="2" player="ilCapo6" type="2" discard="1" dealt="1" sum="20"/>
</round>
<round no="1"><cards type="Pocket" player="mocciolocaldo">X X</cards>
<cards type="Pocket" player="ilCapo6">X X</cards>
<cards type="Pocket" player="M1ky3ste92">DA HK</cards>
<action no="3" player="M1ky3ste92" type="23" sum="40"/>
<action no="4" player="mocciolocaldo" type="0" discard="1" dealt="1" sum="0"/>
<action no="5" player="ilCapo6" type="3" discard="1" dealt="1" sum="20"/>
</round>
<round no="2"><cards type="Flop">S6 SK S3</cards>
<action no="6" player="ilCapo6" type="4" discard="1" dealt="1" sum="0"/>
<action no="7" player="M1ky3ste92" type="5" sum="29"/>
<action no="8" player="ilCapo6" type="0" discard="1" dealt="1" sum="0"/>
</round>
</game>
<game gamecode="6541672863"><general><startdate>2025-11-26 16:32:57</startdate>
<round>1</round>
<failsafecounter/>
<players><player seat="6" name="M1ky3ste92" chips="550" dealer="0" win="0" bet="20" muck="1" rebuy="0" addon="0" merge="0" rebuychips="0" reg_code="5075740185"/>
<player seat="10" name="mocciolocaldo" chips="490" dealer="1" win="0" bet="40" muck="1" rebuy="0" addon="0" merge="0" rebuychips="0" reg_code="5075740744"/>
<player seat="3" name="ilCapo6" chips="460" dealer="0" win="100" bet="460" muck="1" rebuy="0" addon="0" merge="0" rebuychips="0" reg_code="5075740155"/>
</players>
</general>
<round no="0"><action no="1" player="ilCapo6" type="1" discard="1" dealt="1" sum="10"/>
<action no="2" player="M1ky3ste92" type="2" sum="20"/>
</round>
<round no="1"><cards type="Pocket" player="M1ky3ste92">D7 SJ</cards>
<cards type="Pocket" player="mocciolocaldo">X X</cards>
<cards type="Pocket" player="ilCapo6">X X</cards>
<action no="3" player="mocciolocaldo" type="23" discard="1" dealt="1" sum="40"/>
<action no="4" player="ilCapo6" type="23" discard="1" dealt="1" sum="460"/>
<action no="5" player="M1ky3ste92" type="0" sum="0"/>
<action no="6" player="mocciolocaldo" type="0" discard="1" dealt="1" sum="0"/>
</round>
</game>
<game gamecode="6541672897"><general><startdate>2025-11-26 16:33:12</startdate>
<round>1</round>
<failsafecounter/>
<players><player seat="10" name="mocciolocaldo" chips="450" dealer="0" win="90" bet="120" muck="1" rebuy="0" addon="0" merge="0" rebuychips="0" reg_code="5075740744"/>
<player seat="3" name="ilCapo6" chips="520" dealer="1" win="0" bet="40" muck="1" rebuy="0" addon="0" merge="0" rebuychips="0" reg_code="5075740155"/>
<player seat="6" name="M1ky3ste92" chips="530" dealer="0" win="0" bet="10" muck="1" rebuy="0" addon="0" merge="0" rebuychips="0" reg_code="5075740185"/>
</players>
</general>
<round no="0"><action no="1" player="M1ky3ste92" type="1" sum="10"/>
<action no="2" player="mocciolocaldo" type="2" discard="1" dealt="1" sum="20"/>
</round>
<round no="1"><cards type="Pocket" player="mocciolocaldo">X X</cards>
<cards type="Pocket" player="M1ky3ste92">S5 DA</cards>
<cards type="Pocket" player="ilCapo6">X X</cards>
<action no="3" player="ilCapo6" type="23" discard="1" dealt="1" sum="40"/>
<action no="4" player="M1ky3ste92" type="0" sum="0"/>
<action no="5" player="mocciolocaldo" type="23" discard="1" dealt="1" sum="120"/>
<action no="6" player="ilCapo6" type="0" discard="1" dealt="1" sum="0"/>
</round>
</game>
<game gamecode="6541672954"><general><startdate>2025-11-26 16:33:37</startdate>
<round>1</round>
<failsafecounter/>
<players><player seat="3" name="ilCapo6" chips="480" dealer="0" win="20" bet="20" muck="1" rebuy="0" addon="0" merge="0" rebuychips="0" reg_code="5075740155"/>
<player seat="6" name="M1ky3ste92" chips="520" dealer="1" win="0" bet="0" muck="1" rebuy="0" addon="0" merge="0" rebuychips="0" reg_code="5075740185"/>
<player seat="10" name="mocciolocaldo" chips="500" dealer="0" win="0" bet="10" muck="1" rebuy="0" addon="0" merge="0" rebuychips="0" reg_code="5075740744"/>
</players>
</general>
<round no="0"><action no="1" player="mocciolocaldo" type="1" discard="1" dealt="1" sum="10"/>
<action no="2" player="ilCapo6" type="2" discard="1" dealt="1" sum="20"/>
</round>
<round no="1"><cards type="Pocket" player="ilCapo6">X X</cards>
<cards type="Pocket" player="M1ky3ste92">S3 H8</cards>
<cards type="Pocket" player="mocciolocaldo">X X</cards>
<action no="3" player="M1ky3ste92" type="0" sum="0"/>
<action no="4" player="mocciolocaldo" type="0" discard="1" dealt="1" sum="0"/>
</round>
</game>
<game gamecode="6541672964"><general><startdate>2025-11-26 16:33:44</startdate>
<round>1</round>
<failsafecounter/>
<players><player seat="6" name="M1ky3ste92" chips="520" dealer="0" win="0" bet="20" muck="1" rebuy="0" addon="0" merge="0" rebuychips="0" reg_code="5075740185"/>
<player seat="10" name="mocciolocaldo" chips="490" dealer="1" win="0" bet="0" muck="1" rebuy="0" addon="0" merge="0" rebuychips="0" reg_code="5075740744"/>
<player seat="3" name="ilCapo6" chips="490" dealer="0" win="40" bet="50" muck="1" rebuy="0" addon="0" merge="0" rebuychips="0" reg_code="5075740155"/>
</players>
</general>
<round no="0"><action no="1" player="ilCapo6" type="1" discard="1" dealt="1" sum="10"/>
<action no="2" player="M1ky3ste92" type="2" sum="20"/>
</round>
<round no="1"><cards type="Pocket" player="M1ky3ste92">CK D7</cards>
<cards type="Pocket" player="ilCapo6">X X</cards>
<cards type="Pocket" player="mocciolocaldo">X X</cards>
<action no="3" player="mocciolocaldo" type="0" discard="1" dealt="1" sum="0"/>
<action no="4" player="ilCapo6" type="3" discard="1" dealt="1" sum="10"/>
<action no="5" player="M1ky3ste92" type="4" sum="0"/>
</round>
<round no="2"><cards type="Flop">S2 DA D2</cards>
<action no="6" player="ilCapo6" type="4" discard="1" dealt="1" sum="0"/>
<action no="7" player="M1ky3ste92" type="4" sum="0"/>
</round>
<round no="3"><cards type="Turn">D3</cards>
<action no="8" player="ilCapo6" type="5" discard="1" dealt="1" sum="30"/>
<action no="9" player="M1ky3ste92" type="0" sum="0"/>
</round>
</game>
<game gamecode="6541673062"><general><startdate>2025-11-26 16:34:31</startdate>
<round>1</round>
<failsafecounter/>
<players><player seat="10" name="mocciolocaldo" chips="490" dealer="0" win="0" bet="35" muck="1" rebuy="0" addon="0" merge="0" rebuychips="0" reg_code="5075740744"/>
<player seat="3" name="ilCapo6" chips="510" dealer="1" win="0" bet="5" muck="1" rebuy="0" addon="0" merge="0" rebuychips="0" reg_code="5075740155"/>
<player seat="6" name="M1ky3ste92" chips="500" dealer="0" win="75" bet="500" muck="1" rebuy="0" addon="0" merge="0" rebuychips="0" reg_code="5075740185"/>
</players>
</general>
<round no="0"><action no="1" player="M1ky3ste92" type="15" sum="5"/>
<action no="2" player="mocciolocaldo" type="15" discard="1" dealt="1" sum="5"/>
<action no="3" player="ilCapo6" type="15" discard="1" dealt="1" sum="5"/>
<action no="4" player="M1ky3ste92" type="1" sum="15"/>
<action no="5" player="mocciolocaldo" type="2" discard="1" dealt="1" sum="30"/>
</round>
<round no="1"><cards type="Pocket" player="mocciolocaldo">X X</cards>
<cards type="Pocket" player="M1ky3ste92">H4 DA</cards>
<cards type="Pocket" player="ilCapo6">X X</cards>
<action no="6" player="ilCapo6" type="0" discard="1" dealt="1" sum="0"/>
<action no="7" player="M1ky3ste92" type="23" sum="495"/>
<action no="8" player="mocciolocaldo" type="0" discard="1" dealt="1" sum="0"/>
</round>
</game>
<game gamecode="6541673106"><general><startdate>2025-11-26 16:34:52</startdate>
<round>1</round>
<failsafecounter/>
<players><player seat="3" name="ilCapo6" chips="505" dealer="0" win="457" bet="505" muck="0" rebuy="0" addon="0" merge="0" rebuychips="0" reg_code="5075740155"/>
<player seat="6" name="M1ky3ste92" chips="540" dealer="1" win="0" bet="5" muck="1" rebuy="0" addon="0" merge="0" rebuychips="0" reg_code="5075740185"/>
<player seat="10" name="mocciolocaldo" chips="455" dealer="0" win="458" bet="455" muck="0" rebuy="0" addon="0" merge="0" rebuychips="0" reg_code="5075740744"/>
</players>
</general>
<round no="0"><action no="1" player="mocciolocaldo" type="15" discard="1" dealt="1" sum="5"/>
<action no="2" player="ilCapo6" type="15" discard="1" dealt="1" sum="5"/>
<action no="3" player="M1ky3ste92" type="15" sum="5"/>
<action no="4" player="mocciolocaldo" type="1" discard="1" dealt="1" sum="15"/>
<action no="5" player="ilCapo6" type="2" discard="1" dealt="1" sum="30"/>
</round>
<round no="1"><cards type="Pocket" player="ilCapo6">DA S4</cards>
<cards type="Pocket" player="mocciolocaldo">CA C5</cards>
<cards type="Pocket" player="M1ky3ste92">H3 SK</cards>
<action no="6" player="M1ky3ste92" type="0" sum="0"/>
<action no="7" player="mocciolocaldo" type="3" discard="1" dealt="1" sum="15"/>
<action no="8" player="ilCapo6" type="23" discard="1" dealt="1" sum="500"/>
<action no="9" player="mocciolocaldo" type="7" discard="1" dealt="1" sum="420"/>
</round>
<round no="2"><cards type="Flop">S3 SJ HK</cards>
</round>
<round no="3"><cards type="Turn">CK</cards>
</round>
<round no="4"><cards type="River">S6</cards>
</round>
</game>
<game gamecode="6541673164"><general><startdate>2025-11-26 16:35:18</startdate>
<round>1</round>
<failsafecounter/>
<players><player seat="6" name="M1ky3ste92" chips="535" dealer="0" win="0" bet="35" muck="1" rebuy="0" addon="0" merge="0" rebuychips="0" reg_code="5075740185"/>
<player seat="10" name="mocciolocaldo" chips="458" dealer="1" win="90" bet="458" muck="1" rebuy="0" addon="0" merge="0" rebuychips="0" reg_code="5075740744"/>
<player seat="3" name="ilCapo6" chips="507" dealer="0" win="0" bet="20" muck="1" rebuy="0" addon="0" merge="0" rebuychips="0" reg_code="5075740155"/>
</players>
</general>
<round no="0"><action no="1" player="ilCapo6" type="15" discard="1" dealt="1" sum="5"/>
<action no="2" player="M1ky3ste92" type="15" sum="5"/>
<action no="3" player="mocciolocaldo" type="15" discard="1" dealt="1" sum="5"/>
<action no="4" player="ilCapo6" type="1" discard="1" dealt="1" sum="15"/>
<action no="5" player="M1ky3ste92" type="2" sum="30"/>
</round>
<round no="1"><cards type="Pocket" player="mocciolocaldo">X X</cards>
<cards type="Pocket" player="ilCapo6">X X</cards>
<cards type="Pocket" player="M1ky3ste92">H2 S7</cards>
<action no="6" player="mocciolocaldo" type="23" discard="1" dealt="1" sum="453"/>
<action no="7" player="ilCapo6" type="0" discard="1" dealt="1" sum="0"/>
<action no="8" player="M1ky3ste92" type="0" sum="0"/>
</round>
</game>
<game gamecode="6541673191"><general><startdate>2025-11-26 16:35:30</startdate>
<round>1</round>
<failsafecounter/>
<players><player seat="10" name="mocciolocaldo" chips="513" dealer="0" win="45" bet="35" muck="1" rebuy="0" addon="0" merge="0" rebuychips="0" reg_code="5075740744"/>
<player seat="3" name="ilCapo6" chips="487" dealer="1" win="0" bet="5" muck="1" rebuy="0" addon="0" merge="0" rebuychips="0" reg_code="5075740155"/>
<player seat="6" name="M1ky3ste92" chips="500" dealer="0" win="0" bet="20" muck="1" rebuy="0" addon="0" merge="0" rebuychips="0" reg_code="5075740185"/>
</players>
</general>
<round no="0"><action no="1" player="M1ky3ste92" type="15" sum="5"/>
<action no="2" player="mocciolocaldo" type="15" discard="1" dealt="1" sum="5"/>
<action no="3" player="ilCapo6" type="15" discard="1" dealt="1" sum="5"/>
<action no="4" player="M1ky3ste92" type="1" sum="15"/>
<action no="5" player="mocciolocaldo" type="2" discard="1" dealt="1" sum="30"/>
</round>
<round no="1"><cards type="Pocket" player="M1ky3ste92">C3 H7</cards>
<cards type="Pocket" player="ilCapo6">X X</cards>
<cards type="Pocket" player="mocciolocaldo">X X</cards>
<action no="6" player="ilCapo6" type="0" discard="1" dealt="1" sum="0"/>
<action no="7" player="M1ky3ste92" type="0" sum="0"/>
</round>
</game>
<game gamecode="6541673212"><general><startdate>2025-11-26 16:35:40</startdate>
<round>1</round>
<failsafecounter/>
<players><player seat="3" name="ilCapo6" chips="482" dealer="0" win="45" bet="35" muck="1" rebuy="0" addon="0" merge="0" rebuychips="0" reg_code="5075740155"/>
<player seat="6" name="M1ky3ste92" chips="480" dealer="1" win="0" bet="5" muck="1" rebuy="0" addon="0" merge="0" rebuychips="0" reg_code="5075740185"/>
<player seat="10" name="mocciolocaldo" chips="538" dealer="0" win="0" bet="20" muck="1" rebuy="0" addon="0" merge="0" rebuychips="0" reg_code="5075740744"/>
</players>
</general>
<round no="0"><action no="1" player="mocciolocaldo" type="15" discard="1" dealt="1" sum="5"/>
<action no="2" player="ilCapo6" type="15" discard="1" dealt="1" sum="5"/>
<action no="3" player="M1ky3ste92" type="15" sum="5"/>
<action no="4" player="mocciolocaldo" type="1" discard="1" dealt="1" sum="15"/>
<action no="5" player="ilCapo6" type="2" discard="1" dealt="1" sum="30"/>
</round>
<round no="1"><cards type="Pocket" player="M1ky3ste92">H2 D9</cards>
<cards type="Pocket" player="ilCapo6">X X</cards>
<cards type="Pocket" player="mocciolocaldo">X X</cards>
<action no="6" player="M1ky3ste92" type="0" sum="0"/>
<action no="7" player="mocciolocaldo" type="0" discard="1" dealt="1" sum="0"/>
</round>
</game>
<game gamecode="6541673231"><general><startdate>2025-11-26 16:35:47</startdate>
<round>1</round>
<failsafecounter/>
<players><player seat="6" name="M1ky3ste92" chips="475" dealer="0" win="0" bet="45" muck="1" rebuy="0" addon="0" merge="0" rebuychips="0" reg_code="5075740185"/>
<player seat="10" name="mocciolocaldo" chips="518" dealer="1" win="0" bet="507" muck="1" rebuy="0" addon="0" merge="0" rebuychips="0" reg_code="5075740744"/>
<player seat="3" name="ilCapo6" chips="507" dealer="0" win="1,059" bet="507" muck="0" rebuy="0" addon="0" merge="0" rebuychips="0" reg_code="5075740155"/>
</players>
</general>
<round no="0"><action no="1" player="ilCapo6" type="15" discard="1" dealt="1" sum="5"/>
<action no="2" player="M1ky3ste92" type="15" sum="5"/>
<action no="3" player="mocciolocaldo" type="15" discard="1" dealt="1" sum="5"/>
<action no="4" player="ilCapo6" type="1" discard="1" dealt="1" sum="20"/>
<action no="5" player="M1ky3ste92" type="2" sum="40"/>
</round>
<round no="1"><cards type="Pocket" player="mocciolocaldo">H9 C9</cards>
<cards type="Pocket" player="ilCapo6">CK CJ</cards>
<cards type="Pocket" player="M1ky3ste92">S7 S5</cards>
<action no="6" player="mocciolocaldo" type="23" discard="1" dealt="1" sum="80"/>
<action no="7" player="ilCapo6" type="23" discard="1" dealt="1" sum="502"/>
<action no="8" player="M1ky3ste92" type="0" sum="0"/>
<action no="9" player="mocciolocaldo" type="3" discard="1" dealt="1" sum="422"/>
</round>
<round no="2"><cards type="Flop">HJ S3 H10</cards>
</round>
<round no="3"><cards type="Turn">H4</cards>
</round>
<round no="4"><cards type="River">SQ</cards>
</round>
</game>
<game gamecode="6541673276"><general><startdate>2025-11-26 16:36:09</startdate>
<round>1</round>
<failsafecounter/>
<players><player seat="10" name="mocciolocaldo" chips="11" dealer="0" win="0" bet="11" muck="0" rebuy="0" addon="0" merge="0" rebuychips="0" reg_code="5075740744"/>
<player seat="3" name="ilCapo6" chips="1,059" dealer="1" win="0" bet="5" muck="1" rebuy="0" addon="0" merge="0" rebuychips="0" reg_code="5075740155"/>
<player seat="6" name="M1ky3ste92" chips="430" dealer="0" win="27" bet="25" muck="0" rebuy="0" addon="0" merge="0" rebuychips="0" reg_code="5075740185"/>
</players>
</general>
<round no="0"><action no="1" player="M1ky3ste92" type="15" sum="5"/>
<action no="2" player="mocciolocaldo" type="15" discard="1" dealt="1" sum="5"/>
<action no="3" player="ilCapo6" type="15" discard="1" dealt="1" sum="5"/>
<action no="4" player="M1ky3ste92" type="1" sum="20"/>
<action no="5" player="mocciolocaldo" type="2" discard="1" dealt="1" sum="6"/>
</round>
<round no="1"><cards type="Pocket" player="mocciolocaldo">D6 S4</cards>
<cards type="Pocket" player="ilCapo6">X X</cards>
<cards type="Pocket" player="M1ky3ste92">DA CQ</cards>
<action no="6" player="ilCapo6" type="0" discard="1" dealt="1" sum="0"/>
</round>
<round no="2"><cards type="Flop">C2 D3 DQ</cards>
</round>
<round no="3"><cards type="Turn">S8</cards>
</round>
<round no="4"><cards type="River">CK</cards>
</round>
</game>
<game gamecode="6541673308"><general><startdate>2025-11-26 16:36:25</startdate>
<round>1</round>
<failsafecounter/>
<players><player seat="3" name="ilCapo6" chips="1,054" dealer="0" win="0" bet="45" muck="1" rebuy="0" addon="0" merge="0" rebuychips="0" reg_code="5075740155"/>
<player seat="6" name="M1ky3ste92" chips="446" dealer="1" win="90" bet="85" muck="1" rebuy="0" addon="0" merge="0" rebuychips="0" reg_code="5075740185"/>
</players>
</general>
<round no="0"><action no="1" player="M1ky3ste92" type="15" sum="5"/>
<action no="2" player="ilCapo6" type="15" discard="1" dealt="1" sum="5"/>
<action no="3" player="M1ky3ste92" type="1" sum="20"/>
<action no="4" player="ilCapo6" type="2" discard="1" dealt="1" sum="40"/>
</round>
<round no="1"><cards type="Pocket" player="ilCapo6">X X</cards>
<cards type="Pocket" player="M1ky3ste92">D7 D5</cards>
<action no="5" player="M1ky3ste92" type="3" sum="20"/>
<action no="6" player="ilCapo6" type="4" discard="1" dealt="1" sum="0"/>
</round>
<round no="2"><cards type="Flop">SQ S6 S4</cards>
<action no="7" player="ilCapo6" type="4" discard="1" dealt="1" sum="0"/>
<action no="8" player="M1ky3ste92" type="5" sum="40"/>
<action no="9" player="ilCapo6" type="0" discard="1" dealt="1" sum="0"/>
</round>
</game>
<game gamecode="6541673394"><general><startdate>2025-11-26 16:37:05</startdate>
<round>1</round>
<failsafecounter/>
<players><player seat="6" name="M1ky3ste92" chips="491" dealer="0" win="50" bet="45" muck="1" rebuy="0" addon="0" merge="0" rebuychips="0" reg_code="5075740185"/>
<player seat="3" name="ilCapo6" chips="1,009" dealer="1" win="0" bet="25" muck="1" rebuy="0" addon="0" merge="0" rebuychips="0" reg_code="5075740155"/>
</players>
</general>
<round no="0"><action no="1" player="ilCapo6" type="15" discard="1" dealt="1" sum="5"/>
<action no="2" player="M1ky3ste92" type="15" sum="5"/>
<action no="3" player="ilCapo6" type="1" discard="1" dealt="1" sum="20"/>
<action no="4" player="M1ky3ste92" type="2" sum="40"/>
</round>
<round no="1"><cards type="Pocket" player="M1ky3ste92">D5 D7</cards>
<cards type="Pocket" player="ilCapo6">X X</cards>
<action no="5" player="ilCapo6" type="0" discard="1" dealt="1" sum="0"/>
</round>
</game>
<game gamecode="6541673429"><general><startdate>2025-11-26 16:37:24</startdate>
<round>1</round>
<failsafecounter/>
<players><player seat="3" name="ilCapo6" chips="984" dealer="0" win="130" bet="155" muck="1" rebuy="0" addon="0" merge="0" rebuychips="0" reg_code="5075740155"/>
<player seat="6" name="M1ky3ste92" chips="516" dealer="1" win="0" bet="65" muck="1" rebuy="0" addon="0" merge="0" rebuychips="0" reg_code="5075740185"/>
</players>
</general>
<round no="0"><action no="1" player="M1ky3ste92" type="15" sum="5"/>
<action no="2" player="ilCapo6" type="15" discard="1" dealt="1" sum="5"/>
<action no="3" player="M1ky3ste92" type="1" sum="30"/>
<action no="4" player="ilCapo6" type="2" discard="1" dealt="1" sum="60"/>
</round>
<round no="1"><cards type="Pocket" player="ilCapo6">X X</cards>
<cards type="Pocket" player="M1ky3ste92">HJ D5</cards>
<action no="5" player="M1ky3ste92" type="3" sum="30"/>
<action no="6" player="ilCapo6" type="23" discard="1" dealt="1" sum="150"/>
<action no="7" player="M1ky3ste92" type="0" sum="0"/>
</round>
</game>
<game gamecode="6541673460"><general><startdate>2025-11-26 16:37:39</startdate>
<round>1</round>
<failsafecounter/>
<players><player seat="6" name="M1ky3ste92" chips="451" dealer="0" win="902" bet="451" muck="0" rebuy="0" addon="0" merge="0" rebuychips="0" reg_code="5075740185"/>
<player seat="3" name="ilCapo6" chips="1,049" dealer="1" win="0" bet="1,049" muck="0" rebuy="0" addon="0" merge="0" rebuychips="0" reg_code="5075740155"/>
</players>
</general>
<round no="0"><action no="1" player="ilCapo6" type="15" discard="1" dealt="1" sum="5"/>
<action no="2" player="M1ky3ste92" type="15" sum="5"/>
<action no="3" player="ilCapo6" type="1" discard="1" dealt="1" sum="30"/>
<action no="4" player="M1ky3ste92" type="2" sum="60"/>
</round>
<round no="1"><cards type="Pocket" player="ilCapo6">D7 SQ</cards>
<cards type="Pocket" player="M1ky3ste92">DA H3</cards>
<action no="5" player="ilCapo6" type="23" discard="1" dealt="1" sum="1,044"/>
<action no="6" player="M1ky3ste92" type="7" sum="386"/>
</round>
<round no="2"><cards type="Flop">C2 S10 D8</cards>
</round>
<round no="3"><cards type="Turn">S2</cards>
</round>
<round no="4"><cards type="River">C3</cards>
</round>
</game>
<game gamecode="6541673498"><general><startdate>2025-11-26 16:37:57</startdate>
<round>1</round>
<failsafecounter/>
<players><player seat="3" name="ilCapo6" chips="598" dealer="0" win="0" bet="65" muck="1" rebuy="0" addon="0" merge="0" rebuychips="0" reg_code="5075740155"/>
<player seat="6" name="M1ky3ste92" chips="902" dealer="1" win="130" bet="902" muck="1" rebuy="0" addon="0" merge="0" rebuychips="0" reg_code="5075740185"/>
</players>
</general>
<round no="0"><action no="1" player="M1ky3ste92" type="15" sum="5"/>
<action no="2" player="ilCapo6" type="15" discard="1" dealt="1" sum="5"/>
<action no="3" player="M1ky3ste92" type="1" sum="30"/>
<action no="4" player="ilCapo6" type="2" discard="1" dealt="1" sum="60"/>
</round>
<round no="1"><cards type="Pocket" player="M1ky3ste92">CJ S9</cards>
<cards type="Pocket" player="ilCapo6">X X</cards>
<action no="5" player="M1ky3ste92" type="23" sum="897"/>
<action no="6" player="ilCapo6" type="0" discard="1" dealt="1" sum="0"/>
</round>
</game>
<game gamecode="6541678036"><general><startdate>2025-11-26 16:38:05</startdate>
<round>1</round>
<failsafecounter/>
<players><player seat="6" name="M1ky3ste92" chips="967" dealer="0" win="0" bet="65" muck="1" rebuy="0" addon="0" merge="0" rebuychips="0" reg_code="5075740185"/>
<player seat="3" name="ilCapo6" chips="533" dealer="1" win="130" bet="533" muck="1" rebuy="0" addon="0" merge="0" rebuychips="0" reg_code="5075740155"/>
</players>
</general>
<round no="0"><action no="1" player="ilCapo6" type="15" discard="1" dealt="1" sum="5"/>
<action no="2" player="M1ky3ste92" type="15" sum="5"/>
<action no="3" player="ilCapo6" type="1" discard="1" dealt="1" sum="30"/>
<action no="4" player="M1ky3ste92" type="2" sum="60"/>
</round>
<round no="1"><cards type="Pocket" player="M1ky3ste92">H3 D9</cards>
<cards type="Pocket" player="ilCapo6">X X</cards>
<action no="5" player="ilCapo6" type="3" discard="1" dealt="1" sum="30"/>
<action no="6" player="M1ky3ste92" type="4" sum="0"/>
</round>
<round no="2"><cards type="Flop">H2 DQ CQ</cards>
<action no="7" player="M1ky3ste92" type="4" sum="0"/>
<action no="8" player="ilCapo6" type="5" discard="1" dealt="1" sum="468"/>
<action no="9" player="M1ky3ste92" type="0" sum="0"/>
</round>
</game>
<game gamecode="6541678115"><general><startdate>2025-11-26 16:38:37</startdate>
<round>1</round>
<failsafecounter/>
<players><player seat="3" name="ilCapo6" chips="598" dealer="0" win="70" bet="65" muck="1" rebuy="0" addon="0" merge="0" rebuychips="0" reg_code="5075740155"/>
<player seat="6" name="M1ky3ste92" chips="902" dealer="1" win="0" bet="35" muck="1" rebuy="0" addon="0" merge="0" rebuychips="0" reg_code="5075740185"/>
</players>
</general>
<round no="0"><action no="1" player="M1ky3ste92" type="15" sum="5"/>
<action no="2" player="ilCapo6" type="15" discard="1" dealt="1" sum="5"/>
<action no="3" player="M1ky3ste92" type="1" sum="30"/>
<action no="4" player="ilCapo6" type="2" discard="1" dealt="1" sum="60"/>
</round>
<round no="1"><cards type="Pocket" player="ilCapo6">X X</cards>
<cards type="Pocket" player="M1ky3ste92">H3 D8</cards>
<action no="5" player="M1ky3ste92" type="0" sum="0"/>
</round>
</game>
<game gamecode="6541678127"><general><startdate>2025-11-26 16:38:44</startdate>
<round>1</round>
<failsafecounter/>
<players><player seat="6" name="M1ky3ste92" chips="867" dealer="0" win="0" bet="867" muck="1" rebuy="0" addon="0" merge="0" rebuychips="0" reg_code="5075740185"/>
<player seat="3" name="ilCapo6" chips="633" dealer="1" win="1,266" bet="633" muck="0" rebuy="0" addon="0" merge="0" rebuychips="0" reg_code="5075740155"/>
</players>
</general>
<round no="0"><action no="1" player="ilCapo6" type="15" discard="1" dealt="1" sum="5"/>
<action no="2" player="M1ky3ste92" type="15" sum="5"/>
<action no="3" player="ilCapo6" type="1" discard="1" dealt="1" sum="30"/>
<action no="4" player="M1ky3ste92" type="2" sum="60"/>
</round>
<round no="1"><cards type="Pocket" player="M1ky3ste92">C2 CK</cards>
<cards type="Pocket" player="ilCapo6">HJ S5</cards>
<action no="5" player="ilCapo6" type="3" discard="1" dealt="1" sum="30"/>
<action no="6" player="M1ky3ste92" type="4" sum="0"/>
</round>
<round no="2"><cards type="Flop">D5 DK CJ</cards>
<action no="7" player="M1ky3ste92" type="4" sum="0"/>
<action no="8" player="ilCapo6" type="5" discard="1" dealt="1" sum="65"/>
<action no="9" player="M1ky3ste92" type="3" sum="65"/>
</round>
<round no="3"><cards type="Turn">S10</cards>
<action no="10" player="M1ky3ste92" type="4" sum="0"/>
<action no="11" player="ilCapo6" type="5" discard="1" dealt="1" sum="195"/>
<action no="12" player="M1ky3ste92" type="23" sum="737"/>
<action no="13" player="ilCapo6" type="7" discard="1" dealt="1" sum="308"/>
</round>
<round no="4"><cards type="River">H6</cards>
</round>
</game>
<game gamecode="6541678200"><general><startdate>2025-11-26 16:39:21</startdate>
<round>1</round>
<failsafecounter/>
<players><player seat="3" name="ilCapo6" chips="1,266" dealer="0" win="468" bet="234" muck="0" rebuy="0" addon="0" merge="0" rebuychips="0" reg_code="5075740155"/>
<player seat="6" name="M1ky3ste92" chips="234" dealer="1" win="0" bet="234" muck="0" rebuy="0" addon="0" merge="0" rebuychips="0" reg_code="5075740185"/>
</players>
</general>
<round no="0"><action no="1" player="M1ky3ste92" type="15" sum="8"/>
<action no="2" player="ilCapo6" type="15" discard="1" dealt="1" sum="8"/>
<action no="3" player="M1ky3ste92" type="1" sum="40"/>
<action no="4" player="ilCapo6" type="2" discard="1" dealt="1" sum="80"/>
</round>
<round no="1"><cards type="Pocket" player="ilCapo6">S2 C2</cards>
<cards type="Pocket" player="M1ky3ste92">H8 H9</cards>
<action no="5" player="M1ky3ste92" type="23" sum="226"/>
<action no="6" player="ilCapo6" type="3" discard="1" dealt="1" sum="146"/>
</round>
<round no="2"><cards type="Flop">HK C4 C5</cards>
</round>
<round no="3"><cards type="Turn">CK</cards>
</round>
<round no="4"><cards type="River">S3</cards>
</round>
</game>
</session>
