<?xml version="1.0" encoding="UTF-8"?>
<session sessioncode="5075728992">
<general>
<client_version>25.7.1.34</client_version>
<mode>real</mode>
<gametype>Holdem NL</gametype>
<tablename>Twister €100 SNG, 822480870</tablename>
<tournamentcode>822480869</tournamentcode>
<tournamentname>Twister €100 SNG</tournamentname>
<buyin>€0 + €7 + €93</buyin>
<totalbuyin>€100</totalbuyin>
<rewarddrawn>€400</rewarddrawn>
<tournamentcurrency>EUR</tournamentcurrency>
<currency>EUR</currency>
<nickname>M1ky3ste92</nickname>
<gamecount>18</gamecount>
<startdate>2025-11-26 15:48:31</startdate>
<place>3</place>
<win>€0</win>
<tablesize>3</tablesize>
</general>
<game gamecode="6541632386"><general><startdate>2025-11-26 15:48:47</startdate>
<round>1</round>
<failsafecounter/>
<players><player seat="10" name="Overthetop1310" chips="500" dealer="0" win="20" bet="20" muck="1" rebuy="0" addon="0" merge="0" rebuychips="0" reg_code="5075729039"/>
<player seat="3" name="Dominance" chips="500" dealer="1" win="0" bet="0" muck="1" rebuy="0" addon="0" merge="0" rebuychips="0" reg_code="5075728884"/>
<player seat="6" name="M1ky3ste92" chips="500" dealer="0" win="0" bet="10" muck="1" rebuy="0" addon="0" merge="0" rebuychips="0" reg_code="5075728992"/>
</players>
</general>
<round no="0"><action no="1" player="M1ky3ste92" type="1" sum="10"/>
<action no="2" player="Overthetop1310" type="2" discard="1" dealt="1" sum="20"/>
</round>
<round no="1"><cards type="Pocket" player="Dominance">X X</cards>
<cards type="Pocket" player="M1ky3ste92">CJ D4</cards>
<cards type="Pocket" player="Overthetop1310">X X</cards>
<action no="3" player="Dominance" type="0" discard="1" dealt="1" sum="0"/>
<action no="4" player="M1ky3ste92" type="0" sum="0"/>
</round>
</game>
<game gamecode="6541632410"><general><startdate>2025-11-26 15:49:00</startdate>
<round>1</round>
<failsafecounter/>
<players><player seat="3" name="Dominance" chips="500" dealer="0" win="0" bet="20" muck="1" rebuy="0" addon="0" merge="0" rebuychips="0" reg_code="5075728884"/>
<player seat="6" name="M1ky3ste92" chips="490" dealer="1" win="0" bet="0" muck="1" rebuy="0" addon="0" merge="0" rebuychips="0" reg_code="5075728992"/>
<player seat="10" name="Overthetop1310" chips="510" dealer="0" win="40" bet="60" muck="1" rebuy="0" addon="0" merge="0" rebuychips="0" reg_code="5075729039"/>
</players>
</general>
<round no="0"><action no="1" player="Overthetop1310" type="1" discard="1" dealt="1" sum="10"/>
<action no="2" player="Dominance" type="2" discard="1" dealt="1" sum="20"/>
</round>
<round no="1"><cards type="Pocket" player="M1ky3ste92">C5 HJ</cards>
<cards type="Pocket" player="Overthetop1310">X X</cards>
<cards type="Pocket" player="Dominance">X X</cards>
<action no="3" player="M1ky3ste92" type="0" sum="0"/>
<action no="4" player="Overthetop1310" type="3" discard="1" dealt="1" sum="10"/>
<action no="5" player="Dominance" type="4" discard="1" dealt="1" sum="0"/>
</round>
<round no="2"><cards type="Flop">HA C9 DA</cards>
<action no="6" player="Overthetop1310" type="5" discard="1" dealt="1" sum="40"/>
<action no="7" player="Dominance" type="0" discard="1" dealt="1" sum="0"/>
</round>
</game>
<game gamecode="6541632441"><general><startdate>2025-11-26 15:49:16</startdate>
<round>1</round>
<failsafecounter/>
<players><player seat="6" name="M1ky3ste92" chips="490" dealer="0" win="0" bet="20" muck="1" rebuy="0" addon="0" merge="0" rebuychips="0" reg_code="5075728992"/>
<player seat="10" name="Overthetop1310" chips="530" dealer="1" win="50" bet="40" muck="1" rebuy="0" addon="0" merge="0" rebuychips="0" reg_code="5075729039"/>
<player seat="3" name="Dominance" chips="480" dealer="0" win="0" bet="10" muck="1" rebuy="0" addon="0" merge="0" rebuychips="0" reg_code="5075728884"/>
</players>
</general>
<round no="0"><action no="1" player="Dominance" type="1" discard="1" dealt="1" sum="10"/>
<action no="2" player="M1ky3ste92" type="2" sum="20"/>
</round>
<round no="1"><cards type="Pocket" player="M1ky3ste92">S3 H7</cards>
<cards type="Pocket" player="Overthetop1310">X X</cards>
<cards type="Pocket" player="Dominance">X X</cards>
<action no="3" player="Overthetop1310" type="23" discard="1" dealt="1" sum="40"/>
<action no="4" player="Dominance" type="0" discard="1" dealt="1" sum="0"/>
<action no="5" player="M1ky3ste92" type="0" sum="0"/>
</round>
</game>
<game gamecode="6541632453"><general><startdate>2025-11-26 15:49:25</startdate>
<round>1</round>
<failsafecounter/>
<players><player seat="10" name="Overthetop1310" chips="560" dealer="0" win="40" bet="80" muck="1" rebuy="0" addon="0" merge="0" rebuychips="0" reg_code="5075729039"/>
<player seat="3" name="Dominance" chips="470" dealer="1" win="0" bet="0" muck="1" rebuy="0" addon="0" merge="0" rebuychips="0" reg_code="5075728884"/>
<player seat="6" name="M1ky3ste92" chips="470" dealer="0" win="0" bet="20" muck="1" rebuy="0" addon="0" merge="0" rebuychips="0" reg_code="5075728992"/>
</players>
</general>
<round no="0"><action no="1" player="M1ky3ste92" type="1" sum="10"/>
<action no="2" player="Overthetop1310" type="2" discard="1" dealt="1" sum="20"/>
</round>
<round no="1"><cards type="Pocket" player="Dominance">X X</cards>
<cards type="Pocket" player="M1ky3ste92">C4 HA</cards>
<cards type="Pocket" player="Overthetop1310">X X</cards>
<action no="3" player="Dominance" type="0" discard="1" dealt="1" sum="0"/>
<action no="4" player="M1ky3ste92" type="3" sum="10"/>
<action no="5" player="Overthetop1310" type="4" discard="1" dealt="1" sum="0"/>
</round>
<round no="2"><cards type="Flop">S5 CQ H9</cards>
<action no="6" player="M1ky3ste92" type="4" sum="0"/>
<action no="7" player="Overthetop1310" type="4" discard="1" dealt="1" sum="0"/>
</round>
<round no="3"><cards type="Turn">S2</cards>
<action no="8" player="M1ky3ste92" type="4" sum="0"/>
<action no="9" player="Overthetop1310" type="5" discard="1" dealt="1" sum="60"/>
<action no="10" player="M1ky3ste92" type="0" sum="0"/>
</round>
</game>
<game gamecode="6541632489"><general><startdate>2025-11-26 15:49:49</startdate>
<round>1</round>
<failsafecounter/>
<players><player seat="3" name="Dominance" chips="470" dealer="0" win="40" bet="60" muck="1" rebuy="0" addon="0" merge="0" rebuychips="0" reg_code="5075728884"/>
<player seat="6" name="M1ky3ste92" chips="450" dealer="1" win="0" bet="0" muck="1" rebuy="0" addon="0" merge="0" rebuychips="0" reg_code="5075728992"/>
<player seat="10" name="Overthetop1310" chips="580" dealer="0" win="0" bet="20" muck="1" rebuy="0" addon="0" merge="0" rebuychips="0" reg_code="5075729039"/>
</players>
</general>
<round no="0"><action no="1" player="Overthetop1310" type="1" discard="1" dealt="1" sum="10"/>
<action no="2" player="Dominance" type="2" discard="1" dealt="1" sum="20"/>
</round>
<round no="1"><cards type="Pocket" player="M1ky3ste92">D5 HJ</cards>
<cards type="Pocket" player="Overthetop1310">X X</cards>
<cards type="Pocket" player="Dominance">X X</cards>
<action no="3" player="M1ky3ste92" type="0" sum="0"/>
<action no="4" player="Overthetop1310" type="3" discard="1" dealt="1" sum="10"/>
<action no="5" player="Dominance" type="4" discard="1" dealt="1" sum="0"/>
</round>
<round no="2"><cards type="Flop">SA S7 SJ</cards>
<action no="6" player="Overthetop1310" type="4" discard="1" dealt="1" sum="0"/>
<action no="7" player="Dominance" type="5" discard="1" dealt="1" sum="40"/>
<action no="8" player="Overthetop1310" type="0" discard="1" dealt="1" sum="0"/>
</round>
</game>
<game gamecode="6541632536"><general><startdate>2025-11-26 15:50:11</startdate>
<round>1</round>
<failsafecounter/>
<players><player seat="6" name="M1ky3ste92" chips="450" dealer="0" win="240" bet="450" muck="1" rebuy="0" addon="0" merge="0" rebuychips="0" reg_code="5075728992"/>
<player seat="10" name="Overthetop1310" chips="560" dealer="1" win="0" bet="80" muck="1" rebuy="0" addon="0" merge="0" rebuychips="0" reg_code="5075729039"/>
<player seat="3" name="Dominance" chips="490" dealer="0" win="0" bet="80" muck="1" rebuy="0" addon="0" merge="0" rebuychips="0" reg_code="5075728884"/>
</players>
</general>
<round no="0"><action no="1" player="Dominance" type="1" discard="1" dealt="1" sum="10"/>
<action no="2" player="M1ky3ste92" type="2" sum="20"/>
</round>
<round no="1"><cards type="Pocket" player="Dominance">X X</cards>
<cards type="Pocket" player="M1ky3ste92">S2 S8</cards>
<cards type="Pocket" player="Overthetop1310">X X</cards>
<action no="3" player="Overthetop1310" type="3" discard="1" dealt="1" sum="20"/>
<action no="4" player="Dominance" type="3" discard="1" dealt="1" sum="10"/>
<action no="5" player="M1ky3ste92" type="4" sum="0"/>
</round>
<round no="2"><cards type="Flop">S4 S9 SA</cards>
<action no="6" player="Dominance" type="4" discard="1" dealt="1" sum="0"/>
<action no="7" player="M1ky3ste92" type="4" sum="0"/>
<action no="8" player="Overthetop1310" type="5" discard="1" dealt="1" sum="60"/>
<action no="9" player="Dominance" type="3" discard="1" dealt="1" sum="60"/>
<action no="10" player="M1ky3ste92" type="23" sum="430"/>
<action no="11" player="Overthetop1310" type="0" discard="1" dealt="1" sum="0"/>
<action no="12" player="Dominance" type="0" discard="1" dealt="1" sum="0"/>
</round>
</game>
<game gamecode="6541632586"><general><startdate>2025-11-26 15:50:39</startdate>
<round>1</round>
<failsafecounter/>
<players><player seat="10" name="Overthetop1310" chips="480" dealer="0" win="130" bet="480" muck="1" rebuy="0" addon="0" merge="0" rebuychips="0" reg_code="5075729039"/>
<player seat="3" name="Dominance" chips="410" dealer="1" win="0" bet="60" muck="1" rebuy="0" addon="0" merge="0" rebuychips="0" reg_code="5075728884"/>
<player seat="6" name="M1ky3ste92" chips="610" dealer="0" win="0" bet="10" muck="1" rebuy="0" addon="0" merge="0" rebuychips="0" reg_code="5075728992"/>
</players>
</general>
<round no="0"><action no="1" player="M1ky3ste92" type="1" sum="10"/>
<action no="2" player="Overthetop1310" type="2" discard="1" dealt="1" sum="20"/>
</round>
<round no="1"><cards type="Pocket" player="M1ky3ste92">DQ H4</cards>
<cards type="Pocket" player="Overthetop1310">X X</cards>
<cards type="Pocket" player="Dominance">X X</cards>
<action no="3" player="Dominance" type="23" discard="1" dealt="1" sum="40"/>
<action no="4" player="M1ky3ste92" type="0" sum="0"/>
<action no="5" player="Overthetop1310" type="3" discard="1" dealt="1" sum="20"/>
</round>
<round no="2"><cards type="Flop">DA S10 H9</cards>
<action no="6" player="Overthetop1310" type="4" discard="1" dealt="1" sum="0"/>
<action no="7" player="Dominance" type="5" discard="1" dealt="1" sum="20"/>
<action no="8" player="Overthetop1310" type="23" discard="1" dealt="1" sum="440"/>
<action no="9" player="Dominance" type="0" discard="1" dealt="1" sum="0"/>
</round>
</game>
<game gamecode="6541632622"><general><startdate>2025-11-26 15:50:58</startdate>
<round>1</round>
<failsafecounter/>
<players><player seat="3" name="Dominance" chips="350" dealer="0" win="75" bet="350" muck="1" rebuy="0" addon="0" merge="0" rebuychips="0" reg_code="5075728884"/>
<player seat="6" name="M1ky3ste92" chips="600" dealer="1" win="0" bet="5" muck="1" rebuy="0" addon="0" merge="0" rebuychips="0" reg_code="5075728992"/>
<player seat="10" name="Overthetop1310" chips="550" dealer="0" win="0" bet="35" muck="1" rebuy="0" addon="0" merge="0" rebuychips="0" reg_code="5075729039"/>
</players>
</general>
<round no="0"><action no="1" player="Overthetop1310" type="15" discard="1" dealt="1" sum="5"/>
<action no="2" player="Dominance" type="15" discard="1" dealt="1" sum="5"/>
<action no="3" player="M1ky3ste92" type="15" sum="5"/>
<action no="4" player="Overthetop1310" type="1" discard="1" dealt="1" sum="15"/>
<action no="5" player="Dominance" type="2" discard="1" dealt="1" sum="30"/>
</round>
<round no="1"><cards type="Pocket" player="Dominance">X X</cards>
<cards type="Pocket" player="M1ky3ste92">C2 CJ</cards>
<cards type="Pocket" player="Overthetop1310">X X</cards>
<action no="6" player="M1ky3ste92" type="0" sum="0"/>
<action no="7" player="Overthetop1310" type="3" discard="1" dealt="1" sum="15"/>
<action no="8" player="Dominance" type="23" discard="1" dealt="1" sum="345"/>
<action no="9" player="Overthetop1310" type="0" discard="1" dealt="1" sum="0"/>
</round>
</game>
<game gamecode="6541632636"><general><startdate>2025-11-26 15:51:07</startdate>
<round>1</round>
<failsafecounter/>
<players><player seat="6" name="M1ky3ste92" chips="595" dealer="0" win="75" bet="595" muck="1" rebuy="0" addon="0" merge="0" rebuychips="0" reg_code="5075728992"/>
<player seat="10" name="Overthetop1310" chips="515" dealer="1" win="0" bet="5" muck="1" rebuy="0" addon="0" merge="0" rebuychips="0" reg_code="5075729039"/>
<player seat="3" name="Dominance" chips="390" dealer="0" win="0" bet="35" muck="1" rebuy="0" addon="0" merge="0" rebuychips="0" reg_code="5075728884"/>
</players>
</general>
<round no="0"><action no="1" player="Dominance" type="15" discard="1" dealt="1" sum="5"/>
<action no="2" player="M1ky3ste92" type="15" sum="5"/>
<action no="3" player="Overthetop1310" type="15" discard="1" dealt="1" sum="5"/>
<action no="4" player="Dominance" type="1" discard="1" dealt="1" sum="15"/>
<action no="5" player="M1ky3ste92" type="2" sum="30"/>
</round>
<round no="1"><cards type="Pocket" player="Dominance">X X</cards>
<cards type="Pocket" player="M1ky3ste92">SA D10</cards>
<cards type="Pocket" player="Overthetop1310">X X</cards>
<action no="6" player="Overthetop1310" type="0" discard="1" dealt="1" sum="0"/>
<action no="7" player="Dominance" type="3" discard="1" dealt="1" sum="15"/>
<action no="8" player="M1ky3ste92" type="23" sum="590"/>
<action no="9" player="Dominance" type="0" discard="1" dealt="1" sum="0"/>
</round>
</game>
<game gamecode="6541632661"><general><startdate>2025-11-26 15:51:19</startdate>
<round>1</round>
<failsafecounter/>
<players><player seat="10" name="Overthetop1310" chips="510" dealer="0" win="45" bet="35" muck="1" rebuy="0" addon="0" merge="0" rebuychips="0" reg_code="5075729039"/>
<player seat="3" name="Dominance" chips="355" dealer="1" win="0" bet="5" muck="1" rebuy="0" addon="0" merge="0" rebuychips="0" reg_code="5075728884"/>
<player seat="6" name="M1ky3ste92" chips="635" dealer="0" win="0" bet="20" muck="1" rebuy="0" addon="0" merge="0" rebuychips="0" reg_code="5075728992"/>
</players>
</general>
<round no="0"><action no="1" player="M1ky3ste92" type="15" sum="5"/>
<action no="2" player="Overthetop1310" type="15" discard="1" dealt="1" sum="5"/>
<action no="3" player="Dominance" type="15" discard="1" dealt="1" sum="5"/>
<action no="4" player="M1ky3ste92" type="1" sum="15"/>
<action no="5" player="Overthetop1310" type="2" discard="1" dealt="1" sum="30"/>
</round>
<round no="1"><cards type="Pocket" player="Overthetop1310">X X</cards>
<cards type="Pocket" player="M1ky3ste92">S10 D4</cards>
<cards type="Pocket" player="Dominance">X X</cards>
<action no="6" player="Dominance" type="0" discard="1" dealt="1" sum="0"/>
<action no="7" player="M1ky3ste92" type="0" sum="0"/>
</round>
</game>
<game gamecode="6541632678"><general><startdate>2025-11-26 15:51:26</startdate>
<round>1</round>
<failsafecounter/>
<players><player seat="3" name="Dominance" chips="350" dealer="0" win="75" bet="350" muck="1" rebuy="0" addon="0" merge="0" rebuychips="0" reg_code="5075728884"/>
<player seat="6" name="M1ky3ste92" chips="615" dealer="1" win="0" bet="5" muck="1" rebuy="0" addon="0" merge="0" rebuychips="0" reg_code="5075728992"/>
<player seat="10" name="Overthetop1310" chips="535" dealer="0" win="0" bet="35" muck="1" rebuy="0" addon="0" merge="0" rebuychips="0" reg_code="5075729039"/>
</players>
</general>
<round no="0"><action no="1" player="Overthetop1310" type="15" discard="1" dealt="1" sum="5"/>
<action no="2" player="Dominance" type="15" discard="1" dealt="1" sum="5"/>
<action no="3" player="M1ky3ste92" type="15" sum="5"/>
<action no="4" player="Overthetop1310" type="1" discard="1" dealt="1" sum="15"/>
<action no="5" player="Dominance" type="2" discard="1" dealt="1" sum="30"/>
</round>
<round no="1"><cards type="Pocket" player="Dominance">X X</cards>
<cards type="Pocket" player="Overthetop1310">X X</cards>
<cards type="Pocket" player="M1ky3ste92">S10 S3</cards>
<action no="6" player="M1ky3ste92" type="0" sum="0"/>
<action no="7" player="Overthetop1310" type="3" discard="1" dealt="1" sum="15"/>
<action no="8" player="Dominance" type="23" discard="1" dealt="1" sum="345"/>
<action no="9" player="Overthetop1310" type="0" discard="1" dealt="1" sum="0"/>
</round>
</game>
<game gamecode="6541632695"><general><startdate>2025-11-26 15:51:37</startdate>
<round>1</round>
<failsafecounter/>
<players><player seat="6" name="M1ky3ste92" chips="610" dealer="0" win="45" bet="35" muck="1" rebuy="0" addon="0" merge="0" rebuychips="0" reg_code="5075728992"/>
<player seat="10" name="Overthetop1310" chips="500" dealer="1" win="0" bet="5" muck="1" rebuy="0" addon="0" merge="0" rebuychips="0" reg_code="5075729039"/>
<player seat="3" name="Dominance" chips="390" dealer="0" win="0" bet="20" muck="1" rebuy="0" addon="0" merge="0" rebuychips="0" reg_code="5075728884"/>
</players>
</general>
<round no="0"><action no="1" player="Dominance" type="15" discard="1" dealt="1" sum="5"/>
<action no="2" player="M1ky3ste92" type="15" sum="5"/>
<action no="3" player="Overthetop1310" type="15" discard="1" dealt="1" sum="5"/>
<action no="4" player="Dominance" type="1" discard="1" dealt="1" sum="15"/>
<action no="5" player="M1ky3ste92" type="2" sum="30"/>
</round>
<round no="1"><cards type="Pocket" player="M1ky3ste92">SA C3</cards>
<cards type="Pocket" player="Overthetop1310">X X</cards>
<cards type="Pocket" player="Dominance">X X</cards>
<action no="6" player="Overthetop1310" type="0" discard="1" dealt="1" sum="0"/>
<action no="7" player="Dominance" type="0" discard="1" dealt="1" sum="0"/>
</round>
</game>
<game gamecode="6541632706"><general><startdate>2025-11-26 15:51:43</startdate>
<round>1</round>
<failsafecounter/>
<players><player seat="10" name="Overthetop1310" chips="495" dealer="0" win="0" bet="35" muck="1" rebuy="0" addon="0" merge="0" rebuychips="0" reg_code="5075729039"/>
<player seat="3" name="Dominance" chips="370" dealer="1" win="0" bet="5" muck="1" rebuy="0" addon="0" merge="0" rebuychips="0" reg_code="5075728884"/>
<player seat="6" name="M1ky3ste92" chips="635" dealer="0" win="75" bet="635" muck="1" rebuy="0" addon="0" merge="0" rebuychips="0" reg_code="5075728992"/>
</players>
</general>
<round no="0"><action no="1" player="M1ky3ste92" type="15" sum="5"/>
<action no="2" player="Overthetop1310" type="15" discard="1" dealt="1" sum="5"/>
<action no="3" player="Dominance" type="15" discard="1" dealt="1" sum="5"/>
<action no="4" player="M1ky3ste92" type="1" sum="15"/>
<action no="5" player="Overthetop1310" type="2" discard="1" dealt="1" sum="30"/>
</round>
<round no="1"><cards type="Pocket" player="Dominance">X X</cards>
<cards type="Pocket" player="M1ky3ste92">SJ HA</cards>
<cards type="Pocket" player="Overthetop1310">X X</cards>
<action no="6" player="Dominance" type="0" discard="1" dealt="1" sum="0"/>
<action no="7" player="M1ky3ste92" type="23" sum="630"/>
<action no="8" player="Overthetop1310" type="0" discard="1" dealt="1" sum="0"/>
</round>
</game>
<game gamecode="6541632728"><general><startdate>2025-11-26 15:51:54</startdate>
<round>1</round>
<failsafecounter/>
<players><player seat="3" name="Dominance" chips="365" dealer="0" win="75" bet="365" muck="1" rebuy="0" addon="0" merge="0" rebuychips="0" reg_code="5075728884"/>
<player seat="6" name="M1ky3ste92" chips="675" dealer="1" win="0" bet="5" muck="1" rebuy="0" addon="0" merge="0" rebuychips="0" reg_code="5075728992"/>
<player seat="10" name="Overthetop1310" chips="460" dealer="0" win="0" bet="35" muck="1" rebuy="0" addon="0" merge="0" rebuychips="0" reg_code="5075729039"/>
</players>
</general>
<round no="0"><action no="1" player="Overthetop1310" type="15" discard="1" dealt="1" sum="5"/>
<action no="2" player="Dominance" type="15" discard="1" dealt="1" sum="5"/>
<action no="3" player="M1ky3ste92" type="15" sum="5"/>
<action no="4" player="Overthetop1310" type="1" discard="1" dealt="1" sum="15"/>
<action no="5" player="Dominance" type="2" discard="1" dealt="1" sum="30"/>
</round>
<round no="1"><cards type="Pocket" player="M1ky3ste92">DK C7</cards>
<cards type="Pocket" player="Dominance">X X</cards>
<cards type="Pocket" player="Overthetop1310">X X</cards>
<action no="6" player="M1ky3ste92" type="0" sum="0"/>
<action no="7" player="Overthetop1310" type="3" discard="1" dealt="1" sum="15"/>
<action no="8" player="Dominance" type="23" discard="1" dealt="1" sum="360"/>
<action no="9" player="Overthetop1310" type="0" discard="1" dealt="1" sum="0"/>
</round>
</game>
<game gamecode="6541632758"><general><startdate>2025-11-26 15:52:12</startdate>
<round>1</round>
<failsafecounter/>
<players><player seat="6" name="M1ky3ste92" chips="670" dealer="0" win="0" bet="35" muck="1" rebuy="0" addon="0" merge="0" rebuychips="0" reg_code="5075728992"/>
<player seat="10" name="Overthetop1310" chips="425" dealer="1" win="0" bet="5" muck="1" rebuy="0" addon="0" merge="0" rebuychips="0" reg_code="5075729039"/>
<player seat="3" name="Dominance" chips="405" dealer="0" win="75" bet="405" muck="1" rebuy="0" addon="0" merge="0" rebuychips="0" reg_code="5075728884"/>
</players>
</general>
<round no="0"><action no="1" player="Dominance" type="15" discard="1" dealt="1" sum="5"/>
<action no="2" player="M1ky3ste92" type="15" sum="5"/>
<action no="3" player="Overthetop1310" type="15" discard="1" dealt="1" sum="5"/>
<action no="4" player="Dominance" type="1" discard="1" dealt="1" sum="15"/>
<action no="5" player="M1ky3ste92" type="2" sum="30"/>
</round>
<round no="1"><cards type="Pocket" player="Dominance">X X</cards>
<cards type="Pocket" player="Overthetop1310">X X</cards>
<cards type="Pocket" player="M1ky3ste92">D2 HJ</cards>
<action no="6" player="Overthetop1310" type="0" discard="1" dealt="1" sum="0"/>
<action no="7" player="Dominance" type="23" discard="1" dealt="1" sum="400"/>
<action no="8" player="M1ky3ste92" type="0" sum="0"/>
</round>
</game>
<game gamecode="6541639520"><general><startdate>2025-11-26 15:52:20</startdate>
<round>1</round>
<failsafecounter/>
<players><player seat="10" name="Overthetop1310" chips="420" dealer="0" win="0" bet="35" muck="1" rebuy="0" addon="0" merge="0" rebuychips="0" reg_code="5075729039"/>
<player seat="3" name="Dominance" chips="445" dealer="1" win="90" bet="445" muck="1" rebuy="0" addon="0" merge="0" rebuychips="0" reg_code="5075728884"/>
<player seat="6" name="M1ky3ste92" chips="635" dealer="0" win="0" bet="20" muck="1" rebuy="0" addon="0" merge="0" rebuychips="0" reg_code="5075728992"/>
</players>
</general>
<round no="0"><action no="1" player="M1ky3ste92" type="15" sum="5"/>
<action no="2" player="Overthetop1310" type="15" discard="1" dealt="1" sum="5"/>
<action no="3" player="Dominance" type="15" discard="1" dealt="1" sum="5"/>
<action no="4" player="M1ky3ste92" type="1" sum="15"/>
<action no="5" player="Overthetop1310" type="2" discard="1" dealt="1" sum="30"/>
</round>
<round no="1"><cards type="Pocket" player="Dominance">X X</cards>
<cards type="Pocket" player="M1ky3ste92">C10 DJ</cards>
<cards type="Pocket" player="Overthetop1310">X X</cards>
<action no="6" player="Dominance" type="23" discard="1" dealt="1" sum="440"/>
<action no="7" player="M1ky3ste92" type="0" sum="0"/>
<action no="8" player="Overthetop1310" type="0" discard="1" dealt="1" sum="0"/>
</round>
</game>
<game gamecode="6541639538"><general><startdate>2025-11-26 15:52:29</startdate>
<round>1</round>
<failsafecounter/>
<players><player seat="3" name="Dominance" chips="500" dealer="0" win="1,020" bet="500" muck="0" rebuy="0" addon="0" merge="0" rebuychips="0" reg_code="5075728884"/>
<player seat="6" name="M1ky3ste92" chips="615" dealer="1" win="0" bet="615" muck="1" rebuy="0" addon="0" merge="0" rebuychips="0" reg_code="5075728992"/>
<player seat="10" name="Overthetop1310" chips="385" dealer="0" win="0" bet="20" muck="1" rebuy="0" addon="0" merge="0" rebuychips="0" reg_code="5075729039"/>
</players>
</general>
<round no="0"><action no="1" player="Overthetop1310" type="15" discard="1" dealt="1" sum="5"/>
<action no="2" player="Dominance" type="15" discard="1" dealt="1" sum="5"/>
<action no="3" player="M1ky3ste92" type="15" sum="5"/>
<action no="4" player="Overthetop1310" type="1" discard="1" dealt="1" sum="15"/>
<action no="5" player="Dominance" type="2" discard="1" dealt="1" sum="30"/>
</round>
<round no="1"><cards type="Pocket" player="Overthetop1310">X X</cards>
<cards type="Pocket" player="Dominance">C9 HA</cards>
<cards type="Pocket" player="M1ky3ste92">SK DJ</cards>
<action no="6" player="M1ky3ste92" type="23" sum="610"/>
<action no="7" player="Overthetop1310" type="0" discard="1" dealt="1" sum="0"/>
<action no="8" player="Dominance" type="7" discard="1" dealt="1" sum="465"/>
</round>
<round no="2"><cards type="Flop">CQ C2 DA</cards>
</round>
<round no="3"><cards type="Turn">D8</cards>
</round>
<round no="4"><cards type="River">C3</cards>
</round>
</game>
<game gamecode="6541639569"><general><startdate>2025-11-26 15:52:46</startdate>
<round>1</round>
<failsafecounter/>
<players><player seat="6" name="M1ky3ste92" chips="115" dealer="0" win="0" bet="115" muck="1" rebuy="0" addon="0" merge="0" rebuychips="0" reg_code="5075728992"/>
<player seat="10" name="Overthetop1310" chips="365" dealer="1" win="0" bet="5" muck="1" rebuy="0" addon="0" merge="0" rebuychips="0" reg_code="5075729039"/>
<player seat="3" name="Dominance" chips="1,020" dealer="0" win="235" bet="1,020" muck="0" rebuy="0" addon="0" merge="0" rebuychips="0" reg_code="5075728884"/>
</players>
</general>
<round no="0"><action no="1" player="Dominance" type="15" discard="1" dealt="1" sum="5"/>
<action no="2" player="M1ky3ste92" type="15" sum="5"/>
<action no="3" player="Overthetop1310" type="15" discard="1" dealt="1" sum="5"/>
<action no="4" player="Dominance" type="1" discard="1" dealt="1" sum="15"/>
<action no="5" player="M1ky3ste92" type="2" sum="30"/>
</round>
<round no="1"><cards type="Pocket" player="M1ky3ste92">HJ S4</cards>
<cards type="Pocket" player="Dominance">S6 H6</cards>
<cards type="Pocket" player="Overthetop1310">X X</cards>
<action no="6" player="Overthetop1310" type="0" discard="1" dealt="1" sum="0"/>
<action no="7" player="Dominance" type="23" discard="1" dealt="1" sum="1,015"/>
<action no="8" player="M1ky3ste92" type="7" sum="80"/>
</round>
<round no="2"><cards type="Flop">HK S7 C6</cards>
</round>
<round no="3"><cards type="Turn">H7</cards>
</round>
<round no="4"><cards type="River">H10</cards>
</round>
</game>
</session>
