<?xml version="1.0" encoding="UTF-8"?>
<session sessioncode="5075998891">
<general>
<client_version>25.7.1.34</client_version>
<mode>real</mode>
<gametype>Holdem NL</gametype>
<tablename>Twister €100 SNG, 822552414</tablename>
<tournamentcode>822552412</tournamentcode>
<tournamentname>Twister €100 SNG</tournamentname>
<buyin>€0 + €7 + €93</buyin>
<totalbuyin>€100</totalbuyin>
<rewarddrawn>€300</rewarddrawn>
<tournamentcurrency>EUR</tournamentcurrency>
<currency>EUR</currency>
<nickname>M1ky3ste92</nickname>
<gamecount>9</gamecount>
<startdate>2025-11-27 17:13:44</startdate>
<place>1</place>
<win>€300</win>
<tablesize>3</tablesize>
</general>
<game gamecode="6542582254"><general><startdate>2025-11-27 17:13:59</startdate>
<round>1</round>
<failsafecounter/>
<players><player seat="6" name="M1ky3ste92" chips="500" dealer="0" win="0" bet="20" muck="1" rebuy="0" addon="0" merge="0" rebuychips="0" reg_code="5075998891"/>
<player seat="10" name="joker898989" chips="500" dealer="1" win="50" bet="80" muck="1" rebuy="0" addon="0" merge="0" rebuychips="0" reg_code="5075999576"/>
<player seat="3" name="ilCapo6" chips="500" dealer="0" win="0" bet="10" muck="1" rebuy="0" addon="0" merge="0" rebuychips="0" reg_code="5075998573"/>
</players>
</general>
<round no="0"><action no="1" player="ilCapo6" type="1" discard="1" dealt="1" sum="10"/>
<action no="2" player="M1ky3ste92" type="2" sum="20"/>
</round>
<round no="1"><cards type="Pocket" player="joker898989">X X</cards>
<cards type="Pocket" player="M1ky3ste92">CQ S8</cards>
<cards type="Pocket" player="ilCapo6">X X</cards>
<action no="3" player="joker898989" type="23" discard="1" dealt="1" sum="80"/>
<action no="4" player="ilCapo6" type="0" discard="1" dealt="1" sum="0"/>
<action no="5" player="M1ky3ste92" type="0" sum="0"/>
</round>
</game>
<game gamecode="6542582283"><general><startdate>2025-11-27 17:14:11</startdate>
<round>1</round>
<failsafecounter/>
<players><player seat="10" name="joker898989" chips="530" dealer="0" win="20" bet="20" muck="1" rebuy="0" addon="0" merge="0" rebuychips="0" reg_code="5075999576"/>
<player seat="3" name="ilCapo6" chips="490" dealer="1" win="0" bet="0" muck="1" rebuy="0" addon="0" merge="0" rebuychips="0" reg_code="5075998573"/>
<player seat="6" name="M1ky3ste92" chips="480" dealer="0" win="0" bet="10" muck="1" rebuy="0" addon="0" merge="0" rebuychips="0" reg_code="5075998891"/>
</players>
</general>
<round no="0"><action no="1" player="M1ky3ste92" type="1" sum="10"/>
<action no="2" player="joker898989" type="2" discard="1" dealt="1" sum="20"/>
</round>
<round no="1"><cards type="Pocket" player="joker898989">X X</cards>
<cards type="Pocket" player="M1ky3ste92">H2 S9</cards>
<cards type="Pocket" player="ilCapo6">X X</cards>
<action no="3" player="ilCapo6" type="0" discard="1" dealt="1" sum="0"/>
<action no="4" player="M1ky3ste92" type="0" sum="0"/>
</round>
</game>
<game gamecode="6542582319"><general><startdate>2025-11-27 17:14:24</startdate>
<round>1</round>
<failsafecounter/>
<players><player seat="3" name="ilCapo6" chips="490" dealer="0" win="980" bet="490" muck="0" rebuy="0" addon="0" merge="0" rebuychips="0" reg_code="5075998573"/>
<player seat="6" name="M1ky3ste92" chips="470" dealer="1" win="0" bet="0" muck="1" rebuy="0" addon="0" merge="0" rebuychips="0" reg_code="5075998891"/>
<player seat="10" name="joker898989" chips="540" dealer="0" win="0" bet="490" muck="1" rebuy="0" addon="0" merge="0" rebuychips="0" reg_code="5075999576"/>
</players>
</general>
<round no="0"><action no="1" player="joker898989" type="1" discard="1" dealt="1" sum="10"/>
<action no="2" player="ilCapo6" type="2" discard="1" dealt="1" sum="20"/>
</round>
<round no="1"><cards type="Pocket" player="joker898989">D2 DA</cards>
<cards type="Pocket" player="ilCapo6">C7 S7</cards>
<cards type="Pocket" player="M1ky3ste92">H4 D5</cards>
<action no="3" player="M1ky3ste92" type="0" sum="0"/>
<action no="4" player="joker898989" type="23" discard="1" dealt="1" sum="80"/>
<action no="5" player="ilCapo6" type="23" discard="1" dealt="1" sum="490"/>
<action no="6" player="joker898989" type="3" discard="1" dealt="1" sum="410"/>
</round>
<round no="2"><cards type="Flop">H5 C2 DJ</cards>
</round>
<round no="3"><cards type="Turn">C8</cards>
</round>
<round no="4"><cards type="River">D10</cards>
</round>
</game>
<game gamecode="6542582366"><general><startdate>2025-11-27 17:14:46</startdate>
<round>1</round>
<failsafecounter/>
<players><player seat="6" name="M1ky3ste92" chips="470" dealer="0" win="0" bet="20" muck="1" rebuy="0" addon="0" merge="0" rebuychips="0" reg_code="5075998891"/>
<player seat="10" name="joker898989" chips="50" dealer="1" win="120" bet="50" muck="0" rebuy="0" addon="0" merge="0" rebuychips="0" reg_code="5075999576"/>
<player seat="3" name="ilCapo6" chips="980" dealer="0" win="0" bet="50" muck="1" rebuy="0" addon="0" merge="0" rebuychips="0" reg_code="5075998573"/>
</players>
</general>
<round no="0"><action no="1" player="ilCapo6" type="1" discard="1" dealt="1" sum="10"/>
<action no="2" player="M1ky3ste92" type="2" sum="20"/>
</round>
<round no="1"><cards type="Pocket" player="M1ky3ste92">H3 C7</cards>
<cards type="Pocket" player="ilCapo6">H8 DQ</cards>
<cards type="Pocket" player="joker898989">SA HQ</cards>
<action no="3" player="joker898989" type="23" discard="1" dealt="1" sum="50"/>
<action no="4" player="ilCapo6" type="3" discard="1" dealt="1" sum="40"/>
<action no="5" player="M1ky3ste92" type="0" sum="0"/>
</round>
<round no="2"><cards type="Flop">D7 CQ H4</cards>
</round>
<round no="3"><cards type="Turn">C2</cards>
</round>
<round no="4"><cards type="River">CA</cards>
</round>
</game>
<game gamecode="6542582424"><general><startdate>2025-11-27 17:15:09</startdate>
<round>1</round>
<failsafecounter/>
<players><player seat="10" name="joker898989" chips="120" dealer="0" win="250" bet="120" muck="0" rebuy="0" addon="0" merge="0" rebuychips="0" reg_code="5075999576"/>
<player seat="3" name="ilCapo6" chips="930" dealer="1" win="0" bet="120" muck="1" rebuy="0" addon="0" merge="0" rebuychips="0" reg_code="5075998573"/>
<player seat="6" name="M1ky3ste92" chips="450" dealer="0" win="0" bet="10" muck="1" rebuy="0" addon="0" merge="0" rebuychips="0" reg_code="5075998891"/>
</players>
</general>
<round no="0"><action no="1" player="M1ky3ste92" type="1" sum="10"/>
<action no="2" player="joker898989" type="2" discard="1" dealt="1" sum="20"/>
</round>
<round no="1"><cards type="Pocket" player="M1ky3ste92">C9 H2</cards>
<cards type="Pocket" player="ilCapo6">SJ DJ</cards>
<cards type="Pocket" player="joker898989">C2 HQ</cards>
<action no="3" player="ilCapo6" type="23" discard="1" dealt="1" sum="40"/>
<action no="4" player="M1ky3ste92" type="0" sum="0"/>
<action no="5" player="joker898989" type="3" discard="1" dealt="1" sum="20"/>
</round>
<round no="2"><cards type="Flop">S7 SK SQ</cards>
<action no="6" player="joker898989" type="5" discard="1" dealt="1" sum="80"/>
<action no="7" player="ilCapo6" type="3" discard="1" dealt="1" sum="80"/>
</round>
<round no="3"><cards type="Turn">DA</cards>
</round>
<round no="4"><cards type="River">C5</cards>
</round>
</game>
<game gamecode="6542582512"><general><startdate>2025-11-27 17:15:44</startdate>
<round>1</round>
<failsafecounter/>
<players><player seat="3" name="ilCapo6" chips="810" dealer="0" win="0" bet="35" muck="1" rebuy="0" addon="0" merge="0" rebuychips="0" reg_code="5075998573"/>
<player seat="6" name="M1ky3ste92" chips="440" dealer="1" win="535" bet="440" muck="0" rebuy="0" addon="0" merge="0" rebuychips="0" reg_code="5075998891"/>
<player seat="10" name="joker898989" chips="250" dealer="0" win="0" bet="250" muck="1" rebuy="0" addon="0" merge="0" rebuychips="0" reg_code="5075999576"/>
</players>
</general>
<round no="0"><action no="1" player="joker898989" type="15" discard="1" dealt="1" sum="5"/>
<action no="2" player="ilCapo6" type="15" discard="1" dealt="1" sum="5"/>
<action no="3" player="M1ky3ste92" type="15" sum="5"/>
<action no="4" player="joker898989" type="1" discard="1" dealt="1" sum="15"/>
<action no="5" player="ilCapo6" type="2" discard="1" dealt="1" sum="30"/>
</round>
<round no="1"><cards type="Pocket" player="ilCapo6">X X</cards>
<cards type="Pocket" player="M1ky3ste92">DA S6</cards>
<cards type="Pocket" player="joker898989">S2 HA</cards>
<action no="6" player="M1ky3ste92" type="23" sum="435"/>
<action no="7" player="joker898989" type="7" discard="1" dealt="1" sum="230"/>
<action no="8" player="ilCapo6" type="0" discard="1" dealt="1" sum="0"/>
</round>
<round no="2"><cards type="Flop">CA C8 C10</cards>
</round>
<round no="3"><cards type="Turn">SK</cards>
</round>
<round no="4"><cards type="River">D6</cards>
</round>
</game>
<game gamecode="6542582557"><general><startdate>2025-11-27 17:16:03</startdate>
<round>1</round>
<failsafecounter/>
<players><player seat="6" name="M1ky3ste92" chips="725" dealer="0" win="0" bet="35" muck="1" rebuy="0" addon="0" merge="0" rebuychips="0" reg_code="5075998891"/>
<player seat="3" name="ilCapo6" chips="775" dealer="1" win="70" bet="65" muck="1" rebuy="0" addon="0" merge="0" rebuychips="0" reg_code="5075998573"/>
</players>
</general>
<round no="0"><action no="1" player="ilCapo6" type="15" discard="1" dealt="1" sum="5"/>
<action no="2" player="M1ky3ste92" type="15" sum="5"/>
<action no="3" player="ilCapo6" type="1" discard="1" dealt="1" sum="15"/>
<action no="4" player="M1ky3ste92" type="2" sum="30"/>
</round>
<round no="1"><cards type="Pocket" player="M1ky3ste92">D9 D4</cards>
<cards type="Pocket" player="ilCapo6">X X</cards>
<action no="5" player="ilCapo6" type="23" discard="1" dealt="1" sum="60"/>
<action no="6" player="M1ky3ste92" type="0" sum="0"/>
</round>
</game>
<game gamecode="6542582607"><general><startdate>2025-11-27 17:16:21</startdate>
<round>1</round>
<failsafecounter/>
<players><player seat="3" name="ilCapo6" chips="810" dealer="0" win="0" bet="65" muck="1" rebuy="0" addon="0" merge="0" rebuychips="0" reg_code="5075998573"/>
<player seat="6" name="M1ky3ste92" chips="690" dealer="1" win="130" bet="155" muck="1" rebuy="0" addon="0" merge="0" rebuychips="0" reg_code="5075998891"/>
</players>
</general>
<round no="0"><action no="1" player="M1ky3ste92" type="15" sum="5"/>
<action no="2" player="ilCapo6" type="15" discard="1" dealt="1" sum="5"/>
<action no="3" player="M1ky3ste92" type="1" sum="15"/>
<action no="4" player="ilCapo6" type="2" discard="1" dealt="1" sum="30"/>
</round>
<round no="1"><cards type="Pocket" player="M1ky3ste92">DK C6</cards>
<cards type="Pocket" player="ilCapo6">X X</cards>
<action no="5" player="M1ky3ste92" type="23" sum="60"/>
<action no="6" player="ilCapo6" type="3" discard="1" dealt="1" sum="30"/>
</round>
<round no="2"><cards type="Flop">D5 HJ C4</cards>
<action no="7" player="ilCapo6" type="4" discard="1" dealt="1" sum="0"/>
<action no="8" player="M1ky3ste92" type="4" sum="0"/>
</round>
<round no="3"><cards type="Turn">SA</cards>
<action no="9" player="ilCapo6" type="4" discard="1" dealt="1" sum="0"/>
<action no="10" player="M1ky3ste92" type="5" sum="90"/>
<action no="11" player="ilCapo6" type="0" discard="1" dealt="1" sum="0"/>
</round>
</game>
<game gamecode="6542582719"><general><startdate>2025-11-27 17:17:03</startdate>
<round>1</round>
<failsafecounter/>
<players><player seat="6" name="M1ky3ste92" chips="755" dealer="0" win="1,490" bet="755" muck="0" rebuy="0" addon="0" merge="0" rebuychips="0" reg_code="5075998891"/>
<player seat="3" name="ilCapo6" chips="745" dealer="1" win="0" bet="745" muck="0" rebuy="0" addon="0" merge="0" rebuychips="0" reg_code="5075998573"/>
</players>
</general>
<round no="0"><action no="1" player="ilCapo6" type="15" discard="1" dealt="1" sum="5"/>
<action no="2" player="M1ky3ste92" type="15" sum="5"/>
<action no="3" player="ilCapo6" type="1" discard="1" dealt="1" sum="15"/>
<action no="4" player="M1ky3ste92" type="2" sum="30"/>
</round>
<round no="1"><cards type="Pocket" player="ilCapo6">D7 H10</cards>
<cards type="Pocket" player="M1ky3ste92">C3 CQ</cards>
<action no="5" player="ilCapo6" type="23" discard="1" dealt="1" sum="60"/>
<action no="6" player="M1ky3ste92" type="3" sum="30"/>
</round>
<round no="2"><cards type="Flop">C4 HJ C10</cards>
<action no="7" player="M1ky3ste92" type="4" sum="0"/>
<action no="8" player="ilCapo6" type="4" discard="1" dealt="1" sum="0"/>
</round>
<round no="3"><cards type="Turn">S6</cards>
<action no="9" player="M1ky3ste92" type="4" sum="0"/>
<action no="10" player="ilCapo6" type="4" discard="1" dealt="1" sum="0"/>
</round>
<round no="4"><cards type="River">C7</cards>
<action no="11" player="M1ky3ste92" type="4" sum="0"/>
<action no="12" player="ilCapo6" type="5" discard="1" dealt="1" sum="127"/>
<action no="13" player="M1ky3ste92" type="23" sum="690"/>
<action no="14" player="ilCapo6" type="7" discard="1" dealt="1" sum="553"/>
</round>
</game>
</session>
