<?xml version="1.0" encoding="UTF-8"?>
<session sessioncode="5075996887">
<general>
<client_version>25.7.1.34</client_version>
<mode>real</mode>
<gametype>Holdem NL</gametype>
<tablename>Twister €100 SNG, 822551941</tablename>
<tournamentcode>822551940</tournamentcode>
<tournamentname>Twister €100 SNG</tournamentname>
<buyin>€0 + €7 + €93</buyin>
<totalbuyin>€100</totalbuyin>
<rewarddrawn>€1000</rewarddrawn>
<tournamentcurrency>EUR</tournamentcurrency>
<currency>EUR</currency>
<nickname>M1ky3ste92</nickname>
<gamecount>16</gamecount>
<startdate>2025-11-27 17:02:33</startdate>
<place>3</place>
<win>€100</win>
<tablesize>3</tablesize>
</general>
<game gamecode="6542571583"><general><startdate>2025-11-27 17:02:53</startdate>
<round>1</round>
<failsafecounter/>
<players><player seat="10" name="Pozzillo93" chips="500" dealer="0" win="20" bet="20" muck="1" rebuy="0" addon="0" merge="0" rebuychips="0" reg_code="5075997196"/>
<player seat="3" name="ilCapo6" chips="500" dealer="1" win="0" bet="0" muck="1" rebuy="0" addon="0" merge="0" rebuychips="0" reg_code="5075996865"/>
<player seat="6" name="M1ky3ste92" chips="500" dealer="0" win="0" bet="10" muck="1" rebuy="0" addon="0" merge="0" rebuychips="0" reg_code="5075996887"/>
</players>
</general>
<round no="0"><action no="1" player="M1ky3ste92" type="1" sum="10"/>
<action no="2" player="Pozzillo93" type="2" discard="1" dealt="1" sum="20"/>
</round>
<round no="1"><cards type="Pocket" player="M1ky3ste92">H6 D2</cards>
<cards type="Pocket" player="Pozzillo93">X X</cards>
<cards type="Pocket" player="ilCapo6">X X</cards>
<action no="3" player="ilCapo6" type="0" discard="1" dealt="1" sum="0"/>
<action no="4" player="M1ky3ste92" type="0" sum="0"/>
</round>
</game>
<game gamecode="6542571595"><general><startdate>2025-11-27 17:03:02</startdate>
<round>1</round>
<failsafecounter/>
<players><player seat="3" name="ilCapo6" chips="500" dealer="0" win="40" bet="60" muck="1" rebuy="0" addon="0" merge="0" rebuychips="0" reg_code="5075996865"/>
<player seat="6" name="M1ky3ste92" chips="490" dealer="1" win="0" bet="0" muck="1" rebuy="0" addon="0" merge="0" rebuychips="0" reg_code="5075996887"/>
<player seat="10" name="Pozzillo93" chips="510" dealer="0" win="0" bet="20" muck="1" rebuy="0" addon="0" merge="0" rebuychips="0" reg_code="5075997196"/>
</players>
</general>
<round no="0"><action no="1" player="Pozzillo93" type="1" discard="1" dealt="1" sum="10"/>
<action no="2" player="ilCapo6" type="2" discard="1" dealt="1" sum="20"/>
</round>
<round no="1"><cards type="Pocket" player="ilCapo6">X X</cards>
<cards type="Pocket" player="Pozzillo93">X X</cards>
<cards type="Pocket" player="M1ky3ste92">S8 DJ</cards>
<action no="3" player="M1ky3ste92" type="0" sum="0"/>
<action no="4" player="Pozzillo93" type="3" discard="1" dealt="1" sum="10"/>
<action no="5" player="ilCapo6" type="23" discard="1" dealt="1" sum="60"/>
<action no="6" player="Pozzillo93" type="0" discard="1" dealt="1" sum="0"/>
</round>
</game>
<game gamecode="6542571621"><general><startdate>2025-11-27 17:03:16</startdate>
<round>1</round>
<failsafecounter/>
<players><player seat="6" name="M1ky3ste92" chips="490" dealer="0" win="0" bet="20" muck="1" rebuy="0" addon="0" merge="0" rebuychips="0" reg_code="5075996887"/>
<player seat="10" name="Pozzillo93" chips="490" dealer="1" win="0" bet="0" muck="1" rebuy="0" addon="0" merge="0" rebuychips="0" reg_code="5075997196"/>
<player seat="3" name="ilCapo6" chips="520" dealer="0" win="40" bet="40" muck="1" rebuy="0" addon="0" merge="0" rebuychips="0" reg_code="5075996865"/>
</players>
</general>
<round no="0"><action no="1" player="ilCapo6" type="1" discard="1" dealt="1" sum="10"/>
<action no="2" player="M1ky3ste92" type="2" sum="20"/>
</round>
<round no="1"><cards type="Pocket" player="M1ky3ste92">SQ C6</cards>
<cards type="Pocket" player="Pozzillo93">X X</cards>
<cards type="Pocket" player="ilCapo6">X X</cards>
<action no="3" player="Pozzillo93" type="0" discard="1" dealt="1" sum="0"/>
<action no="4" player="ilCapo6" type="3" discard="1" dealt="1" sum="10"/>
<action no="5" player="M1ky3ste92" type="4" sum="0"/>
</round>
<round no="2"><cards type="Flop">C7 D7 H7</cards>
<action no="6" player="ilCapo6" type="5" discard="1" dealt="1" sum="20"/>
<action no="7" player="M1ky3ste92" type="0" sum="0"/>
</round>
</game>
<game gamecode="6542571663"><general><startdate>2025-11-27 17:03:39</startdate>
<round>1</round>
<failsafecounter/>
<players><player seat="10" name="Pozzillo93" chips="490" dealer="0" win="40" bet="60" muck="1" rebuy="0" addon="0" merge="0" rebuychips="0" reg_code="5075997196"/>
<player seat="3" name="ilCapo6" chips="540" dealer="1" win="0" bet="0" muck="1" rebuy="0" addon="0" merge="0" rebuychips="0" reg_code="5075996865"/>
<player seat="6" name="M1ky3ste92" chips="470" dealer="0" win="0" bet="20" muck="1" rebuy="0" addon="0" merge="0" rebuychips="0" reg_code="5075996887"/>
</players>
</general>
<round no="0"><action no="1" player="M1ky3ste92" type="1" sum="10"/>
<action no="2" player="Pozzillo93" type="2" discard="1" dealt="1" sum="20"/>
</round>
<round no="1"><cards type="Pocket" player="ilCapo6">X X</cards>
<cards type="Pocket" player="Pozzillo93">X X</cards>
<cards type="Pocket" player="M1ky3ste92">HK C4</cards>
<action no="3" player="ilCapo6" type="0" discard="1" dealt="1" sum="0"/>
<action no="4" player="M1ky3ste92" type="3" sum="10"/>
<action no="5" player="Pozzillo93" type="23" discard="1" dealt="1" sum="60"/>
<action no="6" player="M1ky3ste92" type="0" sum="0"/>
</round>
</game>
<game gamecode="6542571700"><general><startdate>2025-11-27 17:03:56</startdate>
<round>1</round>
<failsafecounter/>
<players><player seat="3" name="ilCapo6" chips="540" dealer="0" win="80" bet="80" muck="1" rebuy="0" addon="0" merge="0" rebuychips="0" reg_code="5075996865"/>
<player seat="6" name="M1ky3ste92" chips="450" dealer="1" win="0" bet="0" muck="1" rebuy="0" addon="0" merge="0" rebuychips="0" reg_code="5075996887"/>
<player seat="10" name="Pozzillo93" chips="510" dealer="0" win="0" bet="40" muck="1" rebuy="0" addon="0" merge="0" rebuychips="0" reg_code="5075997196"/>
</players>
</general>
<round no="0"><action no="1" player="Pozzillo93" type="1" discard="1" dealt="1" sum="10"/>
<action no="2" player="ilCapo6" type="2" discard="1" dealt="1" sum="20"/>
</round>
<round no="1"><cards type="Pocket" player="Pozzillo93">X X</cards>
<cards type="Pocket" player="ilCapo6">X X</cards>
<cards type="Pocket" player="M1ky3ste92">D5 H2</cards>
<action no="3" player="M1ky3ste92" type="0" sum="0"/>
<action no="4" player="Pozzillo93" type="3" discard="1" dealt="1" sum="10"/>
<action no="5" player="ilCapo6" type="4" discard="1" dealt="1" sum="0"/>
</round>
<round no="2"><cards type="Flop">S6 S3 H4</cards>
<action no="6" player="Pozzillo93" type="5" discard="1" dealt="1" sum="20"/>
<action no="7" player="ilCapo6" type="23" discard="1" dealt="1" sum="60"/>
<action no="8" player="Pozzillo93" type="0" discard="1" dealt="1" sum="0"/>
</round>
</game>
<game gamecode="6542571745"><general><startdate>2025-11-27 17:04:17</startdate>
<round>1</round>
<failsafecounter/>
<players><player seat="6" name="M1ky3ste92" chips="450" dealer="0" win="0" bet="40" muck="1" rebuy="0" addon="0" merge="0" rebuychips="0" reg_code="5075996887"/>
<player seat="10" name="Pozzillo93" chips="470" dealer="1" win="0" bet="0" muck="1" rebuy="0" addon="0" merge="0" rebuychips="0" reg_code="5075997196"/>
<player seat="3" name="ilCapo6" chips="580" dealer="0" win="80" bet="140" muck="1" rebuy="0" addon="0" merge="0" rebuychips="0" reg_code="5075996865"/>
</players>
</general>
<round no="0"><action no="1" player="ilCapo6" type="1" discard="1" dealt="1" sum="10"/>
<action no="2" player="M1ky3ste92" type="2" sum="20"/>
</round>
<round no="1"><cards type="Pocket" player="Pozzillo93">X X</cards>
<cards type="Pocket" player="ilCapo6">X X</cards>
<cards type="Pocket" player="M1ky3ste92">HJ S9</cards>
<action no="3" player="Pozzillo93" type="0" discard="1" dealt="1" sum="0"/>
<action no="4" player="ilCapo6" type="3" discard="1" dealt="1" sum="10"/>
<action no="5" player="M1ky3ste92" type="4" sum="0"/>
</round>
<round no="2"><cards type="Flop">SA HA DA</cards>
<action no="6" player="ilCapo6" type="5" discard="1" dealt="1" sum="20"/>
<action no="7" player="M1ky3ste92" type="3" sum="20"/>
</round>
<round no="3"><cards type="Turn">S6</cards>
<action no="8" player="ilCapo6" type="4" discard="1" dealt="1" sum="0"/>
<action no="9" player="M1ky3ste92" type="4" sum="0"/>
</round>
<round no="4"><cards type="River">H7</cards>
<action no="10" player="ilCapo6" type="5" discard="1" dealt="1" sum="100"/>
<action no="11" player="M1ky3ste92" type="0" sum="0"/>
</round>
</game>
<game gamecode="6542571828"><general><startdate>2025-11-27 17:05:02</startdate>
<round>1</round>
<failsafecounter/>
<players><player seat="10" name="Pozzillo93" chips="470" dealer="0" win="0" bet="35" muck="1" rebuy="0" addon="0" merge="0" rebuychips="0" reg_code="5075997196"/>
<player seat="3" name="ilCapo6" chips="620" dealer="1" win="0" bet="5" muck="1" rebuy="0" addon="0" merge="0" rebuychips="0" reg_code="5075996865"/>
<player seat="6" name="M1ky3ste92" chips="410" dealer="0" win="75" bet="410" muck="1" rebuy="0" addon="0" merge="0" rebuychips="0" reg_code="5075996887"/>
</players>
</general>
<round no="0"><action no="1" player="M1ky3ste92" type="15" sum="5"/>
<action no="2" player="Pozzillo93" type="15" discard="1" dealt="1" sum="5"/>
<action no="3" player="ilCapo6" type="15" discard="1" dealt="1" sum="5"/>
<action no="4" player="M1ky3ste92" type="1" sum="15"/>
<action no="5" player="Pozzillo93" type="2" discard="1" dealt="1" sum="30"/>
</round>
<round no="1"><cards type="Pocket" player="ilCapo6">X X</cards>
<cards type="Pocket" player="M1ky3ste92">DA C7</cards>
<cards type="Pocket" player="Pozzillo93">X X</cards>
<action no="6" player="ilCapo6" type="0" discard="1" dealt="1" sum="0"/>
<action no="7" player="M1ky3ste92" type="23" sum="405"/>
<action no="8" player="Pozzillo93" type="0" discard="1" dealt="1" sum="0"/>
</round>
</game>
<game gamecode="6542571850"><general><startdate>2025-11-27 17:05:18</startdate>
<round>1</round>
<failsafecounter/>
<players><player seat="3" name="ilCapo6" chips="615" dealer="0" win="75" bet="80" muck="1" rebuy="0" addon="0" merge="0" rebuychips="0" reg_code="5075996865"/>
<player seat="6" name="M1ky3ste92" chips="450" dealer="1" win="0" bet="5" muck="1" rebuy="0" addon="0" merge="0" rebuychips="0" reg_code="5075996887"/>
<player seat="10" name="Pozzillo93" chips="435" dealer="0" win="0" bet="35" muck="1" rebuy="0" addon="0" merge="0" rebuychips="0" reg_code="5075997196"/>
</players>
</general>
<round no="0"><action no="1" player="Pozzillo93" type="15" discard="1" dealt="1" sum="5"/>
<action no="2" player="ilCapo6" type="15" discard="1" dealt="1" sum="5"/>
<action no="3" player="M1ky3ste92" type="15" sum="5"/>
<action no="4" player="Pozzillo93" type="1" discard="1" dealt="1" sum="15"/>
<action no="5" player="ilCapo6" type="2" discard="1" dealt="1" sum="30"/>
</round>
<round no="1"><cards type="Pocket" player="ilCapo6">X X</cards>
<cards type="Pocket" player="M1ky3ste92">H8 S2</cards>
<cards type="Pocket" player="Pozzillo93">X X</cards>
<action no="6" player="M1ky3ste92" type="0" sum="0"/>
<action no="7" player="Pozzillo93" type="3" discard="1" dealt="1" sum="15"/>
<action no="8" player="ilCapo6" type="23" discard="1" dealt="1" sum="75"/>
<action no="9" player="Pozzillo93" type="0" discard="1" dealt="1" sum="0"/>
</round>
</game>
<game gamecode="6542576506"><general><startdate>2025-11-27 17:05:30</startdate>
<round>1</round>
<failsafecounter/>
<players><player seat="6" name="M1ky3ste92" chips="445" dealer="0" win="0" bet="35" muck="1" rebuy="0" addon="0" merge="0" rebuychips="0" reg_code="5075996887"/>
<player seat="10" name="Pozzillo93" chips="400" dealer="1" win="0" bet="5" muck="1" rebuy="0" addon="0" merge="0" rebuychips="0" reg_code="5075997196"/>
<player seat="3" name="ilCapo6" chips="655" dealer="0" win="75" bet="80" muck="1" rebuy="0" addon="0" merge="0" rebuychips="0" reg_code="5075996865"/>
</players>
</general>
<round no="0"><action no="1" player="ilCapo6" type="15" discard="1" dealt="1" sum="5"/>
<action no="2" player="M1ky3ste92" type="15" sum="5"/>
<action no="3" player="Pozzillo93" type="15" discard="1" dealt="1" sum="5"/>
<action no="4" player="ilCapo6" type="1" discard="1" dealt="1" sum="15"/>
<action no="5" player="M1ky3ste92" type="2" sum="30"/>
</round>
<round no="1"><cards type="Pocket" player="Pozzillo93">X X</cards>
<cards type="Pocket" player="ilCapo6">X X</cards>
<cards type="Pocket" player="M1ky3ste92">S8 D2</cards>
<action no="6" player="Pozzillo93" type="0" discard="1" dealt="1" sum="0"/>
<action no="7" player="ilCapo6" type="23" discard="1" dealt="1" sum="75"/>
<action no="8" player="M1ky3ste92" type="0" sum="0"/>
</round>
</game>
<game gamecode="6542576538"><general><startdate>2025-11-27 17:05:42</startdate>
<round>1</round>
<failsafecounter/>
<players><player seat="10" name="Pozzillo93" chips="395" dealer="0" win="0" bet="35" muck="1" rebuy="0" addon="0" merge="0" rebuychips="0" reg_code="5075997196"/>
<player seat="3" name="ilCapo6" chips="695" dealer="1" win="0" bet="5" muck="1" rebuy="0" addon="0" merge="0" rebuychips="0" reg_code="5075996865"/>
<player seat="6" name="M1ky3ste92" chips="410" dealer="0" win="75" bet="410" muck="1" rebuy="0" addon="0" merge="0" rebuychips="0" reg_code="5075996887"/>
</players>
</general>
<round no="0"><action no="1" player="M1ky3ste92" type="15" sum="5"/>
<action no="2" player="Pozzillo93" type="15" discard="1" dealt="1" sum="5"/>
<action no="3" player="ilCapo6" type="15" discard="1" dealt="1" sum="5"/>
<action no="4" player="M1ky3ste92" type="1" sum="15"/>
<action no="5" player="Pozzillo93" type="2" discard="1" dealt="1" sum="30"/>
</round>
<round no="1"><cards type="Pocket" player="Pozzillo93">X X</cards>
<cards type="Pocket" player="ilCapo6">X X</cards>
<cards type="Pocket" player="M1ky3ste92">HJ H10</cards>
<action no="6" player="ilCapo6" type="0" discard="1" dealt="1" sum="0"/>
<action no="7" player="M1ky3ste92" type="23" sum="405"/>
<action no="8" player="Pozzillo93" type="0" discard="1" dealt="1" sum="0"/>
</round>
</game>
<game gamecode="6542576581"><general><startdate>2025-11-27 17:05:59</startdate>
<round>1</round>
<failsafecounter/>
<players><player seat="3" name="ilCapo6" chips="690" dealer="0" win="75" bet="690" muck="1" rebuy="0" addon="0" merge="0" rebuychips="0" reg_code="5075996865"/>
<player seat="6" name="M1ky3ste92" chips="450" dealer="1" win="0" bet="5" muck="1" rebuy="0" addon="0" merge="0" rebuychips="0" reg_code="5075996887"/>
<player seat="10" name="Pozzillo93" chips="360" dealer="0" win="0" bet="35" muck="1" rebuy="0" addon="0" merge="0" rebuychips="0" reg_code="5075997196"/>
</players>
</general>
<round no="0"><action no="1" player="Pozzillo93" type="15" discard="1" dealt="1" sum="5"/>
<action no="2" player="ilCapo6" type="15" discard="1" dealt="1" sum="5"/>
<action no="3" player="M1ky3ste92" type="15" sum="5"/>
<action no="4" player="Pozzillo93" type="1" discard="1" dealt="1" sum="15"/>
<action no="5" player="ilCapo6" type="2" discard="1" dealt="1" sum="30"/>
</round>
<round no="1"><cards type="Pocket" player="ilCapo6">X X</cards>
<cards type="Pocket" player="M1ky3ste92">SQ H4</cards>
<cards type="Pocket" player="Pozzillo93">X X</cards>
<action no="6" player="M1ky3ste92" type="0" sum="0"/>
<action no="7" player="Pozzillo93" type="3" discard="1" dealt="1" sum="15"/>
<action no="8" player="ilCapo6" type="23" discard="1" dealt="1" sum="685"/>
<action no="9" player="Pozzillo93" type="0" discard="1" dealt="1" sum="0"/>
</round>
</game>
<game gamecode="6542576619"><general><startdate>2025-11-27 17:06:16</startdate>
<round>1</round>
<failsafecounter/>
<players><player seat="6" name="M1ky3ste92" chips="445" dealer="0" win="75" bet="445" muck="1" rebuy="0" addon="0" merge="0" rebuychips="0" reg_code="5075996887"/>
<player seat="10" name="Pozzillo93" chips="325" dealer="1" win="0" bet="5" muck="1" rebuy="0" addon="0" merge="0" rebuychips="0" reg_code="5075997196"/>
<player seat="3" name="ilCapo6" chips="730" dealer="0" win="0" bet="35" muck="1" rebuy="0" addon="0" merge="0" rebuychips="0" reg_code="5075996865"/>
</players>
</general>
<round no="0"><action no="1" player="ilCapo6" type="15" discard="1" dealt="1" sum="5"/>
<action no="2" player="M1ky3ste92" type="15" sum="5"/>
<action no="3" player="Pozzillo93" type="15" discard="1" dealt="1" sum="5"/>
<action no="4" player="ilCapo6" type="1" discard="1" dealt="1" sum="15"/>
<action no="5" player="M1ky3ste92" type="2" sum="30"/>
</round>
<round no="1"><cards type="Pocket" player="ilCapo6">X X</cards>
<cards type="Pocket" player="M1ky3ste92">S5 D5</cards>
<cards type="Pocket" player="Pozzillo93">X X</cards>
<action no="6" player="Pozzillo93" type="0" discard="1" dealt="1" sum="0"/>
<action no="7" player="ilCapo6" type="3" discard="1" dealt="1" sum="15"/>
<action no="8" player="M1ky3ste92" type="23" sum="440"/>
<action no="9" player="ilCapo6" type="0" discard="1" dealt="1" sum="0"/>
</round>
</game>
<game gamecode="6542576690"><general><startdate>2025-11-27 17:06:46</startdate>
<round>1</round>
<failsafecounter/>
<players><player seat="10" name="Pozzillo93" chips="320" dealer="0" win="135" bet="95" muck="1" rebuy="0" addon="0" merge="0" rebuychips="0" reg_code="5075997196"/>
<player seat="3" name="ilCapo6" chips="695" dealer="1" win="0" bet="5" muck="1" rebuy="0" addon="0" merge="0" rebuychips="0" reg_code="5075996865"/>
<player seat="6" name="M1ky3ste92" chips="485" dealer="0" win="0" bet="65" muck="1" rebuy="0" addon="0" merge="0" rebuychips="0" reg_code="5075996887"/>
</players>
</general>
<round no="0"><action no="1" player="M1ky3ste92" type="15" sum="5"/>
<action no="2" player="Pozzillo93" type="15" discard="1" dealt="1" sum="5"/>
<action no="3" player="ilCapo6" type="15" discard="1" dealt="1" sum="5"/>
<action no="4" player="M1ky3ste92" type="1" sum="15"/>
<action no="5" player="Pozzillo93" type="2" discard="1" dealt="1" sum="30"/>
</round>
<round no="1"><cards type="Pocket" player="ilCapo6">X X</cards>
<cards type="Pocket" player="M1ky3ste92">C4 CQ</cards>
<cards type="Pocket" player="Pozzillo93">X X</cards>
<action no="6" player="ilCapo6" type="0" discard="1" dealt="1" sum="0"/>
<action no="7" player="M1ky3ste92" type="3" sum="15"/>
<action no="8" player="Pozzillo93" type="4" discard="1" dealt="1" sum="0"/>
</round>
<round no="2"><cards type="Flop">SK H9 D8</cards>
<action no="9" player="M1ky3ste92" type="5" sum="30"/>
<action no="10" player="Pozzillo93" type="3" discard="1" dealt="1" sum="30"/>
</round>
<round no="3"><cards type="Turn">S3</cards>
<action no="11" player="M1ky3ste92" type="4" sum="0"/>
<action no="12" player="Pozzillo93" type="5" discard="1" dealt="1" sum="30"/>
<action no="13" player="M1ky3ste92" type="0" sum="0"/>
</round>
</game>
<game gamecode="6542576776"><general><startdate>2025-11-27 17:07:24</startdate>
<round>1</round>
<failsafecounter/>
<players><player seat="3" name="ilCapo6" chips="690" dealer="0" win="95" bet="690" muck="1" rebuy="0" addon="0" merge="0" rebuychips="0" reg_code="5075996865"/>
<player seat="6" name="M1ky3ste92" chips="420" dealer="1" win="0" bet="5" muck="1" rebuy="0" addon="0" merge="0" rebuychips="0" reg_code="5075996887"/>
<player seat="10" name="Pozzillo93" chips="390" dealer="0" win="0" bet="45" muck="1" rebuy="0" addon="0" merge="0" rebuychips="0" reg_code="5075997196"/>
</players>
</general>
<round no="0"><action no="1" player="Pozzillo93" type="15" discard="1" dealt="1" sum="5"/>
<action no="2" player="ilCapo6" type="15" discard="1" dealt="1" sum="5"/>
<action no="3" player="M1ky3ste92" type="15" sum="5"/>
<action no="4" player="Pozzillo93" type="1" discard="1" dealt="1" sum="20"/>
<action no="5" player="ilCapo6" type="2" discard="1" dealt="1" sum="40"/>
</round>
<round no="1"><cards type="Pocket" player="ilCapo6">X X</cards>
<cards type="Pocket" player="Pozzillo93">X X</cards>
<cards type="Pocket" player="M1ky3ste92">S10 H7</cards>
<action no="6" player="M1ky3ste92" type="0" sum="0"/>
<action no="7" player="Pozzillo93" type="3" discard="1" dealt="1" sum="20"/>
<action no="8" player="ilCapo6" type="4" discard="1" dealt="1" sum="0"/>
</round>
<round no="2"><cards type="Flop">S3 H3 D4</cards>
<action no="9" player="Pozzillo93" type="4" discard="1" dealt="1" sum="0"/>
<action no="10" player="ilCapo6" type="5" discard="1" dealt="1" sum="645"/>
<action no="11" player="Pozzillo93" type="0" discard="1" dealt="1" sum="0"/>
</round>
</game>
<game gamecode="6542576841"><general><startdate>2025-11-27 17:07:56</startdate>
<round>1</round>
<failsafecounter/>
<players><player seat="6" name="M1ky3ste92" chips="415" dealer="0" win="0" bet="45" muck="1" rebuy="0" addon="0" merge="0" rebuychips="0" reg_code="5075996887"/>
<player seat="10" name="Pozzillo93" chips="345" dealer="1" win="115" bet="345" muck="1" rebuy="0" addon="0" merge="0" rebuychips="0" reg_code="5075997196"/>
<player seat="3" name="ilCapo6" chips="740" dealer="0" win="0" bet="25" muck="1" rebuy="0" addon="0" merge="0" rebuychips="0" reg_code="5075996865"/>
</players>
</general>
<round no="0"><action no="1" player="ilCapo6" type="15" discard="1" dealt="1" sum="5"/>
<action no="2" player="M1ky3ste92" type="15" sum="5"/>
<action no="3" player="Pozzillo93" type="15" discard="1" dealt="1" sum="5"/>
<action no="4" player="ilCapo6" type="1" discard="1" dealt="1" sum="20"/>
<action no="5" player="M1ky3ste92" type="2" sum="40"/>
</round>
<round no="1"><cards type="Pocket" player="ilCapo6">X X</cards>
<cards type="Pocket" player="M1ky3ste92">C2 DK</cards>
<cards type="Pocket" player="Pozzillo93">X X</cards>
<action no="6" player="Pozzillo93" type="23" discard="1" dealt="1" sum="340"/>
<action no="7" player="ilCapo6" type="0" discard="1" dealt="1" sum="0"/>
<action no="8" player="M1ky3ste92" type="0" sum="0"/>
</round>
</game>
<game gamecode="6542576887"><general><startdate>2025-11-27 17:08:18</startdate>
<round>1</round>
<failsafecounter/>
<players><player seat="10" name="Pozzillo93" chips="415" dealer="0" win="0" bet="45" muck="1" rebuy="0" addon="0" merge="0" rebuychips="0" reg_code="5075997196"/>
<player seat="3" name="ilCapo6" chips="715" dealer="1" win="785" bet="715" muck="0" rebuy="0" addon="0" merge="0" rebuychips="0" reg_code="5075996865"/>
<player seat="6" name="M1ky3ste92" chips="370" dealer="0" win="0" bet="370" muck="1" rebuy="0" addon="0" merge="0" rebuychips="0" reg_code="5075996887"/>
</players>
</general>
<round no="0"><action no="1" player="M1ky3ste92" type="15" sum="5"/>
<action no="2" player="Pozzillo93" type="15" discard="1" dealt="1" sum="5"/>
<action no="3" player="ilCapo6" type="15" discard="1" dealt="1" sum="5"/>
<action no="4" player="M1ky3ste92" type="1" sum="20"/>
<action no="5" player="Pozzillo93" type="2" discard="1" dealt="1" sum="40"/>
</round>
<round no="1"><cards type="Pocket" player="Pozzillo93">X X</cards>
<cards type="Pocket" player="ilCapo6">DA C7</cards>
<cards type="Pocket" player="M1ky3ste92">HQ HJ</cards>
<action no="6" player="ilCapo6" type="23" discard="1" dealt="1" sum="710"/>
<action no="7" player="M1ky3ste92" type="7" sum="345"/>
<action no="8" player="Pozzillo93" type="0" discard="1" dealt="1" sum="0"/>
</round>
<round no="2"><cards type="Flop">DQ S4 S3</cards>
</round>
<round no="3"><cards type="Turn">CK</cards>
</round>
<round no="4"><cards type="River">SA</cards>
</round>
</game>
</session>
