<?xml version="1.0" encoding="UTF-8"?>
<session sessioncode="5075929718">
<general>
<client_version>25.7.1.34</client_version>
<mode>real</mode>
<gametype>Holdem NL</gametype>
<tablename>Twister €100 SNG, 822534676</tablename>
<tournamentcode>822534675</tournamentcode>
<tournamentname>Twister €100 SNG</tournamentname>
<buyin>€0 + €7 + €93</buyin>
<totalbuyin>€100</totalbuyin>
<rewarddrawn>€400</rewarddrawn>
<tournamentcurrency>EUR</tournamentcurrency>
<currency>EUR</currency>
<nickname>M1ky3ste92</nickname>
<gamecount>34</gamecount>
<startdate>2025-11-27 11:16:08</startdate>
<place>2</place>
<win>€0</win>
<tablesize>3</tablesize>
</general>
<game gamecode="6542355069"><general><startdate>2025-11-27 11:16:23</startdate>
<round>1</round>
<failsafecounter/>
<players><player seat="3" name="OFiorbe" chips="500" dealer="0" win="0" bet="20" muck="1" rebuy="0" addon="0" merge="0" rebuychips="0" reg_code="5075929598"/>
<player seat="6" name="gherrison97" chips="500" dealer="1" win="0" bet="0" muck="1" rebuy="0" addon="0" merge="0" rebuychips="0" reg_code="5075929609"/>
<player seat="10" name="M1ky3ste92" chips="500" dealer="0" win="40" bet="50" muck="1" rebuy="0" addon="0" merge="0" rebuychips="0" reg_code="5075929718"/>
</players>
</general>
<round no="0"><action no="1" player="M1ky3ste92" type="1" sum="10"/>
<action no="2" player="OFiorbe" type="2" discard="1" dealt="1" sum="20"/>
</round>
<round no="1"><cards type="Pocket" player="gherrison97">X X</cards>
<cards type="Pocket" player="M1ky3ste92">CK C8</cards>
<cards type="Pocket" player="OFiorbe">X X</cards>
<action no="3" player="gherrison97" type="0" discard="1" dealt="1" sum="0"/>
<action no="4" player="M1ky3ste92" type="23" sum="50"/>
<action no="5" player="OFiorbe" type="0" discard="1" dealt="1" sum="0"/>
</round>
</game>
<game gamecode="6542355093"><general><startdate>2025-11-27 11:16:40</startdate>
<round>1</round>
<failsafecounter/>
<players><player seat="6" name="gherrison97" chips="500" dealer="0" win="148" bet="69" muck="0" rebuy="0" addon="0" merge="0" rebuychips="0" reg_code="5075929609"/>
<player seat="10" name="M1ky3ste92" chips="520" dealer="1" win="0" bet="69" muck="1" rebuy="0" addon="0" merge="0" rebuychips="0" reg_code="5075929718"/>
<player seat="3" name="OFiorbe" chips="480" dealer="0" win="0" bet="10" muck="1" rebuy="0" addon="0" merge="0" rebuychips="0" reg_code="5075929598"/>
</players>
</general>
<round no="0"><action no="1" player="OFiorbe" type="1" discard="1" dealt="1" sum="10"/>
<action no="2" player="gherrison97" type="2" discard="1" dealt="1" sum="20"/>
</round>
<round no="1"><cards type="Pocket" player="OFiorbe">X X</cards>
<cards type="Pocket" player="M1ky3ste92">S10 HQ</cards>
<cards type="Pocket" player="gherrison97">DJ DA</cards>
<action no="3" player="M1ky3ste92" type="23" sum="40"/>
<action no="4" player="OFiorbe" type="0" discard="1" dealt="1" sum="0"/>
<action no="5" player="gherrison97" type="3" discard="1" dealt="1" sum="20"/>
</round>
<round no="2"><cards type="Flop">CK H2 H3</cards>
<action no="6" player="gherrison97" type="4" discard="1" dealt="1" sum="0"/>
<action no="7" player="M1ky3ste92" type="5" sum="29"/>
<action no="8" player="gherrison97" type="3" discard="1" dealt="1" sum="29"/>
</round>
<round no="3"><cards type="Turn">C5</cards>
<action no="9" player="gherrison97" type="4" discard="1" dealt="1" sum="0"/>
<action no="10" player="M1ky3ste92" type="4" sum="0"/>
</round>
<round no="4"><cards type="River">D5</cards>
<action no="11" player="gherrison97" type="4" discard="1" dealt="1" sum="0"/>
<action no="12" player="M1ky3ste92" type="4" sum="0"/>
</round>
</game>
<game gamecode="6542355131"><general><startdate>2025-11-27 11:17:09</startdate>
<round>1</round>
<failsafecounter/>
<players><player seat="10" name="M1ky3ste92" chips="451" dealer="0" win="0" bet="80" muck="1" rebuy="0" addon="0" merge="0" rebuychips="0" reg_code="5075929718"/>
<player seat="3" name="OFiorbe" chips="470" dealer="1" win="0" bet="0" muck="1" rebuy="0" addon="0" merge="0" rebuychips="0" reg_code="5075929598"/>
<player seat="6" name="gherrison97" chips="579" dealer="0" win="160" bet="80" muck="0" rebuy="0" addon="0" merge="0" rebuychips="0" reg_code="5075929609"/>
</players>
</general>
<round no="0"><action no="1" player="gherrison97" type="1" discard="1" dealt="1" sum="10"/>
<action no="2" player="M1ky3ste92" type="2" sum="20"/>
</round>
<round no="1"><cards type="Pocket" player="gherrison97">DK H2</cards>
<cards type="Pocket" player="OFiorbe">X X</cards>
<cards type="Pocket" player="M1ky3ste92">D9 HQ</cards>
<action no="3" player="OFiorbe" type="0" discard="1" dealt="1" sum="0"/>
<action no="4" player="gherrison97" type="3" discard="1" dealt="1" sum="10"/>
<action no="5" player="M1ky3ste92" type="4" sum="0"/>
</round>
<round no="2"><cards type="Flop">SQ CA CK</cards>
<action no="6" player="gherrison97" type="4" discard="1" dealt="1" sum="0"/>
<action no="7" player="M1ky3ste92" type="4" sum="0"/>
</round>
<round no="3"><cards type="Turn">S8</cards>
<action no="8" player="gherrison97" type="5" discard="1" dealt="1" sum="20"/>
<action no="9" player="M1ky3ste92" type="3" sum="20"/>
</round>
<round no="4"><cards type="River">D6</cards>
<action no="10" player="gherrison97" type="5" discard="1" dealt="1" sum="40"/>
<action no="11" player="M1ky3ste92" type="3" sum="40"/>
</round>
</game>
<game gamecode="6542355197"><general><startdate>2025-11-27 11:17:56</startdate>
<round>1</round>
<failsafecounter/>
<players><player seat="3" name="OFiorbe" chips="470" dealer="0" win="0" bet="20" muck="1" rebuy="0" addon="0" merge="0" rebuychips="0" reg_code="5075929598"/>
<player seat="6" name="gherrison97" chips="659" dealer="1" win="0" bet="0" muck="1" rebuy="0" addon="0" merge="0" rebuychips="0" reg_code="5075929609"/>
<player seat="10" name="M1ky3ste92" chips="371" dealer="0" win="40" bet="40" muck="1" rebuy="0" addon="0" merge="0" rebuychips="0" reg_code="5075929718"/>
</players>
</general>
<round no="0"><action no="1" player="M1ky3ste92" type="1" sum="10"/>
<action no="2" player="OFiorbe" type="2" discard="1" dealt="1" sum="20"/>
</round>
<round no="1"><cards type="Pocket" player="M1ky3ste92">CA S6</cards>
<cards type="Pocket" player="gherrison97">X X</cards>
<cards type="Pocket" player="OFiorbe">X X</cards>
<action no="3" player="gherrison97" type="0" discard="1" dealt="1" sum="0"/>
<action no="4" player="M1ky3ste92" type="3" sum="10"/>
<action no="5" player="OFiorbe" type="4" discard="1" dealt="1" sum="0"/>
</round>
<round no="2"><cards type="Flop">C8 D10 HA</cards>
<action no="6" player="M1ky3ste92" type="5" sum="20"/>
<action no="7" player="OFiorbe" type="0" discard="1" dealt="1" sum="0"/>
</round>
</game>
<game gamecode="6542355239"><general><startdate>2025-11-27 11:18:20</startdate>
<round>1</round>
<failsafecounter/>
<players><player seat="6" name="gherrison97" chips="659" dealer="0" win="0" bet="20" muck="1" rebuy="0" addon="0" merge="0" rebuychips="0" reg_code="5075929609"/>
<player seat="10" name="M1ky3ste92" chips="391" dealer="1" win="50" bet="40" muck="1" rebuy="0" addon="0" merge="0" rebuychips="0" reg_code="5075929718"/>
<player seat="3" name="OFiorbe" chips="450" dealer="0" win="0" bet="10" muck="1" rebuy="0" addon="0" merge="0" rebuychips="0" reg_code="5075929598"/>
</players>
</general>
<round no="0"><action no="1" player="OFiorbe" type="1" discard="1" dealt="1" sum="10"/>
<action no="2" player="gherrison97" type="2" discard="1" dealt="1" sum="20"/>
</round>
<round no="1"><cards type="Pocket" player="OFiorbe">X X</cards>
<cards type="Pocket" player="M1ky3ste92">CQ S9</cards>
<cards type="Pocket" player="gherrison97">X X</cards>
<action no="3" player="M1ky3ste92" type="23" sum="40"/>
<action no="4" player="OFiorbe" type="0" discard="1" dealt="1" sum="0"/>
<action no="5" player="gherrison97" type="0" discard="1" dealt="1" sum="0"/>
</round>
</game>
<game gamecode="6542355254"><general><startdate>2025-11-27 11:18:31</startdate>
<round>1</round>
<failsafecounter/>
<players><player seat="10" name="M1ky3ste92" chips="421" dealer="0" win="75" bet="421" muck="1" rebuy="0" addon="0" merge="0" rebuychips="0" reg_code="5075929718"/>
<player seat="3" name="OFiorbe" chips="440" dealer="1" win="0" bet="5" muck="1" rebuy="0" addon="0" merge="0" rebuychips="0" reg_code="5075929598"/>
<player seat="6" name="gherrison97" chips="639" dealer="0" win="0" bet="35" muck="1" rebuy="0" addon="0" merge="0" rebuychips="0" reg_code="5075929609"/>
</players>
</general>
<round no="0"><action no="1" player="gherrison97" type="15" discard="1" dealt="1" sum="5"/>
<action no="2" player="M1ky3ste92" type="15" sum="5"/>
<action no="3" player="OFiorbe" type="15" discard="1" dealt="1" sum="5"/>
<action no="4" player="gherrison97" type="1" discard="1" dealt="1" sum="15"/>
<action no="5" player="M1ky3ste92" type="2" sum="30"/>
</round>
<round no="1"><cards type="Pocket" player="OFiorbe">X X</cards>
<cards type="Pocket" player="gherrison97">X X</cards>
<cards type="Pocket" player="M1ky3ste92">HA D9</cards>
<action no="6" player="OFiorbe" type="0" discard="1" dealt="1" sum="0"/>
<action no="7" player="gherrison97" type="3" discard="1" dealt="1" sum="15"/>
<action no="8" player="M1ky3ste92" type="23" sum="416"/>
<action no="9" player="gherrison97" type="0" discard="1" dealt="1" sum="0"/>
</round>
</game>
<game gamecode="6542355281"><general><startdate>2025-11-27 11:18:51</startdate>
<round>1</round>
<failsafecounter/>
<players><player seat="3" name="OFiorbe" chips="435" dealer="0" win="0" bet="65" muck="1" rebuy="0" addon="0" merge="0" rebuychips="0" reg_code="5075929598"/>
<player seat="6" name="gherrison97" chips="604" dealer="1" win="150" bet="145" muck="1" rebuy="0" addon="0" merge="0" rebuychips="0" reg_code="5075929609"/>
<player seat="10" name="M1ky3ste92" chips="461" dealer="0" win="0" bet="20" muck="1" rebuy="0" addon="0" merge="0" rebuychips="0" reg_code="5075929718"/>
</players>
</general>
<round no="0"><action no="1" player="M1ky3ste92" type="15" sum="5"/>
<action no="2" player="OFiorbe" type="15" discard="1" dealt="1" sum="5"/>
<action no="3" player="gherrison97" type="15" discard="1" dealt="1" sum="5"/>
<action no="4" player="M1ky3ste92" type="1" sum="15"/>
<action no="5" player="OFiorbe" type="2" discard="1" dealt="1" sum="30"/>
</round>
<round no="1"><cards type="Pocket" player="M1ky3ste92">D4 SQ</cards>
<cards type="Pocket" player="OFiorbe">X X</cards>
<cards type="Pocket" player="gherrison97">X X</cards>
<action no="6" player="gherrison97" type="23" discard="1" dealt="1" sum="60"/>
<action no="7" player="M1ky3ste92" type="0" sum="0"/>
<action no="8" player="OFiorbe" type="3" discard="1" dealt="1" sum="30"/>
</round>
<round no="2"><cards type="Flop">S7 C3 S9</cards>
<action no="9" player="OFiorbe" type="4" discard="1" dealt="1" sum="0"/>
<action no="10" player="gherrison97" type="5" discard="1" dealt="1" sum="80"/>
<action no="11" player="OFiorbe" type="0" discard="1" dealt="1" sum="0"/>
</round>
</game>
<game gamecode="6542355329"><general><startdate>2025-11-27 11:19:23</startdate>
<round>1</round>
<failsafecounter/>
<players><player seat="6" name="gherrison97" chips="689" dealer="0" win="0" bet="35" muck="1" rebuy="0" addon="0" merge="0" rebuychips="0" reg_code="5075929609"/>
<player seat="10" name="M1ky3ste92" chips="441" dealer="1" win="0" bet="5" muck="1" rebuy="0" addon="0" merge="0" rebuychips="0" reg_code="5075929718"/>
<player seat="3" name="OFiorbe" chips="370" dealer="0" win="75" bet="65" muck="1" rebuy="0" addon="0" merge="0" rebuychips="0" reg_code="5075929598"/>
</players>
</general>
<round no="0"><action no="1" player="OFiorbe" type="15" discard="1" dealt="1" sum="5"/>
<action no="2" player="gherrison97" type="15" discard="1" dealt="1" sum="5"/>
<action no="3" player="M1ky3ste92" type="15" sum="5"/>
<action no="4" player="OFiorbe" type="1" discard="1" dealt="1" sum="15"/>
<action no="5" player="gherrison97" type="2" discard="1" dealt="1" sum="30"/>
</round>
<round no="1"><cards type="Pocket" player="M1ky3ste92">C8 D4</cards>
<cards type="Pocket" player="OFiorbe">X X</cards>
<cards type="Pocket" player="gherrison97">X X</cards>
<action no="6" player="M1ky3ste92" type="0" sum="0"/>
<action no="7" player="OFiorbe" type="3" discard="1" dealt="1" sum="15"/>
<action no="8" player="gherrison97" type="4" discard="1" dealt="1" sum="0"/>
</round>
<round no="2"><cards type="Flop">S5 D3 HK</cards>
<action no="9" player="OFiorbe" type="5" discard="1" dealt="1" sum="30"/>
<action no="10" player="gherrison97" type="0" discard="1" dealt="1" sum="0"/>
</round>
</game>
<game gamecode="6542355353"><general><startdate>2025-11-27 11:19:42</startdate>
<round>1</round>
<failsafecounter/>
<players><player seat="10" name="M1ky3ste92" chips="436" dealer="0" win="0" bet="35" muck="1" rebuy="0" addon="0" merge="0" rebuychips="0" reg_code="5075929718"/>
<player seat="3" name="OFiorbe" chips="410" dealer="1" win="0" bet="5" muck="1" rebuy="0" addon="0" merge="0" rebuychips="0" reg_code="5075929598"/>
<player seat="6" name="gherrison97" chips="654" dealer="0" win="75" bet="95" muck="1" rebuy="0" addon="0" merge="0" rebuychips="0" reg_code="5075929609"/>
</players>
</general>
<round no="0"><action no="1" player="gherrison97" type="15" discard="1" dealt="1" sum="5"/>
<action no="2" player="M1ky3ste92" type="15" sum="5"/>
<action no="3" player="OFiorbe" type="15" discard="1" dealt="1" sum="5"/>
<action no="4" player="gherrison97" type="1" discard="1" dealt="1" sum="15"/>
<action no="5" player="M1ky3ste92" type="2" sum="30"/>
</round>
<round no="1"><cards type="Pocket" player="OFiorbe">X X</cards>
<cards type="Pocket" player="M1ky3ste92">S9 D3</cards>
<cards type="Pocket" player="gherrison97">X X</cards>
<action no="6" player="OFiorbe" type="0" discard="1" dealt="1" sum="0"/>
<action no="7" player="gherrison97" type="23" discard="1" dealt="1" sum="90"/>
<action no="8" player="M1ky3ste92" type="0" sum="0"/>
</round>
</game>
<game gamecode="6542355368"><general><startdate>2025-11-27 11:19:52</startdate>
<round>1</round>
<failsafecounter/>
<players><player seat="3" name="OFiorbe" chips="405" dealer="0" win="45" bet="35" muck="1" rebuy="0" addon="0" merge="0" rebuychips="0" reg_code="5075929598"/>
<player seat="6" name="gherrison97" chips="694" dealer="1" win="0" bet="5" muck="1" rebuy="0" addon="0" merge="0" rebuychips="0" reg_code="5075929609"/>
<player seat="10" name="M1ky3ste92" chips="401" dealer="0" win="0" bet="20" muck="1" rebuy="0" addon="0" merge="0" rebuychips="0" reg_code="5075929718"/>
</players>
</general>
<round no="0"><action no="1" player="M1ky3ste92" type="15" sum="5"/>
<action no="2" player="OFiorbe" type="15" discard="1" dealt="1" sum="5"/>
<action no="3" player="gherrison97" type="15" discard="1" dealt="1" sum="5"/>
<action no="4" player="M1ky3ste92" type="1" sum="15"/>
<action no="5" player="OFiorbe" type="2" discard="1" dealt="1" sum="30"/>
</round>
<round no="1"><cards type="Pocket" player="OFiorbe">X X</cards>
<cards type="Pocket" player="gherrison97">X X</cards>
<cards type="Pocket" player="M1ky3ste92">S3 D6</cards>
<action no="6" player="gherrison97" type="0" discard="1" dealt="1" sum="0"/>
<action no="7" player="M1ky3ste92" type="0" sum="0"/>
</round>
</game>
<game gamecode="6542355386"><general><startdate>2025-11-27 11:20:06</startdate>
<round>1</round>
<failsafecounter/>
<players><player seat="6" name="gherrison97" chips="689" dealer="0" win="0" bet="430" muck="1" rebuy="0" addon="0" merge="0" rebuychips="0" reg_code="5075929609"/>
<player seat="10" name="M1ky3ste92" chips="381" dealer="1" win="0" bet="5" muck="1" rebuy="0" addon="0" merge="0" rebuychips="0" reg_code="5075929718"/>
<player seat="3" name="OFiorbe" chips="430" dealer="0" win="865" bet="430" muck="0" rebuy="0" addon="0" merge="0" rebuychips="0" reg_code="5075929598"/>
</players>
</general>
<round no="0"><action no="1" player="OFiorbe" type="15" discard="1" dealt="1" sum="5"/>
<action no="2" player="gherrison97" type="15" discard="1" dealt="1" sum="5"/>
<action no="3" player="M1ky3ste92" type="15" sum="5"/>
<action no="4" player="OFiorbe" type="1" discard="1" dealt="1" sum="15"/>
<action no="5" player="gherrison97" type="2" discard="1" dealt="1" sum="30"/>
</round>
<round no="1"><cards type="Pocket" player="M1ky3ste92">DK H5</cards>
<cards type="Pocket" player="OFiorbe">H4 HA</cards>
<cards type="Pocket" player="gherrison97">CQ SA</cards>
<action no="6" player="M1ky3ste92" type="0" sum="0"/>
<action no="7" player="OFiorbe" type="23" discard="1" dealt="1" sum="425"/>
<action no="8" player="gherrison97" type="3" discard="1" dealt="1" sum="395"/>
</round>
<round no="2"><cards type="Flop">D2 D3 C4</cards>
</round>
<round no="3"><cards type="Turn">H10</cards>
</round>
<round no="4"><cards type="River">H2</cards>
</round>
</game>
<game gamecode="6542355406"><general><startdate>2025-11-27 11:20:23</startdate>
<round>1</round>
<failsafecounter/>
<players><player seat="10" name="M1ky3ste92" chips="376" dealer="0" win="0" bet="35" muck="1" rebuy="0" addon="0" merge="0" rebuychips="0" reg_code="5075929718"/>
<player seat="3" name="OFiorbe" chips="865" dealer="1" win="0" bet="5" muck="1" rebuy="0" addon="0" merge="0" rebuychips="0" reg_code="5075929598"/>
<player seat="6" name="gherrison97" chips="259" dealer="0" win="75" bet="259" muck="1" rebuy="0" addon="0" merge="0" rebuychips="0" reg_code="5075929609"/>
</players>
</general>
<round no="0"><action no="1" player="gherrison97" type="15" discard="1" dealt="1" sum="5"/>
<action no="2" player="M1ky3ste92" type="15" sum="5"/>
<action no="3" player="OFiorbe" type="15" discard="1" dealt="1" sum="5"/>
<action no="4" player="gherrison97" type="1" discard="1" dealt="1" sum="15"/>
<action no="5" player="M1ky3ste92" type="2" sum="30"/>
</round>
<round no="1"><cards type="Pocket" player="OFiorbe">X X</cards>
<cards type="Pocket" player="gherrison97">X X</cards>
<cards type="Pocket" player="M1ky3ste92">D6 SQ</cards>
<action no="6" player="OFiorbe" type="0" discard="1" dealt="1" sum="0"/>
<action no="7" player="gherrison97" type="23" discard="1" dealt="1" sum="254"/>
<action no="8" player="M1ky3ste92" type="0" sum="0"/>
</round>
</game>
<game gamecode="6542355427"><general><startdate>2025-11-27 11:20:39</startdate>
<round>1</round>
<failsafecounter/>
<players><player seat="3" name="OFiorbe" chips="860" dealer="0" win="0" bet="45" muck="1" rebuy="0" addon="0" merge="0" rebuychips="0" reg_code="5075929598"/>
<player seat="6" name="gherrison97" chips="299" dealer="1" win="0" bet="5" muck="1" rebuy="0" addon="0" merge="0" rebuychips="0" reg_code="5075929609"/>
<player seat="10" name="M1ky3ste92" chips="341" dealer="0" win="95" bet="341" muck="1" rebuy="0" addon="0" merge="0" rebuychips="0" reg_code="5075929718"/>
</players>
</general>
<round no="0"><action no="1" player="M1ky3ste92" type="15" sum="5"/>
<action no="2" player="OFiorbe" type="15" discard="1" dealt="1" sum="5"/>
<action no="3" player="gherrison97" type="15" discard="1" dealt="1" sum="5"/>
<action no="4" player="M1ky3ste92" type="1" sum="20"/>
<action no="5" player="OFiorbe" type="2" discard="1" dealt="1" sum="40"/>
</round>
<round no="1"><cards type="Pocket" player="OFiorbe">X X</cards>
<cards type="Pocket" player="gherrison97">X X</cards>
<cards type="Pocket" player="M1ky3ste92">C8 S9</cards>
<action no="6" player="gherrison97" type="0" discard="1" dealt="1" sum="0"/>
<action no="7" player="M1ky3ste92" type="23" sum="336"/>
<action no="8" player="OFiorbe" type="0" discard="1" dealt="1" sum="0"/>
</round>
</game>
<game gamecode="6542355441"><general><startdate>2025-11-27 11:20:49</startdate>
<round>1</round>
<failsafecounter/>
<players><player seat="6" name="gherrison97" chips="294" dealer="0" win="0" bet="294" muck="1" rebuy="0" addon="0" merge="0" rebuychips="0" reg_code="5075929609"/>
<player seat="10" name="M1ky3ste92" chips="391" dealer="1" win="613" bet="391" muck="0" rebuy="0" addon="0" merge="0" rebuychips="0" reg_code="5075929718"/>
<player seat="3" name="OFiorbe" chips="815" dealer="0" win="0" bet="25" muck="1" rebuy="0" addon="0" merge="0" rebuychips="0" reg_code="5075929598"/>
</players>
</general>
<round no="0"><action no="1" player="OFiorbe" type="15" discard="1" dealt="1" sum="5"/>
<action no="2" player="gherrison97" type="15" discard="1" dealt="1" sum="5"/>
<action no="3" player="M1ky3ste92" type="15" sum="5"/>
<action no="4" player="OFiorbe" type="1" discard="1" dealt="1" sum="20"/>
<action no="5" player="gherrison97" type="2" discard="1" dealt="1" sum="40"/>
</round>
<round no="1"><cards type="Pocket" player="M1ky3ste92">CJ C10</cards>
<cards type="Pocket" player="OFiorbe">X X</cards>
<cards type="Pocket" player="gherrison97">H9 HJ</cards>
<action no="6" player="M1ky3ste92" type="23" sum="386"/>
<action no="7" player="OFiorbe" type="0" discard="1" dealt="1" sum="0"/>
<action no="8" player="gherrison97" type="7" discard="1" dealt="1" sum="249"/>
</round>
<round no="2"><cards type="Flop">SA H6 H7</cards>
</round>
<round no="3"><cards type="Turn">C2</cards>
</round>
<round no="4"><cards type="River">SJ</cards>
</round>
</game>
<game gamecode="6542355472"><general><startdate>2025-11-27 11:21:08</startdate>
<round>1</round>
<failsafecounter/>
<players><player seat="10" name="M1ky3ste92" chips="710" dealer="0" win="170" bet="710" muck="1" rebuy="0" addon="0" merge="0" rebuychips="0" reg_code="5075929718"/>
<player seat="3" name="OFiorbe" chips="790" dealer="1" win="0" bet="85" muck="1" rebuy="0" addon="0" merge="0" rebuychips="0" reg_code="5075929598"/>
</players>
</general>
<round no="0"><action no="1" player="OFiorbe" type="15" discard="1" dealt="1" sum="5"/>
<action no="2" player="M1ky3ste92" type="15" sum="5"/>
<action no="3" player="OFiorbe" type="1" discard="1" dealt="1" sum="20"/>
<action no="4" player="M1ky3ste92" type="2" sum="40"/>
</round>
<round no="1"><cards type="Pocket" player="M1ky3ste92">HA C6</cards>
<cards type="Pocket" player="OFiorbe">X X</cards>
<action no="5" player="OFiorbe" type="23" discard="1" dealt="1" sum="80"/>
<action no="6" player="M1ky3ste92" type="23" sum="705"/>
<action no="7" player="OFiorbe" type="0" discard="1" dealt="1" sum="0"/>
</round>
</game>
<game gamecode="6542355499"><general><startdate>2025-11-27 11:21:27</startdate>
<round>1</round>
<failsafecounter/>
<players><player seat="3" name="OFiorbe" chips="705" dealer="0" win="0" bet="45" muck="1" rebuy="0" addon="0" merge="0" rebuychips="0" reg_code="5075929598"/>
<player seat="10" name="M1ky3ste92" chips="795" dealer="1" win="90" bet="85" muck="1" rebuy="0" addon="0" merge="0" rebuychips="0" reg_code="5075929718"/>
</players>
</general>
<round no="0"><action no="1" player="M1ky3ste92" type="15" sum="5"/>
<action no="2" player="OFiorbe" type="15" discard="1" dealt="1" sum="5"/>
<action no="3" player="M1ky3ste92" type="1" sum="20"/>
<action no="4" player="OFiorbe" type="2" discard="1" dealt="1" sum="40"/>
</round>
<round no="1"><cards type="Pocket" player="M1ky3ste92">D10 S7</cards>
<cards type="Pocket" player="OFiorbe">X X</cards>
<action no="5" player="M1ky3ste92" type="3" sum="20"/>
<action no="6" player="OFiorbe" type="4" discard="1" dealt="1" sum="0"/>
</round>
<round no="2"><cards type="Flop">SJ H8 CA</cards>
<action no="7" player="OFiorbe" type="4" discard="1" dealt="1" sum="0"/>
<action no="8" player="M1ky3ste92" type="5" sum="40"/>
<action no="9" player="OFiorbe" type="0" discard="1" dealt="1" sum="0"/>
</round>
</game>
<game gamecode="6542355518"><general><startdate>2025-11-27 11:21:39</startdate>
<round>1</round>
<failsafecounter/>
<players><player seat="10" name="M1ky3ste92" chips="840" dealer="0" win="170" bet="125" muck="1" rebuy="0" addon="0" merge="0" rebuychips="0" reg_code="5075929718"/>
<player seat="3" name="OFiorbe" chips="660" dealer="1" win="0" bet="85" muck="1" rebuy="0" addon="0" merge="0" rebuychips="0" reg_code="5075929598"/>
</players>
</general>
<round no="0"><action no="1" player="OFiorbe" type="15" discard="1" dealt="1" sum="5"/>
<action no="2" player="M1ky3ste92" type="15" sum="5"/>
<action no="3" player="OFiorbe" type="1" discard="1" dealt="1" sum="20"/>
<action no="4" player="M1ky3ste92" type="2" sum="40"/>
</round>
<round no="1"><cards type="Pocket" player="OFiorbe">X X</cards>
<cards type="Pocket" player="M1ky3ste92">H6 SQ</cards>
<action no="5" player="OFiorbe" type="3" discard="1" dealt="1" sum="20"/>
<action no="6" player="M1ky3ste92" type="4" sum="0"/>
</round>
<round no="2"><cards type="Flop">C9 DQ HQ</cards>
<action no="7" player="M1ky3ste92" type="4" sum="0"/>
<action no="8" player="OFiorbe" type="5" discard="1" dealt="1" sum="40"/>
<action no="9" player="M1ky3ste92" type="3" sum="40"/>
</round>
<round no="3"><cards type="Turn">H4</cards>
<action no="10" player="M1ky3ste92" type="4" sum="0"/>
<action no="11" player="OFiorbe" type="4" discard="1" dealt="1" sum="0"/>
</round>
<round no="4"><cards type="River">C8</cards>
<action no="12" player="M1ky3ste92" type="5" sum="40"/>
<action no="13" player="OFiorbe" type="0" discard="1" dealt="1" sum="0"/>
</round>
</game>
<game gamecode="6542355568"><general><startdate>2025-11-27 11:22:18</startdate>
<round>1</round>
<failsafecounter/>
<players><player seat="3" name="OFiorbe" chips="575" dealer="0" win="90" bet="575" muck="1" rebuy="0" addon="0" merge="0" rebuychips="0" reg_code="5075929598"/>
<player seat="10" name="M1ky3ste92" chips="925" dealer="1" win="0" bet="45" muck="1" rebuy="0" addon="0" merge="0" rebuychips="0" reg_code="5075929718"/>
</players>
</general>
<round no="0"><action no="1" player="M1ky3ste92" type="15" sum="5"/>
<action no="2" player="OFiorbe" type="15" discard="1" dealt="1" sum="5"/>
<action no="3" player="M1ky3ste92" type="1" sum="20"/>
<action no="4" player="OFiorbe" type="2" discard="1" dealt="1" sum="40"/>
</round>
<round no="1"><cards type="Pocket" player="OFiorbe">X X</cards>
<cards type="Pocket" player="M1ky3ste92">CQ D8</cards>
<action no="5" player="M1ky3ste92" type="3" sum="20"/>
<action no="6" player="OFiorbe" type="23" discard="1" dealt="1" sum="570"/>
<action no="7" player="M1ky3ste92" type="0" sum="0"/>
</round>
</game>
<game gamecode="6542355589"><general><startdate>2025-11-27 11:22:29</startdate>
<round>1</round>
<failsafecounter/>
<players><player seat="10" name="M1ky3ste92" chips="880" dealer="0" win="0" bet="65" muck="1" rebuy="0" addon="0" merge="0" rebuychips="0" reg_code="5075929718"/>
<player seat="3" name="OFiorbe" chips="620" dealer="1" win="130" bet="125" muck="1" rebuy="0" addon="0" merge="0" rebuychips="0" reg_code="5075929598"/>
</players>
</general>
<round no="0"><action no="1" player="OFiorbe" type="15" discard="1" dealt="1" sum="5"/>
<action no="2" player="M1ky3ste92" type="15" sum="5"/>
<action no="3" player="OFiorbe" type="1" discard="1" dealt="1" sum="30"/>
<action no="4" player="M1ky3ste92" type="2" sum="60"/>
</round>
<round no="1"><cards type="Pocket" player="M1ky3ste92">HJ D2</cards>
<cards type="Pocket" player="OFiorbe">X X</cards>
<action no="5" player="OFiorbe" type="3" discard="1" dealt="1" sum="30"/>
<action no="6" player="M1ky3ste92" type="4" sum="0"/>
</round>
<round no="2"><cards type="Flop">S3 H8 S8</cards>
<action no="7" player="M1ky3ste92" type="4" sum="0"/>
<action no="8" player="OFiorbe" type="5" discard="1" dealt="1" sum="60"/>
<action no="9" player="M1ky3ste92" type="0" sum="0"/>
</round>
</game>
<game gamecode="6542355619"><general><startdate>2025-11-27 11:22:50</startdate>
<round>1</round>
<failsafecounter/>
<players><player seat="3" name="OFiorbe" chips="685" dealer="0" win="250" bet="199" muck="1" rebuy="0" addon="0" merge="0" rebuychips="0" reg_code="5075929598"/>
<player seat="10" name="M1ky3ste92" chips="815" dealer="1" win="0" bet="125" muck="1" rebuy="0" addon="0" merge="0" rebuychips="0" reg_code="5075929718"/>
</players>
</general>
<round no="0"><action no="1" player="M1ky3ste92" type="15" sum="5"/>
<action no="2" player="OFiorbe" type="15" discard="1" dealt="1" sum="5"/>
<action no="3" player="M1ky3ste92" type="1" sum="30"/>
<action no="4" player="OFiorbe" type="2" discard="1" dealt="1" sum="60"/>
</round>
<round no="1"><cards type="Pocket" player="M1ky3ste92">D9 D6</cards>
<cards type="Pocket" player="OFiorbe">X X</cards>
<action no="5" player="M1ky3ste92" type="3" sum="30"/>
<action no="6" player="OFiorbe" type="4" discard="1" dealt="1" sum="0"/>
</round>
<round no="2"><cards type="Flop">H10 HQ D2</cards>
<action no="7" player="OFiorbe" type="4" discard="1" dealt="1" sum="0"/>
<action no="8" player="M1ky3ste92" type="5" sum="60"/>
<action no="9" player="OFiorbe" type="23" discard="1" dealt="1" sum="134"/>
<action no="10" player="M1ky3ste92" type="0" sum="0"/>
</round>
</game>
<game gamecode="6542355649"><general><startdate>2025-11-27 11:23:18</startdate>
<round>1</round>
<failsafecounter/>
<players><player seat="10" name="M1ky3ste92" chips="690" dealer="0" win="0" bet="65" muck="1" rebuy="0" addon="0" merge="0" rebuychips="0" reg_code="5075929718"/>
<player seat="3" name="OFiorbe" chips="810" dealer="1" win="130" bet="125" muck="1" rebuy="0" addon="0" merge="0" rebuychips="0" reg_code="5075929598"/>
</players>
</general>
<round no="0"><action no="1" player="OFiorbe" type="15" discard="1" dealt="1" sum="5"/>
<action no="2" player="M1ky3ste92" type="15" sum="5"/>
<action no="3" player="OFiorbe" type="1" discard="1" dealt="1" sum="30"/>
<action no="4" player="M1ky3ste92" type="2" sum="60"/>
</round>
<round no="1"><cards type="Pocket" player="OFiorbe">X X</cards>
<cards type="Pocket" player="M1ky3ste92">S3 D9</cards>
<action no="5" player="OFiorbe" type="3" discard="1" dealt="1" sum="30"/>
<action no="6" player="M1ky3ste92" type="4" sum="0"/>
</round>
<round no="2"><cards type="Flop">C8 SJ H6</cards>
<action no="7" player="M1ky3ste92" type="4" sum="0"/>
<action no="8" player="OFiorbe" type="5" discard="1" dealt="1" sum="60"/>
<action no="9" player="M1ky3ste92" type="0" sum="0"/>
</round>
</game>
<game gamecode="6542355683"><general><startdate>2025-11-27 11:23:48</startdate>
<round>1</round>
<failsafecounter/>
<players><player seat="3" name="OFiorbe" chips="875" dealer="0" win="130" bet="875" muck="1" rebuy="0" addon="0" merge="0" rebuychips="0" reg_code="5075929598"/>
<player seat="10" name="M1ky3ste92" chips="625" dealer="1" win="0" bet="65" muck="1" rebuy="0" addon="0" merge="0" rebuychips="0" reg_code="5075929718"/>
</players>
</general>
<round no="0"><action no="1" player="M1ky3ste92" type="15" sum="5"/>
<action no="2" player="OFiorbe" type="15" discard="1" dealt="1" sum="5"/>
<action no="3" player="M1ky3ste92" type="1" sum="30"/>
<action no="4" player="OFiorbe" type="2" discard="1" dealt="1" sum="60"/>
</round>
<round no="1"><cards type="Pocket" player="OFiorbe">X X</cards>
<cards type="Pocket" player="M1ky3ste92">D3 HQ</cards>
<action no="5" player="M1ky3ste92" type="3" sum="30"/>
<action no="6" player="OFiorbe" type="23" discard="1" dealt="1" sum="870"/>
<action no="7" player="M1ky3ste92" type="0" sum="0"/>
</round>
</game>
<game gamecode="6542355696"><general><startdate>2025-11-27 11:23:58</startdate>
<round>1</round>
<failsafecounter/>
<players><player seat="10" name="M1ky3ste92" chips="560" dealer="0" win="500" bet="250" muck="0" rebuy="0" addon="0" merge="0" rebuychips="0" reg_code="5075929718"/>
<player seat="3" name="OFiorbe" chips="940" dealer="1" win="0" bet="250" muck="0" rebuy="0" addon="0" merge="0" rebuychips="0" reg_code="5075929598"/>
</players>
</general>
<round no="0"><action no="1" player="OFiorbe" type="15" discard="1" dealt="1" sum="5"/>
<action no="2" player="M1ky3ste92" type="15" sum="5"/>
<action no="3" player="OFiorbe" type="1" discard="1" dealt="1" sum="30"/>
<action no="4" player="M1ky3ste92" type="2" sum="60"/>
</round>
<round no="1"><cards type="Pocket" player="OFiorbe">HQ CJ</cards>
<cards type="Pocket" player="M1ky3ste92">D4 DK</cards>
<action no="5" player="OFiorbe" type="3" discard="1" dealt="1" sum="30"/>
<action no="6" player="M1ky3ste92" type="4" sum="0"/>
</round>
<round no="2"><cards type="Flop">S5 H6 H5</cards>
<action no="7" player="M1ky3ste92" type="4" sum="0"/>
<action no="8" player="OFiorbe" type="5" discard="1" dealt="1" sum="60"/>
<action no="9" player="M1ky3ste92" type="3" sum="60"/>
</round>
<round no="3"><cards type="Turn">D7</cards>
<action no="10" player="M1ky3ste92" type="4" sum="0"/>
<action no="11" player="OFiorbe" type="4" discard="1" dealt="1" sum="0"/>
</round>
<round no="4"><cards type="River">C4</cards>
<action no="12" player="M1ky3ste92" type="4" sum="0"/>
<action no="13" player="OFiorbe" type="5" discard="1" dealt="1" sum="125"/>
<action no="14" player="M1ky3ste92" type="3" sum="125"/>
</round>
</game>
<game gamecode="6542360161"><general><startdate>2025-11-27 11:24:55</startdate>
<round>1</round>
<failsafecounter/>
<players><player seat="3" name="OFiorbe" chips="690" dealer="0" win="176" bet="690" muck="1" rebuy="0" addon="0" merge="0" rebuychips="0" reg_code="5075929598"/>
<player seat="10" name="M1ky3ste92" chips="810" dealer="1" win="0" bet="88" muck="1" rebuy="0" addon="0" merge="0" rebuychips="0" reg_code="5075929718"/>
</players>
</general>
<round no="0"><action no="1" player="M1ky3ste92" type="15" sum="8"/>
<action no="2" player="OFiorbe" type="15" discard="1" dealt="1" sum="8"/>
<action no="3" player="M1ky3ste92" type="1" sum="40"/>
<action no="4" player="OFiorbe" type="2" discard="1" dealt="1" sum="80"/>
</round>
<round no="1"><cards type="Pocket" player="M1ky3ste92">D6 H9</cards>
<cards type="Pocket" player="OFiorbe">X X</cards>
<action no="5" player="M1ky3ste92" type="3" sum="40"/>
<action no="6" player="OFiorbe" type="23" discard="1" dealt="1" sum="682"/>
<action no="7" player="M1ky3ste92" type="0" sum="0"/>
</round>
</game>
<game gamecode="6542360177"><general><startdate>2025-11-27 11:25:05</startdate>
<round>1</round>
<failsafecounter/>
<players><player seat="10" name="M1ky3ste92" chips="722" dealer="0" win="0" bet="88" muck="1" rebuy="0" addon="0" merge="0" rebuychips="0" reg_code="5075929718"/>
<player seat="3" name="OFiorbe" chips="778" dealer="1" win="176" bet="778" muck="1" rebuy="0" addon="0" merge="0" rebuychips="0" reg_code="5075929598"/>
</players>
</general>
<round no="0"><action no="1" player="OFiorbe" type="15" discard="1" dealt="1" sum="8"/>
<action no="2" player="M1ky3ste92" type="15" sum="8"/>
<action no="3" player="OFiorbe" type="1" discard="1" dealt="1" sum="40"/>
<action no="4" player="M1ky3ste92" type="2" sum="80"/>
</round>
<round no="1"><cards type="Pocket" player="OFiorbe">X X</cards>
<cards type="Pocket" player="M1ky3ste92">D4 S5</cards>
<action no="5" player="OFiorbe" type="23" discard="1" dealt="1" sum="770"/>
<action no="6" player="M1ky3ste92" type="0" sum="0"/>
</round>
</game>
<game gamecode="6542360191"><general><startdate>2025-11-27 11:25:15</startdate>
<round>1</round>
<failsafecounter/>
<players><player seat="3" name="OFiorbe" chips="866" dealer="0" win="176" bet="866" muck="1" rebuy="0" addon="0" merge="0" rebuychips="0" reg_code="5075929598"/>
<player seat="10" name="M1ky3ste92" chips="634" dealer="1" win="0" bet="88" muck="1" rebuy="0" addon="0" merge="0" rebuychips="0" reg_code="5075929718"/>
</players>
</general>
<round no="0"><action no="1" player="M1ky3ste92" type="15" sum="8"/>
<action no="2" player="OFiorbe" type="15" discard="1" dealt="1" sum="8"/>
<action no="3" player="M1ky3ste92" type="1" sum="40"/>
<action no="4" player="OFiorbe" type="2" discard="1" dealt="1" sum="80"/>
</round>
<round no="1"><cards type="Pocket" player="OFiorbe">X X</cards>
<cards type="Pocket" player="M1ky3ste92">S5 HQ</cards>
<action no="5" player="M1ky3ste92" type="3" sum="40"/>
<action no="6" player="OFiorbe" type="23" discard="1" dealt="1" sum="858"/>
<action no="7" player="M1ky3ste92" type="0" sum="0"/>
</round>
</game>
<game gamecode="6542360216"><general><startdate>2025-11-27 11:25:30</startdate>
<round>1</round>
<failsafecounter/>
<players><player seat="10" name="M1ky3ste92" chips="546" dealer="0" win="0" bet="88" muck="1" rebuy="0" addon="0" merge="0" rebuychips="0" reg_code="5075929718"/>
<player seat="3" name="OFiorbe" chips="954" dealer="1" win="176" bet="954" muck="1" rebuy="0" addon="0" merge="0" rebuychips="0" reg_code="5075929598"/>
</players>
</general>
<round no="0"><action no="1" player="OFiorbe" type="15" discard="1" dealt="1" sum="8"/>
<action no="2" player="M1ky3ste92" type="15" sum="8"/>
<action no="3" player="OFiorbe" type="1" discard="1" dealt="1" sum="40"/>
<action no="4" player="M1ky3ste92" type="2" sum="80"/>
</round>
<round no="1"><cards type="Pocket" player="M1ky3ste92">D7 S5</cards>
<cards type="Pocket" player="OFiorbe">X X</cards>
<action no="5" player="OFiorbe" type="23" discard="1" dealt="1" sum="946"/>
<action no="6" player="M1ky3ste92" type="0" sum="0"/>
</round>
</game>
<game gamecode="6542360231"><general><startdate>2025-11-27 11:25:40</startdate>
<round>1</round>
<failsafecounter/>
<players><player seat="3" name="OFiorbe" chips="1,042" dealer="0" win="0" bet="88" muck="1" rebuy="0" addon="0" merge="0" rebuychips="0" reg_code="5075929598"/>
<player seat="10" name="M1ky3ste92" chips="458" dealer="1" win="176" bet="458" muck="1" rebuy="0" addon="0" merge="0" rebuychips="0" reg_code="5075929718"/>
</players>
</general>
<round no="0"><action no="1" player="M1ky3ste92" type="15" sum="8"/>
<action no="2" player="OFiorbe" type="15" discard="1" dealt="1" sum="8"/>
<action no="3" player="M1ky3ste92" type="1" sum="40"/>
<action no="4" player="OFiorbe" type="2" discard="1" dealt="1" sum="80"/>
</round>
<round no="1"><cards type="Pocket" player="M1ky3ste92">S8 S6</cards>
<cards type="Pocket" player="OFiorbe">X X</cards>
<action no="5" player="M1ky3ste92" type="23" sum="450"/>
<action no="6" player="OFiorbe" type="0" discard="1" dealt="1" sum="0"/>
</round>
</game>
<game gamecode="6542360242"><general><startdate>2025-11-27 11:25:48</startdate>
<round>1</round>
<failsafecounter/>
<players><player seat="10" name="M1ky3ste92" chips="546" dealer="0" win="0" bet="88" muck="1" rebuy="0" addon="0" merge="0" rebuychips="0" reg_code="5075929718"/>
<player seat="3" name="OFiorbe" chips="954" dealer="1" win="176" bet="954" muck="1" rebuy="0" addon="0" merge="0" rebuychips="0" reg_code="5075929598"/>
</players>
</general>
<round no="0"><action no="1" player="OFiorbe" type="15" discard="1" dealt="1" sum="8"/>
<action no="2" player="M1ky3ste92" type="15" sum="8"/>
<action no="3" player="OFiorbe" type="1" discard="1" dealt="1" sum="40"/>
<action no="4" player="M1ky3ste92" type="2" sum="80"/>
</round>
<round no="1"><cards type="Pocket" player="M1ky3ste92">S10 S4</cards>
<cards type="Pocket" player="OFiorbe">X X</cards>
<action no="5" player="OFiorbe" type="23" discard="1" dealt="1" sum="946"/>
<action no="6" player="M1ky3ste92" type="0" sum="0"/>
</round>
</game>
<game gamecode="6542360258"><general><startdate>2025-11-27 11:26:01</startdate>
<round>1</round>
<failsafecounter/>
<players><player seat="3" name="OFiorbe" chips="1,042" dealer="0" win="0" bet="88" muck="1" rebuy="0" addon="0" merge="0" rebuychips="0" reg_code="5075929598"/>
<player seat="10" name="M1ky3ste92" chips="458" dealer="1" win="176" bet="458" muck="1" rebuy="0" addon="0" merge="0" rebuychips="0" reg_code="5075929718"/>
</players>
</general>
<round no="0"><action no="1" player="M1ky3ste92" type="15" sum="8"/>
<action no="2" player="OFiorbe" type="15" discard="1" dealt="1" sum="8"/>
<action no="3" player="M1ky3ste92" type="1" sum="40"/>
<action no="4" player="OFiorbe" type="2" discard="1" dealt="1" sum="80"/>
</round>
<round no="1"><cards type="Pocket" player="OFiorbe">X X</cards>
<cards type="Pocket" player="M1ky3ste92">SK C9</cards>
<action no="5" player="M1ky3ste92" type="23" sum="450"/>
<action no="6" player="OFiorbe" type="0" discard="1" dealt="1" sum="0"/>
</round>
</game>
<game gamecode="6542360276"><general><startdate>2025-11-27 11:26:16</startdate>
<round>1</round>
<failsafecounter/>
<players><player seat="10" name="M1ky3ste92" chips="546" dealer="0" win="0" bet="88" muck="1" rebuy="0" addon="0" merge="0" rebuychips="0" reg_code="5075929718"/>
<player seat="3" name="OFiorbe" chips="954" dealer="1" win="176" bet="954" muck="1" rebuy="0" addon="0" merge="0" rebuychips="0" reg_code="5075929598"/>
</players>
</general>
<round no="0"><action no="1" player="OFiorbe" type="15" discard="1" dealt="1" sum="8"/>
<action no="2" player="M1ky3ste92" type="15" sum="8"/>
<action no="3" player="OFiorbe" type="1" discard="1" dealt="1" sum="40"/>
<action no="4" player="M1ky3ste92" type="2" sum="80"/>
</round>
<round no="1"><cards type="Pocket" player="OFiorbe">X X</cards>
<cards type="Pocket" player="M1ky3ste92">H2 C6</cards>
<action no="5" player="OFiorbe" type="23" discard="1" dealt="1" sum="946"/>
<action no="6" player="M1ky3ste92" type="0" sum="0"/>
</round>
</game>
<game gamecode="6542360295"><general><startdate>2025-11-27 11:26:29</startdate>
<round>1</round>
<failsafecounter/>
<players><player seat="3" name="OFiorbe" chips="1,042" dealer="0" win="120" bet="110" muck="1" rebuy="0" addon="0" merge="0" rebuychips="0" reg_code="5075929598"/>
<player seat="10" name="M1ky3ste92" chips="458" dealer="1" win="0" bet="60" muck="1" rebuy="0" addon="0" merge="0" rebuychips="0" reg_code="5075929718"/>
</players>
</general>
<round no="0"><action no="1" player="M1ky3ste92" type="15" sum="10"/>
<action no="2" player="OFiorbe" type="15" discard="1" dealt="1" sum="10"/>
<action no="3" player="M1ky3ste92" type="1" sum="50"/>
<action no="4" player="OFiorbe" type="2" discard="1" dealt="1" sum="100"/>
</round>
<round no="1"><cards type="Pocket" player="OFiorbe">X X</cards>
<cards type="Pocket" player="M1ky3ste92">H3 C5</cards>
<action no="5" player="M1ky3ste92" type="0" sum="0"/>
</round>
</game>
<game gamecode="6542360304"><general><startdate>2025-11-27 11:26:36</startdate>
<round>1</round>
<failsafecounter/>
<players><player seat="10" name="M1ky3ste92" chips="398" dealer="0" win="0" bet="110" muck="1" rebuy="0" addon="0" merge="0" rebuychips="0" reg_code="5075929718"/>
<player seat="3" name="OFiorbe" chips="1,102" dealer="1" win="220" bet="1,102" muck="1" rebuy="0" addon="0" merge="0" rebuychips="0" reg_code="5075929598"/>
</players>
</general>
<round no="0"><action no="1" player="OFiorbe" type="15" discard="1" dealt="1" sum="10"/>
<action no="2" player="M1ky3ste92" type="15" sum="10"/>
<action no="3" player="OFiorbe" type="1" discard="1" dealt="1" sum="50"/>
<action no="4" player="M1ky3ste92" type="2" sum="100"/>
</round>
<round no="1"><cards type="Pocket" player="M1ky3ste92">C5 H7</cards>
<cards type="Pocket" player="OFiorbe">X X</cards>
<action no="5" player="OFiorbe" type="23" discard="1" dealt="1" sum="1,092"/>
<action no="6" player="M1ky3ste92" type="0" sum="0"/>
</round>
</game>
<game gamecode="6542360330"><general><startdate>2025-11-27 11:26:58</startdate>
<round>1</round>
<failsafecounter/>
<players><player seat="3" name="OFiorbe" chips="1,212" dealer="0" win="576" bet="288" muck="0" rebuy="0" addon="0" merge="0" rebuychips="0" reg_code="5075929598"/>
<player seat="10" name="M1ky3ste92" chips="288" dealer="1" win="0" bet="288" muck="0" rebuy="0" addon="0" merge="0" rebuychips="0" reg_code="5075929718"/>
</players>
</general>
<round no="0"><action no="1" player="M1ky3ste92" type="15" sum="10"/>
<action no="2" player="OFiorbe" type="15" discard="1" dealt="1" sum="10"/>
<action no="3" player="M1ky3ste92" type="1" sum="50"/>
<action no="4" player="OFiorbe" type="2" discard="1" dealt="1" sum="100"/>
</round>
<round no="1"><cards type="Pocket" player="OFiorbe">C6 D6</cards>
<cards type="Pocket" player="M1ky3ste92">DK HK</cards>
<action no="5" player="M1ky3ste92" type="23" sum="278"/>
<action no="6" player="OFiorbe" type="3" discard="1" dealt="1" sum="178"/>
</round>
<round no="2"><cards type="Flop">S6 D2 SA</cards>
</round>
<round no="3"><cards type="Turn">H9</cards>
</round>
<round no="4"><cards type="River">D3</cards>
</round>
</game>
</session>
