<?xml version="1.0" encoding="UTF-8"?>
<session sessioncode="5076233203">
<general>
<client_version>25.7.1.34</client_version>
<mode>real</mode>
<gametype>Holdem NL</gametype>
<tablename>Twister €100 SNG, 822604376</tablename>
<tournamentcode>822604375</tournamentcode>
<tournamentname>Twister €100 SNG</tournamentname>
<buyin>€0 + €7 + €93</buyin>
<totalbuyin>€100</totalbuyin>
<rewarddrawn>€400</rewarddrawn>
<tournamentcurrency>EUR</tournamentcurrency>
<currency>EUR</currency>
<nickname>M1ky3ste92</nickname>
<gamecount>28</gamecount>
<startdate>2025-11-28 13:28:56</startdate>
<place>2</place>
<win>€0</win>
<tablesize>3</tablesize>
</general>
<game gamecode="6543302471"><general><startdate>2025-11-28 13:29:12</startdate>
<round>1</round>
<failsafecounter/>
<players><player seat="10" name="Thechosenoonee" chips="500" dealer="0" win="0" bet="20" muck="1" rebuy="0" addon="0" merge="0" rebuychips="0" reg_code="5076233278"/>
<player seat="3" name="Cornodimucca" chips="500" dealer="1" win="0" bet="0" muck="1" rebuy="0" addon="0" merge="0" rebuychips="0" reg_code="5076232855"/>
<player seat="6" name="M1ky3ste92" chips="500" dealer="0" win="40" bet="50" muck="1" rebuy="0" addon="0" merge="0" rebuychips="0" reg_code="5076233203"/>
</players>
</general>
<round no="0"><action no="1" player="M1ky3ste92" type="1" sum="10"/>
<action no="2" player="Thechosenoonee" type="2" discard="1" dealt="1" sum="20"/>
</round>
<round no="1"><cards type="Pocket" player="Cornodimucca">X X</cards>
<cards type="Pocket" player="M1ky3ste92">S9 CA</cards>
<cards type="Pocket" player="Thechosenoonee">X X</cards>
<action no="3" player="Cornodimucca" type="0" discard="1" dealt="1" sum="0"/>
<action no="4" player="M1ky3ste92" type="23" sum="50"/>
<action no="5" player="Thechosenoonee" type="0" discard="1" dealt="1" sum="0"/>
</round>
</game>
<game gamecode="6543302489"><general><startdate>2025-11-28 13:29:22</startdate>
<round>1</round>
<failsafecounter/>
<players><player seat="3" name="Cornodimucca" chips="500" dealer="0" win="100" bet="50" muck="0" rebuy="0" addon="0" merge="0" rebuychips="0" reg_code="5076232855"/>
<player seat="6" name="M1ky3ste92" chips="520" dealer="1" win="0" bet="0" muck="1" rebuy="0" addon="0" merge="0" rebuychips="0" reg_code="5076233203"/>
<player seat="10" name="Thechosenoonee" chips="480" dealer="0" win="0" bet="50" muck="0" rebuy="0" addon="0" merge="0" rebuychips="0" reg_code="5076233278"/>
</players>
</general>
<round no="0"><action no="1" player="Thechosenoonee" type="1" discard="1" dealt="1" sum="10"/>
<action no="2" player="Cornodimucca" type="2" discard="1" dealt="1" sum="20"/>
</round>
<round no="1"><cards type="Pocket" player="M1ky3ste92">S9 D5</cards>
<cards type="Pocket" player="Thechosenoonee">C8 H7</cards>
<cards type="Pocket" player="Cornodimucca">C7 S3</cards>
<action no="3" player="M1ky3ste92" type="0" sum="0"/>
<action no="4" player="Thechosenoonee" type="3" discard="1" dealt="1" sum="10"/>
<action no="5" player="Cornodimucca" type="4" discard="1" dealt="1" sum="0"/>
</round>
<round no="2"><cards type="Flop">H5 C3 H6</cards>
<action no="6" player="Thechosenoonee" type="4" discard="1" dealt="1" sum="0"/>
<action no="7" player="Cornodimucca" type="4" discard="1" dealt="1" sum="0"/>
</round>
<round no="3"><cards type="Turn">D7</cards>
<action no="8" player="Thechosenoonee" type="4" discard="1" dealt="1" sum="0"/>
<action no="9" player="Cornodimucca" type="4" discard="1" dealt="1" sum="0"/>
</round>
<round no="4"><cards type="River">C2</cards>
<action no="10" player="Thechosenoonee" type="5" discard="1" dealt="1" sum="30"/>
<action no="11" player="Cornodimucca" type="3" discard="1" dealt="1" sum="30"/>
</round>
</game>
<game gamecode="6543302561"><general><startdate>2025-11-28 13:30:09</startdate>
<round>1</round>
<failsafecounter/>
<players><player seat="6" name="M1ky3ste92" chips="520" dealer="0" win="20" bet="20" muck="1" rebuy="0" addon="0" merge="0" rebuychips="0" reg_code="5076233203"/>
<player seat="10" name="Thechosenoonee" chips="430" dealer="1" win="0" bet="0" muck="1" rebuy="0" addon="0" merge="0" rebuychips="0" reg_code="5076233278"/>
<player seat="3" name="Cornodimucca" chips="550" dealer="0" win="0" bet="10" muck="1" rebuy="0" addon="0" merge="0" rebuychips="0" reg_code="5076232855"/>
</players>
</general>
<round no="0"><action no="1" player="Cornodimucca" type="1" discard="1" dealt="1" sum="10"/>
<action no="2" player="M1ky3ste92" type="2" sum="20"/>
</round>
<round no="1"><cards type="Pocket" player="Cornodimucca">X X</cards>
<cards type="Pocket" player="Thechosenoonee">X X</cards>
<cards type="Pocket" player="M1ky3ste92">C10 HA</cards>
<action no="3" player="Thechosenoonee" type="0" discard="1" dealt="1" sum="0"/>
<action no="4" player="Cornodimucca" type="0" discard="1" dealt="1" sum="0"/>
</round>
</game>
<game gamecode="6543302573"><general><startdate>2025-11-28 13:30:18</startdate>
<round>1</round>
<failsafecounter/>
<players><player seat="10" name="Thechosenoonee" chips="430" dealer="0" win="332" bet="430" muck="1" rebuy="0" addon="0" merge="0" rebuychips="0" reg_code="5076233278"/>
<player seat="3" name="Cornodimucca" chips="540" dealer="1" win="0" bet="0" muck="1" rebuy="0" addon="0" merge="0" rebuychips="0" reg_code="5076232855"/>
<player seat="6" name="M1ky3ste92" chips="530" dealer="0" win="0" bet="166" muck="1" rebuy="0" addon="0" merge="0" rebuychips="0" reg_code="5076233203"/>
</players>
</general>
<round no="0"><action no="1" player="M1ky3ste92" type="1" sum="10"/>
<action no="2" player="Thechosenoonee" type="2" discard="1" dealt="1" sum="20"/>
</round>
<round no="1"><cards type="Pocket" player="Thechosenoonee">X X</cards>
<cards type="Pocket" player="Cornodimucca">X X</cards>
<cards type="Pocket" player="M1ky3ste92">H9 DQ</cards>
<action no="3" player="Cornodimucca" type="0" discard="1" dealt="1" sum="0"/>
<action no="4" player="M1ky3ste92" type="23" sum="50"/>
<action no="5" player="Thechosenoonee" type="3" discard="1" dealt="1" sum="30"/>
</round>
<round no="2"><cards type="Flop">H6 D6 C8</cards>
<action no="6" player="M1ky3ste92" type="5" sum="33"/>
<action no="7" player="Thechosenoonee" type="3" discard="1" dealt="1" sum="33"/>
</round>
<round no="3"><cards type="Turn">C6</cards>
<action no="8" player="M1ky3ste92" type="5" sum="83"/>
<action no="9" player="Thechosenoonee" type="3" discard="1" dealt="1" sum="83"/>
</round>
<round no="4"><cards type="River">S5</cards>
<action no="10" player="M1ky3ste92" type="4" sum="0"/>
<action no="11" player="Thechosenoonee" type="5" discard="1" dealt="1" sum="264"/>
<action no="12" player="M1ky3ste92" type="0" sum="0"/>
</round>
</game>
<game gamecode="6543302671"><general><startdate>2025-11-28 13:31:25</startdate>
<round>1</round>
<failsafecounter/>
<players><player seat="3" name="Cornodimucca" chips="540" dealer="0" win="0" bet="35" muck="1" rebuy="0" addon="0" merge="0" rebuychips="0" reg_code="5076232855"/>
<player seat="6" name="M1ky3ste92" chips="364" dealer="1" win="0" bet="5" muck="1" rebuy="0" addon="0" merge="0" rebuychips="0" reg_code="5076233203"/>
<player seat="10" name="Thechosenoonee" chips="596" dealer="0" win="75" bet="596" muck="1" rebuy="0" addon="0" merge="0" rebuychips="0" reg_code="5076233278"/>
</players>
</general>
<round no="0"><action no="1" player="Thechosenoonee" type="15" discard="1" dealt="1" sum="5"/>
<action no="2" player="Cornodimucca" type="15" discard="1" dealt="1" sum="5"/>
<action no="3" player="M1ky3ste92" type="15" sum="5"/>
<action no="4" player="Thechosenoonee" type="1" discard="1" dealt="1" sum="15"/>
<action no="5" player="Cornodimucca" type="2" discard="1" dealt="1" sum="30"/>
</round>
<round no="1"><cards type="Pocket" player="Thechosenoonee">X X</cards>
<cards type="Pocket" player="M1ky3ste92">S8 S6</cards>
<cards type="Pocket" player="Cornodimucca">X X</cards>
<action no="6" player="M1ky3ste92" type="0" sum="0"/>
<action no="7" player="Thechosenoonee" type="23" discard="1" dealt="1" sum="591"/>
<action no="8" player="Cornodimucca" type="0" discard="1" dealt="1" sum="0"/>
</round>
</game>
<game gamecode="6543302693"><general><startdate>2025-11-28 13:31:41</startdate>
<round>1</round>
<failsafecounter/>
<players><player seat="6" name="M1ky3ste92" chips="359" dealer="0" win="287" bet="141" muck="0" rebuy="0" addon="0" merge="0" rebuychips="0" reg_code="5076233203"/>
<player seat="10" name="Thechosenoonee" chips="636" dealer="1" win="0" bet="5" muck="1" rebuy="0" addon="0" merge="0" rebuychips="0" reg_code="5076233278"/>
<player seat="3" name="Cornodimucca" chips="505" dealer="0" win="0" bet="141" muck="0" rebuy="0" addon="0" merge="0" rebuychips="0" reg_code="5076232855"/>
</players>
</general>
<round no="0"><action no="1" player="Cornodimucca" type="15" discard="1" dealt="1" sum="5"/>
<action no="2" player="M1ky3ste92" type="15" sum="5"/>
<action no="3" player="Thechosenoonee" type="15" discard="1" dealt="1" sum="5"/>
<action no="4" player="Cornodimucca" type="1" discard="1" dealt="1" sum="15"/>
<action no="5" player="M1ky3ste92" type="2" sum="30"/>
</round>
<round no="1"><cards type="Pocket" player="Thechosenoonee">X X</cards>
<cards type="Pocket" player="M1ky3ste92">S10 SA</cards>
<cards type="Pocket" player="Cornodimucca">H9 D7</cards>
<action no="6" player="Thechosenoonee" type="0" discard="1" dealt="1" sum="0"/>
<action no="7" player="Cornodimucca" type="3" discard="1" dealt="1" sum="15"/>
<action no="8" player="M1ky3ste92" type="23" sum="90"/>
<action no="9" player="Cornodimucca" type="3" discard="1" dealt="1" sum="60"/>
</round>
<round no="2"><cards type="Flop">S3 DA S2</cards>
<action no="10" player="Cornodimucca" type="4" discard="1" dealt="1" sum="0"/>
<action no="11" player="M1ky3ste92" type="4" sum="0"/>
</round>
<round no="3"><cards type="Turn">HK</cards>
<action no="12" player="Cornodimucca" type="4" discard="1" dealt="1" sum="0"/>
<action no="13" player="M1ky3ste92" type="4" sum="0"/>
</round>
<round no="4"><cards type="River">DJ</cards>
<action no="14" player="Cornodimucca" type="5" discard="1" dealt="1" sum="46"/>
<action no="15" player="M1ky3ste92" type="3" sum="46"/>
</round>
</game>
<game gamecode="6543302765"><general><startdate>2025-11-28 13:32:30</startdate>
<round>1</round>
<failsafecounter/>
<players><player seat="10" name="Thechosenoonee" chips="631" dealer="0" win="0" bet="631" muck="0" rebuy="0" addon="0" merge="0" rebuychips="0" reg_code="5076233278"/>
<player seat="3" name="Cornodimucca" chips="364" dealer="1" win="0" bet="5" muck="1" rebuy="0" addon="0" merge="0" rebuychips="0" reg_code="5076232855"/>
<player seat="6" name="M1ky3ste92" chips="505" dealer="0" win="1,015" bet="505" muck="0" rebuy="0" addon="0" merge="0" rebuychips="0" reg_code="5076233203"/>
</players>
</general>
<round no="0"><action no="1" player="M1ky3ste92" type="15" sum="5"/>
<action no="2" player="Thechosenoonee" type="15" discard="1" dealt="1" sum="5"/>
<action no="3" player="Cornodimucca" type="15" discard="1" dealt="1" sum="5"/>
<action no="4" player="M1ky3ste92" type="1" sum="15"/>
<action no="5" player="Thechosenoonee" type="2" discard="1" dealt="1" sum="30"/>
</round>
<round no="1"><cards type="Pocket" player="Cornodimucca">X X</cards>
<cards type="Pocket" player="Thechosenoonee">H6 D6</cards>
<cards type="Pocket" player="M1ky3ste92">H5 CA</cards>
<action no="6" player="Cornodimucca" type="0" discard="1" dealt="1" sum="0"/>
<action no="7" player="M1ky3ste92" type="3" sum="15"/>
<action no="8" player="Thechosenoonee" type="23" discard="1" dealt="1" sum="626"/>
<action no="9" player="M1ky3ste92" type="7" sum="470"/>
</round>
<round no="2"><cards type="Flop">S9 C8 SQ</cards>
</round>
<round no="3"><cards type="Turn">HQ</cards>
</round>
<round no="4"><cards type="River">H8</cards>
</round>
</game>
<game gamecode="6543302803"><general><startdate>2025-11-28 13:32:57</startdate>
<round>1</round>
<failsafecounter/>
<players><player seat="3" name="Cornodimucca" chips="359" dealer="0" win="0" bet="126" muck="1" rebuy="0" addon="0" merge="0" rebuychips="0" reg_code="5076232855"/>
<player seat="6" name="M1ky3ste92" chips="1,015" dealer="1" win="0" bet="5" muck="1" rebuy="0" addon="0" merge="0" rebuychips="0" reg_code="5076233203"/>
<player seat="10" name="Thechosenoonee" chips="126" dealer="0" win="257" bet="126" muck="0" rebuy="0" addon="0" merge="0" rebuychips="0" reg_code="5076233278"/>
</players>
</general>
<round no="0"><action no="1" player="Thechosenoonee" type="15" discard="1" dealt="1" sum="5"/>
<action no="2" player="Cornodimucca" type="15" discard="1" dealt="1" sum="5"/>
<action no="3" player="M1ky3ste92" type="15" sum="5"/>
<action no="4" player="Thechosenoonee" type="1" discard="1" dealt="1" sum="15"/>
<action no="5" player="Cornodimucca" type="2" discard="1" dealt="1" sum="30"/>
</round>
<round no="1"><cards type="Pocket" player="Cornodimucca">HA HK</cards>
<cards type="Pocket" player="M1ky3ste92">H10 C9</cards>
<cards type="Pocket" player="Thechosenoonee">D2 CQ</cards>
<action no="6" player="M1ky3ste92" type="0" sum="0"/>
<action no="7" player="Thechosenoonee" type="23" discard="1" dealt="1" sum="121"/>
<action no="8" player="Cornodimucca" type="3" discard="1" dealt="1" sum="91"/>
</round>
<round no="2"><cards type="Flop">S2 S9 C10</cards>
</round>
<round no="3"><cards type="Turn">SJ</cards>
</round>
<round no="4"><cards type="River">S8</cards>
</round>
</game>
<game gamecode="6543302830"><general><startdate>2025-11-28 13:33:21</startdate>
<round>1</round>
<failsafecounter/>
<players><player seat="6" name="M1ky3ste92" chips="1,010" dealer="0" win="0" bet="45" muck="1" rebuy="0" addon="0" merge="0" rebuychips="0" reg_code="5076233203"/>
<player seat="10" name="Thechosenoonee" chips="257" dealer="1" win="0" bet="5" muck="1" rebuy="0" addon="0" merge="0" rebuychips="0" reg_code="5076233278"/>
<player seat="3" name="Cornodimucca" chips="233" dealer="0" win="95" bet="233" muck="1" rebuy="0" addon="0" merge="0" rebuychips="0" reg_code="5076232855"/>
</players>
</general>
<round no="0"><action no="1" player="Cornodimucca" type="15" discard="1" dealt="1" sum="5"/>
<action no="2" player="M1ky3ste92" type="15" sum="5"/>
<action no="3" player="Thechosenoonee" type="15" discard="1" dealt="1" sum="5"/>
<action no="4" player="Cornodimucca" type="1" discard="1" dealt="1" sum="20"/>
<action no="5" player="M1ky3ste92" type="2" sum="40"/>
</round>
<round no="1"><cards type="Pocket" player="Cornodimucca">X X</cards>
<cards type="Pocket" player="Thechosenoonee">X X</cards>
<cards type="Pocket" player="M1ky3ste92">C8 S7</cards>
<action no="6" player="Thechosenoonee" type="0" discard="1" dealt="1" sum="0"/>
<action no="7" player="Cornodimucca" type="23" discard="1" dealt="1" sum="228"/>
<action no="8" player="M1ky3ste92" type="0" sum="0"/>
</round>
</game>
<game gamecode="6543302843"><general><startdate>2025-11-28 13:33:29</startdate>
<round>1</round>
<failsafecounter/>
<players><player seat="10" name="Thechosenoonee" chips="252" dealer="0" win="0" bet="45" muck="1" rebuy="0" addon="0" merge="0" rebuychips="0" reg_code="5076233278"/>
<player seat="3" name="Cornodimucca" chips="283" dealer="1" win="115" bet="283" muck="1" rebuy="0" addon="0" merge="0" rebuychips="0" reg_code="5076232855"/>
<player seat="6" name="M1ky3ste92" chips="965" dealer="0" win="0" bet="25" muck="1" rebuy="0" addon="0" merge="0" rebuychips="0" reg_code="5076233203"/>
</players>
</general>
<round no="0"><action no="1" player="M1ky3ste92" type="15" sum="5"/>
<action no="2" player="Thechosenoonee" type="15" discard="1" dealt="1" sum="5"/>
<action no="3" player="Cornodimucca" type="15" discard="1" dealt="1" sum="5"/>
<action no="4" player="M1ky3ste92" type="1" sum="20"/>
<action no="5" player="Thechosenoonee" type="2" discard="1" dealt="1" sum="40"/>
</round>
<round no="1"><cards type="Pocket" player="Thechosenoonee">X X</cards>
<cards type="Pocket" player="M1ky3ste92">C10 DJ</cards>
<cards type="Pocket" player="Cornodimucca">X X</cards>
<action no="6" player="Cornodimucca" type="23" discard="1" dealt="1" sum="278"/>
<action no="7" player="M1ky3ste92" type="0" sum="0"/>
<action no="8" player="Thechosenoonee" type="0" discard="1" dealt="1" sum="0"/>
</round>
</game>
<game gamecode="6543302853"><general><startdate>2025-11-28 13:33:38</startdate>
<round>1</round>
<failsafecounter/>
<players><player seat="3" name="Cornodimucca" chips="353" dealer="0" win="419" bet="207" muck="0" rebuy="0" addon="0" merge="0" rebuychips="0" reg_code="5076232855"/>
<player seat="6" name="M1ky3ste92" chips="940" dealer="1" win="0" bet="5" muck="1" rebuy="0" addon="0" merge="0" rebuychips="0" reg_code="5076233203"/>
<player seat="10" name="Thechosenoonee" chips="207" dealer="0" win="0" bet="207" muck="0" rebuy="0" addon="0" merge="0" rebuychips="0" reg_code="5076233278"/>
</players>
</general>
<round no="0"><action no="1" player="Thechosenoonee" type="15" discard="1" dealt="1" sum="5"/>
<action no="2" player="Cornodimucca" type="15" discard="1" dealt="1" sum="5"/>
<action no="3" player="M1ky3ste92" type="15" sum="5"/>
<action no="4" player="Thechosenoonee" type="1" discard="1" dealt="1" sum="20"/>
<action no="5" player="Cornodimucca" type="2" discard="1" dealt="1" sum="40"/>
</round>
<round no="1"><cards type="Pocket" player="Cornodimucca">HA HJ</cards>
<cards type="Pocket" player="Thechosenoonee">C10 H4</cards>
<cards type="Pocket" player="M1ky3ste92">C4 CQ</cards>
<action no="6" player="M1ky3ste92" type="0" sum="0"/>
<action no="7" player="Thechosenoonee" type="23" discard="1" dealt="1" sum="202"/>
<action no="8" player="Cornodimucca" type="3" discard="1" dealt="1" sum="162"/>
</round>
<round no="2"><cards type="Flop">C9 CK S8</cards>
</round>
<round no="3"><cards type="Turn">C8</cards>
</round>
<round no="4"><cards type="River">H8</cards>
</round>
</game>
<game gamecode="6543302893"><general><startdate>2025-11-28 13:34:01</startdate>
<round>1</round>
<failsafecounter/>
<players><player seat="6" name="M1ky3ste92" chips="935" dealer="0" win="0" bet="45" muck="1" rebuy="0" addon="0" merge="0" rebuychips="0" reg_code="5076233203"/>
<player seat="3" name="Cornodimucca" chips="565" dealer="1" win="90" bet="85" muck="1" rebuy="0" addon="0" merge="0" rebuychips="0" reg_code="5076232855"/>
</players>
</general>
<round no="0"><action no="1" player="Cornodimucca" type="15" discard="1" dealt="1" sum="5"/>
<action no="2" player="M1ky3ste92" type="15" sum="5"/>
<action no="3" player="Cornodimucca" type="1" discard="1" dealt="1" sum="20"/>
<action no="4" player="M1ky3ste92" type="2" sum="40"/>
</round>
<round no="1"><cards type="Pocket" player="Cornodimucca">X X</cards>
<cards type="Pocket" player="M1ky3ste92">H5 C9</cards>
<action no="5" player="Cornodimucca" type="3" discard="1" dealt="1" sum="20"/>
<action no="6" player="M1ky3ste92" type="4" sum="0"/>
</round>
<round no="2"><cards type="Flop">S10 H7 D3</cards>
<action no="7" player="M1ky3ste92" type="4" sum="0"/>
<action no="8" player="Cornodimucca" type="5" discard="1" dealt="1" sum="40"/>
<action no="9" player="M1ky3ste92" type="0" sum="0"/>
</round>
</game>
<game gamecode="6543302917"><general><startdate>2025-11-28 13:34:20</startdate>
<round>1</round>
<failsafecounter/>
<players><player seat="3" name="Cornodimucca" chips="610" dealer="0" win="90" bet="610" muck="1" rebuy="0" addon="0" merge="0" rebuychips="0" reg_code="5076232855"/>
<player seat="6" name="M1ky3ste92" chips="890" dealer="1" win="0" bet="45" muck="1" rebuy="0" addon="0" merge="0" rebuychips="0" reg_code="5076233203"/>
</players>
</general>
<round no="0"><action no="1" player="M1ky3ste92" type="15" sum="5"/>
<action no="2" player="Cornodimucca" type="15" discard="1" dealt="1" sum="5"/>
<action no="3" player="M1ky3ste92" type="1" sum="20"/>
<action no="4" player="Cornodimucca" type="2" discard="1" dealt="1" sum="40"/>
</round>
<round no="1"><cards type="Pocket" player="M1ky3ste92">CJ C5</cards>
<cards type="Pocket" player="Cornodimucca">X X</cards>
<action no="5" player="M1ky3ste92" type="3" sum="20"/>
<action no="6" player="Cornodimucca" type="23" discard="1" dealt="1" sum="605"/>
<action no="7" player="M1ky3ste92" type="0" sum="0"/>
</round>
</game>
<game gamecode="6543302932"><general><startdate>2025-11-28 13:34:31</startdate>
<round>1</round>
<failsafecounter/>
<players><player seat="6" name="M1ky3ste92" chips="845" dealer="0" win="0" bet="85" muck="1" rebuy="0" addon="0" merge="0" rebuychips="0" reg_code="5076233203"/>
<player seat="3" name="Cornodimucca" chips="655" dealer="1" win="170" bet="255" muck="1" rebuy="0" addon="0" merge="0" rebuychips="0" reg_code="5076232855"/>
</players>
</general>
<round no="0"><action no="1" player="Cornodimucca" type="15" discard="1" dealt="1" sum="5"/>
<action no="2" player="M1ky3ste92" type="15" sum="5"/>
<action no="3" player="Cornodimucca" type="1" discard="1" dealt="1" sum="20"/>
<action no="4" player="M1ky3ste92" type="2" sum="40"/>
</round>
<round no="1"><cards type="Pocket" player="Cornodimucca">X X</cards>
<cards type="Pocket" player="M1ky3ste92">C2 CK</cards>
<action no="5" player="Cornodimucca" type="3" discard="1" dealt="1" sum="20"/>
<action no="6" player="M1ky3ste92" type="4" sum="0"/>
</round>
<round no="2"><cards type="Flop">D7 D9 S7</cards>
<action no="7" player="M1ky3ste92" type="4" sum="0"/>
<action no="8" player="Cornodimucca" type="5" discard="1" dealt="1" sum="40"/>
<action no="9" player="M1ky3ste92" type="3" sum="40"/>
</round>
<round no="3"><cards type="Turn">CQ</cards>
<action no="10" player="M1ky3ste92" type="4" sum="0"/>
<action no="11" player="Cornodimucca" type="5" discard="1" dealt="1" sum="170"/>
<action no="12" player="M1ky3ste92" type="0" sum="0"/>
</round>
</game>
<game gamecode="6543302965"><general><startdate>2025-11-28 13:34:58</startdate>
<round>1</round>
<failsafecounter/>
<players><player seat="3" name="Cornodimucca" chips="740" dealer="0" win="170" bet="135" muck="1" rebuy="0" addon="0" merge="0" rebuychips="0" reg_code="5076232855"/>
<player seat="6" name="M1ky3ste92" chips="760" dealer="1" win="0" bet="85" muck="1" rebuy="0" addon="0" merge="0" rebuychips="0" reg_code="5076233203"/>
</players>
</general>
<round no="0"><action no="1" player="M1ky3ste92" type="15" sum="5"/>
<action no="2" player="Cornodimucca" type="15" discard="1" dealt="1" sum="5"/>
<action no="3" player="M1ky3ste92" type="1" sum="20"/>
<action no="4" player="Cornodimucca" type="2" discard="1" dealt="1" sum="40"/>
</round>
<round no="1"><cards type="Pocket" player="Cornodimucca">X X</cards>
<cards type="Pocket" player="M1ky3ste92">H9 DK</cards>
<action no="5" player="M1ky3ste92" type="23" sum="80"/>
<action no="6" player="Cornodimucca" type="3" discard="1" dealt="1" sum="40"/>
</round>
<round no="2"><cards type="Flop">D3 S7 C3</cards>
<action no="7" player="Cornodimucca" type="4" discard="1" dealt="1" sum="0"/>
<action no="8" player="M1ky3ste92" type="4" sum="0"/>
</round>
<round no="3"><cards type="Turn">HA</cards>
<action no="9" player="Cornodimucca" type="4" discard="1" dealt="1" sum="0"/>
<action no="10" player="M1ky3ste92" type="4" sum="0"/>
</round>
<round no="4"><cards type="River">CQ</cards>
<action no="11" player="Cornodimucca" type="5" discard="1" dealt="1" sum="50"/>
<action no="12" player="M1ky3ste92" type="0" sum="0"/>
</round>
</game>
<game gamecode="6543303023"><general><startdate>2025-11-28 13:35:42</startdate>
<round>1</round>
<failsafecounter/>
<players><player seat="6" name="M1ky3ste92" chips="675" dealer="0" win="0" bet="65" muck="1" rebuy="0" addon="0" merge="0" rebuychips="0" reg_code="5076233203"/>
<player seat="3" name="Cornodimucca" chips="825" dealer="1" win="130" bet="125" muck="1" rebuy="0" addon="0" merge="0" rebuychips="0" reg_code="5076232855"/>
</players>
</general>
<round no="0"><action no="1" player="Cornodimucca" type="15" discard="1" dealt="1" sum="5"/>
<action no="2" player="M1ky3ste92" type="15" sum="5"/>
<action no="3" player="Cornodimucca" type="1" discard="1" dealt="1" sum="30"/>
<action no="4" player="M1ky3ste92" type="2" sum="60"/>
</round>
<round no="1"><cards type="Pocket" player="M1ky3ste92">HQ S3</cards>
<cards type="Pocket" player="Cornodimucca">X X</cards>
<action no="5" player="Cornodimucca" type="3" discard="1" dealt="1" sum="30"/>
<action no="6" player="M1ky3ste92" type="4" sum="0"/>
</round>
<round no="2"><cards type="Flop">D4 DJ S4</cards>
<action no="7" player="M1ky3ste92" type="4" sum="0"/>
<action no="8" player="Cornodimucca" type="5" discard="1" dealt="1" sum="60"/>
<action no="9" player="M1ky3ste92" type="0" sum="0"/>
</round>
</game>
<game gamecode="6543303042"><general><startdate>2025-11-28 13:35:57</startdate>
<round>1</round>
<failsafecounter/>
<players><player seat="3" name="Cornodimucca" chips="890" dealer="0" win="0" bet="125" muck="0" rebuy="0" addon="0" merge="0" rebuychips="0" reg_code="5076232855"/>
<player seat="6" name="M1ky3ste92" chips="610" dealer="1" win="250" bet="125" muck="0" rebuy="0" addon="0" merge="0" rebuychips="0" reg_code="5076233203"/>
</players>
</general>
<round no="0"><action no="1" player="M1ky3ste92" type="15" sum="5"/>
<action no="2" player="Cornodimucca" type="15" discard="1" dealt="1" sum="5"/>
<action no="3" player="M1ky3ste92" type="1" sum="30"/>
<action no="4" player="Cornodimucca" type="2" discard="1" dealt="1" sum="60"/>
</round>
<round no="1"><cards type="Pocket" player="Cornodimucca">H7 CJ</cards>
<cards type="Pocket" player="M1ky3ste92">S3 HK</cards>
<action no="5" player="M1ky3ste92" type="3" sum="30"/>
<action no="6" player="Cornodimucca" type="4" discard="1" dealt="1" sum="0"/>
</round>
<round no="2"><cards type="Flop">H9 H3 S4</cards>
<action no="7" player="Cornodimucca" type="4" discard="1" dealt="1" sum="0"/>
<action no="8" player="M1ky3ste92" type="4" sum="0"/>
</round>
<round no="3"><cards type="Turn">DA</cards>
<action no="9" player="Cornodimucca" type="4" discard="1" dealt="1" sum="0"/>
<action no="10" player="M1ky3ste92" type="4" sum="0"/>
</round>
<round no="4"><cards type="River">H6</cards>
<action no="11" player="Cornodimucca" type="5" discard="1" dealt="1" sum="60"/>
<action no="12" player="M1ky3ste92" type="3" sum="60"/>
</round>
</game>
<game gamecode="6543307595"><general><startdate>2025-11-28 13:36:29</startdate>
<round>1</round>
<failsafecounter/>
<players><player seat="6" name="M1ky3ste92" chips="735" dealer="0" win="0" bet="125" muck="1" rebuy="0" addon="0" merge="0" rebuychips="0" reg_code="5076233203"/>
<player seat="3" name="Cornodimucca" chips="765" dealer="1" win="250" bet="250" muck="1" rebuy="0" addon="0" merge="0" rebuychips="0" reg_code="5076232855"/>
</players>
</general>
<round no="0"><action no="1" player="Cornodimucca" type="15" discard="1" dealt="1" sum="5"/>
<action no="2" player="M1ky3ste92" type="15" sum="5"/>
<action no="3" player="Cornodimucca" type="1" discard="1" dealt="1" sum="30"/>
<action no="4" player="M1ky3ste92" type="2" sum="60"/>
</round>
<round no="1"><cards type="Pocket" player="Cornodimucca">X X</cards>
<cards type="Pocket" player="M1ky3ste92">C4 S8</cards>
<action no="5" player="Cornodimucca" type="3" discard="1" dealt="1" sum="30"/>
<action no="6" player="M1ky3ste92" type="4" sum="0"/>
</round>
<round no="2"><cards type="Flop">H9 CA S4</cards>
<action no="7" player="M1ky3ste92" type="4" sum="0"/>
<action no="8" player="Cornodimucca" type="5" discard="1" dealt="1" sum="60"/>
<action no="9" player="M1ky3ste92" type="3" sum="60"/>
</round>
<round no="3"><cards type="Turn">D10</cards>
<action no="10" player="M1ky3ste92" type="4" sum="0"/>
<action no="11" player="Cornodimucca" type="5" discard="1" dealt="1" sum="125"/>
<action no="12" player="M1ky3ste92" type="0" sum="0"/>
</round>
</game>
<game gamecode="6543307630"><general><startdate>2025-11-28 13:36:55</startdate>
<round>1</round>
<failsafecounter/>
<players><player seat="3" name="Cornodimucca" chips="890" dealer="0" win="70" bet="65" muck="1" rebuy="0" addon="0" merge="0" rebuychips="0" reg_code="5076232855"/>
<player seat="6" name="M1ky3ste92" chips="610" dealer="1" win="0" bet="35" muck="1" rebuy="0" addon="0" merge="0" rebuychips="0" reg_code="5076233203"/>
</players>
</general>
<round no="0"><action no="1" player="M1ky3ste92" type="15" sum="5"/>
<action no="2" player="Cornodimucca" type="15" discard="1" dealt="1" sum="5"/>
<action no="3" player="M1ky3ste92" type="1" sum="30"/>
<action no="4" player="Cornodimucca" type="2" discard="1" dealt="1" sum="60"/>
</round>
<round no="1"><cards type="Pocket" player="Cornodimucca">X X</cards>
<cards type="Pocket" player="M1ky3ste92">H9 C3</cards>
<action no="5" player="M1ky3ste92" type="0" sum="0"/>
</round>
</game>
<game gamecode="6543307637"><general><startdate>2025-11-28 13:37:00</startdate>
<round>1</round>
<failsafecounter/>
<players><player seat="6" name="M1ky3ste92" chips="575" dealer="0" win="0" bet="65" muck="1" rebuy="0" addon="0" merge="0" rebuychips="0" reg_code="5076233203"/>
<player seat="3" name="Cornodimucca" chips="925" dealer="1" win="130" bet="925" muck="1" rebuy="0" addon="0" merge="0" rebuychips="0" reg_code="5076232855"/>
</players>
</general>
<round no="0"><action no="1" player="Cornodimucca" type="15" discard="1" dealt="1" sum="5"/>
<action no="2" player="M1ky3ste92" type="15" sum="5"/>
<action no="3" player="Cornodimucca" type="1" discard="1" dealt="1" sum="30"/>
<action no="4" player="M1ky3ste92" type="2" sum="60"/>
</round>
<round no="1"><cards type="Pocket" player="M1ky3ste92">S10 C7</cards>
<cards type="Pocket" player="Cornodimucca">X X</cards>
<action no="5" player="Cornodimucca" type="23" discard="1" dealt="1" sum="920"/>
<action no="6" player="M1ky3ste92" type="0" sum="0"/>
</round>
</game>
<game gamecode="6543307645"><general><startdate>2025-11-28 13:37:06</startdate>
<round>1</round>
<failsafecounter/>
<players><player seat="3" name="Cornodimucca" chips="990" dealer="0" win="130" bet="125" muck="1" rebuy="0" addon="0" merge="0" rebuychips="0" reg_code="5076232855"/>
<player seat="6" name="M1ky3ste92" chips="510" dealer="1" win="0" bet="65" muck="1" rebuy="0" addon="0" merge="0" rebuychips="0" reg_code="5076233203"/>
</players>
</general>
<round no="0"><action no="1" player="M1ky3ste92" type="15" sum="5"/>
<action no="2" player="Cornodimucca" type="15" discard="1" dealt="1" sum="5"/>
<action no="3" player="M1ky3ste92" type="1" sum="30"/>
<action no="4" player="Cornodimucca" type="2" discard="1" dealt="1" sum="60"/>
</round>
<round no="1"><cards type="Pocket" player="M1ky3ste92">C5 SQ</cards>
<cards type="Pocket" player="Cornodimucca">X X</cards>
<action no="5" player="M1ky3ste92" type="3" sum="30"/>
<action no="6" player="Cornodimucca" type="4" discard="1" dealt="1" sum="0"/>
</round>
<round no="2"><cards type="Flop">H6 SA D9</cards>
<action no="7" player="Cornodimucca" type="4" discard="1" dealt="1" sum="0"/>
<action no="8" player="M1ky3ste92" type="4" sum="0"/>
</round>
<round no="3"><cards type="Turn">CJ</cards>
<action no="9" player="Cornodimucca" type="5" discard="1" dealt="1" sum="60"/>
<action no="10" player="M1ky3ste92" type="0" sum="0"/>
</round>
</game>
<game gamecode="6543307676"><general><startdate>2025-11-28 13:37:27</startdate>
<round>1</round>
<failsafecounter/>
<players><player seat="6" name="M1ky3ste92" chips="445" dealer="0" win="0" bet="88" muck="1" rebuy="0" addon="0" merge="0" rebuychips="0" reg_code="5076233203"/>
<player seat="3" name="Cornodimucca" chips="1,055" dealer="1" win="176" bet="1,055" muck="1" rebuy="0" addon="0" merge="0" rebuychips="0" reg_code="5076232855"/>
</players>
</general>
<round no="0"><action no="1" player="Cornodimucca" type="15" discard="1" dealt="1" sum="8"/>
<action no="2" player="M1ky3ste92" type="15" sum="8"/>
<action no="3" player="Cornodimucca" type="1" discard="1" dealt="1" sum="40"/>
<action no="4" player="M1ky3ste92" type="2" sum="80"/>
</round>
<round no="1"><cards type="Pocket" player="Cornodimucca">X X</cards>
<cards type="Pocket" player="M1ky3ste92">S6 C3</cards>
<action no="5" player="Cornodimucca" type="23" discard="1" dealt="1" sum="1,047"/>
<action no="6" player="M1ky3ste92" type="0" sum="0"/>
</round>
</game>
<game gamecode="6543307689"><general><startdate>2025-11-28 13:37:34</startdate>
<round>1</round>
<failsafecounter/>
<players><player seat="3" name="Cornodimucca" chips="1,143" dealer="0" win="0" bet="357" muck="1" rebuy="0" addon="0" merge="0" rebuychips="0" reg_code="5076232855"/>
<player seat="6" name="M1ky3ste92" chips="357" dealer="1" win="714" bet="357" muck="0" rebuy="0" addon="0" merge="0" rebuychips="0" reg_code="5076233203"/>
</players>
</general>
<round no="0"><action no="1" player="M1ky3ste92" type="15" sum="8"/>
<action no="2" player="Cornodimucca" type="15" discard="1" dealt="1" sum="8"/>
<action no="3" player="M1ky3ste92" type="1" sum="40"/>
<action no="4" player="Cornodimucca" type="2" discard="1" dealt="1" sum="80"/>
</round>
<round no="1"><cards type="Pocket" player="Cornodimucca">S2 HA</cards>
<cards type="Pocket" player="M1ky3ste92">CK D7</cards>
<action no="5" player="M1ky3ste92" type="23" sum="349"/>
<action no="6" player="Cornodimucca" type="3" discard="1" dealt="1" sum="269"/>
</round>
<round no="2"><cards type="Flop">HK C7 CJ</cards>
</round>
<round no="3"><cards type="Turn">H3</cards>
</round>
<round no="4"><cards type="River">S10</cards>
</round>
</game>
<game gamecode="6543307709"><general><startdate>2025-11-28 13:37:48</startdate>
<round>1</round>
<failsafecounter/>
<players><player seat="6" name="M1ky3ste92" chips="714" dealer="0" win="176" bet="714" muck="1" rebuy="0" addon="0" merge="0" rebuychips="0" reg_code="5076233203"/>
<player seat="3" name="Cornodimucca" chips="786" dealer="1" win="0" bet="88" muck="1" rebuy="0" addon="0" merge="0" rebuychips="0" reg_code="5076232855"/>
</players>
</general>
<round no="0"><action no="1" player="Cornodimucca" type="15" discard="1" dealt="1" sum="8"/>
<action no="2" player="M1ky3ste92" type="15" sum="8"/>
<action no="3" player="Cornodimucca" type="1" discard="1" dealt="1" sum="40"/>
<action no="4" player="M1ky3ste92" type="2" sum="80"/>
</round>
<round no="1"><cards type="Pocket" player="M1ky3ste92">CQ D3</cards>
<cards type="Pocket" player="Cornodimucca">X X</cards>
<action no="5" player="Cornodimucca" type="3" discard="1" dealt="1" sum="40"/>
<action no="6" player="M1ky3ste92" type="23" sum="706"/>
<action no="7" player="Cornodimucca" type="0" discard="1" dealt="1" sum="0"/>
</round>
</game>
<game gamecode="6543307723"><general><startdate>2025-11-28 13:37:56</startdate>
<round>1</round>
<failsafecounter/>
<players><player seat="3" name="Cornodimucca" chips="698" dealer="0" win="1,396" bet="698" muck="0" rebuy="0" addon="0" merge="0" rebuychips="0" reg_code="5076232855"/>
<player seat="6" name="M1ky3ste92" chips="802" dealer="1" win="0" bet="802" muck="1" rebuy="0" addon="0" merge="0" rebuychips="0" reg_code="5076233203"/>
</players>
</general>
<round no="0"><action no="1" player="M1ky3ste92" type="15" sum="8"/>
<action no="2" player="Cornodimucca" type="15" discard="1" dealt="1" sum="8"/>
<action no="3" player="M1ky3ste92" type="1" sum="40"/>
<action no="4" player="Cornodimucca" type="2" discard="1" dealt="1" sum="80"/>
</round>
<round no="1"><cards type="Pocket" player="Cornodimucca">C4 HA</cards>
<cards type="Pocket" player="M1ky3ste92">C7 CJ</cards>
<action no="5" player="M1ky3ste92" type="23" sum="794"/>
<action no="6" player="Cornodimucca" type="7" discard="1" dealt="1" sum="610"/>
</round>
<round no="2"><cards type="Flop">C5 C3 D8</cards>
</round>
<round no="3"><cards type="Turn">D10</cards>
</round>
<round no="4"><cards type="River">DK</cards>
</round>
</game>
<game gamecode="6543307757"><general><startdate>2025-11-28 13:38:13</startdate>
<round>1</round>
<failsafecounter/>
<players><player seat="6" name="M1ky3ste92" chips="104" dealer="0" win="208" bet="104" muck="0" rebuy="0" addon="0" merge="0" rebuychips="0" reg_code="5076233203"/>
<player seat="3" name="Cornodimucca" chips="1,396" dealer="1" win="0" bet="168" muck="0" rebuy="0" addon="0" merge="0" rebuychips="0" reg_code="5076232855"/>
</players>
</general>
<round no="0"><action no="1" player="Cornodimucca" type="15" discard="1" dealt="1" sum="8"/>
<action no="2" player="M1ky3ste92" type="15" sum="8"/>
<action no="3" player="Cornodimucca" type="1" discard="1" dealt="1" sum="40"/>
<action no="4" player="M1ky3ste92" type="2" sum="80"/>
</round>
<round no="1"><cards type="Pocket" player="Cornodimucca">C10 H2</cards>
<cards type="Pocket" player="M1ky3ste92">S6 S3</cards>
<action no="5" player="Cornodimucca" type="23" discard="1" dealt="1" sum="160"/>
<action no="6" player="M1ky3ste92" type="7" sum="16"/>
</round>
<round no="2"><cards type="Flop">C7 HA H3</cards>
</round>
<round no="3"><cards type="Turn">S4</cards>
</round>
<round no="4"><cards type="River">H9</cards>
</round>
</game>
<game gamecode="6543307785"><general><startdate>2025-11-28 13:38:27</startdate>
<round>1</round>
<failsafecounter/>
<players><player seat="3" name="Cornodimucca" chips="1,292" dealer="0" win="0" bet="208" muck="1" rebuy="0" addon="0" merge="0" rebuychips="0" reg_code="5076232855"/>
<player seat="6" name="M1ky3ste92" chips="208" dealer="1" win="416" bet="208" muck="0" rebuy="0" addon="0" merge="0" rebuychips="0" reg_code="5076233203"/>
</players>
</general>
<round no="0"><action no="1" player="M1ky3ste92" type="15" sum="8"/>
<action no="2" player="Cornodimucca" type="15" discard="1" dealt="1" sum="8"/>
<action no="3" player="M1ky3ste92" type="1" sum="40"/>
<action no="4" player="Cornodimucca" type="2" discard="1" dealt="1" sum="80"/>
</round>
<round no="1"><cards type="Pocket" player="M1ky3ste92">SQ CA</cards>
<cards type="Pocket" player="Cornodimucca">C9 S7</cards>
<action no="5" player="M1ky3ste92" type="23" sum="200"/>
<action no="6" player="Cornodimucca" type="3" discard="1" dealt="1" sum="120"/>
</round>
<round no="2"><cards type="Flop">C8 D9 SA</cards>
</round>
<round no="3"><cards type="Turn">C6</cards>
</round>
<round no="4"><cards type="River">C2</cards>
</round>
</game>
<game gamecode="6543307812"><general><startdate>2025-11-28 13:38:43</startdate>
<round>1</round>
<failsafecounter/>
<players><player seat="6" name="M1ky3ste92" chips="416" dealer="0" win="0" bet="416" muck="1" rebuy="0" addon="0" merge="0" rebuychips="0" reg_code="5076233203"/>
<player seat="3" name="Cornodimucca" chips="1,084" dealer="1" win="832" bet="1,084" muck="0" rebuy="0" addon="0" merge="0" rebuychips="0" reg_code="5076232855"/>
</players>
</general>
<round no="0"><action no="1" player="Cornodimucca" type="15" discard="1" dealt="1" sum="8"/>
<action no="2" player="M1ky3ste92" type="15" sum="8"/>
<action no="3" player="Cornodimucca" type="1" discard="1" dealt="1" sum="40"/>
<action no="4" player="M1ky3ste92" type="2" sum="80"/>
</round>
<round no="1"><cards type="Pocket" player="Cornodimucca">S3 SQ</cards>
<cards type="Pocket" player="M1ky3ste92">DK SK</cards>
<action no="5" player="Cornodimucca" type="23" discard="1" dealt="1" sum="1,076"/>
<action no="6" player="M1ky3ste92" type="7" sum="328"/>
</round>
<round no="2"><cards type="Flop">DQ HQ D5</cards>
</round>
<round no="3"><cards type="Turn">C6</cards>
</round>
<round no="4"><cards type="River">DA</cards>
</round>
</game>
</session>
