<?xml version="1.0" encoding="UTF-8"?>
<session sessioncode="5076500038">
<general>
<client_version>25.7.1.34</client_version>
<mode>real</mode>
<gametype>Holdem NL</gametype>
<tablename>Twister €100 SNG, 822669956</tablename>
<tournamentcode>822669955</tournamentcode>
<tournamentname>Twister €100 SNG</tournamentname>
<buyin>€0 + €7 + €93</buyin>
<totalbuyin>€100</totalbuyin>
<rewarddrawn>€200</rewarddrawn>
<tournamentcurrency>EUR</tournamentcurrency>
<currency>EUR</currency>
<nickname>M1ky3ste92</nickname>
<gamecount>17</gamecount>
<startdate>2025-11-29 12:16:00</startdate>
<place>2</place>
<win>€0</win>
<tablesize>3</tablesize>
</general>
<game gamecode="6544183331"><general><startdate>2025-11-29 12:16:15</startdate>
<round>1</round>
<failsafecounter/>
<players><player seat="3" name="M1ky3ste92" chips="500" dealer="0" win="80" bet="40" muck="0" rebuy="0" addon="0" merge="0" rebuychips="0" reg_code="5076500038"/>
<player seat="6" name="L1mltless" chips="500" dealer="1" win="0" bet="0" muck="1" rebuy="0" addon="0" merge="0" rebuychips="0" reg_code="5076501177"/>
<player seat="10" name="Matteo73730505" chips="500" dealer="0" win="0" bet="40" muck="0" rebuy="0" addon="0" merge="0" rebuychips="0" reg_code="5076501454"/>
</players>
</general>
<round no="0"><action no="1" player="Matteo73730505" type="1" discard="1" dealt="1" sum="10"/>
<action no="2" player="M1ky3ste92" type="2" sum="20"/>
</round>
<round no="1"><cards type="Pocket" player="M1ky3ste92">C8 H9</cards>
<cards type="Pocket" player="L1mltless">X X</cards>
<cards type="Pocket" player="Matteo73730505">D5 D7</cards>
<action no="3" player="L1mltless" type="0" discard="1" dealt="1" sum="0"/>
<action no="4" player="Matteo73730505" type="3" discard="1" dealt="1" sum="10"/>
<action no="5" player="M1ky3ste92" type="4" sum="0"/>
</round>
<round no="2"><cards type="Flop">H4 HQ H5</cards>
<action no="6" player="Matteo73730505" type="4" discard="1" dealt="1" sum="0"/>
<action no="7" player="M1ky3ste92" type="4" sum="0"/>
</round>
<round no="3"><cards type="Turn">HK</cards>
<action no="8" player="Matteo73730505" type="4" discard="1" dealt="1" sum="0"/>
<action no="9" player="M1ky3ste92" type="4" sum="0"/>
</round>
<round no="4"><cards type="River">C4</cards>
<action no="10" player="Matteo73730505" type="5" discard="1" dealt="1" sum="20"/>
<action no="11" player="M1ky3ste92" type="3" sum="20"/>
</round>
</game>
<game gamecode="6544183374"><general><startdate>2025-11-29 12:16:40</startdate>
<round>1</round>
<failsafecounter/>
<players><player seat="6" name="L1mltless" chips="500" dealer="0" win="40" bet="60" muck="1" rebuy="0" addon="0" merge="0" rebuychips="0" reg_code="5076501177"/>
<player seat="10" name="Matteo73730505" chips="460" dealer="1" win="0" bet="0" muck="1" rebuy="0" addon="0" merge="0" rebuychips="0" reg_code="5076501454"/>
<player seat="3" name="M1ky3ste92" chips="540" dealer="0" win="0" bet="20" muck="1" rebuy="0" addon="0" merge="0" rebuychips="0" reg_code="5076500038"/>
</players>
</general>
<round no="0"><action no="1" player="M1ky3ste92" type="1" sum="10"/>
<action no="2" player="L1mltless" type="2" discard="1" dealt="1" sum="20"/>
</round>
<round no="1"><cards type="Pocket" player="Matteo73730505">X X</cards>
<cards type="Pocket" player="L1mltless">X X</cards>
<cards type="Pocket" player="M1ky3ste92">D2 CA</cards>
<action no="3" player="Matteo73730505" type="0" discard="1" dealt="1" sum="0"/>
<action no="4" player="M1ky3ste92" type="3" sum="10"/>
<action no="5" player="L1mltless" type="23" discard="1" dealt="1" sum="60"/>
<action no="6" player="M1ky3ste92" type="0" sum="0"/>
</round>
</game>
<game gamecode="6544183394"><general><startdate>2025-11-29 12:16:52</startdate>
<round>1</round>
<failsafecounter/>
<players><player seat="10" name="Matteo73730505" chips="460" dealer="0" win="20" bet="20" muck="1" rebuy="0" addon="0" merge="0" rebuychips="0" reg_code="5076501454"/>
<player seat="3" name="M1ky3ste92" chips="520" dealer="1" win="0" bet="0" muck="1" rebuy="0" addon="0" merge="0" rebuychips="0" reg_code="5076500038"/>
<player seat="6" name="L1mltless" chips="520" dealer="0" win="0" bet="10" muck="1" rebuy="0" addon="0" merge="0" rebuychips="0" reg_code="5076501177"/>
</players>
</general>
<round no="0"><action no="1" player="L1mltless" type="1" discard="1" dealt="1" sum="10"/>
<action no="2" player="Matteo73730505" type="2" discard="1" dealt="1" sum="20"/>
</round>
<round no="1"><cards type="Pocket" player="L1mltless">X X</cards>
<cards type="Pocket" player="M1ky3ste92">H4 D5</cards>
<cards type="Pocket" player="Matteo73730505">X X</cards>
<action no="3" player="M1ky3ste92" type="0" sum="0"/>
<action no="4" player="L1mltless" type="0" discard="1" dealt="1" sum="0"/>
</round>
</game>
<game gamecode="6544183405"><general><startdate>2025-11-29 12:16:59</startdate>
<round>1</round>
<failsafecounter/>
<players><player seat="3" name="M1ky3ste92" chips="520" dealer="0" win="20" bet="20" muck="1" rebuy="0" addon="0" merge="0" rebuychips="0" reg_code="5076500038"/>
<player seat="6" name="L1mltless" chips="510" dealer="1" win="0" bet="0" muck="1" rebuy="0" addon="0" merge="0" rebuychips="0" reg_code="5076501177"/>
<player seat="10" name="Matteo73730505" chips="470" dealer="0" win="0" bet="10" muck="1" rebuy="0" addon="0" merge="0" rebuychips="0" reg_code="5076501454"/>
</players>
</general>
<round no="0"><action no="1" player="Matteo73730505" type="1" discard="1" dealt="1" sum="10"/>
<action no="2" player="M1ky3ste92" type="2" sum="20"/>
</round>
<round no="1"><cards type="Pocket" player="Matteo73730505">X X</cards>
<cards type="Pocket" player="M1ky3ste92">D10 C2</cards>
<cards type="Pocket" player="L1mltless">X X</cards>
<action no="3" player="L1mltless" type="0" discard="1" dealt="1" sum="0"/>
<action no="4" player="Matteo73730505" type="0" discard="1" dealt="1" sum="0"/>
</round>
</game>
<game gamecode="6544183424"><general><startdate>2025-11-29 12:17:09</startdate>
<round>1</round>
<failsafecounter/>
<players><player seat="6" name="L1mltless" chips="510" dealer="0" win="20" bet="20" muck="1" rebuy="0" addon="0" merge="0" rebuychips="0" reg_code="5076501177"/>
<player seat="10" name="Matteo73730505" chips="460" dealer="1" win="0" bet="0" muck="1" rebuy="0" addon="0" merge="0" rebuychips="0" reg_code="5076501454"/>
<player seat="3" name="M1ky3ste92" chips="530" dealer="0" win="0" bet="10" muck="1" rebuy="0" addon="0" merge="0" rebuychips="0" reg_code="5076500038"/>
</players>
</general>
<round no="0"><action no="1" player="M1ky3ste92" type="1" sum="10"/>
<action no="2" player="L1mltless" type="2" discard="1" dealt="1" sum="20"/>
</round>
<round no="1"><cards type="Pocket" player="Matteo73730505">X X</cards>
<cards type="Pocket" player="M1ky3ste92">C5 H10</cards>
<cards type="Pocket" player="L1mltless">X X</cards>
<action no="3" player="Matteo73730505" type="0" discard="1" dealt="1" sum="0"/>
<action no="4" player="M1ky3ste92" type="0" sum="0"/>
</round>
</game>
<game gamecode="6544183438"><general><startdate>2025-11-29 12:17:20</startdate>
<round>1</round>
<failsafecounter/>
<players><player seat="10" name="Matteo73730505" chips="460" dealer="0" win="0" bet="20" muck="1" rebuy="0" addon="0" merge="0" rebuychips="0" reg_code="5076501454"/>
<player seat="3" name="M1ky3ste92" chips="520" dealer="1" win="0" bet="0" muck="1" rebuy="0" addon="0" merge="0" rebuychips="0" reg_code="5076500038"/>
<player seat="6" name="L1mltless" chips="520" dealer="0" win="40" bet="40" muck="1" rebuy="0" addon="0" merge="0" rebuychips="0" reg_code="5076501177"/>
</players>
</general>
<round no="0"><action no="1" player="L1mltless" type="1" discard="1" dealt="1" sum="10"/>
<action no="2" player="Matteo73730505" type="2" discard="1" dealt="1" sum="20"/>
</round>
<round no="1"><cards type="Pocket" player="Matteo73730505">X X</cards>
<cards type="Pocket" player="L1mltless">X X</cards>
<cards type="Pocket" player="M1ky3ste92">C6 DJ</cards>
<action no="3" player="M1ky3ste92" type="0" sum="0"/>
<action no="4" player="L1mltless" type="3" discard="1" dealt="1" sum="10"/>
<action no="5" player="Matteo73730505" type="4" discard="1" dealt="1" sum="0"/>
</round>
<round no="2"><cards type="Flop">HK CJ C3</cards>
<action no="6" player="L1mltless" type="5" discard="1" dealt="1" sum="20"/>
<action no="7" player="Matteo73730505" type="0" discard="1" dealt="1" sum="0"/>
</round>
</game>
<game gamecode="6544183481"><general><startdate>2025-11-29 12:17:42</startdate>
<round>1</round>
<failsafecounter/>
<players><player seat="3" name="M1ky3ste92" chips="520" dealer="0" win="0" bet="20" muck="1" rebuy="0" addon="0" merge="0" rebuychips="0" reg_code="5076500038"/>
<player seat="6" name="L1mltless" chips="540" dealer="1" win="50" bet="40" muck="1" rebuy="0" addon="0" merge="0" rebuychips="0" reg_code="5076501177"/>
<player seat="10" name="Matteo73730505" chips="440" dealer="0" win="0" bet="10" muck="1" rebuy="0" addon="0" merge="0" rebuychips="0" reg_code="5076501454"/>
</players>
</general>
<round no="0"><action no="1" player="Matteo73730505" type="1" discard="1" dealt="1" sum="10"/>
<action no="2" player="M1ky3ste92" type="2" sum="20"/>
</round>
<round no="1"><cards type="Pocket" player="L1mltless">X X</cards>
<cards type="Pocket" player="Matteo73730505">X X</cards>
<cards type="Pocket" player="M1ky3ste92">HQ C2</cards>
<action no="3" player="L1mltless" type="23" discard="1" dealt="1" sum="40"/>
<action no="4" player="Matteo73730505" type="0" discard="1" dealt="1" sum="0"/>
<action no="5" player="M1ky3ste92" type="0" sum="0"/>
</round>
</game>
<game gamecode="6544183509"><general><startdate>2025-11-29 12:17:58</startdate>
<round>1</round>
<failsafecounter/>
<players><player seat="6" name="L1mltless" chips="570" dealer="0" win="0" bet="35" muck="1" rebuy="0" addon="0" merge="0" rebuychips="0" reg_code="5076501177"/>
<player seat="10" name="Matteo73730505" chips="430" dealer="1" win="447" bet="430" muck="0" rebuy="0" addon="0" merge="0" rebuychips="0" reg_code="5076501454"/>
<player seat="3" name="M1ky3ste92" chips="500" dealer="0" win="448" bet="500" muck="0" rebuy="0" addon="0" merge="0" rebuychips="0" reg_code="5076500038"/>
</players>
</general>
<round no="0"><action no="1" player="M1ky3ste92" type="15" sum="5"/>
<action no="2" player="L1mltless" type="15" discard="1" dealt="1" sum="5"/>
<action no="3" player="Matteo73730505" type="15" discard="1" dealt="1" sum="5"/>
<action no="4" player="M1ky3ste92" type="1" sum="15"/>
<action no="5" player="L1mltless" type="2" discard="1" dealt="1" sum="30"/>
</round>
<round no="1"><cards type="Pocket" player="Matteo73730505">C2 H2</cards>
<cards type="Pocket" player="M1ky3ste92">HA CA</cards>
<cards type="Pocket" player="L1mltless">X X</cards>
<action no="6" player="Matteo73730505" type="23" discard="1" dealt="1" sum="425"/>
<action no="7" player="M1ky3ste92" type="7" sum="480"/>
<action no="8" player="L1mltless" type="0" discard="1" dealt="1" sum="0"/>
</round>
<round no="2"><cards type="Flop">D5 D6 D8</cards>
</round>
<round no="3"><cards type="Turn">D9</cards>
</round>
<round no="4"><cards type="River">DQ</cards>
</round>
</game>
<game gamecode="6544183536"><general><startdate>2025-11-29 12:18:19</startdate>
<round>1</round>
<failsafecounter/>
<players><player seat="10" name="Matteo73730505" chips="447" dealer="0" win="0" bet="35" muck="1" rebuy="0" addon="0" merge="0" rebuychips="0" reg_code="5076501454"/>
<player seat="3" name="M1ky3ste92" chips="518" dealer="1" win="0" bet="5" muck="1" rebuy="0" addon="0" merge="0" rebuychips="0" reg_code="5076500038"/>
<player seat="6" name="L1mltless" chips="535" dealer="0" win="75" bet="535" muck="1" rebuy="0" addon="0" merge="0" rebuychips="0" reg_code="5076501177"/>
</players>
</general>
<round no="0"><action no="1" player="L1mltless" type="15" discard="1" dealt="1" sum="5"/>
<action no="2" player="Matteo73730505" type="15" discard="1" dealt="1" sum="5"/>
<action no="3" player="M1ky3ste92" type="15" sum="5"/>
<action no="4" player="L1mltless" type="1" discard="1" dealt="1" sum="15"/>
<action no="5" player="Matteo73730505" type="2" discard="1" dealt="1" sum="30"/>
</round>
<round no="1"><cards type="Pocket" player="M1ky3ste92">D3 DK</cards>
<cards type="Pocket" player="Matteo73730505">X X</cards>
<cards type="Pocket" player="L1mltless">X X</cards>
<action no="6" player="M1ky3ste92" type="0" sum="0"/>
<action no="7" player="L1mltless" type="23" discard="1" dealt="1" sum="530"/>
<action no="8" player="Matteo73730505" type="0" discard="1" dealt="1" sum="0"/>
</round>
</game>
<game gamecode="6544183558"><general><startdate>2025-11-29 12:18:34</startdate>
<round>1</round>
<failsafecounter/>
<players><player seat="3" name="M1ky3ste92" chips="513" dealer="0" win="0" bet="35" muck="1" rebuy="0" addon="0" merge="0" rebuychips="0" reg_code="5076500038"/>
<player seat="6" name="L1mltless" chips="575" dealer="1" win="0" bet="5" muck="1" rebuy="0" addon="0" merge="0" rebuychips="0" reg_code="5076501177"/>
<player seat="10" name="Matteo73730505" chips="412" dealer="0" win="75" bet="412" muck="1" rebuy="0" addon="0" merge="0" rebuychips="0" reg_code="5076501454"/>
</players>
</general>
<round no="0"><action no="1" player="Matteo73730505" type="15" discard="1" dealt="1" sum="5"/>
<action no="2" player="M1ky3ste92" type="15" sum="5"/>
<action no="3" player="L1mltless" type="15" discard="1" dealt="1" sum="5"/>
<action no="4" player="Matteo73730505" type="1" discard="1" dealt="1" sum="15"/>
<action no="5" player="M1ky3ste92" type="2" sum="30"/>
</round>
<round no="1"><cards type="Pocket" player="L1mltless">X X</cards>
<cards type="Pocket" player="M1ky3ste92">D5 H4</cards>
<cards type="Pocket" player="Matteo73730505">X X</cards>
<action no="6" player="L1mltless" type="0" discard="1" dealt="1" sum="0"/>
<action no="7" player="Matteo73730505" type="23" discard="1" dealt="1" sum="407"/>
<action no="8" player="M1ky3ste92" type="0" sum="0"/>
</round>
</game>
<game gamecode="6544183589"><general><startdate>2025-11-29 12:18:52</startdate>
<round>1</round>
<failsafecounter/>
<players><player seat="6" name="L1mltless" chips="570" dealer="0" win="150" bet="570" muck="1" rebuy="0" addon="0" merge="0" rebuychips="0" reg_code="5076501177"/>
<player seat="10" name="Matteo73730505" chips="452" dealer="1" win="0" bet="65" muck="1" rebuy="0" addon="0" merge="0" rebuychips="0" reg_code="5076501454"/>
<player seat="3" name="M1ky3ste92" chips="478" dealer="0" win="0" bet="20" muck="1" rebuy="0" addon="0" merge="0" rebuychips="0" reg_code="5076500038"/>
</players>
</general>
<round no="0"><action no="1" player="M1ky3ste92" type="15" sum="5"/>
<action no="2" player="L1mltless" type="15" discard="1" dealt="1" sum="5"/>
<action no="3" player="Matteo73730505" type="15" discard="1" dealt="1" sum="5"/>
<action no="4" player="M1ky3ste92" type="1" sum="15"/>
<action no="5" player="L1mltless" type="2" discard="1" dealt="1" sum="30"/>
</round>
<round no="1"><cards type="Pocket" player="M1ky3ste92">H8 HJ</cards>
<cards type="Pocket" player="L1mltless">X X</cards>
<cards type="Pocket" player="Matteo73730505">X X</cards>
<action no="6" player="Matteo73730505" type="23" discard="1" dealt="1" sum="60"/>
<action no="7" player="M1ky3ste92" type="0" sum="0"/>
<action no="8" player="L1mltless" type="23" discard="1" dealt="1" sum="565"/>
<action no="9" player="Matteo73730505" type="0" discard="1" dealt="1" sum="0"/>
</round>
</game>
<game gamecode="6544183604"><general><startdate>2025-11-29 12:19:04</startdate>
<round>1</round>
<failsafecounter/>
<players><player seat="10" name="Matteo73730505" chips="387" dealer="0" win="45" bet="35" muck="1" rebuy="0" addon="0" merge="0" rebuychips="0" reg_code="5076501454"/>
<player seat="3" name="M1ky3ste92" chips="458" dealer="1" win="0" bet="5" muck="1" rebuy="0" addon="0" merge="0" rebuychips="0" reg_code="5076500038"/>
<player seat="6" name="L1mltless" chips="655" dealer="0" win="0" bet="20" muck="1" rebuy="0" addon="0" merge="0" rebuychips="0" reg_code="5076501177"/>
</players>
</general>
<round no="0"><action no="1" player="L1mltless" type="15" discard="1" dealt="1" sum="5"/>
<action no="2" player="Matteo73730505" type="15" discard="1" dealt="1" sum="5"/>
<action no="3" player="M1ky3ste92" type="15" sum="5"/>
<action no="4" player="L1mltless" type="1" discard="1" dealt="1" sum="15"/>
<action no="5" player="Matteo73730505" type="2" discard="1" dealt="1" sum="30"/>
</round>
<round no="1"><cards type="Pocket" player="L1mltless">X X</cards>
<cards type="Pocket" player="M1ky3ste92">D7 C4</cards>
<cards type="Pocket" player="Matteo73730505">X X</cards>
<action no="6" player="M1ky3ste92" type="0" sum="0"/>
<action no="7" player="L1mltless" type="0" discard="1" dealt="1" sum="0"/>
</round>
</game>
<game gamecode="6544183615"><general><startdate>2025-11-29 12:19:12</startdate>
<round>1</round>
<failsafecounter/>
<players><player seat="3" name="M1ky3ste92" chips="453" dealer="0" win="0" bet="35" muck="1" rebuy="0" addon="0" merge="0" rebuychips="0" reg_code="5076500038"/>
<player seat="6" name="L1mltless" chips="635" dealer="1" win="859" bet="635" muck="0" rebuy="0" addon="0" merge="0" rebuychips="0" reg_code="5076501177"/>
<player seat="10" name="Matteo73730505" chips="412" dealer="0" win="0" bet="412" muck="1" rebuy="0" addon="0" merge="0" rebuychips="0" reg_code="5076501454"/>
</players>
</general>
<round no="0"><action no="1" player="Matteo73730505" type="15" discard="1" dealt="1" sum="5"/>
<action no="2" player="M1ky3ste92" type="15" sum="5"/>
<action no="3" player="L1mltless" type="15" discard="1" dealt="1" sum="5"/>
<action no="4" player="Matteo73730505" type="1" discard="1" dealt="1" sum="15"/>
<action no="5" player="M1ky3ste92" type="2" sum="30"/>
</round>
<round no="1"><cards type="Pocket" player="M1ky3ste92">H2 CA</cards>
<cards type="Pocket" player="L1mltless">S3 H3</cards>
<cards type="Pocket" player="Matteo73730505">C7 SA</cards>
<action no="6" player="L1mltless" type="23" discard="1" dealt="1" sum="630"/>
<action no="7" player="Matteo73730505" type="7" discard="1" dealt="1" sum="392"/>
<action no="8" player="M1ky3ste92" type="0" sum="0"/>
</round>
<round no="2"><cards type="Flop">C9 D2 H4</cards>
</round>
<round no="3"><cards type="Turn">C3</cards>
</round>
<round no="4"><cards type="River">DA</cards>
</round>
</game>
<game gamecode="6544183647"><general><startdate>2025-11-29 12:19:32</startdate>
<round>1</round>
<failsafecounter/>
<players><player seat="6" name="L1mltless" chips="1,082" dealer="0" win="130" bet="65" muck="0" rebuy="0" addon="0" merge="0" rebuychips="0" reg_code="5076501177"/>
<player seat="3" name="M1ky3ste92" chips="418" dealer="1" win="0" bet="65" muck="1" rebuy="0" addon="0" merge="0" rebuychips="0" reg_code="5076500038"/>
</players>
</general>
<round no="0"><action no="1" player="M1ky3ste92" type="15" sum="5"/>
<action no="2" player="L1mltless" type="15" discard="1" dealt="1" sum="5"/>
<action no="3" player="M1ky3ste92" type="1" sum="15"/>
<action no="4" player="L1mltless" type="2" discard="1" dealt="1" sum="30"/>
</round>
<round no="1"><cards type="Pocket" player="L1mltless">H2 H7</cards>
<cards type="Pocket" player="M1ky3ste92">C8 H10</cards>
<action no="5" player="M1ky3ste92" type="3" sum="15"/>
<action no="6" player="L1mltless" type="4" discard="1" dealt="1" sum="0"/>
</round>
<round no="2"><cards type="Flop">SK C7 CQ</cards>
<action no="7" player="L1mltless" type="4" discard="1" dealt="1" sum="0"/>
<action no="8" player="M1ky3ste92" type="5" sum="30"/>
<action no="9" player="L1mltless" type="3" discard="1" dealt="1" sum="30"/>
</round>
<round no="3"><cards type="Turn">H5</cards>
<action no="10" player="L1mltless" type="4" discard="1" dealt="1" sum="0"/>
<action no="11" player="M1ky3ste92" type="4" sum="0"/>
</round>
<round no="4"><cards type="River">S4</cards>
<action no="12" player="L1mltless" type="4" discard="1" dealt="1" sum="0"/>
<action no="13" player="M1ky3ste92" type="4" sum="0"/>
</round>
</game>
<game gamecode="6544183696"><general><startdate>2025-11-29 12:20:02</startdate>
<round>1</round>
<failsafecounter/>
<players><player seat="3" name="M1ky3ste92" chips="353" dealer="0" win="50" bet="45" muck="1" rebuy="0" addon="0" merge="0" rebuychips="0" reg_code="5076500038"/>
<player seat="6" name="L1mltless" chips="1,147" dealer="1" win="0" bet="25" muck="1" rebuy="0" addon="0" merge="0" rebuychips="0" reg_code="5076501177"/>
</players>
</general>
<round no="0"><action no="1" player="L1mltless" type="15" discard="1" dealt="1" sum="5"/>
<action no="2" player="M1ky3ste92" type="15" sum="5"/>
<action no="3" player="L1mltless" type="1" discard="1" dealt="1" sum="20"/>
<action no="4" player="M1ky3ste92" type="2" sum="40"/>
</round>
<round no="1"><cards type="Pocket" player="M1ky3ste92">D8 D3</cards>
<cards type="Pocket" player="L1mltless">X X</cards>
<action no="5" player="L1mltless" type="0" discard="1" dealt="1" sum="0"/>
</round>
</game>
<game gamecode="6544183701"><general><startdate>2025-11-29 12:20:08</startdate>
<round>1</round>
<failsafecounter/>
<players><player seat="6" name="L1mltless" chips="1,122" dealer="0" win="50" bet="45" muck="1" rebuy="0" addon="0" merge="0" rebuychips="0" reg_code="5076501177"/>
<player seat="3" name="M1ky3ste92" chips="378" dealer="1" win="0" bet="25" muck="1" rebuy="0" addon="0" merge="0" rebuychips="0" reg_code="5076500038"/>
</players>
</general>
<round no="0"><action no="1" player="M1ky3ste92" type="15" sum="5"/>
<action no="2" player="L1mltless" type="15" discard="1" dealt="1" sum="5"/>
<action no="3" player="M1ky3ste92" type="1" sum="20"/>
<action no="4" player="L1mltless" type="2" discard="1" dealt="1" sum="40"/>
</round>
<round no="1"><cards type="Pocket" player="L1mltless">X X</cards>
<cards type="Pocket" player="M1ky3ste92">S4 H3</cards>
<action no="5" player="M1ky3ste92" type="0" sum="0"/>
</round>
</game>
<game gamecode="6544183713"><general><startdate>2025-11-29 12:20:13</startdate>
<round>1</round>
<failsafecounter/>
<players><player seat="3" name="M1ky3ste92" chips="353" dealer="0" win="0" bet="353" muck="0" rebuy="0" addon="0" merge="0" rebuychips="0" reg_code="5076500038"/>
<player seat="6" name="L1mltless" chips="1,147" dealer="1" win="706" bet="1,147" muck="0" rebuy="0" addon="0" merge="0" rebuychips="0" reg_code="5076501177"/>
</players>
</general>
<round no="0"><action no="1" player="L1mltless" type="15" discard="1" dealt="1" sum="5"/>
<action no="2" player="M1ky3ste92" type="15" sum="5"/>
<action no="3" player="L1mltless" type="1" discard="1" dealt="1" sum="20"/>
<action no="4" player="M1ky3ste92" type="2" sum="40"/>
</round>
<round no="1"><cards type="Pocket" player="L1mltless">H10 CK</cards>
<cards type="Pocket" player="M1ky3ste92">C9 D9</cards>
<action no="5" player="L1mltless" type="23" discard="1" dealt="1" sum="1,142"/>
<action no="6" player="M1ky3ste92" type="7" sum="308"/>
</round>
<round no="2"><cards type="Flop">DA DK SA</cards>
</round>
<round no="3"><cards type="Turn">SQ</cards>
</round>
<round no="4"><cards type="River">CQ</cards>
</round>
</game>
</session>
