<?xml version="1.0" encoding="UTF-8"?>
<session sessioncode="5076498441">
<general>
<client_version>25.7.1.34</client_version>
<mode>real</mode>
<gametype>Holdem NL</gametype>
<tablename>Twister €100 SNG, 822668815</tablename>
<tournamentcode>822668814</tournamentcode>
<tournamentname>Twister €100 SNG</tournamentname>
<buyin>€0 + €7 + €93</buyin>
<totalbuyin>€100</totalbuyin>
<rewarddrawn>€200</rewarddrawn>
<tournamentcurrency>EUR</tournamentcurrency>
<currency>EUR</currency>
<nickname>M1ky3ste92</nickname>
<gamecount>9</gamecount>
<startdate>2025-11-29 11:56:31</startdate>
<place>1</place>
<win>€200</win>
<tablesize>3</tablesize>
</general>
<game gamecode="6544171807"><general><startdate>2025-11-29 11:56:46</startdate>
<round>1</round>
<failsafecounter/>
<players><player seat="6" name="M1ky3ste92" chips="500" dealer="0" win="50" bet="70" muck="1" rebuy="0" addon="0" merge="0" rebuychips="0" reg_code="5076498441"/>
<player seat="10" name="delpiero1987x1" chips="500" dealer="1" win="0" bet="20" muck="1" rebuy="0" addon="0" merge="0" rebuychips="0" reg_code="5076498535"/>
<player seat="3" name="L1mltless" chips="500" dealer="0" win="0" bet="10" muck="1" rebuy="0" addon="0" merge="0" rebuychips="0" reg_code="5076497881"/>
</players>
</general>
<round no="0"><action no="1" player="L1mltless" type="1" discard="1" dealt="1" sum="10"/>
<action no="2" player="M1ky3ste92" type="2" sum="20"/>
</round>
<round no="1"><cards type="Pocket" player="M1ky3ste92">C10 CJ</cards>
<cards type="Pocket" player="L1mltless">X X</cards>
<cards type="Pocket" player="delpiero1987x1">X X</cards>
<action no="3" player="delpiero1987x1" type="3" discard="1" dealt="1" sum="20"/>
<action no="4" player="L1mltless" type="0" discard="1" dealt="1" sum="0"/>
<action no="5" player="M1ky3ste92" type="4" sum="0"/>
</round>
<round no="2"><cards type="Flop">C4 CQ S7</cards>
<action no="6" player="M1ky3ste92" type="4" sum="0"/>
<action no="7" player="delpiero1987x1" type="4" discard="1" dealt="1" sum="0"/>
</round>
<round no="3"><cards type="Turn">S4</cards>
<action no="8" player="M1ky3ste92" type="5" sum="50"/>
<action no="9" player="delpiero1987x1" type="0" discard="1" dealt="1" sum="0"/>
</round>
</game>
<game gamecode="6544171834"><general><startdate>2025-11-29 11:57:04</startdate>
<round>1</round>
<failsafecounter/>
<players><player seat="10" name="delpiero1987x1" chips="480" dealer="0" win="80" bet="80" muck="1" rebuy="0" addon="0" merge="0" rebuychips="0" reg_code="5076498535"/>
<player seat="3" name="L1mltless" chips="490" dealer="1" win="0" bet="0" muck="1" rebuy="0" addon="0" merge="0" rebuychips="0" reg_code="5076497881"/>
<player seat="6" name="M1ky3ste92" chips="530" dealer="0" win="0" bet="40" muck="1" rebuy="0" addon="0" merge="0" rebuychips="0" reg_code="5076498441"/>
</players>
</general>
<round no="0"><action no="1" player="M1ky3ste92" type="1" sum="10"/>
<action no="2" player="delpiero1987x1" type="2" discard="1" dealt="1" sum="20"/>
</round>
<round no="1"><cards type="Pocket" player="delpiero1987x1">X X</cards>
<cards type="Pocket" player="L1mltless">X X</cards>
<cards type="Pocket" player="M1ky3ste92">H5 C6</cards>
<action no="3" player="L1mltless" type="0" discard="1" dealt="1" sum="0"/>
<action no="4" player="M1ky3ste92" type="3" sum="10"/>
<action no="5" player="delpiero1987x1" type="4" discard="1" dealt="1" sum="0"/>
</round>
<round no="2"><cards type="Flop">SQ H2 DQ</cards>
<action no="6" player="M1ky3ste92" type="5" sum="20"/>
<action no="7" player="delpiero1987x1" type="23" discard="1" dealt="1" sum="60"/>
<action no="8" player="M1ky3ste92" type="0" sum="0"/>
</round>
</game>
<game gamecode="6544171857"><general><startdate>2025-11-29 11:57:23</startdate>
<round>1</round>
<failsafecounter/>
<players><player seat="3" name="L1mltless" chips="490" dealer="0" win="120" bet="150" muck="1" rebuy="0" addon="0" merge="0" rebuychips="0" reg_code="5076497881"/>
<player seat="6" name="M1ky3ste92" chips="490" dealer="1" win="0" bet="0" muck="1" rebuy="0" addon="0" merge="0" rebuychips="0" reg_code="5076498441"/>
<player seat="10" name="delpiero1987x1" chips="520" dealer="0" win="0" bet="60" muck="1" rebuy="0" addon="0" merge="0" rebuychips="0" reg_code="5076498535"/>
</players>
</general>
<round no="0"><action no="1" player="delpiero1987x1" type="1" discard="1" dealt="1" sum="10"/>
<action no="2" player="L1mltless" type="2" discard="1" dealt="1" sum="20"/>
</round>
<round no="1"><cards type="Pocket" player="delpiero1987x1">X X</cards>
<cards type="Pocket" player="L1mltless">X X</cards>
<cards type="Pocket" player="M1ky3ste92">H4 SA</cards>
<action no="3" player="M1ky3ste92" type="0" sum="0"/>
<action no="4" player="delpiero1987x1" type="3" discard="1" dealt="1" sum="10"/>
<action no="5" player="L1mltless" type="23" discard="1" dealt="1" sum="60"/>
<action no="6" player="delpiero1987x1" type="3" discard="1" dealt="1" sum="40"/>
</round>
<round no="2"><cards type="Flop">DQ S10 S9</cards>
<action no="7" player="delpiero1987x1" type="4" discard="1" dealt="1" sum="0"/>
<action no="8" player="L1mltless" type="5" discard="1" dealt="1" sum="90"/>
<action no="9" player="delpiero1987x1" type="0" discard="1" dealt="1" sum="0"/>
</round>
</game>
<game gamecode="6544171879"><general><startdate>2025-11-29 11:57:39</startdate>
<round>1</round>
<failsafecounter/>
<players><player seat="6" name="M1ky3ste92" chips="490" dealer="0" win="0" bet="20" muck="1" rebuy="0" addon="0" merge="0" rebuychips="0" reg_code="5076498441"/>
<player seat="10" name="delpiero1987x1" chips="460" dealer="1" win="60" bet="80" muck="1" rebuy="0" addon="0" merge="0" rebuychips="0" reg_code="5076498535"/>
<player seat="3" name="L1mltless" chips="550" dealer="0" win="0" bet="20" muck="1" rebuy="0" addon="0" merge="0" rebuychips="0" reg_code="5076497881"/>
</players>
</general>
<round no="0"><action no="1" player="L1mltless" type="1" discard="1" dealt="1" sum="10"/>
<action no="2" player="M1ky3ste92" type="2" sum="20"/>
</round>
<round no="1"><cards type="Pocket" player="L1mltless">X X</cards>
<cards type="Pocket" player="M1ky3ste92">SJ C9</cards>
<cards type="Pocket" player="delpiero1987x1">X X</cards>
<action no="3" player="delpiero1987x1" type="3" discard="1" dealt="1" sum="20"/>
<action no="4" player="L1mltless" type="3" discard="1" dealt="1" sum="10"/>
<action no="5" player="M1ky3ste92" type="4" sum="0"/>
</round>
<round no="2"><cards type="Flop">D2 C8 C7</cards>
<action no="6" player="L1mltless" type="4" discard="1" dealt="1" sum="0"/>
<action no="7" player="M1ky3ste92" type="4" sum="0"/>
<action no="8" player="delpiero1987x1" type="5" discard="1" dealt="1" sum="60"/>
<action no="9" player="L1mltless" type="0" discard="1" dealt="1" sum="0"/>
<action no="10" player="M1ky3ste92" type="0" sum="0"/>
</round>
</game>
<game gamecode="6544171919"><general><startdate>2025-11-29 11:58:06</startdate>
<round>1</round>
<failsafecounter/>
<players><player seat="10" name="delpiero1987x1" chips="500" dealer="0" win="80" bet="460" muck="1" rebuy="0" addon="0" merge="0" rebuychips="0" reg_code="5076498535"/>
<player seat="3" name="L1mltless" chips="530" dealer="1" win="0" bet="0" muck="1" rebuy="0" addon="0" merge="0" rebuychips="0" reg_code="5076497881"/>
<player seat="6" name="M1ky3ste92" chips="470" dealer="0" win="0" bet="40" muck="1" rebuy="0" addon="0" merge="0" rebuychips="0" reg_code="5076498441"/>
</players>
</general>
<round no="0"><action no="1" player="M1ky3ste92" type="1" sum="10"/>
<action no="2" player="delpiero1987x1" type="2" discard="1" dealt="1" sum="20"/>
</round>
<round no="1"><cards type="Pocket" player="delpiero1987x1">X X</cards>
<cards type="Pocket" player="L1mltless">X X</cards>
<cards type="Pocket" player="M1ky3ste92">S9 HQ</cards>
<action no="3" player="L1mltless" type="0" discard="1" dealt="1" sum="0"/>
<action no="4" player="M1ky3ste92" type="23" sum="40"/>
<action no="5" player="delpiero1987x1" type="23" discard="1" dealt="1" sum="460"/>
<action no="6" player="M1ky3ste92" type="0" sum="0"/>
</round>
</game>
<game gamecode="6544171949"><general><startdate>2025-11-29 11:58:24</startdate>
<round>1</round>
<failsafecounter/>
<players><player seat="3" name="L1mltless" chips="530" dealer="0" win="0" bet="35" muck="1" rebuy="0" addon="0" merge="0" rebuychips="0" reg_code="5076497881"/>
<player seat="6" name="M1ky3ste92" chips="430" dealer="1" win="895" bet="430" muck="0" rebuy="0" addon="0" merge="0" rebuychips="0" reg_code="5076498441"/>
<player seat="10" name="delpiero1987x1" chips="540" dealer="0" win="0" bet="430" muck="1" rebuy="0" addon="0" merge="0" rebuychips="0" reg_code="5076498535"/>
</players>
</general>
<round no="0"><action no="1" player="delpiero1987x1" type="15" discard="1" dealt="1" sum="5"/>
<action no="2" player="L1mltless" type="15" discard="1" dealt="1" sum="5"/>
<action no="3" player="M1ky3ste92" type="15" sum="5"/>
<action no="4" player="delpiero1987x1" type="1" discard="1" dealt="1" sum="15"/>
<action no="5" player="L1mltless" type="2" discard="1" dealt="1" sum="30"/>
</round>
<round no="1"><cards type="Pocket" player="L1mltless">X X</cards>
<cards type="Pocket" player="M1ky3ste92">H8 H10</cards>
<cards type="Pocket" player="delpiero1987x1">HA S9</cards>
<action no="6" player="M1ky3ste92" type="23" sum="425"/>
<action no="7" player="delpiero1987x1" type="3" discard="1" dealt="1" sum="410"/>
<action no="8" player="L1mltless" type="0" discard="1" dealt="1" sum="0"/>
</round>
<round no="2"><cards type="Flop">D8 HJ CK</cards>
</round>
<round no="3"><cards type="Turn">D7</cards>
</round>
<round no="4"><cards type="River">D3</cards>
</round>
</game>
<game gamecode="6544171995"><general><startdate>2025-11-29 11:58:47</startdate>
<round>1</round>
<failsafecounter/>
<players><player seat="6" name="M1ky3ste92" chips="895" dealer="0" win="240" bet="110" muck="0" rebuy="0" addon="0" merge="0" rebuychips="0" reg_code="5076498441"/>
<player seat="10" name="delpiero1987x1" chips="110" dealer="1" win="0" bet="110" muck="0" rebuy="0" addon="0" merge="0" rebuychips="0" reg_code="5076498535"/>
<player seat="3" name="L1mltless" chips="495" dealer="0" win="0" bet="20" muck="1" rebuy="0" addon="0" merge="0" rebuychips="0" reg_code="5076497881"/>
</players>
</general>
<round no="0"><action no="1" player="L1mltless" type="15" discard="1" dealt="1" sum="5"/>
<action no="2" player="M1ky3ste92" type="15" sum="5"/>
<action no="3" player="delpiero1987x1" type="15" discard="1" dealt="1" sum="5"/>
<action no="4" player="L1mltless" type="1" discard="1" dealt="1" sum="15"/>
<action no="5" player="M1ky3ste92" type="2" sum="30"/>
</round>
<round no="1"><cards type="Pocket" player="M1ky3ste92">HJ C8</cards>
<cards type="Pocket" player="L1mltless">X X</cards>
<cards type="Pocket" player="delpiero1987x1">S10 HK</cards>
<action no="6" player="delpiero1987x1" type="23" discard="1" dealt="1" sum="105"/>
<action no="7" player="L1mltless" type="0" discard="1" dealt="1" sum="0"/>
<action no="8" player="M1ky3ste92" type="3" sum="75"/>
</round>
<round no="2"><cards type="Flop">S9 C3 C10</cards>
</round>
<round no="3"><cards type="Turn">D6</cards>
</round>
<round no="4"><cards type="River">D7</cards>
</round>
</game>
<game gamecode="6544172031"><general><startdate>2025-11-29 11:59:07</startdate>
<round>1</round>
<failsafecounter/>
<players><player seat="6" name="M1ky3ste92" chips="1,025" dealer="0" win="0" bet="105" muck="0" rebuy="0" addon="0" merge="0" rebuychips="0" reg_code="5076498441"/>
<player seat="3" name="L1mltless" chips="475" dealer="1" win="210" bet="105" muck="0" rebuy="0" addon="0" merge="0" rebuychips="0" reg_code="5076497881"/>
</players>
</general>
<round no="0"><action no="1" player="L1mltless" type="15" discard="1" dealt="1" sum="5"/>
<action no="2" player="M1ky3ste92" type="15" sum="5"/>
<action no="3" player="L1mltless" type="1" discard="1" dealt="1" sum="15"/>
<action no="4" player="M1ky3ste92" type="2" sum="30"/>
</round>
<round no="1"><cards type="Pocket" player="M1ky3ste92">C9 S6</cards>
<cards type="Pocket" player="L1mltless">CA C8</cards>
<action no="5" player="L1mltless" type="3" discard="1" dealt="1" sum="15"/>
<action no="6" player="M1ky3ste92" type="4" sum="0"/>
</round>
<round no="2"><cards type="Flop">S2 CJ S10</cards>
<action no="7" player="M1ky3ste92" type="4" sum="0"/>
<action no="8" player="L1mltless" type="4" discard="1" dealt="1" sum="0"/>
</round>
<round no="3"><cards type="Turn">H10</cards>
<action no="9" player="M1ky3ste92" type="4" sum="0"/>
<action no="10" player="L1mltless" type="4" discard="1" dealt="1" sum="0"/>
</round>
<round no="4"><cards type="River">D5</cards>
<action no="11" player="M1ky3ste92" type="5" sum="70"/>
<action no="12" player="L1mltless" type="3" discard="1" dealt="1" sum="70"/>
</round>
</game>
<game gamecode="6544172093"><general><startdate>2025-11-29 11:59:40</startdate>
<round>1</round>
<failsafecounter/>
<players><player seat="3" name="L1mltless" chips="580" dealer="0" win="0" bet="580" muck="0" rebuy="0" addon="0" merge="0" rebuychips="0" reg_code="5076497881"/>
<player seat="6" name="M1ky3ste92" chips="920" dealer="1" win="1,160" bet="580" muck="0" rebuy="0" addon="0" merge="0" rebuychips="0" reg_code="5076498441"/>
</players>
</general>
<round no="0"><action no="1" player="M1ky3ste92" type="15" sum="5"/>
<action no="2" player="L1mltless" type="15" discard="1" dealt="1" sum="5"/>
<action no="3" player="M1ky3ste92" type="1" sum="15"/>
<action no="4" player="L1mltless" type="2" discard="1" dealt="1" sum="30"/>
</round>
<round no="1"><cards type="Pocket" player="L1mltless">DK CA</cards>
<cards type="Pocket" player="M1ky3ste92">C10 H10</cards>
<action no="5" player="M1ky3ste92" type="23" sum="60"/>
<action no="6" player="L1mltless" type="23" discard="1" dealt="1" sum="575"/>
<action no="7" player="M1ky3ste92" type="3" sum="515"/>
</round>
<round no="2"><cards type="Flop">D10 S8 HA</cards>
</round>
<round no="3"><cards type="Turn">HQ</cards>
</round>
<round no="4"><cards type="River">HK</cards>
</round>
</game>
</session>
