<?xml version="1.0" encoding="UTF-8"?>
<session sessioncode="5076502228">
<general>
<client_version>25.7.1.34</client_version>
<mode>real</mode>
<gametype>Holdem NL</gametype>
<tablename>Twister €100 SNG, 822670946</tablename>
<tournamentcode>822670945</tournamentcode>
<tournamentname>Twister €100 SNG</tournamentname>
<buyin>€0 + €7 + €93</buyin>
<totalbuyin>€100</totalbuyin>
<rewarddrawn>€200</rewarddrawn>
<tournamentcurrency>EUR</tournamentcurrency>
<currency>EUR</currency>
<nickname>M1ky3ste92</nickname>
<gamecount>23</gamecount>
<startdate>2025-11-29 12:23:09</startdate>
<place>2</place>
<win>€0</win>
<tablesize>3</tablesize>
</general>
<game gamecode="6544187712"><general><startdate>2025-11-29 12:23:24</startdate>
<round>1</round>
<failsafecounter/>
<players><player seat="6" name="M1ky3ste92" chips="500" dealer="0" win="20" bet="20" muck="1" rebuy="0" addon="0" merge="0" rebuychips="0" reg_code="5076502228"/>
<player seat="10" name="dimola2000" chips="500" dealer="1" win="0" bet="0" muck="1" rebuy="0" addon="0" merge="0" rebuychips="0" reg_code="5076502582"/>
<player seat="3" name="L1mltless" chips="500" dealer="0" win="0" bet="10" muck="1" rebuy="0" addon="0" merge="0" rebuychips="0" reg_code="5076502213"/>
</players>
</general>
<round no="0"><action no="1" player="L1mltless" type="1" discard="1" dealt="1" sum="10"/>
<action no="2" player="M1ky3ste92" type="2" sum="20"/>
</round>
<round no="1"><cards type="Pocket" player="M1ky3ste92">HA D5</cards>
<cards type="Pocket" player="dimola2000">X X</cards>
<cards type="Pocket" player="L1mltless">X X</cards>
<action no="3" player="dimola2000" type="0" discard="1" dealt="1" sum="0"/>
<action no="4" player="L1mltless" type="0" discard="1" dealt="1" sum="0"/>
</round>
</game>
<game gamecode="6544187732"><general><startdate>2025-11-29 12:23:34</startdate>
<round>1</round>
<failsafecounter/>
<players><player seat="10" name="dimola2000" chips="500" dealer="0" win="80" bet="120" muck="1" rebuy="0" addon="0" merge="0" rebuychips="0" reg_code="5076502582"/>
<player seat="3" name="L1mltless" chips="490" dealer="1" win="0" bet="0" muck="1" rebuy="0" addon="0" merge="0" rebuychips="0" reg_code="5076502213"/>
<player seat="6" name="M1ky3ste92" chips="510" dealer="0" win="0" bet="40" muck="1" rebuy="0" addon="0" merge="0" rebuychips="0" reg_code="5076502228"/>
</players>
</general>
<round no="0"><action no="1" player="M1ky3ste92" type="1" sum="10"/>
<action no="2" player="dimola2000" type="2" discard="1" dealt="1" sum="20"/>
</round>
<round no="1"><cards type="Pocket" player="dimola2000">X X</cards>
<cards type="Pocket" player="M1ky3ste92">CQ C10</cards>
<cards type="Pocket" player="L1mltless">X X</cards>
<action no="3" player="L1mltless" type="0" discard="1" dealt="1" sum="0"/>
<action no="4" player="M1ky3ste92" type="23" sum="40"/>
<action no="5" player="dimola2000" type="3" discard="1" dealt="1" sum="20"/>
</round>
<round no="2"><cards type="Flop">D4 D6 S8</cards>
<action no="6" player="M1ky3ste92" type="4" sum="0"/>
<action no="7" player="dimola2000" type="5" discard="1" dealt="1" sum="80"/>
<action no="8" player="M1ky3ste92" type="0" sum="0"/>
</round>
</game>
<game gamecode="6544187767"><general><startdate>2025-11-29 12:23:56</startdate>
<round>1</round>
<failsafecounter/>
<players><player seat="3" name="L1mltless" chips="490" dealer="0" win="120" bet="40" muck="0" rebuy="0" addon="0" merge="0" rebuychips="0" reg_code="5076502213"/>
<player seat="6" name="M1ky3ste92" chips="470" dealer="1" win="0" bet="40" muck="1" rebuy="0" addon="0" merge="0" rebuychips="0" reg_code="5076502228"/>
<player seat="10" name="dimola2000" chips="540" dealer="0" win="0" bet="40" muck="1" rebuy="0" addon="0" merge="0" rebuychips="0" reg_code="5076502582"/>
</players>
</general>
<round no="0"><action no="1" player="dimola2000" type="1" discard="1" dealt="1" sum="10"/>
<action no="2" player="L1mltless" type="2" discard="1" dealt="1" sum="20"/>
</round>
<round no="1"><cards type="Pocket" player="L1mltless">C5 C3</cards>
<cards type="Pocket" player="dimola2000">HJ S10</cards>
<cards type="Pocket" player="M1ky3ste92">HQ H10</cards>
<action no="3" player="M1ky3ste92" type="23" sum="40"/>
<action no="4" player="dimola2000" type="3" discard="1" dealt="1" sum="30"/>
<action no="5" player="L1mltless" type="3" discard="1" dealt="1" sum="20"/>
</round>
<round no="2"><cards type="Flop">C7 D7 S4</cards>
<action no="6" player="dimola2000" type="4" discard="1" dealt="1" sum="0"/>
<action no="7" player="L1mltless" type="4" discard="1" dealt="1" sum="0"/>
<action no="8" player="M1ky3ste92" type="4" sum="0"/>
</round>
<round no="3"><cards type="Turn">S8</cards>
<action no="9" player="dimola2000" type="4" discard="1" dealt="1" sum="0"/>
<action no="10" player="L1mltless" type="4" discard="1" dealt="1" sum="0"/>
<action no="11" player="M1ky3ste92" type="4" sum="0"/>
</round>
<round no="4"><cards type="River">H3</cards>
<action no="12" player="dimola2000" type="4" discard="1" dealt="1" sum="0"/>
<action no="13" player="L1mltless" type="4" discard="1" dealt="1" sum="0"/>
<action no="14" player="M1ky3ste92" type="4" sum="0"/>
</round>
</game>
<game gamecode="6544187811"><general><startdate>2025-11-29 12:24:25</startdate>
<round>1</round>
<failsafecounter/>
<players><player seat="6" name="M1ky3ste92" chips="430" dealer="0" win="0" bet="20" muck="1" rebuy="0" addon="0" merge="0" rebuychips="0" reg_code="5076502228"/>
<player seat="10" name="dimola2000" chips="500" dealer="1" win="50" bet="60" muck="1" rebuy="0" addon="0" merge="0" rebuychips="0" reg_code="5076502582"/>
<player seat="3" name="L1mltless" chips="570" dealer="0" win="0" bet="10" muck="1" rebuy="0" addon="0" merge="0" rebuychips="0" reg_code="5076502213"/>
</players>
</general>
<round no="0"><action no="1" player="L1mltless" type="1" discard="1" dealt="1" sum="10"/>
<action no="2" player="M1ky3ste92" type="2" sum="20"/>
</round>
<round no="1"><cards type="Pocket" player="L1mltless">X X</cards>
<cards type="Pocket" player="M1ky3ste92">CQ H2</cards>
<cards type="Pocket" player="dimola2000">X X</cards>
<action no="3" player="dimola2000" type="23" discard="1" dealt="1" sum="60"/>
<action no="4" player="L1mltless" type="0" discard="1" dealt="1" sum="0"/>
<action no="5" player="M1ky3ste92" type="0" sum="0"/>
</round>
</game>
<game gamecode="6544187832"><general><startdate>2025-11-29 12:24:39</startdate>
<round>1</round>
<failsafecounter/>
<players><player seat="10" name="dimola2000" chips="530" dealer="0" win="0" bet="20" muck="1" rebuy="0" addon="0" merge="0" rebuychips="0" reg_code="5076502582"/>
<player seat="3" name="L1mltless" chips="560" dealer="1" win="0" bet="0" muck="1" rebuy="0" addon="0" merge="0" rebuychips="0" reg_code="5076502213"/>
<player seat="6" name="M1ky3ste92" chips="410" dealer="0" win="40" bet="410" muck="1" rebuy="0" addon="0" merge="0" rebuychips="0" reg_code="5076502228"/>
</players>
</general>
<round no="0"><action no="1" player="M1ky3ste92" type="1" sum="10"/>
<action no="2" player="dimola2000" type="2" discard="1" dealt="1" sum="20"/>
</round>
<round no="1"><cards type="Pocket" player="L1mltless">X X</cards>
<cards type="Pocket" player="M1ky3ste92">H2 C2</cards>
<cards type="Pocket" player="dimola2000">X X</cards>
<action no="3" player="L1mltless" type="0" discard="1" dealt="1" sum="0"/>
<action no="4" player="M1ky3ste92" type="23" sum="410"/>
<action no="5" player="dimola2000" type="0" discard="1" dealt="1" sum="0"/>
</round>
</game>
<game gamecode="6544187852"><general><startdate>2025-11-29 12:24:51</startdate>
<round>1</round>
<failsafecounter/>
<players><player seat="3" name="L1mltless" chips="560" dealer="0" win="0" bet="20" muck="1" rebuy="0" addon="0" merge="0" rebuychips="0" reg_code="5076502213"/>
<player seat="6" name="M1ky3ste92" chips="430" dealer="1" win="880" bet="430" muck="0" rebuy="0" addon="0" merge="0" rebuychips="0" reg_code="5076502228"/>
<player seat="10" name="dimola2000" chips="510" dealer="0" win="0" bet="510" muck="1" rebuy="0" addon="0" merge="0" rebuychips="0" reg_code="5076502582"/>
</players>
</general>
<round no="0"><action no="1" player="dimola2000" type="1" discard="1" dealt="1" sum="10"/>
<action no="2" player="L1mltless" type="2" discard="1" dealt="1" sum="20"/>
</round>
<round no="1"><cards type="Pocket" player="M1ky3ste92">S10 SA</cards>
<cards type="Pocket" player="L1mltless">X X</cards>
<cards type="Pocket" player="dimola2000">D9 CA</cards>
<action no="3" player="M1ky3ste92" type="23" sum="40"/>
<action no="4" player="dimola2000" type="23" discard="1" dealt="1" sum="510"/>
<action no="5" player="L1mltless" type="0" discard="1" dealt="1" sum="0"/>
<action no="6" player="M1ky3ste92" type="7" sum="390"/>
</round>
<round no="2"><cards type="Flop">SQ C10 CQ</cards>
</round>
<round no="3"><cards type="Turn">C6</cards>
</round>
<round no="4"><cards type="River">S5</cards>
</round>
</game>
<game gamecode="6544187889"><general><startdate>2025-11-29 12:25:11</startdate>
<round>1</round>
<failsafecounter/>
<players><player seat="6" name="M1ky3ste92" chips="880" dealer="0" win="180" bet="80" muck="0" rebuy="0" addon="0" merge="0" rebuychips="0" reg_code="5076502228"/>
<player seat="10" name="dimola2000" chips="80" dealer="1" win="0" bet="80" muck="0" rebuy="0" addon="0" merge="0" rebuychips="0" reg_code="5076502582"/>
<player seat="3" name="L1mltless" chips="540" dealer="0" win="0" bet="20" muck="1" rebuy="0" addon="0" merge="0" rebuychips="0" reg_code="5076502213"/>
</players>
</general>
<round no="0"><action no="1" player="L1mltless" type="15" discard="1" dealt="1" sum="5"/>
<action no="2" player="M1ky3ste92" type="15" sum="5"/>
<action no="3" player="dimola2000" type="15" discard="1" dealt="1" sum="5"/>
<action no="4" player="L1mltless" type="1" discard="1" dealt="1" sum="15"/>
<action no="5" player="M1ky3ste92" type="2" sum="30"/>
</round>
<round no="1"><cards type="Pocket" player="L1mltless">X X</cards>
<cards type="Pocket" player="M1ky3ste92">H2 HJ</cards>
<cards type="Pocket" player="dimola2000">D10 D6</cards>
<action no="6" player="dimola2000" type="23" discard="1" dealt="1" sum="75"/>
<action no="7" player="L1mltless" type="0" discard="1" dealt="1" sum="0"/>
<action no="8" player="M1ky3ste92" type="3" sum="45"/>
</round>
<round no="2"><cards type="Flop">H3 S2 CK</cards>
</round>
<round no="3"><cards type="Turn">S8</cards>
</round>
<round no="4"><cards type="River">CJ</cards>
</round>
</game>
<game gamecode="6544187921"><general><startdate>2025-11-29 12:25:28</startdate>
<round>1</round>
<failsafecounter/>
<players><player seat="6" name="M1ky3ste92" chips="980" dealer="0" win="210" bet="210" muck="1" rebuy="0" addon="0" merge="0" rebuychips="0" reg_code="5076502228"/>
<player seat="3" name="L1mltless" chips="520" dealer="1" win="0" bet="105" muck="1" rebuy="0" addon="0" merge="0" rebuychips="0" reg_code="5076502213"/>
</players>
</general>
<round no="0"><action no="1" player="L1mltless" type="15" discard="1" dealt="1" sum="5"/>
<action no="2" player="M1ky3ste92" type="15" sum="5"/>
<action no="3" player="L1mltless" type="1" discard="1" dealt="1" sum="15"/>
<action no="4" player="M1ky3ste92" type="2" sum="30"/>
</round>
<round no="1"><cards type="Pocket" player="M1ky3ste92">S3 H5</cards>
<cards type="Pocket" player="L1mltless">X X</cards>
<action no="5" player="L1mltless" type="3" discard="1" dealt="1" sum="15"/>
<action no="6" player="M1ky3ste92" type="4" sum="0"/>
</round>
<round no="2"><cards type="Flop">D3 C6 H9</cards>
<action no="7" player="M1ky3ste92" type="4" sum="0"/>
<action no="8" player="L1mltless" type="4" discard="1" dealt="1" sum="0"/>
</round>
<round no="3"><cards type="Turn">S5</cards>
<action no="9" player="M1ky3ste92" type="5" sum="70"/>
<action no="10" player="L1mltless" type="3" discard="1" dealt="1" sum="70"/>
</round>
<round no="4"><cards type="River">SK</cards>
<action no="11" player="M1ky3ste92" type="5" sum="105"/>
<action no="12" player="L1mltless" type="0" discard="1" dealt="1" sum="0"/>
</round>
</game>
<game gamecode="6544187981"><general><startdate>2025-11-29 12:26:03</startdate>
<round>1</round>
<failsafecounter/>
<players><player seat="3" name="L1mltless" chips="415" dealer="0" win="70" bet="125" muck="1" rebuy="0" addon="0" merge="0" rebuychips="0" reg_code="5076502213"/>
<player seat="6" name="M1ky3ste92" chips="1,085" dealer="1" win="0" bet="35" muck="1" rebuy="0" addon="0" merge="0" rebuychips="0" reg_code="5076502228"/>
</players>
</general>
<round no="0"><action no="1" player="M1ky3ste92" type="15" sum="5"/>
<action no="2" player="L1mltless" type="15" discard="1" dealt="1" sum="5"/>
<action no="3" player="M1ky3ste92" type="1" sum="15"/>
<action no="4" player="L1mltless" type="2" discard="1" dealt="1" sum="30"/>
</round>
<round no="1"><cards type="Pocket" player="M1ky3ste92">SJ C3</cards>
<cards type="Pocket" player="L1mltless">X X</cards>
<action no="5" player="M1ky3ste92" type="3" sum="15"/>
<action no="6" player="L1mltless" type="23" discard="1" dealt="1" sum="120"/>
<action no="7" player="M1ky3ste92" type="0" sum="0"/>
</round>
</game>
<game gamecode="6544188000"><general><startdate>2025-11-29 12:26:13</startdate>
<round>1</round>
<failsafecounter/>
<players><player seat="6" name="M1ky3ste92" chips="1,050" dealer="0" win="70" bet="1,050" muck="1" rebuy="0" addon="0" merge="0" rebuychips="0" reg_code="5076502228"/>
<player seat="3" name="L1mltless" chips="450" dealer="1" win="0" bet="35" muck="1" rebuy="0" addon="0" merge="0" rebuychips="0" reg_code="5076502213"/>
</players>
</general>
<round no="0"><action no="1" player="L1mltless" type="15" discard="1" dealt="1" sum="5"/>
<action no="2" player="M1ky3ste92" type="15" sum="5"/>
<action no="3" player="L1mltless" type="1" discard="1" dealt="1" sum="15"/>
<action no="4" player="M1ky3ste92" type="2" sum="30"/>
</round>
<round no="1"><cards type="Pocket" player="L1mltless">X X</cards>
<cards type="Pocket" player="M1ky3ste92">S3 CA</cards>
<action no="5" player="L1mltless" type="3" discard="1" dealt="1" sum="15"/>
<action no="6" player="M1ky3ste92" type="23" sum="1,045"/>
<action no="7" player="L1mltless" type="0" discard="1" dealt="1" sum="0"/>
</round>
</game>
<game gamecode="6544188027"><general><startdate>2025-11-29 12:26:28</startdate>
<round>1</round>
<failsafecounter/>
<players><player seat="3" name="L1mltless" chips="415" dealer="0" win="40" bet="35" muck="1" rebuy="0" addon="0" merge="0" rebuychips="0" reg_code="5076502213"/>
<player seat="6" name="M1ky3ste92" chips="1,085" dealer="1" win="0" bet="20" muck="1" rebuy="0" addon="0" merge="0" rebuychips="0" reg_code="5076502228"/>
</players>
</general>
<round no="0"><action no="1" player="M1ky3ste92" type="15" sum="5"/>
<action no="2" player="L1mltless" type="15" discard="1" dealt="1" sum="5"/>
<action no="3" player="M1ky3ste92" type="1" sum="15"/>
<action no="4" player="L1mltless" type="2" discard="1" dealt="1" sum="30"/>
</round>
<round no="1"><cards type="Pocket" player="L1mltless">X X</cards>
<cards type="Pocket" player="M1ky3ste92">C2 S6</cards>
<action no="5" player="M1ky3ste92" type="0" sum="0"/>
</round>
</game>
<game gamecode="6544188035"><general><startdate>2025-11-29 12:26:34</startdate>
<round>1</round>
<failsafecounter/>
<players><player seat="6" name="M1ky3ste92" chips="1,065" dealer="0" win="0" bet="1,065" muck="1" rebuy="0" addon="0" merge="0" rebuychips="0" reg_code="5076502228"/>
<player seat="3" name="L1mltless" chips="435" dealer="1" win="870" bet="435" muck="0" rebuy="0" addon="0" merge="0" rebuychips="0" reg_code="5076502213"/>
</players>
</general>
<round no="0"><action no="1" player="L1mltless" type="15" discard="1" dealt="1" sum="5"/>
<action no="2" player="M1ky3ste92" type="15" sum="5"/>
<action no="3" player="L1mltless" type="1" discard="1" dealt="1" sum="15"/>
<action no="4" player="M1ky3ste92" type="2" sum="30"/>
</round>
<round no="1"><cards type="Pocket" player="L1mltless">HK CA</cards>
<cards type="Pocket" player="M1ky3ste92">HA D8</cards>
<action no="5" player="L1mltless" type="3" discard="1" dealt="1" sum="15"/>
<action no="6" player="M1ky3ste92" type="23" sum="1,060"/>
<action no="7" player="L1mltless" type="7" discard="1" dealt="1" sum="400"/>
</round>
<round no="2"><cards type="Flop">HJ S2 SJ</cards>
</round>
<round no="3"><cards type="Turn">S4</cards>
</round>
<round no="4"><cards type="River">S10</cards>
</round>
</game>
<game gamecode="6544188067"><general><startdate>2025-11-29 12:26:51</startdate>
<round>1</round>
<failsafecounter/>
<players><player seat="3" name="L1mltless" chips="870" dealer="0" win="50" bet="45" muck="1" rebuy="0" addon="0" merge="0" rebuychips="0" reg_code="5076502213"/>
<player seat="6" name="M1ky3ste92" chips="630" dealer="1" win="0" bet="25" muck="1" rebuy="0" addon="0" merge="0" rebuychips="0" reg_code="5076502228"/>
</players>
</general>
<round no="0"><action no="1" player="M1ky3ste92" type="15" sum="5"/>
<action no="2" player="L1mltless" type="15" discard="1" dealt="1" sum="5"/>
<action no="3" player="M1ky3ste92" type="1" sum="20"/>
<action no="4" player="L1mltless" type="2" discard="1" dealt="1" sum="40"/>
</round>
<round no="1"><cards type="Pocket" player="L1mltless">X X</cards>
<cards type="Pocket" player="M1ky3ste92">S3 D2</cards>
<action no="5" player="M1ky3ste92" type="0" sum="0"/>
</round>
</game>
<game gamecode="6544188073"><general><startdate>2025-11-29 12:26:57</startdate>
<round>1</round>
<failsafecounter/>
<players><player seat="6" name="M1ky3ste92" chips="605" dealer="0" win="0" bet="85" muck="1" rebuy="0" addon="0" merge="0" rebuychips="0" reg_code="5076502228"/>
<player seat="3" name="L1mltless" chips="895" dealer="1" win="170" bet="205" muck="1" rebuy="0" addon="0" merge="0" rebuychips="0" reg_code="5076502213"/>
</players>
</general>
<round no="0"><action no="1" player="L1mltless" type="15" discard="1" dealt="1" sum="5"/>
<action no="2" player="M1ky3ste92" type="15" sum="5"/>
<action no="3" player="L1mltless" type="1" discard="1" dealt="1" sum="20"/>
<action no="4" player="M1ky3ste92" type="2" sum="40"/>
</round>
<round no="1"><cards type="Pocket" player="L1mltless">X X</cards>
<cards type="Pocket" player="M1ky3ste92">H4 H10</cards>
<action no="5" player="L1mltless" type="3" discard="1" dealt="1" sum="20"/>
<action no="6" player="M1ky3ste92" type="4" sum="0"/>
</round>
<round no="2"><cards type="Flop">CQ H5 HK</cards>
<action no="7" player="M1ky3ste92" type="4" sum="0"/>
<action no="8" player="L1mltless" type="5" discard="1" dealt="1" sum="40"/>
<action no="9" player="M1ky3ste92" type="3" sum="40"/>
</round>
<round no="3"><cards type="Turn">S2</cards>
<action no="10" player="M1ky3ste92" type="4" sum="0"/>
<action no="11" player="L1mltless" type="5" discard="1" dealt="1" sum="120"/>
<action no="12" player="M1ky3ste92" type="0" sum="0"/>
</round>
</game>
<game gamecode="6544188112"><general><startdate>2025-11-29 12:27:24</startdate>
<round>1</round>
<failsafecounter/>
<players><player seat="3" name="L1mltless" chips="980" dealer="0" win="50" bet="45" muck="1" rebuy="0" addon="0" merge="0" rebuychips="0" reg_code="5076502213"/>
<player seat="6" name="M1ky3ste92" chips="520" dealer="1" win="0" bet="25" muck="1" rebuy="0" addon="0" merge="0" rebuychips="0" reg_code="5076502228"/>
</players>
</general>
<round no="0"><action no="1" player="M1ky3ste92" type="15" sum="5"/>
<action no="2" player="L1mltless" type="15" discard="1" dealt="1" sum="5"/>
<action no="3" player="M1ky3ste92" type="1" sum="20"/>
<action no="4" player="L1mltless" type="2" discard="1" dealt="1" sum="40"/>
</round>
<round no="1"><cards type="Pocket" player="L1mltless">X X</cards>
<cards type="Pocket" player="M1ky3ste92">D3 H4</cards>
<action no="5" player="M1ky3ste92" type="0" sum="0"/>
</round>
</game>
<game gamecode="6544188125"><general><startdate>2025-11-29 12:27:29</startdate>
<round>1</round>
<failsafecounter/>
<players><player seat="6" name="M1ky3ste92" chips="495" dealer="0" win="990" bet="495" muck="0" rebuy="0" addon="0" merge="0" rebuychips="0" reg_code="5076502228"/>
<player seat="3" name="L1mltless" chips="1,005" dealer="1" win="0" bet="1,005" muck="0" rebuy="0" addon="0" merge="0" rebuychips="0" reg_code="5076502213"/>
</players>
</general>
<round no="0"><action no="1" player="L1mltless" type="15" discard="1" dealt="1" sum="5"/>
<action no="2" player="M1ky3ste92" type="15" sum="5"/>
<action no="3" player="L1mltless" type="1" discard="1" dealt="1" sum="20"/>
<action no="4" player="M1ky3ste92" type="2" sum="40"/>
</round>
<round no="1"><cards type="Pocket" player="M1ky3ste92">CQ DK</cards>
<cards type="Pocket" player="L1mltless">H8 SA</cards>
<action no="5" player="L1mltless" type="23" discard="1" dealt="1" sum="1,000"/>
<action no="6" player="M1ky3ste92" type="7" sum="450"/>
</round>
<round no="2"><cards type="Flop">SK C7 CJ</cards>
</round>
<round no="3"><cards type="Turn">S10</cards>
</round>
<round no="4"><cards type="River">SJ</cards>
</round>
</game>
<game gamecode="6544188149"><general><startdate>2025-11-29 12:27:47</startdate>
<round>1</round>
<failsafecounter/>
<players><player seat="3" name="L1mltless" chips="510" dealer="0" win="90" bet="105" muck="1" rebuy="0" addon="0" merge="0" rebuychips="0" reg_code="5076502213"/>
<player seat="6" name="M1ky3ste92" chips="990" dealer="1" win="0" bet="45" muck="1" rebuy="0" addon="0" merge="0" rebuychips="0" reg_code="5076502228"/>
</players>
</general>
<round no="0"><action no="1" player="M1ky3ste92" type="15" sum="5"/>
<action no="2" player="L1mltless" type="15" discard="1" dealt="1" sum="5"/>
<action no="3" player="M1ky3ste92" type="1" sum="20"/>
<action no="4" player="L1mltless" type="2" discard="1" dealt="1" sum="40"/>
</round>
<round no="1"><cards type="Pocket" player="M1ky3ste92">C7 D4</cards>
<cards type="Pocket" player="L1mltless">X X</cards>
<action no="5" player="M1ky3ste92" type="3" sum="20"/>
<action no="6" player="L1mltless" type="23" discard="1" dealt="1" sum="100"/>
<action no="7" player="M1ky3ste92" type="0" sum="0"/>
</round>
</game>
<game gamecode="6544188168"><general><startdate>2025-11-29 12:27:59</startdate>
<round>1</round>
<failsafecounter/>
<players><player seat="6" name="M1ky3ste92" chips="945" dealer="0" win="90" bet="945" muck="1" rebuy="0" addon="0" merge="0" rebuychips="0" reg_code="5076502228"/>
<player seat="3" name="L1mltless" chips="555" dealer="1" win="0" bet="45" muck="1" rebuy="0" addon="0" merge="0" rebuychips="0" reg_code="5076502213"/>
</players>
</general>
<round no="0"><action no="1" player="L1mltless" type="15" discard="1" dealt="1" sum="5"/>
<action no="2" player="M1ky3ste92" type="15" sum="5"/>
<action no="3" player="L1mltless" type="1" discard="1" dealt="1" sum="20"/>
<action no="4" player="M1ky3ste92" type="2" sum="40"/>
</round>
<round no="1"><cards type="Pocket" player="L1mltless">X X</cards>
<cards type="Pocket" player="M1ky3ste92">DK S10</cards>
<action no="5" player="L1mltless" type="3" discard="1" dealt="1" sum="20"/>
<action no="6" player="M1ky3ste92" type="23" sum="940"/>
<action no="7" player="L1mltless" type="0" discard="1" dealt="1" sum="0"/>
</round>
</game>
<game gamecode="6544188194"><general><startdate>2025-11-29 12:28:16</startdate>
<round>1</round>
<failsafecounter/>
<players><player seat="3" name="L1mltless" chips="510" dealer="0" win="90" bet="125" muck="1" rebuy="0" addon="0" merge="0" rebuychips="0" reg_code="5076502213"/>
<player seat="6" name="M1ky3ste92" chips="990" dealer="1" win="0" bet="45" muck="1" rebuy="0" addon="0" merge="0" rebuychips="0" reg_code="5076502228"/>
</players>
</general>
<round no="0"><action no="1" player="M1ky3ste92" type="15" sum="5"/>
<action no="2" player="L1mltless" type="15" discard="1" dealt="1" sum="5"/>
<action no="3" player="M1ky3ste92" type="1" sum="20"/>
<action no="4" player="L1mltless" type="2" discard="1" dealt="1" sum="40"/>
</round>
<round no="1"><cards type="Pocket" player="M1ky3ste92">S7 CA</cards>
<cards type="Pocket" player="L1mltless">X X</cards>
<action no="5" player="M1ky3ste92" type="3" sum="20"/>
<action no="6" player="L1mltless" type="4" discard="1" dealt="1" sum="0"/>
</round>
<round no="2"><cards type="Flop">C6 H10 CJ</cards>
<action no="7" player="L1mltless" type="4" discard="1" dealt="1" sum="0"/>
<action no="8" player="M1ky3ste92" type="4" sum="0"/>
</round>
<round no="3"><cards type="Turn">H6</cards>
<action no="9" player="L1mltless" type="5" discard="1" dealt="1" sum="80"/>
<action no="10" player="M1ky3ste92" type="0" sum="0"/>
</round>
</game>
<game gamecode="6544188246"><general><startdate>2025-11-29 12:28:45</startdate>
<round>1</round>
<failsafecounter/>
<players><player seat="6" name="M1ky3ste92" chips="945" dealer="0" win="0" bet="125" muck="1" rebuy="0" addon="0" merge="0" rebuychips="0" reg_code="5076502228"/>
<player seat="3" name="L1mltless" chips="555" dealer="1" win="250" bet="245" muck="1" rebuy="0" addon="0" merge="0" rebuychips="0" reg_code="5076502213"/>
</players>
</general>
<round no="0"><action no="1" player="L1mltless" type="15" discard="1" dealt="1" sum="5"/>
<action no="2" player="M1ky3ste92" type="15" sum="5"/>
<action no="3" player="L1mltless" type="1" discard="1" dealt="1" sum="30"/>
<action no="4" player="M1ky3ste92" type="2" sum="60"/>
</round>
<round no="1"><cards type="Pocket" player="M1ky3ste92">H9 D4</cards>
<cards type="Pocket" player="L1mltless">X X</cards>
<action no="5" player="L1mltless" type="3" discard="1" dealt="1" sum="30"/>
<action no="6" player="M1ky3ste92" type="4" sum="0"/>
</round>
<round no="2"><cards type="Flop">C4 CJ D3</cards>
<action no="7" player="M1ky3ste92" type="4" sum="0"/>
<action no="8" player="L1mltless" type="5" discard="1" dealt="1" sum="60"/>
<action no="9" player="M1ky3ste92" type="3" sum="60"/>
</round>
<round no="3"><cards type="Turn">CK</cards>
<action no="10" player="M1ky3ste92" type="4" sum="0"/>
<action no="11" player="L1mltless" type="5" discard="1" dealt="1" sum="120"/>
<action no="12" player="M1ky3ste92" type="0" sum="0"/>
</round>
</game>
<game gamecode="6544188284"><general><startdate>2025-11-29 12:29:08</startdate>
<round>1</round>
<failsafecounter/>
<players><player seat="3" name="L1mltless" chips="680" dealer="0" win="0" bet="65" muck="1" rebuy="0" addon="0" merge="0" rebuychips="0" reg_code="5076502213"/>
<player seat="6" name="M1ky3ste92" chips="820" dealer="1" win="130" bet="820" muck="1" rebuy="0" addon="0" merge="0" rebuychips="0" reg_code="5076502228"/>
</players>
</general>
<round no="0"><action no="1" player="M1ky3ste92" type="15" sum="5"/>
<action no="2" player="L1mltless" type="15" discard="1" dealt="1" sum="5"/>
<action no="3" player="M1ky3ste92" type="1" sum="30"/>
<action no="4" player="L1mltless" type="2" discard="1" dealt="1" sum="60"/>
</round>
<round no="1"><cards type="Pocket" player="M1ky3ste92">DA H6</cards>
<cards type="Pocket" player="L1mltless">X X</cards>
<action no="5" player="M1ky3ste92" type="23" sum="815"/>
<action no="6" player="L1mltless" type="0" discard="1" dealt="1" sum="0"/>
</round>
</game>
<game gamecode="6544188299"><general><startdate>2025-11-29 12:29:17</startdate>
<round>1</round>
<failsafecounter/>
<players><player seat="6" name="M1ky3ste92" chips="885" dealer="0" win="0" bet="615" muck="1" rebuy="0" addon="0" merge="0" rebuychips="0" reg_code="5076502228"/>
<player seat="3" name="L1mltless" chips="615" dealer="1" win="1,230" bet="615" muck="0" rebuy="0" addon="0" merge="0" rebuychips="0" reg_code="5076502213"/>
</players>
</general>
<round no="0"><action no="1" player="L1mltless" type="15" discard="1" dealt="1" sum="5"/>
<action no="2" player="M1ky3ste92" type="15" sum="5"/>
<action no="3" player="L1mltless" type="1" discard="1" dealt="1" sum="30"/>
<action no="4" player="M1ky3ste92" type="2" sum="60"/>
</round>
<round no="1"><cards type="Pocket" player="L1mltless">C7 C4</cards>
<cards type="Pocket" player="M1ky3ste92">C9 DA</cards>
<action no="5" player="L1mltless" type="23" discard="1" dealt="1" sum="610"/>
<action no="6" player="M1ky3ste92" type="3" sum="550"/>
</round>
<round no="2"><cards type="Flop">C8 D5 DJ</cards>
</round>
<round no="3"><cards type="Turn">C2</cards>
</round>
<round no="4"><cards type="River">H6</cards>
</round>
</game>
<game gamecode="6544188332"><general><startdate>2025-11-29 12:29:35</startdate>
<round>1</round>
<failsafecounter/>
<players><player seat="3" name="L1mltless" chips="1,230" dealer="0" win="540" bet="270" muck="0" rebuy="0" addon="0" merge="0" rebuychips="0" reg_code="5076502213"/>
<player seat="6" name="M1ky3ste92" chips="270" dealer="1" win="0" bet="270" muck="0" rebuy="0" addon="0" merge="0" rebuychips="0" reg_code="5076502228"/>
</players>
</general>
<round no="0"><action no="1" player="M1ky3ste92" type="15" sum="5"/>
<action no="2" player="L1mltless" type="15" discard="1" dealt="1" sum="5"/>
<action no="3" player="M1ky3ste92" type="1" sum="30"/>
<action no="4" player="L1mltless" type="2" discard="1" dealt="1" sum="60"/>
</round>
<round no="1"><cards type="Pocket" player="M1ky3ste92">SJ C9</cards>
<cards type="Pocket" player="L1mltless">CK D5</cards>
<action no="5" player="M1ky3ste92" type="23" sum="265"/>
<action no="6" player="L1mltless" type="3" discard="1" dealt="1" sum="205"/>
</round>
<round no="2"><cards type="Flop">HK HA DQ</cards>
</round>
<round no="3"><cards type="Turn">D6</cards>
</round>
<round no="4"><cards type="River">SQ</cards>
</round>
</game>
</session>
