<?xml version="1.0" encoding="UTF-8"?>
<session sessioncode="5076238575">
<general>
<client_version>25.7.1.34</client_version>
<mode>real</mode>
<gametype>Holdem NL</gametype>
<tablename>Twister €100 SNG, 822606392</tablename>
<tournamentcode>822606391</tournamentcode>
<tournamentname>Twister €100 SNG</tournamentname>
<buyin>€0 + €7 + €93</buyin>
<totalbuyin>€100</totalbuyin>
<rewarddrawn>€200</rewarddrawn>
<tournamentcurrency>EUR</tournamentcurrency>
<currency>EUR</currency>
<nickname>M1ky3ste92</nickname>
<gamecount>13</gamecount>
<startdate>2025-11-28 14:14:21</startdate>
<place>1</place>
<win>€200</win>
<tablesize>3</tablesize>
</general>
<game gamecode="6543327286"><general><startdate>2025-11-28 14:14:37</startdate>
<round>1</round>
<failsafecounter/>
<players><player seat="3" name="deIduKA" chips="500" dealer="0" win="20" bet="20" muck="1" rebuy="0" addon="0" merge="0" rebuychips="0" reg_code="5076238515"/>
<player seat="6" name="M1ky3ste92" chips="500" dealer="1" win="0" bet="0" muck="1" rebuy="0" addon="0" merge="0" rebuychips="0" reg_code="5076238575"/>
<player seat="10" name="Minnypacho" chips="500" dealer="0" win="0" bet="10" muck="1" rebuy="0" addon="0" merge="0" rebuychips="0" reg_code="5076240377"/>
</players>
</general>
<round no="0"><action no="1" player="Minnypacho" type="1" discard="1" dealt="1" sum="10"/>
<action no="2" player="deIduKA" type="2" discard="1" dealt="1" sum="20"/>
</round>
<round no="1"><cards type="Pocket" player="Minnypacho">X X</cards>
<cards type="Pocket" player="deIduKA">X X</cards>
<cards type="Pocket" player="M1ky3ste92">C4 H3</cards>
<action no="3" player="M1ky3ste92" type="0" sum="0"/>
<action no="4" player="Minnypacho" type="0" discard="1" dealt="1" sum="0"/>
</round>
</game>
<game gamecode="6543327294"><general><startdate>2025-11-28 14:14:45</startdate>
<round>1</round>
<failsafecounter/>
<players><player seat="6" name="M1ky3ste92" chips="500" dealer="0" win="0" bet="20" muck="1" rebuy="0" addon="0" merge="0" rebuychips="0" reg_code="5076238575"/>
<player seat="10" name="Minnypacho" chips="490" dealer="1" win="0" bet="0" muck="1" rebuy="0" addon="0" merge="0" rebuychips="0" reg_code="5076240377"/>
<player seat="3" name="deIduKA" chips="510" dealer="0" win="40" bet="20" muck="0" rebuy="0" addon="0" merge="0" rebuychips="0" reg_code="5076238515"/>
</players>
</general>
<round no="0"><action no="1" player="deIduKA" type="1" discard="1" dealt="1" sum="10"/>
<action no="2" player="M1ky3ste92" type="2" sum="20"/>
</round>
<round no="1"><cards type="Pocket" player="deIduKA">C3 SA</cards>
<cards type="Pocket" player="M1ky3ste92">CQ H2</cards>
<cards type="Pocket" player="Minnypacho">X X</cards>
<action no="3" player="Minnypacho" type="0" discard="1" dealt="1" sum="0"/>
<action no="4" player="deIduKA" type="3" discard="1" dealt="1" sum="10"/>
<action no="5" player="M1ky3ste92" type="4" sum="0"/>
</round>
<round no="2"><cards type="Flop">CK SK C10</cards>
<action no="6" player="deIduKA" type="4" discard="1" dealt="1" sum="0"/>
<action no="7" player="M1ky3ste92" type="4" sum="0"/>
</round>
<round no="3"><cards type="Turn">C8</cards>
<action no="8" player="deIduKA" type="4" discard="1" dealt="1" sum="0"/>
<action no="9" player="M1ky3ste92" type="4" sum="0"/>
</round>
<round no="4"><cards type="River">H6</cards>
<action no="10" player="deIduKA" type="4" discard="1" dealt="1" sum="0"/>
<action no="11" player="M1ky3ste92" type="4" sum="0"/>
</round>
</game>
<game gamecode="6543327358"><general><startdate>2025-11-28 14:15:32</startdate>
<round>1</round>
<failsafecounter/>
<players><player seat="10" name="Minnypacho" chips="490" dealer="0" win="480" bet="220" muck="0" rebuy="0" addon="0" merge="0" rebuychips="0" reg_code="5076240377"/>
<player seat="3" name="deIduKA" chips="530" dealer="1" win="0" bet="220" muck="1" rebuy="0" addon="0" merge="0" rebuychips="0" reg_code="5076238515"/>
<player seat="6" name="M1ky3ste92" chips="480" dealer="0" win="0" bet="40" muck="1" rebuy="0" addon="0" merge="0" rebuychips="0" reg_code="5076238575"/>
</players>
</general>
<round no="0"><action no="1" player="M1ky3ste92" type="1" sum="10"/>
<action no="2" player="Minnypacho" type="2" discard="1" dealt="1" sum="20"/>
</round>
<round no="1"><cards type="Pocket" player="M1ky3ste92">D8 DA</cards>
<cards type="Pocket" player="deIduKA">CA D10</cards>
<cards type="Pocket" player="Minnypacho">C8 SJ</cards>
<action no="3" player="deIduKA" type="23" discard="1" dealt="1" sum="40"/>
<action no="4" player="M1ky3ste92" type="3" sum="30"/>
<action no="5" player="Minnypacho" type="3" discard="1" dealt="1" sum="20"/>
</round>
<round no="2"><cards type="Flop">CK S10 S3</cards>
<action no="6" player="M1ky3ste92" type="4" sum="0"/>
<action no="7" player="Minnypacho" type="5" discard="1" dealt="1" sum="60"/>
<action no="8" player="deIduKA" type="3" discard="1" dealt="1" sum="60"/>
<action no="9" player="M1ky3ste92" type="0" sum="0"/>
</round>
<round no="3"><cards type="Turn">C3</cards>
<action no="10" player="Minnypacho" type="4" discard="1" dealt="1" sum="0"/>
<action no="11" player="deIduKA" type="4" discard="1" dealt="1" sum="0"/>
</round>
<round no="4"><cards type="River">HJ</cards>
<action no="12" player="Minnypacho" type="5" discard="1" dealt="1" sum="120"/>
<action no="13" player="deIduKA" type="3" discard="1" dealt="1" sum="120"/>
</round>
</game>
<game gamecode="6543327476"><general><startdate>2025-11-28 14:16:53</startdate>
<round>1</round>
<failsafecounter/>
<players><player seat="3" name="deIduKA" chips="310" dealer="0" win="75" bet="310" muck="1" rebuy="0" addon="0" merge="0" rebuychips="0" reg_code="5076238515"/>
<player seat="6" name="M1ky3ste92" chips="440" dealer="1" win="0" bet="5" muck="1" rebuy="0" addon="0" merge="0" rebuychips="0" reg_code="5076238575"/>
<player seat="10" name="Minnypacho" chips="750" dealer="0" win="0" bet="35" muck="1" rebuy="0" addon="0" merge="0" rebuychips="0" reg_code="5076240377"/>
</players>
</general>
<round no="0"><action no="1" player="Minnypacho" type="15" discard="1" dealt="1" sum="5"/>
<action no="2" player="deIduKA" type="15" discard="1" dealt="1" sum="5"/>
<action no="3" player="M1ky3ste92" type="15" sum="5"/>
<action no="4" player="Minnypacho" type="1" discard="1" dealt="1" sum="15"/>
<action no="5" player="deIduKA" type="2" discard="1" dealt="1" sum="30"/>
</round>
<round no="1"><cards type="Pocket" player="deIduKA">X X</cards>
<cards type="Pocket" player="Minnypacho">X X</cards>
<cards type="Pocket" player="M1ky3ste92">H9 DK</cards>
<action no="6" player="M1ky3ste92" type="0" sum="0"/>
<action no="7" player="Minnypacho" type="3" discard="1" dealt="1" sum="15"/>
<action no="8" player="deIduKA" type="23" discard="1" dealt="1" sum="305"/>
<action no="9" player="Minnypacho" type="0" discard="1" dealt="1" sum="0"/>
</round>
</game>
<game gamecode="6543327508"><general><startdate>2025-11-28 14:17:15</startdate>
<round>1</round>
<failsafecounter/>
<players><player seat="6" name="M1ky3ste92" chips="435" dealer="0" win="45" bet="35" muck="1" rebuy="0" addon="0" merge="0" rebuychips="0" reg_code="5076238575"/>
<player seat="10" name="Minnypacho" chips="715" dealer="1" win="0" bet="5" muck="1" rebuy="0" addon="0" merge="0" rebuychips="0" reg_code="5076240377"/>
<player seat="3" name="deIduKA" chips="350" dealer="0" win="0" bet="20" muck="1" rebuy="0" addon="0" merge="0" rebuychips="0" reg_code="5076238515"/>
</players>
</general>
<round no="0"><action no="1" player="deIduKA" type="15" discard="1" dealt="1" sum="5"/>
<action no="2" player="M1ky3ste92" type="15" sum="5"/>
<action no="3" player="Minnypacho" type="15" discard="1" dealt="1" sum="5"/>
<action no="4" player="deIduKA" type="1" discard="1" dealt="1" sum="15"/>
<action no="5" player="M1ky3ste92" type="2" sum="30"/>
</round>
<round no="1"><cards type="Pocket" player="Minnypacho">X X</cards>
<cards type="Pocket" player="deIduKA">X X</cards>
<cards type="Pocket" player="M1ky3ste92">SA H9</cards>
<action no="6" player="Minnypacho" type="0" discard="1" dealt="1" sum="0"/>
<action no="7" player="deIduKA" type="0" discard="1" dealt="1" sum="0"/>
</round>
</game>
<game gamecode="6543327524"><general><startdate>2025-11-28 14:17:31</startdate>
<round>1</round>
<failsafecounter/>
<players><player seat="10" name="Minnypacho" chips="710" dealer="0" win="0" bet="35" muck="1" rebuy="0" addon="0" merge="0" rebuychips="0" reg_code="5076240377"/>
<player seat="3" name="deIduKA" chips="330" dealer="1" win="0" bet="5" muck="1" rebuy="0" addon="0" merge="0" rebuychips="0" reg_code="5076238515"/>
<player seat="6" name="M1ky3ste92" chips="460" dealer="0" win="75" bet="65" muck="1" rebuy="0" addon="0" merge="0" rebuychips="0" reg_code="5076238575"/>
</players>
</general>
<round no="0"><action no="1" player="M1ky3ste92" type="15" sum="5"/>
<action no="2" player="Minnypacho" type="15" discard="1" dealt="1" sum="5"/>
<action no="3" player="deIduKA" type="15" discard="1" dealt="1" sum="5"/>
<action no="4" player="M1ky3ste92" type="1" sum="15"/>
<action no="5" player="Minnypacho" type="2" discard="1" dealt="1" sum="30"/>
</round>
<round no="1"><cards type="Pocket" player="deIduKA">X X</cards>
<cards type="Pocket" player="M1ky3ste92">SQ H7</cards>
<cards type="Pocket" player="Minnypacho">X X</cards>
<action no="6" player="deIduKA" type="0" discard="1" dealt="1" sum="0"/>
<action no="7" player="M1ky3ste92" type="3" sum="15"/>
<action no="8" player="Minnypacho" type="4" discard="1" dealt="1" sum="0"/>
</round>
<round no="2"><cards type="Flop">H8 HQ D5</cards>
<action no="9" player="M1ky3ste92" type="5" sum="30"/>
<action no="10" player="Minnypacho" type="0" discard="1" dealt="1" sum="0"/>
</round>
</game>
<game gamecode="6543327555"><general><startdate>2025-11-28 14:17:56</startdate>
<round>1</round>
<failsafecounter/>
<players><player seat="3" name="deIduKA" chips="325" dealer="0" win="0" bet="45" muck="1" rebuy="0" addon="0" merge="0" rebuychips="0" reg_code="5076238515"/>
<player seat="6" name="M1ky3ste92" chips="500" dealer="1" win="0" bet="5" muck="1" rebuy="0" addon="0" merge="0" rebuychips="0" reg_code="5076238575"/>
<player seat="10" name="Minnypacho" chips="675" dealer="0" win="95" bet="165" muck="1" rebuy="0" addon="0" merge="0" rebuychips="0" reg_code="5076240377"/>
</players>
</general>
<round no="0"><action no="1" player="Minnypacho" type="15" discard="1" dealt="1" sum="5"/>
<action no="2" player="deIduKA" type="15" discard="1" dealt="1" sum="5"/>
<action no="3" player="M1ky3ste92" type="15" sum="5"/>
<action no="4" player="Minnypacho" type="1" discard="1" dealt="1" sum="20"/>
<action no="5" player="deIduKA" type="2" discard="1" dealt="1" sum="40"/>
</round>
<round no="1"><cards type="Pocket" player="Minnypacho">X X</cards>
<cards type="Pocket" player="M1ky3ste92">CJ D6</cards>
<cards type="Pocket" player="deIduKA">X X</cards>
<action no="6" player="M1ky3ste92" type="0" sum="0"/>
<action no="7" player="Minnypacho" type="23" discard="1" dealt="1" sum="160"/>
<action no="8" player="deIduKA" type="0" discard="1" dealt="1" sum="0"/>
</round>
</game>
<game gamecode="6543327594"><general><startdate>2025-11-28 14:18:18</startdate>
<round>1</round>
<failsafecounter/>
<players><player seat="6" name="M1ky3ste92" chips="495" dealer="0" win="1,270" bet="495" muck="0" rebuy="0" addon="0" merge="0" rebuychips="0" reg_code="5076238575"/>
<player seat="10" name="Minnypacho" chips="725" dealer="1" win="0" bet="495" muck="1" rebuy="0" addon="0" merge="0" rebuychips="0" reg_code="5076240377"/>
<player seat="3" name="deIduKA" chips="280" dealer="0" win="0" bet="280" muck="0" rebuy="0" addon="0" merge="0" rebuychips="0" reg_code="5076238515"/>
</players>
</general>
<round no="0"><action no="1" player="deIduKA" type="15" discard="1" dealt="1" sum="5"/>
<action no="2" player="M1ky3ste92" type="15" sum="5"/>
<action no="3" player="Minnypacho" type="15" discard="1" dealt="1" sum="5"/>
<action no="4" player="deIduKA" type="1" discard="1" dealt="1" sum="20"/>
<action no="5" player="M1ky3ste92" type="2" sum="40"/>
</round>
<round no="1"><cards type="Pocket" player="Minnypacho">D3 S3</cards>
<cards type="Pocket" player="deIduKA">S9 SQ</cards>
<cards type="Pocket" player="M1ky3ste92">HK HJ</cards>
<action no="6" player="Minnypacho" type="23" discard="1" dealt="1" sum="120"/>
<action no="7" player="deIduKA" type="23" discard="1" dealt="1" sum="275"/>
<action no="8" player="M1ky3ste92" type="23" sum="490"/>
<action no="9" player="Minnypacho" type="3" discard="1" dealt="1" sum="370"/>
</round>
<round no="2"><cards type="Flop">D4 D10 SK</cards>
</round>
<round no="3"><cards type="Turn">S10</cards>
</round>
<round no="4"><cards type="River">H8</cards>
</round>
</game>
<game gamecode="6543327662"><general><startdate>2025-11-28 14:18:57</startdate>
<round>1</round>
<failsafecounter/>
<players><player seat="10" name="Minnypacho" chips="230" dealer="0" win="50" bet="45" muck="1" rebuy="0" addon="0" merge="0" rebuychips="0" reg_code="5076240377"/>
<player seat="6" name="M1ky3ste92" chips="1,270" dealer="1" win="0" bet="25" muck="1" rebuy="0" addon="0" merge="0" rebuychips="0" reg_code="5076238575"/>
</players>
</general>
<round no="0"><action no="1" player="M1ky3ste92" type="15" sum="5"/>
<action no="2" player="Minnypacho" type="15" discard="1" dealt="1" sum="5"/>
<action no="3" player="M1ky3ste92" type="1" sum="20"/>
<action no="4" player="Minnypacho" type="2" discard="1" dealt="1" sum="40"/>
</round>
<round no="1"><cards type="Pocket" player="Minnypacho">X X</cards>
<cards type="Pocket" player="M1ky3ste92">S3 C7</cards>
<action no="5" player="M1ky3ste92" type="0" sum="0"/>
</round>
</game>
<game gamecode="6543327674"><general><startdate>2025-11-28 14:19:02</startdate>
<round>1</round>
<failsafecounter/>
<players><player seat="6" name="M1ky3ste92" chips="1,245" dealer="0" win="50" bet="45" muck="1" rebuy="0" addon="0" merge="0" rebuychips="0" reg_code="5076238575"/>
<player seat="10" name="Minnypacho" chips="255" dealer="1" win="0" bet="25" muck="1" rebuy="0" addon="0" merge="0" rebuychips="0" reg_code="5076240377"/>
</players>
</general>
<round no="0"><action no="1" player="Minnypacho" type="15" discard="1" dealt="1" sum="5"/>
<action no="2" player="M1ky3ste92" type="15" sum="5"/>
<action no="3" player="Minnypacho" type="1" discard="1" dealt="1" sum="20"/>
<action no="4" player="M1ky3ste92" type="2" sum="40"/>
</round>
<round no="1"><cards type="Pocket" player="Minnypacho">X X</cards>
<cards type="Pocket" player="M1ky3ste92">DA HQ</cards>
<action no="5" player="Minnypacho" type="0" discard="1" dealt="1" sum="0"/>
</round>
</game>
<game gamecode="6543327683"><general><startdate>2025-11-28 14:19:09</startdate>
<round>1</round>
<failsafecounter/>
<players><player seat="10" name="Minnypacho" chips="230" dealer="0" win="50" bet="45" muck="1" rebuy="0" addon="0" merge="0" rebuychips="0" reg_code="5076240377"/>
<player seat="6" name="M1ky3ste92" chips="1,270" dealer="1" win="0" bet="25" muck="1" rebuy="0" addon="0" merge="0" rebuychips="0" reg_code="5076238575"/>
</players>
</general>
<round no="0"><action no="1" player="M1ky3ste92" type="15" sum="5"/>
<action no="2" player="Minnypacho" type="15" discard="1" dealt="1" sum="5"/>
<action no="3" player="M1ky3ste92" type="1" sum="20"/>
<action no="4" player="Minnypacho" type="2" discard="1" dealt="1" sum="40"/>
</round>
<round no="1"><cards type="Pocket" player="Minnypacho">X X</cards>
<cards type="Pocket" player="M1ky3ste92">S9 S3</cards>
<action no="5" player="M1ky3ste92" type="0" sum="0"/>
</round>
</game>
<game gamecode="6543327697"><general><startdate>2025-11-28 14:19:16</startdate>
<round>1</round>
<failsafecounter/>
<players><player seat="6" name="M1ky3ste92" chips="1,245" dealer="0" win="0" bet="1,245" muck="0" rebuy="0" addon="0" merge="0" rebuychips="0" reg_code="5076238575"/>
<player seat="10" name="Minnypacho" chips="255" dealer="1" win="510" bet="255" muck="0" rebuy="0" addon="0" merge="0" rebuychips="0" reg_code="5076240377"/>
</players>
</general>
<round no="0"><action no="1" player="Minnypacho" type="15" discard="1" dealt="1" sum="5"/>
<action no="2" player="M1ky3ste92" type="15" sum="5"/>
<action no="3" player="Minnypacho" type="1" discard="1" dealt="1" sum="20"/>
<action no="4" player="M1ky3ste92" type="2" sum="40"/>
</round>
<round no="1"><cards type="Pocket" player="M1ky3ste92">D8 H8</cards>
<cards type="Pocket" player="Minnypacho">S10 H10</cards>
<action no="5" player="Minnypacho" type="23" discard="1" dealt="1" sum="120"/>
<action no="6" player="M1ky3ste92" type="23" sum="1,240"/>
<action no="7" player="Minnypacho" type="7" discard="1" dealt="1" sum="130"/>
</round>
<round no="2"><cards type="Flop">D2 C10 D4</cards>
</round>
<round no="3"><cards type="Turn">HJ</cards>
</round>
<round no="4"><cards type="River">DJ</cards>
</round>
</game>
<game gamecode="6543327755"><general><startdate>2025-11-28 14:19:51</startdate>
<round>1</round>
<failsafecounter/>
<players><player seat="10" name="Minnypacho" chips="510" dealer="0" win="0" bet="510" muck="0" rebuy="0" addon="0" merge="0" rebuychips="0" reg_code="5076240377"/>
<player seat="6" name="M1ky3ste92" chips="990" dealer="1" win="1,020" bet="990" muck="0" rebuy="0" addon="0" merge="0" rebuychips="0" reg_code="5076238575"/>
</players>
</general>
<round no="0"><action no="1" player="M1ky3ste92" type="15" sum="5"/>
<action no="2" player="Minnypacho" type="15" discard="1" dealt="1" sum="5"/>
<action no="3" player="M1ky3ste92" type="1" sum="30"/>
<action no="4" player="Minnypacho" type="2" discard="1" dealt="1" sum="60"/>
</round>
<round no="1"><cards type="Pocket" player="Minnypacho">S10 CA</cards>
<cards type="Pocket" player="M1ky3ste92">SQ HA</cards>
<action no="5" player="M1ky3ste92" type="23" sum="985"/>
<action no="6" player="Minnypacho" type="7" discard="1" dealt="1" sum="445"/>
</round>
<round no="2"><cards type="Flop">D8 S7 H4</cards>
</round>
<round no="3"><cards type="Turn">H8</cards>
</round>
<round no="4"><cards type="River">C9</cards>
</round>
</game>
</session>
