<?xml version="1.0" encoding="UTF-8"?>
<session sessioncode="5076900571">
<general>
<client_version>25.7.1.34</client_version>
<mode>real</mode>
<gametype>Holdem NL</gametype>
<tablename>Twister €100 SNG, 822777329</tablename>
<tournamentcode>822777327</tournamentcode>
<tournamentname>Twister €100 SNG</tournamentname>
<buyin>€0 + €7 + €93</buyin>
<totalbuyin>€100</totalbuyin>
<rewarddrawn>€200</rewarddrawn>
<tournamentcurrency>EUR</tournamentcurrency>
<currency>EUR</currency>
<nickname>M1ky3ste92</nickname>
<gamecount>20</gamecount>
<startdate>2025-11-30 23:09:24</startdate>
<place>3</place>
<win>€0</win>
<tablesize>3</tablesize>
</general>
<game gamecode="6545637621"><general><startdate>2025-11-30 23:09:39</startdate>
<round>1</round>
<failsafecounter/>
<players><player seat="3" name="Mayu97" chips="500" dealer="0" win="360" bet="500" muck="1" rebuy="0" addon="0" merge="0" rebuychips="0" reg_code="5076901066"/>
<player seat="6" name="M1ky3ste92" chips="500" dealer="1" win="0" bet="0" muck="1" rebuy="0" addon="0" merge="0" rebuychips="0" reg_code="5076900571"/>
<player seat="10" name="ssssshhh" chips="500" dealer="0" win="0" bet="180" muck="1" rebuy="0" addon="0" merge="0" rebuychips="0" reg_code="5076901161"/>
</players>
</general>
<round no="0"><action no="1" player="ssssshhh" type="1" discard="1" dealt="1" sum="10"/>
<action no="2" player="Mayu97" type="2" discard="1" dealt="1" sum="20"/>
</round>
<round no="1"><cards type="Pocket" player="ssssshhh">X X</cards>
<cards type="Pocket" player="M1ky3ste92">D4 HQ</cards>
<cards type="Pocket" player="Mayu97">X X</cards>
<action no="3" player="M1ky3ste92" type="0" sum="0"/>
<action no="4" player="ssssshhh" type="23" discard="1" dealt="1" sum="40"/>
<action no="5" player="Mayu97" type="3" discard="1" dealt="1" sum="20"/>
</round>
<round no="2"><cards type="Flop">HJ DA D2</cards>
<action no="6" player="ssssshhh" type="5" discard="1" dealt="1" sum="40"/>
<action no="7" player="Mayu97" type="3" discard="1" dealt="1" sum="40"/>
</round>
<round no="3"><cards type="Turn">H4</cards>
<action no="8" player="ssssshhh" type="5" discard="1" dealt="1" sum="100"/>
<action no="9" player="Mayu97" type="23" discard="1" dealt="1" sum="420"/>
<action no="10" player="ssssshhh" type="0" discard="1" dealt="1" sum="0"/>
</round>
</game>
<game gamecode="6545637671"><general><startdate>2025-11-30 23:09:57</startdate>
<round>1</round>
<failsafecounter/>
<players><player seat="6" name="M1ky3ste92" chips="500" dealer="0" win="0" bet="20" muck="1" rebuy="0" addon="0" merge="0" rebuychips="0" reg_code="5076900571"/>
<player seat="10" name="ssssshhh" chips="320" dealer="1" win="330" bet="320" muck="0" rebuy="0" addon="0" merge="0" rebuychips="0" reg_code="5076901161"/>
<player seat="3" name="Mayu97" chips="680" dealer="0" win="330" bet="680" muck="0" rebuy="0" addon="0" merge="0" rebuychips="0" reg_code="5076901066"/>
</players>
</general>
<round no="0"><action no="1" player="Mayu97" type="1" discard="1" dealt="1" sum="10"/>
<action no="2" player="M1ky3ste92" type="2" sum="20"/>
</round>
<round no="1"><cards type="Pocket" player="ssssshhh">HQ S8</cards>
<cards type="Pocket" player="Mayu97">D8 C8</cards>
<cards type="Pocket" player="M1ky3ste92">SJ H4</cards>
<action no="3" player="ssssshhh" type="23" discard="1" dealt="1" sum="40"/>
<action no="4" player="Mayu97" type="23" discard="1" dealt="1" sum="80"/>
<action no="5" player="M1ky3ste92" type="0" sum="0"/>
<action no="6" player="ssssshhh" type="3" discard="1" dealt="1" sum="40"/>
</round>
<round no="2"><cards type="Flop">D3 S9 H10</cards>
<action no="7" player="Mayu97" type="5" discard="1" dealt="1" sum="600"/>
<action no="8" player="ssssshhh" type="7" discard="1" dealt="1" sum="240"/>
</round>
<round no="3"><cards type="Turn">H7</cards>
</round>
<round no="4"><cards type="River">H6</cards>
</round>
</game>
<game gamecode="6545637731"><general><startdate>2025-11-30 23:10:20</startdate>
<round>1</round>
<failsafecounter/>
<players><player seat="10" name="ssssshhh" chips="330" dealer="0" win="0" bet="20" muck="1" rebuy="0" addon="0" merge="0" rebuychips="0" reg_code="5076901161"/>
<player seat="3" name="Mayu97" chips="690" dealer="1" win="50" bet="690" muck="1" rebuy="0" addon="0" merge="0" rebuychips="0" reg_code="5076901066"/>
<player seat="6" name="M1ky3ste92" chips="480" dealer="0" win="0" bet="10" muck="1" rebuy="0" addon="0" merge="0" rebuychips="0" reg_code="5076900571"/>
</players>
</general>
<round no="0"><action no="1" player="M1ky3ste92" type="1" sum="10"/>
<action no="2" player="ssssshhh" type="2" discard="1" dealt="1" sum="20"/>
</round>
<round no="1"><cards type="Pocket" player="M1ky3ste92">H8 C6</cards>
<cards type="Pocket" player="Mayu97">X X</cards>
<cards type="Pocket" player="ssssshhh">X X</cards>
<action no="3" player="Mayu97" type="23" discard="1" dealt="1" sum="690"/>
<action no="4" player="M1ky3ste92" type="0" sum="0"/>
<action no="5" player="ssssshhh" type="0" discard="1" dealt="1" sum="0"/>
</round>
</game>
<game gamecode="6545637749"><general><startdate>2025-11-30 23:10:27</startdate>
<round>1</round>
<failsafecounter/>
<players><player seat="3" name="Mayu97" chips="720" dealer="0" win="310" bet="310" muck="0" rebuy="0" addon="0" merge="0" rebuychips="0" reg_code="5076901066"/>
<player seat="6" name="M1ky3ste92" chips="470" dealer="1" win="0" bet="0" muck="1" rebuy="0" addon="0" merge="0" rebuychips="0" reg_code="5076900571"/>
<player seat="10" name="ssssshhh" chips="310" dealer="0" win="310" bet="310" muck="0" rebuy="0" addon="0" merge="0" rebuychips="0" reg_code="5076901161"/>
</players>
</general>
<round no="0"><action no="1" player="ssssshhh" type="1" discard="1" dealt="1" sum="10"/>
<action no="2" player="Mayu97" type="2" discard="1" dealt="1" sum="20"/>
</round>
<round no="1"><cards type="Pocket" player="ssssshhh">SQ S9</cards>
<cards type="Pocket" player="Mayu97">SJ CJ</cards>
<cards type="Pocket" player="M1ky3ste92">D9 S4</cards>
<action no="3" player="M1ky3ste92" type="0" sum="0"/>
<action no="4" player="ssssshhh" type="23" discard="1" dealt="1" sum="40"/>
<action no="5" player="Mayu97" type="23" discard="1" dealt="1" sum="80"/>
<action no="6" player="ssssshhh" type="3" discard="1" dealt="1" sum="40"/>
</round>
<round no="2"><cards type="Flop">D6 D5 H7</cards>
<action no="7" player="ssssshhh" type="5" discard="1" dealt="1" sum="230"/>
<action no="8" player="Mayu97" type="3" discard="1" dealt="1" sum="230"/>
</round>
<round no="3"><cards type="Turn">C4</cards>
</round>
<round no="4"><cards type="River">C3</cards>
</round>
</game>
<game gamecode="6545637799"><general><startdate>2025-11-30 23:10:48</startdate>
<round>1</round>
<failsafecounter/>
<players><player seat="6" name="M1ky3ste92" chips="470" dealer="0" win="0" bet="20" muck="1" rebuy="0" addon="0" merge="0" rebuychips="0" reg_code="5076900571"/>
<player seat="10" name="ssssshhh" chips="310" dealer="1" win="0" bet="0" muck="1" rebuy="0" addon="0" merge="0" rebuychips="0" reg_code="5076901161"/>
<player seat="3" name="Mayu97" chips="720" dealer="0" win="40" bet="40" muck="1" rebuy="0" addon="0" merge="0" rebuychips="0" reg_code="5076901066"/>
</players>
</general>
<round no="0"><action no="1" player="Mayu97" type="1" discard="1" dealt="1" sum="10"/>
<action no="2" player="M1ky3ste92" type="2" sum="20"/>
</round>
<round no="1"><cards type="Pocket" player="ssssshhh">X X</cards>
<cards type="Pocket" player="Mayu97">X X</cards>
<cards type="Pocket" player="M1ky3ste92">D4 H10</cards>
<action no="3" player="ssssshhh" type="0" discard="1" dealt="1" sum="0"/>
<action no="4" player="Mayu97" type="23" discard="1" dealt="1" sum="40"/>
<action no="5" player="M1ky3ste92" type="0" sum="0"/>
</round>
</game>
<game gamecode="6545637825"><general><startdate>2025-11-30 23:10:56</startdate>
<round>1</round>
<failsafecounter/>
<players><player seat="10" name="ssssshhh" chips="310" dealer="0" win="0" bet="20" muck="1" rebuy="0" addon="0" merge="0" rebuychips="0" reg_code="5076901161"/>
<player seat="3" name="Mayu97" chips="740" dealer="1" win="50" bet="40" muck="1" rebuy="0" addon="0" merge="0" rebuychips="0" reg_code="5076901066"/>
<player seat="6" name="M1ky3ste92" chips="450" dealer="0" win="0" bet="10" muck="1" rebuy="0" addon="0" merge="0" rebuychips="0" reg_code="5076900571"/>
</players>
</general>
<round no="0"><action no="1" player="M1ky3ste92" type="1" sum="10"/>
<action no="2" player="ssssshhh" type="2" discard="1" dealt="1" sum="20"/>
</round>
<round no="1"><cards type="Pocket" player="M1ky3ste92">HK C4</cards>
<cards type="Pocket" player="Mayu97">X X</cards>
<cards type="Pocket" player="ssssshhh">X X</cards>
<action no="3" player="Mayu97" type="23" discard="1" dealt="1" sum="40"/>
<action no="4" player="M1ky3ste92" type="0" sum="0"/>
<action no="5" player="ssssshhh" type="0" discard="1" dealt="1" sum="0"/>
</round>
</game>
<game gamecode="6545637847"><general><startdate>2025-11-30 23:11:03</startdate>
<round>1</round>
<failsafecounter/>
<players><player seat="3" name="Mayu97" chips="770" dealer="0" win="20" bet="20" muck="1" rebuy="0" addon="0" merge="0" rebuychips="0" reg_code="5076901066"/>
<player seat="6" name="M1ky3ste92" chips="440" dealer="1" win="0" bet="0" muck="1" rebuy="0" addon="0" merge="0" rebuychips="0" reg_code="5076900571"/>
<player seat="10" name="ssssshhh" chips="290" dealer="0" win="0" bet="10" muck="1" rebuy="0" addon="0" merge="0" rebuychips="0" reg_code="5076901161"/>
</players>
</general>
<round no="0"><action no="1" player="ssssshhh" type="1" discard="1" dealt="1" sum="10"/>
<action no="2" player="Mayu97" type="2" discard="1" dealt="1" sum="20"/>
</round>
<round no="1"><cards type="Pocket" player="M1ky3ste92">D8 S6</cards>
<cards type="Pocket" player="ssssshhh">X X</cards>
<cards type="Pocket" player="Mayu97">X X</cards>
<action no="3" player="M1ky3ste92" type="0" sum="0"/>
<action no="4" player="ssssshhh" type="0" discard="1" dealt="1" sum="0"/>
</round>
</game>
<game gamecode="6545637867"><general><startdate>2025-11-30 23:11:10</startdate>
<round>1</round>
<failsafecounter/>
<players><player seat="6" name="M1ky3ste92" chips="440" dealer="0" win="0" bet="20" muck="1" rebuy="0" addon="0" merge="0" rebuychips="0" reg_code="5076900571"/>
<player seat="10" name="ssssshhh" chips="280" dealer="1" win="50" bet="280" muck="1" rebuy="0" addon="0" merge="0" rebuychips="0" reg_code="5076901161"/>
<player seat="3" name="Mayu97" chips="780" dealer="0" win="0" bet="10" muck="1" rebuy="0" addon="0" merge="0" rebuychips="0" reg_code="5076901066"/>
</players>
</general>
<round no="0"><action no="1" player="Mayu97" type="1" discard="1" dealt="1" sum="10"/>
<action no="2" player="M1ky3ste92" type="2" sum="20"/>
</round>
<round no="1"><cards type="Pocket" player="Mayu97">X X</cards>
<cards type="Pocket" player="ssssshhh">X X</cards>
<cards type="Pocket" player="M1ky3ste92">D8 H3</cards>
<action no="3" player="ssssshhh" type="23" discard="1" dealt="1" sum="280"/>
<action no="4" player="Mayu97" type="0" discard="1" dealt="1" sum="0"/>
<action no="5" player="M1ky3ste92" type="0" sum="0"/>
</round>
</game>
<game gamecode="6545637901"><general><startdate>2025-11-30 23:11:24</startdate>
<round>1</round>
<failsafecounter/>
<players><player seat="10" name="ssssshhh" chips="310" dealer="0" win="0" bet="35" muck="1" rebuy="0" addon="0" merge="0" rebuychips="0" reg_code="5076901161"/>
<player seat="3" name="Mayu97" chips="770" dealer="1" win="90" bet="65" muck="1" rebuy="0" addon="0" merge="0" rebuychips="0" reg_code="5076901066"/>
<player seat="6" name="M1ky3ste92" chips="420" dealer="0" win="0" bet="20" muck="1" rebuy="0" addon="0" merge="0" rebuychips="0" reg_code="5076900571"/>
</players>
</general>
<round no="0"><action no="1" player="M1ky3ste92" type="15" sum="5"/>
<action no="2" player="ssssshhh" type="15" discard="1" dealt="1" sum="5"/>
<action no="3" player="Mayu97" type="15" discard="1" dealt="1" sum="5"/>
<action no="4" player="M1ky3ste92" type="1" sum="15"/>
<action no="5" player="ssssshhh" type="2" discard="1" dealt="1" sum="30"/>
</round>
<round no="1"><cards type="Pocket" player="Mayu97">X X</cards>
<cards type="Pocket" player="ssssshhh">X X</cards>
<cards type="Pocket" player="M1ky3ste92">D2 D9</cards>
<action no="6" player="Mayu97" type="3" discard="1" dealt="1" sum="30"/>
<action no="7" player="M1ky3ste92" type="0" sum="0"/>
<action no="8" player="ssssshhh" type="4" discard="1" dealt="1" sum="0"/>
</round>
<round no="2"><cards type="Flop">H9 SK H6</cards>
<action no="9" player="ssssshhh" type="4" discard="1" dealt="1" sum="0"/>
<action no="10" player="Mayu97" type="5" discard="1" dealt="1" sum="30"/>
<action no="11" player="ssssshhh" type="0" discard="1" dealt="1" sum="0"/>
</round>
</game>
<game gamecode="6545637934"><general><startdate>2025-11-30 23:11:35</startdate>
<round>1</round>
<failsafecounter/>
<players><player seat="3" name="Mayu97" chips="825" dealer="0" win="0" bet="275" muck="1" rebuy="0" addon="0" merge="0" rebuychips="0" reg_code="5076901066"/>
<player seat="6" name="M1ky3ste92" chips="400" dealer="1" win="0" bet="5" muck="1" rebuy="0" addon="0" merge="0" rebuychips="0" reg_code="5076900571"/>
<player seat="10" name="ssssshhh" chips="275" dealer="0" win="555" bet="275" muck="0" rebuy="0" addon="0" merge="0" rebuychips="0" reg_code="5076901161"/>
</players>
</general>
<round no="0"><action no="1" player="ssssshhh" type="15" discard="1" dealt="1" sum="5"/>
<action no="2" player="Mayu97" type="15" discard="1" dealt="1" sum="5"/>
<action no="3" player="M1ky3ste92" type="15" sum="5"/>
<action no="4" player="ssssshhh" type="1" discard="1" dealt="1" sum="15"/>
<action no="5" player="Mayu97" type="2" discard="1" dealt="1" sum="30"/>
</round>
<round no="1"><cards type="Pocket" player="M1ky3ste92">CQ H8</cards>
<cards type="Pocket" player="ssssshhh">C10 SA</cards>
<cards type="Pocket" player="Mayu97">CK H2</cards>
<action no="6" player="M1ky3ste92" type="0" sum="0"/>
<action no="7" player="ssssshhh" type="23" discard="1" dealt="1" sum="270"/>
<action no="8" player="Mayu97" type="3" discard="1" dealt="1" sum="240"/>
</round>
<round no="2"><cards type="Flop">H5 SJ D4</cards>
</round>
<round no="3"><cards type="Turn">S8</cards>
</round>
<round no="4"><cards type="River">DJ</cards>
</round>
</game>
<game gamecode="6545637971"><general><startdate>2025-11-30 23:11:51</startdate>
<round>1</round>
<failsafecounter/>
<players><player seat="6" name="M1ky3ste92" chips="395" dealer="0" win="135" bet="155" muck="1" rebuy="0" addon="0" merge="0" rebuychips="0" reg_code="5076900571"/>
<player seat="10" name="ssssshhh" chips="555" dealer="1" win="0" bet="5" muck="1" rebuy="0" addon="0" merge="0" rebuychips="0" reg_code="5076901161"/>
<player seat="3" name="Mayu97" chips="550" dealer="0" win="0" bet="65" muck="1" rebuy="0" addon="0" merge="0" rebuychips="0" reg_code="5076901066"/>
</players>
</general>
<round no="0"><action no="1" player="Mayu97" type="15" discard="1" dealt="1" sum="5"/>
<action no="2" player="M1ky3ste92" type="15" sum="5"/>
<action no="3" player="ssssshhh" type="15" discard="1" dealt="1" sum="5"/>
<action no="4" player="Mayu97" type="1" discard="1" dealt="1" sum="15"/>
<action no="5" player="M1ky3ste92" type="2" sum="30"/>
</round>
<round no="1"><cards type="Pocket" player="M1ky3ste92">CK HQ</cards>
<cards type="Pocket" player="ssssshhh">X X</cards>
<cards type="Pocket" player="Mayu97">X X</cards>
<action no="6" player="ssssshhh" type="0" discard="1" dealt="1" sum="0"/>
<action no="7" player="Mayu97" type="23" discard="1" dealt="1" sum="60"/>
<action no="8" player="M1ky3ste92" type="3" sum="30"/>
</round>
<round no="2"><cards type="Flop">HJ H3 H4</cards>
<action no="9" player="Mayu97" type="4" discard="1" dealt="1" sum="0"/>
<action no="10" player="M1ky3ste92" type="4" sum="0"/>
</round>
<round no="3"><cards type="Turn">C2</cards>
<action no="11" player="Mayu97" type="4" discard="1" dealt="1" sum="0"/>
<action no="12" player="M1ky3ste92" type="4" sum="0"/>
</round>
<round no="4"><cards type="River">H10</cards>
<action no="13" player="Mayu97" type="4" discard="1" dealt="1" sum="0"/>
<action no="14" player="M1ky3ste92" type="5" sum="90"/>
<action no="15" player="Mayu97" type="0" discard="1" dealt="1" sum="0"/>
</round>
</game>
<game gamecode="6545638079"><general><startdate>2025-11-30 23:12:30</startdate>
<round>1</round>
<failsafecounter/>
<players><player seat="10" name="ssssshhh" chips="550" dealer="0" win="105" bet="95" muck="1" rebuy="0" addon="0" merge="0" rebuychips="0" reg_code="5076901161"/>
<player seat="3" name="Mayu97" chips="485" dealer="1" win="0" bet="35" muck="1" rebuy="0" addon="0" merge="0" rebuychips="0" reg_code="5076901066"/>
<player seat="6" name="M1ky3ste92" chips="465" dealer="0" win="0" bet="35" muck="1" rebuy="0" addon="0" merge="0" rebuychips="0" reg_code="5076900571"/>
</players>
</general>
<round no="0"><action no="1" player="M1ky3ste92" type="15" sum="5"/>
<action no="2" player="ssssshhh" type="15" discard="1" dealt="1" sum="5"/>
<action no="3" player="Mayu97" type="15" discard="1" dealt="1" sum="5"/>
<action no="4" player="M1ky3ste92" type="1" sum="15"/>
<action no="5" player="ssssshhh" type="2" discard="1" dealt="1" sum="30"/>
</round>
<round no="1"><cards type="Pocket" player="Mayu97">X X</cards>
<cards type="Pocket" player="M1ky3ste92">S6 D7</cards>
<cards type="Pocket" player="ssssshhh">X X</cards>
<action no="6" player="Mayu97" type="3" discard="1" dealt="1" sum="30"/>
<action no="7" player="M1ky3ste92" type="3" sum="15"/>
<action no="8" player="ssssshhh" type="4" discard="1" dealt="1" sum="0"/>
</round>
<round no="2"><cards type="Flop">C10 H5 D3</cards>
<action no="9" player="M1ky3ste92" type="4" sum="0"/>
<action no="10" player="ssssshhh" type="5" discard="1" dealt="1" sum="60"/>
<action no="11" player="Mayu97" type="0" discard="1" dealt="1" sum="0"/>
<action no="12" player="M1ky3ste92" type="0" sum="0"/>
</round>
</game>
<game gamecode="6545638137"><general><startdate>2025-11-30 23:12:54</startdate>
<round>1</round>
<failsafecounter/>
<players><player seat="3" name="Mayu97" chips="450" dealer="0" win="0" bet="35" muck="1" rebuy="0" addon="0" merge="0" rebuychips="0" reg_code="5076901066"/>
<player seat="6" name="M1ky3ste92" chips="430" dealer="1" win="90" bet="430" muck="1" rebuy="0" addon="0" merge="0" rebuychips="0" reg_code="5076900571"/>
<player seat="10" name="ssssshhh" chips="620" dealer="0" win="0" bet="20" muck="1" rebuy="0" addon="0" merge="0" rebuychips="0" reg_code="5076901161"/>
</players>
</general>
<round no="0"><action no="1" player="ssssshhh" type="15" discard="1" dealt="1" sum="5"/>
<action no="2" player="Mayu97" type="15" discard="1" dealt="1" sum="5"/>
<action no="3" player="M1ky3ste92" type="15" sum="5"/>
<action no="4" player="ssssshhh" type="1" discard="1" dealt="1" sum="15"/>
<action no="5" player="Mayu97" type="2" discard="1" dealt="1" sum="30"/>
</round>
<round no="1"><cards type="Pocket" player="ssssshhh">X X</cards>
<cards type="Pocket" player="Mayu97">X X</cards>
<cards type="Pocket" player="M1ky3ste92">CA C8</cards>
<action no="6" player="M1ky3ste92" type="23" sum="425"/>
<action no="7" player="ssssshhh" type="0" discard="1" dealt="1" sum="0"/>
<action no="8" player="Mayu97" type="0" discard="1" dealt="1" sum="0"/>
</round>
</game>
<game gamecode="6545638173"><general><startdate>2025-11-30 23:13:07</startdate>
<round>1</round>
<failsafecounter/>
<players><player seat="6" name="M1ky3ste92" chips="485" dealer="0" win="175" bet="485" muck="1" rebuy="0" addon="0" merge="0" rebuychips="0" reg_code="5076900571"/>
<player seat="10" name="ssssshhh" chips="600" dealer="1" win="0" bet="5" muck="1" rebuy="0" addon="0" merge="0" rebuychips="0" reg_code="5076901161"/>
<player seat="3" name="Mayu97" chips="415" dealer="0" win="0" bet="85" muck="1" rebuy="0" addon="0" merge="0" rebuychips="0" reg_code="5076901066"/>
</players>
</general>
<round no="0"><action no="1" player="Mayu97" type="15" discard="1" dealt="1" sum="5"/>
<action no="2" player="M1ky3ste92" type="15" sum="5"/>
<action no="3" player="ssssshhh" type="15" discard="1" dealt="1" sum="5"/>
<action no="4" player="Mayu97" type="1" discard="1" dealt="1" sum="20"/>
<action no="5" player="M1ky3ste92" type="2" sum="40"/>
</round>
<round no="1"><cards type="Pocket" player="M1ky3ste92">HA S2</cards>
<cards type="Pocket" player="ssssshhh">X X</cards>
<cards type="Pocket" player="Mayu97">X X</cards>
<action no="6" player="ssssshhh" type="0" discard="1" dealt="1" sum="0"/>
<action no="7" player="Mayu97" type="23" discard="1" dealt="1" sum="80"/>
<action no="8" player="M1ky3ste92" type="23" sum="480"/>
<action no="9" player="Mayu97" type="0" discard="1" dealt="1" sum="0"/>
</round>
</game>
<game gamecode="6545638201"><general><startdate>2025-11-30 23:13:17</startdate>
<round>1</round>
<failsafecounter/>
<players><player seat="10" name="ssssshhh" chips="595" dealer="0" win="55" bet="45" muck="1" rebuy="0" addon="0" merge="0" rebuychips="0" reg_code="5076901161"/>
<player seat="3" name="Mayu97" chips="330" dealer="1" win="0" bet="5" muck="1" rebuy="0" addon="0" merge="0" rebuychips="0" reg_code="5076901066"/>
<player seat="6" name="M1ky3ste92" chips="575" dealer="0" win="0" bet="25" muck="1" rebuy="0" addon="0" merge="0" rebuychips="0" reg_code="5076900571"/>
</players>
</general>
<round no="0"><action no="1" player="M1ky3ste92" type="15" sum="5"/>
<action no="2" player="ssssshhh" type="15" discard="1" dealt="1" sum="5"/>
<action no="3" player="Mayu97" type="15" discard="1" dealt="1" sum="5"/>
<action no="4" player="M1ky3ste92" type="1" sum="20"/>
<action no="5" player="ssssshhh" type="2" discard="1" dealt="1" sum="40"/>
</round>
<round no="1"><cards type="Pocket" player="ssssshhh">X X</cards>
<cards type="Pocket" player="M1ky3ste92">H8 H3</cards>
<cards type="Pocket" player="Mayu97">X X</cards>
<action no="6" player="Mayu97" type="0" discard="1" dealt="1" sum="0"/>
<action no="7" player="M1ky3ste92" type="0" sum="0"/>
</round>
</game>
<game gamecode="6545638222"><general><startdate>2025-11-30 23:13:28</startdate>
<round>1</round>
<failsafecounter/>
<players><player seat="3" name="Mayu97" chips="325" dealer="0" win="0" bet="45" muck="1" rebuy="0" addon="0" merge="0" rebuychips="0" reg_code="5076901066"/>
<player seat="6" name="M1ky3ste92" chips="550" dealer="1" win="0" bet="5" muck="1" rebuy="0" addon="0" merge="0" rebuychips="0" reg_code="5076900571"/>
<player seat="10" name="ssssshhh" chips="625" dealer="0" win="95" bet="625" muck="1" rebuy="0" addon="0" merge="0" rebuychips="0" reg_code="5076901161"/>
</players>
</general>
<round no="0"><action no="1" player="ssssshhh" type="15" discard="1" dealt="1" sum="5"/>
<action no="2" player="Mayu97" type="15" discard="1" dealt="1" sum="5"/>
<action no="3" player="M1ky3ste92" type="15" sum="5"/>
<action no="4" player="ssssshhh" type="1" discard="1" dealt="1" sum="20"/>
<action no="5" player="Mayu97" type="2" discard="1" dealt="1" sum="40"/>
</round>
<round no="1"><cards type="Pocket" player="M1ky3ste92">SJ H7</cards>
<cards type="Pocket" player="ssssshhh">X X</cards>
<cards type="Pocket" player="Mayu97">X X</cards>
<action no="6" player="M1ky3ste92" type="0" sum="0"/>
<action no="7" player="ssssshhh" type="23" discard="1" dealt="1" sum="620"/>
<action no="8" player="Mayu97" type="0" discard="1" dealt="1" sum="0"/>
</round>
</game>
<game gamecode="6545638244"><general><startdate>2025-11-30 23:13:35</startdate>
<round>1</round>
<failsafecounter/>
<players><player seat="6" name="M1ky3ste92" chips="545" dealer="0" win="0" bet="45" muck="1" rebuy="0" addon="0" merge="0" rebuychips="0" reg_code="5076900571"/>
<player seat="10" name="ssssshhh" chips="675" dealer="1" win="0" bet="5" muck="1" rebuy="0" addon="0" merge="0" rebuychips="0" reg_code="5076901161"/>
<player seat="3" name="Mayu97" chips="280" dealer="0" win="95" bet="280" muck="1" rebuy="0" addon="0" merge="0" rebuychips="0" reg_code="5076901066"/>
</players>
</general>
<round no="0"><action no="1" player="Mayu97" type="15" discard="1" dealt="1" sum="5"/>
<action no="2" player="M1ky3ste92" type="15" sum="5"/>
<action no="3" player="ssssshhh" type="15" discard="1" dealt="1" sum="5"/>
<action no="4" player="Mayu97" type="1" discard="1" dealt="1" sum="20"/>
<action no="5" player="M1ky3ste92" type="2" sum="40"/>
</round>
<round no="1"><cards type="Pocket" player="Mayu97">X X</cards>
<cards type="Pocket" player="M1ky3ste92">S10 S3</cards>
<cards type="Pocket" player="ssssshhh">X X</cards>
<action no="6" player="ssssshhh" type="0" discard="1" dealt="1" sum="0"/>
<action no="7" player="Mayu97" type="23" discard="1" dealt="1" sum="275"/>
<action no="8" player="M1ky3ste92" type="0" sum="0"/>
</round>
</game>
<game gamecode="6545638278"><general><startdate>2025-11-30 23:13:53</startdate>
<round>1</round>
<failsafecounter/>
<players><player seat="10" name="ssssshhh" chips="670" dealer="0" win="0" bet="45" muck="1" rebuy="0" addon="0" merge="0" rebuychips="0" reg_code="5076901161"/>
<player seat="3" name="Mayu97" chips="330" dealer="1" win="115" bet="330" muck="1" rebuy="0" addon="0" merge="0" rebuychips="0" reg_code="5076901066"/>
<player seat="6" name="M1ky3ste92" chips="500" dealer="0" win="0" bet="25" muck="1" rebuy="0" addon="0" merge="0" rebuychips="0" reg_code="5076900571"/>
</players>
</general>
<round no="0"><action no="1" player="M1ky3ste92" type="15" sum="5"/>
<action no="2" player="ssssshhh" type="15" discard="1" dealt="1" sum="5"/>
<action no="3" player="Mayu97" type="15" discard="1" dealt="1" sum="5"/>
<action no="4" player="M1ky3ste92" type="1" sum="20"/>
<action no="5" player="ssssshhh" type="2" discard="1" dealt="1" sum="40"/>
</round>
<round no="1"><cards type="Pocket" player="Mayu97">X X</cards>
<cards type="Pocket" player="ssssshhh">X X</cards>
<cards type="Pocket" player="M1ky3ste92">C3 D5</cards>
<action no="6" player="Mayu97" type="23" discard="1" dealt="1" sum="325"/>
<action no="7" player="M1ky3ste92" type="0" sum="0"/>
<action no="8" player="ssssshhh" type="0" discard="1" dealt="1" sum="0"/>
</round>
</game>
<game gamecode="6545646020"><general><startdate>2025-11-30 23:14:07</startdate>
<round>1</round>
<failsafecounter/>
<players><player seat="3" name="Mayu97" chips="400" dealer="0" win="175" bet="85" muck="0" rebuy="0" addon="0" merge="0" rebuychips="0" reg_code="5076901066"/>
<player seat="6" name="M1ky3ste92" chips="475" dealer="1" win="0" bet="5" muck="1" rebuy="0" addon="0" merge="0" rebuychips="0" reg_code="5076900571"/>
<player seat="10" name="ssssshhh" chips="625" dealer="0" win="0" bet="85" muck="0" rebuy="0" addon="0" merge="0" rebuychips="0" reg_code="5076901161"/>
</players>
</general>
<round no="0"><action no="1" player="ssssshhh" type="15" discard="1" dealt="1" sum="5"/>
<action no="2" player="Mayu97" type="15" discard="1" dealt="1" sum="5"/>
<action no="3" player="M1ky3ste92" type="15" sum="5"/>
<action no="4" player="ssssshhh" type="1" discard="1" dealt="1" sum="20"/>
<action no="5" player="Mayu97" type="2" discard="1" dealt="1" sum="40"/>
</round>
<round no="1"><cards type="Pocket" player="ssssshhh">D9 S8</cards>
<cards type="Pocket" player="Mayu97">C6 SQ</cards>
<cards type="Pocket" player="M1ky3ste92">D2 S7</cards>
<action no="6" player="M1ky3ste92" type="0" sum="0"/>
<action no="7" player="ssssshhh" type="3" discard="1" dealt="1" sum="20"/>
<action no="8" player="Mayu97" type="4" discard="1" dealt="1" sum="0"/>
</round>
<round no="2"><cards type="Flop">H10 HJ S3</cards>
<action no="9" player="ssssshhh" type="4" discard="1" dealt="1" sum="0"/>
<action no="10" player="Mayu97" type="4" discard="1" dealt="1" sum="0"/>
</round>
<round no="3"><cards type="Turn">SJ</cards>
<action no="11" player="ssssshhh" type="4" discard="1" dealt="1" sum="0"/>
<action no="12" player="Mayu97" type="4" discard="1" dealt="1" sum="0"/>
</round>
<round no="4"><cards type="River">H6</cards>
<action no="13" player="ssssshhh" type="5" discard="1" dealt="1" sum="40"/>
<action no="14" player="Mayu97" type="3" discard="1" dealt="1" sum="40"/>
</round>
</game>
<game gamecode="6545646063"><general><startdate>2025-11-30 23:14:25</startdate>
<round>1</round>
<failsafecounter/>
<players><player seat="6" name="M1ky3ste92" chips="470" dealer="0" win="0" bet="470" muck="1" rebuy="0" addon="0" merge="0" rebuychips="0" reg_code="5076900571"/>
<player seat="10" name="ssssshhh" chips="540" dealer="1" win="965" bet="540" muck="0" rebuy="0" addon="0" merge="0" rebuychips="0" reg_code="5076901161"/>
<player seat="3" name="Mayu97" chips="490" dealer="0" win="0" bet="25" muck="1" rebuy="0" addon="0" merge="0" rebuychips="0" reg_code="5076901066"/>
</players>
</general>
<round no="0"><action no="1" player="Mayu97" type="15" discard="1" dealt="1" sum="5"/>
<action no="2" player="M1ky3ste92" type="15" sum="5"/>
<action no="3" player="ssssshhh" type="15" discard="1" dealt="1" sum="5"/>
<action no="4" player="Mayu97" type="1" discard="1" dealt="1" sum="20"/>
<action no="5" player="M1ky3ste92" type="2" sum="40"/>
</round>
<round no="1"><cards type="Pocket" player="M1ky3ste92">C4 D4</cards>
<cards type="Pocket" player="ssssshhh">S6 D6</cards>
<cards type="Pocket" player="Mayu97">X X</cards>
<action no="6" player="ssssshhh" type="23" discard="1" dealt="1" sum="535"/>
<action no="7" player="Mayu97" type="0" discard="1" dealt="1" sum="0"/>
<action no="8" player="M1ky3ste92" type="7" sum="425"/>
</round>
<round no="2"><cards type="Flop">DK S2 D9</cards>
</round>
<round no="3"><cards type="Turn">HJ</cards>
</round>
<round no="4"><cards type="River">D5</cards>
</round>
</game>
</session>
