<?xml version="1.0" encoding="UTF-8"?>
<session sessioncode="5076903545">
<general>
<client_version>25.7.1.34</client_version>
<mode>real</mode>
<gametype>Holdem NL</gametype>
<tablename>Twister €100 SNG, 822778284</tablename>
<tournamentcode>822778283</tournamentcode>
<tournamentname>Twister €100 SNG</tournamentname>
<buyin>€0 + €7 + €93</buyin>
<totalbuyin>€100</totalbuyin>
<rewarddrawn>€400</rewarddrawn>
<tournamentcurrency>EUR</tournamentcurrency>
<currency>EUR</currency>
<nickname>M1ky3ste92</nickname>
<gamecount>13</gamecount>
<startdate>2025-11-30 23:18:33</startdate>
<place>3</place>
<win>€0</win>
<tablesize>3</tablesize>
</general>
<game gamecode="6545647913"><general><startdate>2025-11-30 23:18:48</startdate>
<round>1</round>
<failsafecounter/>
<players><player seat="3" name="M1ky3ste92" chips="500" dealer="0" win="0" bet="60" muck="1" rebuy="0" addon="0" merge="0" rebuychips="0" reg_code="5076903545"/>
<player seat="6" name="ildiplomato3" chips="500" dealer="1" win="340" bet="480" muck="1" rebuy="0" addon="0" merge="0" rebuychips="0" reg_code="5076903583"/>
<player seat="10" name="OndaBianca1" chips="500" dealer="0" win="0" bet="140" muck="1" rebuy="0" addon="0" merge="0" rebuychips="0" reg_code="5076903611"/>
</players>
</general>
<round no="0"><action no="1" player="OndaBianca1" type="1" discard="1" dealt="1" sum="10"/>
<action no="2" player="M1ky3ste92" type="2" sum="20"/>
</round>
<round no="1"><cards type="Pocket" player="ildiplomato3">X X</cards>
<cards type="Pocket" player="M1ky3ste92">D9 H6</cards>
<cards type="Pocket" player="OndaBianca1">X X</cards>
<action no="3" player="ildiplomato3" type="3" discard="1" dealt="1" sum="20"/>
<action no="4" player="OndaBianca1" type="3" discard="1" dealt="1" sum="10"/>
<action no="5" player="M1ky3ste92" type="4" sum="0"/>
</round>
<round no="2"><cards type="Flop">H8 S7 C8</cards>
<action no="6" player="OndaBianca1" type="4" discard="1" dealt="1" sum="0"/>
<action no="7" player="M1ky3ste92" type="4" sum="0"/>
<action no="8" player="ildiplomato3" type="5" discard="1" dealt="1" sum="40"/>
<action no="9" player="OndaBianca1" type="3" discard="1" dealt="1" sum="40"/>
<action no="10" player="M1ky3ste92" type="3" sum="40"/>
</round>
<round no="3"><cards type="Turn">HQ</cards>
<action no="11" player="OndaBianca1" type="4" discard="1" dealt="1" sum="0"/>
<action no="12" player="M1ky3ste92" type="4" sum="0"/>
<action no="13" player="ildiplomato3" type="5" discard="1" dealt="1" sum="80"/>
<action no="14" player="OndaBianca1" type="3" discard="1" dealt="1" sum="80"/>
<action no="15" player="M1ky3ste92" type="0" sum="0"/>
</round>
<round no="4"><cards type="River">DA</cards>
<action no="16" player="OndaBianca1" type="4" discard="1" dealt="1" sum="0"/>
<action no="17" player="ildiplomato3" type="5" discard="1" dealt="1" sum="340"/>
<action no="18" player="OndaBianca1" type="0" discard="1" dealt="1" sum="0"/>
</round>
</game>
<game gamecode="6545648076"><general><startdate>2025-11-30 23:19:45</startdate>
<round>1</round>
<failsafecounter/>
<players><player seat="6" name="ildiplomato3" chips="700" dealer="0" win="0" bet="40" muck="1" rebuy="0" addon="0" merge="0" rebuychips="0" reg_code="5076903583"/>
<player seat="10" name="OndaBianca1" chips="360" dealer="1" win="90" bet="70" muck="1" rebuy="0" addon="0" merge="0" rebuychips="0" reg_code="5076903611"/>
<player seat="3" name="M1ky3ste92" chips="440" dealer="0" win="0" bet="10" muck="1" rebuy="0" addon="0" merge="0" rebuychips="0" reg_code="5076903545"/>
</players>
</general>
<round no="0"><action no="1" player="M1ky3ste92" type="1" sum="10"/>
<action no="2" player="ildiplomato3" type="2" discard="1" dealt="1" sum="20"/>
</round>
<round no="1"><cards type="Pocket" player="M1ky3ste92">HJ C4</cards>
<cards type="Pocket" player="ildiplomato3">X X</cards>
<cards type="Pocket" player="OndaBianca1">X X</cards>
<action no="3" player="OndaBianca1" type="23" discard="1" dealt="1" sum="40"/>
<action no="4" player="M1ky3ste92" type="0" sum="0"/>
<action no="5" player="ildiplomato3" type="3" discard="1" dealt="1" sum="20"/>
</round>
<round no="2"><cards type="Flop">DA S10 S8</cards>
<action no="6" player="ildiplomato3" type="4" discard="1" dealt="1" sum="0"/>
<action no="7" player="OndaBianca1" type="5" discard="1" dealt="1" sum="30"/>
<action no="8" player="ildiplomato3" type="0" discard="1" dealt="1" sum="0"/>
</round>
</game>
<game gamecode="6545648136"><general><startdate>2025-11-30 23:20:04</startdate>
<round>1</round>
<failsafecounter/>
<players><player seat="10" name="OndaBianca1" chips="410" dealer="0" win="0" bet="20" muck="1" rebuy="0" addon="0" merge="0" rebuychips="0" reg_code="5076903611"/>
<player seat="3" name="M1ky3ste92" chips="430" dealer="1" win="50" bet="40" muck="1" rebuy="0" addon="0" merge="0" rebuychips="0" reg_code="5076903545"/>
<player seat="6" name="ildiplomato3" chips="660" dealer="0" win="0" bet="10" muck="1" rebuy="0" addon="0" merge="0" rebuychips="0" reg_code="5076903583"/>
</players>
</general>
<round no="0"><action no="1" player="ildiplomato3" type="1" discard="1" dealt="1" sum="10"/>
<action no="2" player="OndaBianca1" type="2" discard="1" dealt="1" sum="20"/>
</round>
<round no="1"><cards type="Pocket" player="M1ky3ste92">H3 HA</cards>
<cards type="Pocket" player="ildiplomato3">X X</cards>
<cards type="Pocket" player="OndaBianca1">X X</cards>
<action no="3" player="M1ky3ste92" type="23" sum="40"/>
<action no="4" player="ildiplomato3" type="0" discard="1" dealt="1" sum="0"/>
<action no="5" player="OndaBianca1" type="0" discard="1" dealt="1" sum="0"/>
</round>
</game>
<game gamecode="6545648164"><general><startdate>2025-11-30 23:20:13</startdate>
<round>1</round>
<failsafecounter/>
<players><player seat="3" name="M1ky3ste92" chips="460" dealer="0" win="0" bet="60" muck="1" rebuy="0" addon="0" merge="0" rebuychips="0" reg_code="5076903545"/>
<player seat="6" name="ildiplomato3" chips="650" dealer="1" win="130" bet="125" muck="1" rebuy="0" addon="0" merge="0" rebuychips="0" reg_code="5076903583"/>
<player seat="10" name="OndaBianca1" chips="390" dealer="0" win="0" bet="10" muck="1" rebuy="0" addon="0" merge="0" rebuychips="0" reg_code="5076903611"/>
</players>
</general>
<round no="0"><action no="1" player="OndaBianca1" type="1" discard="1" dealt="1" sum="10"/>
<action no="2" player="M1ky3ste92" type="2" sum="20"/>
</round>
<round no="1"><cards type="Pocket" player="OndaBianca1">X X</cards>
<cards type="Pocket" player="M1ky3ste92">D9 HQ</cards>
<cards type="Pocket" player="ildiplomato3">X X</cards>
<action no="3" player="ildiplomato3" type="23" discard="1" dealt="1" sum="60"/>
<action no="4" player="OndaBianca1" type="0" discard="1" dealt="1" sum="0"/>
<action no="5" player="M1ky3ste92" type="3" sum="40"/>
</round>
<round no="2"><cards type="Flop">D7 S6 HA</cards>
<action no="6" player="M1ky3ste92" type="4" sum="0"/>
<action no="7" player="ildiplomato3" type="5" discard="1" dealt="1" sum="65"/>
<action no="8" player="M1ky3ste92" type="0" sum="0"/>
</round>
</game>
<game gamecode="6545652848"><general><startdate>2025-11-30 23:20:40</startdate>
<round>1</round>
<failsafecounter/>
<players><player seat="6" name="ildiplomato3" chips="720" dealer="0" win="0" bet="85" muck="1" rebuy="0" addon="0" merge="0" rebuychips="0" reg_code="5076903583"/>
<player seat="10" name="OndaBianca1" chips="380" dealer="1" win="180" bet="175" muck="1" rebuy="0" addon="0" merge="0" rebuychips="0" reg_code="5076903611"/>
<player seat="3" name="M1ky3ste92" chips="400" dealer="0" win="0" bet="10" muck="1" rebuy="0" addon="0" merge="0" rebuychips="0" reg_code="5076903545"/>
</players>
</general>
<round no="0"><action no="1" player="M1ky3ste92" type="1" sum="10"/>
<action no="2" player="ildiplomato3" type="2" discard="1" dealt="1" sum="20"/>
</round>
<round no="1"><cards type="Pocket" player="ildiplomato3">X X</cards>
<cards type="Pocket" player="M1ky3ste92">C10 HK</cards>
<cards type="Pocket" player="OndaBianca1">X X</cards>
<action no="3" player="OndaBianca1" type="23" discard="1" dealt="1" sum="40"/>
<action no="4" player="M1ky3ste92" type="0" sum="0"/>
<action no="5" player="ildiplomato3" type="3" discard="1" dealt="1" sum="20"/>
</round>
<round no="2"><cards type="Flop">D7 H10 H4</cards>
<action no="6" player="ildiplomato3" type="4" discard="1" dealt="1" sum="0"/>
<action no="7" player="OndaBianca1" type="5" discard="1" dealt="1" sum="45"/>
<action no="8" player="ildiplomato3" type="3" discard="1" dealt="1" sum="45"/>
</round>
<round no="3"><cards type="Turn">CK</cards>
<action no="9" player="ildiplomato3" type="4" discard="1" dealt="1" sum="0"/>
<action no="10" player="OndaBianca1" type="5" discard="1" dealt="1" sum="90"/>
<action no="11" player="ildiplomato3" type="0" discard="1" dealt="1" sum="0"/>
</round>
</game>
<game gamecode="6545652942"><general><startdate>2025-11-30 23:21:17</startdate>
<round>1</round>
<failsafecounter/>
<players><player seat="10" name="OndaBianca1" chips="475" dealer="0" win="75" bet="475" muck="1" rebuy="0" addon="0" merge="0" rebuychips="0" reg_code="5076903611"/>
<player seat="3" name="M1ky3ste92" chips="390" dealer="1" win="0" bet="5" muck="1" rebuy="0" addon="0" merge="0" rebuychips="0" reg_code="5076903545"/>
<player seat="6" name="ildiplomato3" chips="635" dealer="0" win="0" bet="35" muck="1" rebuy="0" addon="0" merge="0" rebuychips="0" reg_code="5076903583"/>
</players>
</general>
<round no="0"><action no="1" player="ildiplomato3" type="15" discard="1" dealt="1" sum="5"/>
<action no="2" player="OndaBianca1" type="15" discard="1" dealt="1" sum="5"/>
<action no="3" player="M1ky3ste92" type="15" sum="5"/>
<action no="4" player="ildiplomato3" type="1" discard="1" dealt="1" sum="15"/>
<action no="5" player="OndaBianca1" type="2" discard="1" dealt="1" sum="30"/>
</round>
<round no="1"><cards type="Pocket" player="M1ky3ste92">H6 DK</cards>
<cards type="Pocket" player="ildiplomato3">X X</cards>
<cards type="Pocket" player="OndaBianca1">X X</cards>
<action no="6" player="M1ky3ste92" type="0" sum="0"/>
<action no="7" player="ildiplomato3" type="3" discard="1" dealt="1" sum="15"/>
<action no="8" player="OndaBianca1" type="23" discard="1" dealt="1" sum="470"/>
<action no="9" player="ildiplomato3" type="0" discard="1" dealt="1" sum="0"/>
</round>
</game>
<game gamecode="6545652972"><general><startdate>2025-11-30 23:21:29</startdate>
<round>1</round>
<failsafecounter/>
<players><player seat="3" name="M1ky3ste92" chips="385" dealer="0" win="0" bet="35" muck="1" rebuy="0" addon="0" merge="0" rebuychips="0" reg_code="5076903545"/>
<player seat="6" name="ildiplomato3" chips="600" dealer="1" win="90" bet="95" muck="1" rebuy="0" addon="0" merge="0" rebuychips="0" reg_code="5076903583"/>
<player seat="10" name="OndaBianca1" chips="515" dealer="0" win="0" bet="20" muck="1" rebuy="0" addon="0" merge="0" rebuychips="0" reg_code="5076903611"/>
</players>
</general>
<round no="0"><action no="1" player="OndaBianca1" type="15" discard="1" dealt="1" sum="5"/>
<action no="2" player="M1ky3ste92" type="15" sum="5"/>
<action no="3" player="ildiplomato3" type="15" discard="1" dealt="1" sum="5"/>
<action no="4" player="OndaBianca1" type="1" discard="1" dealt="1" sum="15"/>
<action no="5" player="M1ky3ste92" type="2" sum="30"/>
</round>
<round no="1"><cards type="Pocket" player="OndaBianca1">X X</cards>
<cards type="Pocket" player="M1ky3ste92">DA H5</cards>
<cards type="Pocket" player="ildiplomato3">X X</cards>
<action no="6" player="ildiplomato3" type="23" discard="1" dealt="1" sum="90"/>
<action no="7" player="OndaBianca1" type="0" discard="1" dealt="1" sum="0"/>
<action no="8" player="M1ky3ste92" type="0" sum="0"/>
</round>
</game>
<game gamecode="6545653016"><general><startdate>2025-11-30 23:21:43</startdate>
<round>1</round>
<failsafecounter/>
<players><player seat="6" name="ildiplomato3" chips="655" dealer="0" win="0" bet="35" muck="1" rebuy="0" addon="0" merge="0" rebuychips="0" reg_code="5076903583"/>
<player seat="10" name="OndaBianca1" chips="495" dealer="1" win="0" bet="5" muck="1" rebuy="0" addon="0" merge="0" rebuychips="0" reg_code="5076903611"/>
<player seat="3" name="M1ky3ste92" chips="350" dealer="0" win="75" bet="350" muck="1" rebuy="0" addon="0" merge="0" rebuychips="0" reg_code="5076903545"/>
</players>
</general>
<round no="0"><action no="1" player="M1ky3ste92" type="15" sum="5"/>
<action no="2" player="ildiplomato3" type="15" discard="1" dealt="1" sum="5"/>
<action no="3" player="OndaBianca1" type="15" discard="1" dealt="1" sum="5"/>
<action no="4" player="M1ky3ste92" type="1" sum="15"/>
<action no="5" player="ildiplomato3" type="2" discard="1" dealt="1" sum="30"/>
</round>
<round no="1"><cards type="Pocket" player="M1ky3ste92">D10 H9</cards>
<cards type="Pocket" player="ildiplomato3">X X</cards>
<cards type="Pocket" player="OndaBianca1">X X</cards>
<action no="6" player="OndaBianca1" type="0" discard="1" dealt="1" sum="0"/>
<action no="7" player="M1ky3ste92" type="23" sum="345"/>
<action no="8" player="ildiplomato3" type="0" discard="1" dealt="1" sum="0"/>
</round>
</game>
<game gamecode="6545653038"><general><startdate>2025-11-30 23:21:52</startdate>
<round>1</round>
<failsafecounter/>
<players><player seat="10" name="OndaBianca1" chips="490" dealer="0" win="75" bet="89" muck="1" rebuy="0" addon="0" merge="0" rebuychips="0" reg_code="5076903611"/>
<player seat="3" name="M1ky3ste92" chips="390" dealer="1" win="0" bet="5" muck="1" rebuy="0" addon="0" merge="0" rebuychips="0" reg_code="5076903545"/>
<player seat="6" name="ildiplomato3" chips="620" dealer="0" win="0" bet="35" muck="1" rebuy="0" addon="0" merge="0" rebuychips="0" reg_code="5076903583"/>
</players>
</general>
<round no="0"><action no="1" player="ildiplomato3" type="15" discard="1" dealt="1" sum="5"/>
<action no="2" player="OndaBianca1" type="15" discard="1" dealt="1" sum="5"/>
<action no="3" player="M1ky3ste92" type="15" sum="5"/>
<action no="4" player="ildiplomato3" type="1" discard="1" dealt="1" sum="15"/>
<action no="5" player="OndaBianca1" type="2" discard="1" dealt="1" sum="30"/>
</round>
<round no="1"><cards type="Pocket" player="M1ky3ste92">DK C2</cards>
<cards type="Pocket" player="ildiplomato3">X X</cards>
<cards type="Pocket" player="OndaBianca1">X X</cards>
<action no="6" player="M1ky3ste92" type="0" sum="0"/>
<action no="7" player="ildiplomato3" type="3" discard="1" dealt="1" sum="15"/>
<action no="8" player="OndaBianca1" type="23" discard="1" dealt="1" sum="84"/>
<action no="9" player="ildiplomato3" type="0" discard="1" dealt="1" sum="0"/>
</round>
</game>
<game gamecode="6545653081"><general><startdate>2025-11-30 23:22:05</startdate>
<round>1</round>
<failsafecounter/>
<players><player seat="3" name="M1ky3ste92" chips="385" dealer="0" win="0" bet="95" muck="1" rebuy="0" addon="0" merge="0" rebuychips="0" reg_code="5076903545"/>
<player seat="6" name="ildiplomato3" chips="585" dealer="1" win="210" bet="185" muck="1" rebuy="0" addon="0" merge="0" rebuychips="0" reg_code="5076903583"/>
<player seat="10" name="OndaBianca1" chips="530" dealer="0" win="0" bet="20" muck="1" rebuy="0" addon="0" merge="0" rebuychips="0" reg_code="5076903611"/>
</players>
</general>
<round no="0"><action no="1" player="OndaBianca1" type="15" discard="1" dealt="1" sum="5"/>
<action no="2" player="M1ky3ste92" type="15" sum="5"/>
<action no="3" player="ildiplomato3" type="15" discard="1" dealt="1" sum="5"/>
<action no="4" player="OndaBianca1" type="1" discard="1" dealt="1" sum="15"/>
<action no="5" player="M1ky3ste92" type="2" sum="30"/>
</round>
<round no="1"><cards type="Pocket" player="M1ky3ste92">SQ HJ</cards>
<cards type="Pocket" player="ildiplomato3">X X</cards>
<cards type="Pocket" player="OndaBianca1">X X</cards>
<action no="6" player="ildiplomato3" type="23" discard="1" dealt="1" sum="90"/>
<action no="7" player="OndaBianca1" type="0" discard="1" dealt="1" sum="0"/>
<action no="8" player="M1ky3ste92" type="3" sum="60"/>
</round>
<round no="2"><cards type="Flop">H8 S7 C4</cards>
<action no="9" player="M1ky3ste92" type="4" sum="0"/>
<action no="10" player="ildiplomato3" type="5" discard="1" dealt="1" sum="90"/>
<action no="11" player="M1ky3ste92" type="0" sum="0"/>
</round>
</game>
<game gamecode="6545653129"><general><startdate>2025-11-30 23:22:27</startdate>
<round>1</round>
<failsafecounter/>
<players><player seat="6" name="ildiplomato3" chips="700" dealer="0" win="45" bet="35" muck="1" rebuy="0" addon="0" merge="0" rebuychips="0" reg_code="5076903583"/>
<player seat="10" name="OndaBianca1" chips="510" dealer="1" win="0" bet="5" muck="1" rebuy="0" addon="0" merge="0" rebuychips="0" reg_code="5076903611"/>
<player seat="3" name="M1ky3ste92" chips="290" dealer="0" win="0" bet="20" muck="1" rebuy="0" addon="0" merge="0" rebuychips="0" reg_code="5076903545"/>
</players>
</general>
<round no="0"><action no="1" player="M1ky3ste92" type="15" sum="5"/>
<action no="2" player="ildiplomato3" type="15" discard="1" dealt="1" sum="5"/>
<action no="3" player="OndaBianca1" type="15" discard="1" dealt="1" sum="5"/>
<action no="4" player="M1ky3ste92" type="1" sum="15"/>
<action no="5" player="ildiplomato3" type="2" discard="1" dealt="1" sum="30"/>
</round>
<round no="1"><cards type="Pocket" player="ildiplomato3">X X</cards>
<cards type="Pocket" player="M1ky3ste92">S5 C9</cards>
<cards type="Pocket" player="OndaBianca1">X X</cards>
<action no="6" player="OndaBianca1" type="0" discard="1" dealt="1" sum="0"/>
<action no="7" player="M1ky3ste92" type="0" sum="0"/>
</round>
</game>
<game gamecode="6545653162"><general><startdate>2025-11-30 23:22:40</startdate>
<round>1</round>
<failsafecounter/>
<players><player seat="10" name="OndaBianca1" chips="505" dealer="0" win="45" bet="35" muck="1" rebuy="0" addon="0" merge="0" rebuychips="0" reg_code="5076903611"/>
<player seat="3" name="M1ky3ste92" chips="270" dealer="1" win="0" bet="5" muck="1" rebuy="0" addon="0" merge="0" rebuychips="0" reg_code="5076903545"/>
<player seat="6" name="ildiplomato3" chips="725" dealer="0" win="0" bet="20" muck="1" rebuy="0" addon="0" merge="0" rebuychips="0" reg_code="5076903583"/>
</players>
</general>
<round no="0"><action no="1" player="ildiplomato3" type="15" discard="1" dealt="1" sum="5"/>
<action no="2" player="OndaBianca1" type="15" discard="1" dealt="1" sum="5"/>
<action no="3" player="M1ky3ste92" type="15" sum="5"/>
<action no="4" player="ildiplomato3" type="1" discard="1" dealt="1" sum="15"/>
<action no="5" player="OndaBianca1" type="2" discard="1" dealt="1" sum="30"/>
</round>
<round no="1"><cards type="Pocket" player="M1ky3ste92">CK D3</cards>
<cards type="Pocket" player="ildiplomato3">X X</cards>
<cards type="Pocket" player="OndaBianca1">X X</cards>
<action no="6" player="M1ky3ste92" type="0" sum="0"/>
<action no="7" player="ildiplomato3" type="0" discard="1" dealt="1" sum="0"/>
</round>
</game>
<game gamecode="6545653181"><general><startdate>2025-11-30 23:22:47</startdate>
<round>1</round>
<failsafecounter/>
<players><player seat="3" name="M1ky3ste92" chips="265" dealer="0" win="0" bet="265" muck="0" rebuy="0" addon="0" merge="0" rebuychips="0" reg_code="5076903545"/>
<player seat="6" name="ildiplomato3" chips="705" dealer="1" win="555" bet="265" muck="0" rebuy="0" addon="0" merge="0" rebuychips="0" reg_code="5076903583"/>
<player seat="10" name="OndaBianca1" chips="530" dealer="0" win="0" bet="25" muck="1" rebuy="0" addon="0" merge="0" rebuychips="0" reg_code="5076903611"/>
</players>
</general>
<round no="0"><action no="1" player="OndaBianca1" type="15" discard="1" dealt="1" sum="5"/>
<action no="2" player="M1ky3ste92" type="15" sum="5"/>
<action no="3" player="ildiplomato3" type="15" discard="1" dealt="1" sum="5"/>
<action no="4" player="OndaBianca1" type="1" discard="1" dealt="1" sum="20"/>
<action no="5" player="M1ky3ste92" type="2" sum="40"/>
</round>
<round no="1"><cards type="Pocket" player="ildiplomato3">CJ DA</cards>
<cards type="Pocket" player="OndaBianca1">X X</cards>
<cards type="Pocket" player="M1ky3ste92">SA HQ</cards>
<action no="6" player="ildiplomato3" type="23" discard="1" dealt="1" sum="120"/>
<action no="7" player="OndaBianca1" type="0" discard="1" dealt="1" sum="0"/>
<action no="8" player="M1ky3ste92" type="23" sum="260"/>
<action no="9" player="ildiplomato3" type="3" discard="1" dealt="1" sum="140"/>
</round>
<round no="2"><cards type="Flop">DJ C9 S7</cards>
</round>
<round no="3"><cards type="Turn">D10</cards>
</round>
<round no="4"><cards type="River">H5</cards>
</round>
</game>
</session>
