<?xml version="1.0" encoding="UTF-8"?>
<session sessioncode="5076503815">
<general>
<client_version>25.7.1.34</client_version>
<mode>real</mode>
<gametype>Holdem NL</gametype>
<tablename>Twister €100 SNG, 822671686</tablename>
<tournamentcode>822671685</tournamentcode>
<tournamentname>Twister €100 SNG</tournamentname>
<buyin>€0 + €7 + €93</buyin>
<totalbuyin>€100</totalbuyin>
<rewarddrawn>€200</rewarddrawn>
<tournamentcurrency>EUR</tournamentcurrency>
<currency>EUR</currency>
<nickname>M1ky3ste92</nickname>
<gamecount>23</gamecount>
<startdate>2025-11-29 12:37:29</startdate>
<place>2</place>
<win>€0</win>
<tablesize>3</tablesize>
</general>
<game gamecode="6544193042"><general><startdate>2025-11-29 12:37:44</startdate>
<round>1</round>
<failsafecounter/>
<players><player seat="3" name="M1ky3ste92" chips="500" dealer="0" win="900" bet="500" muck="1" rebuy="0" addon="0" merge="0" rebuychips="0" reg_code="5076503815"/>
<player seat="6" name="king8000" chips="500" dealer="1" win="0" bet="150" muck="1" rebuy="0" addon="0" merge="0" rebuychips="0" reg_code="5076504668"/>
<player seat="10" name="Crazypoke" chips="500" dealer="0" win="0" bet="375" muck="1" rebuy="0" addon="0" merge="0" rebuychips="0" reg_code="5076504704"/>
</players>
</general>
<round no="0"><action no="1" player="Crazypoke" type="1" discard="1" dealt="1" sum="10"/>
<action no="2" player="M1ky3ste92" type="2" sum="20"/>
</round>
<round no="1"><cards type="Pocket" player="M1ky3ste92">H4 H3</cards>
<cards type="Pocket" player="Crazypoke">X X</cards>
<cards type="Pocket" player="king8000">X X</cards>
<action no="3" player="king8000" type="23" discard="1" dealt="1" sum="60"/>
<action no="4" player="Crazypoke" type="3" discard="1" dealt="1" sum="50"/>
<action no="5" player="M1ky3ste92" type="3" sum="40"/>
</round>
<round no="2"><cards type="Flop">H8 H2 SA</cards>
<action no="6" player="Crazypoke" type="5" discard="1" dealt="1" sum="90"/>
<action no="7" player="M1ky3ste92" type="3" sum="90"/>
<action no="8" player="king8000" type="3" discard="1" dealt="1" sum="90"/>
</round>
<round no="3"><cards type="Turn">H7</cards>
<action no="9" player="Crazypoke" type="5" discard="1" dealt="1" sum="225"/>
<action no="10" player="M1ky3ste92" type="7" sum="350"/>
<action no="11" player="king8000" type="0" discard="1" dealt="1" sum="0"/>
<action no="12" player="Crazypoke" type="0" discard="1" dealt="1" sum="0"/>
</round>
</game>
<game gamecode="6544193107"><general><startdate>2025-11-29 12:38:25</startdate>
<round>1</round>
<failsafecounter/>
<players><player seat="6" name="king8000" chips="350" dealer="0" win="0" bet="350" muck="1" rebuy="0" addon="0" merge="0" rebuychips="0" reg_code="5076504668"/>
<player seat="10" name="Crazypoke" chips="125" dealer="1" win="375" bet="125" muck="0" rebuy="0" addon="0" merge="0" rebuychips="0" reg_code="5076504704"/>
<player seat="3" name="M1ky3ste92" chips="1,025" dealer="0" win="450" bet="1,025" muck="0" rebuy="0" addon="0" merge="0" rebuychips="0" reg_code="5076503815"/>
</players>
</general>
<round no="0"><action no="1" player="M1ky3ste92" type="1" sum="10"/>
<action no="2" player="king8000" type="2" discard="1" dealt="1" sum="20"/>
</round>
<round no="1"><cards type="Pocket" player="king8000">D4 HJ</cards>
<cards type="Pocket" player="M1ky3ste92">H10 DA</cards>
<cards type="Pocket" player="Crazypoke">C10 S7</cards>
<action no="3" player="Crazypoke" type="23" discard="1" dealt="1" sum="125"/>
<action no="4" player="M1ky3ste92" type="23" sum="1,025"/>
<action no="5" player="king8000" type="7" discard="1" dealt="1" sum="330"/>
</round>
<round no="2"><cards type="Flop">S6 C2 SK</cards>
</round>
<round no="3"><cards type="Turn">D7</cards>
</round>
<round no="4"><cards type="River">S2</cards>
</round>
</game>
<game gamecode="6544193137"><general><startdate>2025-11-29 12:38:42</startdate>
<round>1</round>
<failsafecounter/>
<players><player seat="10" name="Crazypoke" chips="375" dealer="0" win="0" bet="100" muck="1" rebuy="0" addon="0" merge="0" rebuychips="0" reg_code="5076504704"/>
<player seat="3" name="M1ky3ste92" chips="1,125" dealer="1" win="200" bet="1,125" muck="1" rebuy="0" addon="0" merge="0" rebuychips="0" reg_code="5076503815"/>
</players>
</general>
<round no="0"><action no="1" player="M1ky3ste92" type="1" sum="10"/>
<action no="2" player="Crazypoke" type="2" discard="1" dealt="1" sum="20"/>
</round>
<round no="1"><cards type="Pocket" player="M1ky3ste92">D5 D2</cards>
<cards type="Pocket" player="Crazypoke">X X</cards>
<action no="3" player="M1ky3ste92" type="3" sum="10"/>
<action no="4" player="Crazypoke" type="23" discard="1" dealt="1" sum="50"/>
<action no="5" player="M1ky3ste92" type="3" sum="30"/>
</round>
<round no="2"><cards type="Flop">C2 H5 H7</cards>
<action no="6" player="Crazypoke" type="5" discard="1" dealt="1" sum="50"/>
<action no="7" player="M1ky3ste92" type="3" sum="50"/>
</round>
<round no="3"><cards type="Turn">D4</cards>
<action no="8" player="Crazypoke" type="4" discard="1" dealt="1" sum="0"/>
<action no="9" player="M1ky3ste92" type="5" sum="1,025"/>
<action no="10" player="Crazypoke" type="0" discard="1" dealt="1" sum="0"/>
</round>
</game>
<game gamecode="6544193187"><general><startdate>2025-11-29 12:39:09</startdate>
<round>1</round>
<failsafecounter/>
<players><player seat="3" name="M1ky3ste92" chips="1,225" dealer="0" win="0" bet="20" muck="1" rebuy="0" addon="0" merge="0" rebuychips="0" reg_code="5076503815"/>
<player seat="10" name="Crazypoke" chips="275" dealer="1" win="40" bet="275" muck="1" rebuy="0" addon="0" merge="0" rebuychips="0" reg_code="5076504704"/>
</players>
</general>
<round no="0"><action no="1" player="Crazypoke" type="1" discard="1" dealt="1" sum="10"/>
<action no="2" player="M1ky3ste92" type="2" sum="20"/>
</round>
<round no="1"><cards type="Pocket" player="M1ky3ste92">HJ S6</cards>
<cards type="Pocket" player="Crazypoke">X X</cards>
<action no="3" player="Crazypoke" type="23" discard="1" dealt="1" sum="275"/>
<action no="4" player="M1ky3ste92" type="0" sum="0"/>
</round>
</game>
<game gamecode="6544193216"><general><startdate>2025-11-29 12:39:26</startdate>
<round>1</round>
<failsafecounter/>
<players><player seat="10" name="Crazypoke" chips="295" dealer="0" win="590" bet="295" muck="0" rebuy="0" addon="0" merge="0" rebuychips="0" reg_code="5076504704"/>
<player seat="3" name="M1ky3ste92" chips="1,205" dealer="1" win="0" bet="1,205" muck="0" rebuy="0" addon="0" merge="0" rebuychips="0" reg_code="5076503815"/>
</players>
</general>
<round no="0"><action no="1" player="M1ky3ste92" type="15" sum="5"/>
<action no="2" player="Crazypoke" type="15" discard="1" dealt="1" sum="5"/>
<action no="3" player="M1ky3ste92" type="1" sum="15"/>
<action no="4" player="Crazypoke" type="2" discard="1" dealt="1" sum="30"/>
</round>
<round no="1"><cards type="Pocket" player="M1ky3ste92">S4 DK</cards>
<cards type="Pocket" player="Crazypoke">HA C4</cards>
<action no="5" player="M1ky3ste92" type="23" sum="1,200"/>
<action no="6" player="Crazypoke" type="7" discard="1" dealt="1" sum="260"/>
</round>
<round no="2"><cards type="Flop">CJ H8 D2</cards>
</round>
<round no="3"><cards type="Turn">DQ</cards>
</round>
<round no="4"><cards type="River">D8</cards>
</round>
</game>
<game gamecode="6544193247"><general><startdate>2025-11-29 12:39:46</startdate>
<round>1</round>
<failsafecounter/>
<players><player seat="3" name="M1ky3ste92" chips="910" dealer="0" win="0" bet="35" muck="1" rebuy="0" addon="0" merge="0" rebuychips="0" reg_code="5076503815"/>
<player seat="10" name="Crazypoke" chips="590" dealer="1" win="70" bet="80" muck="1" rebuy="0" addon="0" merge="0" rebuychips="0" reg_code="5076504704"/>
</players>
</general>
<round no="0"><action no="1" player="Crazypoke" type="15" discard="1" dealt="1" sum="5"/>
<action no="2" player="M1ky3ste92" type="15" sum="5"/>
<action no="3" player="Crazypoke" type="1" discard="1" dealt="1" sum="15"/>
<action no="4" player="M1ky3ste92" type="2" sum="30"/>
</round>
<round no="1"><cards type="Pocket" player="M1ky3ste92">DQ H6</cards>
<cards type="Pocket" player="Crazypoke">X X</cards>
<action no="5" player="Crazypoke" type="23" discard="1" dealt="1" sum="75"/>
<action no="6" player="M1ky3ste92" type="0" sum="0"/>
</round>
</game>
<game gamecode="6544193270"><general><startdate>2025-11-29 12:39:59</startdate>
<round>1</round>
<failsafecounter/>
<players><player seat="10" name="Crazypoke" chips="625" dealer="0" win="40" bet="35" muck="1" rebuy="0" addon="0" merge="0" rebuychips="0" reg_code="5076504704"/>
<player seat="3" name="M1ky3ste92" chips="875" dealer="1" win="0" bet="20" muck="1" rebuy="0" addon="0" merge="0" rebuychips="0" reg_code="5076503815"/>
</players>
</general>
<round no="0"><action no="1" player="M1ky3ste92" type="15" sum="5"/>
<action no="2" player="Crazypoke" type="15" discard="1" dealt="1" sum="5"/>
<action no="3" player="M1ky3ste92" type="1" sum="15"/>
<action no="4" player="Crazypoke" type="2" discard="1" dealt="1" sum="30"/>
</round>
<round no="1"><cards type="Pocket" player="Crazypoke">X X</cards>
<cards type="Pocket" player="M1ky3ste92">C2 S5</cards>
<action no="5" player="M1ky3ste92" type="0" sum="0"/>
</round>
</game>
<game gamecode="6544193280"><general><startdate>2025-11-29 12:40:04</startdate>
<round>1</round>
<failsafecounter/>
<players><player seat="3" name="M1ky3ste92" chips="855" dealer="0" win="0" bet="130" muck="1" rebuy="0" addon="0" merge="0" rebuychips="0" reg_code="5076503815"/>
<player seat="10" name="Crazypoke" chips="645" dealer="1" win="260" bet="390" muck="1" rebuy="0" addon="0" merge="0" rebuychips="0" reg_code="5076504704"/>
</players>
</general>
<round no="0"><action no="1" player="Crazypoke" type="15" discard="1" dealt="1" sum="5"/>
<action no="2" player="M1ky3ste92" type="15" sum="5"/>
<action no="3" player="Crazypoke" type="1" discard="1" dealt="1" sum="15"/>
<action no="4" player="M1ky3ste92" type="2" sum="30"/>
</round>
<round no="1"><cards type="Pocket" player="M1ky3ste92">C8 C5</cards>
<cards type="Pocket" player="Crazypoke">X X</cards>
<action no="5" player="Crazypoke" type="23" discard="1" dealt="1" sum="60"/>
<action no="6" player="M1ky3ste92" type="3" sum="30"/>
</round>
<round no="2"><cards type="Flop">H8 CA HJ</cards>
<action no="7" player="M1ky3ste92" type="4" sum="0"/>
<action no="8" player="Crazypoke" type="5" discard="1" dealt="1" sum="65"/>
<action no="9" player="M1ky3ste92" type="3" sum="65"/>
</round>
<round no="3"><cards type="Turn">S7</cards>
<action no="10" player="M1ky3ste92" type="4" sum="0"/>
<action no="11" player="Crazypoke" type="5" discard="1" dealt="1" sum="260"/>
<action no="12" player="M1ky3ste92" type="0" sum="0"/>
</round>
</game>
<game gamecode="6544196349"><general><startdate>2025-11-29 12:40:28</startdate>
<round>1</round>
<failsafecounter/>
<players><player seat="10" name="Crazypoke" chips="775" dealer="0" win="0" bet="35" muck="1" rebuy="0" addon="0" merge="0" rebuychips="0" reg_code="5076504704"/>
<player seat="3" name="M1ky3ste92" chips="725" dealer="1" win="70" bet="105" muck="1" rebuy="0" addon="0" merge="0" rebuychips="0" reg_code="5076503815"/>
</players>
</general>
<round no="0"><action no="1" player="M1ky3ste92" type="15" sum="5"/>
<action no="2" player="Crazypoke" type="15" discard="1" dealt="1" sum="5"/>
<action no="3" player="M1ky3ste92" type="1" sum="15"/>
<action no="4" player="Crazypoke" type="2" discard="1" dealt="1" sum="30"/>
</round>
<round no="1"><cards type="Pocket" player="M1ky3ste92">HQ C3</cards>
<cards type="Pocket" player="Crazypoke">X X</cards>
<action no="5" player="M1ky3ste92" type="3" sum="15"/>
<action no="6" player="Crazypoke" type="4" discard="1" dealt="1" sum="0"/>
</round>
<round no="2"><cards type="Flop">C6 S7 C9</cards>
<action no="7" player="Crazypoke" type="4" discard="1" dealt="1" sum="0"/>
<action no="8" player="M1ky3ste92" type="4" sum="0"/>
</round>
<round no="3"><cards type="Turn">S3</cards>
<action no="9" player="Crazypoke" type="4" discard="1" dealt="1" sum="0"/>
<action no="10" player="M1ky3ste92" type="4" sum="0"/>
</round>
<round no="4"><cards type="River">D3</cards>
<action no="11" player="Crazypoke" type="4" discard="1" dealt="1" sum="0"/>
<action no="12" player="M1ky3ste92" type="5" sum="70"/>
<action no="13" player="Crazypoke" type="0" discard="1" dealt="1" sum="0"/>
</round>
</game>
<game gamecode="6544196385"><general><startdate>2025-11-29 12:40:49</startdate>
<round>1</round>
<failsafecounter/>
<players><player seat="3" name="M1ky3ste92" chips="760" dealer="0" win="0" bet="80" muck="1" rebuy="0" addon="0" merge="0" rebuychips="0" reg_code="5076503815"/>
<player seat="10" name="Crazypoke" chips="740" dealer="1" win="160" bet="160" muck="1" rebuy="0" addon="0" merge="0" rebuychips="0" reg_code="5076504704"/>
</players>
</general>
<round no="0"><action no="1" player="Crazypoke" type="15" discard="1" dealt="1" sum="5"/>
<action no="2" player="M1ky3ste92" type="15" sum="5"/>
<action no="3" player="Crazypoke" type="1" discard="1" dealt="1" sum="15"/>
<action no="4" player="M1ky3ste92" type="2" sum="30"/>
</round>
<round no="1"><cards type="Pocket" player="M1ky3ste92">C4 CJ</cards>
<cards type="Pocket" player="Crazypoke">X X</cards>
<action no="5" player="Crazypoke" type="23" discard="1" dealt="1" sum="75"/>
<action no="6" player="M1ky3ste92" type="3" sum="45"/>
</round>
<round no="2"><cards type="Flop">D9 DA S2</cards>
<action no="7" player="M1ky3ste92" type="4" sum="0"/>
<action no="8" player="Crazypoke" type="5" discard="1" dealt="1" sum="80"/>
<action no="9" player="M1ky3ste92" type="0" sum="0"/>
</round>
</game>
<game gamecode="6544196408"><general><startdate>2025-11-29 12:41:04</startdate>
<round>1</round>
<failsafecounter/>
<players><player seat="10" name="Crazypoke" chips="820" dealer="0" win="0" bet="45" muck="1" rebuy="0" addon="0" merge="0" rebuychips="0" reg_code="5076504704"/>
<player seat="3" name="M1ky3ste92" chips="680" dealer="1" win="90" bet="85" muck="1" rebuy="0" addon="0" merge="0" rebuychips="0" reg_code="5076503815"/>
</players>
</general>
<round no="0"><action no="1" player="M1ky3ste92" type="15" sum="5"/>
<action no="2" player="Crazypoke" type="15" discard="1" dealt="1" sum="5"/>
<action no="3" player="M1ky3ste92" type="1" sum="20"/>
<action no="4" player="Crazypoke" type="2" discard="1" dealt="1" sum="40"/>
</round>
<round no="1"><cards type="Pocket" player="M1ky3ste92">S2 D10</cards>
<cards type="Pocket" player="Crazypoke">X X</cards>
<action no="5" player="M1ky3ste92" type="3" sum="20"/>
<action no="6" player="Crazypoke" type="4" discard="1" dealt="1" sum="0"/>
</round>
<round no="2"><cards type="Flop">CK H6 HK</cards>
<action no="7" player="Crazypoke" type="4" discard="1" dealt="1" sum="0"/>
<action no="8" player="M1ky3ste92" type="5" sum="40"/>
<action no="9" player="Crazypoke" type="0" discard="1" dealt="1" sum="0"/>
</round>
</game>
<game gamecode="6544196427"><general><startdate>2025-11-29 12:41:13</startdate>
<round>1</round>
<failsafecounter/>
<players><player seat="3" name="M1ky3ste92" chips="725" dealer="0" win="0" bet="45" muck="1" rebuy="0" addon="0" merge="0" rebuychips="0" reg_code="5076503815"/>
<player seat="10" name="Crazypoke" chips="775" dealer="1" win="90" bet="85" muck="1" rebuy="0" addon="0" merge="0" rebuychips="0" reg_code="5076504704"/>
</players>
</general>
<round no="0"><action no="1" player="Crazypoke" type="15" discard="1" dealt="1" sum="5"/>
<action no="2" player="M1ky3ste92" type="15" sum="5"/>
<action no="3" player="Crazypoke" type="1" discard="1" dealt="1" sum="20"/>
<action no="4" player="M1ky3ste92" type="2" sum="40"/>
</round>
<round no="1"><cards type="Pocket" player="Crazypoke">X X</cards>
<cards type="Pocket" player="M1ky3ste92">S8 D2</cards>
<action no="5" player="Crazypoke" type="23" discard="1" dealt="1" sum="80"/>
<action no="6" player="M1ky3ste92" type="0" sum="0"/>
</round>
</game>
<game gamecode="6544196438"><general><startdate>2025-11-29 12:41:20</startdate>
<round>1</round>
<failsafecounter/>
<players><player seat="10" name="Crazypoke" chips="820" dealer="0" win="0" bet="45" muck="1" rebuy="0" addon="0" merge="0" rebuychips="0" reg_code="5076504704"/>
<player seat="3" name="M1ky3ste92" chips="680" dealer="1" win="90" bet="85" muck="1" rebuy="0" addon="0" merge="0" rebuychips="0" reg_code="5076503815"/>
</players>
</general>
<round no="0"><action no="1" player="M1ky3ste92" type="15" sum="5"/>
<action no="2" player="Crazypoke" type="15" discard="1" dealt="1" sum="5"/>
<action no="3" player="M1ky3ste92" type="1" sum="20"/>
<action no="4" player="Crazypoke" type="2" discard="1" dealt="1" sum="40"/>
</round>
<round no="1"><cards type="Pocket" player="Crazypoke">X X</cards>
<cards type="Pocket" player="M1ky3ste92">D3 D4</cards>
<action no="5" player="M1ky3ste92" type="3" sum="20"/>
<action no="6" player="Crazypoke" type="4" discard="1" dealt="1" sum="0"/>
</round>
<round no="2"><cards type="Flop">H2 HK C7</cards>
<action no="7" player="Crazypoke" type="4" discard="1" dealt="1" sum="0"/>
<action no="8" player="M1ky3ste92" type="5" sum="40"/>
<action no="9" player="Crazypoke" type="0" discard="1" dealt="1" sum="0"/>
</round>
</game>
<game gamecode="6544196457"><general><startdate>2025-11-29 12:41:30</startdate>
<round>1</round>
<failsafecounter/>
<players><player seat="3" name="M1ky3ste92" chips="725" dealer="0" win="0" bet="45" muck="1" rebuy="0" addon="0" merge="0" rebuychips="0" reg_code="5076503815"/>
<player seat="10" name="Crazypoke" chips="775" dealer="1" win="90" bet="125" muck="1" rebuy="0" addon="0" merge="0" rebuychips="0" reg_code="5076504704"/>
</players>
</general>
<round no="0"><action no="1" player="Crazypoke" type="15" discard="1" dealt="1" sum="5"/>
<action no="2" player="M1ky3ste92" type="15" sum="5"/>
<action no="3" player="Crazypoke" type="1" discard="1" dealt="1" sum="20"/>
<action no="4" player="M1ky3ste92" type="2" sum="40"/>
</round>
<round no="1"><cards type="Pocket" player="M1ky3ste92">SJ C4</cards>
<cards type="Pocket" player="Crazypoke">X X</cards>
<action no="5" player="Crazypoke" type="23" discard="1" dealt="1" sum="120"/>
<action no="6" player="M1ky3ste92" type="0" sum="0"/>
</round>
</game>
<game gamecode="6544196465"><general><startdate>2025-11-29 12:41:37</startdate>
<round>1</round>
<failsafecounter/>
<players><player seat="10" name="Crazypoke" chips="820" dealer="0" win="210" bet="210" muck="1" rebuy="0" addon="0" merge="0" rebuychips="0" reg_code="5076504704"/>
<player seat="3" name="M1ky3ste92" chips="680" dealer="1" win="0" bet="105" muck="1" rebuy="0" addon="0" merge="0" rebuychips="0" reg_code="5076503815"/>
</players>
</general>
<round no="0"><action no="1" player="M1ky3ste92" type="15" sum="5"/>
<action no="2" player="Crazypoke" type="15" discard="1" dealt="1" sum="5"/>
<action no="3" player="M1ky3ste92" type="1" sum="20"/>
<action no="4" player="Crazypoke" type="2" discard="1" dealt="1" sum="40"/>
</round>
<round no="1"><cards type="Pocket" player="M1ky3ste92">C9 S7</cards>
<cards type="Pocket" player="Crazypoke">X X</cards>
<action no="5" player="M1ky3ste92" type="3" sum="20"/>
<action no="6" player="Crazypoke" type="23" discard="1" dealt="1" sum="100"/>
<action no="7" player="M1ky3ste92" type="3" sum="60"/>
</round>
<round no="2"><cards type="Flop">CQ HJ D4</cards>
<action no="8" player="Crazypoke" type="5" discard="1" dealt="1" sum="105"/>
<action no="9" player="M1ky3ste92" type="0" sum="0"/>
</round>
</game>
<game gamecode="6544196479"><general><startdate>2025-11-29 12:41:49</startdate>
<round>1</round>
<failsafecounter/>
<players><player seat="3" name="M1ky3ste92" chips="575" dealer="0" win="0" bet="45" muck="1" rebuy="0" addon="0" merge="0" rebuychips="0" reg_code="5076503815"/>
<player seat="10" name="Crazypoke" chips="925" dealer="1" win="90" bet="105" muck="1" rebuy="0" addon="0" merge="0" rebuychips="0" reg_code="5076504704"/>
</players>
</general>
<round no="0"><action no="1" player="Crazypoke" type="15" discard="1" dealt="1" sum="5"/>
<action no="2" player="M1ky3ste92" type="15" sum="5"/>
<action no="3" player="Crazypoke" type="1" discard="1" dealt="1" sum="20"/>
<action no="4" player="M1ky3ste92" type="2" sum="40"/>
</round>
<round no="1"><cards type="Pocket" player="M1ky3ste92">H2 CQ</cards>
<cards type="Pocket" player="Crazypoke">X X</cards>
<action no="5" player="Crazypoke" type="23" discard="1" dealt="1" sum="100"/>
<action no="6" player="M1ky3ste92" type="0" sum="0"/>
</round>
</game>
<game gamecode="6544196493"><general><startdate>2025-11-29 12:41:56</startdate>
<round>1</round>
<failsafecounter/>
<players><player seat="10" name="Crazypoke" chips="970" dealer="0" win="0" bet="45" muck="1" rebuy="0" addon="0" merge="0" rebuychips="0" reg_code="5076504704"/>
<player seat="3" name="M1ky3ste92" chips="530" dealer="1" win="90" bet="45" muck="0" rebuy="0" addon="0" merge="0" rebuychips="0" reg_code="5076503815"/>
</players>
</general>
<round no="0"><action no="1" player="M1ky3ste92" type="15" sum="5"/>
<action no="2" player="Crazypoke" type="15" discard="1" dealt="1" sum="5"/>
<action no="3" player="M1ky3ste92" type="1" sum="20"/>
<action no="4" player="Crazypoke" type="2" discard="1" dealt="1" sum="40"/>
</round>
<round no="1"><cards type="Pocket" player="Crazypoke">HJ C4</cards>
<cards type="Pocket" player="M1ky3ste92">DJ HA</cards>
<action no="5" player="M1ky3ste92" type="3" sum="20"/>
<action no="6" player="Crazypoke" type="4" discard="1" dealt="1" sum="0"/>
</round>
<round no="2"><cards type="Flop">H6 D9 SQ</cards>
<action no="7" player="Crazypoke" type="4" discard="1" dealt="1" sum="0"/>
<action no="8" player="M1ky3ste92" type="4" sum="0"/>
</round>
<round no="3"><cards type="Turn">C2</cards>
<action no="9" player="Crazypoke" type="4" discard="1" dealt="1" sum="0"/>
<action no="10" player="M1ky3ste92" type="4" sum="0"/>
</round>
<round no="4"><cards type="River">D7</cards>
<action no="11" player="Crazypoke" type="4" discard="1" dealt="1" sum="0"/>
<action no="12" player="M1ky3ste92" type="4" sum="0"/>
</round>
</game>
<game gamecode="6544196515"><general><startdate>2025-11-29 12:42:09</startdate>
<round>1</round>
<failsafecounter/>
<players><player seat="3" name="M1ky3ste92" chips="575" dealer="0" win="0" bet="45" muck="1" rebuy="0" addon="0" merge="0" rebuychips="0" reg_code="5076503815"/>
<player seat="10" name="Crazypoke" chips="925" dealer="1" win="90" bet="135" muck="1" rebuy="0" addon="0" merge="0" rebuychips="0" reg_code="5076504704"/>
</players>
</general>
<round no="0"><action no="1" player="Crazypoke" type="15" discard="1" dealt="1" sum="5"/>
<action no="2" player="M1ky3ste92" type="15" sum="5"/>
<action no="3" player="Crazypoke" type="1" discard="1" dealt="1" sum="20"/>
<action no="4" player="M1ky3ste92" type="2" sum="40"/>
</round>
<round no="1"><cards type="Pocket" player="Crazypoke">X X</cards>
<cards type="Pocket" player="M1ky3ste92">H4 DK</cards>
<action no="5" player="Crazypoke" type="3" discard="1" dealt="1" sum="20"/>
<action no="6" player="M1ky3ste92" type="4" sum="0"/>
</round>
<round no="2"><cards type="Flop">H2 H9 HQ</cards>
<action no="7" player="M1ky3ste92" type="4" sum="0"/>
<action no="8" player="Crazypoke" type="4" discard="1" dealt="1" sum="0"/>
</round>
<round no="3"><cards type="Turn">C2</cards>
<action no="9" player="M1ky3ste92" type="4" sum="0"/>
<action no="10" player="Crazypoke" type="5" discard="1" dealt="1" sum="90"/>
<action no="11" player="M1ky3ste92" type="0" sum="0"/>
</round>
</game>
<game gamecode="6544196534"><general><startdate>2025-11-29 12:42:23</startdate>
<round>1</round>
<failsafecounter/>
<players><player seat="10" name="Crazypoke" chips="970" dealer="0" win="50" bet="45" muck="1" rebuy="0" addon="0" merge="0" rebuychips="0" reg_code="5076504704"/>
<player seat="3" name="M1ky3ste92" chips="530" dealer="1" win="0" bet="25" muck="1" rebuy="0" addon="0" merge="0" rebuychips="0" reg_code="5076503815"/>
</players>
</general>
<round no="0"><action no="1" player="M1ky3ste92" type="15" sum="5"/>
<action no="2" player="Crazypoke" type="15" discard="1" dealt="1" sum="5"/>
<action no="3" player="M1ky3ste92" type="1" sum="20"/>
<action no="4" player="Crazypoke" type="2" discard="1" dealt="1" sum="40"/>
</round>
<round no="1"><cards type="Pocket" player="M1ky3ste92">H8 C2</cards>
<cards type="Pocket" player="Crazypoke">X X</cards>
<action no="5" player="M1ky3ste92" type="0" sum="0"/>
</round>
</game>
<game gamecode="6544196544"><general><startdate>2025-11-29 12:42:29</startdate>
<round>1</round>
<failsafecounter/>
<players><player seat="3" name="M1ky3ste92" chips="505" dealer="0" win="0" bet="45" muck="1" rebuy="0" addon="0" merge="0" rebuychips="0" reg_code="5076503815"/>
<player seat="10" name="Crazypoke" chips="995" dealer="1" win="90" bet="85" muck="1" rebuy="0" addon="0" merge="0" rebuychips="0" reg_code="5076504704"/>
</players>
</general>
<round no="0"><action no="1" player="Crazypoke" type="15" discard="1" dealt="1" sum="5"/>
<action no="2" player="M1ky3ste92" type="15" sum="5"/>
<action no="3" player="Crazypoke" type="1" discard="1" dealt="1" sum="20"/>
<action no="4" player="M1ky3ste92" type="2" sum="40"/>
</round>
<round no="1"><cards type="Pocket" player="M1ky3ste92">C7 DJ</cards>
<cards type="Pocket" player="Crazypoke">X X</cards>
<action no="5" player="Crazypoke" type="23" discard="1" dealt="1" sum="80"/>
<action no="6" player="M1ky3ste92" type="0" sum="0"/>
</round>
</game>
<game gamecode="6544196559"><general><startdate>2025-11-29 12:42:35</startdate>
<round>1</round>
<failsafecounter/>
<players><player seat="10" name="Crazypoke" chips="1,040" dealer="0" win="50" bet="45" muck="1" rebuy="0" addon="0" merge="0" rebuychips="0" reg_code="5076504704"/>
<player seat="3" name="M1ky3ste92" chips="460" dealer="1" win="0" bet="25" muck="1" rebuy="0" addon="0" merge="0" rebuychips="0" reg_code="5076503815"/>
</players>
</general>
<round no="0"><action no="1" player="M1ky3ste92" type="15" sum="5"/>
<action no="2" player="Crazypoke" type="15" discard="1" dealt="1" sum="5"/>
<action no="3" player="M1ky3ste92" type="1" sum="20"/>
<action no="4" player="Crazypoke" type="2" discard="1" dealt="1" sum="40"/>
</round>
<round no="1"><cards type="Pocket" player="Crazypoke">X X</cards>
<cards type="Pocket" player="M1ky3ste92">S10 D3</cards>
<action no="5" player="M1ky3ste92" type="0" sum="0"/>
</round>
</game>
<game gamecode="6544196563"><general><startdate>2025-11-29 12:42:40</startdate>
<round>1</round>
<failsafecounter/>
<players><player seat="3" name="M1ky3ste92" chips="435" dealer="0" win="0" bet="45" muck="1" rebuy="0" addon="0" merge="0" rebuychips="0" reg_code="5076503815"/>
<player seat="10" name="Crazypoke" chips="1,065" dealer="1" win="90" bet="85" muck="1" rebuy="0" addon="0" merge="0" rebuychips="0" reg_code="5076504704"/>
</players>
</general>
<round no="0"><action no="1" player="Crazypoke" type="15" discard="1" dealt="1" sum="5"/>
<action no="2" player="M1ky3ste92" type="15" sum="5"/>
<action no="3" player="Crazypoke" type="1" discard="1" dealt="1" sum="20"/>
<action no="4" player="M1ky3ste92" type="2" sum="40"/>
</round>
<round no="1"><cards type="Pocket" player="M1ky3ste92">SK D2</cards>
<cards type="Pocket" player="Crazypoke">X X</cards>
<action no="5" player="Crazypoke" type="23" discard="1" dealt="1" sum="80"/>
<action no="6" player="M1ky3ste92" type="0" sum="0"/>
</round>
</game>
<game gamecode="6544196573"><general><startdate>2025-11-29 12:42:47</startdate>
<round>1</round>
<failsafecounter/>
<players><player seat="10" name="Crazypoke" chips="1,110" dealer="0" win="780" bet="390" muck="0" rebuy="0" addon="0" merge="0" rebuychips="0" reg_code="5076504704"/>
<player seat="3" name="M1ky3ste92" chips="390" dealer="1" win="0" bet="390" muck="0" rebuy="0" addon="0" merge="0" rebuychips="0" reg_code="5076503815"/>
</players>
</general>
<round no="0"><action no="1" player="M1ky3ste92" type="15" sum="5"/>
<action no="2" player="Crazypoke" type="15" discard="1" dealt="1" sum="5"/>
<action no="3" player="M1ky3ste92" type="1" sum="30"/>
<action no="4" player="Crazypoke" type="2" discard="1" dealt="1" sum="60"/>
</round>
<round no="1"><cards type="Pocket" player="M1ky3ste92">H3 DK</cards>
<cards type="Pocket" player="Crazypoke">S8 H8</cards>
<action no="5" player="M1ky3ste92" type="23" sum="385"/>
<action no="6" player="Crazypoke" type="3" discard="1" dealt="1" sum="325"/>
</round>
<round no="2"><cards type="Flop">CJ D2 HA</cards>
</round>
<round no="3"><cards type="Turn">CA</cards>
</round>
<round no="4"><cards type="River">C6</cards>
</round>
</game>
</session>
