<?xml version="1.0" encoding="UTF-8"?>
<session sessioncode="5076502360">
<general>
<client_version>25.7.1.34</client_version>
<mode>real</mode>
<gametype>Holdem NL</gametype>
<tablename>Twister €100 SNG, 822671188</tablename>
<tournamentcode>822671187</tournamentcode>
<tournamentname>Twister €100 SNG</tournamentname>
<buyin>€0 + €7 + €93</buyin>
<totalbuyin>€100</totalbuyin>
<rewarddrawn>€200</rewarddrawn>
<tournamentcurrency>EUR</tournamentcurrency>
<currency>EUR</currency>
<nickname>M1ky3ste92</nickname>
<gamecount>16</gamecount>
<startdate>2025-11-29 12:24:30</startdate>
<place>1</place>
<win>€200</win>
<tablesize>3</tablesize>
</general>
<game gamecode="6544188709"><general><startdate>2025-11-29 12:24:46</startdate>
<round>1</round>
<failsafecounter/>
<players><player seat="6" name="M1ky3ste92" chips="500" dealer="0" win="0" bet="50" muck="1" rebuy="0" addon="0" merge="0" rebuychips="0" reg_code="5076502360"/>
<player seat="10" name="Matteo73730505" chips="500" dealer="1" win="0" bet="0" muck="1" rebuy="0" addon="0" merge="0" rebuychips="0" reg_code="5076502769"/>
<player seat="3" name="L1mltless" chips="500" dealer="0" win="100" bet="83" muck="1" rebuy="0" addon="0" merge="0" rebuychips="0" reg_code="5076502281"/>
</players>
</general>
<round no="0"><action no="1" player="L1mltless" type="1" discard="1" dealt="1" sum="10"/>
<action no="2" player="M1ky3ste92" type="2" sum="20"/>
</round>
<round no="1"><cards type="Pocket" player="M1ky3ste92">D9 S8</cards>
<cards type="Pocket" player="Matteo73730505">X X</cards>
<cards type="Pocket" player="L1mltless">X X</cards>
<action no="3" player="Matteo73730505" type="0" discard="1" dealt="1" sum="0"/>
<action no="4" player="L1mltless" type="23" discard="1" dealt="1" sum="50"/>
<action no="5" player="M1ky3ste92" type="3" sum="30"/>
</round>
<round no="2"><cards type="Flop">CK HJ S4</cards>
<action no="6" player="L1mltless" type="5" discard="1" dealt="1" sum="33"/>
<action no="7" player="M1ky3ste92" type="0" sum="0"/>
</round>
</game>
<game gamecode="6544188741"><general><startdate>2025-11-29 12:25:04</startdate>
<round>1</round>
<failsafecounter/>
<players><player seat="10" name="Matteo73730505" chips="500" dealer="0" win="80" bet="120" muck="1" rebuy="0" addon="0" merge="0" rebuychips="0" reg_code="5076502769"/>
<player seat="3" name="L1mltless" chips="550" dealer="1" win="0" bet="0" muck="1" rebuy="0" addon="0" merge="0" rebuychips="0" reg_code="5076502281"/>
<player seat="6" name="M1ky3ste92" chips="450" dealer="0" win="0" bet="40" muck="1" rebuy="0" addon="0" merge="0" rebuychips="0" reg_code="5076502360"/>
</players>
</general>
<round no="0"><action no="1" player="M1ky3ste92" type="1" sum="10"/>
<action no="2" player="Matteo73730505" type="2" discard="1" dealt="1" sum="20"/>
</round>
<round no="1"><cards type="Pocket" player="L1mltless">X X</cards>
<cards type="Pocket" player="M1ky3ste92">HA H2</cards>
<cards type="Pocket" player="Matteo73730505">X X</cards>
<action no="3" player="L1mltless" type="0" discard="1" dealt="1" sum="0"/>
<action no="4" player="M1ky3ste92" type="23" sum="40"/>
<action no="5" player="Matteo73730505" type="23" discard="1" dealt="1" sum="120"/>
<action no="6" player="M1ky3ste92" type="0" sum="0"/>
</round>
</game>
<game gamecode="6544188767"><general><startdate>2025-11-29 12:25:20</startdate>
<round>1</round>
<failsafecounter/>
<players><player seat="3" name="L1mltless" chips="550" dealer="0" win="0" bet="20" muck="1" rebuy="0" addon="0" merge="0" rebuychips="0" reg_code="5076502281"/>
<player seat="6" name="M1ky3ste92" chips="410" dealer="1" win="0" bet="40" muck="1" rebuy="0" addon="0" merge="0" rebuychips="0" reg_code="5076502360"/>
<player seat="10" name="Matteo73730505" chips="540" dealer="0" win="100" bet="120" muck="1" rebuy="0" addon="0" merge="0" rebuychips="0" reg_code="5076502769"/>
</players>
</general>
<round no="0"><action no="1" player="Matteo73730505" type="1" discard="1" dealt="1" sum="10"/>
<action no="2" player="L1mltless" type="2" discard="1" dealt="1" sum="20"/>
</round>
<round no="1"><cards type="Pocket" player="Matteo73730505">X X</cards>
<cards type="Pocket" player="L1mltless">X X</cards>
<cards type="Pocket" player="M1ky3ste92">D9 CA</cards>
<action no="3" player="M1ky3ste92" type="23" sum="40"/>
<action no="4" player="Matteo73730505" type="23" discard="1" dealt="1" sum="120"/>
<action no="5" player="L1mltless" type="0" discard="1" dealt="1" sum="0"/>
<action no="6" player="M1ky3ste92" type="0" sum="0"/>
</round>
</game>
<game gamecode="6544188795"><general><startdate>2025-11-29 12:25:33</startdate>
<round>1</round>
<failsafecounter/>
<players><player seat="6" name="M1ky3ste92" chips="370" dealer="0" win="0" bet="20" muck="1" rebuy="0" addon="0" merge="0" rebuychips="0" reg_code="5076502360"/>
<player seat="10" name="Matteo73730505" chips="600" dealer="1" win="0" bet="20" muck="1" rebuy="0" addon="0" merge="0" rebuychips="0" reg_code="5076502769"/>
<player seat="3" name="L1mltless" chips="530" dealer="0" win="60" bet="140" muck="1" rebuy="0" addon="0" merge="0" rebuychips="0" reg_code="5076502281"/>
</players>
</general>
<round no="0"><action no="1" player="L1mltless" type="1" discard="1" dealt="1" sum="10"/>
<action no="2" player="M1ky3ste92" type="2" sum="20"/>
</round>
<round no="1"><cards type="Pocket" player="Matteo73730505">X X</cards>
<cards type="Pocket" player="M1ky3ste92">S4 C10</cards>
<cards type="Pocket" player="L1mltless">X X</cards>
<action no="3" player="Matteo73730505" type="3" discard="1" dealt="1" sum="20"/>
<action no="4" player="L1mltless" type="23" discard="1" dealt="1" sum="140"/>
<action no="5" player="M1ky3ste92" type="0" sum="0"/>
<action no="6" player="Matteo73730505" type="0" discard="1" dealt="1" sum="0"/>
</round>
</game>
<game gamecode="6544188834"><general><startdate>2025-11-29 12:25:54</startdate>
<round>1</round>
<failsafecounter/>
<players><player seat="10" name="Matteo73730505" chips="580" dealer="0" win="0" bet="80" muck="1" rebuy="0" addon="0" merge="0" rebuychips="0" reg_code="5076502769"/>
<player seat="3" name="L1mltless" chips="570" dealer="1" win="170" bet="168" muck="1" rebuy="0" addon="0" merge="0" rebuychips="0" reg_code="5076502281"/>
<player seat="6" name="M1ky3ste92" chips="350" dealer="0" win="0" bet="10" muck="1" rebuy="0" addon="0" merge="0" rebuychips="0" reg_code="5076502360"/>
</players>
</general>
<round no="0"><action no="1" player="M1ky3ste92" type="1" sum="10"/>
<action no="2" player="Matteo73730505" type="2" discard="1" dealt="1" sum="20"/>
</round>
<round no="1"><cards type="Pocket" player="M1ky3ste92">C6 HK</cards>
<cards type="Pocket" player="Matteo73730505">X X</cards>
<cards type="Pocket" player="L1mltless">X X</cards>
<action no="3" player="L1mltless" type="23" discard="1" dealt="1" sum="40"/>
<action no="4" player="M1ky3ste92" type="0" sum="0"/>
<action no="5" player="Matteo73730505" type="23" discard="1" dealt="1" sum="80"/>
<action no="6" player="L1mltless" type="3" discard="1" dealt="1" sum="40"/>
</round>
<round no="2"><cards type="Flop">HJ H5 S9</cards>
<action no="7" player="Matteo73730505" type="4" discard="1" dealt="1" sum="0"/>
<action no="8" player="L1mltless" type="5" discard="1" dealt="1" sum="88"/>
<action no="9" player="Matteo73730505" type="0" discard="1" dealt="1" sum="0"/>
</round>
</game>
<game gamecode="6544188884"><general><startdate>2025-11-29 12:26:23</startdate>
<round>1</round>
<failsafecounter/>
<players><player seat="3" name="L1mltless" chips="660" dealer="0" win="0" bet="20" muck="1" rebuy="0" addon="0" merge="0" rebuychips="0" reg_code="5076502281"/>
<player seat="6" name="M1ky3ste92" chips="340" dealer="1" win="0" bet="0" muck="1" rebuy="0" addon="0" merge="0" rebuychips="0" reg_code="5076502360"/>
<player seat="10" name="Matteo73730505" chips="500" dealer="0" win="40" bet="100" muck="1" rebuy="0" addon="0" merge="0" rebuychips="0" reg_code="5076502769"/>
</players>
</general>
<round no="0"><action no="1" player="Matteo73730505" type="1" discard="1" dealt="1" sum="10"/>
<action no="2" player="L1mltless" type="2" discard="1" dealt="1" sum="20"/>
</round>
<round no="1"><cards type="Pocket" player="Matteo73730505">X X</cards>
<cards type="Pocket" player="L1mltless">X X</cards>
<cards type="Pocket" player="M1ky3ste92">D7 S8</cards>
<action no="3" player="M1ky3ste92" type="0" sum="0"/>
<action no="4" player="Matteo73730505" type="23" discard="1" dealt="1" sum="100"/>
<action no="5" player="L1mltless" type="0" discard="1" dealt="1" sum="0"/>
</round>
</game>
<game gamecode="6544188913"><general><startdate>2025-11-29 12:26:42</startdate>
<round>1</round>
<failsafecounter/>
<players><player seat="6" name="M1ky3ste92" chips="340" dealer="0" win="0" bet="35" muck="1" rebuy="0" addon="0" merge="0" rebuychips="0" reg_code="5076502360"/>
<player seat="10" name="Matteo73730505" chips="520" dealer="1" win="0" bet="35" muck="1" rebuy="0" addon="0" merge="0" rebuychips="0" reg_code="5076502769"/>
<player seat="3" name="L1mltless" chips="640" dealer="0" win="105" bet="640" muck="1" rebuy="0" addon="0" merge="0" rebuychips="0" reg_code="5076502281"/>
</players>
</general>
<round no="0"><action no="1" player="L1mltless" type="15" discard="1" dealt="1" sum="5"/>
<action no="2" player="M1ky3ste92" type="15" sum="5"/>
<action no="3" player="Matteo73730505" type="15" discard="1" dealt="1" sum="5"/>
<action no="4" player="L1mltless" type="1" discard="1" dealt="1" sum="15"/>
<action no="5" player="M1ky3ste92" type="2" sum="30"/>
</round>
<round no="1"><cards type="Pocket" player="M1ky3ste92">S10 H4</cards>
<cards type="Pocket" player="Matteo73730505">X X</cards>
<cards type="Pocket" player="L1mltless">X X</cards>
<action no="6" player="Matteo73730505" type="3" discard="1" dealt="1" sum="30"/>
<action no="7" player="L1mltless" type="23" discard="1" dealt="1" sum="635"/>
<action no="8" player="M1ky3ste92" type="0" sum="0"/>
<action no="9" player="Matteo73730505" type="0" discard="1" dealt="1" sum="0"/>
</round>
</game>
<game gamecode="6544188937"><general><startdate>2025-11-29 12:26:55</startdate>
<round>1</round>
<failsafecounter/>
<players><player seat="10" name="Matteo73730505" chips="485" dealer="0" win="45" bet="35" muck="1" rebuy="0" addon="0" merge="0" rebuychips="0" reg_code="5076502769"/>
<player seat="3" name="L1mltless" chips="710" dealer="1" win="0" bet="5" muck="1" rebuy="0" addon="0" merge="0" rebuychips="0" reg_code="5076502281"/>
<player seat="6" name="M1ky3ste92" chips="305" dealer="0" win="0" bet="20" muck="1" rebuy="0" addon="0" merge="0" rebuychips="0" reg_code="5076502360"/>
</players>
</general>
<round no="0"><action no="1" player="M1ky3ste92" type="15" sum="5"/>
<action no="2" player="Matteo73730505" type="15" discard="1" dealt="1" sum="5"/>
<action no="3" player="L1mltless" type="15" discard="1" dealt="1" sum="5"/>
<action no="4" player="M1ky3ste92" type="1" sum="15"/>
<action no="5" player="Matteo73730505" type="2" discard="1" dealt="1" sum="30"/>
</round>
<round no="1"><cards type="Pocket" player="M1ky3ste92">C7 HJ</cards>
<cards type="Pocket" player="Matteo73730505">X X</cards>
<cards type="Pocket" player="L1mltless">X X</cards>
<action no="6" player="L1mltless" type="0" discard="1" dealt="1" sum="0"/>
<action no="7" player="M1ky3ste92" type="0" sum="0"/>
</round>
</game>
<game gamecode="6544188952"><general><startdate>2025-11-29 12:27:04</startdate>
<round>1</round>
<failsafecounter/>
<players><player seat="3" name="L1mltless" chips="705" dealer="0" win="0" bet="35" muck="1" rebuy="0" addon="0" merge="0" rebuychips="0" reg_code="5076502281"/>
<player seat="6" name="M1ky3ste92" chips="285" dealer="1" win="605" bet="285" muck="0" rebuy="0" addon="0" merge="0" rebuychips="0" reg_code="5076502360"/>
<player seat="10" name="Matteo73730505" chips="510" dealer="0" win="0" bet="510" muck="1" rebuy="0" addon="0" merge="0" rebuychips="0" reg_code="5076502769"/>
</players>
</general>
<round no="0"><action no="1" player="Matteo73730505" type="15" discard="1" dealt="1" sum="5"/>
<action no="2" player="L1mltless" type="15" discard="1" dealt="1" sum="5"/>
<action no="3" player="M1ky3ste92" type="15" sum="5"/>
<action no="4" player="Matteo73730505" type="1" discard="1" dealt="1" sum="15"/>
<action no="5" player="L1mltless" type="2" discard="1" dealt="1" sum="30"/>
</round>
<round no="1"><cards type="Pocket" player="M1ky3ste92">C8 HA</cards>
<cards type="Pocket" player="L1mltless">X X</cards>
<cards type="Pocket" player="Matteo73730505">CK D10</cards>
<action no="6" player="M1ky3ste92" type="23" sum="280"/>
<action no="7" player="Matteo73730505" type="7" discard="1" dealt="1" sum="490"/>
<action no="8" player="L1mltless" type="0" discard="1" dealt="1" sum="0"/>
</round>
<round no="2"><cards type="Flop">DA H2 S9</cards>
</round>
<round no="3"><cards type="Turn">C10</cards>
</round>
<round no="4"><cards type="River">S3</cards>
</round>
</game>
<game gamecode="6544188990"><general><startdate>2025-11-29 12:27:30</startdate>
<round>1</round>
<failsafecounter/>
<players><player seat="6" name="M1ky3ste92" chips="605" dealer="0" win="1,215" bet="605" muck="0" rebuy="0" addon="0" merge="0" rebuychips="0" reg_code="5076502360"/>
<player seat="10" name="Matteo73730505" chips="225" dealer="1" win="0" bet="5" muck="1" rebuy="0" addon="0" merge="0" rebuychips="0" reg_code="5076502769"/>
<player seat="3" name="L1mltless" chips="670" dealer="0" win="0" bet="670" muck="0" rebuy="0" addon="0" merge="0" rebuychips="0" reg_code="5076502281"/>
</players>
</general>
<round no="0"><action no="1" player="L1mltless" type="15" discard="1" dealt="1" sum="5"/>
<action no="2" player="M1ky3ste92" type="15" sum="5"/>
<action no="3" player="Matteo73730505" type="15" discard="1" dealt="1" sum="5"/>
<action no="4" player="L1mltless" type="1" discard="1" dealt="1" sum="15"/>
<action no="5" player="M1ky3ste92" type="2" sum="30"/>
</round>
<round no="1"><cards type="Pocket" player="Matteo73730505">X X</cards>
<cards type="Pocket" player="M1ky3ste92">CA HK</cards>
<cards type="Pocket" player="L1mltless">H2 S2</cards>
<action no="6" player="Matteo73730505" type="0" discard="1" dealt="1" sum="0"/>
<action no="7" player="L1mltless" type="23" discard="1" dealt="1" sum="665"/>
<action no="8" player="M1ky3ste92" type="7" sum="570"/>
</round>
<round no="2"><cards type="Flop">HA S5 DK</cards>
</round>
<round no="3"><cards type="Turn">CK</cards>
</round>
<round no="4"><cards type="River">C9</cards>
</round>
</game>
<game gamecode="6544189032"><general><startdate>2025-11-29 12:27:54</startdate>
<round>1</round>
<failsafecounter/>
<players><player seat="10" name="Matteo73730505" chips="220" dealer="0" win="45" bet="35" muck="1" rebuy="0" addon="0" merge="0" rebuychips="0" reg_code="5076502769"/>
<player seat="3" name="L1mltless" chips="65" dealer="1" win="0" bet="5" muck="1" rebuy="0" addon="0" merge="0" rebuychips="0" reg_code="5076502281"/>
<player seat="6" name="M1ky3ste92" chips="1,215" dealer="0" win="0" bet="20" muck="1" rebuy="0" addon="0" merge="0" rebuychips="0" reg_code="5076502360"/>
</players>
</general>
<round no="0"><action no="1" player="M1ky3ste92" type="15" sum="5"/>
<action no="2" player="Matteo73730505" type="15" discard="1" dealt="1" sum="5"/>
<action no="3" player="L1mltless" type="15" discard="1" dealt="1" sum="5"/>
<action no="4" player="M1ky3ste92" type="1" sum="15"/>
<action no="5" player="Matteo73730505" type="2" discard="1" dealt="1" sum="30"/>
</round>
<round no="1"><cards type="Pocket" player="L1mltless">X X</cards>
<cards type="Pocket" player="M1ky3ste92">HQ C2</cards>
<cards type="Pocket" player="Matteo73730505">X X</cards>
<action no="6" player="L1mltless" type="0" discard="1" dealt="1" sum="0"/>
<action no="7" player="M1ky3ste92" type="0" sum="0"/>
</round>
</game>
<game gamecode="6544189053"><general><startdate>2025-11-29 12:28:09</startdate>
<round>1</round>
<failsafecounter/>
<players><player seat="3" name="L1mltless" chips="60" dealer="0" win="55" bet="45" muck="1" rebuy="0" addon="0" merge="0" rebuychips="0" reg_code="5076502281"/>
<player seat="6" name="M1ky3ste92" chips="1,195" dealer="1" win="0" bet="5" muck="1" rebuy="0" addon="0" merge="0" rebuychips="0" reg_code="5076502360"/>
<player seat="10" name="Matteo73730505" chips="245" dealer="0" win="0" bet="25" muck="1" rebuy="0" addon="0" merge="0" rebuychips="0" reg_code="5076502769"/>
</players>
</general>
<round no="0"><action no="1" player="Matteo73730505" type="15" discard="1" dealt="1" sum="5"/>
<action no="2" player="L1mltless" type="15" discard="1" dealt="1" sum="5"/>
<action no="3" player="M1ky3ste92" type="15" sum="5"/>
<action no="4" player="Matteo73730505" type="1" discard="1" dealt="1" sum="20"/>
<action no="5" player="L1mltless" type="2" discard="1" dealt="1" sum="40"/>
</round>
<round no="1"><cards type="Pocket" player="M1ky3ste92">D2 S4</cards>
<cards type="Pocket" player="Matteo73730505">X X</cards>
<cards type="Pocket" player="L1mltless">X X</cards>
<action no="6" player="M1ky3ste92" type="0" sum="0"/>
<action no="7" player="Matteo73730505" type="0" discard="1" dealt="1" sum="0"/>
</round>
</game>
<game gamecode="6544189066"><general><startdate>2025-11-29 12:28:17</startdate>
<round>1</round>
<failsafecounter/>
<players><player seat="6" name="M1ky3ste92" chips="1,190" dealer="0" win="0" bet="45" muck="1" rebuy="0" addon="0" merge="0" rebuychips="0" reg_code="5076502360"/>
<player seat="10" name="Matteo73730505" chips="220" dealer="1" win="0" bet="220" muck="0" rebuy="0" addon="0" merge="0" rebuychips="0" reg_code="5076502769"/>
<player seat="3" name="L1mltless" chips="90" dealer="0" win="225" bet="90" muck="0" rebuy="0" addon="0" merge="0" rebuychips="0" reg_code="5076502281"/>
</players>
</general>
<round no="0"><action no="1" player="L1mltless" type="15" discard="1" dealt="1" sum="5"/>
<action no="2" player="M1ky3ste92" type="15" sum="5"/>
<action no="3" player="Matteo73730505" type="15" discard="1" dealt="1" sum="5"/>
<action no="4" player="L1mltless" type="1" discard="1" dealt="1" sum="20"/>
<action no="5" player="M1ky3ste92" type="2" sum="40"/>
</round>
<round no="1"><cards type="Pocket" player="M1ky3ste92">DQ C6</cards>
<cards type="Pocket" player="L1mltless">D8 CQ</cards>
<cards type="Pocket" player="Matteo73730505">SQ HJ</cards>
<action no="6" player="Matteo73730505" type="23" discard="1" dealt="1" sum="215"/>
<action no="7" player="L1mltless" type="7" discard="1" dealt="1" sum="65"/>
<action no="8" player="M1ky3ste92" type="0" sum="0"/>
</round>
<round no="2"><cards type="Flop">D9 S9 CA</cards>
</round>
<round no="3"><cards type="Turn">H8</cards>
</round>
<round no="4"><cards type="River">D2</cards>
</round>
</game>
<game gamecode="6544189100"><general><startdate>2025-11-29 12:28:42</startdate>
<round>1</round>
<failsafecounter/>
<players><player seat="10" name="Matteo73730505" chips="130" dealer="0" win="0" bet="130" muck="0" rebuy="0" addon="0" merge="0" rebuychips="0" reg_code="5076502769"/>
<player seat="3" name="L1mltless" chips="225" dealer="1" win="285" bet="225" muck="0" rebuy="0" addon="0" merge="0" rebuychips="0" reg_code="5076502281"/>
<player seat="6" name="M1ky3ste92" chips="1,145" dealer="0" win="0" bet="25" muck="1" rebuy="0" addon="0" merge="0" rebuychips="0" reg_code="5076502360"/>
</players>
</general>
<round no="0"><action no="1" player="M1ky3ste92" type="15" sum="5"/>
<action no="2" player="Matteo73730505" type="15" discard="1" dealt="1" sum="5"/>
<action no="3" player="L1mltless" type="15" discard="1" dealt="1" sum="5"/>
<action no="4" player="M1ky3ste92" type="1" sum="20"/>
<action no="5" player="Matteo73730505" type="2" discard="1" dealt="1" sum="40"/>
</round>
<round no="1"><cards type="Pocket" player="M1ky3ste92">S6 C10</cards>
<cards type="Pocket" player="L1mltless">H7 SA</cards>
<cards type="Pocket" player="Matteo73730505">C2 CQ</cards>
<action no="6" player="L1mltless" type="23" discard="1" dealt="1" sum="220"/>
<action no="7" player="M1ky3ste92" type="0" sum="0"/>
<action no="8" player="Matteo73730505" type="7" discard="1" dealt="1" sum="85"/>
</round>
<round no="2"><cards type="Flop">C8 H4 H8</cards>
</round>
<round no="3"><cards type="Turn">S5</cards>
</round>
<round no="4"><cards type="River">D7</cards>
</round>
</game>
<game gamecode="6544189129"><general><startdate>2025-11-29 12:29:04</startdate>
<round>1</round>
<failsafecounter/>
<players><player seat="3" name="L1mltless" chips="380" dealer="0" win="90" bet="125" muck="1" rebuy="0" addon="0" merge="0" rebuychips="0" reg_code="5076502281"/>
<player seat="6" name="M1ky3ste92" chips="1,120" dealer="1" win="0" bet="45" muck="1" rebuy="0" addon="0" merge="0" rebuychips="0" reg_code="5076502360"/>
</players>
</general>
<round no="0"><action no="1" player="M1ky3ste92" type="15" sum="5"/>
<action no="2" player="L1mltless" type="15" discard="1" dealt="1" sum="5"/>
<action no="3" player="M1ky3ste92" type="1" sum="20"/>
<action no="4" player="L1mltless" type="2" discard="1" dealt="1" sum="40"/>
</round>
<round no="1"><cards type="Pocket" player="M1ky3ste92">D4 H8</cards>
<cards type="Pocket" player="L1mltless">X X</cards>
<action no="5" player="M1ky3ste92" type="3" sum="20"/>
<action no="6" player="L1mltless" type="4" discard="1" dealt="1" sum="0"/>
</round>
<round no="2"><cards type="Flop">C6 C3 D7</cards>
<action no="7" player="L1mltless" type="4" discard="1" dealt="1" sum="0"/>
<action no="8" player="M1ky3ste92" type="4" sum="0"/>
</round>
<round no="3"><cards type="Turn">D6</cards>
<action no="9" player="L1mltless" type="5" discard="1" dealt="1" sum="80"/>
<action no="10" player="M1ky3ste92" type="0" sum="0"/>
</round>
</game>
<game gamecode="6544189154"><general><startdate>2025-11-29 12:29:24</startdate>
<round>1</round>
<failsafecounter/>
<players><player seat="6" name="M1ky3ste92" chips="1,075" dealer="0" win="850" bet="1,075" muck="0" rebuy="0" addon="0" merge="0" rebuychips="0" reg_code="5076502360"/>
<player seat="3" name="L1mltless" chips="425" dealer="1" win="0" bet="425" muck="0" rebuy="0" addon="0" merge="0" rebuychips="0" reg_code="5076502281"/>
</players>
</general>
<round no="0"><action no="1" player="L1mltless" type="15" discard="1" dealt="1" sum="5"/>
<action no="2" player="M1ky3ste92" type="15" sum="5"/>
<action no="3" player="L1mltless" type="1" discard="1" dealt="1" sum="20"/>
<action no="4" player="M1ky3ste92" type="2" sum="40"/>
</round>
<round no="1"><cards type="Pocket" player="M1ky3ste92">HA H4</cards>
<cards type="Pocket" player="L1mltless">SJ CK</cards>
<action no="5" player="L1mltless" type="3" discard="1" dealt="1" sum="20"/>
<action no="6" player="M1ky3ste92" type="23" sum="1,070"/>
<action no="7" player="L1mltless" type="7" discard="1" dealt="1" sum="380"/>
</round>
<round no="2"><cards type="Flop">D10 H2 CJ</cards>
</round>
<round no="3"><cards type="Turn">CA</cards>
</round>
<round no="4"><cards type="River">H8</cards>
</round>
</game>
</session>
