<?xml version="1.0" encoding="UTF-8"?>
<session sessioncode="5075990781">
<general>
<client_version>25.7.1.34</client_version>
<mode>real</mode>
<gametype>Holdem NL</gametype>
<tablename>Twister €100 SNG, 822550644</tablename>
<tournamentcode>822550643</tournamentcode>
<tournamentname>Twister €100 SNG</tournamentname>
<buyin>€0 + €7 + €93</buyin>
<totalbuyin>€100</totalbuyin>
<rewarddrawn>€300</rewarddrawn>
<tournamentcurrency>EUR</tournamentcurrency>
<currency>EUR</currency>
<nickname>M1ky3ste92</nickname>
<gamecount>6</gamecount>
<startdate>2025-11-27 16:34:18</startdate>
<place>3</place>
<win>€0</win>
<tablesize>3</tablesize>
</general>
<game gamecode="6542550226"><general><startdate>2025-11-27 16:34:33</startdate>
<round>1</round>
<failsafecounter/>
<players><player seat="3" name="Tiuualex" chips="500" dealer="0" win="20" bet="20" muck="1" rebuy="0" addon="0" merge="0" rebuychips="0" reg_code="5075990389"/>
<player seat="6" name="Aomanuahi" chips="500" dealer="1" win="0" bet="0" muck="1" rebuy="0" addon="0" merge="0" rebuychips="0" reg_code="5075990517"/>
<player seat="10" name="M1ky3ste92" chips="500" dealer="0" win="0" bet="10" muck="1" rebuy="0" addon="0" merge="0" rebuychips="0" reg_code="5075990781"/>
</players>
</general>
<round no="0"><action no="1" player="M1ky3ste92" type="1" sum="10"/>
<action no="2" player="Tiuualex" type="2" discard="1" dealt="1" sum="20"/>
</round>
<round no="1"><cards type="Pocket" player="Tiuualex">X X</cards>
<cards type="Pocket" player="M1ky3ste92">C4 H5</cards>
<cards type="Pocket" player="Aomanuahi">X X</cards>
<action no="3" player="Aomanuahi" type="0" discard="1" dealt="1" sum="0"/>
<action no="4" player="M1ky3ste92" type="0" sum="0"/>
</round>
</game>
<game gamecode="6542550255"><general><startdate>2025-11-27 16:34:45</startdate>
<round>1</round>
<failsafecounter/>
<players><player seat="6" name="Aomanuahi" chips="500" dealer="0" win="40" bet="80" muck="1" rebuy="0" addon="0" merge="0" rebuychips="0" reg_code="5075990517"/>
<player seat="10" name="M1ky3ste92" chips="490" dealer="1" win="0" bet="0" muck="1" rebuy="0" addon="0" merge="0" rebuychips="0" reg_code="5075990781"/>
<player seat="3" name="Tiuualex" chips="510" dealer="0" win="0" bet="20" muck="1" rebuy="0" addon="0" merge="0" rebuychips="0" reg_code="5075990389"/>
</players>
</general>
<round no="0"><action no="1" player="Tiuualex" type="1" discard="1" dealt="1" sum="10"/>
<action no="2" player="Aomanuahi" type="2" discard="1" dealt="1" sum="20"/>
</round>
<round no="1"><cards type="Pocket" player="M1ky3ste92">S9 H8</cards>
<cards type="Pocket" player="Aomanuahi">X X</cards>
<cards type="Pocket" player="Tiuualex">X X</cards>
<action no="3" player="M1ky3ste92" type="0" sum="0"/>
<action no="4" player="Tiuualex" type="3" discard="1" dealt="1" sum="10"/>
<action no="5" player="Aomanuahi" type="4" discard="1" dealt="1" sum="0"/>
</round>
<round no="2"><cards type="Flop">D9 H3 S5</cards>
<action no="6" player="Tiuualex" type="4" discard="1" dealt="1" sum="0"/>
<action no="7" player="Aomanuahi" type="5" discard="1" dealt="1" sum="60"/>
<action no="8" player="Tiuualex" type="0" discard="1" dealt="1" sum="0"/>
</round>
</game>
<game gamecode="6542550345"><general><startdate>2025-11-27 16:35:21</startdate>
<round>1</round>
<failsafecounter/>
<players><player seat="10" name="M1ky3ste92" chips="490" dealer="0" win="0" bet="50" muck="1" rebuy="0" addon="0" merge="0" rebuychips="0" reg_code="5075990781"/>
<player seat="3" name="Tiuualex" chips="490" dealer="1" win="0" bet="0" muck="1" rebuy="0" addon="0" merge="0" rebuychips="0" reg_code="5075990389"/>
<player seat="6" name="Aomanuahi" chips="520" dealer="0" win="100" bet="110" muck="1" rebuy="0" addon="0" merge="0" rebuychips="0" reg_code="5075990517"/>
</players>
</general>
<round no="0"><action no="1" player="Aomanuahi" type="1" discard="1" dealt="1" sum="10"/>
<action no="2" player="M1ky3ste92" type="2" sum="20"/>
</round>
<round no="1"><cards type="Pocket" player="M1ky3ste92">HA D3</cards>
<cards type="Pocket" player="Tiuualex">X X</cards>
<cards type="Pocket" player="Aomanuahi">X X</cards>
<action no="3" player="Tiuualex" type="0" discard="1" dealt="1" sum="0"/>
<action no="4" player="Aomanuahi" type="23" discard="1" dealt="1" sum="50"/>
<action no="5" player="M1ky3ste92" type="3" sum="30"/>
</round>
<round no="2"><cards type="Flop">D6 C3 H9</cards>
<action no="6" player="Aomanuahi" type="4" discard="1" dealt="1" sum="0"/>
<action no="7" player="M1ky3ste92" type="4" sum="0"/>
</round>
<round no="3"><cards type="Turn">D10</cards>
<action no="8" player="Aomanuahi" type="5" discard="1" dealt="1" sum="60"/>
<action no="9" player="M1ky3ste92" type="0" sum="0"/>
</round>
</game>
<game gamecode="6542550453"><general><startdate>2025-11-27 16:36:05</startdate>
<round>1</round>
<failsafecounter/>
<players><player seat="3" name="Tiuualex" chips="490" dealer="0" win="528" bet="264" muck="0" rebuy="0" addon="0" merge="0" rebuychips="0" reg_code="5075990389"/>
<player seat="6" name="Aomanuahi" chips="570" dealer="1" win="0" bet="0" muck="1" rebuy="0" addon="0" merge="0" rebuychips="0" reg_code="5075990517"/>
<player seat="10" name="M1ky3ste92" chips="440" dealer="0" win="0" bet="264" muck="1" rebuy="0" addon="0" merge="0" rebuychips="0" reg_code="5075990781"/>
</players>
</general>
<round no="0"><action no="1" player="M1ky3ste92" type="1" sum="10"/>
<action no="2" player="Tiuualex" type="2" discard="1" dealt="1" sum="20"/>
</round>
<round no="1"><cards type="Pocket" player="Aomanuahi">X X</cards>
<cards type="Pocket" player="M1ky3ste92">CJ DJ</cards>
<cards type="Pocket" player="Tiuualex">S6 SA</cards>
<action no="3" player="Aomanuahi" type="0" discard="1" dealt="1" sum="0"/>
<action no="4" player="M1ky3ste92" type="23" sum="40"/>
<action no="5" player="Tiuualex" type="3" discard="1" dealt="1" sum="20"/>
</round>
<round no="2"><cards type="Flop">CA H10 S10</cards>
<action no="6" player="M1ky3ste92" type="5" sum="26"/>
<action no="7" player="Tiuualex" type="3" discard="1" dealt="1" sum="26"/>
</round>
<round no="3"><cards type="Turn">D9</cards>
<action no="8" player="M1ky3ste92" type="4" sum="0"/>
<action no="9" player="Tiuualex" type="5" discard="1" dealt="1" sum="73"/>
<action no="10" player="M1ky3ste92" type="3" sum="73"/>
</round>
<round no="4"><cards type="River">S4</cards>
<action no="11" player="M1ky3ste92" type="4" sum="0"/>
<action no="12" player="Tiuualex" type="5" discard="1" dealt="1" sum="125"/>
<action no="13" player="M1ky3ste92" type="3" sum="125"/>
</round>
</game>
<game gamecode="6542550621"><general><startdate>2025-11-27 16:37:32</startdate>
<round>1</round>
<failsafecounter/>
<players><player seat="6" name="Aomanuahi" chips="570" dealer="0" win="321" bet="158" muck="0" rebuy="0" addon="0" merge="0" rebuychips="0" reg_code="5075990517"/>
<player seat="10" name="M1ky3ste92" chips="176" dealer="1" win="0" bet="5" muck="1" rebuy="0" addon="0" merge="0" rebuychips="0" reg_code="5075990781"/>
<player seat="3" name="Tiuualex" chips="754" dealer="0" win="0" bet="158" muck="1" rebuy="0" addon="0" merge="0" rebuychips="0" reg_code="5075990389"/>
</players>
</general>
<round no="0"><action no="1" player="Tiuualex" type="15" discard="1" dealt="1" sum="5"/>
<action no="2" player="Aomanuahi" type="15" discard="1" dealt="1" sum="5"/>
<action no="3" player="M1ky3ste92" type="15" sum="5"/>
<action no="4" player="Tiuualex" type="1" discard="1" dealt="1" sum="15"/>
<action no="5" player="Aomanuahi" type="2" discard="1" dealt="1" sum="30"/>
</round>
<round no="1"><cards type="Pocket" player="Tiuualex">HK SA</cards>
<cards type="Pocket" player="M1ky3ste92">S8 D5</cards>
<cards type="Pocket" player="Aomanuahi">SJ D9</cards>
<action no="6" player="M1ky3ste92" type="0" sum="0"/>
<action no="7" player="Tiuualex" type="3" discard="1" dealt="1" sum="15"/>
<action no="8" player="Aomanuahi" type="4" discard="1" dealt="1" sum="0"/>
</round>
<round no="2"><cards type="Flop">SQ CJ H9</cards>
<action no="9" player="Tiuualex" type="4" discard="1" dealt="1" sum="0"/>
<action no="10" player="Aomanuahi" type="5" discard="1" dealt="1" sum="45"/>
<action no="11" player="Tiuualex" type="3" discard="1" dealt="1" sum="45"/>
</round>
<round no="3"><cards type="Turn">CA</cards>
<action no="12" player="Tiuualex" type="5" discard="1" dealt="1" sum="78"/>
<action no="13" player="Aomanuahi" type="3" discard="1" dealt="1" sum="78"/>
</round>
<round no="4"><cards type="River">C8</cards>
<action no="14" player="Tiuualex" type="4" discard="1" dealt="1" sum="0"/>
<action no="15" player="Aomanuahi" type="4" discard="1" dealt="1" sum="0"/>
</round>
</game>
<game gamecode="6542550738"><general><startdate>2025-11-27 16:38:29</startdate>
<round>1</round>
<failsafecounter/>
<players><player seat="10" name="M1ky3ste92" chips="171" dealer="0" win="0" bet="171" muck="0" rebuy="0" addon="0" merge="0" rebuychips="0" reg_code="5075990781"/>
<player seat="3" name="Tiuualex" chips="596" dealer="1" win="0" bet="5" muck="1" rebuy="0" addon="0" merge="0" rebuychips="0" reg_code="5075990389"/>
<player seat="6" name="Aomanuahi" chips="733" dealer="0" win="347" bet="733" muck="0" rebuy="0" addon="0" merge="0" rebuychips="0" reg_code="5075990517"/>
</players>
</general>
<round no="0"><action no="1" player="Aomanuahi" type="15" discard="1" dealt="1" sum="5"/>
<action no="2" player="M1ky3ste92" type="15" sum="5"/>
<action no="3" player="Tiuualex" type="15" discard="1" dealt="1" sum="5"/>
<action no="4" player="Aomanuahi" type="1" discard="1" dealt="1" sum="20"/>
<action no="5" player="M1ky3ste92" type="2" sum="40"/>
</round>
<round no="1"><cards type="Pocket" player="M1ky3ste92">DQ S5</cards>
<cards type="Pocket" player="Tiuualex">X X</cards>
<cards type="Pocket" player="Aomanuahi">DK D8</cards>
<action no="6" player="Tiuualex" type="0" discard="1" dealt="1" sum="0"/>
<action no="7" player="Aomanuahi" type="23" discard="1" dealt="1" sum="728"/>
<action no="8" player="M1ky3ste92" type="7" sum="126"/>
</round>
<round no="2"><cards type="Flop">S10 HA H8</cards>
</round>
<round no="3"><cards type="Turn">SA</cards>
</round>
<round no="4"><cards type="River">S8</cards>
</round>
</game>
</session>
