<?xml version="1.0" encoding="UTF-8"?>
<session sessioncode="5075721421">
<general>
<client_version>25.7.1.34</client_version>
<mode>real</mode>
<gametype>Holdem NL</gametype>
<tablename>Twister €100 SNG, 822479470</tablename>
<tournamentcode>822479469</tournamentcode>
<tournamentname>Twister €100 SNG</tournamentname>
<buyin>€0 + €7 + €93</buyin>
<totalbuyin>€100</totalbuyin>
<rewarddrawn>€300</rewarddrawn>
<tournamentcurrency>EUR</tournamentcurrency>
<currency>EUR</currency>
<nickname>M1ky3ste92</nickname>
<gamecount>23</gamecount>
<startdate>2025-11-26 15:15:10</startdate>
<place>1</place>
<win>€300</win>
<tablesize>3</tablesize>
</general>
<game gamecode="6541607332"><general><startdate>2025-11-26 15:15:25</startdate>
<round>1</round>
<failsafecounter/>
<players><player seat="3" name="mocciolocaldo" chips="500" dealer="0" win="0" bet="40" muck="1" rebuy="0" addon="0" merge="0" rebuychips="0" reg_code="5075721017"/>
<player seat="6" name="MttGrinder" chips="500" dealer="1" win="90" bet="85" muck="1" rebuy="0" addon="0" merge="0" rebuychips="0" reg_code="5075721385"/>
<player seat="10" name="M1ky3ste92" chips="500" dealer="0" win="0" bet="10" muck="1" rebuy="0" addon="0" merge="0" rebuychips="0" reg_code="5075721421"/>
</players>
</general>
<round no="0"><action no="1" player="M1ky3ste92" type="1" sum="10"/>
<action no="2" player="mocciolocaldo" type="2" discard="1" dealt="1" sum="20"/>
</round>
<round no="1"><cards type="Pocket" player="MttGrinder">X X</cards>
<cards type="Pocket" player="mocciolocaldo">X X</cards>
<cards type="Pocket" player="M1ky3ste92">S8 D3</cards>
<action no="3" player="MttGrinder" type="23" discard="1" dealt="1" sum="40"/>
<action no="4" player="M1ky3ste92" type="0" sum="0"/>
<action no="5" player="mocciolocaldo" type="3" discard="1" dealt="1" sum="20"/>
</round>
<round no="2"><cards type="Flop">D10 CK S10</cards>
<action no="6" player="mocciolocaldo" type="4" discard="1" dealt="1" sum="0"/>
<action no="7" player="MttGrinder" type="5" discard="1" dealt="1" sum="45"/>
<action no="8" player="mocciolocaldo" type="0" discard="1" dealt="1" sum="0"/>
</round>
</game>
<game gamecode="6541607394"><general><startdate>2025-11-26 15:15:57</startdate>
<round>1</round>
<failsafecounter/>
<players><player seat="6" name="MttGrinder" chips="550" dealer="0" win="0" bet="40" muck="1" rebuy="0" addon="0" merge="0" rebuychips="0" reg_code="5075721385"/>
<player seat="10" name="M1ky3ste92" chips="490" dealer="1" win="90" bet="70" muck="1" rebuy="0" addon="0" merge="0" rebuychips="0" reg_code="5075721421"/>
<player seat="3" name="mocciolocaldo" chips="460" dealer="0" win="0" bet="10" muck="1" rebuy="0" addon="0" merge="0" rebuychips="0" reg_code="5075721017"/>
</players>
</general>
<round no="0"><action no="1" player="mocciolocaldo" type="1" discard="1" dealt="1" sum="10"/>
<action no="2" player="MttGrinder" type="2" discard="1" dealt="1" sum="20"/>
</round>
<round no="1"><cards type="Pocket" player="M1ky3ste92">D7 D9</cards>
<cards type="Pocket" player="mocciolocaldo">X X</cards>
<cards type="Pocket" player="MttGrinder">X X</cards>
<action no="3" player="M1ky3ste92" type="23" sum="40"/>
<action no="4" player="mocciolocaldo" type="0" discard="1" dealt="1" sum="0"/>
<action no="5" player="MttGrinder" type="3" discard="1" dealt="1" sum="20"/>
</round>
<round no="2"><cards type="Flop">H7 CJ C7</cards>
<action no="6" player="MttGrinder" type="4" discard="1" dealt="1" sum="0"/>
<action no="7" player="M1ky3ste92" type="5" sum="30"/>
<action no="8" player="MttGrinder" type="0" discard="1" dealt="1" sum="0"/>
</round>
</game>
<game gamecode="6541607443"><general><startdate>2025-11-26 15:16:17</startdate>
<round>1</round>
<failsafecounter/>
<players><player seat="10" name="M1ky3ste92" chips="540" dealer="0" win="0" bet="20" muck="1" rebuy="0" addon="0" merge="0" rebuychips="0" reg_code="5075721421"/>
<player seat="3" name="mocciolocaldo" chips="450" dealer="1" win="0" bet="0" muck="1" rebuy="0" addon="0" merge="0" rebuychips="0" reg_code="5075721017"/>
<player seat="6" name="MttGrinder" chips="510" dealer="0" win="40" bet="40" muck="1" rebuy="0" addon="0" merge="0" rebuychips="0" reg_code="5075721385"/>
</players>
</general>
<round no="0"><action no="1" player="MttGrinder" type="1" discard="1" dealt="1" sum="10"/>
<action no="2" player="M1ky3ste92" type="2" sum="20"/>
</round>
<round no="1"><cards type="Pocket" player="MttGrinder">X X</cards>
<cards type="Pocket" player="mocciolocaldo">X X</cards>
<cards type="Pocket" player="M1ky3ste92">S6 H4</cards>
<action no="3" player="mocciolocaldo" type="0" discard="1" dealt="1" sum="0"/>
<action no="4" player="MttGrinder" type="23" discard="1" dealt="1" sum="40"/>
<action no="5" player="M1ky3ste92" type="0" sum="0"/>
</round>
</game>
<game gamecode="6541607460"><general><startdate>2025-11-26 15:16:26</startdate>
<round>1</round>
<failsafecounter/>
<players><player seat="3" name="mocciolocaldo" chips="450" dealer="0" win="0" bet="85" muck="1" rebuy="0" addon="0" merge="0" rebuychips="0" reg_code="5075721017"/>
<player seat="6" name="MttGrinder" chips="530" dealer="1" win="180" bet="220" muck="1" rebuy="0" addon="0" merge="0" rebuychips="0" reg_code="5075721385"/>
<player seat="10" name="M1ky3ste92" chips="520" dealer="0" win="0" bet="10" muck="1" rebuy="0" addon="0" merge="0" rebuychips="0" reg_code="5075721421"/>
</players>
</general>
<round no="0"><action no="1" player="M1ky3ste92" type="1" sum="10"/>
<action no="2" player="mocciolocaldo" type="2" discard="1" dealt="1" sum="20"/>
</round>
<round no="1"><cards type="Pocket" player="MttGrinder">X X</cards>
<cards type="Pocket" player="mocciolocaldo">X X</cards>
<cards type="Pocket" player="M1ky3ste92">D8 S7</cards>
<action no="3" player="MttGrinder" type="23" discard="1" dealt="1" sum="40"/>
<action no="4" player="M1ky3ste92" type="0" sum="0"/>
<action no="5" player="mocciolocaldo" type="3" discard="1" dealt="1" sum="20"/>
</round>
<round no="2"><cards type="Flop">D10 DA HQ</cards>
<action no="6" player="mocciolocaldo" type="4" discard="1" dealt="1" sum="0"/>
<action no="7" player="MttGrinder" type="5" discard="1" dealt="1" sum="45"/>
<action no="8" player="mocciolocaldo" type="3" discard="1" dealt="1" sum="45"/>
</round>
<round no="3"><cards type="Turn">C8</cards>
<action no="9" player="mocciolocaldo" type="4" discard="1" dealt="1" sum="0"/>
<action no="10" player="MttGrinder" type="4" discard="1" dealt="1" sum="0"/>
</round>
<round no="4"><cards type="River">SQ</cards>
<action no="11" player="mocciolocaldo" type="4" discard="1" dealt="1" sum="0"/>
<action no="12" player="MttGrinder" type="5" discard="1" dealt="1" sum="135"/>
<action no="13" player="mocciolocaldo" type="0" discard="1" dealt="1" sum="0"/>
</round>
</game>
<game gamecode="6541613071"><general><startdate>2025-11-26 15:17:19</startdate>
<round>1</round>
<failsafecounter/>
<players><player seat="6" name="MttGrinder" chips="625" dealer="0" win="0" bet="35" muck="1" rebuy="0" addon="0" merge="0" rebuychips="0" reg_code="5075721385"/>
<player seat="10" name="M1ky3ste92" chips="510" dealer="1" win="90" bet="65" muck="1" rebuy="0" addon="0" merge="0" rebuychips="0" reg_code="5075721421"/>
<player seat="3" name="mocciolocaldo" chips="365" dealer="0" win="0" bet="20" muck="1" rebuy="0" addon="0" merge="0" rebuychips="0" reg_code="5075721017"/>
</players>
</general>
<round no="0"><action no="1" player="mocciolocaldo" type="15" discard="1" dealt="1" sum="5"/>
<action no="2" player="MttGrinder" type="15" discard="1" dealt="1" sum="5"/>
<action no="3" player="M1ky3ste92" type="15" sum="5"/>
<action no="4" player="mocciolocaldo" type="1" discard="1" dealt="1" sum="15"/>
<action no="5" player="MttGrinder" type="2" discard="1" dealt="1" sum="30"/>
</round>
<round no="1"><cards type="Pocket" player="MttGrinder">X X</cards>
<cards type="Pocket" player="mocciolocaldo">X X</cards>
<cards type="Pocket" player="M1ky3ste92">CQ C10</cards>
<action no="6" player="M1ky3ste92" type="23" sum="60"/>
<action no="7" player="mocciolocaldo" type="0" discard="1" dealt="1" sum="0"/>
<action no="8" player="MttGrinder" type="0" discard="1" dealt="1" sum="0"/>
</round>
</game>
<game gamecode="6541613101"><general><startdate>2025-11-26 15:17:31</startdate>
<round>1</round>
<failsafecounter/>
<players><player seat="10" name="M1ky3ste92" chips="565" dealer="0" win="45" bet="35" muck="1" rebuy="0" addon="0" merge="0" rebuychips="0" reg_code="5075721421"/>
<player seat="3" name="mocciolocaldo" chips="345" dealer="1" win="0" bet="5" muck="1" rebuy="0" addon="0" merge="0" rebuychips="0" reg_code="5075721017"/>
<player seat="6" name="MttGrinder" chips="590" dealer="0" win="0" bet="20" muck="1" rebuy="0" addon="0" merge="0" rebuychips="0" reg_code="5075721385"/>
</players>
</general>
<round no="0"><action no="1" player="MttGrinder" type="15" discard="1" dealt="1" sum="5"/>
<action no="2" player="M1ky3ste92" type="15" sum="5"/>
<action no="3" player="mocciolocaldo" type="15" discard="1" dealt="1" sum="5"/>
<action no="4" player="MttGrinder" type="1" discard="1" dealt="1" sum="15"/>
<action no="5" player="M1ky3ste92" type="2" sum="30"/>
</round>
<round no="1"><cards type="Pocket" player="MttGrinder">X X</cards>
<cards type="Pocket" player="mocciolocaldo">X X</cards>
<cards type="Pocket" player="M1ky3ste92">DA HJ</cards>
<action no="6" player="mocciolocaldo" type="0" discard="1" dealt="1" sum="0"/>
<action no="7" player="MttGrinder" type="0" discard="1" dealt="1" sum="0"/>
</round>
</game>
<game gamecode="6541613120"><general><startdate>2025-11-26 15:17:37</startdate>
<round>1</round>
<failsafecounter/>
<players><player seat="3" name="mocciolocaldo" chips="340" dealer="0" win="45" bet="35" muck="1" rebuy="0" addon="0" merge="0" rebuychips="0" reg_code="5075721017"/>
<player seat="6" name="MttGrinder" chips="570" dealer="1" win="0" bet="5" muck="1" rebuy="0" addon="0" merge="0" rebuychips="0" reg_code="5075721385"/>
<player seat="10" name="M1ky3ste92" chips="590" dealer="0" win="0" bet="20" muck="1" rebuy="0" addon="0" merge="0" rebuychips="0" reg_code="5075721421"/>
</players>
</general>
<round no="0"><action no="1" player="M1ky3ste92" type="15" sum="5"/>
<action no="2" player="mocciolocaldo" type="15" discard="1" dealt="1" sum="5"/>
<action no="3" player="MttGrinder" type="15" discard="1" dealt="1" sum="5"/>
<action no="4" player="M1ky3ste92" type="1" sum="15"/>
<action no="5" player="mocciolocaldo" type="2" discard="1" dealt="1" sum="30"/>
</round>
<round no="1"><cards type="Pocket" player="MttGrinder">X X</cards>
<cards type="Pocket" player="mocciolocaldo">X X</cards>
<cards type="Pocket" player="M1ky3ste92">D4 C2</cards>
<action no="6" player="MttGrinder" type="0" discard="1" dealt="1" sum="0"/>
<action no="7" player="M1ky3ste92" type="0" sum="0"/>
</round>
</game>
<game gamecode="6541613135"><general><startdate>2025-11-26 15:17:42</startdate>
<round>1</round>
<failsafecounter/>
<players><player seat="6" name="MttGrinder" chips="565" dealer="0" win="195" bet="159" muck="1" rebuy="0" addon="0" merge="0" rebuychips="0" reg_code="5075721385"/>
<player seat="10" name="M1ky3ste92" chips="570" dealer="1" win="0" bet="5" muck="1" rebuy="0" addon="0" merge="0" rebuychips="0" reg_code="5075721421"/>
<player seat="3" name="mocciolocaldo" chips="365" dealer="0" win="0" bet="95" muck="1" rebuy="0" addon="0" merge="0" rebuychips="0" reg_code="5075721017"/>
</players>
</general>
<round no="0"><action no="1" player="mocciolocaldo" type="15" discard="1" dealt="1" sum="5"/>
<action no="2" player="MttGrinder" type="15" discard="1" dealt="1" sum="5"/>
<action no="3" player="M1ky3ste92" type="15" sum="5"/>
<action no="4" player="mocciolocaldo" type="1" discard="1" dealt="1" sum="15"/>
<action no="5" player="MttGrinder" type="2" discard="1" dealt="1" sum="30"/>
</round>
<round no="1"><cards type="Pocket" player="MttGrinder">X X</cards>
<cards type="Pocket" player="mocciolocaldo">X X</cards>
<cards type="Pocket" player="M1ky3ste92">HJ D7</cards>
<action no="6" player="M1ky3ste92" type="0" sum="0"/>
<action no="7" player="mocciolocaldo" type="3" discard="1" dealt="1" sum="15"/>
<action no="8" player="MttGrinder" type="23" discard="1" dealt="1" sum="90"/>
<action no="9" player="mocciolocaldo" type="3" discard="1" dealt="1" sum="60"/>
</round>
<round no="2"><cards type="Flop">S6 DQ C7</cards>
<action no="10" player="mocciolocaldo" type="4" discard="1" dealt="1" sum="0"/>
<action no="11" player="MttGrinder" type="5" discard="1" dealt="1" sum="64"/>
<action no="12" player="mocciolocaldo" type="0" discard="1" dealt="1" sum="0"/>
</round>
</game>
<game gamecode="6541613234"><general><startdate>2025-11-26 15:18:22</startdate>
<round>1</round>
<failsafecounter/>
<players><player seat="10" name="M1ky3ste92" chips="565" dealer="0" win="280" bet="270" muck="0" rebuy="0" addon="0" merge="0" rebuychips="0" reg_code="5075721421"/>
<player seat="3" name="mocciolocaldo" chips="270" dealer="1" win="280" bet="270" muck="0" rebuy="0" addon="0" merge="0" rebuychips="0" reg_code="5075721017"/>
<player seat="6" name="MttGrinder" chips="665" dealer="0" win="0" bet="20" muck="1" rebuy="0" addon="0" merge="0" rebuychips="0" reg_code="5075721385"/>
</players>
</general>
<round no="0"><action no="1" player="MttGrinder" type="15" discard="1" dealt="1" sum="5"/>
<action no="2" player="M1ky3ste92" type="15" sum="5"/>
<action no="3" player="mocciolocaldo" type="15" discard="1" dealt="1" sum="5"/>
<action no="4" player="MttGrinder" type="1" discard="1" dealt="1" sum="15"/>
<action no="5" player="M1ky3ste92" type="2" sum="30"/>
</round>
<round no="1"><cards type="Pocket" player="mocciolocaldo">HJ H10</cards>
<cards type="Pocket" player="MttGrinder">X X</cards>
<cards type="Pocket" player="M1ky3ste92">C10 CJ</cards>
<action no="6" player="mocciolocaldo" type="23" discard="1" dealt="1" sum="265"/>
<action no="7" player="MttGrinder" type="0" discard="1" dealt="1" sum="0"/>
<action no="8" player="M1ky3ste92" type="3" sum="235"/>
</round>
<round no="2"><cards type="Flop">H8 D7 DK</cards>
</round>
<round no="3"><cards type="Turn">H5</cards>
</round>
<round no="4"><cards type="River">CQ</cards>
</round>
</game>
<game gamecode="6541613290"><general><startdate>2025-11-26 15:18:45</startdate>
<round>1</round>
<failsafecounter/>
<players><player seat="3" name="mocciolocaldo" chips="280" dealer="0" win="0" bet="35" muck="1" rebuy="0" addon="0" merge="0" rebuychips="0" reg_code="5075721017"/>
<player seat="6" name="MttGrinder" chips="645" dealer="1" win="0" bet="5" muck="1" rebuy="0" addon="0" merge="0" rebuychips="0" reg_code="5075721385"/>
<player seat="10" name="M1ky3ste92" chips="575" dealer="0" win="75" bet="575" muck="1" rebuy="0" addon="0" merge="0" rebuychips="0" reg_code="5075721421"/>
</players>
</general>
<round no="0"><action no="1" player="M1ky3ste92" type="15" sum="5"/>
<action no="2" player="mocciolocaldo" type="15" discard="1" dealt="1" sum="5"/>
<action no="3" player="MttGrinder" type="15" discard="1" dealt="1" sum="5"/>
<action no="4" player="M1ky3ste92" type="1" sum="15"/>
<action no="5" player="mocciolocaldo" type="2" discard="1" dealt="1" sum="30"/>
</round>
<round no="1"><cards type="Pocket" player="M1ky3ste92">D8 DJ</cards>
<cards type="Pocket" player="MttGrinder">X X</cards>
<cards type="Pocket" player="mocciolocaldo">X X</cards>
<action no="6" player="MttGrinder" type="0" discard="1" dealt="1" sum="0"/>
<action no="7" player="M1ky3ste92" type="23" sum="570"/>
<action no="8" player="mocciolocaldo" type="0" discard="1" dealt="1" sum="0"/>
</round>
</game>
<game gamecode="6541613335"><general><startdate>2025-11-26 15:19:01</startdate>
<round>1</round>
<failsafecounter/>
<players><player seat="6" name="MttGrinder" chips="640" dealer="0" win="0" bet="45" muck="1" rebuy="0" addon="0" merge="0" rebuychips="0" reg_code="5075721385"/>
<player seat="10" name="M1ky3ste92" chips="615" dealer="1" win="0" bet="5" muck="1" rebuy="0" addon="0" merge="0" rebuychips="0" reg_code="5075721421"/>
<player seat="3" name="mocciolocaldo" chips="245" dealer="0" win="95" bet="245" muck="1" rebuy="0" addon="0" merge="0" rebuychips="0" reg_code="5075721017"/>
</players>
</general>
<round no="0"><action no="1" player="mocciolocaldo" type="15" discard="1" dealt="1" sum="5"/>
<action no="2" player="MttGrinder" type="15" discard="1" dealt="1" sum="5"/>
<action no="3" player="M1ky3ste92" type="15" sum="5"/>
<action no="4" player="mocciolocaldo" type="1" discard="1" dealt="1" sum="20"/>
<action no="5" player="MttGrinder" type="2" discard="1" dealt="1" sum="40"/>
</round>
<round no="1"><cards type="Pocket" player="M1ky3ste92">CJ H2</cards>
<cards type="Pocket" player="mocciolocaldo">X X</cards>
<cards type="Pocket" player="MttGrinder">X X</cards>
<action no="6" player="M1ky3ste92" type="0" sum="0"/>
<action no="7" player="mocciolocaldo" type="23" discard="1" dealt="1" sum="240"/>
<action no="8" player="MttGrinder" type="0" discard="1" dealt="1" sum="0"/>
</round>
</game>
<game gamecode="6541613354"><general><startdate>2025-11-26 15:19:08</startdate>
<round>1</round>
<failsafecounter/>
<players><player seat="10" name="M1ky3ste92" chips="610" dealer="0" win="175" bet="610" muck="1" rebuy="0" addon="0" merge="0" rebuychips="0" reg_code="5075721421"/>
<player seat="3" name="mocciolocaldo" chips="295" dealer="1" win="0" bet="5" muck="1" rebuy="0" addon="0" merge="0" rebuychips="0" reg_code="5075721017"/>
<player seat="6" name="MttGrinder" chips="595" dealer="0" win="0" bet="85" muck="1" rebuy="0" addon="0" merge="0" rebuychips="0" reg_code="5075721385"/>
</players>
</general>
<round no="0"><action no="1" player="MttGrinder" type="15" discard="1" dealt="1" sum="5"/>
<action no="2" player="M1ky3ste92" type="15" sum="5"/>
<action no="3" player="mocciolocaldo" type="15" discard="1" dealt="1" sum="5"/>
<action no="4" player="MttGrinder" type="1" discard="1" dealt="1" sum="20"/>
<action no="5" player="M1ky3ste92" type="2" sum="40"/>
</round>
<round no="1"><cards type="Pocket" player="mocciolocaldo">X X</cards>
<cards type="Pocket" player="MttGrinder">X X</cards>
<cards type="Pocket" player="M1ky3ste92">C3 DA</cards>
<action no="6" player="mocciolocaldo" type="0" discard="1" dealt="1" sum="0"/>
<action no="7" player="MttGrinder" type="23" discard="1" dealt="1" sum="80"/>
<action no="8" player="M1ky3ste92" type="23" sum="605"/>
<action no="9" player="MttGrinder" type="0" discard="1" dealt="1" sum="0"/>
</round>
</game>
<game gamecode="6541613404"><general><startdate>2025-11-26 15:19:28</startdate>
<round>1</round>
<failsafecounter/>
<players><player seat="3" name="mocciolocaldo" chips="290" dealer="0" win="0" bet="45" muck="1" rebuy="0" addon="0" merge="0" rebuychips="0" reg_code="5075721017"/>
<player seat="6" name="MttGrinder" chips="510" dealer="1" win="0" bet="510" muck="0" rebuy="0" addon="0" merge="0" rebuychips="0" reg_code="5075721385"/>
<player seat="10" name="M1ky3ste92" chips="700" dealer="0" win="1,065" bet="700" muck="0" rebuy="0" addon="0" merge="0" rebuychips="0" reg_code="5075721421"/>
</players>
</general>
<round no="0"><action no="1" player="M1ky3ste92" type="15" sum="5"/>
<action no="2" player="mocciolocaldo" type="15" discard="1" dealt="1" sum="5"/>
<action no="3" player="MttGrinder" type="15" discard="1" dealt="1" sum="5"/>
<action no="4" player="M1ky3ste92" type="1" sum="20"/>
<action no="5" player="mocciolocaldo" type="2" discard="1" dealt="1" sum="40"/>
</round>
<round no="1"><cards type="Pocket" player="mocciolocaldo">X X</cards>
<cards type="Pocket" player="MttGrinder">D4 SA</cards>
<cards type="Pocket" player="M1ky3ste92">CQ CA</cards>
<action no="6" player="MttGrinder" type="23" discard="1" dealt="1" sum="505"/>
<action no="7" player="M1ky3ste92" type="7" sum="675"/>
<action no="8" player="mocciolocaldo" type="0" discard="1" dealt="1" sum="0"/>
</round>
<round no="2"><cards type="Flop">H8 D9 DJ</cards>
</round>
<round no="3"><cards type="Turn">C3</cards>
</round>
<round no="4"><cards type="River">S3</cards>
</round>
</game>
<game gamecode="6541613457"><general><startdate>2025-11-26 15:19:48</startdate>
<round>1</round>
<failsafecounter/>
<players><player seat="3" name="mocciolocaldo" chips="245" dealer="0" win="0" bet="45" muck="1" rebuy="0" addon="0" merge="0" rebuychips="0" reg_code="5075721017"/>
<player seat="10" name="M1ky3ste92" chips="1,255" dealer="1" win="90" bet="1,255" muck="1" rebuy="0" addon="0" merge="0" rebuychips="0" reg_code="5075721421"/>
</players>
</general>
<round no="0"><action no="1" player="M1ky3ste92" type="15" sum="5"/>
<action no="2" player="mocciolocaldo" type="15" discard="1" dealt="1" sum="5"/>
<action no="3" player="M1ky3ste92" type="1" sum="20"/>
<action no="4" player="mocciolocaldo" type="2" discard="1" dealt="1" sum="40"/>
</round>
<round no="1"><cards type="Pocket" player="mocciolocaldo">X X</cards>
<cards type="Pocket" player="M1ky3ste92">CA H2</cards>
<action no="5" player="M1ky3ste92" type="23" sum="1,250"/>
<action no="6" player="mocciolocaldo" type="0" discard="1" dealt="1" sum="0"/>
</round>
</game>
<game gamecode="6541613479"><general><startdate>2025-11-26 15:19:56</startdate>
<round>1</round>
<failsafecounter/>
<players><player seat="10" name="M1ky3ste92" chips="1,300" dealer="0" win="0" bet="200" muck="1" rebuy="0" addon="0" merge="0" rebuychips="0" reg_code="5075721421"/>
<player seat="3" name="mocciolocaldo" chips="200" dealer="1" win="400" bet="200" muck="0" rebuy="0" addon="0" merge="0" rebuychips="0" reg_code="5075721017"/>
</players>
</general>
<round no="0"><action no="1" player="mocciolocaldo" type="15" discard="1" dealt="1" sum="5"/>
<action no="2" player="M1ky3ste92" type="15" sum="5"/>
<action no="3" player="mocciolocaldo" type="1" discard="1" dealt="1" sum="20"/>
<action no="4" player="M1ky3ste92" type="2" sum="40"/>
</round>
<round no="1"><cards type="Pocket" player="mocciolocaldo">S10 S9</cards>
<cards type="Pocket" player="M1ky3ste92">DQ S5</cards>
<action no="5" player="mocciolocaldo" type="23" discard="1" dealt="1" sum="195"/>
<action no="6" player="M1ky3ste92" type="3" sum="155"/>
</round>
<round no="2"><cards type="Flop">C8 CA DJ</cards>
</round>
<round no="3"><cards type="Turn">D7</cards>
</round>
<round no="4"><cards type="River">H5</cards>
</round>
</game>
<game gamecode="6541613528"><general><startdate>2025-11-26 15:20:16</startdate>
<round>1</round>
<failsafecounter/>
<players><player seat="3" name="mocciolocaldo" chips="400" dealer="0" win="90" bet="180" muck="1" rebuy="0" addon="0" merge="0" rebuychips="0" reg_code="5075721017"/>
<player seat="10" name="M1ky3ste92" chips="1,100" dealer="1" win="0" bet="45" muck="1" rebuy="0" addon="0" merge="0" rebuychips="0" reg_code="5075721421"/>
</players>
</general>
<round no="0"><action no="1" player="M1ky3ste92" type="15" sum="5"/>
<action no="2" player="mocciolocaldo" type="15" discard="1" dealt="1" sum="5"/>
<action no="3" player="M1ky3ste92" type="1" sum="20"/>
<action no="4" player="mocciolocaldo" type="2" discard="1" dealt="1" sum="40"/>
</round>
<round no="1"><cards type="Pocket" player="M1ky3ste92">C10 H2</cards>
<cards type="Pocket" player="mocciolocaldo">X X</cards>
<action no="5" player="M1ky3ste92" type="3" sum="20"/>
<action no="6" player="mocciolocaldo" type="4" discard="1" dealt="1" sum="0"/>
</round>
<round no="2"><cards type="Flop">DA C7 C6</cards>
<action no="7" player="mocciolocaldo" type="4" discard="1" dealt="1" sum="0"/>
<action no="8" player="M1ky3ste92" type="4" sum="0"/>
</round>
<round no="3"><cards type="Turn">SQ</cards>
<action no="9" player="mocciolocaldo" type="4" discard="1" dealt="1" sum="0"/>
<action no="10" player="M1ky3ste92" type="4" sum="0"/>
</round>
<round no="4"><cards type="River">H4</cards>
<action no="11" player="mocciolocaldo" type="5" discard="1" dealt="1" sum="135"/>
<action no="12" player="M1ky3ste92" type="0" sum="0"/>
</round>
</game>
<game gamecode="6541613591"><general><startdate>2025-11-26 15:20:48</startdate>
<round>1</round>
<failsafecounter/>
<players><player seat="10" name="M1ky3ste92" chips="1,055" dealer="0" win="0" bet="65" muck="1" rebuy="0" addon="0" merge="0" rebuychips="0" reg_code="5075721421"/>
<player seat="3" name="mocciolocaldo" chips="445" dealer="1" win="130" bet="445" muck="1" rebuy="0" addon="0" merge="0" rebuychips="0" reg_code="5075721017"/>
</players>
</general>
<round no="0"><action no="1" player="mocciolocaldo" type="15" discard="1" dealt="1" sum="5"/>
<action no="2" player="M1ky3ste92" type="15" sum="5"/>
<action no="3" player="mocciolocaldo" type="1" discard="1" dealt="1" sum="30"/>
<action no="4" player="M1ky3ste92" type="2" sum="60"/>
</round>
<round no="1"><cards type="Pocket" player="M1ky3ste92">S6 S3</cards>
<cards type="Pocket" player="mocciolocaldo">X X</cards>
<action no="5" player="mocciolocaldo" type="23" discard="1" dealt="1" sum="440"/>
<action no="6" player="M1ky3ste92" type="0" sum="0"/>
</round>
</game>
<game gamecode="6541613608"><general><startdate>2025-11-26 15:20:58</startdate>
<round>1</round>
<failsafecounter/>
<players><player seat="3" name="mocciolocaldo" chips="510" dealer="0" win="0" bet="65" muck="1" rebuy="0" addon="0" merge="0" rebuychips="0" reg_code="5075721017"/>
<player seat="10" name="M1ky3ste92" chips="990" dealer="1" win="130" bet="125" muck="1" rebuy="0" addon="0" merge="0" rebuychips="0" reg_code="5075721421"/>
</players>
</general>
<round no="0"><action no="1" player="M1ky3ste92" type="15" sum="5"/>
<action no="2" player="mocciolocaldo" type="15" discard="1" dealt="1" sum="5"/>
<action no="3" player="M1ky3ste92" type="1" sum="30"/>
<action no="4" player="mocciolocaldo" type="2" discard="1" dealt="1" sum="60"/>
</round>
<round no="1"><cards type="Pocket" player="mocciolocaldo">X X</cards>
<cards type="Pocket" player="M1ky3ste92">DJ S4</cards>
<action no="5" player="M1ky3ste92" type="3" sum="30"/>
<action no="6" player="mocciolocaldo" type="4" discard="1" dealt="1" sum="0"/>
</round>
<round no="2"><cards type="Flop">H10 D7 HJ</cards>
<action no="7" player="mocciolocaldo" type="4" discard="1" dealt="1" sum="0"/>
<action no="8" player="M1ky3ste92" type="5" sum="60"/>
<action no="9" player="mocciolocaldo" type="0" discard="1" dealt="1" sum="0"/>
</round>
</game>
<game gamecode="6541613654"><general><startdate>2025-11-26 15:21:20</startdate>
<round>1</round>
<failsafecounter/>
<players><player seat="10" name="M1ky3ste92" chips="1,055" dealer="0" win="130" bet="1,055" muck="1" rebuy="0" addon="0" merge="0" rebuychips="0" reg_code="5075721421"/>
<player seat="3" name="mocciolocaldo" chips="445" dealer="1" win="0" bet="65" muck="1" rebuy="0" addon="0" merge="0" rebuychips="0" reg_code="5075721017"/>
</players>
</general>
<round no="0"><action no="1" player="mocciolocaldo" type="15" discard="1" dealt="1" sum="5"/>
<action no="2" player="M1ky3ste92" type="15" sum="5"/>
<action no="3" player="mocciolocaldo" type="1" discard="1" dealt="1" sum="30"/>
<action no="4" player="M1ky3ste92" type="2" sum="60"/>
</round>
<round no="1"><cards type="Pocket" player="mocciolocaldo">X X</cards>
<cards type="Pocket" player="M1ky3ste92">HK H3</cards>
<action no="5" player="mocciolocaldo" type="3" discard="1" dealt="1" sum="30"/>
<action no="6" player="M1ky3ste92" type="23" sum="1,050"/>
<action no="7" player="mocciolocaldo" type="0" discard="1" dealt="1" sum="0"/>
</round>
</game>
<game gamecode="6541613674"><general><startdate>2025-11-26 15:21:32</startdate>
<round>1</round>
<failsafecounter/>
<players><player seat="3" name="mocciolocaldo" chips="380" dealer="0" win="70" bet="65" muck="1" rebuy="0" addon="0" merge="0" rebuychips="0" reg_code="5075721017"/>
<player seat="10" name="M1ky3ste92" chips="1,120" dealer="1" win="0" bet="35" muck="1" rebuy="0" addon="0" merge="0" rebuychips="0" reg_code="5075721421"/>
</players>
</general>
<round no="0"><action no="1" player="M1ky3ste92" type="15" sum="5"/>
<action no="2" player="mocciolocaldo" type="15" discard="1" dealt="1" sum="5"/>
<action no="3" player="M1ky3ste92" type="1" sum="30"/>
<action no="4" player="mocciolocaldo" type="2" discard="1" dealt="1" sum="60"/>
</round>
<round no="1"><cards type="Pocket" player="M1ky3ste92">S4 C5</cards>
<cards type="Pocket" player="mocciolocaldo">X X</cards>
<action no="5" player="M1ky3ste92" type="0" sum="0"/>
</round>
</game>
<game gamecode="6541613688"><general><startdate>2025-11-26 15:21:37</startdate>
<round>1</round>
<failsafecounter/>
<players><player seat="10" name="M1ky3ste92" chips="1,085" dealer="0" win="0" bet="65" muck="1" rebuy="0" addon="0" merge="0" rebuychips="0" reg_code="5075721421"/>
<player seat="3" name="mocciolocaldo" chips="415" dealer="1" win="130" bet="415" muck="1" rebuy="0" addon="0" merge="0" rebuychips="0" reg_code="5075721017"/>
</players>
</general>
<round no="0"><action no="1" player="mocciolocaldo" type="15" discard="1" dealt="1" sum="5"/>
<action no="2" player="M1ky3ste92" type="15" sum="5"/>
<action no="3" player="mocciolocaldo" type="1" discard="1" dealt="1" sum="30"/>
<action no="4" player="M1ky3ste92" type="2" sum="60"/>
</round>
<round no="1"><cards type="Pocket" player="mocciolocaldo">X X</cards>
<cards type="Pocket" player="M1ky3ste92">C9 S8</cards>
<action no="5" player="mocciolocaldo" type="23" discard="1" dealt="1" sum="410"/>
<action no="6" player="M1ky3ste92" type="0" sum="0"/>
</round>
</game>
<game gamecode="6541613700"><general><startdate>2025-11-26 15:21:45</startdate>
<round>1</round>
<failsafecounter/>
<players><player seat="3" name="mocciolocaldo" chips="480" dealer="0" win="130" bet="480" muck="1" rebuy="0" addon="0" merge="0" rebuychips="0" reg_code="5075721017"/>
<player seat="10" name="M1ky3ste92" chips="1,020" dealer="1" win="0" bet="65" muck="1" rebuy="0" addon="0" merge="0" rebuychips="0" reg_code="5075721421"/>
</players>
</general>
<round no="0"><action no="1" player="M1ky3ste92" type="15" sum="5"/>
<action no="2" player="mocciolocaldo" type="15" discard="1" dealt="1" sum="5"/>
<action no="3" player="M1ky3ste92" type="1" sum="30"/>
<action no="4" player="mocciolocaldo" type="2" discard="1" dealt="1" sum="60"/>
</round>
<round no="1"><cards type="Pocket" player="M1ky3ste92">H2 H9</cards>
<cards type="Pocket" player="mocciolocaldo">X X</cards>
<action no="5" player="M1ky3ste92" type="3" sum="30"/>
<action no="6" player="mocciolocaldo" type="23" discard="1" dealt="1" sum="475"/>
<action no="7" player="M1ky3ste92" type="0" sum="0"/>
</round>
</game>
<game gamecode="6541613720"><general><startdate>2025-11-26 15:21:56</startdate>
<round>1</round>
<failsafecounter/>
<players><player seat="10" name="M1ky3ste92" chips="955" dealer="0" win="1,090" bet="545" muck="0" rebuy="0" addon="0" merge="0" rebuychips="0" reg_code="5075721421"/>
<player seat="3" name="mocciolocaldo" chips="545" dealer="1" win="0" bet="545" muck="0" rebuy="0" addon="0" merge="0" rebuychips="0" reg_code="5075721017"/>
</players>
</general>
<round no="0"><action no="1" player="mocciolocaldo" type="15" discard="1" dealt="1" sum="5"/>
<action no="2" player="M1ky3ste92" type="15" sum="5"/>
<action no="3" player="mocciolocaldo" type="1" discard="1" dealt="1" sum="30"/>
<action no="4" player="M1ky3ste92" type="2" sum="60"/>
</round>
<round no="1"><cards type="Pocket" player="mocciolocaldo">SA C6</cards>
<cards type="Pocket" player="M1ky3ste92">HJ HK</cards>
<action no="5" player="mocciolocaldo" type="23" discard="1" dealt="1" sum="540"/>
<action no="6" player="M1ky3ste92" type="3" sum="480"/>
</round>
<round no="2"><cards type="Flop">CJ H8 D6</cards>
</round>
<round no="3"><cards type="Turn">S4</cards>
</round>
<round no="4"><cards type="River">D9</cards>
</round>
</game>
</session>
