<?xml version="1.0" encoding="UTF-8"?>
<session sessioncode="5075718274">
<general>
<client_version>25.7.1.34</client_version>
<mode>real</mode>
<gametype>Holdem NL</gametype>
<tablename>Twister €100 SNG, 822478726</tablename>
<tournamentcode>822478725</tournamentcode>
<tournamentname>Twister €100 SNG</tournamentname>
<buyin>€0 + €7 + €93</buyin>
<totalbuyin>€100</totalbuyin>
<rewarddrawn>€400</rewarddrawn>
<tournamentcurrency>EUR</tournamentcurrency>
<currency>EUR</currency>
<nickname>M1ky3ste92</nickname>
<gamecount>17</gamecount>
<startdate>2025-11-26 15:01:48</startdate>
<place>2</place>
<win>€0</win>
<tablesize>3</tablesize>
</general>
<game gamecode="6541597008"><general><startdate>2025-11-26 15:02:03</startdate>
<round>1</round>
<failsafecounter/>
<players><player seat="6" name="Dominance" chips="500" dealer="0" win="580" bet="285" muck="0" rebuy="0" addon="0" merge="0" rebuychips="0" reg_code="5075718171"/>
<player seat="10" name="M1ky3ste92" chips="500" dealer="1" win="0" bet="285" muck="1" rebuy="0" addon="0" merge="0" rebuychips="0" reg_code="5075718274"/>
<player seat="3" name="mocciolocaldo" chips="500" dealer="0" win="0" bet="10" muck="1" rebuy="0" addon="0" merge="0" rebuychips="0" reg_code="5075717959"/>
</players>
</general>
<round no="0"><action no="1" player="mocciolocaldo" type="1" discard="1" dealt="1" sum="10"/>
<action no="2" player="Dominance" type="2" discard="1" dealt="1" sum="20"/>
</round>
<round no="1"><cards type="Pocket" player="Dominance">S10 SK</cards>
<cards type="Pocket" player="M1ky3ste92">DK D4</cards>
<cards type="Pocket" player="mocciolocaldo">X X</cards>
<action no="3" player="M1ky3ste92" type="23" sum="40"/>
<action no="4" player="mocciolocaldo" type="0" discard="1" dealt="1" sum="0"/>
<action no="5" player="Dominance" type="3" discard="1" dealt="1" sum="20"/>
</round>
<round no="2"><cards type="Flop">S5 HK H8</cards>
<action no="6" player="Dominance" type="4" discard="1" dealt="1" sum="0"/>
<action no="7" player="M1ky3ste92" type="4" sum="0"/>
</round>
<round no="3"><cards type="Turn">S7</cards>
<action no="8" player="Dominance" type="5" discard="1" dealt="1" sum="100"/>
<action no="9" player="M1ky3ste92" type="3" sum="100"/>
</round>
<round no="4"><cards type="River">S3</cards>
<action no="10" player="Dominance" type="5" discard="1" dealt="1" sum="145"/>
<action no="11" player="M1ky3ste92" type="3" sum="145"/>
</round>
</game>
<game gamecode="6541597113"><general><startdate>2025-11-26 15:02:49</startdate>
<round>1</round>
<failsafecounter/>
<players><player seat="10" name="M1ky3ste92" chips="215" dealer="0" win="20" bet="20" muck="1" rebuy="0" addon="0" merge="0" rebuychips="0" reg_code="5075718274"/>
<player seat="3" name="mocciolocaldo" chips="490" dealer="1" win="0" bet="0" muck="1" rebuy="0" addon="0" merge="0" rebuychips="0" reg_code="5075717959"/>
<player seat="6" name="Dominance" chips="795" dealer="0" win="0" bet="10" muck="1" rebuy="0" addon="0" merge="0" rebuychips="0" reg_code="5075718171"/>
</players>
</general>
<round no="0"><action no="1" player="Dominance" type="1" discard="1" dealt="1" sum="10"/>
<action no="2" player="M1ky3ste92" type="2" sum="20"/>
</round>
<round no="1"><cards type="Pocket" player="Dominance">X X</cards>
<cards type="Pocket" player="M1ky3ste92">C5 SJ</cards>
<cards type="Pocket" player="mocciolocaldo">X X</cards>
<action no="3" player="mocciolocaldo" type="0" discard="1" dealt="1" sum="0"/>
<action no="4" player="Dominance" type="0" discard="1" dealt="1" sum="0"/>
</round>
</game>
<game gamecode="6541597133"><general><startdate>2025-11-26 15:02:59</startdate>
<round>1</round>
<failsafecounter/>
<players><player seat="3" name="mocciolocaldo" chips="490" dealer="0" win="20" bet="20" muck="1" rebuy="0" addon="0" merge="0" rebuychips="0" reg_code="5075717959"/>
<player seat="6" name="Dominance" chips="785" dealer="1" win="0" bet="0" muck="1" rebuy="0" addon="0" merge="0" rebuychips="0" reg_code="5075718171"/>
<player seat="10" name="M1ky3ste92" chips="225" dealer="0" win="0" bet="10" muck="1" rebuy="0" addon="0" merge="0" rebuychips="0" reg_code="5075718274"/>
</players>
</general>
<round no="0"><action no="1" player="M1ky3ste92" type="1" sum="10"/>
<action no="2" player="mocciolocaldo" type="2" discard="1" dealt="1" sum="20"/>
</round>
<round no="1"><cards type="Pocket" player="M1ky3ste92">H9 C7</cards>
<cards type="Pocket" player="mocciolocaldo">X X</cards>
<cards type="Pocket" player="Dominance">X X</cards>
<action no="3" player="Dominance" type="0" discard="1" dealt="1" sum="0"/>
<action no="4" player="M1ky3ste92" type="0" sum="0"/>
</round>
</game>
<game gamecode="6541597154"><general><startdate>2025-11-26 15:03:14</startdate>
<round>1</round>
<failsafecounter/>
<players><player seat="6" name="Dominance" chips="785" dealer="0" win="0" bet="20" muck="1" rebuy="0" addon="0" merge="0" rebuychips="0" reg_code="5075718171"/>
<player seat="10" name="M1ky3ste92" chips="215" dealer="1" win="450" bet="215" muck="0" rebuy="0" addon="0" merge="0" rebuychips="0" reg_code="5075718274"/>
<player seat="3" name="mocciolocaldo" chips="500" dealer="0" win="0" bet="500" muck="1" rebuy="0" addon="0" merge="0" rebuychips="0" reg_code="5075717959"/>
</players>
</general>
<round no="0"><action no="1" player="mocciolocaldo" type="1" discard="1" dealt="1" sum="10"/>
<action no="2" player="Dominance" type="2" discard="1" dealt="1" sum="20"/>
</round>
<round no="1"><cards type="Pocket" player="mocciolocaldo">C7 CA</cards>
<cards type="Pocket" player="M1ky3ste92">H4 D4</cards>
<cards type="Pocket" player="Dominance">X X</cards>
<action no="3" player="M1ky3ste92" type="23" sum="215"/>
<action no="4" player="mocciolocaldo" type="23" discard="1" dealt="1" sum="500"/>
<action no="5" player="Dominance" type="0" discard="1" dealt="1" sum="0"/>
</round>
<round no="2"><cards type="Flop">H10 D8 HQ</cards>
</round>
<round no="3"><cards type="Turn">CJ</cards>
</round>
<round no="4"><cards type="River">S6</cards>
</round>
</game>
<game gamecode="6541597190"><general><startdate>2025-11-26 15:03:34</startdate>
<round>1</round>
<failsafecounter/>
<players><player seat="10" name="M1ky3ste92" chips="450" dealer="0" win="0" bet="50" muck="1" rebuy="0" addon="0" merge="0" rebuychips="0" reg_code="5075718274"/>
<player seat="3" name="mocciolocaldo" chips="285" dealer="1" win="0" bet="0" muck="1" rebuy="0" addon="0" merge="0" rebuychips="0" reg_code="5075717959"/>
<player seat="6" name="Dominance" chips="765" dealer="0" win="100" bet="80" muck="1" rebuy="0" addon="0" merge="0" rebuychips="0" reg_code="5075718171"/>
</players>
</general>
<round no="0"><action no="1" player="Dominance" type="1" discard="1" dealt="1" sum="10"/>
<action no="2" player="M1ky3ste92" type="2" sum="20"/>
</round>
<round no="1"><cards type="Pocket" player="M1ky3ste92">DK D4</cards>
<cards type="Pocket" player="mocciolocaldo">X X</cards>
<cards type="Pocket" player="Dominance">X X</cards>
<action no="3" player="mocciolocaldo" type="0" discard="1" dealt="1" sum="0"/>
<action no="4" player="Dominance" type="23" discard="1" dealt="1" sum="50"/>
<action no="5" player="M1ky3ste92" type="3" sum="30"/>
</round>
<round no="2"><cards type="Flop">HA C8 S3</cards>
<action no="6" player="Dominance" type="5" discard="1" dealt="1" sum="30"/>
<action no="7" player="M1ky3ste92" type="0" sum="0"/>
</round>
</game>
<game gamecode="6541603580"><general><startdate>2025-11-26 15:04:03</startdate>
<round>1</round>
<failsafecounter/>
<players><player seat="3" name="mocciolocaldo" chips="285" dealer="0" win="0" bet="35" muck="1" rebuy="0" addon="0" merge="0" rebuychips="0" reg_code="5075717959"/>
<player seat="6" name="Dominance" chips="815" dealer="1" win="90" bet="65" muck="1" rebuy="0" addon="0" merge="0" rebuychips="0" reg_code="5075718171"/>
<player seat="10" name="M1ky3ste92" chips="400" dealer="0" win="0" bet="20" muck="1" rebuy="0" addon="0" merge="0" rebuychips="0" reg_code="5075718274"/>
</players>
</general>
<round no="0"><action no="1" player="M1ky3ste92" type="15" sum="5"/>
<action no="2" player="mocciolocaldo" type="15" discard="1" dealt="1" sum="5"/>
<action no="3" player="Dominance" type="15" discard="1" dealt="1" sum="5"/>
<action no="4" player="M1ky3ste92" type="1" sum="15"/>
<action no="5" player="mocciolocaldo" type="2" discard="1" dealt="1" sum="30"/>
</round>
<round no="1"><cards type="Pocket" player="mocciolocaldo">X X</cards>
<cards type="Pocket" player="Dominance">X X</cards>
<cards type="Pocket" player="M1ky3ste92">DK D9</cards>
<action no="6" player="Dominance" type="23" discard="1" dealt="1" sum="60"/>
<action no="7" player="M1ky3ste92" type="0" sum="0"/>
<action no="8" player="mocciolocaldo" type="0" discard="1" dealt="1" sum="0"/>
</round>
</game>
<game gamecode="6541603600"><general><startdate>2025-11-26 15:04:12</startdate>
<round>1</round>
<failsafecounter/>
<players><player seat="6" name="Dominance" chips="870" dealer="0" win="0" bet="35" muck="1" rebuy="0" addon="0" merge="0" rebuychips="0" reg_code="5075718171"/>
<player seat="10" name="M1ky3ste92" chips="380" dealer="1" win="0" bet="5" muck="1" rebuy="0" addon="0" merge="0" rebuychips="0" reg_code="5075718274"/>
<player seat="3" name="mocciolocaldo" chips="250" dealer="0" win="75" bet="65" muck="1" rebuy="0" addon="0" merge="0" rebuychips="0" reg_code="5075717959"/>
</players>
</general>
<round no="0"><action no="1" player="mocciolocaldo" type="15" discard="1" dealt="1" sum="5"/>
<action no="2" player="Dominance" type="15" discard="1" dealt="1" sum="5"/>
<action no="3" player="M1ky3ste92" type="15" sum="5"/>
<action no="4" player="mocciolocaldo" type="1" discard="1" dealt="1" sum="15"/>
<action no="5" player="Dominance" type="2" discard="1" dealt="1" sum="30"/>
</round>
<round no="1"><cards type="Pocket" player="M1ky3ste92">CJ H5</cards>
<cards type="Pocket" player="Dominance">X X</cards>
<cards type="Pocket" player="mocciolocaldo">X X</cards>
<action no="6" player="M1ky3ste92" type="0" sum="0"/>
<action no="7" player="mocciolocaldo" type="3" discard="1" dealt="1" sum="15"/>
<action no="8" player="Dominance" type="4" discard="1" dealt="1" sum="0"/>
</round>
<round no="2"><cards type="Flop">DA D8 CQ</cards>
<action no="9" player="mocciolocaldo" type="5" discard="1" dealt="1" sum="30"/>
<action no="10" player="Dominance" type="0" discard="1" dealt="1" sum="0"/>
</round>
</game>
<game gamecode="6541603658"><general><startdate>2025-11-26 15:04:39</startdate>
<round>1</round>
<failsafecounter/>
<players><player seat="10" name="M1ky3ste92" chips="375" dealer="0" win="0" bet="290" muck="1" rebuy="0" addon="0" merge="0" rebuychips="0" reg_code="5075718274"/>
<player seat="3" name="mocciolocaldo" chips="290" dealer="1" win="600" bet="290" muck="0" rebuy="0" addon="0" merge="0" rebuychips="0" reg_code="5075717959"/>
<player seat="6" name="Dominance" chips="835" dealer="0" win="0" bet="20" muck="1" rebuy="0" addon="0" merge="0" rebuychips="0" reg_code="5075718171"/>
</players>
</general>
<round no="0"><action no="1" player="Dominance" type="15" discard="1" dealt="1" sum="5"/>
<action no="2" player="M1ky3ste92" type="15" sum="5"/>
<action no="3" player="mocciolocaldo" type="15" discard="1" dealt="1" sum="5"/>
<action no="4" player="Dominance" type="1" discard="1" dealt="1" sum="15"/>
<action no="5" player="M1ky3ste92" type="2" sum="30"/>
</round>
<round no="1"><cards type="Pocket" player="M1ky3ste92">HJ SK</cards>
<cards type="Pocket" player="mocciolocaldo">H6 D6</cards>
<cards type="Pocket" player="Dominance">X X</cards>
<action no="6" player="mocciolocaldo" type="23" discard="1" dealt="1" sum="285"/>
<action no="7" player="Dominance" type="0" discard="1" dealt="1" sum="0"/>
<action no="8" player="M1ky3ste92" type="3" sum="255"/>
</round>
<round no="2"><cards type="Flop">H3 DK H7</cards>
</round>
<round no="3"><cards type="Turn">D3</cards>
</round>
<round no="4"><cards type="River">C6</cards>
</round>
</game>
<game gamecode="6541603722"><general><startdate>2025-11-26 15:05:07</startdate>
<round>1</round>
<failsafecounter/>
<players><player seat="3" name="mocciolocaldo" chips="600" dealer="0" win="0" bet="85" muck="1" rebuy="0" addon="0" merge="0" rebuychips="0" reg_code="5075717959"/>
<player seat="6" name="Dominance" chips="815" dealer="1" win="0" bet="5" muck="1" rebuy="0" addon="0" merge="0" rebuychips="0" reg_code="5075718171"/>
<player seat="10" name="M1ky3ste92" chips="85" dealer="0" win="175" bet="85" muck="0" rebuy="0" addon="0" merge="0" rebuychips="0" reg_code="5075718274"/>
</players>
</general>
<round no="0"><action no="1" player="M1ky3ste92" type="15" sum="5"/>
<action no="2" player="mocciolocaldo" type="15" discard="1" dealt="1" sum="5"/>
<action no="3" player="Dominance" type="15" discard="1" dealt="1" sum="5"/>
<action no="4" player="M1ky3ste92" type="1" sum="15"/>
<action no="5" player="mocciolocaldo" type="2" discard="1" dealt="1" sum="30"/>
</round>
<round no="1"><cards type="Pocket" player="mocciolocaldo">CA C4</cards>
<cards type="Pocket" player="Dominance">X X</cards>
<cards type="Pocket" player="M1ky3ste92">D5 SQ</cards>
<action no="6" player="Dominance" type="0" discard="1" dealt="1" sum="0"/>
<action no="7" player="M1ky3ste92" type="23" sum="80"/>
<action no="8" player="mocciolocaldo" type="3" discard="1" dealt="1" sum="50"/>
</round>
<round no="2"><cards type="Flop">C7 CK D2</cards>
</round>
<round no="3"><cards type="Turn">H4</cards>
</round>
<round no="4"><cards type="River">DQ</cards>
</round>
</game>
<game gamecode="6541603755"><general><startdate>2025-11-26 15:05:28</startdate>
<round>1</round>
<failsafecounter/>
<players><player seat="6" name="Dominance" chips="810" dealer="0" win="0" bet="35" muck="1" rebuy="0" addon="0" merge="0" rebuychips="0" reg_code="5075718171"/>
<player seat="10" name="M1ky3ste92" chips="175" dealer="1" win="0" bet="5" muck="1" rebuy="0" addon="0" merge="0" rebuychips="0" reg_code="5075718274"/>
<player seat="3" name="mocciolocaldo" chips="515" dealer="0" win="75" bet="515" muck="1" rebuy="0" addon="0" merge="0" rebuychips="0" reg_code="5075717959"/>
</players>
</general>
<round no="0"><action no="1" player="mocciolocaldo" type="15" discard="1" dealt="1" sum="5"/>
<action no="2" player="Dominance" type="15" discard="1" dealt="1" sum="5"/>
<action no="3" player="M1ky3ste92" type="15" sum="5"/>
<action no="4" player="mocciolocaldo" type="1" discard="1" dealt="1" sum="15"/>
<action no="5" player="Dominance" type="2" discard="1" dealt="1" sum="30"/>
</round>
<round no="1"><cards type="Pocket" player="mocciolocaldo">X X</cards>
<cards type="Pocket" player="Dominance">X X</cards>
<cards type="Pocket" player="M1ky3ste92">C4 SQ</cards>
<action no="6" player="M1ky3ste92" type="0" sum="0"/>
<action no="7" player="mocciolocaldo" type="23" discard="1" dealt="1" sum="510"/>
<action no="8" player="Dominance" type="0" discard="1" dealt="1" sum="0"/>
</round>
</game>
<game gamecode="6541603780"><general><startdate>2025-11-26 15:05:40</startdate>
<round>1</round>
<failsafecounter/>
<players><player seat="10" name="M1ky3ste92" chips="170" dealer="0" win="0" bet="35" muck="1" rebuy="0" addon="0" merge="0" rebuychips="0" reg_code="5075718274"/>
<player seat="3" name="mocciolocaldo" chips="555" dealer="1" win="0" bet="5" muck="1" rebuy="0" addon="0" merge="0" rebuychips="0" reg_code="5075717959"/>
<player seat="6" name="Dominance" chips="775" dealer="0" win="75" bet="775" muck="1" rebuy="0" addon="0" merge="0" rebuychips="0" reg_code="5075718171"/>
</players>
</general>
<round no="0"><action no="1" player="Dominance" type="15" discard="1" dealt="1" sum="5"/>
<action no="2" player="M1ky3ste92" type="15" sum="5"/>
<action no="3" player="mocciolocaldo" type="15" discard="1" dealt="1" sum="5"/>
<action no="4" player="Dominance" type="1" discard="1" dealt="1" sum="15"/>
<action no="5" player="M1ky3ste92" type="2" sum="30"/>
</round>
<round no="1"><cards type="Pocket" player="M1ky3ste92">H4 H7</cards>
<cards type="Pocket" player="Dominance">X X</cards>
<cards type="Pocket" player="mocciolocaldo">X X</cards>
<action no="6" player="mocciolocaldo" type="0" discard="1" dealt="1" sum="0"/>
<action no="7" player="Dominance" type="23" discard="1" dealt="1" sum="770"/>
<action no="8" player="M1ky3ste92" type="0" sum="0"/>
</round>
</game>
<game gamecode="6541603835"><general><startdate>2025-11-26 15:06:05</startdate>
<round>1</round>
<failsafecounter/>
<players><player seat="3" name="mocciolocaldo" chips="550" dealer="0" win="0" bet="135" muck="1" rebuy="0" addon="0" merge="0" rebuychips="0" reg_code="5075717959"/>
<player seat="6" name="Dominance" chips="815" dealer="1" win="0" bet="5" muck="1" rebuy="0" addon="0" merge="0" rebuychips="0" reg_code="5075718171"/>
<player seat="10" name="M1ky3ste92" chips="135" dealer="0" win="275" bet="135" muck="0" rebuy="0" addon="0" merge="0" rebuychips="0" reg_code="5075718274"/>
</players>
</general>
<round no="0"><action no="1" player="M1ky3ste92" type="15" sum="5"/>
<action no="2" player="mocciolocaldo" type="15" discard="1" dealt="1" sum="5"/>
<action no="3" player="Dominance" type="15" discard="1" dealt="1" sum="5"/>
<action no="4" player="M1ky3ste92" type="1" sum="20"/>
<action no="5" player="mocciolocaldo" type="2" discard="1" dealt="1" sum="40"/>
</round>
<round no="1"><cards type="Pocket" player="M1ky3ste92">HA S6</cards>
<cards type="Pocket" player="mocciolocaldo">DJ S8</cards>
<cards type="Pocket" player="Dominance">X X</cards>
<action no="6" player="Dominance" type="0" discard="1" dealt="1" sum="0"/>
<action no="7" player="M1ky3ste92" type="23" sum="130"/>
<action no="8" player="mocciolocaldo" type="3" discard="1" dealt="1" sum="90"/>
</round>
<round no="2"><cards type="Flop">H6 C2 S7</cards>
</round>
<round no="3"><cards type="Turn">H10</cards>
</round>
<round no="4"><cards type="River">C4</cards>
</round>
</game>
<game gamecode="6541603877"><general><startdate>2025-11-26 15:06:23</startdate>
<round>1</round>
<failsafecounter/>
<players><player seat="6" name="Dominance" chips="810" dealer="0" win="0" bet="45" muck="1" rebuy="0" addon="0" merge="0" rebuychips="0" reg_code="5075718171"/>
<player seat="10" name="M1ky3ste92" chips="275" dealer="1" win="115" bet="275" muck="1" rebuy="0" addon="0" merge="0" rebuychips="0" reg_code="5075718274"/>
<player seat="3" name="mocciolocaldo" chips="415" dealer="0" win="0" bet="25" muck="1" rebuy="0" addon="0" merge="0" rebuychips="0" reg_code="5075717959"/>
</players>
</general>
<round no="0"><action no="1" player="mocciolocaldo" type="15" discard="1" dealt="1" sum="5"/>
<action no="2" player="Dominance" type="15" discard="1" dealt="1" sum="5"/>
<action no="3" player="M1ky3ste92" type="15" sum="5"/>
<action no="4" player="mocciolocaldo" type="1" discard="1" dealt="1" sum="20"/>
<action no="5" player="Dominance" type="2" discard="1" dealt="1" sum="40"/>
</round>
<round no="1"><cards type="Pocket" player="M1ky3ste92">HJ SQ</cards>
<cards type="Pocket" player="mocciolocaldo">X X</cards>
<cards type="Pocket" player="Dominance">X X</cards>
<action no="6" player="M1ky3ste92" type="23" sum="270"/>
<action no="7" player="mocciolocaldo" type="0" discard="1" dealt="1" sum="0"/>
<action no="8" player="Dominance" type="0" discard="1" dealt="1" sum="0"/>
</round>
</game>
<game gamecode="6541603908"><general><startdate>2025-11-26 15:06:37</startdate>
<round>1</round>
<failsafecounter/>
<players><player seat="10" name="M1ky3ste92" chips="345" dealer="0" win="0" bet="45" muck="1" rebuy="0" addon="0" merge="0" rebuychips="0" reg_code="5075718274"/>
<player seat="3" name="mocciolocaldo" chips="390" dealer="1" win="0" bet="390" muck="0" rebuy="0" addon="0" merge="0" rebuychips="0" reg_code="5075717959"/>
<player seat="6" name="Dominance" chips="765" dealer="0" win="825" bet="765" muck="0" rebuy="0" addon="0" merge="0" rebuychips="0" reg_code="5075718171"/>
</players>
</general>
<round no="0"><action no="1" player="Dominance" type="15" discard="1" dealt="1" sum="5"/>
<action no="2" player="M1ky3ste92" type="15" sum="5"/>
<action no="3" player="mocciolocaldo" type="15" discard="1" dealt="1" sum="5"/>
<action no="4" player="Dominance" type="1" discard="1" dealt="1" sum="20"/>
<action no="5" player="M1ky3ste92" type="2" sum="40"/>
</round>
<round no="1"><cards type="Pocket" player="mocciolocaldo">D7 DK</cards>
<cards type="Pocket" player="Dominance">SA D10</cards>
<cards type="Pocket" player="M1ky3ste92">D2 DQ</cards>
<action no="6" player="mocciolocaldo" type="23" discard="1" dealt="1" sum="385"/>
<action no="7" player="Dominance" type="23" discard="1" dealt="1" sum="760"/>
<action no="8" player="M1ky3ste92" type="0" sum="0"/>
</round>
<round no="2"><cards type="Flop">C6 S10 DJ</cards>
</round>
<round no="3"><cards type="Turn">S5</cards>
</round>
<round no="4"><cards type="River">H3</cards>
</round>
</game>
<game gamecode="6541603955"><general><startdate>2025-11-26 15:07:02</startdate>
<round>1</round>
<failsafecounter/>
<players><player seat="10" name="M1ky3ste92" chips="300" dealer="0" win="600" bet="300" muck="0" rebuy="0" addon="0" merge="0" rebuychips="0" reg_code="5075718274"/>
<player seat="6" name="Dominance" chips="1,200" dealer="1" win="0" bet="1,200" muck="1" rebuy="0" addon="0" merge="0" rebuychips="0" reg_code="5075718171"/>
</players>
</general>
<round no="0"><action no="1" player="Dominance" type="15" discard="1" dealt="1" sum="5"/>
<action no="2" player="M1ky3ste92" type="15" sum="5"/>
<action no="3" player="Dominance" type="1" discard="1" dealt="1" sum="20"/>
<action no="4" player="M1ky3ste92" type="2" sum="40"/>
</round>
<round no="1"><cards type="Pocket" player="M1ky3ste92">SK S7</cards>
<cards type="Pocket" player="Dominance">S4 SQ</cards>
<action no="5" player="Dominance" type="23" discard="1" dealt="1" sum="1,195"/>
<action no="6" player="M1ky3ste92" type="7" sum="255"/>
</round>
<round no="2"><cards type="Flop">H10 H9 S3</cards>
</round>
<round no="3"><cards type="Turn">S5</cards>
</round>
<round no="4"><cards type="River">SA</cards>
</round>
</game>
<game gamecode="6541603994"><general><startdate>2025-11-26 15:07:21</startdate>
<round>1</round>
<failsafecounter/>
<players><player seat="6" name="Dominance" chips="900" dealer="0" win="90" bet="165" muck="1" rebuy="0" addon="0" merge="0" rebuychips="0" reg_code="5075718171"/>
<player seat="10" name="M1ky3ste92" chips="600" dealer="1" win="0" bet="45" muck="1" rebuy="0" addon="0" merge="0" rebuychips="0" reg_code="5075718274"/>
</players>
</general>
<round no="0"><action no="1" player="M1ky3ste92" type="15" sum="5"/>
<action no="2" player="Dominance" type="15" discard="1" dealt="1" sum="5"/>
<action no="3" player="M1ky3ste92" type="1" sum="20"/>
<action no="4" player="Dominance" type="2" discard="1" dealt="1" sum="40"/>
</round>
<round no="1"><cards type="Pocket" player="M1ky3ste92">DK SQ</cards>
<cards type="Pocket" player="Dominance">X X</cards>
<action no="5" player="M1ky3ste92" type="3" sum="20"/>
<action no="6" player="Dominance" type="4" discard="1" dealt="1" sum="0"/>
</round>
<round no="2"><cards type="Flop">D9 C7 D8</cards>
<action no="7" player="Dominance" type="4" discard="1" dealt="1" sum="0"/>
<action no="8" player="M1ky3ste92" type="4" sum="0"/>
</round>
<round no="3"><cards type="Turn">H4</cards>
<action no="9" player="Dominance" type="5" discard="1" dealt="1" sum="120"/>
<action no="10" player="M1ky3ste92" type="0" sum="0"/>
</round>
</game>
<game gamecode="6541604042"><general><startdate>2025-11-26 15:07:49</startdate>
<round>1</round>
<failsafecounter/>
<players><player seat="10" name="M1ky3ste92" chips="555" dealer="0" win="0" bet="555" muck="0" rebuy="0" addon="0" merge="0" rebuychips="0" reg_code="5075718274"/>
<player seat="6" name="Dominance" chips="945" dealer="1" win="1,110" bet="555" muck="0" rebuy="0" addon="0" merge="0" rebuychips="0" reg_code="5075718171"/>
</players>
</general>
<round no="0"><action no="1" player="Dominance" type="15" discard="1" dealt="1" sum="5"/>
<action no="2" player="M1ky3ste92" type="15" sum="5"/>
<action no="3" player="Dominance" type="1" discard="1" dealt="1" sum="20"/>
<action no="4" player="M1ky3ste92" type="2" sum="40"/>
</round>
<round no="1"><cards type="Pocket" player="Dominance">DA C6</cards>
<cards type="Pocket" player="M1ky3ste92">SJ DK</cards>
<action no="5" player="Dominance" type="3" discard="1" dealt="1" sum="20"/>
<action no="6" player="M1ky3ste92" type="23" sum="550"/>
<action no="7" player="Dominance" type="3" discard="1" dealt="1" sum="510"/>
</round>
<round no="2"><cards type="Flop">HA DQ D9</cards>
</round>
<round no="3"><cards type="Turn">C2</cards>
</round>
<round no="4"><cards type="River">C9</cards>
</round>
</game>
</session>
