<?xml version="1.0" encoding="UTF-8"?>
<session sessioncode="5075719880">
<general>
<client_version>25.7.1.34</client_version>
<mode>real</mode>
<gametype>Holdem NL</gametype>
<tablename>Twister €100 SNG, 822479093</tablename>
<tournamentcode>822479092</tournamentcode>
<tournamentname>Twister €100 SNG</tournamentname>
<buyin>€0 + €7 + €93</buyin>
<totalbuyin>€100</totalbuyin>
<rewarddrawn>€200</rewarddrawn>
<tournamentcurrency>EUR</tournamentcurrency>
<currency>EUR</currency>
<nickname>M1ky3ste92</nickname>
<gamecount>20</gamecount>
<startdate>2025-11-26 15:09:20</startdate>
<place>3</place>
<win>€0</win>
<tablesize>3</tablesize>
</general>
<game gamecode="6541604256"><general><startdate>2025-11-26 15:09:36</startdate>
<round>1</round>
<failsafecounter/>
<players><player seat="6" name="M1ky3ste92" chips="500" dealer="0" win="40" bet="40" muck="1" rebuy="0" addon="0" merge="0" rebuychips="0" reg_code="5075719880"/>
<player seat="10" name="Alfo07" chips="500" dealer="1" win="0" bet="0" muck="1" rebuy="0" addon="0" merge="0" rebuychips="0" reg_code="5075720103"/>
<player seat="3" name="mocciolocaldo" chips="500" dealer="0" win="0" bet="20" muck="1" rebuy="0" addon="0" merge="0" rebuychips="0" reg_code="5075719595"/>
</players>
</general>
<round no="0"><action no="1" player="mocciolocaldo" type="1" discard="1" dealt="1" sum="10"/>
<action no="2" player="M1ky3ste92" type="2" sum="20"/>
</round>
<round no="1"><cards type="Pocket" player="M1ky3ste92">CK C2</cards>
<cards type="Pocket" player="Alfo07">X X</cards>
<cards type="Pocket" player="mocciolocaldo">X X</cards>
<action no="3" player="Alfo07" type="0" discard="1" dealt="1" sum="0"/>
<action no="4" player="mocciolocaldo" type="3" discard="1" dealt="1" sum="10"/>
<action no="5" player="M1ky3ste92" type="4" sum="0"/>
</round>
<round no="2"><cards type="Flop">C8 C10 C7</cards>
<action no="6" player="mocciolocaldo" type="4" discard="1" dealt="1" sum="0"/>
<action no="7" player="M1ky3ste92" type="5" sum="20"/>
<action no="8" player="mocciolocaldo" type="0" discard="1" dealt="1" sum="0"/>
</round>
</game>
<game gamecode="6541604290"><general><startdate>2025-11-26 15:09:53</startdate>
<round>1</round>
<failsafecounter/>
<players><player seat="10" name="Alfo07" chips="500" dealer="0" win="0" bet="20" muck="1" rebuy="0" addon="0" merge="0" rebuychips="0" reg_code="5075720103"/>
<player seat="3" name="mocciolocaldo" chips="480" dealer="1" win="0" bet="40" muck="1" rebuy="0" addon="0" merge="0" rebuychips="0" reg_code="5075719595"/>
<player seat="6" name="M1ky3ste92" chips="520" dealer="0" win="100" bet="520" muck="1" rebuy="0" addon="0" merge="0" rebuychips="0" reg_code="5075719880"/>
</players>
</general>
<round no="0"><action no="1" player="M1ky3ste92" type="1" sum="10"/>
<action no="2" player="Alfo07" type="2" discard="1" dealt="1" sum="20"/>
</round>
<round no="1"><cards type="Pocket" player="Alfo07">X X</cards>
<cards type="Pocket" player="M1ky3ste92">D9 D10</cards>
<cards type="Pocket" player="mocciolocaldo">X X</cards>
<action no="3" player="mocciolocaldo" type="23" discard="1" dealt="1" sum="40"/>
<action no="4" player="M1ky3ste92" type="23" sum="520"/>
<action no="5" player="Alfo07" type="0" discard="1" dealt="1" sum="0"/>
<action no="6" player="mocciolocaldo" type="0" discard="1" dealt="1" sum="0"/>
</round>
</game>
<game gamecode="6541604340"><general><startdate>2025-11-26 15:10:14</startdate>
<round>1</round>
<failsafecounter/>
<players><player seat="3" name="mocciolocaldo" chips="440" dealer="0" win="320" bet="160" muck="0" rebuy="0" addon="0" merge="0" rebuychips="0" reg_code="5075719595"/>
<player seat="6" name="M1ky3ste92" chips="580" dealer="1" win="0" bet="0" muck="1" rebuy="0" addon="0" merge="0" rebuychips="0" reg_code="5075719880"/>
<player seat="10" name="Alfo07" chips="480" dealer="0" win="0" bet="160" muck="0" rebuy="0" addon="0" merge="0" rebuychips="0" reg_code="5075720103"/>
</players>
</general>
<round no="0"><action no="1" player="Alfo07" type="1" discard="1" dealt="1" sum="10"/>
<action no="2" player="mocciolocaldo" type="2" discard="1" dealt="1" sum="20"/>
</round>
<round no="1"><cards type="Pocket" player="mocciolocaldo">H10 S9</cards>
<cards type="Pocket" player="M1ky3ste92">DK C5</cards>
<cards type="Pocket" player="Alfo07">CK SQ</cards>
<action no="3" player="M1ky3ste92" type="0" sum="0"/>
<action no="4" player="Alfo07" type="23" discard="1" dealt="1" sum="40"/>
<action no="5" player="mocciolocaldo" type="3" discard="1" dealt="1" sum="20"/>
</round>
<round no="2"><cards type="Flop">D10 H4 HJ</cards>
<action no="6" player="Alfo07" type="5" discard="1" dealt="1" sum="40"/>
<action no="7" player="mocciolocaldo" type="3" discard="1" dealt="1" sum="40"/>
</round>
<round no="3"><cards type="Turn">S2</cards>
<action no="8" player="Alfo07" type="5" discard="1" dealt="1" sum="40"/>
<action no="9" player="mocciolocaldo" type="3" discard="1" dealt="1" sum="40"/>
</round>
<round no="4"><cards type="River">S8</cards>
<action no="10" player="Alfo07" type="5" discard="1" dealt="1" sum="40"/>
<action no="11" player="mocciolocaldo" type="3" discard="1" dealt="1" sum="40"/>
</round>
</game>
<game gamecode="6541604399"><general><startdate>2025-11-26 15:10:37</startdate>
<round>1</round>
<failsafecounter/>
<players><player seat="6" name="M1ky3ste92" chips="580" dealer="0" win="0" bet="580" muck="1" rebuy="0" addon="0" merge="0" rebuychips="0" reg_code="5075719880"/>
<player seat="10" name="Alfo07" chips="320" dealer="1" win="650" bet="320" muck="0" rebuy="0" addon="0" merge="0" rebuychips="0" reg_code="5075720103"/>
<player seat="3" name="mocciolocaldo" chips="600" dealer="0" win="0" bet="10" muck="1" rebuy="0" addon="0" merge="0" rebuychips="0" reg_code="5075719595"/>
</players>
</general>
<round no="0"><action no="1" player="mocciolocaldo" type="1" discard="1" dealt="1" sum="10"/>
<action no="2" player="M1ky3ste92" type="2" sum="20"/>
</round>
<round no="1"><cards type="Pocket" player="M1ky3ste92">HJ DJ</cards>
<cards type="Pocket" player="mocciolocaldo">X X</cards>
<cards type="Pocket" player="Alfo07">HK SJ</cards>
<action no="3" player="Alfo07" type="23" discard="1" dealt="1" sum="40"/>
<action no="4" player="mocciolocaldo" type="0" discard="1" dealt="1" sum="0"/>
<action no="5" player="M1ky3ste92" type="23" sum="580"/>
<action no="6" player="Alfo07" type="7" discard="1" dealt="1" sum="280"/>
</round>
<round no="2"><cards type="Flop">D7 H3 SK</cards>
</round>
<round no="3"><cards type="Turn">S4</cards>
</round>
<round no="4"><cards type="River">CA</cards>
</round>
</game>
<game gamecode="6541604440"><general><startdate>2025-11-26 15:10:57</startdate>
<round>1</round>
<failsafecounter/>
<players><player seat="10" name="Alfo07" chips="650" dealer="0" win="0" bet="108" muck="1" rebuy="0" addon="0" merge="0" rebuychips="0" reg_code="5075720103"/>
<player seat="3" name="mocciolocaldo" chips="590" dealer="1" win="226" bet="108" muck="0" rebuy="0" addon="0" merge="0" rebuychips="0" reg_code="5075719595"/>
<player seat="6" name="M1ky3ste92" chips="260" dealer="0" win="0" bet="10" muck="1" rebuy="0" addon="0" merge="0" rebuychips="0" reg_code="5075719880"/>
</players>
</general>
<round no="0"><action no="1" player="M1ky3ste92" type="1" sum="10"/>
<action no="2" player="Alfo07" type="2" discard="1" dealt="1" sum="20"/>
</round>
<round no="1"><cards type="Pocket" player="M1ky3ste92">C9 D3</cards>
<cards type="Pocket" player="Alfo07">S2 SA</cards>
<cards type="Pocket" player="mocciolocaldo">H6 D6</cards>
<action no="3" player="mocciolocaldo" type="23" discard="1" dealt="1" sum="40"/>
<action no="4" player="M1ky3ste92" type="0" sum="0"/>
<action no="5" player="Alfo07" type="3" discard="1" dealt="1" sum="20"/>
</round>
<round no="2"><cards type="Flop">S3 H9 S10</cards>
<action no="6" player="Alfo07" type="4" discard="1" dealt="1" sum="0"/>
<action no="7" player="mocciolocaldo" type="4" discard="1" dealt="1" sum="0"/>
</round>
<round no="3"><cards type="Turn">H10</cards>
<action no="8" player="Alfo07" type="4" discard="1" dealt="1" sum="0"/>
<action no="9" player="mocciolocaldo" type="5" discard="1" dealt="1" sum="30"/>
<action no="10" player="Alfo07" type="3" discard="1" dealt="1" sum="30"/>
</round>
<round no="4"><cards type="River">D10</cards>
<action no="11" player="Alfo07" type="4" discard="1" dealt="1" sum="0"/>
<action no="12" player="mocciolocaldo" type="5" discard="1" dealt="1" sum="38"/>
<action no="13" player="Alfo07" type="3" discard="1" dealt="1" sum="38"/>
</round>
</game>
<game gamecode="6541608638"><general><startdate>2025-11-26 15:11:25</startdate>
<round>1</round>
<failsafecounter/>
<players><player seat="3" name="mocciolocaldo" chips="708" dealer="0" win="0" bet="35" muck="1" rebuy="0" addon="0" merge="0" rebuychips="0" reg_code="5075719595"/>
<player seat="6" name="M1ky3ste92" chips="250" dealer="1" win="90" bet="250" muck="1" rebuy="0" addon="0" merge="0" rebuychips="0" reg_code="5075719880"/>
<player seat="10" name="Alfo07" chips="542" dealer="0" win="0" bet="20" muck="1" rebuy="0" addon="0" merge="0" rebuychips="0" reg_code="5075720103"/>
</players>
</general>
<round no="0"><action no="1" player="Alfo07" type="15" discard="1" dealt="1" sum="5"/>
<action no="2" player="mocciolocaldo" type="15" discard="1" dealt="1" sum="5"/>
<action no="3" player="M1ky3ste92" type="15" sum="5"/>
<action no="4" player="Alfo07" type="1" discard="1" dealt="1" sum="15"/>
<action no="5" player="mocciolocaldo" type="2" discard="1" dealt="1" sum="30"/>
</round>
<round no="1"><cards type="Pocket" player="mocciolocaldo">X X</cards>
<cards type="Pocket" player="M1ky3ste92">DQ SJ</cards>
<cards type="Pocket" player="Alfo07">X X</cards>
<action no="6" player="M1ky3ste92" type="23" sum="245"/>
<action no="7" player="Alfo07" type="0" discard="1" dealt="1" sum="0"/>
<action no="8" player="mocciolocaldo" type="0" discard="1" dealt="1" sum="0"/>
</round>
</game>
<game gamecode="6541608660"><general><startdate>2025-11-26 15:11:35</startdate>
<round>1</round>
<failsafecounter/>
<players><player seat="6" name="M1ky3ste92" chips="305" dealer="0" win="0" bet="35" muck="1" rebuy="0" addon="0" merge="0" rebuychips="0" reg_code="5075719880"/>
<player seat="10" name="Alfo07" chips="522" dealer="1" win="0" bet="5" muck="1" rebuy="0" addon="0" merge="0" rebuychips="0" reg_code="5075720103"/>
<player seat="3" name="mocciolocaldo" chips="673" dealer="0" win="75" bet="673" muck="1" rebuy="0" addon="0" merge="0" rebuychips="0" reg_code="5075719595"/>
</players>
</general>
<round no="0"><action no="1" player="mocciolocaldo" type="15" discard="1" dealt="1" sum="5"/>
<action no="2" player="M1ky3ste92" type="15" sum="5"/>
<action no="3" player="Alfo07" type="15" discard="1" dealt="1" sum="5"/>
<action no="4" player="mocciolocaldo" type="1" discard="1" dealt="1" sum="15"/>
<action no="5" player="M1ky3ste92" type="2" sum="30"/>
</round>
<round no="1"><cards type="Pocket" player="Alfo07">X X</cards>
<cards type="Pocket" player="mocciolocaldo">X X</cards>
<cards type="Pocket" player="M1ky3ste92">D2 CJ</cards>
<action no="6" player="Alfo07" type="0" discard="1" dealt="1" sum="0"/>
<action no="7" player="mocciolocaldo" type="23" discard="1" dealt="1" sum="668"/>
<action no="8" player="M1ky3ste92" type="0" sum="0"/>
</round>
</game>
<game gamecode="6541608679"><general><startdate>2025-11-26 15:11:46</startdate>
<round>1</round>
<failsafecounter/>
<players><player seat="10" name="Alfo07" chips="517" dealer="0" win="0" bet="35" muck="1" rebuy="0" addon="0" merge="0" rebuychips="0" reg_code="5075720103"/>
<player seat="3" name="mocciolocaldo" chips="713" dealer="1" win="0" bet="5" muck="1" rebuy="0" addon="0" merge="0" rebuychips="0" reg_code="5075719595"/>
<player seat="6" name="M1ky3ste92" chips="270" dealer="0" win="75" bet="270" muck="1" rebuy="0" addon="0" merge="0" rebuychips="0" reg_code="5075719880"/>
</players>
</general>
<round no="0"><action no="1" player="M1ky3ste92" type="15" sum="5"/>
<action no="2" player="Alfo07" type="15" discard="1" dealt="1" sum="5"/>
<action no="3" player="mocciolocaldo" type="15" discard="1" dealt="1" sum="5"/>
<action no="4" player="M1ky3ste92" type="1" sum="15"/>
<action no="5" player="Alfo07" type="2" discard="1" dealt="1" sum="30"/>
</round>
<round no="1"><cards type="Pocket" player="Alfo07">X X</cards>
<cards type="Pocket" player="mocciolocaldo">X X</cards>
<cards type="Pocket" player="M1ky3ste92">DA HJ</cards>
<action no="6" player="mocciolocaldo" type="0" discard="1" dealt="1" sum="0"/>
<action no="7" player="M1ky3ste92" type="23" sum="265"/>
<action no="8" player="Alfo07" type="0" discard="1" dealt="1" sum="0"/>
</round>
</game>
<game gamecode="6541608694"><general><startdate>2025-11-26 15:11:55</startdate>
<round>1</round>
<failsafecounter/>
<players><player seat="3" name="mocciolocaldo" chips="708" dealer="0" win="0" bet="35" muck="1" rebuy="0" addon="0" merge="0" rebuychips="0" reg_code="5075719595"/>
<player seat="6" name="M1ky3ste92" chips="310" dealer="1" win="0" bet="5" muck="1" rebuy="0" addon="0" merge="0" rebuychips="0" reg_code="5075719880"/>
<player seat="10" name="Alfo07" chips="482" dealer="0" win="75" bet="65" muck="1" rebuy="0" addon="0" merge="0" rebuychips="0" reg_code="5075720103"/>
</players>
</general>
<round no="0"><action no="1" player="Alfo07" type="15" discard="1" dealt="1" sum="5"/>
<action no="2" player="mocciolocaldo" type="15" discard="1" dealt="1" sum="5"/>
<action no="3" player="M1ky3ste92" type="15" sum="5"/>
<action no="4" player="Alfo07" type="1" discard="1" dealt="1" sum="15"/>
<action no="5" player="mocciolocaldo" type="2" discard="1" dealt="1" sum="30"/>
</round>
<round no="1"><cards type="Pocket" player="mocciolocaldo">X X</cards>
<cards type="Pocket" player="M1ky3ste92">S8 CJ</cards>
<cards type="Pocket" player="Alfo07">X X</cards>
<action no="6" player="M1ky3ste92" type="0" sum="0"/>
<action no="7" player="Alfo07" type="3" discard="1" dealt="1" sum="15"/>
<action no="8" player="mocciolocaldo" type="4" discard="1" dealt="1" sum="0"/>
</round>
<round no="2"><cards type="Flop">HJ CK D5</cards>
<action no="9" player="Alfo07" type="4" discard="1" dealt="1" sum="0"/>
<action no="10" player="mocciolocaldo" type="4" discard="1" dealt="1" sum="0"/>
</round>
<round no="3"><cards type="Turn">DQ</cards>
<action no="11" player="Alfo07" type="5" discard="1" dealt="1" sum="30"/>
<action no="12" player="mocciolocaldo" type="0" discard="1" dealt="1" sum="0"/>
</round>
</game>
<game gamecode="6541608741"><general><startdate>2025-11-26 15:12:17</startdate>
<round>1</round>
<failsafecounter/>
<players><player seat="6" name="M1ky3ste92" chips="305" dealer="0" win="0" bet="35" muck="1" rebuy="0" addon="0" merge="0" rebuychips="0" reg_code="5075719880"/>
<player seat="10" name="Alfo07" chips="522" dealer="1" win="90" bet="65" muck="1" rebuy="0" addon="0" merge="0" rebuychips="0" reg_code="5075720103"/>
<player seat="3" name="mocciolocaldo" chips="673" dealer="0" win="0" bet="20" muck="1" rebuy="0" addon="0" merge="0" rebuychips="0" reg_code="5075719595"/>
</players>
</general>
<round no="0"><action no="1" player="mocciolocaldo" type="15" discard="1" dealt="1" sum="5"/>
<action no="2" player="M1ky3ste92" type="15" sum="5"/>
<action no="3" player="Alfo07" type="15" discard="1" dealt="1" sum="5"/>
<action no="4" player="mocciolocaldo" type="1" discard="1" dealt="1" sum="15"/>
<action no="5" player="M1ky3ste92" type="2" sum="30"/>
</round>
<round no="1"><cards type="Pocket" player="M1ky3ste92">C3 S2</cards>
<cards type="Pocket" player="Alfo07">X X</cards>
<cards type="Pocket" player="mocciolocaldo">X X</cards>
<action no="6" player="Alfo07" type="23" discard="1" dealt="1" sum="60"/>
<action no="7" player="mocciolocaldo" type="0" discard="1" dealt="1" sum="0"/>
<action no="8" player="M1ky3ste92" type="0" sum="0"/>
</round>
</game>
<game gamecode="6541608770"><general><startdate>2025-11-26 15:12:29</startdate>
<round>1</round>
<failsafecounter/>
<players><player seat="10" name="Alfo07" chips="577" dealer="0" win="210" bet="245" muck="1" rebuy="0" addon="0" merge="0" rebuychips="0" reg_code="5075720103"/>
<player seat="3" name="mocciolocaldo" chips="653" dealer="1" win="0" bet="95" muck="1" rebuy="0" addon="0" merge="0" rebuychips="0" reg_code="5075719595"/>
<player seat="6" name="M1ky3ste92" chips="270" dealer="0" win="0" bet="20" muck="1" rebuy="0" addon="0" merge="0" rebuychips="0" reg_code="5075719880"/>
</players>
</general>
<round no="0"><action no="1" player="M1ky3ste92" type="15" sum="5"/>
<action no="2" player="Alfo07" type="15" discard="1" dealt="1" sum="5"/>
<action no="3" player="mocciolocaldo" type="15" discard="1" dealt="1" sum="5"/>
<action no="4" player="M1ky3ste92" type="1" sum="15"/>
<action no="5" player="Alfo07" type="2" discard="1" dealt="1" sum="30"/>
</round>
<round no="1"><cards type="Pocket" player="mocciolocaldo">X X</cards>
<cards type="Pocket" player="Alfo07">X X</cards>
<cards type="Pocket" player="M1ky3ste92">C3 D6</cards>
<action no="6" player="mocciolocaldo" type="23" discard="1" dealt="1" sum="60"/>
<action no="7" player="M1ky3ste92" type="0" sum="0"/>
<action no="8" player="Alfo07" type="3" discard="1" dealt="1" sum="30"/>
</round>
<round no="2"><cards type="Flop">C7 H10 S7</cards>
<action no="9" player="Alfo07" type="4" discard="1" dealt="1" sum="0"/>
<action no="10" player="mocciolocaldo" type="5" discard="1" dealt="1" sum="30"/>
<action no="11" player="Alfo07" type="3" discard="1" dealt="1" sum="30"/>
</round>
<round no="3"><cards type="Turn">C9</cards>
<action no="12" player="Alfo07" type="4" discard="1" dealt="1" sum="0"/>
<action no="13" player="mocciolocaldo" type="4" discard="1" dealt="1" sum="0"/>
</round>
<round no="4"><cards type="River">H5</cards>
<action no="14" player="Alfo07" type="5" discard="1" dealt="1" sum="150"/>
<action no="15" player="mocciolocaldo" type="0" discard="1" dealt="1" sum="0"/>
</round>
</game>
<game gamecode="6541608837"><general><startdate>2025-11-26 15:13:02</startdate>
<round>1</round>
<failsafecounter/>
<players><player seat="3" name="mocciolocaldo" chips="558" dealer="0" win="0" bet="45" muck="1" rebuy="0" addon="0" merge="0" rebuychips="0" reg_code="5075719595"/>
<player seat="6" name="M1ky3ste92" chips="250" dealer="1" win="0" bet="5" muck="1" rebuy="0" addon="0" merge="0" rebuychips="0" reg_code="5075719880"/>
<player seat="10" name="Alfo07" chips="692" dealer="0" win="95" bet="85" muck="1" rebuy="0" addon="0" merge="0" rebuychips="0" reg_code="5075720103"/>
</players>
</general>
<round no="0"><action no="1" player="Alfo07" type="15" discard="1" dealt="1" sum="5"/>
<action no="2" player="mocciolocaldo" type="15" discard="1" dealt="1" sum="5"/>
<action no="3" player="M1ky3ste92" type="15" sum="5"/>
<action no="4" player="Alfo07" type="1" discard="1" dealt="1" sum="20"/>
<action no="5" player="mocciolocaldo" type="2" discard="1" dealt="1" sum="40"/>
</round>
<round no="1"><cards type="Pocket" player="Alfo07">X X</cards>
<cards type="Pocket" player="M1ky3ste92">S5 D10</cards>
<cards type="Pocket" player="mocciolocaldo">X X</cards>
<action no="6" player="M1ky3ste92" type="0" sum="0"/>
<action no="7" player="Alfo07" type="3" discard="1" dealt="1" sum="20"/>
<action no="8" player="mocciolocaldo" type="4" discard="1" dealt="1" sum="0"/>
</round>
<round no="2"><cards type="Flop">S6 H4 C3</cards>
<action no="9" player="Alfo07" type="5" discard="1" dealt="1" sum="40"/>
<action no="10" player="mocciolocaldo" type="0" discard="1" dealt="1" sum="0"/>
</round>
</game>
<game gamecode="6541608884"><general><startdate>2025-11-26 15:13:25</startdate>
<round>1</round>
<failsafecounter/>
<players><player seat="6" name="M1ky3ste92" chips="245" dealer="0" win="135" bet="245" muck="1" rebuy="0" addon="0" merge="0" rebuychips="0" reg_code="5075719880"/>
<player seat="10" name="Alfo07" chips="742" dealer="1" win="0" bet="45" muck="1" rebuy="0" addon="0" merge="0" rebuychips="0" reg_code="5075720103"/>
<player seat="3" name="mocciolocaldo" chips="513" dealer="0" win="0" bet="45" muck="1" rebuy="0" addon="0" merge="0" rebuychips="0" reg_code="5075719595"/>
</players>
</general>
<round no="0"><action no="1" player="mocciolocaldo" type="15" discard="1" dealt="1" sum="5"/>
<action no="2" player="M1ky3ste92" type="15" sum="5"/>
<action no="3" player="Alfo07" type="15" discard="1" dealt="1" sum="5"/>
<action no="4" player="mocciolocaldo" type="1" discard="1" dealt="1" sum="20"/>
<action no="5" player="M1ky3ste92" type="2" sum="40"/>
</round>
<round no="1"><cards type="Pocket" player="M1ky3ste92">HJ HQ</cards>
<cards type="Pocket" player="Alfo07">X X</cards>
<cards type="Pocket" player="mocciolocaldo">X X</cards>
<action no="6" player="Alfo07" type="3" discard="1" dealt="1" sum="40"/>
<action no="7" player="mocciolocaldo" type="3" discard="1" dealt="1" sum="20"/>
<action no="8" player="M1ky3ste92" type="23" sum="240"/>
<action no="9" player="Alfo07" type="0" discard="1" dealt="1" sum="0"/>
<action no="10" player="mocciolocaldo" type="0" discard="1" dealt="1" sum="0"/>
</round>
</game>
<game gamecode="6541608912"><general><startdate>2025-11-26 15:13:38</startdate>
<round>1</round>
<failsafecounter/>
<players><player seat="10" name="Alfo07" chips="697" dealer="0" win="55" bet="45" muck="1" rebuy="0" addon="0" merge="0" rebuychips="0" reg_code="5075720103"/>
<player seat="3" name="mocciolocaldo" chips="468" dealer="1" win="0" bet="5" muck="1" rebuy="0" addon="0" merge="0" rebuychips="0" reg_code="5075719595"/>
<player seat="6" name="M1ky3ste92" chips="335" dealer="0" win="0" bet="25" muck="1" rebuy="0" addon="0" merge="0" rebuychips="0" reg_code="5075719880"/>
</players>
</general>
<round no="0"><action no="1" player="M1ky3ste92" type="15" sum="5"/>
<action no="2" player="Alfo07" type="15" discard="1" dealt="1" sum="5"/>
<action no="3" player="mocciolocaldo" type="15" discard="1" dealt="1" sum="5"/>
<action no="4" player="M1ky3ste92" type="1" sum="20"/>
<action no="5" player="Alfo07" type="2" discard="1" dealt="1" sum="40"/>
</round>
<round no="1"><cards type="Pocket" player="mocciolocaldo">X X</cards>
<cards type="Pocket" player="M1ky3ste92">H5 SJ</cards>
<cards type="Pocket" player="Alfo07">X X</cards>
<action no="6" player="mocciolocaldo" type="0" discard="1" dealt="1" sum="0"/>
<action no="7" player="M1ky3ste92" type="0" sum="0"/>
</round>
</game>
<game gamecode="6541608926"><general><startdate>2025-11-26 15:13:47</startdate>
<round>1</round>
<failsafecounter/>
<players><player seat="3" name="mocciolocaldo" chips="463" dealer="0" win="0" bet="45" muck="1" rebuy="0" addon="0" merge="0" rebuychips="0" reg_code="5075719595"/>
<player seat="6" name="M1ky3ste92" chips="310" dealer="1" win="115" bet="310" muck="1" rebuy="0" addon="0" merge="0" rebuychips="0" reg_code="5075719880"/>
<player seat="10" name="Alfo07" chips="727" dealer="0" win="0" bet="25" muck="1" rebuy="0" addon="0" merge="0" rebuychips="0" reg_code="5075720103"/>
</players>
</general>
<round no="0"><action no="1" player="Alfo07" type="15" discard="1" dealt="1" sum="5"/>
<action no="2" player="mocciolocaldo" type="15" discard="1" dealt="1" sum="5"/>
<action no="3" player="M1ky3ste92" type="15" sum="5"/>
<action no="4" player="Alfo07" type="1" discard="1" dealt="1" sum="20"/>
<action no="5" player="mocciolocaldo" type="2" discard="1" dealt="1" sum="40"/>
</round>
<round no="1"><cards type="Pocket" player="M1ky3ste92">SQ CJ</cards>
<cards type="Pocket" player="Alfo07">X X</cards>
<cards type="Pocket" player="mocciolocaldo">X X</cards>
<action no="6" player="M1ky3ste92" type="23" sum="305"/>
<action no="7" player="Alfo07" type="0" discard="1" dealt="1" sum="0"/>
<action no="8" player="mocciolocaldo" type="0" discard="1" dealt="1" sum="0"/>
</round>
</game>
<game gamecode="6541608946"><general><startdate>2025-11-26 15:13:58</startdate>
<round>1</round>
<failsafecounter/>
<players><player seat="6" name="M1ky3ste92" chips="380" dealer="0" win="55" bet="45" muck="1" rebuy="0" addon="0" merge="0" rebuychips="0" reg_code="5075719880"/>
<player seat="10" name="Alfo07" chips="702" dealer="1" win="0" bet="5" muck="1" rebuy="0" addon="0" merge="0" rebuychips="0" reg_code="5075720103"/>
<player seat="3" name="mocciolocaldo" chips="418" dealer="0" win="0" bet="25" muck="1" rebuy="0" addon="0" merge="0" rebuychips="0" reg_code="5075719595"/>
</players>
</general>
<round no="0"><action no="1" player="mocciolocaldo" type="15" discard="1" dealt="1" sum="5"/>
<action no="2" player="M1ky3ste92" type="15" sum="5"/>
<action no="3" player="Alfo07" type="15" discard="1" dealt="1" sum="5"/>
<action no="4" player="mocciolocaldo" type="1" discard="1" dealt="1" sum="20"/>
<action no="5" player="M1ky3ste92" type="2" sum="40"/>
</round>
<round no="1"><cards type="Pocket" player="M1ky3ste92">S5 H8</cards>
<cards type="Pocket" player="Alfo07">X X</cards>
<cards type="Pocket" player="mocciolocaldo">X X</cards>
<action no="6" player="Alfo07" type="0" discard="1" dealt="1" sum="0"/>
<action no="7" player="mocciolocaldo" type="0" discard="1" dealt="1" sum="0"/>
</round>
</game>
<game gamecode="6541608956"><general><startdate>2025-11-26 15:14:04</startdate>
<round>1</round>
<failsafecounter/>
<players><player seat="10" name="Alfo07" chips="697" dealer="0" win="55" bet="45" muck="1" rebuy="0" addon="0" merge="0" rebuychips="0" reg_code="5075720103"/>
<player seat="3" name="mocciolocaldo" chips="393" dealer="1" win="0" bet="5" muck="1" rebuy="0" addon="0" merge="0" rebuychips="0" reg_code="5075719595"/>
<player seat="6" name="M1ky3ste92" chips="410" dealer="0" win="0" bet="25" muck="1" rebuy="0" addon="0" merge="0" rebuychips="0" reg_code="5075719880"/>
</players>
</general>
<round no="0"><action no="1" player="M1ky3ste92" type="15" sum="5"/>
<action no="2" player="Alfo07" type="15" discard="1" dealt="1" sum="5"/>
<action no="3" player="mocciolocaldo" type="15" discard="1" dealt="1" sum="5"/>
<action no="4" player="M1ky3ste92" type="1" sum="20"/>
<action no="5" player="Alfo07" type="2" discard="1" dealt="1" sum="40"/>
</round>
<round no="1"><cards type="Pocket" player="mocciolocaldo">X X</cards>
<cards type="Pocket" player="M1ky3ste92">H10 C4</cards>
<cards type="Pocket" player="Alfo07">X X</cards>
<action no="6" player="mocciolocaldo" type="0" discard="1" dealt="1" sum="0"/>
<action no="7" player="M1ky3ste92" type="0" sum="0"/>
</round>
</game>
<game gamecode="6541608969"><general><startdate>2025-11-26 15:14:11</startdate>
<round>1</round>
<failsafecounter/>
<players><player seat="3" name="mocciolocaldo" chips="388" dealer="0" win="0" bet="85" muck="1" rebuy="0" addon="0" merge="0" rebuychips="0" reg_code="5075719595"/>
<player seat="6" name="M1ky3ste92" chips="385" dealer="1" win="0" bet="5" muck="1" rebuy="0" addon="0" merge="0" rebuychips="0" reg_code="5075719880"/>
<player seat="10" name="Alfo07" chips="727" dealer="0" win="175" bet="165" muck="1" rebuy="0" addon="0" merge="0" rebuychips="0" reg_code="5075720103"/>
</players>
</general>
<round no="0"><action no="1" player="Alfo07" type="15" discard="1" dealt="1" sum="5"/>
<action no="2" player="mocciolocaldo" type="15" discard="1" dealt="1" sum="5"/>
<action no="3" player="M1ky3ste92" type="15" sum="5"/>
<action no="4" player="Alfo07" type="1" discard="1" dealt="1" sum="20"/>
<action no="5" player="mocciolocaldo" type="2" discard="1" dealt="1" sum="40"/>
</round>
<round no="1"><cards type="Pocket" player="mocciolocaldo">X X</cards>
<cards type="Pocket" player="Alfo07">X X</cards>
<cards type="Pocket" player="M1ky3ste92">D7 C4</cards>
<action no="6" player="M1ky3ste92" type="0" sum="0"/>
<action no="7" player="Alfo07" type="23" discard="1" dealt="1" sum="80"/>
<action no="8" player="mocciolocaldo" type="3" discard="1" dealt="1" sum="40"/>
</round>
<round no="2"><cards type="Flop">C2 H2 S5</cards>
<action no="9" player="Alfo07" type="5" discard="1" dealt="1" sum="80"/>
<action no="10" player="mocciolocaldo" type="0" discard="1" dealt="1" sum="0"/>
</round>
</game>
<game gamecode="6541609018"><general><startdate>2025-11-26 15:14:36</startdate>
<round>1</round>
<failsafecounter/>
<players><player seat="6" name="M1ky3ste92" chips="380" dealer="0" win="75" bet="65" muck="1" rebuy="0" addon="0" merge="0" rebuychips="0" reg_code="5075719880"/>
<player seat="10" name="Alfo07" chips="817" dealer="1" win="0" bet="5" muck="1" rebuy="0" addon="0" merge="0" rebuychips="0" reg_code="5075720103"/>
<player seat="3" name="mocciolocaldo" chips="303" dealer="0" win="0" bet="35" muck="1" rebuy="0" addon="0" merge="0" rebuychips="0" reg_code="5075719595"/>
</players>
</general>
<round no="0"><action no="1" player="mocciolocaldo" type="15" discard="1" dealt="1" sum="5"/>
<action no="2" player="M1ky3ste92" type="15" sum="5"/>
<action no="3" player="Alfo07" type="15" discard="1" dealt="1" sum="5"/>
<action no="4" player="mocciolocaldo" type="1" discard="1" dealt="1" sum="30"/>
<action no="5" player="M1ky3ste92" type="2" sum="60"/>
</round>
<round no="1"><cards type="Pocket" player="M1ky3ste92">SA H2</cards>
<cards type="Pocket" player="Alfo07">X X</cards>
<cards type="Pocket" player="mocciolocaldo">X X</cards>
<action no="6" player="Alfo07" type="0" discard="1" dealt="1" sum="0"/>
<action no="7" player="mocciolocaldo" type="0" discard="1" dealt="1" sum="0"/>
</round>
</game>
<game gamecode="6541609037"><general><startdate>2025-11-26 15:14:44</startdate>
<round>1</round>
<failsafecounter/>
<players><player seat="10" name="Alfo07" chips="812" dealer="0" win="845" bet="420" muck="0" rebuy="0" addon="0" merge="0" rebuychips="0" reg_code="5075720103"/>
<player seat="3" name="mocciolocaldo" chips="268" dealer="1" win="0" bet="5" muck="1" rebuy="0" addon="0" merge="0" rebuychips="0" reg_code="5075719595"/>
<player seat="6" name="M1ky3ste92" chips="420" dealer="0" win="0" bet="420" muck="0" rebuy="0" addon="0" merge="0" rebuychips="0" reg_code="5075719880"/>
</players>
</general>
<round no="0"><action no="1" player="M1ky3ste92" type="15" sum="5"/>
<action no="2" player="Alfo07" type="15" discard="1" dealt="1" sum="5"/>
<action no="3" player="mocciolocaldo" type="15" discard="1" dealt="1" sum="5"/>
<action no="4" player="M1ky3ste92" type="1" sum="30"/>
<action no="5" player="Alfo07" type="2" discard="1" dealt="1" sum="60"/>
</round>
<round no="1"><cards type="Pocket" player="Alfo07">HQ S10</cards>
<cards type="Pocket" player="M1ky3ste92">S4 CQ</cards>
<cards type="Pocket" player="mocciolocaldo">X X</cards>
<action no="6" player="mocciolocaldo" type="0" discard="1" dealt="1" sum="0"/>
<action no="7" player="M1ky3ste92" type="23" sum="415"/>
<action no="8" player="Alfo07" type="3" discard="1" dealt="1" sum="355"/>
</round>
<round no="2"><cards type="Flop">HJ S9 D5</cards>
</round>
<round no="3"><cards type="Turn">S6</cards>
</round>
<round no="4"><cards type="River">H10</cards>
</round>
</game>
</session>
