<?xml version="1.0" encoding="UTF-8"?>
<session sessioncode="5075732422">
<general>
<client_version>25.7.1.34</client_version>
<mode>real</mode>
<gametype>Holdem NL</gametype>
<tablename>Twister €100 SNG, 822481708</tablename>
<tournamentcode>822481707</tournamentcode>
<tournamentname>Twister €100 SNG</tournamentname>
<buyin>€0 + €7 + €93</buyin>
<totalbuyin>€100</totalbuyin>
<rewarddrawn>€200</rewarddrawn>
<tournamentcurrency>EUR</tournamentcurrency>
<currency>EUR</currency>
<nickname>M1ky3ste92</nickname>
<gamecount>29</gamecount>
<startdate>2025-11-26 16:05:20</startdate>
<place>2</place>
<win>€0</win>
<tablesize>3</tablesize>
</general>
<game gamecode="6541647041"><general><startdate>2025-11-26 16:05:36</startdate>
<round>1</round>
<failsafecounter/>
<players><player seat="3" name="ilCapo6" chips="500" dealer="0" win="20" bet="20" muck="1" rebuy="0" addon="0" merge="0" rebuychips="0" reg_code="5075732296"/>
<player seat="6" name="M1ky3ste92" chips="500" dealer="1" win="0" bet="0" muck="1" rebuy="0" addon="0" merge="0" rebuychips="0" reg_code="5075732422"/>
<player seat="10" name="gherrison97" chips="500" dealer="0" win="0" bet="10" muck="1" rebuy="0" addon="0" merge="0" rebuychips="0" reg_code="5075733167"/>
</players>
</general>
<round no="0"><action no="1" player="gherrison97" type="1" discard="1" dealt="1" sum="10"/>
<action no="2" player="ilCapo6" type="2" discard="1" dealt="1" sum="20"/>
</round>
<round no="1"><cards type="Pocket" player="M1ky3ste92">D5 CQ</cards>
<cards type="Pocket" player="ilCapo6">X X</cards>
<cards type="Pocket" player="gherrison97">X X</cards>
<action no="3" player="M1ky3ste92" type="0" sum="0"/>
<action no="4" player="gherrison97" type="0" discard="1" dealt="1" sum="0"/>
</round>
</game>
<game gamecode="6541647052"><general><startdate>2025-11-26 16:05:42</startdate>
<round>1</round>
<failsafecounter/>
<players><player seat="6" name="M1ky3ste92" chips="500" dealer="0" win="0" bet="20" muck="1" rebuy="0" addon="0" merge="0" rebuychips="0" reg_code="5075732422"/>
<player seat="10" name="gherrison97" chips="490" dealer="1" win="50" bet="40" muck="1" rebuy="0" addon="0" merge="0" rebuychips="0" reg_code="5075733167"/>
<player seat="3" name="ilCapo6" chips="510" dealer="0" win="0" bet="10" muck="1" rebuy="0" addon="0" merge="0" rebuychips="0" reg_code="5075732296"/>
</players>
</general>
<round no="0"><action no="1" player="ilCapo6" type="1" discard="1" dealt="1" sum="10"/>
<action no="2" player="M1ky3ste92" type="2" sum="20"/>
</round>
<round no="1"><cards type="Pocket" player="M1ky3ste92">S7 D5</cards>
<cards type="Pocket" player="gherrison97">X X</cards>
<cards type="Pocket" player="ilCapo6">X X</cards>
<action no="3" player="gherrison97" type="23" discard="1" dealt="1" sum="40"/>
<action no="4" player="ilCapo6" type="0" discard="1" dealt="1" sum="0"/>
<action no="5" player="M1ky3ste92" type="0" sum="0"/>
</round>
</game>
<game gamecode="6541647093"><general><startdate>2025-11-26 16:06:03</startdate>
<round>1</round>
<failsafecounter/>
<players><player seat="10" name="gherrison97" chips="520" dealer="0" win="0" bet="20" muck="1" rebuy="0" addon="0" merge="0" rebuychips="0" reg_code="5075733167"/>
<player seat="3" name="ilCapo6" chips="500" dealer="1" win="50" bet="40" muck="1" rebuy="0" addon="0" merge="0" rebuychips="0" reg_code="5075732296"/>
<player seat="6" name="M1ky3ste92" chips="480" dealer="0" win="0" bet="10" muck="1" rebuy="0" addon="0" merge="0" rebuychips="0" reg_code="5075732422"/>
</players>
</general>
<round no="0"><action no="1" player="M1ky3ste92" type="1" sum="10"/>
<action no="2" player="gherrison97" type="2" discard="1" dealt="1" sum="20"/>
</round>
<round no="1"><cards type="Pocket" player="M1ky3ste92">SK S3</cards>
<cards type="Pocket" player="ilCapo6">X X</cards>
<cards type="Pocket" player="gherrison97">X X</cards>
<action no="3" player="ilCapo6" type="23" discard="1" dealt="1" sum="40"/>
<action no="4" player="M1ky3ste92" type="0" sum="0"/>
<action no="5" player="gherrison97" type="0" discard="1" dealt="1" sum="0"/>
</round>
</game>
<game gamecode="6541647136"><general><startdate>2025-11-26 16:06:24</startdate>
<round>1</round>
<failsafecounter/>
<players><player seat="3" name="ilCapo6" chips="530" dealer="0" win="0" bet="20" muck="1" rebuy="0" addon="0" merge="0" rebuychips="0" reg_code="5075732296"/>
<player seat="6" name="M1ky3ste92" chips="470" dealer="1" win="50" bet="40" muck="1" rebuy="0" addon="0" merge="0" rebuychips="0" reg_code="5075732422"/>
<player seat="10" name="gherrison97" chips="500" dealer="0" win="0" bet="10" muck="1" rebuy="0" addon="0" merge="0" rebuychips="0" reg_code="5075733167"/>
</players>
</general>
<round no="0"><action no="1" player="gherrison97" type="1" discard="1" dealt="1" sum="10"/>
<action no="2" player="ilCapo6" type="2" discard="1" dealt="1" sum="20"/>
</round>
<round no="1"><cards type="Pocket" player="gherrison97">X X</cards>
<cards type="Pocket" player="ilCapo6">X X</cards>
<cards type="Pocket" player="M1ky3ste92">HA HK</cards>
<action no="3" player="M1ky3ste92" type="23" sum="40"/>
<action no="4" player="gherrison97" type="0" discard="1" dealt="1" sum="0"/>
<action no="5" player="ilCapo6" type="0" discard="1" dealt="1" sum="0"/>
</round>
</game>
<game gamecode="6541647152"><general><startdate>2025-11-26 16:06:33</startdate>
<round>1</round>
<failsafecounter/>
<players><player seat="6" name="M1ky3ste92" chips="500" dealer="0" win="0" bet="20" muck="1" rebuy="0" addon="0" merge="0" rebuychips="0" reg_code="5075732422"/>
<player seat="10" name="gherrison97" chips="490" dealer="1" win="0" bet="0" muck="1" rebuy="0" addon="0" merge="0" rebuychips="0" reg_code="5075733167"/>
<player seat="3" name="ilCapo6" chips="510" dealer="0" win="40" bet="40" muck="1" rebuy="0" addon="0" merge="0" rebuychips="0" reg_code="5075732296"/>
</players>
</general>
<round no="0"><action no="1" player="ilCapo6" type="1" discard="1" dealt="1" sum="10"/>
<action no="2" player="M1ky3ste92" type="2" sum="20"/>
</round>
<round no="1"><cards type="Pocket" player="gherrison97">X X</cards>
<cards type="Pocket" player="M1ky3ste92">D3 SQ</cards>
<cards type="Pocket" player="ilCapo6">X X</cards>
<action no="3" player="gherrison97" type="0" discard="1" dealt="1" sum="0"/>
<action no="4" player="ilCapo6" type="23" discard="1" dealt="1" sum="40"/>
<action no="5" player="M1ky3ste92" type="0" sum="0"/>
</round>
</game>
<game gamecode="6541647181"><general><startdate>2025-11-26 16:06:44</startdate>
<round>1</round>
<failsafecounter/>
<players><player seat="10" name="gherrison97" chips="490" dealer="0" win="160" bet="80" muck="0" rebuy="0" addon="0" merge="0" rebuychips="0" reg_code="5075733167"/>
<player seat="3" name="ilCapo6" chips="530" dealer="1" win="0" bet="0" muck="1" rebuy="0" addon="0" merge="0" rebuychips="0" reg_code="5075732296"/>
<player seat="6" name="M1ky3ste92" chips="480" dealer="0" win="0" bet="80" muck="1" rebuy="0" addon="0" merge="0" rebuychips="0" reg_code="5075732422"/>
</players>
</general>
<round no="0"><action no="1" player="M1ky3ste92" type="1" sum="10"/>
<action no="2" player="gherrison97" type="2" discard="1" dealt="1" sum="20"/>
</round>
<round no="1"><cards type="Pocket" player="gherrison97">D10 H7</cards>
<cards type="Pocket" player="ilCapo6">X X</cards>
<cards type="Pocket" player="M1ky3ste92">CA HQ</cards>
<action no="3" player="ilCapo6" type="0" discard="1" dealt="1" sum="0"/>
<action no="4" player="M1ky3ste92" type="23" sum="40"/>
<action no="5" player="gherrison97" type="3" discard="1" dealt="1" sum="20"/>
</round>
<round no="2"><cards type="Flop">HK CJ HJ</cards>
<action no="6" player="M1ky3ste92" type="4" sum="0"/>
<action no="7" player="gherrison97" type="4" discard="1" dealt="1" sum="0"/>
</round>
<round no="3"><cards type="Turn">CQ</cards>
<action no="8" player="M1ky3ste92" type="4" sum="0"/>
<action no="9" player="gherrison97" type="4" discard="1" dealt="1" sum="0"/>
</round>
<round no="4"><cards type="River">SA</cards>
<action no="10" player="M1ky3ste92" type="4" sum="0"/>
<action no="11" player="gherrison97" type="5" discard="1" dealt="1" sum="40"/>
<action no="12" player="M1ky3ste92" type="3" sum="40"/>
</round>
</game>
<game gamecode="6541650736"><general><startdate>2025-11-26 16:07:37</startdate>
<round>1</round>
<failsafecounter/>
<players><player seat="3" name="ilCapo6" chips="530" dealer="0" win="75" bet="95" muck="1" rebuy="0" addon="0" merge="0" rebuychips="0" reg_code="5075732296"/>
<player seat="6" name="M1ky3ste92" chips="400" dealer="1" win="0" bet="5" muck="1" rebuy="0" addon="0" merge="0" rebuychips="0" reg_code="5075732422"/>
<player seat="10" name="gherrison97" chips="570" dealer="0" win="0" bet="35" muck="1" rebuy="0" addon="0" merge="0" rebuychips="0" reg_code="5075733167"/>
</players>
</general>
<round no="0"><action no="1" player="gherrison97" type="15" discard="1" dealt="1" sum="5"/>
<action no="2" player="ilCapo6" type="15" discard="1" dealt="1" sum="5"/>
<action no="3" player="M1ky3ste92" type="15" sum="5"/>
<action no="4" player="gherrison97" type="1" discard="1" dealt="1" sum="15"/>
<action no="5" player="ilCapo6" type="2" discard="1" dealt="1" sum="30"/>
</round>
<round no="1"><cards type="Pocket" player="gherrison97">X X</cards>
<cards type="Pocket" player="ilCapo6">X X</cards>
<cards type="Pocket" player="M1ky3ste92">C9 H4</cards>
<action no="6" player="M1ky3ste92" type="0" sum="0"/>
<action no="7" player="gherrison97" type="3" discard="1" dealt="1" sum="15"/>
<action no="8" player="ilCapo6" type="23" discard="1" dealt="1" sum="90"/>
<action no="9" player="gherrison97" type="0" discard="1" dealt="1" sum="0"/>
</round>
</game>
<game gamecode="6541650766"><general><startdate>2025-11-26 16:07:49</startdate>
<round>1</round>
<failsafecounter/>
<players><player seat="6" name="M1ky3ste92" chips="395" dealer="0" win="45" bet="35" muck="1" rebuy="0" addon="0" merge="0" rebuychips="0" reg_code="5075732422"/>
<player seat="10" name="gherrison97" chips="535" dealer="1" win="0" bet="5" muck="1" rebuy="0" addon="0" merge="0" rebuychips="0" reg_code="5075733167"/>
<player seat="3" name="ilCapo6" chips="570" dealer="0" win="0" bet="20" muck="1" rebuy="0" addon="0" merge="0" rebuychips="0" reg_code="5075732296"/>
</players>
</general>
<round no="0"><action no="1" player="ilCapo6" type="15" discard="1" dealt="1" sum="5"/>
<action no="2" player="M1ky3ste92" type="15" sum="5"/>
<action no="3" player="gherrison97" type="15" discard="1" dealt="1" sum="5"/>
<action no="4" player="ilCapo6" type="1" discard="1" dealt="1" sum="15"/>
<action no="5" player="M1ky3ste92" type="2" sum="30"/>
</round>
<round no="1"><cards type="Pocket" player="ilCapo6">X X</cards>
<cards type="Pocket" player="M1ky3ste92">S5 D6</cards>
<cards type="Pocket" player="gherrison97">X X</cards>
<action no="6" player="gherrison97" type="0" discard="1" dealt="1" sum="0"/>
<action no="7" player="ilCapo6" type="0" discard="1" dealt="1" sum="0"/>
</round>
</game>
<game gamecode="6541650787"><general><startdate>2025-11-26 16:07:57</startdate>
<round>1</round>
<failsafecounter/>
<players><player seat="10" name="gherrison97" chips="530" dealer="0" win="0" bet="35" muck="1" rebuy="0" addon="0" merge="0" rebuychips="0" reg_code="5075733167"/>
<player seat="3" name="ilCapo6" chips="550" dealer="1" win="0" bet="5" muck="1" rebuy="0" addon="0" merge="0" rebuychips="0" reg_code="5075732296"/>
<player seat="6" name="M1ky3ste92" chips="420" dealer="0" win="75" bet="420" muck="1" rebuy="0" addon="0" merge="0" rebuychips="0" reg_code="5075732422"/>
</players>
</general>
<round no="0"><action no="1" player="M1ky3ste92" type="15" sum="5"/>
<action no="2" player="gherrison97" type="15" discard="1" dealt="1" sum="5"/>
<action no="3" player="ilCapo6" type="15" discard="1" dealt="1" sum="5"/>
<action no="4" player="M1ky3ste92" type="1" sum="15"/>
<action no="5" player="gherrison97" type="2" discard="1" dealt="1" sum="30"/>
</round>
<round no="1"><cards type="Pocket" player="M1ky3ste92">C2 H2</cards>
<cards type="Pocket" player="gherrison97">X X</cards>
<cards type="Pocket" player="ilCapo6">X X</cards>
<action no="6" player="ilCapo6" type="0" discard="1" dealt="1" sum="0"/>
<action no="7" player="M1ky3ste92" type="23" sum="415"/>
<action no="8" player="gherrison97" type="0" discard="1" dealt="1" sum="0"/>
</round>
</game>
<game gamecode="6541650816"><general><startdate>2025-11-26 16:08:13</startdate>
<round>1</round>
<failsafecounter/>
<players><player seat="3" name="ilCapo6" chips="545" dealer="0" win="0" bet="80" muck="1" rebuy="0" addon="0" merge="0" rebuychips="0" reg_code="5075732296"/>
<player seat="6" name="M1ky3ste92" chips="460" dealer="1" win="0" bet="5" muck="1" rebuy="0" addon="0" merge="0" rebuychips="0" reg_code="5075732422"/>
<player seat="10" name="gherrison97" chips="495" dealer="0" win="165" bet="495" muck="1" rebuy="0" addon="0" merge="0" rebuychips="0" reg_code="5075733167"/>
</players>
</general>
<round no="0"><action no="1" player="gherrison97" type="15" discard="1" dealt="1" sum="5"/>
<action no="2" player="ilCapo6" type="15" discard="1" dealt="1" sum="5"/>
<action no="3" player="M1ky3ste92" type="15" sum="5"/>
<action no="4" player="gherrison97" type="1" discard="1" dealt="1" sum="15"/>
<action no="5" player="ilCapo6" type="2" discard="1" dealt="1" sum="30"/>
</round>
<round no="1"><cards type="Pocket" player="M1ky3ste92">S9 S5</cards>
<cards type="Pocket" player="gherrison97">X X</cards>
<cards type="Pocket" player="ilCapo6">X X</cards>
<action no="6" player="M1ky3ste92" type="0" sum="0"/>
<action no="7" player="gherrison97" type="3" discard="1" dealt="1" sum="15"/>
<action no="8" player="ilCapo6" type="23" discard="1" dealt="1" sum="75"/>
<action no="9" player="gherrison97" type="23" discard="1" dealt="1" sum="490"/>
<action no="10" player="ilCapo6" type="0" discard="1" dealt="1" sum="0"/>
</round>
</game>
<game gamecode="6541650867"><general><startdate>2025-11-26 16:08:39</startdate>
<round>1</round>
<failsafecounter/>
<players><player seat="6" name="M1ky3ste92" chips="455" dealer="0" win="0" bet="35" muck="1" rebuy="0" addon="0" merge="0" rebuychips="0" reg_code="5075732422"/>
<player seat="10" name="gherrison97" chips="580" dealer="1" win="0" bet="5" muck="1" rebuy="0" addon="0" merge="0" rebuychips="0" reg_code="5075733167"/>
<player seat="3" name="ilCapo6" chips="465" dealer="0" win="75" bet="65" muck="1" rebuy="0" addon="0" merge="0" rebuychips="0" reg_code="5075732296"/>
</players>
</general>
<round no="0"><action no="1" player="ilCapo6" type="15" discard="1" dealt="1" sum="5"/>
<action no="2" player="M1ky3ste92" type="15" sum="5"/>
<action no="3" player="gherrison97" type="15" discard="1" dealt="1" sum="5"/>
<action no="4" player="ilCapo6" type="1" discard="1" dealt="1" sum="15"/>
<action no="5" player="M1ky3ste92" type="2" sum="30"/>
</round>
<round no="1"><cards type="Pocket" player="M1ky3ste92">CK H2</cards>
<cards type="Pocket" player="ilCapo6">X X</cards>
<cards type="Pocket" player="gherrison97">X X</cards>
<action no="6" player="gherrison97" type="0" discard="1" dealt="1" sum="0"/>
<action no="7" player="ilCapo6" type="23" discard="1" dealt="1" sum="60"/>
<action no="8" player="M1ky3ste92" type="0" sum="0"/>
</round>
</game>
<game gamecode="6541650900"><general><startdate>2025-11-26 16:08:58</startdate>
<round>1</round>
<failsafecounter/>
<players><player seat="10" name="gherrison97" chips="575" dealer="0" win="55" bet="45" muck="1" rebuy="0" addon="0" merge="0" rebuychips="0" reg_code="5075733167"/>
<player seat="3" name="ilCapo6" chips="505" dealer="1" win="0" bet="5" muck="1" rebuy="0" addon="0" merge="0" rebuychips="0" reg_code="5075732296"/>
<player seat="6" name="M1ky3ste92" chips="420" dealer="0" win="0" bet="25" muck="1" rebuy="0" addon="0" merge="0" rebuychips="0" reg_code="5075732422"/>
</players>
</general>
<round no="0"><action no="1" player="M1ky3ste92" type="15" sum="5"/>
<action no="2" player="gherrison97" type="15" discard="1" dealt="1" sum="5"/>
<action no="3" player="ilCapo6" type="15" discard="1" dealt="1" sum="5"/>
<action no="4" player="M1ky3ste92" type="1" sum="20"/>
<action no="5" player="gherrison97" type="2" discard="1" dealt="1" sum="40"/>
</round>
<round no="1"><cards type="Pocket" player="M1ky3ste92">HJ D3</cards>
<cards type="Pocket" player="gherrison97">X X</cards>
<cards type="Pocket" player="ilCapo6">X X</cards>
<action no="6" player="ilCapo6" type="0" discard="1" dealt="1" sum="0"/>
<action no="7" player="M1ky3ste92" type="0" sum="0"/>
</round>
</game>
<game gamecode="6541650917"><general><startdate>2025-11-26 16:09:10</startdate>
<round>1</round>
<failsafecounter/>
<players><player seat="3" name="ilCapo6" chips="500" dealer="0" win="255" bet="500" muck="1" rebuy="0" addon="0" merge="0" rebuychips="0" reg_code="5075732296"/>
<player seat="6" name="M1ky3ste92" chips="395" dealer="1" win="0" bet="5" muck="1" rebuy="0" addon="0" merge="0" rebuychips="0" reg_code="5075732422"/>
<player seat="10" name="gherrison97" chips="605" dealer="0" win="0" bet="125" muck="1" rebuy="0" addon="0" merge="0" rebuychips="0" reg_code="5075733167"/>
</players>
</general>
<round no="0"><action no="1" player="gherrison97" type="15" discard="1" dealt="1" sum="5"/>
<action no="2" player="ilCapo6" type="15" discard="1" dealt="1" sum="5"/>
<action no="3" player="M1ky3ste92" type="15" sum="5"/>
<action no="4" player="gherrison97" type="1" discard="1" dealt="1" sum="20"/>
<action no="5" player="ilCapo6" type="2" discard="1" dealt="1" sum="40"/>
</round>
<round no="1"><cards type="Pocket" player="gherrison97">X X</cards>
<cards type="Pocket" player="ilCapo6">X X</cards>
<cards type="Pocket" player="M1ky3ste92">S5 S3</cards>
<action no="6" player="M1ky3ste92" type="0" sum="0"/>
<action no="7" player="gherrison97" type="3" discard="1" dealt="1" sum="20"/>
<action no="8" player="ilCapo6" type="23" discard="1" dealt="1" sum="120"/>
<action no="9" player="gherrison97" type="3" discard="1" dealt="1" sum="80"/>
</round>
<round no="2"><cards type="Flop">C2 D2 S4</cards>
<action no="10" player="gherrison97" type="4" discard="1" dealt="1" sum="0"/>
<action no="11" player="ilCapo6" type="5" discard="1" dealt="1" sum="375"/>
<action no="12" player="gherrison97" type="0" discard="1" dealt="1" sum="0"/>
</round>
</game>
<game gamecode="6541650961"><general><startdate>2025-11-26 16:09:41</startdate>
<round>1</round>
<failsafecounter/>
<players><player seat="6" name="M1ky3ste92" chips="390" dealer="0" win="785" bet="390" muck="0" rebuy="0" addon="0" merge="0" rebuychips="0" reg_code="5075732422"/>
<player seat="10" name="gherrison97" chips="480" dealer="1" win="0" bet="5" muck="1" rebuy="0" addon="0" merge="0" rebuychips="0" reg_code="5075733167"/>
<player seat="3" name="ilCapo6" chips="630" dealer="0" win="0" bet="630" muck="0" rebuy="0" addon="0" merge="0" rebuychips="0" reg_code="5075732296"/>
</players>
</general>
<round no="0"><action no="1" player="ilCapo6" type="15" discard="1" dealt="1" sum="5"/>
<action no="2" player="M1ky3ste92" type="15" sum="5"/>
<action no="3" player="gherrison97" type="15" discard="1" dealt="1" sum="5"/>
<action no="4" player="ilCapo6" type="1" discard="1" dealt="1" sum="20"/>
<action no="5" player="M1ky3ste92" type="2" sum="40"/>
</round>
<round no="1"><cards type="Pocket" player="gherrison97">X X</cards>
<cards type="Pocket" player="M1ky3ste92">D2 DA</cards>
<cards type="Pocket" player="ilCapo6">H10 SA</cards>
<action no="6" player="gherrison97" type="0" discard="1" dealt="1" sum="0"/>
<action no="7" player="ilCapo6" type="23" discard="1" dealt="1" sum="625"/>
<action no="8" player="M1ky3ste92" type="7" sum="345"/>
</round>
<round no="2"><cards type="Flop">DQ S7 C7</cards>
</round>
<round no="3"><cards type="Turn">C2</cards>
</round>
<round no="4"><cards type="River">C8</cards>
</round>
</game>
<game gamecode="6541651002"><general><startdate>2025-11-26 16:10:06</startdate>
<round>1</round>
<failsafecounter/>
<players><player seat="10" name="gherrison97" chips="475" dealer="0" win="0" bet="45" muck="1" rebuy="0" addon="0" merge="0" rebuychips="0" reg_code="5075733167"/>
<player seat="3" name="ilCapo6" chips="240" dealer="1" win="0" bet="5" muck="1" rebuy="0" addon="0" merge="0" rebuychips="0" reg_code="5075732296"/>
<player seat="6" name="M1ky3ste92" chips="785" dealer="0" win="95" bet="785" muck="1" rebuy="0" addon="0" merge="0" rebuychips="0" reg_code="5075732422"/>
</players>
</general>
<round no="0"><action no="1" player="M1ky3ste92" type="15" sum="5"/>
<action no="2" player="gherrison97" type="15" discard="1" dealt="1" sum="5"/>
<action no="3" player="ilCapo6" type="15" discard="1" dealt="1" sum="5"/>
<action no="4" player="M1ky3ste92" type="1" sum="20"/>
<action no="5" player="gherrison97" type="2" discard="1" dealt="1" sum="40"/>
</round>
<round no="1"><cards type="Pocket" player="ilCapo6">X X</cards>
<cards type="Pocket" player="gherrison97">X X</cards>
<cards type="Pocket" player="M1ky3ste92">DK CQ</cards>
<action no="6" player="ilCapo6" type="0" discard="1" dealt="1" sum="0"/>
<action no="7" player="M1ky3ste92" type="23" sum="780"/>
<action no="8" player="gherrison97" type="0" discard="1" dealt="1" sum="0"/>
</round>
</game>
<game gamecode="6541651024"><general><startdate>2025-11-26 16:10:18</startdate>
<round>1</round>
<failsafecounter/>
<players><player seat="3" name="ilCapo6" chips="235" dealer="0" win="495" bet="235" muck="0" rebuy="0" addon="0" merge="0" rebuychips="0" reg_code="5075732296"/>
<player seat="6" name="M1ky3ste92" chips="835" dealer="1" win="0" bet="835" muck="1" rebuy="0" addon="0" merge="0" rebuychips="0" reg_code="5075732422"/>
<player seat="10" name="gherrison97" chips="430" dealer="0" win="0" bet="25" muck="1" rebuy="0" addon="0" merge="0" rebuychips="0" reg_code="5075733167"/>
</players>
</general>
<round no="0"><action no="1" player="gherrison97" type="15" discard="1" dealt="1" sum="5"/>
<action no="2" player="ilCapo6" type="15" discard="1" dealt="1" sum="5"/>
<action no="3" player="M1ky3ste92" type="15" sum="5"/>
<action no="4" player="gherrison97" type="1" discard="1" dealt="1" sum="20"/>
<action no="5" player="ilCapo6" type="2" discard="1" dealt="1" sum="40"/>
</round>
<round no="1"><cards type="Pocket" player="ilCapo6">C2 CA</cards>
<cards type="Pocket" player="gherrison97">X X</cards>
<cards type="Pocket" player="M1ky3ste92">CK D10</cards>
<action no="6" player="M1ky3ste92" type="23" sum="830"/>
<action no="7" player="gherrison97" type="0" discard="1" dealt="1" sum="0"/>
<action no="8" player="ilCapo6" type="7" discard="1" dealt="1" sum="190"/>
</round>
<round no="2"><cards type="Flop">SA HA S9</cards>
</round>
<round no="3"><cards type="Turn">H9</cards>
</round>
<round no="4"><cards type="River">S6</cards>
</round>
</game>
<game gamecode="6541651049"><general><startdate>2025-11-26 16:10:35</startdate>
<round>1</round>
<failsafecounter/>
<players><player seat="6" name="M1ky3ste92" chips="600" dealer="0" win="0" bet="45" muck="1" rebuy="0" addon="0" merge="0" rebuychips="0" reg_code="5075732422"/>
<player seat="10" name="gherrison97" chips="405" dealer="1" win="855" bet="405" muck="0" rebuy="0" addon="0" merge="0" rebuychips="0" reg_code="5075733167"/>
<player seat="3" name="ilCapo6" chips="495" dealer="0" win="0" bet="495" muck="1" rebuy="0" addon="0" merge="0" rebuychips="0" reg_code="5075732296"/>
</players>
</general>
<round no="0"><action no="1" player="ilCapo6" type="15" discard="1" dealt="1" sum="5"/>
<action no="2" player="M1ky3ste92" type="15" sum="5"/>
<action no="3" player="gherrison97" type="15" discard="1" dealt="1" sum="5"/>
<action no="4" player="ilCapo6" type="1" discard="1" dealt="1" sum="20"/>
<action no="5" player="M1ky3ste92" type="2" sum="40"/>
</round>
<round no="1"><cards type="Pocket" player="ilCapo6">DQ DK</cards>
<cards type="Pocket" player="M1ky3ste92">C6 HK</cards>
<cards type="Pocket" player="gherrison97">HJ SJ</cards>
<action no="6" player="gherrison97" type="23" discard="1" dealt="1" sum="80"/>
<action no="7" player="ilCapo6" type="23" discard="1" dealt="1" sum="490"/>
<action no="8" player="M1ky3ste92" type="0" sum="0"/>
<action no="9" player="gherrison97" type="7" discard="1" dealt="1" sum="320"/>
</round>
<round no="2"><cards type="Flop">D8 S6 D2</cards>
</round>
<round no="3"><cards type="Turn">SA</cards>
</round>
<round no="4"><cards type="River">H10</cards>
</round>
</game>
<game gamecode="6541651092"><general><startdate>2025-11-26 16:11:05</startdate>
<round>1</round>
<failsafecounter/>
<players><player seat="10" name="gherrison97" chips="855" dealer="0" win="0" bet="90" muck="1" rebuy="0" addon="0" merge="0" rebuychips="0" reg_code="5075733167"/>
<player seat="3" name="ilCapo6" chips="90" dealer="1" win="0" bet="90" muck="0" rebuy="0" addon="0" merge="0" rebuychips="0" reg_code="5075732296"/>
<player seat="6" name="M1ky3ste92" chips="555" dealer="0" win="270" bet="225" muck="0" rebuy="0" addon="0" merge="0" rebuychips="0" reg_code="5075732422"/>
</players>
</general>
<round no="0"><action no="1" player="M1ky3ste92" type="15" sum="5"/>
<action no="2" player="gherrison97" type="15" discard="1" dealt="1" sum="5"/>
<action no="3" player="ilCapo6" type="15" discard="1" dealt="1" sum="5"/>
<action no="4" player="M1ky3ste92" type="1" sum="30"/>
<action no="5" player="gherrison97" type="2" discard="1" dealt="1" sum="60"/>
</round>
<round no="1"><cards type="Pocket" player="gherrison97">X X</cards>
<cards type="Pocket" player="ilCapo6">C6 HA</cards>
<cards type="Pocket" player="M1ky3ste92">CA SA</cards>
<action no="6" player="ilCapo6" type="7" discard="1" dealt="1" sum="85"/>
<action no="7" player="M1ky3ste92" type="3" sum="55"/>
<action no="8" player="gherrison97" type="3" discard="1" dealt="1" sum="25"/>
</round>
<round no="2"><cards type="Flop">D6 D10 C8</cards>
<action no="9" player="M1ky3ste92" type="5" sum="135"/>
<action no="10" player="gherrison97" type="0" discard="1" dealt="1" sum="0"/>
</round>
<round no="3"><cards type="Turn">HJ</cards>
</round>
<round no="4"><cards type="River">H7</cards>
</round>
</game>
<game gamecode="6541651149"><general><startdate>2025-11-26 16:11:36</startdate>
<round>1</round>
<failsafecounter/>
<players><player seat="10" name="gherrison97" chips="765" dealer="0" win="130" bet="765" muck="1" rebuy="0" addon="0" merge="0" rebuychips="0" reg_code="5075733167"/>
<player seat="6" name="M1ky3ste92" chips="735" dealer="1" win="0" bet="65" muck="1" rebuy="0" addon="0" merge="0" rebuychips="0" reg_code="5075732422"/>
</players>
</general>
<round no="0"><action no="1" player="M1ky3ste92" type="15" sum="5"/>
<action no="2" player="gherrison97" type="15" discard="1" dealt="1" sum="5"/>
<action no="3" player="M1ky3ste92" type="1" sum="30"/>
<action no="4" player="gherrison97" type="2" discard="1" dealt="1" sum="60"/>
</round>
<round no="1"><cards type="Pocket" player="gherrison97">X X</cards>
<cards type="Pocket" player="M1ky3ste92">DJ H2</cards>
<action no="5" player="M1ky3ste92" type="3" sum="30"/>
<action no="6" player="gherrison97" type="23" discard="1" dealt="1" sum="760"/>
<action no="7" player="M1ky3ste92" type="0" sum="0"/>
</round>
</game>
<game gamecode="6541651167"><general><startdate>2025-11-26 16:11:44</startdate>
<round>1</round>
<failsafecounter/>
<players><player seat="6" name="M1ky3ste92" chips="670" dealer="0" win="0" bet="65" muck="1" rebuy="0" addon="0" merge="0" rebuychips="0" reg_code="5075732422"/>
<player seat="10" name="gherrison97" chips="830" dealer="1" win="130" bet="185" muck="1" rebuy="0" addon="0" merge="0" rebuychips="0" reg_code="5075733167"/>
</players>
</general>
<round no="0"><action no="1" player="gherrison97" type="15" discard="1" dealt="1" sum="5"/>
<action no="2" player="M1ky3ste92" type="15" sum="5"/>
<action no="3" player="gherrison97" type="1" discard="1" dealt="1" sum="30"/>
<action no="4" player="M1ky3ste92" type="2" sum="60"/>
</round>
<round no="1"><cards type="Pocket" player="M1ky3ste92">H5 S4</cards>
<cards type="Pocket" player="gherrison97">X X</cards>
<action no="5" player="gherrison97" type="23" discard="1" dealt="1" sum="180"/>
<action no="6" player="M1ky3ste92" type="0" sum="0"/>
</round>
</game>
<game gamecode="6541651186"><general><startdate>2025-11-26 16:11:51</startdate>
<round>1</round>
<failsafecounter/>
<players><player seat="10" name="gherrison97" chips="895" dealer="0" win="130" bet="895" muck="1" rebuy="0" addon="0" merge="0" rebuychips="0" reg_code="5075733167"/>
<player seat="6" name="M1ky3ste92" chips="605" dealer="1" win="0" bet="65" muck="1" rebuy="0" addon="0" merge="0" rebuychips="0" reg_code="5075732422"/>
</players>
</general>
<round no="0"><action no="1" player="M1ky3ste92" type="15" sum="5"/>
<action no="2" player="gherrison97" type="15" discard="1" dealt="1" sum="5"/>
<action no="3" player="M1ky3ste92" type="1" sum="30"/>
<action no="4" player="gherrison97" type="2" discard="1" dealt="1" sum="60"/>
</round>
<round no="1"><cards type="Pocket" player="gherrison97">X X</cards>
<cards type="Pocket" player="M1ky3ste92">C2 CJ</cards>
<action no="5" player="M1ky3ste92" type="3" sum="30"/>
<action no="6" player="gherrison97" type="23" discard="1" dealt="1" sum="890"/>
<action no="7" player="M1ky3ste92" type="0" sum="0"/>
</round>
</game>
<game gamecode="6541651210"><general><startdate>2025-11-26 16:12:00</startdate>
<round>1</round>
<failsafecounter/>
<players><player seat="6" name="M1ky3ste92" chips="540" dealer="0" win="0" bet="65" muck="1" rebuy="0" addon="0" merge="0" rebuychips="0" reg_code="5075732422"/>
<player seat="10" name="gherrison97" chips="960" dealer="1" win="130" bet="125" muck="1" rebuy="0" addon="0" merge="0" rebuychips="0" reg_code="5075733167"/>
</players>
</general>
<round no="0"><action no="1" player="gherrison97" type="15" discard="1" dealt="1" sum="5"/>
<action no="2" player="M1ky3ste92" type="15" sum="5"/>
<action no="3" player="gherrison97" type="1" discard="1" dealt="1" sum="30"/>
<action no="4" player="M1ky3ste92" type="2" sum="60"/>
</round>
<round no="1"><cards type="Pocket" player="M1ky3ste92">C7 H10</cards>
<cards type="Pocket" player="gherrison97">X X</cards>
<action no="5" player="gherrison97" type="3" discard="1" dealt="1" sum="30"/>
<action no="6" player="M1ky3ste92" type="4" sum="0"/>
</round>
<round no="2"><cards type="Flop">H6 SK C3</cards>
<action no="7" player="M1ky3ste92" type="4" sum="0"/>
<action no="8" player="gherrison97" type="5" discard="1" dealt="1" sum="60"/>
<action no="9" player="M1ky3ste92" type="0" sum="0"/>
</round>
</game>
<game gamecode="6541651271"><general><startdate>2025-11-26 16:12:29</startdate>
<round>1</round>
<failsafecounter/>
<players><player seat="10" name="gherrison97" chips="1,025" dealer="0" win="0" bet="88" muck="1" rebuy="0" addon="0" merge="0" rebuychips="0" reg_code="5075733167"/>
<player seat="6" name="M1ky3ste92" chips="475" dealer="1" win="176" bet="475" muck="1" rebuy="0" addon="0" merge="0" rebuychips="0" reg_code="5075732422"/>
</players>
</general>
<round no="0"><action no="1" player="M1ky3ste92" type="15" sum="8"/>
<action no="2" player="gherrison97" type="15" discard="1" dealt="1" sum="8"/>
<action no="3" player="M1ky3ste92" type="1" sum="40"/>
<action no="4" player="gherrison97" type="2" discard="1" dealt="1" sum="80"/>
</round>
<round no="1"><cards type="Pocket" player="gherrison97">X X</cards>
<cards type="Pocket" player="M1ky3ste92">C10 DQ</cards>
<action no="5" player="M1ky3ste92" type="23" sum="467"/>
<action no="6" player="gherrison97" type="0" discard="1" dealt="1" sum="0"/>
</round>
</game>
<game gamecode="6541651304"><general><startdate>2025-11-26 16:12:43</startdate>
<round>1</round>
<failsafecounter/>
<players><player seat="6" name="M1ky3ste92" chips="563" dealer="0" win="96" bet="88" muck="1" rebuy="0" addon="0" merge="0" rebuychips="0" reg_code="5075732422"/>
<player seat="10" name="gherrison97" chips="937" dealer="1" win="0" bet="48" muck="1" rebuy="0" addon="0" merge="0" rebuychips="0" reg_code="5075733167"/>
</players>
</general>
<round no="0"><action no="1" player="gherrison97" type="15" discard="1" dealt="1" sum="8"/>
<action no="2" player="M1ky3ste92" type="15" sum="8"/>
<action no="3" player="gherrison97" type="1" discard="1" dealt="1" sum="40"/>
<action no="4" player="M1ky3ste92" type="2" sum="80"/>
</round>
<round no="1"><cards type="Pocket" player="M1ky3ste92">D4 CJ</cards>
<cards type="Pocket" player="gherrison97">X X</cards>
<action no="5" player="gherrison97" type="0" discard="1" dealt="1" sum="0"/>
</round>
</game>
<game gamecode="6541651331"><general><startdate>2025-11-26 16:12:51</startdate>
<round>1</round>
<failsafecounter/>
<players><player seat="10" name="gherrison97" chips="889" dealer="0" win="96" bet="88" muck="1" rebuy="0" addon="0" merge="0" rebuychips="0" reg_code="5075733167"/>
<player seat="6" name="M1ky3ste92" chips="611" dealer="1" win="0" bet="48" muck="1" rebuy="0" addon="0" merge="0" rebuychips="0" reg_code="5075732422"/>
</players>
</general>
<round no="0"><action no="1" player="M1ky3ste92" type="15" sum="8"/>
<action no="2" player="gherrison97" type="15" discard="1" dealt="1" sum="8"/>
<action no="3" player="M1ky3ste92" type="1" sum="40"/>
<action no="4" player="gherrison97" type="2" discard="1" dealt="1" sum="80"/>
</round>
<round no="1"><cards type="Pocket" player="gherrison97">X X</cards>
<cards type="Pocket" player="M1ky3ste92">S3 D2</cards>
<action no="5" player="M1ky3ste92" type="0" sum="0"/>
</round>
</game>
<game gamecode="6541651343"><general><startdate>2025-11-26 16:12:57</startdate>
<round>1</round>
<failsafecounter/>
<players><player seat="6" name="M1ky3ste92" chips="563" dealer="0" win="0" bet="168" muck="1" rebuy="0" addon="0" merge="0" rebuychips="0" reg_code="5075732422"/>
<player seat="10" name="gherrison97" chips="937" dealer="1" win="336" bet="588" muck="1" rebuy="0" addon="0" merge="0" rebuychips="0" reg_code="5075733167"/>
</players>
</general>
<round no="0"><action no="1" player="gherrison97" type="15" discard="1" dealt="1" sum="8"/>
<action no="2" player="M1ky3ste92" type="15" sum="8"/>
<action no="3" player="gherrison97" type="1" discard="1" dealt="1" sum="40"/>
<action no="4" player="M1ky3ste92" type="2" sum="80"/>
</round>
<round no="1"><cards type="Pocket" player="M1ky3ste92">HJ S5</cards>
<cards type="Pocket" player="gherrison97">X X</cards>
<action no="5" player="gherrison97" type="3" discard="1" dealt="1" sum="40"/>
<action no="6" player="M1ky3ste92" type="4" sum="0"/>
</round>
<round no="2"><cards type="Flop">D9 DJ C4</cards>
<action no="7" player="M1ky3ste92" type="4" sum="0"/>
<action no="8" player="gherrison97" type="4" discard="1" dealt="1" sum="0"/>
</round>
<round no="3"><cards type="Turn">CQ</cards>
<action no="9" player="M1ky3ste92" type="5" sum="80"/>
<action no="10" player="gherrison97" type="3" discard="1" dealt="1" sum="80"/>
</round>
<round no="4"><cards type="River">H8</cards>
<action no="11" player="M1ky3ste92" type="4" sum="0"/>
<action no="12" player="gherrison97" type="5" discard="1" dealt="1" sum="420"/>
<action no="13" player="M1ky3ste92" type="0" sum="0"/>
</round>
</game>
<game gamecode="6541651477"><general><startdate>2025-11-26 16:13:55</startdate>
<round>1</round>
<failsafecounter/>
<players><player seat="10" name="gherrison97" chips="1,105" dealer="0" win="120" bet="110" muck="1" rebuy="0" addon="0" merge="0" rebuychips="0" reg_code="5075733167"/>
<player seat="6" name="M1ky3ste92" chips="395" dealer="1" win="0" bet="60" muck="1" rebuy="0" addon="0" merge="0" rebuychips="0" reg_code="5075732422"/>
</players>
</general>
<round no="0"><action no="1" player="M1ky3ste92" type="15" sum="10"/>
<action no="2" player="gherrison97" type="15" discard="1" dealt="1" sum="10"/>
<action no="3" player="M1ky3ste92" type="1" sum="50"/>
<action no="4" player="gherrison97" type="2" discard="1" dealt="1" sum="100"/>
</round>
<round no="1"><cards type="Pocket" player="M1ky3ste92">S4 H9</cards>
<cards type="Pocket" player="gherrison97">X X</cards>
<action no="5" player="M1ky3ste92" type="0" sum="0"/>
</round>
</game>
<game gamecode="6541651499"><general><startdate>2025-11-26 16:14:03</startdate>
<round>1</round>
<failsafecounter/>
<players><player seat="6" name="M1ky3ste92" chips="335" dealer="0" win="670" bet="335" muck="0" rebuy="0" addon="0" merge="0" rebuychips="0" reg_code="5075732422"/>
<player seat="10" name="gherrison97" chips="1,165" dealer="1" win="0" bet="710" muck="1" rebuy="0" addon="0" merge="0" rebuychips="0" reg_code="5075733167"/>
</players>
</general>
<round no="0"><action no="1" player="gherrison97" type="15" discard="1" dealt="1" sum="10"/>
<action no="2" player="M1ky3ste92" type="15" sum="10"/>
<action no="3" player="gherrison97" type="1" discard="1" dealt="1" sum="50"/>
<action no="4" player="M1ky3ste92" type="2" sum="100"/>
</round>
<round no="1"><cards type="Pocket" player="M1ky3ste92">DQ H4</cards>
<cards type="Pocket" player="gherrison97">D5 HK</cards>
<action no="5" player="gherrison97" type="23" discard="1" dealt="1" sum="700"/>
<action no="6" player="M1ky3ste92" type="7" sum="225"/>
</round>
<round no="2"><cards type="Flop">SQ H8 HJ</cards>
</round>
<round no="3"><cards type="Turn">S5</cards>
</round>
<round no="4"><cards type="River">S10</cards>
</round>
</game>
<game gamecode="6541651535"><general><startdate>2025-11-26 16:14:18</startdate>
<round>1</round>
<failsafecounter/>
<players><player seat="10" name="gherrison97" chips="830" dealer="0" win="1,340" bet="670" muck="0" rebuy="0" addon="0" merge="0" rebuychips="0" reg_code="5075733167"/>
<player seat="6" name="M1ky3ste92" chips="670" dealer="1" win="0" bet="670" muck="0" rebuy="0" addon="0" merge="0" rebuychips="0" reg_code="5075732422"/>
</players>
</general>
<round no="0"><action no="1" player="M1ky3ste92" type="15" sum="10"/>
<action no="2" player="gherrison97" type="15" discard="1" dealt="1" sum="10"/>
<action no="3" player="M1ky3ste92" type="1" sum="50"/>
<action no="4" player="gherrison97" type="2" discard="1" dealt="1" sum="100"/>
</round>
<round no="1"><cards type="Pocket" player="M1ky3ste92">H8 C7</cards>
<cards type="Pocket" player="gherrison97">H5 S5</cards>
<action no="5" player="M1ky3ste92" type="23" sum="660"/>
<action no="6" player="gherrison97" type="3" discard="1" dealt="1" sum="560"/>
</round>
<round no="2"><cards type="Flop">C9 CJ H9</cards>
</round>
<round no="3"><cards type="Turn">C3</cards>
</round>
<round no="4"><cards type="River">SQ</cards>
</round>
</game>
</session>
