<?xml version="1.0" encoding="UTF-8"?>
<session sessioncode="5075729835">
<general>
<client_version>25.7.1.34</client_version>
<mode>real</mode>
<gametype>Holdem NL</gametype>
<tablename>Twister €100 SNG, 822481183</tablename>
<tournamentcode>822481182</tournamentcode>
<tournamentname>Twister €100 SNG</tournamentname>
<buyin>€0 + €7 + €93</buyin>
<totalbuyin>€100</totalbuyin>
<rewarddrawn>€200</rewarddrawn>
<tournamentcurrency>EUR</tournamentcurrency>
<currency>EUR</currency>
<nickname>M1ky3ste92</nickname>
<gamecount>29</gamecount>
<startdate>2025-11-26 15:52:44</startdate>
<place>2</place>
<win>€0</win>
<tablesize>3</tablesize>
</general>
<game gamecode="6541639596"><general><startdate>2025-11-26 15:53:00</startdate>
<round>1</round>
<failsafecounter/>
<players><player seat="3" name="M1ky3ste92" chips="500" dealer="0" win="1,010" bet="500" muck="0" rebuy="0" addon="0" merge="0" rebuychips="0" reg_code="5075729835"/>
<player seat="6" name="mocciolocaldo" chips="500" dealer="1" win="0" bet="500" muck="1" rebuy="0" addon="0" merge="0" rebuychips="0" reg_code="5075730012"/>
<player seat="10" name="Dominance" chips="500" dealer="0" win="0" bet="10" muck="1" rebuy="0" addon="0" merge="0" rebuychips="0" reg_code="5075730036"/>
</players>
</general>
<round no="0"><action no="1" player="Dominance" type="1" discard="1" dealt="1" sum="10"/>
<action no="2" player="M1ky3ste92" type="2" sum="20"/>
</round>
<round no="1"><cards type="Pocket" player="Dominance">X X</cards>
<cards type="Pocket" player="M1ky3ste92">DQ SQ</cards>
<cards type="Pocket" player="mocciolocaldo">H4 D4</cards>
<action no="3" player="mocciolocaldo" type="23" discard="1" dealt="1" sum="40"/>
<action no="4" player="Dominance" type="0" discard="1" dealt="1" sum="0"/>
<action no="5" player="M1ky3ste92" type="23" sum="120"/>
<action no="6" player="mocciolocaldo" type="3" discard="1" dealt="1" sum="80"/>
</round>
<round no="2"><cards type="Flop">CQ S4 HJ</cards>
<action no="7" player="M1ky3ste92" type="5" sum="60"/>
<action no="8" player="mocciolocaldo" type="3" discard="1" dealt="1" sum="60"/>
</round>
<round no="3"><cards type="Turn">DK</cards>
<action no="9" player="M1ky3ste92" type="5" sum="185"/>
<action no="10" player="mocciolocaldo" type="7" discard="1" dealt="1" sum="320"/>
<action no="11" player="M1ky3ste92" type="7" sum="135"/>
</round>
<round no="4"><cards type="River">H9</cards>
</round>
</game>
<game gamecode="6541639663"><general><startdate>2025-11-26 15:53:37</startdate>
<round>1</round>
<failsafecounter/>
<players><player seat="3" name="M1ky3ste92" chips="1,010" dealer="0" win="360" bet="180" muck="0" rebuy="0" addon="0" merge="0" rebuychips="0" reg_code="5075729835"/>
<player seat="10" name="Dominance" chips="490" dealer="1" win="0" bet="180" muck="1" rebuy="0" addon="0" merge="0" rebuychips="0" reg_code="5075730036"/>
</players>
</general>
<round no="0"><action no="1" player="Dominance" type="1" discard="1" dealt="1" sum="10"/>
<action no="2" player="M1ky3ste92" type="2" sum="20"/>
</round>
<round no="1"><cards type="Pocket" player="M1ky3ste92">C5 S8</cards>
<cards type="Pocket" player="Dominance">DJ S6</cards>
<action no="3" player="Dominance" type="3" discard="1" dealt="1" sum="10"/>
<action no="4" player="M1ky3ste92" type="4" sum="0"/>
</round>
<round no="2"><cards type="Flop">CK H8 H6</cards>
<action no="5" player="M1ky3ste92" type="4" sum="0"/>
<action no="6" player="Dominance" type="4" discard="1" dealt="1" sum="0"/>
</round>
<round no="3"><cards type="Turn">D6</cards>
<action no="7" player="M1ky3ste92" type="4" sum="0"/>
<action no="8" player="Dominance" type="5" discard="1" dealt="1" sum="40"/>
<action no="9" player="M1ky3ste92" type="3" sum="40"/>
</round>
<round no="4"><cards type="River">C8</cards>
<action no="10" player="M1ky3ste92" type="5" sum="120"/>
<action no="11" player="Dominance" type="3" discard="1" dealt="1" sum="120"/>
</round>
</game>
<game gamecode="6541639756"><general><startdate>2025-11-26 15:54:20</startdate>
<round>1</round>
<failsafecounter/>
<players><player seat="10" name="Dominance" chips="310" dealer="0" win="0" bet="20" muck="1" rebuy="0" addon="0" merge="0" rebuychips="0" reg_code="5075730036"/>
<player seat="3" name="M1ky3ste92" chips="1,190" dealer="1" win="40" bet="40" muck="1" rebuy="0" addon="0" merge="0" rebuychips="0" reg_code="5075729835"/>
</players>
</general>
<round no="0"><action no="1" player="M1ky3ste92" type="1" sum="10"/>
<action no="2" player="Dominance" type="2" discard="1" dealt="1" sum="20"/>
</round>
<round no="1"><cards type="Pocket" player="M1ky3ste92">S4 C3</cards>
<cards type="Pocket" player="Dominance">X X</cards>
<action no="3" player="M1ky3ste92" type="3" sum="10"/>
<action no="4" player="Dominance" type="4" discard="1" dealt="1" sum="0"/>
</round>
<round no="2"><cards type="Flop">H6 C8 D6</cards>
<action no="5" player="Dominance" type="4" discard="1" dealt="1" sum="0"/>
<action no="6" player="M1ky3ste92" type="5" sum="20"/>
<action no="7" player="Dominance" type="0" discard="1" dealt="1" sum="0"/>
</round>
</game>
<game gamecode="6541639781"><general><startdate>2025-11-26 15:54:33</startdate>
<round>1</round>
<failsafecounter/>
<players><player seat="3" name="M1ky3ste92" chips="1,210" dealer="0" win="0" bet="20" muck="1" rebuy="0" addon="0" merge="0" rebuychips="0" reg_code="5075729835"/>
<player seat="10" name="Dominance" chips="290" dealer="1" win="40" bet="60" muck="1" rebuy="0" addon="0" merge="0" rebuychips="0" reg_code="5075730036"/>
</players>
</general>
<round no="0"><action no="1" player="Dominance" type="1" discard="1" dealt="1" sum="10"/>
<action no="2" player="M1ky3ste92" type="2" sum="20"/>
</round>
<round no="1"><cards type="Pocket" player="Dominance">X X</cards>
<cards type="Pocket" player="M1ky3ste92">S3 C9</cards>
<action no="3" player="Dominance" type="3" discard="1" dealt="1" sum="10"/>
<action no="4" player="M1ky3ste92" type="4" sum="0"/>
</round>
<round no="2"><cards type="Flop">S4 HQ S5</cards>
<action no="5" player="M1ky3ste92" type="4" sum="0"/>
<action no="6" player="Dominance" type="4" discard="1" dealt="1" sum="0"/>
</round>
<round no="3"><cards type="Turn">S7</cards>
<action no="7" player="M1ky3ste92" type="4" sum="0"/>
<action no="8" player="Dominance" type="5" discard="1" dealt="1" sum="40"/>
<action no="9" player="M1ky3ste92" type="0" sum="0"/>
</round>
</game>
<game gamecode="6541639816"><general><startdate>2025-11-26 15:54:49</startdate>
<round>1</round>
<failsafecounter/>
<players><player seat="10" name="Dominance" chips="310" dealer="0" win="130" bet="95" muck="1" rebuy="0" addon="0" merge="0" rebuychips="0" reg_code="5075730036"/>
<player seat="3" name="M1ky3ste92" chips="1,190" dealer="1" win="0" bet="65" muck="1" rebuy="0" addon="0" merge="0" rebuychips="0" reg_code="5075729835"/>
</players>
</general>
<round no="0"><action no="1" player="M1ky3ste92" type="15" sum="5"/>
<action no="2" player="Dominance" type="15" discard="1" dealt="1" sum="5"/>
<action no="3" player="M1ky3ste92" type="1" sum="15"/>
<action no="4" player="Dominance" type="2" discard="1" dealt="1" sum="30"/>
</round>
<round no="1"><cards type="Pocket" player="Dominance">X X</cards>
<cards type="Pocket" player="M1ky3ste92">SJ H4</cards>
<action no="5" player="M1ky3ste92" type="3" sum="15"/>
<action no="6" player="Dominance" type="4" discard="1" dealt="1" sum="0"/>
</round>
<round no="2"><cards type="Flop">S6 DK H6</cards>
<action no="7" player="Dominance" type="4" discard="1" dealt="1" sum="0"/>
<action no="8" player="M1ky3ste92" type="5" sum="30"/>
<action no="9" player="Dominance" type="23" discard="1" dealt="1" sum="60"/>
<action no="10" player="M1ky3ste92" type="0" sum="0"/>
</round>
</game>
<game gamecode="6541639852"><general><startdate>2025-11-26 15:55:08</startdate>
<round>1</round>
<failsafecounter/>
<players><player seat="3" name="M1ky3ste92" chips="1,125" dealer="0" win="70" bet="80" muck="1" rebuy="0" addon="0" merge="0" rebuychips="0" reg_code="5075729835"/>
<player seat="10" name="Dominance" chips="375" dealer="1" win="0" bet="35" muck="1" rebuy="0" addon="0" merge="0" rebuychips="0" reg_code="5075730036"/>
</players>
</general>
<round no="0"><action no="1" player="Dominance" type="15" discard="1" dealt="1" sum="5"/>
<action no="2" player="M1ky3ste92" type="15" sum="5"/>
<action no="3" player="Dominance" type="1" discard="1" dealt="1" sum="15"/>
<action no="4" player="M1ky3ste92" type="2" sum="30"/>
</round>
<round no="1"><cards type="Pocket" player="M1ky3ste92">S8 C8</cards>
<cards type="Pocket" player="Dominance">X X</cards>
<action no="5" player="Dominance" type="3" discard="1" dealt="1" sum="15"/>
<action no="6" player="M1ky3ste92" type="23" sum="75"/>
<action no="7" player="Dominance" type="0" discard="1" dealt="1" sum="0"/>
</round>
</game>
<game gamecode="6541639875"><general><startdate>2025-11-26 15:55:19</startdate>
<round>1</round>
<failsafecounter/>
<players><player seat="10" name="Dominance" chips="340" dealer="0" win="0" bet="35" muck="1" rebuy="0" addon="0" merge="0" rebuychips="0" reg_code="5075730036"/>
<player seat="3" name="M1ky3ste92" chips="1,160" dealer="1" win="70" bet="65" muck="1" rebuy="0" addon="0" merge="0" rebuychips="0" reg_code="5075729835"/>
</players>
</general>
<round no="0"><action no="1" player="M1ky3ste92" type="15" sum="5"/>
<action no="2" player="Dominance" type="15" discard="1" dealt="1" sum="5"/>
<action no="3" player="M1ky3ste92" type="1" sum="15"/>
<action no="4" player="Dominance" type="2" discard="1" dealt="1" sum="30"/>
</round>
<round no="1"><cards type="Pocket" player="M1ky3ste92">D4 H7</cards>
<cards type="Pocket" player="Dominance">X X</cards>
<action no="5" player="M1ky3ste92" type="3" sum="15"/>
<action no="6" player="Dominance" type="4" discard="1" dealt="1" sum="0"/>
</round>
<round no="2"><cards type="Flop">DA C4 C10</cards>
<action no="7" player="Dominance" type="4" discard="1" dealt="1" sum="0"/>
<action no="8" player="M1ky3ste92" type="4" sum="0"/>
</round>
<round no="3"><cards type="Turn">CA</cards>
<action no="9" player="Dominance" type="4" discard="1" dealt="1" sum="0"/>
<action no="10" player="M1ky3ste92" type="5" sum="30"/>
<action no="11" player="Dominance" type="0" discard="1" dealt="1" sum="0"/>
</round>
</game>
<game gamecode="6541639921"><general><startdate>2025-11-26 15:55:45</startdate>
<round>1</round>
<failsafecounter/>
<players><player seat="3" name="M1ky3ste92" chips="1,195" dealer="0" win="104" bet="104" muck="0" rebuy="0" addon="0" merge="0" rebuychips="0" reg_code="5075729835"/>
<player seat="10" name="Dominance" chips="305" dealer="1" win="104" bet="104" muck="0" rebuy="0" addon="0" merge="0" rebuychips="0" reg_code="5075730036"/>
</players>
</general>
<round no="0"><action no="1" player="Dominance" type="15" discard="1" dealt="1" sum="5"/>
<action no="2" player="M1ky3ste92" type="15" sum="5"/>
<action no="3" player="Dominance" type="1" discard="1" dealt="1" sum="15"/>
<action no="4" player="M1ky3ste92" type="2" sum="30"/>
</round>
<round no="1"><cards type="Pocket" player="M1ky3ste92">D10 H3</cards>
<cards type="Pocket" player="Dominance">S3 H10</cards>
<action no="5" player="Dominance" type="3" discard="1" dealt="1" sum="15"/>
<action no="6" player="M1ky3ste92" type="4" sum="0"/>
</round>
<round no="2"><cards type="Flop">H9 S10 DA</cards>
<action no="7" player="M1ky3ste92" type="4" sum="0"/>
<action no="8" player="Dominance" type="5" discard="1" dealt="1" sum="30"/>
<action no="9" player="M1ky3ste92" type="3" sum="30"/>
</round>
<round no="3"><cards type="Turn">HJ</cards>
<action no="10" player="M1ky3ste92" type="4" sum="0"/>
<action no="11" player="Dominance" type="5" discard="1" dealt="1" sum="39"/>
<action no="12" player="M1ky3ste92" type="3" sum="39"/>
</round>
<round no="4"><cards type="River">D7</cards>
<action no="13" player="M1ky3ste92" type="4" sum="0"/>
<action no="14" player="Dominance" type="4" discard="1" dealt="1" sum="0"/>
</round>
</game>
<game gamecode="6541639974"><general><startdate>2025-11-26 15:56:10</startdate>
<round>1</round>
<failsafecounter/>
<players><player seat="10" name="Dominance" chips="305" dealer="0" win="70" bet="305" muck="1" rebuy="0" addon="0" merge="0" rebuychips="0" reg_code="5075730036"/>
<player seat="3" name="M1ky3ste92" chips="1,195" dealer="1" win="0" bet="35" muck="1" rebuy="0" addon="0" merge="0" rebuychips="0" reg_code="5075729835"/>
</players>
</general>
<round no="0"><action no="1" player="M1ky3ste92" type="15" sum="5"/>
<action no="2" player="Dominance" type="15" discard="1" dealt="1" sum="5"/>
<action no="3" player="M1ky3ste92" type="1" sum="15"/>
<action no="4" player="Dominance" type="2" discard="1" dealt="1" sum="30"/>
</round>
<round no="1"><cards type="Pocket" player="Dominance">X X</cards>
<cards type="Pocket" player="M1ky3ste92">D9 D3</cards>
<action no="5" player="M1ky3ste92" type="3" sum="15"/>
<action no="6" player="Dominance" type="23" discard="1" dealt="1" sum="300"/>
<action no="7" player="M1ky3ste92" type="0" sum="0"/>
</round>
</game>
<game gamecode="6541639991"><general><startdate>2025-11-26 15:56:19</startdate>
<round>1</round>
<failsafecounter/>
<players><player seat="3" name="M1ky3ste92" chips="1,160" dealer="0" win="0" bet="1,160" muck="0" rebuy="0" addon="0" merge="0" rebuychips="0" reg_code="5075729835"/>
<player seat="10" name="Dominance" chips="340" dealer="1" win="680" bet="340" muck="0" rebuy="0" addon="0" merge="0" rebuychips="0" reg_code="5075730036"/>
</players>
</general>
<round no="0"><action no="1" player="Dominance" type="15" discard="1" dealt="1" sum="5"/>
<action no="2" player="M1ky3ste92" type="15" sum="5"/>
<action no="3" player="Dominance" type="1" discard="1" dealt="1" sum="20"/>
<action no="4" player="M1ky3ste92" type="2" sum="40"/>
</round>
<round no="1"><cards type="Pocket" player="M1ky3ste92">SJ C5</cards>
<cards type="Pocket" player="Dominance">S4 S3</cards>
<action no="5" player="Dominance" type="3" discard="1" dealt="1" sum="20"/>
<action no="6" player="M1ky3ste92" type="4" sum="0"/>
</round>
<round no="2"><cards type="Flop">S2 CJ D5</cards>
<action no="7" player="M1ky3ste92" type="4" sum="0"/>
<action no="8" player="Dominance" type="4" discard="1" dealt="1" sum="0"/>
</round>
<round no="3"><cards type="Turn">S10</cards>
<action no="9" player="M1ky3ste92" type="4" sum="0"/>
<action no="10" player="Dominance" type="4" discard="1" dealt="1" sum="0"/>
</round>
<round no="4"><cards type="River">DA</cards>
<action no="11" player="M1ky3ste92" type="4" sum="0"/>
<action no="12" player="Dominance" type="5" discard="1" dealt="1" sum="120"/>
<action no="13" player="M1ky3ste92" type="23" sum="1,115"/>
<action no="14" player="Dominance" type="7" discard="1" dealt="1" sum="175"/>
</round>
</game>
<game gamecode="6541640054"><general><startdate>2025-11-26 15:56:49</startdate>
<round>1</round>
<failsafecounter/>
<players><player seat="10" name="Dominance" chips="680" dealer="0" win="0" bet="45" muck="1" rebuy="0" addon="0" merge="0" rebuychips="0" reg_code="5075730036"/>
<player seat="3" name="M1ky3ste92" chips="820" dealer="1" win="90" bet="85" muck="1" rebuy="0" addon="0" merge="0" rebuychips="0" reg_code="5075729835"/>
</players>
</general>
<round no="0"><action no="1" player="M1ky3ste92" type="15" sum="5"/>
<action no="2" player="Dominance" type="15" discard="1" dealt="1" sum="5"/>
<action no="3" player="M1ky3ste92" type="1" sum="20"/>
<action no="4" player="Dominance" type="2" discard="1" dealt="1" sum="40"/>
</round>
<round no="1"><cards type="Pocket" player="M1ky3ste92">S5 D9</cards>
<cards type="Pocket" player="Dominance">X X</cards>
<action no="5" player="M1ky3ste92" type="3" sum="20"/>
<action no="6" player="Dominance" type="4" discard="1" dealt="1" sum="0"/>
</round>
<round no="2"><cards type="Flop">H3 D4 S2</cards>
<action no="7" player="Dominance" type="4" discard="1" dealt="1" sum="0"/>
<action no="8" player="M1ky3ste92" type="5" sum="40"/>
<action no="9" player="Dominance" type="0" discard="1" dealt="1" sum="0"/>
</round>
</game>
<game gamecode="6541640095"><general><startdate>2025-11-26 15:57:12</startdate>
<round>1</round>
<failsafecounter/>
<players><player seat="3" name="M1ky3ste92" chips="865" dealer="0" win="90" bet="865" muck="1" rebuy="0" addon="0" merge="0" rebuychips="0" reg_code="5075729835"/>
<player seat="10" name="Dominance" chips="635" dealer="1" win="0" bet="45" muck="1" rebuy="0" addon="0" merge="0" rebuychips="0" reg_code="5075730036"/>
</players>
</general>
<round no="0"><action no="1" player="Dominance" type="15" discard="1" dealt="1" sum="5"/>
<action no="2" player="M1ky3ste92" type="15" sum="5"/>
<action no="3" player="Dominance" type="1" discard="1" dealt="1" sum="20"/>
<action no="4" player="M1ky3ste92" type="2" sum="40"/>
</round>
<round no="1"><cards type="Pocket" player="M1ky3ste92">DA S5</cards>
<cards type="Pocket" player="Dominance">X X</cards>
<action no="5" player="Dominance" type="3" discard="1" dealt="1" sum="20"/>
<action no="6" player="M1ky3ste92" type="23" sum="860"/>
<action no="7" player="Dominance" type="0" discard="1" dealt="1" sum="0"/>
</round>
</game>
<game gamecode="6541640133"><general><startdate>2025-11-26 15:57:29</startdate>
<round>1</round>
<failsafecounter/>
<players><player seat="10" name="Dominance" chips="590" dealer="0" win="0" bet="45" muck="1" rebuy="0" addon="0" merge="0" rebuychips="0" reg_code="5075730036"/>
<player seat="3" name="M1ky3ste92" chips="910" dealer="1" win="90" bet="910" muck="1" rebuy="0" addon="0" merge="0" rebuychips="0" reg_code="5075729835"/>
</players>
</general>
<round no="0"><action no="1" player="M1ky3ste92" type="15" sum="5"/>
<action no="2" player="Dominance" type="15" discard="1" dealt="1" sum="5"/>
<action no="3" player="M1ky3ste92" type="1" sum="20"/>
<action no="4" player="Dominance" type="2" discard="1" dealt="1" sum="40"/>
</round>
<round no="1"><cards type="Pocket" player="Dominance">X X</cards>
<cards type="Pocket" player="M1ky3ste92">CA H6</cards>
<action no="5" player="M1ky3ste92" type="23" sum="905"/>
<action no="6" player="Dominance" type="0" discard="1" dealt="1" sum="0"/>
</round>
</game>
<game gamecode="6541640150"><general><startdate>2025-11-26 15:57:38</startdate>
<round>1</round>
<failsafecounter/>
<players><player seat="3" name="M1ky3ste92" chips="955" dealer="0" win="90" bet="955" muck="1" rebuy="0" addon="0" merge="0" rebuychips="0" reg_code="5075729835"/>
<player seat="10" name="Dominance" chips="545" dealer="1" win="0" bet="45" muck="1" rebuy="0" addon="0" merge="0" rebuychips="0" reg_code="5075730036"/>
</players>
</general>
<round no="0"><action no="1" player="Dominance" type="15" discard="1" dealt="1" sum="5"/>
<action no="2" player="M1ky3ste92" type="15" sum="5"/>
<action no="3" player="Dominance" type="1" discard="1" dealt="1" sum="20"/>
<action no="4" player="M1ky3ste92" type="2" sum="40"/>
</round>
<round no="1"><cards type="Pocket" player="Dominance">X X</cards>
<cards type="Pocket" player="M1ky3ste92">D6 HA</cards>
<action no="5" player="Dominance" type="3" discard="1" dealt="1" sum="20"/>
<action no="6" player="M1ky3ste92" type="23" sum="950"/>
<action no="7" player="Dominance" type="0" discard="1" dealt="1" sum="0"/>
</round>
</game>
<game gamecode="6541640172"><general><startdate>2025-11-26 15:57:50</startdate>
<round>1</round>
<failsafecounter/>
<players><player seat="10" name="Dominance" chips="500" dealer="0" win="90" bet="112" muck="1" rebuy="0" addon="0" merge="0" rebuychips="0" reg_code="5075730036"/>
<player seat="3" name="M1ky3ste92" chips="1,000" dealer="1" win="0" bet="45" muck="1" rebuy="0" addon="0" merge="0" rebuychips="0" reg_code="5075729835"/>
</players>
</general>
<round no="0"><action no="1" player="M1ky3ste92" type="15" sum="5"/>
<action no="2" player="Dominance" type="15" discard="1" dealt="1" sum="5"/>
<action no="3" player="M1ky3ste92" type="1" sum="20"/>
<action no="4" player="Dominance" type="2" discard="1" dealt="1" sum="40"/>
</round>
<round no="1"><cards type="Pocket" player="Dominance">X X</cards>
<cards type="Pocket" player="M1ky3ste92">HQ D6</cards>
<action no="5" player="M1ky3ste92" type="3" sum="20"/>
<action no="6" player="Dominance" type="4" discard="1" dealt="1" sum="0"/>
</round>
<round no="2"><cards type="Flop">S4 C10 CK</cards>
<action no="7" player="Dominance" type="4" discard="1" dealt="1" sum="0"/>
<action no="8" player="M1ky3ste92" type="4" sum="0"/>
</round>
<round no="3"><cards type="Turn">D9</cards>
<action no="9" player="Dominance" type="4" discard="1" dealt="1" sum="0"/>
<action no="10" player="M1ky3ste92" type="4" sum="0"/>
</round>
<round no="4"><cards type="River">S9</cards>
<action no="11" player="Dominance" type="5" discard="1" dealt="1" sum="67"/>
<action no="12" player="M1ky3ste92" type="0" sum="0"/>
</round>
</game>
<game gamecode="6541640230"><general><startdate>2025-11-26 15:58:19</startdate>
<round>1</round>
<failsafecounter/>
<players><player seat="3" name="M1ky3ste92" chips="955" dealer="0" win="0" bet="65" muck="1" rebuy="0" addon="0" merge="0" rebuychips="0" reg_code="5075729835"/>
<player seat="10" name="Dominance" chips="545" dealer="1" win="130" bet="162" muck="1" rebuy="0" addon="0" merge="0" rebuychips="0" reg_code="5075730036"/>
</players>
</general>
<round no="0"><action no="1" player="Dominance" type="15" discard="1" dealt="1" sum="5"/>
<action no="2" player="M1ky3ste92" type="15" sum="5"/>
<action no="3" player="Dominance" type="1" discard="1" dealt="1" sum="30"/>
<action no="4" player="M1ky3ste92" type="2" sum="60"/>
</round>
<round no="1"><cards type="Pocket" player="Dominance">X X</cards>
<cards type="Pocket" player="M1ky3ste92">HJ S7</cards>
<action no="5" player="Dominance" type="3" discard="1" dealt="1" sum="30"/>
<action no="6" player="M1ky3ste92" type="4" sum="0"/>
</round>
<round no="2"><cards type="Flop">C9 CK D10</cards>
<action no="7" player="M1ky3ste92" type="4" sum="0"/>
<action no="8" player="Dominance" type="5" discard="1" dealt="1" sum="97"/>
<action no="9" player="M1ky3ste92" type="0" sum="0"/>
</round>
</game>
<game gamecode="6541640271"><general><startdate>2025-11-26 15:58:41</startdate>
<round>1</round>
<failsafecounter/>
<players><player seat="10" name="Dominance" chips="610" dealer="0" win="0" bet="65" muck="1" rebuy="0" addon="0" merge="0" rebuychips="0" reg_code="5075730036"/>
<player seat="3" name="M1ky3ste92" chips="890" dealer="1" win="130" bet="890" muck="1" rebuy="0" addon="0" merge="0" rebuychips="0" reg_code="5075729835"/>
</players>
</general>
<round no="0"><action no="1" player="M1ky3ste92" type="15" sum="5"/>
<action no="2" player="Dominance" type="15" discard="1" dealt="1" sum="5"/>
<action no="3" player="M1ky3ste92" type="1" sum="30"/>
<action no="4" player="Dominance" type="2" discard="1" dealt="1" sum="60"/>
</round>
<round no="1"><cards type="Pocket" player="M1ky3ste92">S8 CA</cards>
<cards type="Pocket" player="Dominance">X X</cards>
<action no="5" player="M1ky3ste92" type="23" sum="885"/>
<action no="6" player="Dominance" type="0" discard="1" dealt="1" sum="0"/>
</round>
</game>
<game gamecode="6541640299"><general><startdate>2025-11-26 15:58:53</startdate>
<round>1</round>
<failsafecounter/>
<players><player seat="3" name="M1ky3ste92" chips="955" dealer="0" win="0" bet="545" muck="1" rebuy="0" addon="0" merge="0" rebuychips="0" reg_code="5075729835"/>
<player seat="10" name="Dominance" chips="545" dealer="1" win="1,090" bet="545" muck="0" rebuy="0" addon="0" merge="0" rebuychips="0" reg_code="5075730036"/>
</players>
</general>
<round no="0"><action no="1" player="Dominance" type="15" discard="1" dealt="1" sum="5"/>
<action no="2" player="M1ky3ste92" type="15" sum="5"/>
<action no="3" player="Dominance" type="1" discard="1" dealt="1" sum="30"/>
<action no="4" player="M1ky3ste92" type="2" sum="60"/>
</round>
<round no="1"><cards type="Pocket" player="Dominance">DQ C6</cards>
<cards type="Pocket" player="M1ky3ste92">H8 HJ</cards>
<action no="5" player="Dominance" type="23" discard="1" dealt="1" sum="540"/>
<action no="6" player="M1ky3ste92" type="3" sum="480"/>
</round>
<round no="2"><cards type="Flop">C9 C2 H9</cards>
</round>
<round no="3"><cards type="Turn">D7</cards>
</round>
<round no="4"><cards type="River">SQ</cards>
</round>
</game>
<game gamecode="6541640331"><general><startdate>2025-11-26 15:59:10</startdate>
<round>1</round>
<failsafecounter/>
<players><player seat="10" name="Dominance" chips="1,090" dealer="0" win="70" bet="65" muck="1" rebuy="0" addon="0" merge="0" rebuychips="0" reg_code="5075730036"/>
<player seat="3" name="M1ky3ste92" chips="410" dealer="1" win="0" bet="35" muck="1" rebuy="0" addon="0" merge="0" rebuychips="0" reg_code="5075729835"/>
</players>
</general>
<round no="0"><action no="1" player="M1ky3ste92" type="15" sum="5"/>
<action no="2" player="Dominance" type="15" discard="1" dealt="1" sum="5"/>
<action no="3" player="M1ky3ste92" type="1" sum="30"/>
<action no="4" player="Dominance" type="2" discard="1" dealt="1" sum="60"/>
</round>
<round no="1"><cards type="Pocket" player="Dominance">X X</cards>
<cards type="Pocket" player="M1ky3ste92">D2 S10</cards>
<action no="5" player="M1ky3ste92" type="0" sum="0"/>
</round>
</game>
<game gamecode="6541640355"><general><startdate>2025-11-26 15:59:19</startdate>
<round>1</round>
<failsafecounter/>
<players><player seat="3" name="M1ky3ste92" chips="375" dealer="0" win="0" bet="65" muck="1" rebuy="0" addon="0" merge="0" rebuychips="0" reg_code="5075729835"/>
<player seat="10" name="Dominance" chips="1,125" dealer="1" win="130" bet="1,125" muck="1" rebuy="0" addon="0" merge="0" rebuychips="0" reg_code="5075730036"/>
</players>
</general>
<round no="0"><action no="1" player="Dominance" type="15" discard="1" dealt="1" sum="5"/>
<action no="2" player="M1ky3ste92" type="15" sum="5"/>
<action no="3" player="Dominance" type="1" discard="1" dealt="1" sum="30"/>
<action no="4" player="M1ky3ste92" type="2" sum="60"/>
</round>
<round no="1"><cards type="Pocket" player="M1ky3ste92">DJ C5</cards>
<cards type="Pocket" player="Dominance">X X</cards>
<action no="5" player="Dominance" type="23" discard="1" dealt="1" sum="1,120"/>
<action no="6" player="M1ky3ste92" type="0" sum="0"/>
</round>
</game>
<game gamecode="6541640378"><general><startdate>2025-11-26 15:59:28</startdate>
<round>1</round>
<failsafecounter/>
<players><player seat="10" name="Dominance" chips="1,190" dealer="0" win="0" bet="65" muck="1" rebuy="0" addon="0" merge="0" rebuychips="0" reg_code="5075730036"/>
<player seat="3" name="M1ky3ste92" chips="310" dealer="1" win="130" bet="310" muck="1" rebuy="0" addon="0" merge="0" rebuychips="0" reg_code="5075729835"/>
</players>
</general>
<round no="0"><action no="1" player="M1ky3ste92" type="15" sum="5"/>
<action no="2" player="Dominance" type="15" discard="1" dealt="1" sum="5"/>
<action no="3" player="M1ky3ste92" type="1" sum="30"/>
<action no="4" player="Dominance" type="2" discard="1" dealt="1" sum="60"/>
</round>
<round no="1"><cards type="Pocket" player="M1ky3ste92">D10 DA</cards>
<cards type="Pocket" player="Dominance">X X</cards>
<action no="5" player="M1ky3ste92" type="23" sum="305"/>
<action no="6" player="Dominance" type="0" discard="1" dealt="1" sum="0"/>
</round>
</game>
<game gamecode="6541645722"><general><startdate>2025-11-26 15:59:42</startdate>
<round>1</round>
<failsafecounter/>
<players><player seat="3" name="M1ky3ste92" chips="375" dealer="0" win="750" bet="375" muck="0" rebuy="0" addon="0" merge="0" rebuychips="0" reg_code="5075729835"/>
<player seat="10" name="Dominance" chips="1,125" dealer="1" win="0" bet="1,125" muck="1" rebuy="0" addon="0" merge="0" rebuychips="0" reg_code="5075730036"/>
</players>
</general>
<round no="0"><action no="1" player="Dominance" type="15" discard="1" dealt="1" sum="8"/>
<action no="2" player="M1ky3ste92" type="15" sum="8"/>
<action no="3" player="Dominance" type="1" discard="1" dealt="1" sum="40"/>
<action no="4" player="M1ky3ste92" type="2" sum="80"/>
</round>
<round no="1"><cards type="Pocket" player="M1ky3ste92">H2 CA</cards>
<cards type="Pocket" player="Dominance">HJ C2</cards>
<action no="5" player="Dominance" type="23" discard="1" dealt="1" sum="1,117"/>
<action no="6" player="M1ky3ste92" type="7" sum="287"/>
</round>
<round no="2"><cards type="Flop">D6 HA D10</cards>
</round>
<round no="3"><cards type="Turn">HQ</cards>
</round>
<round no="4"><cards type="River">H8</cards>
</round>
</game>
<game gamecode="6541645808"><general><startdate>2025-11-26 16:00:00</startdate>
<round>1</round>
<failsafecounter/>
<players><player seat="10" name="Dominance" chips="750" dealer="0" win="176" bet="88" muck="0" rebuy="0" addon="0" merge="0" rebuychips="0" reg_code="5075730036"/>
<player seat="3" name="M1ky3ste92" chips="750" dealer="1" win="0" bet="88" muck="1" rebuy="0" addon="0" merge="0" rebuychips="0" reg_code="5075729835"/>
</players>
</general>
<round no="0"><action no="1" player="M1ky3ste92" type="15" sum="8"/>
<action no="2" player="Dominance" type="15" discard="1" dealt="1" sum="8"/>
<action no="3" player="M1ky3ste92" type="1" sum="40"/>
<action no="4" player="Dominance" type="2" discard="1" dealt="1" sum="80"/>
</round>
<round no="1"><cards type="Pocket" player="Dominance">D7 H5</cards>
<cards type="Pocket" player="M1ky3ste92">C6 HQ</cards>
<action no="5" player="M1ky3ste92" type="3" sum="40"/>
<action no="6" player="Dominance" type="4" discard="1" dealt="1" sum="0"/>
</round>
<round no="2"><cards type="Flop">CJ C8 DJ</cards>
<action no="7" player="Dominance" type="4" discard="1" dealt="1" sum="0"/>
<action no="8" player="M1ky3ste92" type="4" sum="0"/>
</round>
<round no="3"><cards type="Turn">S5</cards>
<action no="9" player="Dominance" type="4" discard="1" dealt="1" sum="0"/>
<action no="10" player="M1ky3ste92" type="4" sum="0"/>
</round>
<round no="4"><cards type="River">D9</cards>
<action no="11" player="Dominance" type="4" discard="1" dealt="1" sum="0"/>
<action no="12" player="M1ky3ste92" type="4" sum="0"/>
</round>
</game>
<game gamecode="6541645978"><general><startdate>2025-11-26 16:00:42</startdate>
<round>1</round>
<failsafecounter/>
<players><player seat="3" name="M1ky3ste92" chips="662" dealer="0" win="0" bet="88" muck="1" rebuy="0" addon="0" merge="0" rebuychips="0" reg_code="5075729835"/>
<player seat="10" name="Dominance" chips="838" dealer="1" win="176" bet="838" muck="1" rebuy="0" addon="0" merge="0" rebuychips="0" reg_code="5075730036"/>
</players>
</general>
<round no="0"><action no="1" player="Dominance" type="15" discard="1" dealt="1" sum="8"/>
<action no="2" player="M1ky3ste92" type="15" sum="8"/>
<action no="3" player="Dominance" type="1" discard="1" dealt="1" sum="40"/>
<action no="4" player="M1ky3ste92" type="2" sum="80"/>
</round>
<round no="1"><cards type="Pocket" player="M1ky3ste92">S6 D4</cards>
<cards type="Pocket" player="Dominance">X X</cards>
<action no="5" player="Dominance" type="23" discard="1" dealt="1" sum="830"/>
<action no="6" player="M1ky3ste92" type="0" sum="0"/>
</round>
</game>
<game gamecode="6541646030"><general><startdate>2025-11-26 16:00:55</startdate>
<round>1</round>
<failsafecounter/>
<players><player seat="10" name="Dominance" chips="926" dealer="0" win="0" bet="88" muck="1" rebuy="0" addon="0" merge="0" rebuychips="0" reg_code="5075730036"/>
<player seat="3" name="M1ky3ste92" chips="574" dealer="1" win="176" bet="574" muck="1" rebuy="0" addon="0" merge="0" rebuychips="0" reg_code="5075729835"/>
</players>
</general>
<round no="0"><action no="1" player="M1ky3ste92" type="15" sum="8"/>
<action no="2" player="Dominance" type="15" discard="1" dealt="1" sum="8"/>
<action no="3" player="M1ky3ste92" type="1" sum="40"/>
<action no="4" player="Dominance" type="2" discard="1" dealt="1" sum="80"/>
</round>
<round no="1"><cards type="Pocket" player="M1ky3ste92">C7 CK</cards>
<cards type="Pocket" player="Dominance">X X</cards>
<action no="5" player="M1ky3ste92" type="23" sum="566"/>
<action no="6" player="Dominance" type="0" discard="1" dealt="1" sum="0"/>
</round>
</game>
<game gamecode="6541646086"><general><startdate>2025-11-26 16:01:10</startdate>
<round>1</round>
<failsafecounter/>
<players><player seat="3" name="M1ky3ste92" chips="662" dealer="0" win="0" bet="88" muck="1" rebuy="0" addon="0" merge="0" rebuychips="0" reg_code="5075729835"/>
<player seat="10" name="Dominance" chips="838" dealer="1" win="176" bet="168" muck="1" rebuy="0" addon="0" merge="0" rebuychips="0" reg_code="5075730036"/>
</players>
</general>
<round no="0"><action no="1" player="Dominance" type="15" discard="1" dealt="1" sum="8"/>
<action no="2" player="M1ky3ste92" type="15" sum="8"/>
<action no="3" player="Dominance" type="1" discard="1" dealt="1" sum="40"/>
<action no="4" player="M1ky3ste92" type="2" sum="80"/>
</round>
<round no="1"><cards type="Pocket" player="M1ky3ste92">S4 CJ</cards>
<cards type="Pocket" player="Dominance">X X</cards>
<action no="5" player="Dominance" type="3" discard="1" dealt="1" sum="40"/>
<action no="6" player="M1ky3ste92" type="4" sum="0"/>
</round>
<round no="2"><cards type="Flop">DA C9 D7</cards>
<action no="7" player="M1ky3ste92" type="4" sum="0"/>
<action no="8" player="Dominance" type="5" discard="1" dealt="1" sum="80"/>
<action no="9" player="M1ky3ste92" type="0" sum="0"/>
</round>
</game>
<game gamecode="6541646191"><general><startdate>2025-11-26 16:01:39</startdate>
<round>1</round>
<failsafecounter/>
<players><player seat="10" name="Dominance" chips="926" dealer="0" win="120" bet="110" muck="1" rebuy="0" addon="0" merge="0" rebuychips="0" reg_code="5075730036"/>
<player seat="3" name="M1ky3ste92" chips="574" dealer="1" win="0" bet="60" muck="1" rebuy="0" addon="0" merge="0" rebuychips="0" reg_code="5075729835"/>
</players>
</general>
<round no="0"><action no="1" player="M1ky3ste92" type="15" sum="10"/>
<action no="2" player="Dominance" type="15" discard="1" dealt="1" sum="10"/>
<action no="3" player="M1ky3ste92" type="1" sum="50"/>
<action no="4" player="Dominance" type="2" discard="1" dealt="1" sum="100"/>
</round>
<round no="1"><cards type="Pocket" player="M1ky3ste92">D2 H5</cards>
<cards type="Pocket" player="Dominance">X X</cards>
<action no="5" player="M1ky3ste92" type="0" sum="0"/>
</round>
</game>
<game gamecode="6541646225"><general><startdate>2025-11-26 16:01:45</startdate>
<round>1</round>
<failsafecounter/>
<players><player seat="3" name="M1ky3ste92" chips="514" dealer="0" win="0" bet="110" muck="1" rebuy="0" addon="0" merge="0" rebuychips="0" reg_code="5075729835"/>
<player seat="10" name="Dominance" chips="986" dealer="1" win="220" bet="986" muck="1" rebuy="0" addon="0" merge="0" rebuychips="0" reg_code="5075730036"/>
</players>
</general>
<round no="0"><action no="1" player="Dominance" type="15" discard="1" dealt="1" sum="10"/>
<action no="2" player="M1ky3ste92" type="15" sum="10"/>
<action no="3" player="Dominance" type="1" discard="1" dealt="1" sum="50"/>
<action no="4" player="M1ky3ste92" type="2" sum="100"/>
</round>
<round no="1"><cards type="Pocket" player="Dominance">X X</cards>
<cards type="Pocket" player="M1ky3ste92">SJ C5</cards>
<action no="5" player="Dominance" type="23" discard="1" dealt="1" sum="976"/>
<action no="6" player="M1ky3ste92" type="0" sum="0"/>
</round>
</game>
<game gamecode="6541646259"><general><startdate>2025-11-26 16:01:55</startdate>
<round>1</round>
<failsafecounter/>
<players><player seat="10" name="Dominance" chips="1,096" dealer="0" win="808" bet="404" muck="0" rebuy="0" addon="0" merge="0" rebuychips="0" reg_code="5075730036"/>
<player seat="3" name="M1ky3ste92" chips="404" dealer="1" win="0" bet="404" muck="0" rebuy="0" addon="0" merge="0" rebuychips="0" reg_code="5075729835"/>
</players>
</general>
<round no="0"><action no="1" player="M1ky3ste92" type="15" sum="10"/>
<action no="2" player="Dominance" type="15" discard="1" dealt="1" sum="10"/>
<action no="3" player="M1ky3ste92" type="1" sum="50"/>
<action no="4" player="Dominance" type="2" discard="1" dealt="1" sum="100"/>
</round>
<round no="1"><cards type="Pocket" player="Dominance">H8 C7</cards>
<cards type="Pocket" player="M1ky3ste92">CK HJ</cards>
<action no="5" player="M1ky3ste92" type="23" sum="394"/>
<action no="6" player="Dominance" type="3" discard="1" dealt="1" sum="294"/>
</round>
<round no="2"><cards type="Flop">HA S10 D8</cards>
</round>
<round no="3"><cards type="Turn">H4</cards>
</round>
<round no="4"><cards type="River">C9</cards>
</round>
</game>
</session>
