<?xml version="1.0" encoding="UTF-8"?>
<session sessioncode="5075723490">
<general>
<client_version>25.7.1.34</client_version>
<mode>real</mode>
<gametype>Holdem NL</gametype>
<tablename>Twister €100 SNG, 822480006</tablename>
<tournamentcode>822480005</tournamentcode>
<tournamentname>Twister €100 SNG</tournamentname>
<buyin>€0 + €7 + €93</buyin>
<totalbuyin>€100</totalbuyin>
<rewarddrawn>€200</rewarddrawn>
<tournamentcurrency>EUR</tournamentcurrency>
<currency>EUR</currency>
<nickname>M1ky3ste92</nickname>
<gamecount>22</gamecount>
<startdate>2025-11-26 15:24:29</startdate>
<place>2</place>
<win>€0</win>
<tablesize>3</tablesize>
</general>
<game gamecode="6541618659"><general><startdate>2025-11-26 15:24:45</startdate>
<round>1</round>
<failsafecounter/>
<players><player seat="6" name="Thechosenoonee" chips="500" dealer="0" win="0" bet="500" muck="1" rebuy="0" addon="0" merge="0" rebuychips="0" reg_code="5075723017"/>
<player seat="10" name="M1ky3ste92" chips="500" dealer="1" win="1,010" bet="500" muck="0" rebuy="0" addon="0" merge="0" rebuychips="0" reg_code="5075723490"/>
<player seat="3" name="mocciolocaldo" chips="500" dealer="0" win="0" bet="10" muck="1" rebuy="0" addon="0" merge="0" rebuychips="0" reg_code="5075723006"/>
</players>
</general>
<round no="0"><action no="1" player="mocciolocaldo" type="1" discard="1" dealt="1" sum="10"/>
<action no="2" player="Thechosenoonee" type="2" discard="1" dealt="1" sum="20"/>
</round>
<round no="1"><cards type="Pocket" player="mocciolocaldo">X X</cards>
<cards type="Pocket" player="M1ky3ste92">DA D7</cards>
<cards type="Pocket" player="Thechosenoonee">HK H6</cards>
<action no="3" player="M1ky3ste92" type="23" sum="40"/>
<action no="4" player="mocciolocaldo" type="0" discard="1" dealt="1" sum="0"/>
<action no="5" player="Thechosenoonee" type="3" discard="1" dealt="1" sum="20"/>
</round>
<round no="2"><cards type="Flop">H7 C6 CA</cards>
<action no="6" player="Thechosenoonee" type="4" discard="1" dealt="1" sum="0"/>
<action no="7" player="M1ky3ste92" type="5" sum="29"/>
<action no="8" player="Thechosenoonee" type="3" discard="1" dealt="1" sum="29"/>
</round>
<round no="3"><cards type="Turn">SK</cards>
<action no="9" player="Thechosenoonee" type="4" discard="1" dealt="1" sum="0"/>
<action no="10" player="M1ky3ste92" type="5" sum="100"/>
<action no="11" player="Thechosenoonee" type="23" discard="1" dealt="1" sum="431"/>
<action no="12" player="M1ky3ste92" type="7" sum="331"/>
</round>
<round no="4"><cards type="River">H9</cards>
</round>
</game>
<game gamecode="6541618755"><general><startdate>2025-11-26 15:25:31</startdate>
<round>1</round>
<failsafecounter/>
<players><player seat="10" name="M1ky3ste92" chips="1,010" dealer="0" win="80" bet="40" muck="0" rebuy="0" addon="0" merge="0" rebuychips="0" reg_code="5075723490"/>
<player seat="3" name="mocciolocaldo" chips="490" dealer="1" win="0" bet="40" muck="1" rebuy="0" addon="0" merge="0" rebuychips="0" reg_code="5075723006"/>
</players>
</general>
<round no="0"><action no="1" player="mocciolocaldo" type="1" discard="1" dealt="1" sum="10"/>
<action no="2" player="M1ky3ste92" type="2" sum="20"/>
</round>
<round no="1"><cards type="Pocket" player="mocciolocaldo">S8 DQ</cards>
<cards type="Pocket" player="M1ky3ste92">D7 D3</cards>
<action no="3" player="mocciolocaldo" type="3" discard="1" dealt="1" sum="10"/>
<action no="4" player="M1ky3ste92" type="4" sum="0"/>
</round>
<round no="2"><cards type="Flop">C3 D6 C5</cards>
<action no="5" player="M1ky3ste92" type="4" sum="0"/>
<action no="6" player="mocciolocaldo" type="4" discard="1" dealt="1" sum="0"/>
</round>
<round no="3"><cards type="Turn">D2</cards>
<action no="7" player="M1ky3ste92" type="4" sum="0"/>
<action no="8" player="mocciolocaldo" type="5" discard="1" dealt="1" sum="20"/>
<action no="9" player="M1ky3ste92" type="3" sum="20"/>
</round>
<round no="4"><cards type="River">H2</cards>
<action no="10" player="M1ky3ste92" type="4" sum="0"/>
<action no="11" player="mocciolocaldo" type="4" discard="1" dealt="1" sum="0"/>
</round>
</game>
<game gamecode="6541618798"><general><startdate>2025-11-26 15:25:54</startdate>
<round>1</round>
<failsafecounter/>
<players><player seat="3" name="mocciolocaldo" chips="450" dealer="0" win="80" bet="80" muck="1" rebuy="0" addon="0" merge="0" rebuychips="0" reg_code="5075723006"/>
<player seat="10" name="M1ky3ste92" chips="1,050" dealer="1" win="0" bet="40" muck="1" rebuy="0" addon="0" merge="0" rebuychips="0" reg_code="5075723490"/>
</players>
</general>
<round no="0"><action no="1" player="M1ky3ste92" type="1" sum="10"/>
<action no="2" player="mocciolocaldo" type="2" discard="1" dealt="1" sum="20"/>
</round>
<round no="1"><cards type="Pocket" player="M1ky3ste92">S4 HJ</cards>
<cards type="Pocket" player="mocciolocaldo">X X</cards>
<action no="3" player="M1ky3ste92" type="3" sum="10"/>
<action no="4" player="mocciolocaldo" type="4" discard="1" dealt="1" sum="0"/>
</round>
<round no="2"><cards type="Flop">CQ D4 CA</cards>
<action no="5" player="mocciolocaldo" type="4" discard="1" dealt="1" sum="0"/>
<action no="6" player="M1ky3ste92" type="5" sum="20"/>
<action no="7" player="mocciolocaldo" type="23" discard="1" dealt="1" sum="60"/>
<action no="8" player="M1ky3ste92" type="0" sum="0"/>
</round>
</game>
<game gamecode="6541618854"><general><startdate>2025-11-26 15:26:28</startdate>
<round>1</round>
<failsafecounter/>
<players><player seat="10" name="M1ky3ste92" chips="1,010" dealer="0" win="0" bet="95" muck="1" rebuy="0" addon="0" merge="0" rebuychips="0" reg_code="5075723490"/>
<player seat="3" name="mocciolocaldo" chips="490" dealer="1" win="190" bet="190" muck="1" rebuy="0" addon="0" merge="0" rebuychips="0" reg_code="5075723006"/>
</players>
</general>
<round no="0"><action no="1" player="mocciolocaldo" type="15" discard="1" dealt="1" sum="5"/>
<action no="2" player="M1ky3ste92" type="15" sum="5"/>
<action no="3" player="mocciolocaldo" type="1" discard="1" dealt="1" sum="15"/>
<action no="4" player="M1ky3ste92" type="2" sum="30"/>
</round>
<round no="1"><cards type="Pocket" player="mocciolocaldo">X X</cards>
<cards type="Pocket" player="M1ky3ste92">SK CJ</cards>
<action no="5" player="mocciolocaldo" type="3" discard="1" dealt="1" sum="15"/>
<action no="6" player="M1ky3ste92" type="23" sum="90"/>
<action no="7" player="mocciolocaldo" type="3" discard="1" dealt="1" sum="60"/>
</round>
<round no="2"><cards type="Flop">C4 HA C10</cards>
<action no="8" player="M1ky3ste92" type="4" sum="0"/>
<action no="9" player="mocciolocaldo" type="4" discard="1" dealt="1" sum="0"/>
</round>
<round no="3"><cards type="Turn">D10</cards>
<action no="10" player="M1ky3ste92" type="4" sum="0"/>
<action no="11" player="mocciolocaldo" type="5" discard="1" dealt="1" sum="95"/>
<action no="12" player="M1ky3ste92" type="0" sum="0"/>
</round>
</game>
<game gamecode="6541618930"><general><startdate>2025-11-26 15:27:14</startdate>
<round>1</round>
<failsafecounter/>
<players><player seat="3" name="mocciolocaldo" chips="585" dealer="0" win="70" bet="585" muck="1" rebuy="0" addon="0" merge="0" rebuychips="0" reg_code="5075723006"/>
<player seat="10" name="M1ky3ste92" chips="915" dealer="1" win="0" bet="35" muck="1" rebuy="0" addon="0" merge="0" rebuychips="0" reg_code="5075723490"/>
</players>
</general>
<round no="0"><action no="1" player="M1ky3ste92" type="15" sum="5"/>
<action no="2" player="mocciolocaldo" type="15" discard="1" dealt="1" sum="5"/>
<action no="3" player="M1ky3ste92" type="1" sum="15"/>
<action no="4" player="mocciolocaldo" type="2" discard="1" dealt="1" sum="30"/>
</round>
<round no="1"><cards type="Pocket" player="M1ky3ste92">H6 D7</cards>
<cards type="Pocket" player="mocciolocaldo">X X</cards>
<action no="5" player="M1ky3ste92" type="3" sum="15"/>
<action no="6" player="mocciolocaldo" type="23" discard="1" dealt="1" sum="580"/>
<action no="7" player="M1ky3ste92" type="0" sum="0"/>
</round>
</game>
<game gamecode="6541618948"><general><startdate>2025-11-26 15:27:25</startdate>
<round>1</round>
<failsafecounter/>
<players><player seat="10" name="M1ky3ste92" chips="880" dealer="0" win="0" bet="35" muck="1" rebuy="0" addon="0" merge="0" rebuychips="0" reg_code="5075723490"/>
<player seat="3" name="mocciolocaldo" chips="620" dealer="1" win="70" bet="65" muck="1" rebuy="0" addon="0" merge="0" rebuychips="0" reg_code="5075723006"/>
</players>
</general>
<round no="0"><action no="1" player="mocciolocaldo" type="15" discard="1" dealt="1" sum="5"/>
<action no="2" player="M1ky3ste92" type="15" sum="5"/>
<action no="3" player="mocciolocaldo" type="1" discard="1" dealt="1" sum="15"/>
<action no="4" player="M1ky3ste92" type="2" sum="30"/>
</round>
<round no="1"><cards type="Pocket" player="M1ky3ste92">H7 S9</cards>
<cards type="Pocket" player="mocciolocaldo">X X</cards>
<action no="5" player="mocciolocaldo" type="3" discard="1" dealt="1" sum="15"/>
<action no="6" player="M1ky3ste92" type="4" sum="0"/>
</round>
<round no="2"><cards type="Flop">SK H6 HJ</cards>
<action no="7" player="M1ky3ste92" type="4" sum="0"/>
<action no="8" player="mocciolocaldo" type="5" discard="1" dealt="1" sum="30"/>
<action no="9" player="M1ky3ste92" type="0" sum="0"/>
</round>
</game>
<game gamecode="6541618974"><general><startdate>2025-11-26 15:27:39</startdate>
<round>1</round>
<failsafecounter/>
<players><player seat="3" name="mocciolocaldo" chips="655" dealer="0" win="70" bet="655" muck="1" rebuy="0" addon="0" merge="0" rebuychips="0" reg_code="5075723006"/>
<player seat="10" name="M1ky3ste92" chips="845" dealer="1" win="0" bet="35" muck="1" rebuy="0" addon="0" merge="0" rebuychips="0" reg_code="5075723490"/>
</players>
</general>
<round no="0"><action no="1" player="M1ky3ste92" type="15" sum="5"/>
<action no="2" player="mocciolocaldo" type="15" discard="1" dealt="1" sum="5"/>
<action no="3" player="M1ky3ste92" type="1" sum="15"/>
<action no="4" player="mocciolocaldo" type="2" discard="1" dealt="1" sum="30"/>
</round>
<round no="1"><cards type="Pocket" player="M1ky3ste92">H3 CJ</cards>
<cards type="Pocket" player="mocciolocaldo">X X</cards>
<action no="5" player="M1ky3ste92" type="3" sum="15"/>
<action no="6" player="mocciolocaldo" type="23" discard="1" dealt="1" sum="650"/>
<action no="7" player="M1ky3ste92" type="0" sum="0"/>
</round>
</game>
<game gamecode="6541619001"><general><startdate>2025-11-26 15:27:49</startdate>
<round>1</round>
<failsafecounter/>
<players><player seat="10" name="M1ky3ste92" chips="810" dealer="0" win="0" bet="35" muck="1" rebuy="0" addon="0" merge="0" rebuychips="0" reg_code="5075723490"/>
<player seat="3" name="mocciolocaldo" chips="690" dealer="1" win="70" bet="88" muck="1" rebuy="0" addon="0" merge="0" rebuychips="0" reg_code="5075723006"/>
</players>
</general>
<round no="0"><action no="1" player="mocciolocaldo" type="15" discard="1" dealt="1" sum="5"/>
<action no="2" player="M1ky3ste92" type="15" sum="5"/>
<action no="3" player="mocciolocaldo" type="1" discard="1" dealt="1" sum="15"/>
<action no="4" player="M1ky3ste92" type="2" sum="30"/>
</round>
<round no="1"><cards type="Pocket" player="M1ky3ste92">S5 HA</cards>
<cards type="Pocket" player="mocciolocaldo">X X</cards>
<action no="5" player="mocciolocaldo" type="3" discard="1" dealt="1" sum="15"/>
<action no="6" player="M1ky3ste92" type="4" sum="0"/>
</round>
<round no="2"><cards type="Flop">S10 DK H6</cards>
<action no="7" player="M1ky3ste92" type="4" sum="0"/>
<action no="8" player="mocciolocaldo" type="4" discard="1" dealt="1" sum="0"/>
</round>
<round no="3"><cards type="Turn">D2</cards>
<action no="9" player="M1ky3ste92" type="4" sum="0"/>
<action no="10" player="mocciolocaldo" type="5" discard="1" dealt="1" sum="53"/>
<action no="11" player="M1ky3ste92" type="0" sum="0"/>
</round>
</game>
<game gamecode="6541619059"><general><startdate>2025-11-26 15:28:19</startdate>
<round>1</round>
<failsafecounter/>
<players><player seat="3" name="mocciolocaldo" chips="725" dealer="0" win="0" bet="45" muck="1" rebuy="0" addon="0" merge="0" rebuychips="0" reg_code="5075723006"/>
<player seat="10" name="M1ky3ste92" chips="775" dealer="1" win="90" bet="85" muck="1" rebuy="0" addon="0" merge="0" rebuychips="0" reg_code="5075723490"/>
</players>
</general>
<round no="0"><action no="1" player="M1ky3ste92" type="15" sum="5"/>
<action no="2" player="mocciolocaldo" type="15" discard="1" dealt="1" sum="5"/>
<action no="3" player="M1ky3ste92" type="1" sum="20"/>
<action no="4" player="mocciolocaldo" type="2" discard="1" dealt="1" sum="40"/>
</round>
<round no="1"><cards type="Pocket" player="mocciolocaldo">X X</cards>
<cards type="Pocket" player="M1ky3ste92">D4 C3</cards>
<action no="5" player="M1ky3ste92" type="3" sum="20"/>
<action no="6" player="mocciolocaldo" type="4" discard="1" dealt="1" sum="0"/>
</round>
<round no="2"><cards type="Flop">CJ H5 DJ</cards>
<action no="7" player="mocciolocaldo" type="4" discard="1" dealt="1" sum="0"/>
<action no="8" player="M1ky3ste92" type="5" sum="40"/>
<action no="9" player="mocciolocaldo" type="0" discard="1" dealt="1" sum="0"/>
</round>
</game>
<game gamecode="6541619097"><general><startdate>2025-11-26 15:28:37</startdate>
<round>1</round>
<failsafecounter/>
<players><player seat="10" name="M1ky3ste92" chips="820" dealer="0" win="90" bet="820" muck="1" rebuy="0" addon="0" merge="0" rebuychips="0" reg_code="5075723490"/>
<player seat="3" name="mocciolocaldo" chips="680" dealer="1" win="0" bet="45" muck="1" rebuy="0" addon="0" merge="0" rebuychips="0" reg_code="5075723006"/>
</players>
</general>
<round no="0"><action no="1" player="mocciolocaldo" type="15" discard="1" dealt="1" sum="5"/>
<action no="2" player="M1ky3ste92" type="15" sum="5"/>
<action no="3" player="mocciolocaldo" type="1" discard="1" dealt="1" sum="20"/>
<action no="4" player="M1ky3ste92" type="2" sum="40"/>
</round>
<round no="1"><cards type="Pocket" player="mocciolocaldo">X X</cards>
<cards type="Pocket" player="M1ky3ste92">S8 CA</cards>
<action no="5" player="mocciolocaldo" type="3" discard="1" dealt="1" sum="20"/>
<action no="6" player="M1ky3ste92" type="23" sum="815"/>
<action no="7" player="mocciolocaldo" type="0" discard="1" dealt="1" sum="0"/>
</round>
</game>
<game gamecode="6541619126"><general><startdate>2025-11-26 15:28:49</startdate>
<round>1</round>
<failsafecounter/>
<players><player seat="3" name="mocciolocaldo" chips="635" dealer="0" win="0" bet="45" muck="1" rebuy="0" addon="0" merge="0" rebuychips="0" reg_code="5075723006"/>
<player seat="10" name="M1ky3ste92" chips="865" dealer="1" win="90" bet="85" muck="1" rebuy="0" addon="0" merge="0" rebuychips="0" reg_code="5075723490"/>
</players>
</general>
<round no="0"><action no="1" player="M1ky3ste92" type="15" sum="5"/>
<action no="2" player="mocciolocaldo" type="15" discard="1" dealt="1" sum="5"/>
<action no="3" player="M1ky3ste92" type="1" sum="20"/>
<action no="4" player="mocciolocaldo" type="2" discard="1" dealt="1" sum="40"/>
</round>
<round no="1"><cards type="Pocket" player="M1ky3ste92">D4 CA</cards>
<cards type="Pocket" player="mocciolocaldo">X X</cards>
<action no="5" player="M1ky3ste92" type="3" sum="20"/>
<action no="6" player="mocciolocaldo" type="4" discard="1" dealt="1" sum="0"/>
</round>
<round no="2"><cards type="Flop">CQ SQ HQ</cards>
<action no="7" player="mocciolocaldo" type="4" discard="1" dealt="1" sum="0"/>
<action no="8" player="M1ky3ste92" type="5" sum="40"/>
<action no="9" player="mocciolocaldo" type="0" discard="1" dealt="1" sum="0"/>
</round>
</game>
<game gamecode="6541619162"><general><startdate>2025-11-26 15:29:08</startdate>
<round>1</round>
<failsafecounter/>
<players><player seat="10" name="M1ky3ste92" chips="910" dealer="0" win="0" bet="45" muck="1" rebuy="0" addon="0" merge="0" rebuychips="0" reg_code="5075723490"/>
<player seat="3" name="mocciolocaldo" chips="590" dealer="1" win="90" bet="85" muck="1" rebuy="0" addon="0" merge="0" rebuychips="0" reg_code="5075723006"/>
</players>
</general>
<round no="0"><action no="1" player="mocciolocaldo" type="15" discard="1" dealt="1" sum="5"/>
<action no="2" player="M1ky3ste92" type="15" sum="5"/>
<action no="3" player="mocciolocaldo" type="1" discard="1" dealt="1" sum="20"/>
<action no="4" player="M1ky3ste92" type="2" sum="40"/>
</round>
<round no="1"><cards type="Pocket" player="M1ky3ste92">H5 C4</cards>
<cards type="Pocket" player="mocciolocaldo">X X</cards>
<action no="5" player="mocciolocaldo" type="3" discard="1" dealt="1" sum="20"/>
<action no="6" player="M1ky3ste92" type="4" sum="0"/>
</round>
<round no="2"><cards type="Flop">D7 C9 D9</cards>
<action no="7" player="M1ky3ste92" type="4" sum="0"/>
<action no="8" player="mocciolocaldo" type="5" discard="1" dealt="1" sum="40"/>
<action no="9" player="M1ky3ste92" type="0" sum="0"/>
</round>
</game>
<game gamecode="6541619200"><general><startdate>2025-11-26 15:29:25</startdate>
<round>1</round>
<failsafecounter/>
<players><player seat="3" name="mocciolocaldo" chips="635" dealer="0" win="90" bet="135" muck="1" rebuy="0" addon="0" merge="0" rebuychips="0" reg_code="5075723006"/>
<player seat="10" name="M1ky3ste92" chips="865" dealer="1" win="0" bet="45" muck="1" rebuy="0" addon="0" merge="0" rebuychips="0" reg_code="5075723490"/>
</players>
</general>
<round no="0"><action no="1" player="M1ky3ste92" type="15" sum="5"/>
<action no="2" player="mocciolocaldo" type="15" discard="1" dealt="1" sum="5"/>
<action no="3" player="M1ky3ste92" type="1" sum="20"/>
<action no="4" player="mocciolocaldo" type="2" discard="1" dealt="1" sum="40"/>
</round>
<round no="1"><cards type="Pocket" player="M1ky3ste92">C10 C3</cards>
<cards type="Pocket" player="mocciolocaldo">X X</cards>
<action no="5" player="M1ky3ste92" type="3" sum="20"/>
<action no="6" player="mocciolocaldo" type="4" discard="1" dealt="1" sum="0"/>
</round>
<round no="2"><cards type="Flop">S8 D7 D4</cards>
<action no="7" player="mocciolocaldo" type="4" discard="1" dealt="1" sum="0"/>
<action no="8" player="M1ky3ste92" type="4" sum="0"/>
</round>
<round no="3"><cards type="Turn">S2</cards>
<action no="9" player="mocciolocaldo" type="4" discard="1" dealt="1" sum="0"/>
<action no="10" player="M1ky3ste92" type="4" sum="0"/>
</round>
<round no="4"><cards type="River">C5</cards>
<action no="11" player="mocciolocaldo" type="5" discard="1" dealt="1" sum="90"/>
<action no="12" player="M1ky3ste92" type="0" sum="0"/>
</round>
</game>
<game gamecode="6541619280"><general><startdate>2025-11-26 15:30:04</startdate>
<round>1</round>
<failsafecounter/>
<players><player seat="10" name="M1ky3ste92" chips="820" dealer="0" win="0" bet="65" muck="1" rebuy="0" addon="0" merge="0" rebuychips="0" reg_code="5075723490"/>
<player seat="3" name="mocciolocaldo" chips="680" dealer="1" win="130" bet="680" muck="1" rebuy="0" addon="0" merge="0" rebuychips="0" reg_code="5075723006"/>
</players>
</general>
<round no="0"><action no="1" player="mocciolocaldo" type="15" discard="1" dealt="1" sum="5"/>
<action no="2" player="M1ky3ste92" type="15" sum="5"/>
<action no="3" player="mocciolocaldo" type="1" discard="1" dealt="1" sum="30"/>
<action no="4" player="M1ky3ste92" type="2" sum="60"/>
</round>
<round no="1"><cards type="Pocket" player="mocciolocaldo">X X</cards>
<cards type="Pocket" player="M1ky3ste92">S6 C2</cards>
<action no="5" player="mocciolocaldo" type="23" discard="1" dealt="1" sum="675"/>
<action no="6" player="M1ky3ste92" type="0" sum="0"/>
</round>
</game>
<game gamecode="6541623981"><general><startdate>2025-11-26 15:30:13</startdate>
<round>1</round>
<failsafecounter/>
<players><player seat="3" name="mocciolocaldo" chips="745" dealer="0" win="0" bet="65" muck="1" rebuy="0" addon="0" merge="0" rebuychips="0" reg_code="5075723006"/>
<player seat="10" name="M1ky3ste92" chips="755" dealer="1" win="130" bet="125" muck="1" rebuy="0" addon="0" merge="0" rebuychips="0" reg_code="5075723490"/>
</players>
</general>
<round no="0"><action no="1" player="M1ky3ste92" type="15" sum="5"/>
<action no="2" player="mocciolocaldo" type="15" discard="1" dealt="1" sum="5"/>
<action no="3" player="M1ky3ste92" type="1" sum="30"/>
<action no="4" player="mocciolocaldo" type="2" discard="1" dealt="1" sum="60"/>
</round>
<round no="1"><cards type="Pocket" player="mocciolocaldo">X X</cards>
<cards type="Pocket" player="M1ky3ste92">S2 D10</cards>
<action no="5" player="M1ky3ste92" type="3" sum="30"/>
<action no="6" player="mocciolocaldo" type="4" discard="1" dealt="1" sum="0"/>
</round>
<round no="2"><cards type="Flop">C6 DA H6</cards>
<action no="7" player="mocciolocaldo" type="4" discard="1" dealt="1" sum="0"/>
<action no="8" player="M1ky3ste92" type="5" sum="60"/>
<action no="9" player="mocciolocaldo" type="0" discard="1" dealt="1" sum="0"/>
</round>
</game>
<game gamecode="6541624041"><general><startdate>2025-11-26 15:30:42</startdate>
<round>1</round>
<failsafecounter/>
<players><player seat="10" name="M1ky3ste92" chips="820" dealer="0" win="0" bet="65" muck="1" rebuy="0" addon="0" merge="0" rebuychips="0" reg_code="5075723490"/>
<player seat="3" name="mocciolocaldo" chips="680" dealer="1" win="130" bet="125" muck="1" rebuy="0" addon="0" merge="0" rebuychips="0" reg_code="5075723006"/>
</players>
</general>
<round no="0"><action no="1" player="mocciolocaldo" type="15" discard="1" dealt="1" sum="5"/>
<action no="2" player="M1ky3ste92" type="15" sum="5"/>
<action no="3" player="mocciolocaldo" type="1" discard="1" dealt="1" sum="30"/>
<action no="4" player="M1ky3ste92" type="2" sum="60"/>
</round>
<round no="1"><cards type="Pocket" player="mocciolocaldo">X X</cards>
<cards type="Pocket" player="M1ky3ste92">H10 D9</cards>
<action no="5" player="mocciolocaldo" type="3" discard="1" dealt="1" sum="30"/>
<action no="6" player="M1ky3ste92" type="4" sum="0"/>
</round>
<round no="2"><cards type="Flop">D8 C2 S2</cards>
<action no="7" player="M1ky3ste92" type="4" sum="0"/>
<action no="8" player="mocciolocaldo" type="5" discard="1" dealt="1" sum="60"/>
<action no="9" player="M1ky3ste92" type="0" sum="0"/>
</round>
</game>
<game gamecode="6541624089"><general><startdate>2025-11-26 15:31:02</startdate>
<round>1</round>
<failsafecounter/>
<players><player seat="3" name="mocciolocaldo" chips="745" dealer="0" win="0" bet="65" muck="1" rebuy="0" addon="0" merge="0" rebuychips="0" reg_code="5075723006"/>
<player seat="10" name="M1ky3ste92" chips="755" dealer="1" win="130" bet="125" muck="1" rebuy="0" addon="0" merge="0" rebuychips="0" reg_code="5075723490"/>
</players>
</general>
<round no="0"><action no="1" player="M1ky3ste92" type="15" sum="5"/>
<action no="2" player="mocciolocaldo" type="15" discard="1" dealt="1" sum="5"/>
<action no="3" player="M1ky3ste92" type="1" sum="30"/>
<action no="4" player="mocciolocaldo" type="2" discard="1" dealt="1" sum="60"/>
</round>
<round no="1"><cards type="Pocket" player="mocciolocaldo">X X</cards>
<cards type="Pocket" player="M1ky3ste92">H9 H6</cards>
<action no="5" player="M1ky3ste92" type="3" sum="30"/>
<action no="6" player="mocciolocaldo" type="4" discard="1" dealt="1" sum="0"/>
</round>
<round no="2"><cards type="Flop">HJ H5 DJ</cards>
<action no="7" player="mocciolocaldo" type="4" discard="1" dealt="1" sum="0"/>
<action no="8" player="M1ky3ste92" type="5" sum="60"/>
<action no="9" player="mocciolocaldo" type="0" discard="1" dealt="1" sum="0"/>
</round>
</game>
<game gamecode="6541624128"><general><startdate>2025-11-26 15:31:23</startdate>
<round>1</round>
<failsafecounter/>
<players><player seat="10" name="M1ky3ste92" chips="820" dealer="0" win="176" bet="208" muck="1" rebuy="0" addon="0" merge="0" rebuychips="0" reg_code="5075723490"/>
<player seat="3" name="mocciolocaldo" chips="680" dealer="1" win="0" bet="88" muck="1" rebuy="0" addon="0" merge="0" rebuychips="0" reg_code="5075723006"/>
</players>
</general>
<round no="0"><action no="1" player="mocciolocaldo" type="15" discard="1" dealt="1" sum="8"/>
<action no="2" player="M1ky3ste92" type="15" sum="8"/>
<action no="3" player="mocciolocaldo" type="1" discard="1" dealt="1" sum="40"/>
<action no="4" player="M1ky3ste92" type="2" sum="80"/>
</round>
<round no="1"><cards type="Pocket" player="mocciolocaldo">X X</cards>
<cards type="Pocket" player="M1ky3ste92">H10 S10</cards>
<action no="5" player="mocciolocaldo" type="3" discard="1" dealt="1" sum="40"/>
<action no="6" player="M1ky3ste92" type="23" sum="200"/>
<action no="7" player="mocciolocaldo" type="0" discard="1" dealt="1" sum="0"/>
</round>
</game>
<game gamecode="6541624170"><general><startdate>2025-11-26 15:31:43</startdate>
<round>1</round>
<failsafecounter/>
<players><player seat="3" name="mocciolocaldo" chips="592" dealer="0" win="176" bet="592" muck="1" rebuy="0" addon="0" merge="0" rebuychips="0" reg_code="5075723006"/>
<player seat="10" name="M1ky3ste92" chips="908" dealer="1" win="0" bet="88" muck="1" rebuy="0" addon="0" merge="0" rebuychips="0" reg_code="5075723490"/>
</players>
</general>
<round no="0"><action no="1" player="M1ky3ste92" type="15" sum="8"/>
<action no="2" player="mocciolocaldo" type="15" discard="1" dealt="1" sum="8"/>
<action no="3" player="M1ky3ste92" type="1" sum="40"/>
<action no="4" player="mocciolocaldo" type="2" discard="1" dealt="1" sum="80"/>
</round>
<round no="1"><cards type="Pocket" player="mocciolocaldo">X X</cards>
<cards type="Pocket" player="M1ky3ste92">S5 CJ</cards>
<action no="5" player="M1ky3ste92" type="3" sum="40"/>
<action no="6" player="mocciolocaldo" type="23" discard="1" dealt="1" sum="584"/>
<action no="7" player="M1ky3ste92" type="0" sum="0"/>
</round>
</game>
<game gamecode="6541624189"><general><startdate>2025-11-26 15:31:51</startdate>
<round>1</round>
<failsafecounter/>
<players><player seat="10" name="M1ky3ste92" chips="820" dealer="0" win="0" bet="680" muck="1" rebuy="0" addon="0" merge="0" rebuychips="0" reg_code="5075723490"/>
<player seat="3" name="mocciolocaldo" chips="680" dealer="1" win="1,360" bet="680" muck="0" rebuy="0" addon="0" merge="0" rebuychips="0" reg_code="5075723006"/>
</players>
</general>
<round no="0"><action no="1" player="mocciolocaldo" type="15" discard="1" dealt="1" sum="8"/>
<action no="2" player="M1ky3ste92" type="15" sum="8"/>
<action no="3" player="mocciolocaldo" type="1" discard="1" dealt="1" sum="40"/>
<action no="4" player="M1ky3ste92" type="2" sum="80"/>
</round>
<round no="1"><cards type="Pocket" player="mocciolocaldo">DQ H9</cards>
<cards type="Pocket" player="M1ky3ste92">H5 DK</cards>
<action no="5" player="mocciolocaldo" type="23" discard="1" dealt="1" sum="672"/>
<action no="6" player="M1ky3ste92" type="3" sum="592"/>
</round>
<round no="2"><cards type="Flop">SA HQ SJ</cards>
</round>
<round no="3"><cards type="Turn">C8</cards>
</round>
<round no="4"><cards type="River">DJ</cards>
</round>
</game>
<game gamecode="6541624226"><general><startdate>2025-11-26 15:32:08</startdate>
<round>1</round>
<failsafecounter/>
<players><player seat="3" name="mocciolocaldo" chips="1,360" dealer="0" win="0" bet="140" muck="1" rebuy="0" addon="0" merge="0" rebuychips="0" reg_code="5075723006"/>
<player seat="10" name="M1ky3ste92" chips="140" dealer="1" win="280" bet="140" muck="0" rebuy="0" addon="0" merge="0" rebuychips="0" reg_code="5075723490"/>
</players>
</general>
<round no="0"><action no="1" player="M1ky3ste92" type="15" sum="8"/>
<action no="2" player="mocciolocaldo" type="15" discard="1" dealt="1" sum="8"/>
<action no="3" player="M1ky3ste92" type="1" sum="40"/>
<action no="4" player="mocciolocaldo" type="2" discard="1" dealt="1" sum="80"/>
</round>
<round no="1"><cards type="Pocket" player="mocciolocaldo">H10 C7</cards>
<cards type="Pocket" player="M1ky3ste92">CA DQ</cards>
<action no="5" player="M1ky3ste92" type="7" sum="92"/>
<action no="6" player="mocciolocaldo" type="3" discard="1" dealt="1" sum="52"/>
</round>
<round no="2"><cards type="Flop">S2 C6 H6</cards>
</round>
<round no="3"><cards type="Turn">HK</cards>
</round>
<round no="4"><cards type="River">D9</cards>
</round>
</game>
<game gamecode="6541624258"><general><startdate>2025-11-26 15:32:22</startdate>
<round>1</round>
<failsafecounter/>
<players><player seat="10" name="M1ky3ste92" chips="280" dealer="0" win="0" bet="280" muck="1" rebuy="0" addon="0" merge="0" rebuychips="0" reg_code="5075723490"/>
<player seat="3" name="mocciolocaldo" chips="1,220" dealer="1" win="560" bet="1,220" muck="0" rebuy="0" addon="0" merge="0" rebuychips="0" reg_code="5075723006"/>
</players>
</general>
<round no="0"><action no="1" player="mocciolocaldo" type="15" discard="1" dealt="1" sum="8"/>
<action no="2" player="M1ky3ste92" type="15" sum="8"/>
<action no="3" player="mocciolocaldo" type="1" discard="1" dealt="1" sum="40"/>
<action no="4" player="M1ky3ste92" type="2" sum="80"/>
</round>
<round no="1"><cards type="Pocket" player="M1ky3ste92">D9 S6</cards>
<cards type="Pocket" player="mocciolocaldo">HJ S10</cards>
<action no="5" player="mocciolocaldo" type="23" discard="1" dealt="1" sum="1,212"/>
<action no="6" player="M1ky3ste92" type="7" sum="192"/>
</round>
<round no="2"><cards type="Flop">HK D3 C9</cards>
</round>
<round no="3"><cards type="Turn">DK</cards>
</round>
<round no="4"><cards type="River">C10</cards>
</round>
</game>
</session>
