<?xml version="1.0" encoding="UTF-8"?>
<session sessioncode="5075736084">
<general>
<client_version>25.7.1.34</client_version>
<mode>real</mode>
<gametype>Holdem NL</gametype>
<tablename>Twister €100 SNG, 822482100</tablename>
<tournamentcode>822482099</tournamentcode>
<tournamentname>Twister €100 SNG</tournamentname>
<buyin>€0 + €7 + €93</buyin>
<totalbuyin>€100</totalbuyin>
<rewarddrawn>€200</rewarddrawn>
<tournamentcurrency>EUR</tournamentcurrency>
<currency>EUR</currency>
<nickname>M1ky3ste92</nickname>
<gamecount>19</gamecount>
<startdate>2025-11-26 16:15:35</startdate>
<place>3</place>
<win>€0</win>
<tablesize>3</tablesize>
</general>
<game gamecode="6541657465"><general><startdate>2025-11-26 16:15:50</startdate>
<round>1</round>
<failsafecounter/>
<players><player seat="6" name="M1ky3ste92" chips="500" dealer="0" win="40" bet="60" muck="1" rebuy="0" addon="0" merge="0" rebuychips="0" reg_code="5075736084"/>
<player seat="10" name="mocciolocaldo" chips="500" dealer="1" win="0" bet="0" muck="1" rebuy="0" addon="0" merge="0" rebuychips="0" reg_code="5075736088"/>
<player seat="3" name="ilCapo6" chips="500" dealer="0" win="0" bet="20" muck="1" rebuy="0" addon="0" merge="0" rebuychips="0" reg_code="5075735036"/>
</players>
</general>
<round no="0"><action no="1" player="ilCapo6" type="1" discard="1" dealt="1" sum="10"/>
<action no="2" player="M1ky3ste92" type="2" sum="20"/>
</round>
<round no="1"><cards type="Pocket" player="ilCapo6">X X</cards>
<cards type="Pocket" player="M1ky3ste92">H8 S8</cards>
<cards type="Pocket" player="mocciolocaldo">X X</cards>
<action no="3" player="mocciolocaldo" type="0" discard="1" dealt="1" sum="0"/>
<action no="4" player="ilCapo6" type="3" discard="1" dealt="1" sum="10"/>
<action no="5" player="M1ky3ste92" type="23" sum="60"/>
<action no="6" player="ilCapo6" type="0" discard="1" dealt="1" sum="0"/>
</round>
</game>
<game gamecode="6541657512"><general><startdate>2025-11-26 16:16:08</startdate>
<round>1</round>
<failsafecounter/>
<players><player seat="10" name="mocciolocaldo" chips="500" dealer="0" win="0" bet="50" muck="1" rebuy="0" addon="0" merge="0" rebuychips="0" reg_code="5075736088"/>
<player seat="3" name="ilCapo6" chips="480" dealer="1" win="0" bet="0" muck="1" rebuy="0" addon="0" merge="0" rebuychips="0" reg_code="5075735036"/>
<player seat="6" name="M1ky3ste92" chips="520" dealer="0" win="100" bet="83" muck="1" rebuy="0" addon="0" merge="0" rebuychips="0" reg_code="5075736084"/>
</players>
</general>
<round no="0"><action no="1" player="M1ky3ste92" type="1" sum="10"/>
<action no="2" player="mocciolocaldo" type="2" discard="1" dealt="1" sum="20"/>
</round>
<round no="1"><cards type="Pocket" player="mocciolocaldo">X X</cards>
<cards type="Pocket" player="M1ky3ste92">SK SJ</cards>
<cards type="Pocket" player="ilCapo6">X X</cards>
<action no="3" player="ilCapo6" type="0" discard="1" dealt="1" sum="0"/>
<action no="4" player="M1ky3ste92" type="23" sum="50"/>
<action no="5" player="mocciolocaldo" type="3" discard="1" dealt="1" sum="30"/>
</round>
<round no="2"><cards type="Flop">D5 C3 S9</cards>
<action no="6" player="M1ky3ste92" type="5" sum="33"/>
<action no="7" player="mocciolocaldo" type="0" discard="1" dealt="1" sum="0"/>
</round>
</game>
<game gamecode="6541657562"><general><startdate>2025-11-26 16:16:29</startdate>
<round>1</round>
<failsafecounter/>
<players><player seat="3" name="ilCapo6" chips="480" dealer="0" win="0" bet="20" muck="1" rebuy="0" addon="0" merge="0" rebuychips="0" reg_code="5075735036"/>
<player seat="6" name="M1ky3ste92" chips="570" dealer="1" win="0" bet="40" muck="1" rebuy="0" addon="0" merge="0" rebuychips="0" reg_code="5075736084"/>
<player seat="10" name="mocciolocaldo" chips="450" dealer="0" win="100" bet="450" muck="1" rebuy="0" addon="0" merge="0" rebuychips="0" reg_code="5075736088"/>
</players>
</general>
<round no="0"><action no="1" player="mocciolocaldo" type="1" discard="1" dealt="1" sum="10"/>
<action no="2" player="ilCapo6" type="2" discard="1" dealt="1" sum="20"/>
</round>
<round no="1"><cards type="Pocket" player="ilCapo6">X X</cards>
<cards type="Pocket" player="mocciolocaldo">X X</cards>
<cards type="Pocket" player="M1ky3ste92">HK DJ</cards>
<action no="3" player="M1ky3ste92" type="23" sum="40"/>
<action no="4" player="mocciolocaldo" type="23" discard="1" dealt="1" sum="450"/>
<action no="5" player="ilCapo6" type="0" discard="1" dealt="1" sum="0"/>
<action no="6" player="M1ky3ste92" type="0" sum="0"/>
</round>
</game>
<game gamecode="6541657597"><general><startdate>2025-11-26 16:16:43</startdate>
<round>1</round>
<failsafecounter/>
<players><player seat="6" name="M1ky3ste92" chips="530" dealer="0" win="150" bet="70" muck="0" rebuy="0" addon="0" merge="0" rebuychips="0" reg_code="5075736084"/>
<player seat="10" name="mocciolocaldo" chips="510" dealer="1" win="0" bet="70" muck="1" rebuy="0" addon="0" merge="0" rebuychips="0" reg_code="5075736088"/>
<player seat="3" name="ilCapo6" chips="460" dealer="0" win="0" bet="10" muck="1" rebuy="0" addon="0" merge="0" rebuychips="0" reg_code="5075735036"/>
</players>
</general>
<round no="0"><action no="1" player="ilCapo6" type="1" discard="1" dealt="1" sum="10"/>
<action no="2" player="M1ky3ste92" type="2" sum="20"/>
</round>
<round no="1"><cards type="Pocket" player="M1ky3ste92">H9 CQ</cards>
<cards type="Pocket" player="mocciolocaldo">HA HJ</cards>
<cards type="Pocket" player="ilCapo6">X X</cards>
<action no="3" player="mocciolocaldo" type="23" discard="1" dealt="1" sum="40"/>
<action no="4" player="ilCapo6" type="0" discard="1" dealt="1" sum="0"/>
<action no="5" player="M1ky3ste92" type="3" sum="20"/>
</round>
<round no="2"><cards type="Flop">C10 DJ D2</cards>
<action no="6" player="M1ky3ste92" type="4" sum="0"/>
<action no="7" player="mocciolocaldo" type="5" discard="1" dealt="1" sum="30"/>
<action no="8" player="M1ky3ste92" type="3" sum="30"/>
</round>
<round no="3"><cards type="Turn">DQ</cards>
<action no="9" player="M1ky3ste92" type="4" sum="0"/>
<action no="10" player="mocciolocaldo" type="4" discard="1" dealt="1" sum="0"/>
</round>
<round no="4"><cards type="River">D6</cards>
<action no="11" player="M1ky3ste92" type="4" sum="0"/>
<action no="12" player="mocciolocaldo" type="4" discard="1" dealt="1" sum="0"/>
</round>
</game>
<game gamecode="6541657704"><general><startdate>2025-11-26 16:17:29</startdate>
<round>1</round>
<failsafecounter/>
<players><player seat="10" name="mocciolocaldo" chips="440" dealer="0" win="0" bet="20" muck="1" rebuy="0" addon="0" merge="0" rebuychips="0" reg_code="5075736088"/>
<player seat="3" name="ilCapo6" chips="450" dealer="1" win="0" bet="40" muck="1" rebuy="0" addon="0" merge="0" rebuychips="0" reg_code="5075735036"/>
<player seat="6" name="M1ky3ste92" chips="610" dealer="0" win="100" bet="610" muck="1" rebuy="0" addon="0" merge="0" rebuychips="0" reg_code="5075736084"/>
</players>
</general>
<round no="0"><action no="1" player="M1ky3ste92" type="1" sum="10"/>
<action no="2" player="mocciolocaldo" type="2" discard="1" dealt="1" sum="20"/>
</round>
<round no="1"><cards type="Pocket" player="mocciolocaldo">X X</cards>
<cards type="Pocket" player="ilCapo6">X X</cards>
<cards type="Pocket" player="M1ky3ste92">C10 HA</cards>
<action no="3" player="ilCapo6" type="23" discard="1" dealt="1" sum="40"/>
<action no="4" player="M1ky3ste92" type="23" sum="610"/>
<action no="5" player="mocciolocaldo" type="0" discard="1" dealt="1" sum="0"/>
<action no="6" player="ilCapo6" type="0" discard="1" dealt="1" sum="0"/>
</round>
</game>
<game gamecode="6541657754"><general><startdate>2025-11-26 16:17:54</startdate>
<round>1</round>
<failsafecounter/>
<players><player seat="3" name="ilCapo6" chips="410" dealer="0" win="0" bet="35" muck="1" rebuy="0" addon="0" merge="0" rebuychips="0" reg_code="5075735036"/>
<player seat="6" name="M1ky3ste92" chips="670" dealer="1" win="90" bet="670" muck="1" rebuy="0" addon="0" merge="0" rebuychips="0" reg_code="5075736084"/>
<player seat="10" name="mocciolocaldo" chips="420" dealer="0" win="0" bet="20" muck="1" rebuy="0" addon="0" merge="0" rebuychips="0" reg_code="5075736088"/>
</players>
</general>
<round no="0"><action no="1" player="mocciolocaldo" type="15" discard="1" dealt="1" sum="5"/>
<action no="2" player="ilCapo6" type="15" discard="1" dealt="1" sum="5"/>
<action no="3" player="M1ky3ste92" type="15" sum="5"/>
<action no="4" player="mocciolocaldo" type="1" discard="1" dealt="1" sum="15"/>
<action no="5" player="ilCapo6" type="2" discard="1" dealt="1" sum="30"/>
</round>
<round no="1"><cards type="Pocket" player="mocciolocaldo">X X</cards>
<cards type="Pocket" player="M1ky3ste92">H4 SA</cards>
<cards type="Pocket" player="ilCapo6">X X</cards>
<action no="6" player="M1ky3ste92" type="23" sum="665"/>
<action no="7" player="mocciolocaldo" type="0" discard="1" dealt="1" sum="0"/>
<action no="8" player="ilCapo6" type="0" discard="1" dealt="1" sum="0"/>
</round>
</game>
<game gamecode="6541657802"><general><startdate>2025-11-26 16:18:14</startdate>
<round>1</round>
<failsafecounter/>
<players><player seat="6" name="M1ky3ste92" chips="725" dealer="0" win="0" bet="375" muck="1" rebuy="0" addon="0" merge="0" rebuychips="0" reg_code="5075736084"/>
<player seat="10" name="mocciolocaldo" chips="400" dealer="1" win="0" bet="5" muck="1" rebuy="0" addon="0" merge="0" rebuychips="0" reg_code="5075736088"/>
<player seat="3" name="ilCapo6" chips="375" dealer="0" win="755" bet="375" muck="0" rebuy="0" addon="0" merge="0" rebuychips="0" reg_code="5075735036"/>
</players>
</general>
<round no="0"><action no="1" player="ilCapo6" type="15" discard="1" dealt="1" sum="5"/>
<action no="2" player="M1ky3ste92" type="15" sum="5"/>
<action no="3" player="mocciolocaldo" type="15" discard="1" dealt="1" sum="5"/>
<action no="4" player="ilCapo6" type="1" discard="1" dealt="1" sum="15"/>
<action no="5" player="M1ky3ste92" type="2" sum="30"/>
</round>
<round no="1"><cards type="Pocket" player="M1ky3ste92">CQ CJ</cards>
<cards type="Pocket" player="mocciolocaldo">X X</cards>
<cards type="Pocket" player="ilCapo6">C3 CK</cards>
<action no="6" player="mocciolocaldo" type="0" discard="1" dealt="1" sum="0"/>
<action no="7" player="ilCapo6" type="23" discard="1" dealt="1" sum="370"/>
<action no="8" player="M1ky3ste92" type="3" sum="340"/>
</round>
<round no="2"><cards type="Flop">HK S3 SK</cards>
</round>
<round no="3"><cards type="Turn">DA</cards>
</round>
<round no="4"><cards type="River">D4</cards>
</round>
</game>
<game gamecode="6541657862"><general><startdate>2025-11-26 16:18:39</startdate>
<round>1</round>
<failsafecounter/>
<players><player seat="10" name="mocciolocaldo" chips="395" dealer="0" win="45" bet="35" muck="1" rebuy="0" addon="0" merge="0" rebuychips="0" reg_code="5075736088"/>
<player seat="3" name="ilCapo6" chips="755" dealer="1" win="0" bet="5" muck="1" rebuy="0" addon="0" merge="0" rebuychips="0" reg_code="5075735036"/>
<player seat="6" name="M1ky3ste92" chips="350" dealer="0" win="0" bet="20" muck="1" rebuy="0" addon="0" merge="0" rebuychips="0" reg_code="5075736084"/>
</players>
</general>
<round no="0"><action no="1" player="M1ky3ste92" type="15" sum="5"/>
<action no="2" player="mocciolocaldo" type="15" discard="1" dealt="1" sum="5"/>
<action no="3" player="ilCapo6" type="15" discard="1" dealt="1" sum="5"/>
<action no="4" player="M1ky3ste92" type="1" sum="15"/>
<action no="5" player="mocciolocaldo" type="2" discard="1" dealt="1" sum="30"/>
</round>
<round no="1"><cards type="Pocket" player="ilCapo6">X X</cards>
<cards type="Pocket" player="mocciolocaldo">X X</cards>
<cards type="Pocket" player="M1ky3ste92">C4 C3</cards>
<action no="6" player="ilCapo6" type="0" discard="1" dealt="1" sum="0"/>
<action no="7" player="M1ky3ste92" type="0" sum="0"/>
</round>
</game>
<game gamecode="6541657896"><general><startdate>2025-11-26 16:18:58</startdate>
<round>1</round>
<failsafecounter/>
<players><player seat="3" name="ilCapo6" chips="750" dealer="0" win="45" bet="35" muck="1" rebuy="0" addon="0" merge="0" rebuychips="0" reg_code="5075735036"/>
<player seat="6" name="M1ky3ste92" chips="330" dealer="1" win="0" bet="5" muck="1" rebuy="0" addon="0" merge="0" rebuychips="0" reg_code="5075736084"/>
<player seat="10" name="mocciolocaldo" chips="420" dealer="0" win="0" bet="20" muck="1" rebuy="0" addon="0" merge="0" rebuychips="0" reg_code="5075736088"/>
</players>
</general>
<round no="0"><action no="1" player="mocciolocaldo" type="15" discard="1" dealt="1" sum="5"/>
<action no="2" player="ilCapo6" type="15" discard="1" dealt="1" sum="5"/>
<action no="3" player="M1ky3ste92" type="15" sum="5"/>
<action no="4" player="mocciolocaldo" type="1" discard="1" dealt="1" sum="15"/>
<action no="5" player="ilCapo6" type="2" discard="1" dealt="1" sum="30"/>
</round>
<round no="1"><cards type="Pocket" player="M1ky3ste92">D9 HK</cards>
<cards type="Pocket" player="ilCapo6">X X</cards>
<cards type="Pocket" player="mocciolocaldo">X X</cards>
<action no="6" player="M1ky3ste92" type="0" sum="0"/>
<action no="7" player="mocciolocaldo" type="0" discard="1" dealt="1" sum="0"/>
</round>
</game>
<game gamecode="6541657917"><general><startdate>2025-11-26 16:19:07</startdate>
<round>1</round>
<failsafecounter/>
<players><player seat="6" name="M1ky3ste92" chips="325" dealer="0" win="0" bet="35" muck="1" rebuy="0" addon="0" merge="0" rebuychips="0" reg_code="5075736084"/>
<player seat="10" name="mocciolocaldo" chips="400" dealer="1" win="0" bet="5" muck="1" rebuy="0" addon="0" merge="0" rebuychips="0" reg_code="5075736088"/>
<player seat="3" name="ilCapo6" chips="775" dealer="0" win="75" bet="775" muck="1" rebuy="0" addon="0" merge="0" rebuychips="0" reg_code="5075735036"/>
</players>
</general>
<round no="0"><action no="1" player="ilCapo6" type="15" discard="1" dealt="1" sum="5"/>
<action no="2" player="M1ky3ste92" type="15" sum="5"/>
<action no="3" player="mocciolocaldo" type="15" discard="1" dealt="1" sum="5"/>
<action no="4" player="ilCapo6" type="1" discard="1" dealt="1" sum="15"/>
<action no="5" player="M1ky3ste92" type="2" sum="30"/>
</round>
<round no="1"><cards type="Pocket" player="ilCapo6">X X</cards>
<cards type="Pocket" player="M1ky3ste92">HJ S6</cards>
<cards type="Pocket" player="mocciolocaldo">X X</cards>
<action no="6" player="mocciolocaldo" type="0" discard="1" dealt="1" sum="0"/>
<action no="7" player="ilCapo6" type="23" discard="1" dealt="1" sum="770"/>
<action no="8" player="M1ky3ste92" type="0" sum="0"/>
</round>
</game>
<game gamecode="6541657950"><general><startdate>2025-11-26 16:19:25</startdate>
<round>1</round>
<failsafecounter/>
<players><player seat="10" name="mocciolocaldo" chips="395" dealer="0" win="0" bet="45" muck="1" rebuy="0" addon="0" merge="0" rebuychips="0" reg_code="5075736088"/>
<player seat="3" name="ilCapo6" chips="815" dealer="1" win="0" bet="5" muck="1" rebuy="0" addon="0" merge="0" rebuychips="0" reg_code="5075735036"/>
<player seat="6" name="M1ky3ste92" chips="290" dealer="0" win="95" bet="290" muck="1" rebuy="0" addon="0" merge="0" rebuychips="0" reg_code="5075736084"/>
</players>
</general>
<round no="0"><action no="1" player="M1ky3ste92" type="15" sum="5"/>
<action no="2" player="mocciolocaldo" type="15" discard="1" dealt="1" sum="5"/>
<action no="3" player="ilCapo6" type="15" discard="1" dealt="1" sum="5"/>
<action no="4" player="M1ky3ste92" type="1" sum="20"/>
<action no="5" player="mocciolocaldo" type="2" discard="1" dealt="1" sum="40"/>
</round>
<round no="1"><cards type="Pocket" player="mocciolocaldo">X X</cards>
<cards type="Pocket" player="M1ky3ste92">C3 CQ</cards>
<cards type="Pocket" player="ilCapo6">X X</cards>
<action no="6" player="ilCapo6" type="0" discard="1" dealt="1" sum="0"/>
<action no="7" player="M1ky3ste92" type="23" sum="285"/>
<action no="8" player="mocciolocaldo" type="0" discard="1" dealt="1" sum="0"/>
</round>
</game>
<game gamecode="6541657965"><general><startdate>2025-11-26 16:19:34</startdate>
<round>1</round>
<failsafecounter/>
<players><player seat="3" name="ilCapo6" chips="810" dealer="0" win="0" bet="45" muck="1" rebuy="0" addon="0" merge="0" rebuychips="0" reg_code="5075735036"/>
<player seat="6" name="M1ky3ste92" chips="340" dealer="1" win="0" bet="5" muck="1" rebuy="0" addon="0" merge="0" rebuychips="0" reg_code="5075736084"/>
<player seat="10" name="mocciolocaldo" chips="350" dealer="0" win="95" bet="45" muck="0" rebuy="0" addon="0" merge="0" rebuychips="0" reg_code="5075736088"/>
</players>
</general>
<round no="0"><action no="1" player="mocciolocaldo" type="15" discard="1" dealt="1" sum="5"/>
<action no="2" player="ilCapo6" type="15" discard="1" dealt="1" sum="5"/>
<action no="3" player="M1ky3ste92" type="15" sum="5"/>
<action no="4" player="mocciolocaldo" type="1" discard="1" dealt="1" sum="20"/>
<action no="5" player="ilCapo6" type="2" discard="1" dealt="1" sum="40"/>
</round>
<round no="1"><cards type="Pocket" player="M1ky3ste92">H8 D7</cards>
<cards type="Pocket" player="ilCapo6">C6 D4</cards>
<cards type="Pocket" player="mocciolocaldo">H6 C10</cards>
<action no="6" player="M1ky3ste92" type="0" sum="0"/>
<action no="7" player="mocciolocaldo" type="3" discard="1" dealt="1" sum="20"/>
<action no="8" player="ilCapo6" type="4" discard="1" dealt="1" sum="0"/>
</round>
<round no="2"><cards type="Flop">SA SQ CA</cards>
<action no="9" player="mocciolocaldo" type="4" discard="1" dealt="1" sum="0"/>
<action no="10" player="ilCapo6" type="4" discard="1" dealt="1" sum="0"/>
</round>
<round no="3"><cards type="Turn">D10</cards>
<action no="11" player="mocciolocaldo" type="4" discard="1" dealt="1" sum="0"/>
<action no="12" player="ilCapo6" type="4" discard="1" dealt="1" sum="0"/>
</round>
<round no="4"><cards type="River">C8</cards>
<action no="13" player="mocciolocaldo" type="4" discard="1" dealt="1" sum="0"/>
<action no="14" player="ilCapo6" type="4" discard="1" dealt="1" sum="0"/>
</round>
</game>
<game gamecode="6541658040"><general><startdate>2025-11-26 16:20:13</startdate>
<round>1</round>
<failsafecounter/>
<players><player seat="6" name="M1ky3ste92" chips="335" dealer="0" win="0" bet="45" muck="1" rebuy="0" addon="0" merge="0" rebuychips="0" reg_code="5075736084"/>
<player seat="10" name="mocciolocaldo" chips="400" dealer="1" win="845" bet="400" muck="0" rebuy="0" addon="0" merge="0" rebuychips="0" reg_code="5075736088"/>
<player seat="3" name="ilCapo6" chips="765" dealer="0" win="0" bet="765" muck="1" rebuy="0" addon="0" merge="0" rebuychips="0" reg_code="5075735036"/>
</players>
</general>
<round no="0"><action no="1" player="ilCapo6" type="15" discard="1" dealt="1" sum="5"/>
<action no="2" player="M1ky3ste92" type="15" sum="5"/>
<action no="3" player="mocciolocaldo" type="15" discard="1" dealt="1" sum="5"/>
<action no="4" player="ilCapo6" type="1" discard="1" dealt="1" sum="20"/>
<action no="5" player="M1ky3ste92" type="2" sum="40"/>
</round>
<round no="1"><cards type="Pocket" player="M1ky3ste92">S3 H4</cards>
<cards type="Pocket" player="ilCapo6">C6 D6</cards>
<cards type="Pocket" player="mocciolocaldo">S10 HJ</cards>
<action no="6" player="mocciolocaldo" type="23" discard="1" dealt="1" sum="395"/>
<action no="7" player="ilCapo6" type="23" discard="1" dealt="1" sum="760"/>
<action no="8" player="M1ky3ste92" type="0" sum="0"/>
</round>
<round no="2"><cards type="Flop">SK S2 S9</cards>
</round>
<round no="3"><cards type="Turn">H10</cards>
</round>
<round no="4"><cards type="River">HK</cards>
</round>
</game>
<game gamecode="6541658080"><general><startdate>2025-11-26 16:20:33</startdate>
<round>1</round>
<failsafecounter/>
<players><player seat="10" name="mocciolocaldo" chips="845" dealer="0" win="0" bet="45" muck="1" rebuy="0" addon="0" merge="0" rebuychips="0" reg_code="5075736088"/>
<player seat="3" name="ilCapo6" chips="365" dealer="1" win="0" bet="5" muck="1" rebuy="0" addon="0" merge="0" rebuychips="0" reg_code="5075735036"/>
<player seat="6" name="M1ky3ste92" chips="290" dealer="0" win="95" bet="290" muck="1" rebuy="0" addon="0" merge="0" rebuychips="0" reg_code="5075736084"/>
</players>
</general>
<round no="0"><action no="1" player="M1ky3ste92" type="15" sum="5"/>
<action no="2" player="mocciolocaldo" type="15" discard="1" dealt="1" sum="5"/>
<action no="3" player="ilCapo6" type="15" discard="1" dealt="1" sum="5"/>
<action no="4" player="M1ky3ste92" type="1" sum="20"/>
<action no="5" player="mocciolocaldo" type="2" discard="1" dealt="1" sum="40"/>
</round>
<round no="1"><cards type="Pocket" player="M1ky3ste92">DK H4</cards>
<cards type="Pocket" player="ilCapo6">X X</cards>
<cards type="Pocket" player="mocciolocaldo">X X</cards>
<action no="6" player="ilCapo6" type="0" discard="1" dealt="1" sum="0"/>
<action no="7" player="M1ky3ste92" type="23" sum="285"/>
<action no="8" player="mocciolocaldo" type="0" discard="1" dealt="1" sum="0"/>
</round>
</game>
<game gamecode="6541658117"><general><startdate>2025-11-26 16:20:57</startdate>
<round>1</round>
<failsafecounter/>
<players><player seat="3" name="ilCapo6" chips="360" dealer="0" win="75" bet="65" muck="1" rebuy="0" addon="0" merge="0" rebuychips="0" reg_code="5075735036"/>
<player seat="6" name="M1ky3ste92" chips="340" dealer="1" win="0" bet="5" muck="1" rebuy="0" addon="0" merge="0" rebuychips="0" reg_code="5075736084"/>
<player seat="10" name="mocciolocaldo" chips="800" dealer="0" win="0" bet="35" muck="1" rebuy="0" addon="0" merge="0" rebuychips="0" reg_code="5075736088"/>
</players>
</general>
<round no="0"><action no="1" player="mocciolocaldo" type="15" discard="1" dealt="1" sum="5"/>
<action no="2" player="ilCapo6" type="15" discard="1" dealt="1" sum="5"/>
<action no="3" player="M1ky3ste92" type="15" sum="5"/>
<action no="4" player="mocciolocaldo" type="1" discard="1" dealt="1" sum="30"/>
<action no="5" player="ilCapo6" type="2" discard="1" dealt="1" sum="60"/>
</round>
<round no="1"><cards type="Pocket" player="M1ky3ste92">D9 H5</cards>
<cards type="Pocket" player="ilCapo6">X X</cards>
<cards type="Pocket" player="mocciolocaldo">X X</cards>
<action no="6" player="M1ky3ste92" type="0" sum="0"/>
<action no="7" player="mocciolocaldo" type="0" discard="1" dealt="1" sum="0"/>
</round>
</game>
<game gamecode="6541658134"><general><startdate>2025-11-26 16:21:06</startdate>
<round>1</round>
<failsafecounter/>
<players><player seat="6" name="M1ky3ste92" chips="335" dealer="0" win="0" bet="65" muck="1" rebuy="0" addon="0" merge="0" rebuychips="0" reg_code="5075736084"/>
<player seat="10" name="mocciolocaldo" chips="765" dealer="1" win="0" bet="765" muck="0" rebuy="0" addon="0" merge="0" rebuychips="0" reg_code="5075736088"/>
<player seat="3" name="ilCapo6" chips="400" dealer="0" win="865" bet="400" muck="0" rebuy="0" addon="0" merge="0" rebuychips="0" reg_code="5075735036"/>
</players>
</general>
<round no="0"><action no="1" player="ilCapo6" type="15" discard="1" dealt="1" sum="5"/>
<action no="2" player="M1ky3ste92" type="15" sum="5"/>
<action no="3" player="mocciolocaldo" type="15" discard="1" dealt="1" sum="5"/>
<action no="4" player="ilCapo6" type="1" discard="1" dealt="1" sum="30"/>
<action no="5" player="M1ky3ste92" type="2" sum="60"/>
</round>
<round no="1"><cards type="Pocket" player="ilCapo6">SQ CK</cards>
<cards type="Pocket" player="M1ky3ste92">D4 HQ</cards>
<cards type="Pocket" player="mocciolocaldo">SK H7</cards>
<action no="6" player="mocciolocaldo" type="23" discard="1" dealt="1" sum="760"/>
<action no="7" player="ilCapo6" type="7" discard="1" dealt="1" sum="365"/>
<action no="8" player="M1ky3ste92" type="0" sum="0"/>
</round>
<round no="2"><cards type="Flop">H9 HK D7</cards>
</round>
<round no="3"><cards type="Turn">H10</cards>
</round>
<round no="4"><cards type="River">D9</cards>
</round>
</game>
<game gamecode="6541658169"><general><startdate>2025-11-26 16:21:28</startdate>
<round>1</round>
<failsafecounter/>
<players><player seat="10" name="mocciolocaldo" chips="365" dealer="0" win="0" bet="65" muck="1" rebuy="0" addon="0" merge="0" rebuychips="0" reg_code="5075736088"/>
<player seat="3" name="ilCapo6" chips="865" dealer="1" win="165" bet="865" muck="1" rebuy="0" addon="0" merge="0" rebuychips="0" reg_code="5075735036"/>
<player seat="6" name="M1ky3ste92" chips="270" dealer="0" win="0" bet="35" muck="1" rebuy="0" addon="0" merge="0" rebuychips="0" reg_code="5075736084"/>
</players>
</general>
<round no="0"><action no="1" player="M1ky3ste92" type="15" sum="5"/>
<action no="2" player="mocciolocaldo" type="15" discard="1" dealt="1" sum="5"/>
<action no="3" player="ilCapo6" type="15" discard="1" dealt="1" sum="5"/>
<action no="4" player="M1ky3ste92" type="1" sum="30"/>
<action no="5" player="mocciolocaldo" type="2" discard="1" dealt="1" sum="60"/>
</round>
<round no="1"><cards type="Pocket" player="ilCapo6">X X</cards>
<cards type="Pocket" player="M1ky3ste92">C5 H10</cards>
<cards type="Pocket" player="mocciolocaldo">X X</cards>
<action no="6" player="ilCapo6" type="23" discard="1" dealt="1" sum="860"/>
<action no="7" player="M1ky3ste92" type="0" sum="0"/>
<action no="8" player="mocciolocaldo" type="0" discard="1" dealt="1" sum="0"/>
</round>
</game>
<game gamecode="6541658187"><general><startdate>2025-11-26 16:21:39</startdate>
<round>1</round>
<failsafecounter/>
<players><player seat="3" name="ilCapo6" chips="965" dealer="0" win="0" bet="65" muck="1" rebuy="0" addon="0" merge="0" rebuychips="0" reg_code="5075735036"/>
<player seat="6" name="M1ky3ste92" chips="235" dealer="1" win="0" bet="5" muck="1" rebuy="0" addon="0" merge="0" rebuychips="0" reg_code="5075736084"/>
<player seat="10" name="mocciolocaldo" chips="300" dealer="0" win="135" bet="300" muck="1" rebuy="0" addon="0" merge="0" rebuychips="0" reg_code="5075736088"/>
</players>
</general>
<round no="0"><action no="1" player="mocciolocaldo" type="15" discard="1" dealt="1" sum="5"/>
<action no="2" player="ilCapo6" type="15" discard="1" dealt="1" sum="5"/>
<action no="3" player="M1ky3ste92" type="15" sum="5"/>
<action no="4" player="mocciolocaldo" type="1" discard="1" dealt="1" sum="30"/>
<action no="5" player="ilCapo6" type="2" discard="1" dealt="1" sum="60"/>
</round>
<round no="1"><cards type="Pocket" player="mocciolocaldo">X X</cards>
<cards type="Pocket" player="ilCapo6">X X</cards>
<cards type="Pocket" player="M1ky3ste92">S6 C7</cards>
<action no="6" player="M1ky3ste92" type="0" sum="0"/>
<action no="7" player="mocciolocaldo" type="23" discard="1" dealt="1" sum="295"/>
<action no="8" player="ilCapo6" type="0" discard="1" dealt="1" sum="0"/>
</round>
</game>
<game gamecode="6541658205"><general><startdate>2025-11-26 16:21:48</startdate>
<round>1</round>
<failsafecounter/>
<players><player seat="6" name="M1ky3ste92" chips="230" dealer="0" win="0" bet="230" muck="1" rebuy="0" addon="0" merge="0" rebuychips="0" reg_code="5075736084"/>
<player seat="10" name="mocciolocaldo" chips="370" dealer="1" win="495" bet="370" muck="0" rebuy="0" addon="0" merge="0" rebuychips="0" reg_code="5075736088"/>
<player seat="3" name="ilCapo6" chips="900" dealer="0" win="0" bet="35" muck="1" rebuy="0" addon="0" merge="0" rebuychips="0" reg_code="5075735036"/>
</players>
</general>
<round no="0"><action no="1" player="ilCapo6" type="15" discard="1" dealt="1" sum="5"/>
<action no="2" player="M1ky3ste92" type="15" sum="5"/>
<action no="3" player="mocciolocaldo" type="15" discard="1" dealt="1" sum="5"/>
<action no="4" player="ilCapo6" type="1" discard="1" dealt="1" sum="30"/>
<action no="5" player="M1ky3ste92" type="2" sum="60"/>
</round>
<round no="1"><cards type="Pocket" player="mocciolocaldo">DQ CA</cards>
<cards type="Pocket" player="M1ky3ste92">H3 D3</cards>
<cards type="Pocket" player="ilCapo6">X X</cards>
<action no="6" player="mocciolocaldo" type="23" discard="1" dealt="1" sum="365"/>
<action no="7" player="ilCapo6" type="0" discard="1" dealt="1" sum="0"/>
<action no="8" player="M1ky3ste92" type="7" sum="165"/>
</round>
<round no="2"><cards type="Flop">C9 H4 S6</cards>
</round>
<round no="3"><cards type="Turn">DA</cards>
</round>
<round no="4"><cards type="River">C8</cards>
</round>
</game>
</session>
