<?xml version="1.0" encoding="UTF-8"?>
<session sessioncode="5075998551">
<general>
<client_version>25.7.1.34</client_version>
<mode>real</mode>
<gametype>Holdem NL</gametype>
<tablename>Twister €100 SNG, 822552204</tablename>
<tournamentcode>822552203</tournamentcode>
<tournamentname>Twister €100 SNG</tournamentname>
<buyin>€0 + €7 + €93</buyin>
<totalbuyin>€100</totalbuyin>
<rewarddrawn>€200</rewarddrawn>
<tournamentcurrency>EUR</tournamentcurrency>
<currency>EUR</currency>
<nickname>M1ky3ste92</nickname>
<gamecount>20</gamecount>
<startdate>2025-11-27 17:08:52</startdate>
<place>2</place>
<win>€0</win>
<tablesize>3</tablesize>
</general>
<game gamecode="6542579348"><general><startdate>2025-11-27 17:09:07</startdate>
<round>1</round>
<failsafecounter/>
<players><player seat="6" name="Aomanuahi" chips="500" dealer="0" win="0" bet="20" muck="1" rebuy="0" addon="0" merge="0" rebuychips="0" reg_code="5075998511"/>
<player seat="10" name="M1ky3ste92" chips="500" dealer="1" win="0" bet="0" muck="1" rebuy="0" addon="0" merge="0" rebuychips="0" reg_code="5075998551"/>
<player seat="3" name="ilCapo6" chips="500" dealer="0" win="40" bet="20" muck="0" rebuy="0" addon="0" merge="0" rebuychips="0" reg_code="5075997945"/>
</players>
</general>
<round no="0"><action no="1" player="ilCapo6" type="1" discard="1" dealt="1" sum="10"/>
<action no="2" player="Aomanuahi" type="2" discard="1" dealt="1" sum="20"/>
</round>
<round no="1"><cards type="Pocket" player="Aomanuahi">C10 D5</cards>
<cards type="Pocket" player="M1ky3ste92">S4 D9</cards>
<cards type="Pocket" player="ilCapo6">SQ S8</cards>
<action no="3" player="M1ky3ste92" type="0" sum="0"/>
<action no="4" player="ilCapo6" type="3" discard="1" dealt="1" sum="10"/>
<action no="5" player="Aomanuahi" type="4" discard="1" dealt="1" sum="0"/>
</round>
<round no="2"><cards type="Flop">CA H9 DA</cards>
<action no="6" player="ilCapo6" type="4" discard="1" dealt="1" sum="0"/>
<action no="7" player="Aomanuahi" type="4" discard="1" dealt="1" sum="0"/>
</round>
<round no="3"><cards type="Turn">HK</cards>
<action no="8" player="ilCapo6" type="4" discard="1" dealt="1" sum="0"/>
<action no="9" player="Aomanuahi" type="4" discard="1" dealt="1" sum="0"/>
</round>
<round no="4"><cards type="River">D8</cards>
<action no="10" player="ilCapo6" type="4" discard="1" dealt="1" sum="0"/>
<action no="11" player="Aomanuahi" type="4" discard="1" dealt="1" sum="0"/>
</round>
</game>
<game gamecode="6542579487"><general><startdate>2025-11-27 17:09:59</startdate>
<round>1</round>
<failsafecounter/>
<players><player seat="10" name="M1ky3ste92" chips="500" dealer="0" win="0" bet="20" muck="1" rebuy="0" addon="0" merge="0" rebuychips="0" reg_code="5075998551"/>
<player seat="3" name="ilCapo6" chips="520" dealer="1" win="0" bet="520" muck="0" rebuy="0" addon="0" merge="0" rebuychips="0" reg_code="5075997945"/>
<player seat="6" name="Aomanuahi" chips="480" dealer="0" win="980" bet="480" muck="0" rebuy="0" addon="0" merge="0" rebuychips="0" reg_code="5075998511"/>
</players>
</general>
<round no="0"><action no="1" player="Aomanuahi" type="1" discard="1" dealt="1" sum="10"/>
<action no="2" player="M1ky3ste92" type="2" sum="20"/>
</round>
<round no="1"><cards type="Pocket" player="M1ky3ste92">D6 H2</cards>
<cards type="Pocket" player="ilCapo6">HJ DA</cards>
<cards type="Pocket" player="Aomanuahi">HK SK</cards>
<action no="3" player="ilCapo6" type="23" discard="1" dealt="1" sum="40"/>
<action no="4" player="Aomanuahi" type="23" discard="1" dealt="1" sum="100"/>
<action no="5" player="M1ky3ste92" type="0" sum="0"/>
<action no="6" player="ilCapo6" type="23" discard="1" dealt="1" sum="520"/>
<action no="7" player="Aomanuahi" type="7" discard="1" dealt="1" sum="380"/>
</round>
<round no="2"><cards type="Flop">HQ D9 H10</cards>
</round>
<round no="3"><cards type="Turn">S7</cards>
</round>
<round no="4"><cards type="River">CJ</cards>
</round>
</game>
<game gamecode="6542579567"><general><startdate>2025-11-27 17:10:29</startdate>
<round>1</round>
<failsafecounter/>
<players><player seat="3" name="ilCapo6" chips="40" dealer="0" win="0" bet="40" muck="0" rebuy="0" addon="0" merge="0" rebuychips="0" reg_code="5075997945"/>
<player seat="6" name="Aomanuahi" chips="980" dealer="1" win="0" bet="0" muck="1" rebuy="0" addon="0" merge="0" rebuychips="0" reg_code="5075998511"/>
<player seat="10" name="M1ky3ste92" chips="480" dealer="0" win="80" bet="40" muck="0" rebuy="0" addon="0" merge="0" rebuychips="0" reg_code="5075998551"/>
</players>
</general>
<round no="0"><action no="1" player="M1ky3ste92" type="1" sum="10"/>
<action no="2" player="ilCapo6" type="2" discard="1" dealt="1" sum="20"/>
</round>
<round no="1"><cards type="Pocket" player="Aomanuahi">X X</cards>
<cards type="Pocket" player="ilCapo6">D5 D7</cards>
<cards type="Pocket" player="M1ky3ste92">SQ C6</cards>
<action no="3" player="Aomanuahi" type="0" discard="1" dealt="1" sum="0"/>
<action no="4" player="M1ky3ste92" type="23" sum="40"/>
<action no="5" player="ilCapo6" type="7" discard="1" dealt="1" sum="20"/>
</round>
<round no="2"><cards type="Flop">S2 S10 SJ</cards>
</round>
<round no="3"><cards type="Turn">C10</cards>
</round>
<round no="4"><cards type="River">C8</cards>
</round>
</game>
<game gamecode="6542579654"><general><startdate>2025-11-27 17:11:00</startdate>
<round>1</round>
<failsafecounter/>
<players><player seat="6" name="Aomanuahi" chips="980" dealer="0" win="0" bet="35" muck="1" rebuy="0" addon="0" merge="0" rebuychips="0" reg_code="5075998511"/>
<player seat="10" name="M1ky3ste92" chips="520" dealer="1" win="70" bet="65" muck="1" rebuy="0" addon="0" merge="0" rebuychips="0" reg_code="5075998551"/>
</players>
</general>
<round no="0"><action no="1" player="M1ky3ste92" type="15" sum="5"/>
<action no="2" player="Aomanuahi" type="15" discard="1" dealt="1" sum="5"/>
<action no="3" player="M1ky3ste92" type="1" sum="15"/>
<action no="4" player="Aomanuahi" type="2" discard="1" dealt="1" sum="30"/>
</round>
<round no="1"><cards type="Pocket" player="M1ky3ste92">CJ CQ</cards>
<cards type="Pocket" player="Aomanuahi">X X</cards>
<action no="5" player="M1ky3ste92" type="3" sum="15"/>
<action no="6" player="Aomanuahi" type="4" discard="1" dealt="1" sum="0"/>
</round>
<round no="2"><cards type="Flop">D10 CK SJ</cards>
<action no="7" player="Aomanuahi" type="4" discard="1" dealt="1" sum="0"/>
<action no="8" player="M1ky3ste92" type="5" sum="30"/>
<action no="9" player="Aomanuahi" type="0" discard="1" dealt="1" sum="0"/>
</round>
</game>
<game gamecode="6542579700"><general><startdate>2025-11-27 17:11:19</startdate>
<round>1</round>
<failsafecounter/>
<players><player seat="10" name="M1ky3ste92" chips="555" dealer="0" win="70" bet="555" muck="1" rebuy="0" addon="0" merge="0" rebuychips="0" reg_code="5075998551"/>
<player seat="6" name="Aomanuahi" chips="945" dealer="1" win="0" bet="35" muck="1" rebuy="0" addon="0" merge="0" rebuychips="0" reg_code="5075998511"/>
</players>
</general>
<round no="0"><action no="1" player="Aomanuahi" type="15" discard="1" dealt="1" sum="5"/>
<action no="2" player="M1ky3ste92" type="15" sum="5"/>
<action no="3" player="Aomanuahi" type="1" discard="1" dealt="1" sum="15"/>
<action no="4" player="M1ky3ste92" type="2" sum="30"/>
</round>
<round no="1"><cards type="Pocket" player="M1ky3ste92">S2 CA</cards>
<cards type="Pocket" player="Aomanuahi">X X</cards>
<action no="5" player="Aomanuahi" type="3" discard="1" dealt="1" sum="15"/>
<action no="6" player="M1ky3ste92" type="23" sum="550"/>
<action no="7" player="Aomanuahi" type="0" discard="1" dealt="1" sum="0"/>
</round>
</game>
<game gamecode="6542579727"><general><startdate>2025-11-27 17:11:30</startdate>
<round>1</round>
<failsafecounter/>
<players><player seat="6" name="Aomanuahi" chips="910" dealer="0" win="130" bet="65" muck="0" rebuy="0" addon="0" merge="0" rebuychips="0" reg_code="5075998511"/>
<player seat="10" name="M1ky3ste92" chips="590" dealer="1" win="0" bet="65" muck="1" rebuy="0" addon="0" merge="0" rebuychips="0" reg_code="5075998551"/>
</players>
</general>
<round no="0"><action no="1" player="M1ky3ste92" type="15" sum="5"/>
<action no="2" player="Aomanuahi" type="15" discard="1" dealt="1" sum="5"/>
<action no="3" player="M1ky3ste92" type="1" sum="15"/>
<action no="4" player="Aomanuahi" type="2" discard="1" dealt="1" sum="30"/>
</round>
<round no="1"><cards type="Pocket" player="Aomanuahi">CA S3</cards>
<cards type="Pocket" player="M1ky3ste92">S9 S4</cards>
<action no="5" player="M1ky3ste92" type="3" sum="15"/>
<action no="6" player="Aomanuahi" type="4" discard="1" dealt="1" sum="0"/>
</round>
<round no="2"><cards type="Flop">SK CJ DK</cards>
<action no="7" player="Aomanuahi" type="4" discard="1" dealt="1" sum="0"/>
<action no="8" player="M1ky3ste92" type="5" sum="30"/>
<action no="9" player="Aomanuahi" type="3" discard="1" dealt="1" sum="30"/>
</round>
<round no="3"><cards type="Turn">C3</cards>
<action no="10" player="Aomanuahi" type="4" discard="1" dealt="1" sum="0"/>
<action no="11" player="M1ky3ste92" type="4" sum="0"/>
</round>
<round no="4"><cards type="River">HK</cards>
<action no="12" player="Aomanuahi" type="4" discard="1" dealt="1" sum="0"/>
<action no="13" player="M1ky3ste92" type="4" sum="0"/>
</round>
</game>
<game gamecode="6542579830"><general><startdate>2025-11-27 17:12:15</startdate>
<round>1</round>
<failsafecounter/>
<players><player seat="10" name="M1ky3ste92" chips="525" dealer="0" win="0" bet="65" muck="1" rebuy="0" addon="0" merge="0" rebuychips="0" reg_code="5075998551"/>
<player seat="6" name="Aomanuahi" chips="975" dealer="1" win="130" bet="156" muck="1" rebuy="0" addon="0" merge="0" rebuychips="0" reg_code="5075998511"/>
</players>
</general>
<round no="0"><action no="1" player="Aomanuahi" type="15" discard="1" dealt="1" sum="5"/>
<action no="2" player="M1ky3ste92" type="15" sum="5"/>
<action no="3" player="Aomanuahi" type="1" discard="1" dealt="1" sum="15"/>
<action no="4" player="M1ky3ste92" type="2" sum="30"/>
</round>
<round no="1"><cards type="Pocket" player="Aomanuahi">X X</cards>
<cards type="Pocket" player="M1ky3ste92">H7 D6</cards>
<action no="5" player="Aomanuahi" type="3" discard="1" dealt="1" sum="15"/>
<action no="6" player="M1ky3ste92" type="4" sum="0"/>
</round>
<round no="2"><cards type="Flop">D4 D3 HJ</cards>
<action no="7" player="M1ky3ste92" type="4" sum="0"/>
<action no="8" player="Aomanuahi" type="5" discard="1" dealt="1" sum="30"/>
<action no="9" player="M1ky3ste92" type="3" sum="30"/>
</round>
<round no="3"><cards type="Turn">HK</cards>
<action no="10" player="M1ky3ste92" type="4" sum="0"/>
<action no="11" player="Aomanuahi" type="5" discard="1" dealt="1" sum="91"/>
<action no="12" player="M1ky3ste92" type="0" sum="0"/>
</round>
</game>
<game gamecode="6542583340"><general><startdate>2025-11-27 17:12:49</startdate>
<round>1</round>
<failsafecounter/>
<players><player seat="6" name="Aomanuahi" chips="1,040" dealer="0" win="170" bet="125" muck="1" rebuy="0" addon="0" merge="0" rebuychips="0" reg_code="5075998511"/>
<player seat="10" name="M1ky3ste92" chips="460" dealer="1" win="0" bet="85" muck="1" rebuy="0" addon="0" merge="0" rebuychips="0" reg_code="5075998551"/>
</players>
</general>
<round no="0"><action no="1" player="M1ky3ste92" type="15" sum="5"/>
<action no="2" player="Aomanuahi" type="15" discard="1" dealt="1" sum="5"/>
<action no="3" player="M1ky3ste92" type="1" sum="20"/>
<action no="4" player="Aomanuahi" type="2" discard="1" dealt="1" sum="40"/>
</round>
<round no="1"><cards type="Pocket" player="Aomanuahi">X X</cards>
<cards type="Pocket" player="M1ky3ste92">D4 S3</cards>
<action no="5" player="M1ky3ste92" type="3" sum="20"/>
<action no="6" player="Aomanuahi" type="4" discard="1" dealt="1" sum="0"/>
</round>
<round no="2"><cards type="Flop">C6 H6 HJ</cards>
<action no="7" player="Aomanuahi" type="4" discard="1" dealt="1" sum="0"/>
<action no="8" player="M1ky3ste92" type="5" sum="40"/>
<action no="9" player="Aomanuahi" type="23" discard="1" dealt="1" sum="80"/>
<action no="10" player="M1ky3ste92" type="0" sum="0"/>
</round>
</game>
<game gamecode="6542583407"><general><startdate>2025-11-27 17:13:20</startdate>
<round>1</round>
<failsafecounter/>
<players><player seat="10" name="M1ky3ste92" chips="375" dealer="0" win="50" bet="45" muck="1" rebuy="0" addon="0" merge="0" rebuychips="0" reg_code="5075998551"/>
<player seat="6" name="Aomanuahi" chips="1,125" dealer="1" win="0" bet="25" muck="1" rebuy="0" addon="0" merge="0" rebuychips="0" reg_code="5075998511"/>
</players>
</general>
<round no="0"><action no="1" player="Aomanuahi" type="15" discard="1" dealt="1" sum="5"/>
<action no="2" player="M1ky3ste92" type="15" sum="5"/>
<action no="3" player="Aomanuahi" type="1" discard="1" dealt="1" sum="20"/>
<action no="4" player="M1ky3ste92" type="2" sum="40"/>
</round>
<round no="1"><cards type="Pocket" player="M1ky3ste92">C10 H7</cards>
<cards type="Pocket" player="Aomanuahi">X X</cards>
<action no="5" player="Aomanuahi" type="0" discard="1" dealt="1" sum="0"/>
</round>
</game>
<game gamecode="6542583420"><general><startdate>2025-11-27 17:13:27</startdate>
<round>1</round>
<failsafecounter/>
<players><player seat="6" name="Aomanuahi" chips="1,100" dealer="0" win="0" bet="45" muck="1" rebuy="0" addon="0" merge="0" rebuychips="0" reg_code="5075998511"/>
<player seat="10" name="M1ky3ste92" chips="400" dealer="1" win="90" bet="400" muck="1" rebuy="0" addon="0" merge="0" rebuychips="0" reg_code="5075998551"/>
</players>
</general>
<round no="0"><action no="1" player="M1ky3ste92" type="15" sum="5"/>
<action no="2" player="Aomanuahi" type="15" discard="1" dealt="1" sum="5"/>
<action no="3" player="M1ky3ste92" type="1" sum="20"/>
<action no="4" player="Aomanuahi" type="2" discard="1" dealt="1" sum="40"/>
</round>
<round no="1"><cards type="Pocket" player="Aomanuahi">X X</cards>
<cards type="Pocket" player="M1ky3ste92">HJ DA</cards>
<action no="5" player="M1ky3ste92" type="23" sum="395"/>
<action no="6" player="Aomanuahi" type="0" discard="1" dealt="1" sum="0"/>
</round>
</game>
<game gamecode="6542583450"><general><startdate>2025-11-27 17:13:39</startdate>
<round>1</round>
<failsafecounter/>
<players><player seat="10" name="M1ky3ste92" chips="445" dealer="0" win="170" bet="85" muck="0" rebuy="0" addon="0" merge="0" rebuychips="0" reg_code="5075998551"/>
<player seat="6" name="Aomanuahi" chips="1,055" dealer="1" win="0" bet="85" muck="1" rebuy="0" addon="0" merge="0" rebuychips="0" reg_code="5075998511"/>
</players>
</general>
<round no="0"><action no="1" player="Aomanuahi" type="15" discard="1" dealt="1" sum="5"/>
<action no="2" player="M1ky3ste92" type="15" sum="5"/>
<action no="3" player="Aomanuahi" type="1" discard="1" dealt="1" sum="20"/>
<action no="4" player="M1ky3ste92" type="2" sum="40"/>
</round>
<round no="1"><cards type="Pocket" player="M1ky3ste92">C8 C3</cards>
<cards type="Pocket" player="Aomanuahi">H2 H5</cards>
<action no="5" player="Aomanuahi" type="3" discard="1" dealt="1" sum="20"/>
<action no="6" player="M1ky3ste92" type="4" sum="0"/>
</round>
<round no="2"><cards type="Flop">C10 S9 H8</cards>
<action no="7" player="M1ky3ste92" type="4" sum="0"/>
<action no="8" player="Aomanuahi" type="4" discard="1" dealt="1" sum="0"/>
</round>
<round no="3"><cards type="Turn">D5</cards>
<action no="9" player="M1ky3ste92" type="4" sum="0"/>
<action no="10" player="Aomanuahi" type="4" discard="1" dealt="1" sum="0"/>
</round>
<round no="4"><cards type="River">S4</cards>
<action no="11" player="M1ky3ste92" type="5" sum="40"/>
<action no="12" player="Aomanuahi" type="3" discard="1" dealt="1" sum="40"/>
</round>
</game>
<game gamecode="6542583534"><general><startdate>2025-11-27 17:14:15</startdate>
<round>1</round>
<failsafecounter/>
<players><player seat="6" name="Aomanuahi" chips="970" dealer="0" win="0" bet="530" muck="1" rebuy="0" addon="0" merge="0" rebuychips="0" reg_code="5075998511"/>
<player seat="10" name="M1ky3ste92" chips="530" dealer="1" win="1,060" bet="530" muck="0" rebuy="0" addon="0" merge="0" rebuychips="0" reg_code="5075998551"/>
</players>
</general>
<round no="0"><action no="1" player="M1ky3ste92" type="15" sum="5"/>
<action no="2" player="Aomanuahi" type="15" discard="1" dealt="1" sum="5"/>
<action no="3" player="M1ky3ste92" type="1" sum="30"/>
<action no="4" player="Aomanuahi" type="2" discard="1" dealt="1" sum="60"/>
</round>
<round no="1"><cards type="Pocket" player="M1ky3ste92">H10 H2</cards>
<cards type="Pocket" player="Aomanuahi">H3 S2</cards>
<action no="5" player="M1ky3ste92" type="3" sum="30"/>
<action no="6" player="Aomanuahi" type="4" discard="1" dealt="1" sum="0"/>
</round>
<round no="2"><cards type="Flop">D2 SA S6</cards>
<action no="7" player="Aomanuahi" type="4" discard="1" dealt="1" sum="0"/>
<action no="8" player="M1ky3ste92" type="5" sum="60"/>
<action no="9" player="Aomanuahi" type="23" discard="1" dealt="1" sum="180"/>
<action no="10" player="M1ky3ste92" type="23" sum="465"/>
<action no="11" player="Aomanuahi" type="3" discard="1" dealt="1" sum="285"/>
</round>
<round no="3"><cards type="Turn">D9</cards>
</round>
<round no="4"><cards type="River">DK</cards>
</round>
</game>
<game gamecode="6542583646"><general><startdate>2025-11-27 17:15:00</startdate>
<round>1</round>
<failsafecounter/>
<players><player seat="10" name="M1ky3ste92" chips="1,060" dealer="0" win="0" bet="65" muck="1" rebuy="0" addon="0" merge="0" rebuychips="0" reg_code="5075998551"/>
<player seat="6" name="Aomanuahi" chips="440" dealer="1" win="130" bet="65" muck="0" rebuy="0" addon="0" merge="0" rebuychips="0" reg_code="5075998511"/>
</players>
</general>
<round no="0"><action no="1" player="Aomanuahi" type="15" discard="1" dealt="1" sum="5"/>
<action no="2" player="M1ky3ste92" type="15" sum="5"/>
<action no="3" player="Aomanuahi" type="1" discard="1" dealt="1" sum="30"/>
<action no="4" player="M1ky3ste92" type="2" sum="60"/>
</round>
<round no="1"><cards type="Pocket" player="Aomanuahi">C3 C10</cards>
<cards type="Pocket" player="M1ky3ste92">HQ H8</cards>
<action no="5" player="Aomanuahi" type="3" discard="1" dealt="1" sum="30"/>
<action no="6" player="M1ky3ste92" type="4" sum="0"/>
</round>
<round no="2"><cards type="Flop">D3 D7 DA</cards>
<action no="7" player="M1ky3ste92" type="4" sum="0"/>
<action no="8" player="Aomanuahi" type="4" discard="1" dealt="1" sum="0"/>
</round>
<round no="3"><cards type="Turn">S6</cards>
<action no="9" player="M1ky3ste92" type="4" sum="0"/>
<action no="10" player="Aomanuahi" type="4" discard="1" dealt="1" sum="0"/>
</round>
<round no="4"><cards type="River">C9</cards>
<action no="11" player="M1ky3ste92" type="4" sum="0"/>
<action no="12" player="Aomanuahi" type="4" discard="1" dealt="1" sum="0"/>
</round>
</game>
<game gamecode="6542583736"><general><startdate>2025-11-27 17:15:41</startdate>
<round>1</round>
<failsafecounter/>
<players><player seat="6" name="Aomanuahi" chips="505" dealer="0" win="70" bet="65" muck="1" rebuy="0" addon="0" merge="0" rebuychips="0" reg_code="5075998511"/>
<player seat="10" name="M1ky3ste92" chips="995" dealer="1" win="0" bet="35" muck="1" rebuy="0" addon="0" merge="0" rebuychips="0" reg_code="5075998551"/>
</players>
</general>
<round no="0"><action no="1" player="M1ky3ste92" type="15" sum="5"/>
<action no="2" player="Aomanuahi" type="15" discard="1" dealt="1" sum="5"/>
<action no="3" player="M1ky3ste92" type="1" sum="30"/>
<action no="4" player="Aomanuahi" type="2" discard="1" dealt="1" sum="60"/>
</round>
<round no="1"><cards type="Pocket" player="Aomanuahi">X X</cards>
<cards type="Pocket" player="M1ky3ste92">D2 HJ</cards>
<action no="5" player="M1ky3ste92" type="0" sum="0"/>
</round>
</game>
<game gamecode="6542583753"><general><startdate>2025-11-27 17:15:47</startdate>
<round>1</round>
<failsafecounter/>
<players><player seat="10" name="M1ky3ste92" chips="960" dealer="0" win="336" bet="288" muck="1" rebuy="0" addon="0" merge="0" rebuychips="0" reg_code="5075998551"/>
<player seat="6" name="Aomanuahi" chips="540" dealer="1" win="0" bet="168" muck="1" rebuy="0" addon="0" merge="0" rebuychips="0" reg_code="5075998511"/>
</players>
</general>
<round no="0"><action no="1" player="Aomanuahi" type="15" discard="1" dealt="1" sum="8"/>
<action no="2" player="M1ky3ste92" type="15" sum="8"/>
<action no="3" player="Aomanuahi" type="1" discard="1" dealt="1" sum="40"/>
<action no="4" player="M1ky3ste92" type="2" sum="80"/>
</round>
<round no="1"><cards type="Pocket" player="M1ky3ste92">C6 HQ</cards>
<cards type="Pocket" player="Aomanuahi">X X</cards>
<action no="5" player="Aomanuahi" type="3" discard="1" dealt="1" sum="40"/>
<action no="6" player="M1ky3ste92" type="4" sum="0"/>
</round>
<round no="2"><cards type="Flop">S6 H7 C3</cards>
<action no="7" player="M1ky3ste92" type="4" sum="0"/>
<action no="8" player="Aomanuahi" type="5" discard="1" dealt="1" sum="80"/>
<action no="9" player="M1ky3ste92" type="23" sum="200"/>
<action no="10" player="Aomanuahi" type="0" discard="1" dealt="1" sum="0"/>
</round>
</game>
<game gamecode="6542583829"><general><startdate>2025-11-27 17:16:18</startdate>
<round>1</round>
<failsafecounter/>
<players><player seat="6" name="Aomanuahi" chips="372" dealer="0" win="744" bet="372" muck="0" rebuy="0" addon="0" merge="0" rebuychips="0" reg_code="5075998511"/>
<player seat="10" name="M1ky3ste92" chips="1,128" dealer="1" win="0" bet="1,128" muck="1" rebuy="0" addon="0" merge="0" rebuychips="0" reg_code="5075998551"/>
</players>
</general>
<round no="0"><action no="1" player="M1ky3ste92" type="15" sum="8"/>
<action no="2" player="Aomanuahi" type="15" discard="1" dealt="1" sum="8"/>
<action no="3" player="M1ky3ste92" type="1" sum="40"/>
<action no="4" player="Aomanuahi" type="2" discard="1" dealt="1" sum="80"/>
</round>
<round no="1"><cards type="Pocket" player="M1ky3ste92">S6 DQ</cards>
<cards type="Pocket" player="Aomanuahi">HK H9</cards>
<action no="5" player="M1ky3ste92" type="23" sum="1,120"/>
<action no="6" player="Aomanuahi" type="7" discard="1" dealt="1" sum="284"/>
</round>
<round no="2"><cards type="Flop">H8 D4 S2</cards>
</round>
<round no="3"><cards type="Turn">D5</cards>
</round>
<round no="4"><cards type="River">S5</cards>
</round>
</game>
<game gamecode="6542583866"><general><startdate>2025-11-27 17:16:33</startdate>
<round>1</round>
<failsafecounter/>
<players><player seat="10" name="M1ky3ste92" chips="756" dealer="0" win="744" bet="744" muck="0" rebuy="0" addon="0" merge="0" rebuychips="0" reg_code="5075998551"/>
<player seat="6" name="Aomanuahi" chips="744" dealer="1" win="744" bet="744" muck="0" rebuy="0" addon="0" merge="0" rebuychips="0" reg_code="5075998511"/>
</players>
</general>
<round no="0"><action no="1" player="Aomanuahi" type="15" discard="1" dealt="1" sum="8"/>
<action no="2" player="M1ky3ste92" type="15" sum="8"/>
<action no="3" player="Aomanuahi" type="1" discard="1" dealt="1" sum="40"/>
<action no="4" player="M1ky3ste92" type="2" sum="80"/>
</round>
<round no="1"><cards type="Pocket" player="M1ky3ste92">C3 DA</cards>
<cards type="Pocket" player="Aomanuahi">SA H5</cards>
<action no="5" player="Aomanuahi" type="23" discard="1" dealt="1" sum="736"/>
<action no="6" player="M1ky3ste92" type="3" sum="656"/>
</round>
<round no="2"><cards type="Flop">C4 HK C10</cards>
</round>
<round no="3"><cards type="Turn">HQ</cards>
</round>
<round no="4"><cards type="River">DK</cards>
</round>
</game>
<game gamecode="6542583911"><general><startdate>2025-11-27 17:16:52</startdate>
<round>1</round>
<failsafecounter/>
<players><player seat="6" name="Aomanuahi" chips="744" dealer="0" win="1,488" bet="744" muck="0" rebuy="0" addon="0" merge="0" rebuychips="0" reg_code="5075998511"/>
<player seat="10" name="M1ky3ste92" chips="756" dealer="1" win="0" bet="756" muck="1" rebuy="0" addon="0" merge="0" rebuychips="0" reg_code="5075998551"/>
</players>
</general>
<round no="0"><action no="1" player="M1ky3ste92" type="15" sum="8"/>
<action no="2" player="Aomanuahi" type="15" discard="1" dealt="1" sum="8"/>
<action no="3" player="M1ky3ste92" type="1" sum="40"/>
<action no="4" player="Aomanuahi" type="2" discard="1" dealt="1" sum="80"/>
</round>
<round no="1"><cards type="Pocket" player="Aomanuahi">HK DK</cards>
<cards type="Pocket" player="M1ky3ste92">S3 SK</cards>
<action no="5" player="M1ky3ste92" type="23" sum="748"/>
<action no="6" player="Aomanuahi" type="7" discard="1" dealt="1" sum="656"/>
</round>
<round no="2"><cards type="Flop">H3 S2 S7</cards>
</round>
<round no="3"><cards type="Turn">DJ</cards>
</round>
<round no="4"><cards type="River">C4</cards>
</round>
</game>
<game gamecode="6542583959"><general><startdate>2025-11-27 17:17:11</startdate>
<round>1</round>
<failsafecounter/>
<players><player seat="10" name="M1ky3ste92" chips="12" dealer="0" win="24" bet="12" muck="0" rebuy="0" addon="0" merge="0" rebuychips="0" reg_code="5075998551"/>
<player seat="6" name="Aomanuahi" chips="1,488" dealer="1" win="0" bet="48" muck="1" rebuy="0" addon="0" merge="0" rebuychips="0" reg_code="5075998511"/>
</players>
</general>
<round no="0"><action no="1" player="Aomanuahi" type="15" discard="1" dealt="1" sum="8"/>
<action no="2" player="M1ky3ste92" type="15" sum="8"/>
<action no="3" player="Aomanuahi" type="1" discard="1" dealt="1" sum="40"/>
<action no="4" player="M1ky3ste92" type="2" sum="4"/>
</round>
<round no="1"><cards type="Pocket" player="Aomanuahi">D2 DQ</cards>
<cards type="Pocket" player="M1ky3ste92">C9 SQ</cards>
</round>
<round no="2"><cards type="Flop">S4 SK S7</cards>
</round>
<round no="3"><cards type="Turn">C4</cards>
</round>
<round no="4"><cards type="River">S3</cards>
</round>
</game>
<game gamecode="6542583993"><general><startdate>2025-11-27 17:17:23</startdate>
<round>1</round>
<failsafecounter/>
<players><player seat="6" name="Aomanuahi" chips="1,476" dealer="0" win="48" bet="88" muck="0" rebuy="0" addon="0" merge="0" rebuychips="0" reg_code="5075998511"/>
<player seat="10" name="M1ky3ste92" chips="24" dealer="1" win="0" bet="24" muck="1" rebuy="0" addon="0" merge="0" rebuychips="0" reg_code="5075998551"/>
</players>
</general>
<round no="0"><action no="1" player="M1ky3ste92" type="15" sum="8"/>
<action no="2" player="Aomanuahi" type="15" discard="1" dealt="1" sum="8"/>
<action no="3" player="M1ky3ste92" type="1" sum="16"/>
<action no="4" player="Aomanuahi" type="2" discard="1" dealt="1" sum="80"/>
</round>
<round no="1"><cards type="Pocket" player="Aomanuahi">D10 DK</cards>
<cards type="Pocket" player="M1ky3ste92">HA H2</cards>
</round>
<round no="2"><cards type="Flop">H4 HJ CK</cards>
</round>
<round no="3"><cards type="Turn">H10</cards>
</round>
<round no="4"><cards type="River">S10</cards>
</round>
</game>
</session>
