<?xml version="1.0" encoding="UTF-8"?>
<session sessioncode="5075727646">
<general>
<client_version>25.7.1.34</client_version>
<mode>real</mode>
<gametype>Holdem NL</gametype>
<tablename>Twister €100 SNG, 822480709</tablename>
<tournamentcode>822480706</tournamentcode>
<tournamentname>Twister €100 SNG</tournamentname>
<buyin>€0 + €7 + €93</buyin>
<totalbuyin>€100</totalbuyin>
<rewarddrawn>€200</rewarddrawn>
<tournamentcurrency>EUR</tournamentcurrency>
<currency>EUR</currency>
<nickname>M1ky3ste92</nickname>
<gamecount>19</gamecount>
<startdate>2025-11-26 15:43:30</startdate>
<place>2</place>
<win>€0</win>
<tablesize>3</tablesize>
</general>
<game gamecode="6541629816"><general><startdate>2025-11-26 15:43:45</startdate>
<round>1</round>
<failsafecounter/>
<players><player seat="6" name="mocciolocaldo" chips="500" dealer="0" win="150" bet="176" muck="1" rebuy="0" addon="0" merge="0" rebuychips="0" reg_code="5075727563"/>
<player seat="10" name="M1ky3ste92" chips="500" dealer="1" win="0" bet="0" muck="1" rebuy="0" addon="0" merge="0" rebuychips="0" reg_code="5075727646"/>
<player seat="3" name="Dominance" chips="500" dealer="0" win="0" bet="75" muck="1" rebuy="0" addon="0" merge="0" rebuychips="0" reg_code="5075727552"/>
</players>
</general>
<round no="0"><action no="1" player="Dominance" type="1" discard="1" dealt="1" sum="10"/>
<action no="2" player="mocciolocaldo" type="2" discard="1" dealt="1" sum="20"/>
</round>
<round no="1"><cards type="Pocket" player="mocciolocaldo">X X</cards>
<cards type="Pocket" player="M1ky3ste92">C6 H10</cards>
<cards type="Pocket" player="Dominance">X X</cards>
<action no="3" player="M1ky3ste92" type="0" sum="0"/>
<action no="4" player="Dominance" type="23" discard="1" dealt="1" sum="50"/>
<action no="5" player="mocciolocaldo" type="3" discard="1" dealt="1" sum="30"/>
</round>
<round no="2"><cards type="Flop">C7 S7 H6</cards>
<action no="6" player="Dominance" type="4" discard="1" dealt="1" sum="0"/>
<action no="7" player="mocciolocaldo" type="5" discard="1" dealt="1" sum="25"/>
<action no="8" player="Dominance" type="3" discard="1" dealt="1" sum="25"/>
</round>
<round no="3"><cards type="Turn">D5</cards>
<action no="9" player="Dominance" type="4" discard="1" dealt="1" sum="0"/>
<action no="10" player="mocciolocaldo" type="5" discard="1" dealt="1" sum="101"/>
<action no="11" player="Dominance" type="0" discard="1" dealt="1" sum="0"/>
</round>
</game>
<game gamecode="6541629911"><general><startdate>2025-11-26 15:44:41</startdate>
<round>1</round>
<failsafecounter/>
<players><player seat="10" name="M1ky3ste92" chips="500" dealer="0" win="0" bet="20" muck="1" rebuy="0" addon="0" merge="0" rebuychips="0" reg_code="5075727646"/>
<player seat="3" name="Dominance" chips="425" dealer="1" win="50" bet="40" muck="1" rebuy="0" addon="0" merge="0" rebuychips="0" reg_code="5075727552"/>
<player seat="6" name="mocciolocaldo" chips="575" dealer="0" win="0" bet="10" muck="1" rebuy="0" addon="0" merge="0" rebuychips="0" reg_code="5075727563"/>
</players>
</general>
<round no="0"><action no="1" player="mocciolocaldo" type="1" discard="1" dealt="1" sum="10"/>
<action no="2" player="M1ky3ste92" type="2" sum="20"/>
</round>
<round no="1"><cards type="Pocket" player="mocciolocaldo">X X</cards>
<cards type="Pocket" player="Dominance">X X</cards>
<cards type="Pocket" player="M1ky3ste92">C4 H10</cards>
<action no="3" player="Dominance" type="23" discard="1" dealt="1" sum="40"/>
<action no="4" player="mocciolocaldo" type="0" discard="1" dealt="1" sum="0"/>
<action no="5" player="M1ky3ste92" type="0" sum="0"/>
</round>
</game>
<game gamecode="6541629924"><general><startdate>2025-11-26 15:44:50</startdate>
<round>1</round>
<failsafecounter/>
<players><player seat="3" name="Dominance" chips="455" dealer="0" win="100" bet="125" muck="1" rebuy="0" addon="0" merge="0" rebuychips="0" reg_code="5075727552"/>
<player seat="6" name="mocciolocaldo" chips="565" dealer="1" win="0" bet="0" muck="1" rebuy="0" addon="0" merge="0" rebuychips="0" reg_code="5075727563"/>
<player seat="10" name="M1ky3ste92" chips="480" dealer="0" win="0" bet="50" muck="1" rebuy="0" addon="0" merge="0" rebuychips="0" reg_code="5075727646"/>
</players>
</general>
<round no="0"><action no="1" player="M1ky3ste92" type="1" sum="10"/>
<action no="2" player="Dominance" type="2" discard="1" dealt="1" sum="20"/>
</round>
<round no="1"><cards type="Pocket" player="M1ky3ste92">C8 C9</cards>
<cards type="Pocket" player="mocciolocaldo">X X</cards>
<cards type="Pocket" player="Dominance">X X</cards>
<action no="3" player="mocciolocaldo" type="0" discard="1" dealt="1" sum="0"/>
<action no="4" player="M1ky3ste92" type="23" sum="50"/>
<action no="5" player="Dominance" type="3" discard="1" dealt="1" sum="30"/>
</round>
<round no="2"><cards type="Flop">H10 D3 H4</cards>
<action no="6" player="M1ky3ste92" type="4" sum="0"/>
<action no="7" player="Dominance" type="5" discard="1" dealt="1" sum="75"/>
<action no="8" player="M1ky3ste92" type="0" sum="0"/>
</round>
</game>
<game gamecode="6541629986"><general><startdate>2025-11-26 15:45:27</startdate>
<round>1</round>
<failsafecounter/>
<players><player seat="6" name="mocciolocaldo" chips="565" dealer="0" win="0" bet="35" muck="1" rebuy="0" addon="0" merge="0" rebuychips="0" reg_code="5075727563"/>
<player seat="10" name="M1ky3ste92" chips="430" dealer="1" win="0" bet="5" muck="1" rebuy="0" addon="0" merge="0" rebuychips="0" reg_code="5075727646"/>
<player seat="3" name="Dominance" chips="505" dealer="0" win="75" bet="505" muck="1" rebuy="0" addon="0" merge="0" rebuychips="0" reg_code="5075727552"/>
</players>
</general>
<round no="0"><action no="1" player="Dominance" type="15" discard="1" dealt="1" sum="5"/>
<action no="2" player="mocciolocaldo" type="15" discard="1" dealt="1" sum="5"/>
<action no="3" player="M1ky3ste92" type="15" sum="5"/>
<action no="4" player="Dominance" type="1" discard="1" dealt="1" sum="15"/>
<action no="5" player="mocciolocaldo" type="2" discard="1" dealt="1" sum="30"/>
</round>
<round no="1"><cards type="Pocket" player="mocciolocaldo">X X</cards>
<cards type="Pocket" player="M1ky3ste92">HK C2</cards>
<cards type="Pocket" player="Dominance">X X</cards>
<action no="6" player="M1ky3ste92" type="0" sum="0"/>
<action no="7" player="Dominance" type="23" discard="1" dealt="1" sum="500"/>
<action no="8" player="mocciolocaldo" type="0" discard="1" dealt="1" sum="0"/>
</round>
</game>
<game gamecode="6541630004"><general><startdate>2025-11-26 15:45:37</startdate>
<round>1</round>
<failsafecounter/>
<players><player seat="10" name="M1ky3ste92" chips="425" dealer="0" win="0" bet="176" muck="1" rebuy="0" addon="0" merge="0" rebuychips="0" reg_code="5075727646"/>
<player seat="3" name="Dominance" chips="545" dealer="1" win="0" bet="5" muck="1" rebuy="0" addon="0" merge="0" rebuychips="0" reg_code="5075727552"/>
<player seat="6" name="mocciolocaldo" chips="530" dealer="0" win="357" bet="530" muck="1" rebuy="0" addon="0" merge="0" rebuychips="0" reg_code="5075727563"/>
</players>
</general>
<round no="0"><action no="1" player="mocciolocaldo" type="15" discard="1" dealt="1" sum="5"/>
<action no="2" player="M1ky3ste92" type="15" sum="5"/>
<action no="3" player="Dominance" type="15" discard="1" dealt="1" sum="5"/>
<action no="4" player="mocciolocaldo" type="1" discard="1" dealt="1" sum="15"/>
<action no="5" player="M1ky3ste92" type="2" sum="30"/>
</round>
<round no="1"><cards type="Pocket" player="Dominance">X X</cards>
<cards type="Pocket" player="M1ky3ste92">S9 D6</cards>
<cards type="Pocket" player="mocciolocaldo">X X</cards>
<action no="6" player="Dominance" type="0" discard="1" dealt="1" sum="0"/>
<action no="7" player="mocciolocaldo" type="3" discard="1" dealt="1" sum="15"/>
<action no="8" player="M1ky3ste92" type="4" sum="0"/>
</round>
<round no="2"><cards type="Flop">HJ CK H9</cards>
<action no="9" player="mocciolocaldo" type="5" discard="1" dealt="1" sum="30"/>
<action no="10" player="M1ky3ste92" type="3" sum="30"/>
</round>
<round no="3"><cards type="Turn">D8</cards>
<action no="11" player="mocciolocaldo" type="5" discard="1" dealt="1" sum="111"/>
<action no="12" player="M1ky3ste92" type="3" sum="111"/>
</round>
<round no="4"><cards type="River">H4</cards>
<action no="13" player="mocciolocaldo" type="5" discard="1" dealt="1" sum="354"/>
<action no="14" player="M1ky3ste92" type="0" sum="0"/>
</round>
</game>
<game gamecode="6541635274"><general><startdate>2025-11-26 15:46:32</startdate>
<round>1</round>
<failsafecounter/>
<players><player seat="3" name="Dominance" chips="540" dealer="0" win="0" bet="249" muck="1" rebuy="0" addon="0" merge="0" rebuychips="0" reg_code="5075727552"/>
<player seat="6" name="mocciolocaldo" chips="711" dealer="1" win="0" bet="5" muck="1" rebuy="0" addon="0" merge="0" rebuychips="0" reg_code="5075727563"/>
<player seat="10" name="M1ky3ste92" chips="249" dealer="0" win="503" bet="249" muck="0" rebuy="0" addon="0" merge="0" rebuychips="0" reg_code="5075727646"/>
</players>
</general>
<round no="0"><action no="1" player="M1ky3ste92" type="15" sum="5"/>
<action no="2" player="Dominance" type="15" discard="1" dealt="1" sum="5"/>
<action no="3" player="mocciolocaldo" type="15" discard="1" dealt="1" sum="5"/>
<action no="4" player="M1ky3ste92" type="1" sum="15"/>
<action no="5" player="Dominance" type="2" discard="1" dealt="1" sum="30"/>
</round>
<round no="1"><cards type="Pocket" player="M1ky3ste92">HJ S8</cards>
<cards type="Pocket" player="mocciolocaldo">X X</cards>
<cards type="Pocket" player="Dominance">SA S7</cards>
<action no="6" player="mocciolocaldo" type="0" discard="1" dealt="1" sum="0"/>
<action no="7" player="M1ky3ste92" type="23" sum="244"/>
<action no="8" player="Dominance" type="3" discard="1" dealt="1" sum="214"/>
</round>
<round no="2"><cards type="Flop">S3 S10 C3</cards>
</round>
<round no="3"><cards type="Turn">H3</cards>
</round>
<round no="4"><cards type="River">H8</cards>
</round>
</game>
<game gamecode="6541635316"><general><startdate>2025-11-26 15:46:52</startdate>
<round>1</round>
<failsafecounter/>
<players><player seat="6" name="mocciolocaldo" chips="706" dealer="0" win="0" bet="35" muck="1" rebuy="0" addon="0" merge="0" rebuychips="0" reg_code="5075727563"/>
<player seat="10" name="M1ky3ste92" chips="503" dealer="1" win="90" bet="503" muck="1" rebuy="0" addon="0" merge="0" rebuychips="0" reg_code="5075727646"/>
<player seat="3" name="Dominance" chips="291" dealer="0" win="0" bet="20" muck="1" rebuy="0" addon="0" merge="0" rebuychips="0" reg_code="5075727552"/>
</players>
</general>
<round no="0"><action no="1" player="Dominance" type="15" discard="1" dealt="1" sum="5"/>
<action no="2" player="mocciolocaldo" type="15" discard="1" dealt="1" sum="5"/>
<action no="3" player="M1ky3ste92" type="15" sum="5"/>
<action no="4" player="Dominance" type="1" discard="1" dealt="1" sum="15"/>
<action no="5" player="mocciolocaldo" type="2" discard="1" dealt="1" sum="30"/>
</round>
<round no="1"><cards type="Pocket" player="mocciolocaldo">X X</cards>
<cards type="Pocket" player="Dominance">X X</cards>
<cards type="Pocket" player="M1ky3ste92">S2 C2</cards>
<action no="6" player="M1ky3ste92" type="23" sum="498"/>
<action no="7" player="Dominance" type="0" discard="1" dealt="1" sum="0"/>
<action no="8" player="mocciolocaldo" type="0" discard="1" dealt="1" sum="0"/>
</round>
</game>
<game gamecode="6541635346"><general><startdate>2025-11-26 15:47:03</startdate>
<round>1</round>
<failsafecounter/>
<players><player seat="10" name="M1ky3ste92" chips="558" dealer="0" win="0" bet="35" muck="1" rebuy="0" addon="0" merge="0" rebuychips="0" reg_code="5075727646"/>
<player seat="3" name="Dominance" chips="271" dealer="1" win="0" bet="5" muck="1" rebuy="0" addon="0" merge="0" rebuychips="0" reg_code="5075727552"/>
<player seat="6" name="mocciolocaldo" chips="671" dealer="0" win="75" bet="65" muck="1" rebuy="0" addon="0" merge="0" rebuychips="0" reg_code="5075727563"/>
</players>
</general>
<round no="0"><action no="1" player="mocciolocaldo" type="15" discard="1" dealt="1" sum="5"/>
<action no="2" player="M1ky3ste92" type="15" sum="5"/>
<action no="3" player="Dominance" type="15" discard="1" dealt="1" sum="5"/>
<action no="4" player="mocciolocaldo" type="1" discard="1" dealt="1" sum="15"/>
<action no="5" player="M1ky3ste92" type="2" sum="30"/>
</round>
<round no="1"><cards type="Pocket" player="Dominance">X X</cards>
<cards type="Pocket" player="M1ky3ste92">C6 CQ</cards>
<cards type="Pocket" player="mocciolocaldo">X X</cards>
<action no="6" player="Dominance" type="0" discard="1" dealt="1" sum="0"/>
<action no="7" player="mocciolocaldo" type="3" discard="1" dealt="1" sum="15"/>
<action no="8" player="M1ky3ste92" type="4" sum="0"/>
</round>
<round no="2"><cards type="Flop">S8 HK DK</cards>
<action no="9" player="mocciolocaldo" type="5" discard="1" dealt="1" sum="30"/>
<action no="10" player="M1ky3ste92" type="0" sum="0"/>
</round>
</game>
<game gamecode="6541635404"><general><startdate>2025-11-26 15:47:32</startdate>
<round>1</round>
<failsafecounter/>
<players><player seat="3" name="Dominance" chips="266" dealer="0" win="0" bet="45" muck="1" rebuy="0" addon="0" merge="0" rebuychips="0" reg_code="5075727552"/>
<player seat="6" name="mocciolocaldo" chips="711" dealer="1" win="115" bet="711" muck="1" rebuy="0" addon="0" merge="0" rebuychips="0" reg_code="5075727563"/>
<player seat="10" name="M1ky3ste92" chips="523" dealer="0" win="0" bet="25" muck="1" rebuy="0" addon="0" merge="0" rebuychips="0" reg_code="5075727646"/>
</players>
</general>
<round no="0"><action no="1" player="M1ky3ste92" type="15" sum="5"/>
<action no="2" player="Dominance" type="15" discard="1" dealt="1" sum="5"/>
<action no="3" player="mocciolocaldo" type="15" discard="1" dealt="1" sum="5"/>
<action no="4" player="M1ky3ste92" type="1" sum="20"/>
<action no="5" player="Dominance" type="2" discard="1" dealt="1" sum="40"/>
</round>
<round no="1"><cards type="Pocket" player="Dominance">X X</cards>
<cards type="Pocket" player="M1ky3ste92">C7 H8</cards>
<cards type="Pocket" player="mocciolocaldo">X X</cards>
<action no="6" player="mocciolocaldo" type="23" discard="1" dealt="1" sum="706"/>
<action no="7" player="M1ky3ste92" type="0" sum="0"/>
<action no="8" player="Dominance" type="0" discard="1" dealt="1" sum="0"/>
</round>
</game>
<game gamecode="6541635424"><general><startdate>2025-11-26 15:47:42</startdate>
<round>1</round>
<failsafecounter/>
<players><player seat="6" name="mocciolocaldo" chips="781" dealer="0" win="447" bet="221" muck="0" rebuy="0" addon="0" merge="0" rebuychips="0" reg_code="5075727563"/>
<player seat="10" name="M1ky3ste92" chips="498" dealer="1" win="0" bet="5" muck="1" rebuy="0" addon="0" merge="0" rebuychips="0" reg_code="5075727646"/>
<player seat="3" name="Dominance" chips="221" dealer="0" win="0" bet="221" muck="0" rebuy="0" addon="0" merge="0" rebuychips="0" reg_code="5075727552"/>
</players>
</general>
<round no="0"><action no="1" player="Dominance" type="15" discard="1" dealt="1" sum="5"/>
<action no="2" player="mocciolocaldo" type="15" discard="1" dealt="1" sum="5"/>
<action no="3" player="M1ky3ste92" type="15" sum="5"/>
<action no="4" player="Dominance" type="1" discard="1" dealt="1" sum="20"/>
<action no="5" player="mocciolocaldo" type="2" discard="1" dealt="1" sum="40"/>
</round>
<round no="1"><cards type="Pocket" player="Dominance">DK S5</cards>
<cards type="Pocket" player="mocciolocaldo">H7 HA</cards>
<cards type="Pocket" player="M1ky3ste92">C7 HK</cards>
<action no="6" player="M1ky3ste92" type="0" sum="0"/>
<action no="7" player="Dominance" type="23" discard="1" dealt="1" sum="216"/>
<action no="8" player="mocciolocaldo" type="3" discard="1" dealt="1" sum="176"/>
</round>
<round no="2"><cards type="Flop">CA S4 C9</cards>
</round>
<round no="3"><cards type="Turn">H4</cards>
</round>
<round no="4"><cards type="River">S6</cards>
</round>
</game>
<game gamecode="6541635458"><general><startdate>2025-11-26 15:48:01</startdate>
<round>1</round>
<failsafecounter/>
<players><player seat="10" name="M1ky3ste92" chips="493" dealer="0" win="90" bet="45" muck="0" rebuy="0" addon="0" merge="0" rebuychips="0" reg_code="5075727646"/>
<player seat="6" name="mocciolocaldo" chips="1,007" dealer="1" win="0" bet="45" muck="1" rebuy="0" addon="0" merge="0" rebuychips="0" reg_code="5075727563"/>
</players>
</general>
<round no="0"><action no="1" player="mocciolocaldo" type="15" discard="1" dealt="1" sum="5"/>
<action no="2" player="M1ky3ste92" type="15" sum="5"/>
<action no="3" player="mocciolocaldo" type="1" discard="1" dealt="1" sum="20"/>
<action no="4" player="M1ky3ste92" type="2" sum="40"/>
</round>
<round no="1"><cards type="Pocket" player="mocciolocaldo">D10 S4</cards>
<cards type="Pocket" player="M1ky3ste92">S5 CJ</cards>
<action no="5" player="mocciolocaldo" type="3" discard="1" dealt="1" sum="20"/>
<action no="6" player="M1ky3ste92" type="4" sum="0"/>
</round>
<round no="2"><cards type="Flop">D5 C4 C6</cards>
<action no="7" player="M1ky3ste92" type="4" sum="0"/>
<action no="8" player="mocciolocaldo" type="4" discard="1" dealt="1" sum="0"/>
</round>
<round no="3"><cards type="Turn">C7</cards>
<action no="9" player="M1ky3ste92" type="4" sum="0"/>
<action no="10" player="mocciolocaldo" type="4" discard="1" dealt="1" sum="0"/>
</round>
<round no="4"><cards type="River">H2</cards>
<action no="11" player="M1ky3ste92" type="4" sum="0"/>
<action no="12" player="mocciolocaldo" type="4" discard="1" dealt="1" sum="0"/>
</round>
</game>
<game gamecode="6541635547"><general><startdate>2025-11-26 15:48:38</startdate>
<round>1</round>
<failsafecounter/>
<players><player seat="6" name="mocciolocaldo" chips="962" dealer="0" win="90" bet="962" muck="1" rebuy="0" addon="0" merge="0" rebuychips="0" reg_code="5075727563"/>
<player seat="10" name="M1ky3ste92" chips="538" dealer="1" win="0" bet="45" muck="1" rebuy="0" addon="0" merge="0" rebuychips="0" reg_code="5075727646"/>
</players>
</general>
<round no="0"><action no="1" player="M1ky3ste92" type="15" sum="5"/>
<action no="2" player="mocciolocaldo" type="15" discard="1" dealt="1" sum="5"/>
<action no="3" player="M1ky3ste92" type="1" sum="20"/>
<action no="4" player="mocciolocaldo" type="2" discard="1" dealt="1" sum="40"/>
</round>
<round no="1"><cards type="Pocket" player="mocciolocaldo">X X</cards>
<cards type="Pocket" player="M1ky3ste92">H4 CQ</cards>
<action no="5" player="M1ky3ste92" type="3" sum="20"/>
<action no="6" player="mocciolocaldo" type="23" discard="1" dealt="1" sum="957"/>
<action no="7" player="M1ky3ste92" type="0" sum="0"/>
</round>
</game>
<game gamecode="6541635575"><general><startdate>2025-11-26 15:48:50</startdate>
<round>1</round>
<failsafecounter/>
<players><player seat="10" name="M1ky3ste92" chips="493" dealer="0" win="0" bet="65" muck="1" rebuy="0" addon="0" merge="0" rebuychips="0" reg_code="5075727646"/>
<player seat="6" name="mocciolocaldo" chips="1,007" dealer="1" win="130" bet="125" muck="1" rebuy="0" addon="0" merge="0" rebuychips="0" reg_code="5075727563"/>
</players>
</general>
<round no="0"><action no="1" player="mocciolocaldo" type="15" discard="1" dealt="1" sum="5"/>
<action no="2" player="M1ky3ste92" type="15" sum="5"/>
<action no="3" player="mocciolocaldo" type="1" discard="1" dealt="1" sum="30"/>
<action no="4" player="M1ky3ste92" type="2" sum="60"/>
</round>
<round no="1"><cards type="Pocket" player="M1ky3ste92">C8 C5</cards>
<cards type="Pocket" player="mocciolocaldo">X X</cards>
<action no="5" player="mocciolocaldo" type="3" discard="1" dealt="1" sum="30"/>
<action no="6" player="M1ky3ste92" type="4" sum="0"/>
</round>
<round no="2"><cards type="Flop">H7 D7 HK</cards>
<action no="7" player="M1ky3ste92" type="4" sum="0"/>
<action no="8" player="mocciolocaldo" type="5" discard="1" dealt="1" sum="60"/>
<action no="9" player="M1ky3ste92" type="0" sum="0"/>
</round>
</game>
<game gamecode="6541635632"><general><startdate>2025-11-26 15:49:11</startdate>
<round>1</round>
<failsafecounter/>
<players><player seat="6" name="mocciolocaldo" chips="1,072" dealer="0" win="0" bet="65" muck="1" rebuy="0" addon="0" merge="0" rebuychips="0" reg_code="5075727563"/>
<player seat="10" name="M1ky3ste92" chips="428" dealer="1" win="130" bet="428" muck="1" rebuy="0" addon="0" merge="0" rebuychips="0" reg_code="5075727646"/>
</players>
</general>
<round no="0"><action no="1" player="M1ky3ste92" type="15" sum="5"/>
<action no="2" player="mocciolocaldo" type="15" discard="1" dealt="1" sum="5"/>
<action no="3" player="M1ky3ste92" type="1" sum="30"/>
<action no="4" player="mocciolocaldo" type="2" discard="1" dealt="1" sum="60"/>
</round>
<round no="1"><cards type="Pocket" player="mocciolocaldo">X X</cards>
<cards type="Pocket" player="M1ky3ste92">DQ C9</cards>
<action no="5" player="M1ky3ste92" type="23" sum="423"/>
<action no="6" player="mocciolocaldo" type="0" discard="1" dealt="1" sum="0"/>
</round>
</game>
<game gamecode="6541635643"><general><startdate>2025-11-26 15:49:20</startdate>
<round>1</round>
<failsafecounter/>
<players><player seat="10" name="M1ky3ste92" chips="493" dealer="0" win="130" bet="155" muck="1" rebuy="0" addon="0" merge="0" rebuychips="0" reg_code="5075727646"/>
<player seat="6" name="mocciolocaldo" chips="1,007" dealer="1" win="0" bet="65" muck="1" rebuy="0" addon="0" merge="0" rebuychips="0" reg_code="5075727563"/>
</players>
</general>
<round no="0"><action no="1" player="mocciolocaldo" type="15" discard="1" dealt="1" sum="5"/>
<action no="2" player="M1ky3ste92" type="15" sum="5"/>
<action no="3" player="mocciolocaldo" type="1" discard="1" dealt="1" sum="30"/>
<action no="4" player="M1ky3ste92" type="2" sum="60"/>
</round>
<round no="1"><cards type="Pocket" player="mocciolocaldo">X X</cards>
<cards type="Pocket" player="M1ky3ste92">HQ HJ</cards>
<action no="5" player="mocciolocaldo" type="3" discard="1" dealt="1" sum="30"/>
<action no="6" player="M1ky3ste92" type="23" sum="150"/>
<action no="7" player="mocciolocaldo" type="0" discard="1" dealt="1" sum="0"/>
</round>
</game>
<game gamecode="6541635677"><general><startdate>2025-11-26 15:49:36</startdate>
<round>1</round>
<failsafecounter/>
<players><player seat="6" name="mocciolocaldo" chips="942" dealer="0" win="0" bet="125" muck="1" rebuy="0" addon="0" merge="0" rebuychips="0" reg_code="5075727563"/>
<player seat="10" name="M1ky3ste92" chips="558" dealer="1" win="250" bet="125" muck="0" rebuy="0" addon="0" merge="0" rebuychips="0" reg_code="5075727646"/>
</players>
</general>
<round no="0"><action no="1" player="M1ky3ste92" type="15" sum="5"/>
<action no="2" player="mocciolocaldo" type="15" discard="1" dealt="1" sum="5"/>
<action no="3" player="M1ky3ste92" type="1" sum="30"/>
<action no="4" player="mocciolocaldo" type="2" discard="1" dealt="1" sum="60"/>
</round>
<round no="1"><cards type="Pocket" player="M1ky3ste92">S5 C8</cards>
<cards type="Pocket" player="mocciolocaldo">H4 C7</cards>
<action no="5" player="M1ky3ste92" type="3" sum="30"/>
<action no="6" player="mocciolocaldo" type="4" discard="1" dealt="1" sum="0"/>
</round>
<round no="2"><cards type="Flop">H5 SA SQ</cards>
<action no="7" player="mocciolocaldo" type="4" discard="1" dealt="1" sum="0"/>
<action no="8" player="M1ky3ste92" type="4" sum="0"/>
</round>
<round no="3"><cards type="Turn">C3</cards>
<action no="9" player="mocciolocaldo" type="5" discard="1" dealt="1" sum="60"/>
<action no="10" player="M1ky3ste92" type="3" sum="60"/>
</round>
<round no="4"><cards type="River">H10</cards>
<action no="11" player="mocciolocaldo" type="4" discard="1" dealt="1" sum="0"/>
<action no="12" player="M1ky3ste92" type="4" sum="0"/>
</round>
</game>
<game gamecode="6541635771"><general><startdate>2025-11-26 15:50:21</startdate>
<round>1</round>
<failsafecounter/>
<players><player seat="10" name="M1ky3ste92" chips="683" dealer="0" win="0" bet="65" muck="1" rebuy="0" addon="0" merge="0" rebuychips="0" reg_code="5075727646"/>
<player seat="6" name="mocciolocaldo" chips="817" dealer="1" win="130" bet="65" muck="0" rebuy="0" addon="0" merge="0" rebuychips="0" reg_code="5075727563"/>
</players>
</general>
<round no="0"><action no="1" player="mocciolocaldo" type="15" discard="1" dealt="1" sum="5"/>
<action no="2" player="M1ky3ste92" type="15" sum="5"/>
<action no="3" player="mocciolocaldo" type="1" discard="1" dealt="1" sum="30"/>
<action no="4" player="M1ky3ste92" type="2" sum="60"/>
</round>
<round no="1"><cards type="Pocket" player="mocciolocaldo">DQ D9</cards>
<cards type="Pocket" player="M1ky3ste92">D5 CQ</cards>
<action no="5" player="mocciolocaldo" type="3" discard="1" dealt="1" sum="30"/>
<action no="6" player="M1ky3ste92" type="4" sum="0"/>
</round>
<round no="2"><cards type="Flop">SK S9 S5</cards>
<action no="7" player="M1ky3ste92" type="4" sum="0"/>
<action no="8" player="mocciolocaldo" type="4" discard="1" dealt="1" sum="0"/>
</round>
<round no="3"><cards type="Turn">S3</cards>
<action no="9" player="M1ky3ste92" type="4" sum="0"/>
<action no="10" player="mocciolocaldo" type="4" discard="1" dealt="1" sum="0"/>
</round>
<round no="4"><cards type="River">CA</cards>
<action no="11" player="M1ky3ste92" type="4" sum="0"/>
<action no="12" player="mocciolocaldo" type="4" discard="1" dealt="1" sum="0"/>
</round>
</game>
<game gamecode="6541635859"><general><startdate>2025-11-26 15:50:57</startdate>
<round>1</round>
<failsafecounter/>
<players><player seat="6" name="mocciolocaldo" chips="882" dealer="0" win="0" bet="88" muck="1" rebuy="0" addon="0" merge="0" rebuychips="0" reg_code="5075727563"/>
<player seat="10" name="M1ky3ste92" chips="618" dealer="1" win="176" bet="168" muck="1" rebuy="0" addon="0" merge="0" rebuychips="0" reg_code="5075727646"/>
</players>
</general>
<round no="0"><action no="1" player="M1ky3ste92" type="15" sum="8"/>
<action no="2" player="mocciolocaldo" type="15" discard="1" dealt="1" sum="8"/>
<action no="3" player="M1ky3ste92" type="1" sum="40"/>
<action no="4" player="mocciolocaldo" type="2" discard="1" dealt="1" sum="80"/>
</round>
<round no="1"><cards type="Pocket" player="mocciolocaldo">X X</cards>
<cards type="Pocket" player="M1ky3ste92">H8 H10</cards>
<action no="5" player="M1ky3ste92" type="3" sum="40"/>
<action no="6" player="mocciolocaldo" type="4" discard="1" dealt="1" sum="0"/>
</round>
<round no="2"><cards type="Flop">CQ H3 S10</cards>
<action no="7" player="mocciolocaldo" type="4" discard="1" dealt="1" sum="0"/>
<action no="8" player="M1ky3ste92" type="5" sum="80"/>
<action no="9" player="mocciolocaldo" type="0" discard="1" dealt="1" sum="0"/>
</round>
</game>
<game gamecode="6541635935"><general><startdate>2025-11-26 15:51:32</startdate>
<round>1</round>
<failsafecounter/>
<players><player seat="10" name="M1ky3ste92" chips="706" dealer="0" win="0" bet="706" muck="0" rebuy="0" addon="0" merge="0" rebuychips="0" reg_code="5075727646"/>
<player seat="6" name="mocciolocaldo" chips="794" dealer="1" win="1,412" bet="794" muck="0" rebuy="0" addon="0" merge="0" rebuychips="0" reg_code="5075727563"/>
</players>
</general>
<round no="0"><action no="1" player="mocciolocaldo" type="15" discard="1" dealt="1" sum="8"/>
<action no="2" player="M1ky3ste92" type="15" sum="8"/>
<action no="3" player="mocciolocaldo" type="1" discard="1" dealt="1" sum="40"/>
<action no="4" player="M1ky3ste92" type="2" sum="80"/>
</round>
<round no="1"><cards type="Pocket" player="M1ky3ste92">S5 HA</cards>
<cards type="Pocket" player="mocciolocaldo">CK DJ</cards>
<action no="5" player="mocciolocaldo" type="23" discard="1" dealt="1" sum="786"/>
<action no="6" player="M1ky3ste92" type="7" sum="618"/>
</round>
<round no="2"><cards type="Flop">H6 S9 DK</cards>
</round>
<round no="3"><cards type="Turn">C10</cards>
</round>
<round no="4"><cards type="River">C8</cards>
</round>
</game>
</session>
