<?xml version="1.0" encoding="UTF-8"?>
<session sessioncode="5075928491">
<general>
<client_version>25.7.1.34</client_version>
<mode>real</mode>
<gametype>Holdem NL</gametype>
<tablename>Twister €100 SNG, 822534404</tablename>
<tournamentcode>822534403</tournamentcode>
<tournamentname>Twister €100 SNG</tournamentname>
<buyin>€0 + €7 + €93</buyin>
<totalbuyin>€100</totalbuyin>
<rewarddrawn>€300</rewarddrawn>
<tournamentcurrency>EUR</tournamentcurrency>
<currency>EUR</currency>
<nickname>M1ky3ste92</nickname>
<gamecount>16</gamecount>
<startdate>2025-11-27 11:09:04</startdate>
<place>3</place>
<win>€0</win>
<tablesize>3</tablesize>
</general>
<game gamecode="6542349380"><general><startdate>2025-11-27 11:09:20</startdate>
<round>1</round>
<failsafecounter/>
<players><player seat="10" name="deIduKA" chips="500" dealer="0" win="392" bet="500" muck="1" rebuy="0" addon="0" merge="0" rebuychips="0" reg_code="5075928546"/>
<player seat="3" name="OFiorbe" chips="500" dealer="1" win="0" bet="191" muck="1" rebuy="0" addon="0" merge="0" rebuychips="0" reg_code="5075928480"/>
<player seat="6" name="M1ky3ste92" chips="500" dealer="0" win="0" bet="10" muck="1" rebuy="0" addon="0" merge="0" rebuychips="0" reg_code="5075928491"/>
</players>
</general>
<round no="0"><action no="1" player="M1ky3ste92" type="1" sum="10"/>
<action no="2" player="deIduKA" type="2" discard="1" dealt="1" sum="20"/>
</round>
<round no="1"><cards type="Pocket" player="M1ky3ste92">C7 H5</cards>
<cards type="Pocket" player="deIduKA">X X</cards>
<cards type="Pocket" player="OFiorbe">X X</cards>
<action no="3" player="OFiorbe" type="23" discard="1" dealt="1" sum="40"/>
<action no="4" player="M1ky3ste92" type="0" sum="0"/>
<action no="5" player="deIduKA" type="3" discard="1" dealt="1" sum="20"/>
</round>
<round no="2"><cards type="Flop">SJ C8 S5</cards>
<action no="6" player="deIduKA" type="4" discard="1" dealt="1" sum="0"/>
<action no="7" player="OFiorbe" type="5" discard="1" dealt="1" sum="31"/>
<action no="8" player="deIduKA" type="23" discard="1" dealt="1" sum="91"/>
<action no="9" player="OFiorbe" type="23" discard="1" dealt="1" sum="151"/>
<action no="10" player="deIduKA" type="3" discard="1" dealt="1" sum="60"/>
</round>
<round no="3"><cards type="Turn">C10</cards>
<action no="11" player="deIduKA" type="4" discard="1" dealt="1" sum="0"/>
<action no="12" player="OFiorbe" type="4" discard="1" dealt="1" sum="0"/>
</round>
<round no="4"><cards type="River">HQ</cards>
<action no="13" player="deIduKA" type="5" discard="1" dealt="1" sum="309"/>
<action no="14" player="OFiorbe" type="0" discard="1" dealt="1" sum="0"/>
</round>
</game>
<game gamecode="6542353172"><general><startdate>2025-11-27 11:10:22</startdate>
<round>1</round>
<failsafecounter/>
<players><player seat="3" name="OFiorbe" chips="309" dealer="0" win="0" bet="40" muck="1" rebuy="0" addon="0" merge="0" rebuychips="0" reg_code="5075928480"/>
<player seat="6" name="M1ky3ste92" chips="490" dealer="1" win="90" bet="70" muck="1" rebuy="0" addon="0" merge="0" rebuychips="0" reg_code="5075928491"/>
<player seat="10" name="deIduKA" chips="701" dealer="0" win="0" bet="10" muck="1" rebuy="0" addon="0" merge="0" rebuychips="0" reg_code="5075928546"/>
</players>
</general>
<round no="0"><action no="1" player="deIduKA" type="1" discard="1" dealt="1" sum="10"/>
<action no="2" player="OFiorbe" type="2" discard="1" dealt="1" sum="20"/>
</round>
<round no="1"><cards type="Pocket" player="OFiorbe">X X</cards>
<cards type="Pocket" player="deIduKA">X X</cards>
<cards type="Pocket" player="M1ky3ste92">C3 S3</cards>
<action no="3" player="M1ky3ste92" type="23" sum="40"/>
<action no="4" player="deIduKA" type="0" discard="1" dealt="1" sum="0"/>
<action no="5" player="OFiorbe" type="3" discard="1" dealt="1" sum="20"/>
</round>
<round no="2"><cards type="Flop">H9 CA HQ</cards>
<action no="6" player="OFiorbe" type="4" discard="1" dealt="1" sum="0"/>
<action no="7" player="M1ky3ste92" type="5" sum="30"/>
<action no="8" player="OFiorbe" type="0" discard="1" dealt="1" sum="0"/>
</round>
</game>
<game gamecode="6542353203"><general><startdate>2025-11-27 11:10:49</startdate>
<round>1</round>
<failsafecounter/>
<players><player seat="6" name="M1ky3ste92" chips="540" dealer="0" win="0" bet="20" muck="1" rebuy="0" addon="0" merge="0" rebuychips="0" reg_code="5075928491"/>
<player seat="10" name="deIduKA" chips="691" dealer="1" win="0" bet="0" muck="1" rebuy="0" addon="0" merge="0" rebuychips="0" reg_code="5075928546"/>
<player seat="3" name="OFiorbe" chips="269" dealer="0" win="40" bet="269" muck="1" rebuy="0" addon="0" merge="0" rebuychips="0" reg_code="5075928480"/>
</players>
</general>
<round no="0"><action no="1" player="OFiorbe" type="1" discard="1" dealt="1" sum="10"/>
<action no="2" player="M1ky3ste92" type="2" sum="20"/>
</round>
<round no="1"><cards type="Pocket" player="OFiorbe">X X</cards>
<cards type="Pocket" player="M1ky3ste92">H7 C3</cards>
<cards type="Pocket" player="deIduKA">X X</cards>
<action no="3" player="deIduKA" type="0" discard="1" dealt="1" sum="0"/>
<action no="4" player="OFiorbe" type="23" discard="1" dealt="1" sum="269"/>
<action no="5" player="M1ky3ste92" type="0" sum="0"/>
</round>
</game>
<game gamecode="6542353223"><general><startdate>2025-11-27 11:11:01</startdate>
<round>1</round>
<failsafecounter/>
<players><player seat="10" name="deIduKA" chips="691" dealer="0" win="0" bet="35" muck="1" rebuy="0" addon="0" merge="0" rebuychips="0" reg_code="5075928546"/>
<player seat="3" name="OFiorbe" chips="289" dealer="1" win="90" bet="289" muck="1" rebuy="0" addon="0" merge="0" rebuychips="0" reg_code="5075928480"/>
<player seat="6" name="M1ky3ste92" chips="520" dealer="0" win="0" bet="20" muck="1" rebuy="0" addon="0" merge="0" rebuychips="0" reg_code="5075928491"/>
</players>
</general>
<round no="0"><action no="1" player="M1ky3ste92" type="15" sum="5"/>
<action no="2" player="deIduKA" type="15" discard="1" dealt="1" sum="5"/>
<action no="3" player="OFiorbe" type="15" discard="1" dealt="1" sum="5"/>
<action no="4" player="M1ky3ste92" type="1" sum="15"/>
<action no="5" player="deIduKA" type="2" discard="1" dealt="1" sum="30"/>
</round>
<round no="1"><cards type="Pocket" player="OFiorbe">X X</cards>
<cards type="Pocket" player="deIduKA">X X</cards>
<cards type="Pocket" player="M1ky3ste92">H6 DQ</cards>
<action no="6" player="OFiorbe" type="23" discard="1" dealt="1" sum="284"/>
<action no="7" player="M1ky3ste92" type="0" sum="0"/>
<action no="8" player="deIduKA" type="0" discard="1" dealt="1" sum="0"/>
</round>
</game>
<game gamecode="6542353241"><general><startdate>2025-11-27 11:11:20</startdate>
<round>1</round>
<failsafecounter/>
<players><player seat="3" name="OFiorbe" chips="344" dealer="0" win="45" bet="35" muck="1" rebuy="0" addon="0" merge="0" rebuychips="0" reg_code="5075928480"/>
<player seat="6" name="M1ky3ste92" chips="500" dealer="1" win="0" bet="5" muck="1" rebuy="0" addon="0" merge="0" rebuychips="0" reg_code="5075928491"/>
<player seat="10" name="deIduKA" chips="656" dealer="0" win="0" bet="20" muck="1" rebuy="0" addon="0" merge="0" rebuychips="0" reg_code="5075928546"/>
</players>
</general>
<round no="0"><action no="1" player="deIduKA" type="15" discard="1" dealt="1" sum="5"/>
<action no="2" player="OFiorbe" type="15" discard="1" dealt="1" sum="5"/>
<action no="3" player="M1ky3ste92" type="15" sum="5"/>
<action no="4" player="deIduKA" type="1" discard="1" dealt="1" sum="15"/>
<action no="5" player="OFiorbe" type="2" discard="1" dealt="1" sum="30"/>
</round>
<round no="1"><cards type="Pocket" player="deIduKA">X X</cards>
<cards type="Pocket" player="OFiorbe">X X</cards>
<cards type="Pocket" player="M1ky3ste92">H5 D7</cards>
<action no="6" player="M1ky3ste92" type="0" sum="0"/>
<action no="7" player="deIduKA" type="0" discard="1" dealt="1" sum="0"/>
</round>
</game>
<game gamecode="6542353249"><general><startdate>2025-11-27 11:11:29</startdate>
<round>1</round>
<failsafecounter/>
<players><player seat="6" name="M1ky3ste92" chips="495" dealer="0" win="375" bet="495" muck="1" rebuy="0" addon="0" merge="0" rebuychips="0" reg_code="5075928491"/>
<player seat="10" name="deIduKA" chips="636" dealer="1" win="0" bet="5" muck="1" rebuy="0" addon="0" merge="0" rebuychips="0" reg_code="5075928546"/>
<player seat="3" name="OFiorbe" chips="369" dealer="0" win="0" bet="185" muck="1" rebuy="0" addon="0" merge="0" rebuychips="0" reg_code="5075928480"/>
</players>
</general>
<round no="0"><action no="1" player="OFiorbe" type="15" discard="1" dealt="1" sum="5"/>
<action no="2" player="M1ky3ste92" type="15" sum="5"/>
<action no="3" player="deIduKA" type="15" discard="1" dealt="1" sum="5"/>
<action no="4" player="OFiorbe" type="1" discard="1" dealt="1" sum="15"/>
<action no="5" player="M1ky3ste92" type="2" sum="30"/>
</round>
<round no="1"><cards type="Pocket" player="M1ky3ste92">C4 D5</cards>
<cards type="Pocket" player="OFiorbe">X X</cards>
<cards type="Pocket" player="deIduKA">X X</cards>
<action no="6" player="deIduKA" type="0" discard="1" dealt="1" sum="0"/>
<action no="7" player="OFiorbe" type="3" discard="1" dealt="1" sum="15"/>
<action no="8" player="M1ky3ste92" type="4" sum="0"/>
</round>
<round no="2"><cards type="Flop">HK C2 H5</cards>
<action no="9" player="OFiorbe" type="5" discard="1" dealt="1" sum="30"/>
<action no="10" player="M1ky3ste92" type="3" sum="30"/>
</round>
<round no="3"><cards type="Turn">DA</cards>
<action no="11" player="OFiorbe" type="5" discard="1" dealt="1" sum="120"/>
<action no="12" player="M1ky3ste92" type="3" sum="120"/>
</round>
<round no="4"><cards type="River">H4</cards>
<action no="13" player="OFiorbe" type="4" discard="1" dealt="1" sum="0"/>
<action no="14" player="M1ky3ste92" type="5" sum="310"/>
<action no="15" player="OFiorbe" type="0" discard="1" dealt="1" sum="0"/>
</round>
</game>
<game gamecode="6542353326"><general><startdate>2025-11-27 11:12:32</startdate>
<round>1</round>
<failsafecounter/>
<players><player seat="10" name="deIduKA" chips="631" dealer="0" win="0" bet="200" muck="1" rebuy="0" addon="0" merge="0" rebuychips="0" reg_code="5075928546"/>
<player seat="3" name="OFiorbe" chips="184" dealer="1" win="0" bet="5" muck="1" rebuy="0" addon="0" merge="0" rebuychips="0" reg_code="5075928480"/>
<player seat="6" name="M1ky3ste92" chips="685" dealer="0" win="405" bet="685" muck="1" rebuy="0" addon="0" merge="0" rebuychips="0" reg_code="5075928491"/>
</players>
</general>
<round no="0"><action no="1" player="M1ky3ste92" type="15" sum="5"/>
<action no="2" player="deIduKA" type="15" discard="1" dealt="1" sum="5"/>
<action no="3" player="OFiorbe" type="15" discard="1" dealt="1" sum="5"/>
<action no="4" player="M1ky3ste92" type="1" sum="15"/>
<action no="5" player="deIduKA" type="2" discard="1" dealt="1" sum="30"/>
</round>
<round no="1"><cards type="Pocket" player="deIduKA">X X</cards>
<cards type="Pocket" player="OFiorbe">X X</cards>
<cards type="Pocket" player="M1ky3ste92">DJ HK</cards>
<action no="6" player="OFiorbe" type="0" discard="1" dealt="1" sum="0"/>
<action no="7" player="M1ky3ste92" type="23" sum="75"/>
<action no="8" player="deIduKA" type="3" discard="1" dealt="1" sum="45"/>
</round>
<round no="2"><cards type="Flop">S8 H10 SJ</cards>
<action no="9" player="M1ky3ste92" type="5" sum="120"/>
<action no="10" player="deIduKA" type="3" discard="1" dealt="1" sum="120"/>
</round>
<round no="3"><cards type="Turn">HA</cards>
<action no="11" player="M1ky3ste92" type="5" sum="485"/>
<action no="12" player="deIduKA" type="0" discard="1" dealt="1" sum="0"/>
</round>
</game>
<game gamecode="6542353378"><general><startdate>2025-11-27 11:13:14</startdate>
<round>1</round>
<failsafecounter/>
<players><player seat="3" name="OFiorbe" chips="179" dealer="0" win="181" bet="179" muck="0" rebuy="0" addon="0" merge="0" rebuychips="0" reg_code="5075928480"/>
<player seat="6" name="M1ky3ste92" chips="890" dealer="1" win="0" bet="5" muck="1" rebuy="0" addon="0" merge="0" rebuychips="0" reg_code="5075928491"/>
<player seat="10" name="deIduKA" chips="431" dealer="0" win="182" bet="431" muck="0" rebuy="0" addon="0" merge="0" rebuychips="0" reg_code="5075928546"/>
</players>
</general>
<round no="0"><action no="1" player="deIduKA" type="15" discard="1" dealt="1" sum="5"/>
<action no="2" player="OFiorbe" type="15" discard="1" dealt="1" sum="5"/>
<action no="3" player="M1ky3ste92" type="15" sum="5"/>
<action no="4" player="deIduKA" type="1" discard="1" dealt="1" sum="20"/>
<action no="5" player="OFiorbe" type="2" discard="1" dealt="1" sum="40"/>
</round>
<round no="1"><cards type="Pocket" player="deIduKA">SJ D4</cards>
<cards type="Pocket" player="M1ky3ste92">S2 S10</cards>
<cards type="Pocket" player="OFiorbe">DJ C4</cards>
<action no="6" player="M1ky3ste92" type="0" sum="0"/>
<action no="7" player="deIduKA" type="23" discard="1" dealt="1" sum="426"/>
<action no="8" player="OFiorbe" type="7" discard="1" dealt="1" sum="134"/>
</round>
<round no="2"><cards type="Flop">C7 D9 D10</cards>
</round>
<round no="3"><cards type="Turn">C10</cards>
</round>
<round no="4"><cards type="River">DK</cards>
</round>
</game>
<game gamecode="6542353404"><general><startdate>2025-11-27 11:13:37</startdate>
<round>1</round>
<failsafecounter/>
<players><player seat="6" name="M1ky3ste92" chips="885" dealer="0" win="0" bet="45" muck="1" rebuy="0" addon="0" merge="0" rebuychips="0" reg_code="5075928491"/>
<player seat="10" name="deIduKA" chips="434" dealer="1" win="0" bet="5" muck="1" rebuy="0" addon="0" merge="0" rebuychips="0" reg_code="5075928546"/>
<player seat="3" name="OFiorbe" chips="181" dealer="0" win="95" bet="181" muck="1" rebuy="0" addon="0" merge="0" rebuychips="0" reg_code="5075928480"/>
</players>
</general>
<round no="0"><action no="1" player="OFiorbe" type="15" discard="1" dealt="1" sum="5"/>
<action no="2" player="M1ky3ste92" type="15" sum="5"/>
<action no="3" player="deIduKA" type="15" discard="1" dealt="1" sum="5"/>
<action no="4" player="OFiorbe" type="1" discard="1" dealt="1" sum="20"/>
<action no="5" player="M1ky3ste92" type="2" sum="40"/>
</round>
<round no="1"><cards type="Pocket" player="M1ky3ste92">C6 D5</cards>
<cards type="Pocket" player="OFiorbe">X X</cards>
<cards type="Pocket" player="deIduKA">X X</cards>
<action no="6" player="deIduKA" type="0" discard="1" dealt="1" sum="0"/>
<action no="7" player="OFiorbe" type="23" discard="1" dealt="1" sum="176"/>
<action no="8" player="M1ky3ste92" type="0" sum="0"/>
</round>
</game>
<game gamecode="6542353419"><general><startdate>2025-11-27 11:13:48</startdate>
<round>1</round>
<failsafecounter/>
<players><player seat="10" name="deIduKA" chips="429" dealer="0" win="0" bet="45" muck="1" rebuy="0" addon="0" merge="0" rebuychips="0" reg_code="5075928546"/>
<player seat="3" name="OFiorbe" chips="231" dealer="1" win="507" bet="231" muck="0" rebuy="0" addon="0" merge="0" rebuychips="0" reg_code="5075928480"/>
<player seat="6" name="M1ky3ste92" chips="840" dealer="0" win="0" bet="840" muck="1" rebuy="0" addon="0" merge="0" rebuychips="0" reg_code="5075928491"/>
</players>
</general>
<round no="0"><action no="1" player="M1ky3ste92" type="15" sum="5"/>
<action no="2" player="deIduKA" type="15" discard="1" dealt="1" sum="5"/>
<action no="3" player="OFiorbe" type="15" discard="1" dealt="1" sum="5"/>
<action no="4" player="M1ky3ste92" type="1" sum="20"/>
<action no="5" player="deIduKA" type="2" discard="1" dealt="1" sum="40"/>
</round>
<round no="1"><cards type="Pocket" player="OFiorbe">D4 DK</cards>
<cards type="Pocket" player="M1ky3ste92">D5 S5</cards>
<cards type="Pocket" player="deIduKA">X X</cards>
<action no="6" player="OFiorbe" type="23" discard="1" dealt="1" sum="226"/>
<action no="7" player="M1ky3ste92" type="23" sum="835"/>
<action no="8" player="deIduKA" type="0" discard="1" dealt="1" sum="0"/>
</round>
<round no="2"><cards type="Flop">DA H6 D6</cards>
</round>
<round no="3"><cards type="Turn">DJ</cards>
</round>
<round no="4"><cards type="River">S3</cards>
</round>
</game>
<game gamecode="6542353443"><general><startdate>2025-11-27 11:14:06</startdate>
<round>1</round>
<failsafecounter/>
<players><player seat="3" name="OFiorbe" chips="507" dealer="0" win="0" bet="384" muck="1" rebuy="0" addon="0" merge="0" rebuychips="0" reg_code="5075928480"/>
<player seat="6" name="M1ky3ste92" chips="609" dealer="1" win="0" bet="5" muck="1" rebuy="0" addon="0" merge="0" rebuychips="0" reg_code="5075928491"/>
<player seat="10" name="deIduKA" chips="384" dealer="0" win="773" bet="384" muck="0" rebuy="0" addon="0" merge="0" rebuychips="0" reg_code="5075928546"/>
</players>
</general>
<round no="0"><action no="1" player="deIduKA" type="15" discard="1" dealt="1" sum="5"/>
<action no="2" player="OFiorbe" type="15" discard="1" dealt="1" sum="5"/>
<action no="3" player="M1ky3ste92" type="15" sum="5"/>
<action no="4" player="deIduKA" type="1" discard="1" dealt="1" sum="20"/>
<action no="5" player="OFiorbe" type="2" discard="1" dealt="1" sum="40"/>
</round>
<round no="1"><cards type="Pocket" player="deIduKA">S4 SJ</cards>
<cards type="Pocket" player="M1ky3ste92">S9 H3</cards>
<cards type="Pocket" player="OFiorbe">SQ DQ</cards>
<action no="6" player="M1ky3ste92" type="0" sum="0"/>
<action no="7" player="deIduKA" type="23" discard="1" dealt="1" sum="379"/>
<action no="8" player="OFiorbe" type="3" discard="1" dealt="1" sum="339"/>
</round>
<round no="2"><cards type="Flop">H6 DJ H4</cards>
</round>
<round no="3"><cards type="Turn">D10</cards>
</round>
<round no="4"><cards type="River">C3</cards>
</round>
</game>
<game gamecode="6542353462"><general><startdate>2025-11-27 11:14:25</startdate>
<round>1</round>
<failsafecounter/>
<players><player seat="6" name="M1ky3ste92" chips="604" dealer="0" win="0" bet="123" muck="1" rebuy="0" addon="0" merge="0" rebuychips="0" reg_code="5075928491"/>
<player seat="10" name="deIduKA" chips="773" dealer="1" win="0" bet="5" muck="1" rebuy="0" addon="0" merge="0" rebuychips="0" reg_code="5075928546"/>
<player seat="3" name="OFiorbe" chips="123" dealer="0" win="251" bet="123" muck="0" rebuy="0" addon="0" merge="0" rebuychips="0" reg_code="5075928480"/>
</players>
</general>
<round no="0"><action no="1" player="OFiorbe" type="15" discard="1" dealt="1" sum="5"/>
<action no="2" player="M1ky3ste92" type="15" sum="5"/>
<action no="3" player="deIduKA" type="15" discard="1" dealt="1" sum="5"/>
<action no="4" player="OFiorbe" type="1" discard="1" dealt="1" sum="30"/>
<action no="5" player="M1ky3ste92" type="2" sum="60"/>
</round>
<round no="1"><cards type="Pocket" player="M1ky3ste92">S8 S10</cards>
<cards type="Pocket" player="OFiorbe">S5 CJ</cards>
<cards type="Pocket" player="deIduKA">X X</cards>
<action no="6" player="deIduKA" type="0" discard="1" dealt="1" sum="0"/>
<action no="7" player="OFiorbe" type="7" discard="1" dealt="1" sum="88"/>
<action no="8" player="M1ky3ste92" type="3" sum="58"/>
</round>
<round no="2"><cards type="Flop">D2 DK HA</cards>
</round>
<round no="3"><cards type="Turn">H4</cards>
</round>
<round no="4"><cards type="River">HQ</cards>
</round>
</game>
<game gamecode="6542353492"><general><startdate>2025-11-27 11:14:52</startdate>
<round>1</round>
<failsafecounter/>
<players><player seat="10" name="deIduKA" chips="768" dealer="0" win="0" bet="65" muck="1" rebuy="0" addon="0" merge="0" rebuychips="0" reg_code="5075928546"/>
<player seat="3" name="OFiorbe" chips="251" dealer="1" win="165" bet="251" muck="1" rebuy="0" addon="0" merge="0" rebuychips="0" reg_code="5075928480"/>
<player seat="6" name="M1ky3ste92" chips="481" dealer="0" win="0" bet="35" muck="1" rebuy="0" addon="0" merge="0" rebuychips="0" reg_code="5075928491"/>
</players>
</general>
<round no="0"><action no="1" player="M1ky3ste92" type="15" sum="5"/>
<action no="2" player="deIduKA" type="15" discard="1" dealt="1" sum="5"/>
<action no="3" player="OFiorbe" type="15" discard="1" dealt="1" sum="5"/>
<action no="4" player="M1ky3ste92" type="1" sum="30"/>
<action no="5" player="deIduKA" type="2" discard="1" dealt="1" sum="60"/>
</round>
<round no="1"><cards type="Pocket" player="deIduKA">X X</cards>
<cards type="Pocket" player="M1ky3ste92">H7 CQ</cards>
<cards type="Pocket" player="OFiorbe">X X</cards>
<action no="6" player="OFiorbe" type="23" discard="1" dealt="1" sum="246"/>
<action no="7" player="M1ky3ste92" type="0" sum="0"/>
<action no="8" player="deIduKA" type="0" discard="1" dealt="1" sum="0"/>
</round>
</game>
<game gamecode="6542353510"><general><startdate>2025-11-27 11:15:05</startdate>
<round>1</round>
<failsafecounter/>
<players><player seat="3" name="OFiorbe" chips="351" dealer="0" win="0" bet="65" muck="1" rebuy="0" addon="0" merge="0" rebuychips="0" reg_code="5075928480"/>
<player seat="6" name="M1ky3ste92" chips="446" dealer="1" win="0" bet="5" muck="1" rebuy="0" addon="0" merge="0" rebuychips="0" reg_code="5075928491"/>
<player seat="10" name="deIduKA" chips="703" dealer="0" win="135" bet="703" muck="1" rebuy="0" addon="0" merge="0" rebuychips="0" reg_code="5075928546"/>
</players>
</general>
<round no="0"><action no="1" player="deIduKA" type="15" discard="1" dealt="1" sum="5"/>
<action no="2" player="OFiorbe" type="15" discard="1" dealt="1" sum="5"/>
<action no="3" player="M1ky3ste92" type="15" sum="5"/>
<action no="4" player="deIduKA" type="1" discard="1" dealt="1" sum="30"/>
<action no="5" player="OFiorbe" type="2" discard="1" dealt="1" sum="60"/>
</round>
<round no="1"><cards type="Pocket" player="deIduKA">X X</cards>
<cards type="Pocket" player="OFiorbe">X X</cards>
<cards type="Pocket" player="M1ky3ste92">H7 SQ</cards>
<action no="6" player="M1ky3ste92" type="0" sum="0"/>
<action no="7" player="deIduKA" type="23" discard="1" dealt="1" sum="698"/>
<action no="8" player="OFiorbe" type="0" discard="1" dealt="1" sum="0"/>
</round>
</game>
<game gamecode="6542353524"><general><startdate>2025-11-27 11:15:20</startdate>
<round>1</round>
<failsafecounter/>
<players><player seat="6" name="M1ky3ste92" chips="441" dealer="0" win="0" bet="286" muck="1" rebuy="0" addon="0" merge="0" rebuychips="0" reg_code="5075928491"/>
<player seat="10" name="deIduKA" chips="773" dealer="1" win="0" bet="5" muck="1" rebuy="0" addon="0" merge="0" rebuychips="0" reg_code="5075928546"/>
<player seat="3" name="OFiorbe" chips="286" dealer="0" win="577" bet="286" muck="0" rebuy="0" addon="0" merge="0" rebuychips="0" reg_code="5075928480"/>
</players>
</general>
<round no="0"><action no="1" player="OFiorbe" type="15" discard="1" dealt="1" sum="5"/>
<action no="2" player="M1ky3ste92" type="15" sum="5"/>
<action no="3" player="deIduKA" type="15" discard="1" dealt="1" sum="5"/>
<action no="4" player="OFiorbe" type="1" discard="1" dealt="1" sum="30"/>
<action no="5" player="M1ky3ste92" type="2" sum="60"/>
</round>
<round no="1"><cards type="Pocket" player="M1ky3ste92">S2 CA</cards>
<cards type="Pocket" player="deIduKA">X X</cards>
<cards type="Pocket" player="OFiorbe">D10 DA</cards>
<action no="6" player="deIduKA" type="0" discard="1" dealt="1" sum="0"/>
<action no="7" player="OFiorbe" type="23" discard="1" dealt="1" sum="281"/>
<action no="8" player="M1ky3ste92" type="3" sum="221"/>
</round>
<round no="2"><cards type="Flop">C6 HA S6</cards>
</round>
<round no="3"><cards type="Turn">D8</cards>
</round>
<round no="4"><cards type="River">H8</cards>
</round>
</game>
<game gamecode="6542353551"><general><startdate>2025-11-27 11:15:44</startdate>
<round>1</round>
<failsafecounter/>
<players><player seat="10" name="deIduKA" chips="768" dealer="0" win="315" bet="155" muck="0" rebuy="0" addon="0" merge="0" rebuychips="0" reg_code="5075928546"/>
<player seat="3" name="OFiorbe" chips="577" dealer="1" win="0" bet="5" muck="1" rebuy="0" addon="0" merge="0" rebuychips="0" reg_code="5075928480"/>
<player seat="6" name="M1ky3ste92" chips="155" dealer="0" win="0" bet="155" muck="0" rebuy="0" addon="0" merge="0" rebuychips="0" reg_code="5075928491"/>
</players>
</general>
<round no="0"><action no="1" player="M1ky3ste92" type="15" sum="5"/>
<action no="2" player="deIduKA" type="15" discard="1" dealt="1" sum="5"/>
<action no="3" player="OFiorbe" type="15" discard="1" dealt="1" sum="5"/>
<action no="4" player="M1ky3ste92" type="1" sum="30"/>
<action no="5" player="deIduKA" type="2" discard="1" dealt="1" sum="60"/>
</round>
<round no="1"><cards type="Pocket" player="deIduKA">C6 H10</cards>
<cards type="Pocket" player="OFiorbe">X X</cards>
<cards type="Pocket" player="M1ky3ste92">HK S7</cards>
<action no="6" player="OFiorbe" type="0" discard="1" dealt="1" sum="0"/>
<action no="7" player="M1ky3ste92" type="23" sum="150"/>
<action no="8" player="deIduKA" type="3" discard="1" dealt="1" sum="90"/>
</round>
<round no="2"><cards type="Flop">H5 D6 CQ</cards>
</round>
<round no="3"><cards type="Turn">S2</cards>
</round>
<round no="4"><cards type="River">C4</cards>
</round>
</game>
</session>
