<?xml version="1.0" encoding="UTF-8"?>
<session sessioncode="5075717921">
<general>
<client_version>25.7.1.34</client_version>
<mode>real</mode>
<gametype>Holdem NL</gametype>
<tablename>Twister €100 SNG, 822478552</tablename>
<tournamentcode>822478551</tournamentcode>
<tournamentname>Twister €100 SNG</tournamentname>
<buyin>€0 + €7 + €93</buyin>
<totalbuyin>€100</totalbuyin>
<rewarddrawn>€200</rewarddrawn>
<tournamentcurrency>EUR</tournamentcurrency>
<currency>EUR</currency>
<nickname>M1ky3ste92</nickname>
<gamecount>35</gamecount>
<startdate>2025-11-26 15:00:17</startdate>
<place>1</place>
<win>€200</win>
<tablesize>3</tablesize>
</general>
<game gamecode="6541596823"><general><startdate>2025-11-26 15:00:32</startdate>
<round>1</round>
<failsafecounter/>
<players><player seat="3" name="gherrison97" chips="500" dealer="0" win="0" bet="105" muck="1" rebuy="0" addon="0" merge="0" rebuychips="0" reg_code="5075717831"/>
<player seat="6" name="M1ky3ste92" chips="500" dealer="1" win="0" bet="0" muck="1" rebuy="0" addon="0" merge="0" rebuychips="0" reg_code="5075717921"/>
<player seat="10" name="Thechosenoonee" chips="500" dealer="0" win="210" bet="157" muck="1" rebuy="0" addon="0" merge="0" rebuychips="0" reg_code="5075717930"/>
</players>
</general>
<round no="0"><action no="1" player="Thechosenoonee" type="1" discard="1" dealt="1" sum="10"/>
<action no="2" player="gherrison97" type="2" discard="1" dealt="1" sum="20"/>
</round>
<round no="1"><cards type="Pocket" player="gherrison97">X X</cards>
<cards type="Pocket" player="Thechosenoonee">X X</cards>
<cards type="Pocket" player="M1ky3ste92">S7 C5</cards>
<action no="3" player="M1ky3ste92" type="0" sum="0"/>
<action no="4" player="Thechosenoonee" type="3" discard="1" dealt="1" sum="10"/>
<action no="5" player="gherrison97" type="23" discard="1" dealt="1" sum="60"/>
<action no="6" player="Thechosenoonee" type="3" discard="1" dealt="1" sum="40"/>
</round>
<round no="2"><cards type="Flop">DQ S10 C10</cards>
<action no="7" player="Thechosenoonee" type="4" discard="1" dealt="1" sum="0"/>
<action no="8" player="gherrison97" type="5" discard="1" dealt="1" sum="45"/>
<action no="9" player="Thechosenoonee" type="3" discard="1" dealt="1" sum="45"/>
</round>
<round no="3"><cards type="Turn">SJ</cards>
<action no="10" player="Thechosenoonee" type="4" discard="1" dealt="1" sum="0"/>
<action no="11" player="gherrison97" type="4" discard="1" dealt="1" sum="0"/>
</round>
<round no="4"><cards type="River">HA</cards>
<action no="12" player="Thechosenoonee" type="5" discard="1" dealt="1" sum="52"/>
<action no="13" player="gherrison97" type="0" discard="1" dealt="1" sum="0"/>
</round>
</game>
<game gamecode="6541596938"><general><startdate>2025-11-26 15:01:33</startdate>
<round>1</round>
<failsafecounter/>
<players><player seat="6" name="M1ky3ste92" chips="500" dealer="0" win="0" bet="20" muck="1" rebuy="0" addon="0" merge="0" rebuychips="0" reg_code="5075717921"/>
<player seat="10" name="Thechosenoonee" chips="605" dealer="1" win="50" bet="40" muck="1" rebuy="0" addon="0" merge="0" rebuychips="0" reg_code="5075717930"/>
<player seat="3" name="gherrison97" chips="395" dealer="0" win="0" bet="10" muck="1" rebuy="0" addon="0" merge="0" rebuychips="0" reg_code="5075717831"/>
</players>
</general>
<round no="0"><action no="1" player="gherrison97" type="1" discard="1" dealt="1" sum="10"/>
<action no="2" player="M1ky3ste92" type="2" sum="20"/>
</round>
<round no="1"><cards type="Pocket" player="M1ky3ste92">DQ H3</cards>
<cards type="Pocket" player="Thechosenoonee">X X</cards>
<cards type="Pocket" player="gherrison97">X X</cards>
<action no="3" player="Thechosenoonee" type="23" discard="1" dealt="1" sum="40"/>
<action no="4" player="gherrison97" type="0" discard="1" dealt="1" sum="0"/>
<action no="5" player="M1ky3ste92" type="0" sum="0"/>
</round>
</game>
<game gamecode="6541596969"><general><startdate>2025-11-26 15:01:47</startdate>
<round>1</round>
<failsafecounter/>
<players><player seat="10" name="Thechosenoonee" chips="635" dealer="0" win="0" bet="40" muck="1" rebuy="0" addon="0" merge="0" rebuychips="0" reg_code="5075717930"/>
<player seat="3" name="gherrison97" chips="385" dealer="1" win="90" bet="80" muck="1" rebuy="0" addon="0" merge="0" rebuychips="0" reg_code="5075717831"/>
<player seat="6" name="M1ky3ste92" chips="480" dealer="0" win="0" bet="10" muck="1" rebuy="0" addon="0" merge="0" rebuychips="0" reg_code="5075717921"/>
</players>
</general>
<round no="0"><action no="1" player="M1ky3ste92" type="1" sum="10"/>
<action no="2" player="Thechosenoonee" type="2" discard="1" dealt="1" sum="20"/>
</round>
<round no="1"><cards type="Pocket" player="gherrison97">X X</cards>
<cards type="Pocket" player="M1ky3ste92">HK S9</cards>
<cards type="Pocket" player="Thechosenoonee">X X</cards>
<action no="3" player="gherrison97" type="23" discard="1" dealt="1" sum="40"/>
<action no="4" player="M1ky3ste92" type="0" sum="0"/>
<action no="5" player="Thechosenoonee" type="3" discard="1" dealt="1" sum="20"/>
</round>
<round no="2"><cards type="Flop">DK D7 DA</cards>
<action no="6" player="Thechosenoonee" type="4" discard="1" dealt="1" sum="0"/>
<action no="7" player="gherrison97" type="5" discard="1" dealt="1" sum="40"/>
<action no="8" player="Thechosenoonee" type="0" discard="1" dealt="1" sum="0"/>
</round>
</game>
<game gamecode="6541597022"><general><startdate>2025-11-26 15:02:11</startdate>
<round>1</round>
<failsafecounter/>
<players><player seat="3" name="gherrison97" chips="435" dealer="0" win="0" bet="65" muck="1" rebuy="0" addon="0" merge="0" rebuychips="0" reg_code="5075717831"/>
<player seat="6" name="M1ky3ste92" chips="470" dealer="1" win="0" bet="5" muck="1" rebuy="0" addon="0" merge="0" rebuychips="0" reg_code="5075717921"/>
<player seat="10" name="Thechosenoonee" chips="595" dealer="0" win="135" bet="155" muck="1" rebuy="0" addon="0" merge="0" rebuychips="0" reg_code="5075717930"/>
</players>
</general>
<round no="0"><action no="1" player="Thechosenoonee" type="15" discard="1" dealt="1" sum="5"/>
<action no="2" player="gherrison97" type="15" discard="1" dealt="1" sum="5"/>
<action no="3" player="M1ky3ste92" type="15" sum="5"/>
<action no="4" player="Thechosenoonee" type="1" discard="1" dealt="1" sum="15"/>
<action no="5" player="gherrison97" type="2" discard="1" dealt="1" sum="30"/>
</round>
<round no="1"><cards type="Pocket" player="gherrison97">X X</cards>
<cards type="Pocket" player="Thechosenoonee">X X</cards>
<cards type="Pocket" player="M1ky3ste92">C4 HJ</cards>
<action no="6" player="M1ky3ste92" type="0" sum="0"/>
<action no="7" player="Thechosenoonee" type="3" discard="1" dealt="1" sum="15"/>
<action no="8" player="gherrison97" type="4" discard="1" dealt="1" sum="0"/>
</round>
<round no="2"><cards type="Flop">H3 S9 C7</cards>
<action no="9" player="Thechosenoonee" type="5" discard="1" dealt="1" sum="30"/>
<action no="10" player="gherrison97" type="3" discard="1" dealt="1" sum="30"/>
</round>
<round no="3"><cards type="Turn">D4</cards>
<action no="11" player="Thechosenoonee" type="5" discard="1" dealt="1" sum="90"/>
<action no="12" player="gherrison97" type="0" discard="1" dealt="1" sum="0"/>
</round>
</game>
<game gamecode="6541597094"><general><startdate>2025-11-26 15:02:40</startdate>
<round>1</round>
<failsafecounter/>
<players><player seat="6" name="M1ky3ste92" chips="465" dealer="0" win="0" bet="35" muck="1" rebuy="0" addon="0" merge="0" rebuychips="0" reg_code="5075717921"/>
<player seat="10" name="Thechosenoonee" chips="665" dealer="1" win="0" bet="65" muck="1" rebuy="0" addon="0" merge="0" rebuychips="0" reg_code="5075717930"/>
<player seat="3" name="gherrison97" chips="370" dealer="0" win="165" bet="370" muck="1" rebuy="0" addon="0" merge="0" rebuychips="0" reg_code="5075717831"/>
</players>
</general>
<round no="0"><action no="1" player="gherrison97" type="15" discard="1" dealt="1" sum="5"/>
<action no="2" player="M1ky3ste92" type="15" sum="5"/>
<action no="3" player="Thechosenoonee" type="15" discard="1" dealt="1" sum="5"/>
<action no="4" player="gherrison97" type="1" discard="1" dealt="1" sum="15"/>
<action no="5" player="M1ky3ste92" type="2" sum="30"/>
</round>
<round no="1"><cards type="Pocket" player="M1ky3ste92">C8 SJ</cards>
<cards type="Pocket" player="gherrison97">X X</cards>
<cards type="Pocket" player="Thechosenoonee">X X</cards>
<action no="6" player="Thechosenoonee" type="23" discard="1" dealt="1" sum="60"/>
<action no="7" player="gherrison97" type="23" discard="1" dealt="1" sum="365"/>
<action no="8" player="M1ky3ste92" type="0" sum="0"/>
<action no="9" player="Thechosenoonee" type="0" discard="1" dealt="1" sum="0"/>
</round>
</game>
<game gamecode="6541597119"><general><startdate>2025-11-26 15:02:52</startdate>
<round>1</round>
<failsafecounter/>
<players><player seat="10" name="Thechosenoonee" chips="600" dealer="0" win="0" bet="35" muck="1" rebuy="0" addon="0" merge="0" rebuychips="0" reg_code="5075717930"/>
<player seat="3" name="gherrison97" chips="470" dealer="1" win="105" bet="95" muck="1" rebuy="0" addon="0" merge="0" rebuychips="0" reg_code="5075717831"/>
<player seat="6" name="M1ky3ste92" chips="430" dealer="0" win="0" bet="35" muck="1" rebuy="0" addon="0" merge="0" rebuychips="0" reg_code="5075717921"/>
</players>
</general>
<round no="0"><action no="1" player="M1ky3ste92" type="15" sum="5"/>
<action no="2" player="Thechosenoonee" type="15" discard="1" dealt="1" sum="5"/>
<action no="3" player="gherrison97" type="15" discard="1" dealt="1" sum="5"/>
<action no="4" player="M1ky3ste92" type="1" sum="15"/>
<action no="5" player="Thechosenoonee" type="2" discard="1" dealt="1" sum="30"/>
</round>
<round no="1"><cards type="Pocket" player="Thechosenoonee">X X</cards>
<cards type="Pocket" player="M1ky3ste92">H6 S8</cards>
<cards type="Pocket" player="gherrison97">X X</cards>
<action no="6" player="gherrison97" type="3" discard="1" dealt="1" sum="30"/>
<action no="7" player="M1ky3ste92" type="3" sum="15"/>
<action no="8" player="Thechosenoonee" type="4" discard="1" dealt="1" sum="0"/>
</round>
<round no="2"><cards type="Flop">H9 D2 S6</cards>
<action no="9" player="M1ky3ste92" type="4" sum="0"/>
<action no="10" player="Thechosenoonee" type="4" discard="1" dealt="1" sum="0"/>
<action no="11" player="gherrison97" type="4" discard="1" dealt="1" sum="0"/>
</round>
<round no="3"><cards type="Turn">C3</cards>
<action no="12" player="M1ky3ste92" type="4" sum="0"/>
<action no="13" player="Thechosenoonee" type="4" discard="1" dealt="1" sum="0"/>
<action no="14" player="gherrison97" type="5" discard="1" dealt="1" sum="60"/>
<action no="15" player="M1ky3ste92" type="0" sum="0"/>
<action no="16" player="Thechosenoonee" type="0" discard="1" dealt="1" sum="0"/>
</round>
</game>
<game gamecode="6541597176"><general><startdate>2025-11-26 15:03:25</startdate>
<round>1</round>
<failsafecounter/>
<players><player seat="3" name="gherrison97" chips="540" dealer="0" win="195" bet="185" muck="1" rebuy="0" addon="0" merge="0" rebuychips="0" reg_code="5075717831"/>
<player seat="6" name="M1ky3ste92" chips="395" dealer="1" win="0" bet="5" muck="1" rebuy="0" addon="0" merge="0" rebuychips="0" reg_code="5075717921"/>
<player seat="10" name="Thechosenoonee" chips="565" dealer="0" win="0" bet="95" muck="1" rebuy="0" addon="0" merge="0" rebuychips="0" reg_code="5075717930"/>
</players>
</general>
<round no="0"><action no="1" player="Thechosenoonee" type="15" discard="1" dealt="1" sum="5"/>
<action no="2" player="gherrison97" type="15" discard="1" dealt="1" sum="5"/>
<action no="3" player="M1ky3ste92" type="15" sum="5"/>
<action no="4" player="Thechosenoonee" type="1" discard="1" dealt="1" sum="15"/>
<action no="5" player="gherrison97" type="2" discard="1" dealt="1" sum="30"/>
</round>
<round no="1"><cards type="Pocket" player="gherrison97">X X</cards>
<cards type="Pocket" player="Thechosenoonee">X X</cards>
<cards type="Pocket" player="M1ky3ste92">D4 HK</cards>
<action no="6" player="M1ky3ste92" type="0" sum="0"/>
<action no="7" player="Thechosenoonee" type="3" discard="1" dealt="1" sum="15"/>
<action no="8" player="gherrison97" type="4" discard="1" dealt="1" sum="0"/>
</round>
<round no="2"><cards type="Flop">CQ C7 C10</cards>
<action no="9" player="Thechosenoonee" type="5" discard="1" dealt="1" sum="30"/>
<action no="10" player="gherrison97" type="3" discard="1" dealt="1" sum="30"/>
</round>
<round no="3"><cards type="Turn">SK</cards>
<action no="11" player="Thechosenoonee" type="4" discard="1" dealt="1" sum="0"/>
<action no="12" player="gherrison97" type="5" discard="1" dealt="1" sum="30"/>
<action no="13" player="Thechosenoonee" type="3" discard="1" dealt="1" sum="30"/>
</round>
<round no="4"><cards type="River">C8</cards>
<action no="14" player="Thechosenoonee" type="4" discard="1" dealt="1" sum="0"/>
<action no="15" player="gherrison97" type="5" discard="1" dealt="1" sum="90"/>
<action no="16" player="Thechosenoonee" type="0" discard="1" dealt="1" sum="0"/>
</round>
</game>
<game gamecode="6541603607"><general><startdate>2025-11-26 15:04:15</startdate>
<round>1</round>
<failsafecounter/>
<players><player seat="6" name="M1ky3ste92" chips="390" dealer="0" win="805" bet="390" muck="0" rebuy="0" addon="0" merge="0" rebuychips="0" reg_code="5075717921"/>
<player seat="10" name="Thechosenoonee" chips="470" dealer="1" win="0" bet="470" muck="0" rebuy="0" addon="0" merge="0" rebuychips="0" reg_code="5075717930"/>
<player seat="3" name="gherrison97" chips="640" dealer="0" win="0" bet="25" muck="1" rebuy="0" addon="0" merge="0" rebuychips="0" reg_code="5075717831"/>
</players>
</general>
<round no="0"><action no="1" player="gherrison97" type="15" discard="1" dealt="1" sum="5"/>
<action no="2" player="M1ky3ste92" type="15" sum="5"/>
<action no="3" player="Thechosenoonee" type="15" discard="1" dealt="1" sum="5"/>
<action no="4" player="gherrison97" type="1" discard="1" dealt="1" sum="20"/>
<action no="5" player="M1ky3ste92" type="2" sum="40"/>
</round>
<round no="1"><cards type="Pocket" player="gherrison97">X X</cards>
<cards type="Pocket" player="M1ky3ste92">SJ DJ</cards>
<cards type="Pocket" player="Thechosenoonee">SA H7</cards>
<action no="6" player="Thechosenoonee" type="23" discard="1" dealt="1" sum="465"/>
<action no="7" player="gherrison97" type="0" discard="1" dealt="1" sum="0"/>
<action no="8" player="M1ky3ste92" type="7" sum="345"/>
</round>
<round no="2"><cards type="Flop">H8 S2 S6</cards>
</round>
<round no="3"><cards type="Turn">C10</cards>
</round>
<round no="4"><cards type="River">S8</cards>
</round>
</game>
<game gamecode="6541603652"><general><startdate>2025-11-26 15:04:35</startdate>
<round>1</round>
<failsafecounter/>
<players><player seat="10" name="Thechosenoonee" chips="80" dealer="0" win="0" bet="80" muck="0" rebuy="0" addon="0" merge="0" rebuychips="0" reg_code="5075717930"/>
<player seat="3" name="gherrison97" chips="615" dealer="1" win="185" bet="125" muck="0" rebuy="0" addon="0" merge="0" rebuychips="0" reg_code="5075717831"/>
<player seat="6" name="M1ky3ste92" chips="805" dealer="0" win="0" bet="25" muck="1" rebuy="0" addon="0" merge="0" rebuychips="0" reg_code="5075717921"/>
</players>
</general>
<round no="0"><action no="1" player="M1ky3ste92" type="15" sum="5"/>
<action no="2" player="Thechosenoonee" type="15" discard="1" dealt="1" sum="5"/>
<action no="3" player="gherrison97" type="15" discard="1" dealt="1" sum="5"/>
<action no="4" player="M1ky3ste92" type="1" sum="20"/>
<action no="5" player="Thechosenoonee" type="2" discard="1" dealt="1" sum="40"/>
</round>
<round no="1"><cards type="Pocket" player="Thechosenoonee">H5 SQ</cards>
<cards type="Pocket" player="M1ky3ste92">C9 H8</cards>
<cards type="Pocket" player="gherrison97">DA H10</cards>
<action no="6" player="gherrison97" type="23" discard="1" dealt="1" sum="120"/>
<action no="7" player="M1ky3ste92" type="0" sum="0"/>
<action no="8" player="Thechosenoonee" type="7" discard="1" dealt="1" sum="35"/>
</round>
<round no="2"><cards type="Flop">HA HK D2</cards>
</round>
<round no="3"><cards type="Turn">D3</cards>
</round>
<round no="4"><cards type="River">C3</cards>
</round>
</game>
<game gamecode="6541603688"><general><startdate>2025-11-26 15:04:53</startdate>
<round>1</round>
<failsafecounter/>
<players><player seat="3" name="gherrison97" chips="720" dealer="0" win="490" bet="485" muck="1" rebuy="0" addon="0" merge="0" rebuychips="0" reg_code="5075717831"/>
<player seat="6" name="M1ky3ste92" chips="780" dealer="1" win="0" bet="245" muck="1" rebuy="0" addon="0" merge="0" rebuychips="0" reg_code="5075717921"/>
</players>
</general>
<round no="0"><action no="1" player="M1ky3ste92" type="15" sum="5"/>
<action no="2" player="gherrison97" type="15" discard="1" dealt="1" sum="5"/>
<action no="3" player="M1ky3ste92" type="1" sum="20"/>
<action no="4" player="gherrison97" type="2" discard="1" dealt="1" sum="40"/>
</round>
<round no="1"><cards type="Pocket" player="M1ky3ste92">SA D4</cards>
<cards type="Pocket" player="gherrison97">X X</cards>
<action no="5" player="M1ky3ste92" type="23" sum="80"/>
<action no="6" player="gherrison97" type="3" discard="1" dealt="1" sum="40"/>
</round>
<round no="2"><cards type="Flop">HQ C10 D8</cards>
<action no="7" player="gherrison97" type="4" discard="1" dealt="1" sum="0"/>
<action no="8" player="M1ky3ste92" type="5" sum="40"/>
<action no="9" player="gherrison97" type="3" discard="1" dealt="1" sum="40"/>
</round>
<round no="3"><cards type="Turn">S6</cards>
<action no="10" player="gherrison97" type="4" discard="1" dealt="1" sum="0"/>
<action no="11" player="M1ky3ste92" type="4" sum="0"/>
</round>
<round no="4"><cards type="River">CA</cards>
<action no="12" player="gherrison97" type="4" discard="1" dealt="1" sum="0"/>
<action no="13" player="M1ky3ste92" type="5" sum="120"/>
<action no="14" player="gherrison97" type="23" discard="1" dealt="1" sum="360"/>
<action no="15" player="M1ky3ste92" type="0" sum="0"/>
</round>
</game>
<game gamecode="6541603792"><general><startdate>2025-11-26 15:05:45</startdate>
<round>1</round>
<failsafecounter/>
<players><player seat="6" name="M1ky3ste92" chips="535" dealer="0" win="0" bet="65" muck="1" rebuy="0" addon="0" merge="0" rebuychips="0" reg_code="5075717921"/>
<player seat="3" name="gherrison97" chips="965" dealer="1" win="130" bet="725" muck="1" rebuy="0" addon="0" merge="0" rebuychips="0" reg_code="5075717831"/>
</players>
</general>
<round no="0"><action no="1" player="gherrison97" type="15" discard="1" dealt="1" sum="5"/>
<action no="2" player="M1ky3ste92" type="15" sum="5"/>
<action no="3" player="gherrison97" type="1" discard="1" dealt="1" sum="30"/>
<action no="4" player="M1ky3ste92" type="2" sum="60"/>
</round>
<round no="1"><cards type="Pocket" player="gherrison97">X X</cards>
<cards type="Pocket" player="M1ky3ste92">D6 H3</cards>
<action no="5" player="gherrison97" type="23" discard="1" dealt="1" sum="720"/>
<action no="6" player="M1ky3ste92" type="0" sum="0"/>
</round>
</game>
<game gamecode="6541603810"><general><startdate>2025-11-26 15:05:55</startdate>
<round>1</round>
<failsafecounter/>
<players><player seat="3" name="gherrison97" chips="1,030" dealer="0" win="0" bet="65" muck="1" rebuy="0" addon="0" merge="0" rebuychips="0" reg_code="5075717831"/>
<player seat="6" name="M1ky3ste92" chips="470" dealer="1" win="130" bet="470" muck="1" rebuy="0" addon="0" merge="0" rebuychips="0" reg_code="5075717921"/>
</players>
</general>
<round no="0"><action no="1" player="M1ky3ste92" type="15" sum="5"/>
<action no="2" player="gherrison97" type="15" discard="1" dealt="1" sum="5"/>
<action no="3" player="M1ky3ste92" type="1" sum="30"/>
<action no="4" player="gherrison97" type="2" discard="1" dealt="1" sum="60"/>
</round>
<round no="1"><cards type="Pocket" player="gherrison97">X X</cards>
<cards type="Pocket" player="M1ky3ste92">CQ C3</cards>
<action no="5" player="M1ky3ste92" type="23" sum="465"/>
<action no="6" player="gherrison97" type="0" discard="1" dealt="1" sum="0"/>
</round>
</game>
<game gamecode="6541603836"><general><startdate>2025-11-26 15:06:05</startdate>
<round>1</round>
<failsafecounter/>
<players><player seat="6" name="M1ky3ste92" chips="535" dealer="0" win="0" bet="65" muck="1" rebuy="0" addon="0" merge="0" rebuychips="0" reg_code="5075717921"/>
<player seat="3" name="gherrison97" chips="965" dealer="1" win="130" bet="965" muck="1" rebuy="0" addon="0" merge="0" rebuychips="0" reg_code="5075717831"/>
</players>
</general>
<round no="0"><action no="1" player="gherrison97" type="15" discard="1" dealt="1" sum="5"/>
<action no="2" player="M1ky3ste92" type="15" sum="5"/>
<action no="3" player="gherrison97" type="1" discard="1" dealt="1" sum="30"/>
<action no="4" player="M1ky3ste92" type="2" sum="60"/>
</round>
<round no="1"><cards type="Pocket" player="M1ky3ste92">S2 H5</cards>
<cards type="Pocket" player="gherrison97">X X</cards>
<action no="5" player="gherrison97" type="23" discard="1" dealt="1" sum="960"/>
<action no="6" player="M1ky3ste92" type="0" sum="0"/>
</round>
</game>
<game gamecode="6541603855"><general><startdate>2025-11-26 15:06:14</startdate>
<round>1</round>
<failsafecounter/>
<players><player seat="3" name="gherrison97" chips="1,030" dealer="0" win="370" bet="185" muck="0" rebuy="0" addon="0" merge="0" rebuychips="0" reg_code="5075717831"/>
<player seat="6" name="M1ky3ste92" chips="470" dealer="1" win="0" bet="185" muck="0" rebuy="0" addon="0" merge="0" rebuychips="0" reg_code="5075717921"/>
</players>
</general>
<round no="0"><action no="1" player="M1ky3ste92" type="15" sum="5"/>
<action no="2" player="gherrison97" type="15" discard="1" dealt="1" sum="5"/>
<action no="3" player="M1ky3ste92" type="1" sum="30"/>
<action no="4" player="gherrison97" type="2" discard="1" dealt="1" sum="60"/>
</round>
<round no="1"><cards type="Pocket" player="gherrison97">H8 SJ</cards>
<cards type="Pocket" player="M1ky3ste92">S7 S4</cards>
<action no="5" player="M1ky3ste92" type="3" sum="30"/>
<action no="6" player="gherrison97" type="4" discard="1" dealt="1" sum="0"/>
</round>
<round no="2"><cards type="Flop">H7 HA CJ</cards>
<action no="7" player="gherrison97" type="4" discard="1" dealt="1" sum="0"/>
<action no="8" player="M1ky3ste92" type="4" sum="0"/>
</round>
<round no="3"><cards type="Turn">D6</cards>
<action no="9" player="gherrison97" type="4" discard="1" dealt="1" sum="0"/>
<action no="10" player="M1ky3ste92" type="5" sum="60"/>
<action no="11" player="gherrison97" type="3" discard="1" dealt="1" sum="60"/>
</round>
<round no="4"><cards type="River">S3</cards>
<action no="12" player="gherrison97" type="4" discard="1" dealt="1" sum="0"/>
<action no="13" player="M1ky3ste92" type="5" sum="60"/>
<action no="14" player="gherrison97" type="3" discard="1" dealt="1" sum="60"/>
</round>
</game>
<game gamecode="6541603925"><general><startdate>2025-11-26 15:06:47</startdate>
<round>1</round>
<failsafecounter/>
<players><player seat="6" name="M1ky3ste92" chips="285" dealer="0" win="570" bet="285" muck="0" rebuy="0" addon="0" merge="0" rebuychips="0" reg_code="5075717921"/>
<player seat="3" name="gherrison97" chips="1,215" dealer="1" win="0" bet="365" muck="0" rebuy="0" addon="0" merge="0" rebuychips="0" reg_code="5075717831"/>
</players>
</general>
<round no="0"><action no="1" player="gherrison97" type="15" discard="1" dealt="1" sum="5"/>
<action no="2" player="M1ky3ste92" type="15" sum="5"/>
<action no="3" player="gherrison97" type="1" discard="1" dealt="1" sum="30"/>
<action no="4" player="M1ky3ste92" type="2" sum="60"/>
</round>
<round no="1"><cards type="Pocket" player="gherrison97">D10 D8</cards>
<cards type="Pocket" player="M1ky3ste92">CQ C7</cards>
<action no="5" player="gherrison97" type="23" discard="1" dealt="1" sum="360"/>
<action no="6" player="M1ky3ste92" type="7" sum="220"/>
</round>
<round no="2"><cards type="Flop">H9 S6 DK</cards>
</round>
<round no="3"><cards type="Turn">CK</cards>
</round>
<round no="4"><cards type="River">D2</cards>
</round>
</game>
<game gamecode="6541603956"><general><startdate>2025-11-26 15:07:03</startdate>
<round>1</round>
<failsafecounter/>
<players><player seat="3" name="gherrison97" chips="930" dealer="0" win="0" bet="195" muck="1" rebuy="0" addon="0" merge="0" rebuychips="0" reg_code="5075717831"/>
<player seat="6" name="M1ky3ste92" chips="570" dealer="1" win="390" bet="570" muck="1" rebuy="0" addon="0" merge="0" rebuychips="0" reg_code="5075717921"/>
</players>
</general>
<round no="0"><action no="1" player="M1ky3ste92" type="15" sum="5"/>
<action no="2" player="gherrison97" type="15" discard="1" dealt="1" sum="5"/>
<action no="3" player="M1ky3ste92" type="1" sum="30"/>
<action no="4" player="gherrison97" type="2" discard="1" dealt="1" sum="60"/>
</round>
<round no="1"><cards type="Pocket" player="M1ky3ste92">D8 DK</cards>
<cards type="Pocket" player="gherrison97">X X</cards>
<action no="5" player="M1ky3ste92" type="3" sum="30"/>
<action no="6" player="gherrison97" type="4" discard="1" dealt="1" sum="0"/>
</round>
<round no="2"><cards type="Flop">S4 CK DJ</cards>
<action no="7" player="gherrison97" type="4" discard="1" dealt="1" sum="0"/>
<action no="8" player="M1ky3ste92" type="5" sum="60"/>
<action no="9" player="gherrison97" type="23" discard="1" dealt="1" sum="130"/>
<action no="10" player="M1ky3ste92" type="3" sum="70"/>
</round>
<round no="3"><cards type="Turn">CQ</cards>
<action no="11" player="gherrison97" type="4" discard="1" dealt="1" sum="0"/>
<action no="12" player="M1ky3ste92" type="5" sum="375"/>
<action no="13" player="gherrison97" type="0" discard="1" dealt="1" sum="0"/>
</round>
</game>
<game gamecode="6541604019"><general><startdate>2025-11-26 15:07:38</startdate>
<round>1</round>
<failsafecounter/>
<players><player seat="6" name="M1ky3ste92" chips="765" dealer="0" win="176" bet="208" muck="1" rebuy="0" addon="0" merge="0" rebuychips="0" reg_code="5075717921"/>
<player seat="3" name="gherrison97" chips="735" dealer="1" win="0" bet="88" muck="1" rebuy="0" addon="0" merge="0" rebuychips="0" reg_code="5075717831"/>
</players>
</general>
<round no="0"><action no="1" player="gherrison97" type="15" discard="1" dealt="1" sum="8"/>
<action no="2" player="M1ky3ste92" type="15" sum="8"/>
<action no="3" player="gherrison97" type="1" discard="1" dealt="1" sum="40"/>
<action no="4" player="M1ky3ste92" type="2" sum="80"/>
</round>
<round no="1"><cards type="Pocket" player="M1ky3ste92">C10 H6</cards>
<cards type="Pocket" player="gherrison97">X X</cards>
<action no="5" player="gherrison97" type="3" discard="1" dealt="1" sum="40"/>
<action no="6" player="M1ky3ste92" type="4" sum="0"/>
</round>
<round no="2"><cards type="Flop">C9 C5 H10</cards>
<action no="7" player="M1ky3ste92" type="4" sum="0"/>
<action no="8" player="gherrison97" type="4" discard="1" dealt="1" sum="0"/>
</round>
<round no="3"><cards type="Turn">S6</cards>
<action no="9" player="M1ky3ste92" type="5" sum="120"/>
<action no="10" player="gherrison97" type="0" discard="1" dealt="1" sum="0"/>
</round>
</game>
<game gamecode="6541604054"><general><startdate>2025-11-26 15:07:54</startdate>
<round>1</round>
<failsafecounter/>
<players><player seat="3" name="gherrison97" chips="647" dealer="0" win="1,294" bet="647" muck="0" rebuy="0" addon="0" merge="0" rebuychips="0" reg_code="5075717831"/>
<player seat="6" name="M1ky3ste92" chips="853" dealer="1" win="0" bet="853" muck="1" rebuy="0" addon="0" merge="0" rebuychips="0" reg_code="5075717921"/>
</players>
</general>
<round no="0"><action no="1" player="M1ky3ste92" type="15" sum="8"/>
<action no="2" player="gherrison97" type="15" discard="1" dealt="1" sum="8"/>
<action no="3" player="M1ky3ste92" type="1" sum="40"/>
<action no="4" player="gherrison97" type="2" discard="1" dealt="1" sum="80"/>
</round>
<round no="1"><cards type="Pocket" player="gherrison97">D10 DK</cards>
<cards type="Pocket" player="M1ky3ste92">H10 SA</cards>
<action no="5" player="M1ky3ste92" type="23" sum="845"/>
<action no="6" player="gherrison97" type="7" discard="1" dealt="1" sum="559"/>
</round>
<round no="2"><cards type="Flop">D3 CJ C6</cards>
</round>
<round no="3"><cards type="Turn">S10</cards>
</round>
<round no="4"><cards type="River">HK</cards>
</round>
</game>
<game gamecode="6541604086"><general><startdate>2025-11-26 15:08:11</startdate>
<round>1</round>
<failsafecounter/>
<players><player seat="6" name="M1ky3ste92" chips="206" dealer="0" win="412" bet="206" muck="0" rebuy="0" addon="0" merge="0" rebuychips="0" reg_code="5075717921"/>
<player seat="3" name="gherrison97" chips="1,294" dealer="1" win="0" bet="248" muck="0" rebuy="0" addon="0" merge="0" rebuychips="0" reg_code="5075717831"/>
</players>
</general>
<round no="0"><action no="1" player="gherrison97" type="15" discard="1" dealt="1" sum="8"/>
<action no="2" player="M1ky3ste92" type="15" sum="8"/>
<action no="3" player="gherrison97" type="1" discard="1" dealt="1" sum="40"/>
<action no="4" player="M1ky3ste92" type="2" sum="80"/>
</round>
<round no="1"><cards type="Pocket" player="gherrison97">DQ H10</cards>
<cards type="Pocket" player="M1ky3ste92">SA H2</cards>
<action no="5" player="gherrison97" type="23" discard="1" dealt="1" sum="240"/>
<action no="6" player="M1ky3ste92" type="7" sum="118"/>
</round>
<round no="2"><cards type="Flop">S7 HJ S8</cards>
</round>
<round no="3"><cards type="Turn">C2</cards>
</round>
<round no="4"><cards type="River">D4</cards>
</round>
</game>
<game gamecode="6541604115"><general><startdate>2025-11-26 15:08:27</startdate>
<round>1</round>
<failsafecounter/>
<players><player seat="3" name="gherrison97" chips="1,088" dealer="0" win="0" bet="88" muck="1" rebuy="0" addon="0" merge="0" rebuychips="0" reg_code="5075717831"/>
<player seat="6" name="M1ky3ste92" chips="412" dealer="1" win="176" bet="412" muck="1" rebuy="0" addon="0" merge="0" rebuychips="0" reg_code="5075717921"/>
</players>
</general>
<round no="0"><action no="1" player="M1ky3ste92" type="15" sum="8"/>
<action no="2" player="gherrison97" type="15" discard="1" dealt="1" sum="8"/>
<action no="3" player="M1ky3ste92" type="1" sum="40"/>
<action no="4" player="gherrison97" type="2" discard="1" dealt="1" sum="80"/>
</round>
<round no="1"><cards type="Pocket" player="gherrison97">X X</cards>
<cards type="Pocket" player="M1ky3ste92">CQ S7</cards>
<action no="5" player="M1ky3ste92" type="23" sum="404"/>
<action no="6" player="gherrison97" type="0" discard="1" dealt="1" sum="0"/>
</round>
</game>
<game gamecode="6541604128"><general><startdate>2025-11-26 15:08:33</startdate>
<round>1</round>
<failsafecounter/>
<players><player seat="6" name="M1ky3ste92" chips="500" dealer="0" win="0" bet="88" muck="1" rebuy="0" addon="0" merge="0" rebuychips="0" reg_code="5075717921"/>
<player seat="3" name="gherrison97" chips="1,000" dealer="1" win="176" bet="648" muck="1" rebuy="0" addon="0" merge="0" rebuychips="0" reg_code="5075717831"/>
</players>
</general>
<round no="0"><action no="1" player="gherrison97" type="15" discard="1" dealt="1" sum="8"/>
<action no="2" player="M1ky3ste92" type="15" sum="8"/>
<action no="3" player="gherrison97" type="1" discard="1" dealt="1" sum="40"/>
<action no="4" player="M1ky3ste92" type="2" sum="80"/>
</round>
<round no="1"><cards type="Pocket" player="M1ky3ste92">D8 D3</cards>
<cards type="Pocket" player="gherrison97">X X</cards>
<action no="5" player="gherrison97" type="23" discard="1" dealt="1" sum="640"/>
<action no="6" player="M1ky3ste92" type="0" sum="0"/>
</round>
</game>
<game gamecode="6541604145"><general><startdate>2025-11-26 15:08:41</startdate>
<round>1</round>
<failsafecounter/>
<players><player seat="3" name="gherrison97" chips="1,088" dealer="0" win="96" bet="88" muck="1" rebuy="0" addon="0" merge="0" rebuychips="0" reg_code="5075717831"/>
<player seat="6" name="M1ky3ste92" chips="412" dealer="1" win="0" bet="48" muck="1" rebuy="0" addon="0" merge="0" rebuychips="0" reg_code="5075717921"/>
</players>
</general>
<round no="0"><action no="1" player="M1ky3ste92" type="15" sum="8"/>
<action no="2" player="gherrison97" type="15" discard="1" dealt="1" sum="8"/>
<action no="3" player="M1ky3ste92" type="1" sum="40"/>
<action no="4" player="gherrison97" type="2" discard="1" dealt="1" sum="80"/>
</round>
<round no="1"><cards type="Pocket" player="gherrison97">X X</cards>
<cards type="Pocket" player="M1ky3ste92">D9 S2</cards>
<action no="5" player="M1ky3ste92" type="0" sum="0"/>
</round>
</game>
<game gamecode="6541604158"><general><startdate>2025-11-26 15:08:46</startdate>
<round>1</round>
<failsafecounter/>
<players><player seat="6" name="M1ky3ste92" chips="364" dealer="0" win="96" bet="88" muck="1" rebuy="0" addon="0" merge="0" rebuychips="0" reg_code="5075717921"/>
<player seat="3" name="gherrison97" chips="1,136" dealer="1" win="0" bet="48" muck="1" rebuy="0" addon="0" merge="0" rebuychips="0" reg_code="5075717831"/>
</players>
</general>
<round no="0"><action no="1" player="gherrison97" type="15" discard="1" dealt="1" sum="8"/>
<action no="2" player="M1ky3ste92" type="15" sum="8"/>
<action no="3" player="gherrison97" type="1" discard="1" dealt="1" sum="40"/>
<action no="4" player="M1ky3ste92" type="2" sum="80"/>
</round>
<round no="1"><cards type="Pocket" player="gherrison97">X X</cards>
<cards type="Pocket" player="M1ky3ste92">CA S10</cards>
<action no="5" player="gherrison97" type="0" discard="1" dealt="1" sum="0"/>
</round>
</game>
<game gamecode="6541604169"><general><startdate>2025-11-26 15:08:51</startdate>
<round>1</round>
<failsafecounter/>
<players><player seat="3" name="gherrison97" chips="1,088" dealer="0" win="0" bet="412" muck="1" rebuy="0" addon="0" merge="0" rebuychips="0" reg_code="5075717831"/>
<player seat="6" name="M1ky3ste92" chips="412" dealer="1" win="824" bet="412" muck="0" rebuy="0" addon="0" merge="0" rebuychips="0" reg_code="5075717921"/>
</players>
</general>
<round no="0"><action no="1" player="M1ky3ste92" type="15" sum="10"/>
<action no="2" player="gherrison97" type="15" discard="1" dealt="1" sum="10"/>
<action no="3" player="M1ky3ste92" type="1" sum="50"/>
<action no="4" player="gherrison97" type="2" discard="1" dealt="1" sum="100"/>
</round>
<round no="1"><cards type="Pocket" player="gherrison97">C9 S7</cards>
<cards type="Pocket" player="M1ky3ste92">H5 H6</cards>
<action no="5" player="M1ky3ste92" type="23" sum="402"/>
<action no="6" player="gherrison97" type="3" discard="1" dealt="1" sum="302"/>
</round>
<round no="2"><cards type="Flop">HA CA H9</cards>
</round>
<round no="3"><cards type="Turn">H7</cards>
</round>
<round no="4"><cards type="River">S5</cards>
</round>
</game>
<game gamecode="6541604202"><general><startdate>2025-11-26 15:09:08</startdate>
<round>1</round>
<failsafecounter/>
<players><player seat="6" name="M1ky3ste92" chips="824" dealer="0" win="0" bet="210" muck="1" rebuy="0" addon="0" merge="0" rebuychips="0" reg_code="5075717921"/>
<player seat="3" name="gherrison97" chips="676" dealer="1" win="420" bet="410" muck="1" rebuy="0" addon="0" merge="0" rebuychips="0" reg_code="5075717831"/>
</players>
</general>
<round no="0"><action no="1" player="gherrison97" type="15" discard="1" dealt="1" sum="10"/>
<action no="2" player="M1ky3ste92" type="15" sum="10"/>
<action no="3" player="gherrison97" type="1" discard="1" dealt="1" sum="50"/>
<action no="4" player="M1ky3ste92" type="2" sum="100"/>
</round>
<round no="1"><cards type="Pocket" player="M1ky3ste92">D2 H4</cards>
<cards type="Pocket" player="gherrison97">X X</cards>
<action no="5" player="gherrison97" type="3" discard="1" dealt="1" sum="50"/>
<action no="6" player="M1ky3ste92" type="4" sum="0"/>
</round>
<round no="2"><cards type="Flop">D7 C2 DQ</cards>
<action no="7" player="M1ky3ste92" type="4" sum="0"/>
<action no="8" player="gherrison97" type="5" discard="1" dealt="1" sum="100"/>
<action no="9" player="M1ky3ste92" type="3" sum="100"/>
</round>
<round no="3"><cards type="Turn">CJ</cards>
<action no="10" player="M1ky3ste92" type="4" sum="0"/>
<action no="11" player="gherrison97" type="5" discard="1" dealt="1" sum="200"/>
<action no="12" player="M1ky3ste92" type="0" sum="0"/>
</round>
</game>
<game gamecode="6541604229"><general><startdate>2025-11-26 15:09:24</startdate>
<round>1</round>
<failsafecounter/>
<players><player seat="3" name="gherrison97" chips="886" dealer="0" win="0" bet="110" muck="1" rebuy="0" addon="0" merge="0" rebuychips="0" reg_code="5075717831"/>
<player seat="6" name="M1ky3ste92" chips="614" dealer="1" win="220" bet="614" muck="1" rebuy="0" addon="0" merge="0" rebuychips="0" reg_code="5075717921"/>
</players>
</general>
<round no="0"><action no="1" player="M1ky3ste92" type="15" sum="10"/>
<action no="2" player="gherrison97" type="15" discard="1" dealt="1" sum="10"/>
<action no="3" player="M1ky3ste92" type="1" sum="50"/>
<action no="4" player="gherrison97" type="2" discard="1" dealt="1" sum="100"/>
</round>
<round no="1"><cards type="Pocket" player="gherrison97">X X</cards>
<cards type="Pocket" player="M1ky3ste92">S9 H10</cards>
<action no="5" player="M1ky3ste92" type="23" sum="604"/>
<action no="6" player="gherrison97" type="0" discard="1" dealt="1" sum="0"/>
</round>
</game>
<game gamecode="6541604245"><general><startdate>2025-11-26 15:09:30</startdate>
<round>1</round>
<failsafecounter/>
<players><player seat="6" name="M1ky3ste92" chips="724" dealer="0" win="0" bet="110" muck="1" rebuy="0" addon="0" merge="0" rebuychips="0" reg_code="5075717921"/>
<player seat="3" name="gherrison97" chips="776" dealer="1" win="220" bet="510" muck="1" rebuy="0" addon="0" merge="0" rebuychips="0" reg_code="5075717831"/>
</players>
</general>
<round no="0"><action no="1" player="gherrison97" type="15" discard="1" dealt="1" sum="10"/>
<action no="2" player="M1ky3ste92" type="15" sum="10"/>
<action no="3" player="gherrison97" type="1" discard="1" dealt="1" sum="50"/>
<action no="4" player="M1ky3ste92" type="2" sum="100"/>
</round>
<round no="1"><cards type="Pocket" player="gherrison97">X X</cards>
<cards type="Pocket" player="M1ky3ste92">D6 C7</cards>
<action no="5" player="gherrison97" type="23" discard="1" dealt="1" sum="500"/>
<action no="6" player="M1ky3ste92" type="0" sum="0"/>
</round>
</game>
<game gamecode="6541604274"><general><startdate>2025-11-26 15:09:44</startdate>
<round>1</round>
<failsafecounter/>
<players><player seat="3" name="gherrison97" chips="886" dealer="0" win="120" bet="110" muck="1" rebuy="0" addon="0" merge="0" rebuychips="0" reg_code="5075717831"/>
<player seat="6" name="M1ky3ste92" chips="614" dealer="1" win="0" bet="60" muck="1" rebuy="0" addon="0" merge="0" rebuychips="0" reg_code="5075717921"/>
</players>
</general>
<round no="0"><action no="1" player="M1ky3ste92" type="15" sum="10"/>
<action no="2" player="gherrison97" type="15" discard="1" dealt="1" sum="10"/>
<action no="3" player="M1ky3ste92" type="1" sum="50"/>
<action no="4" player="gherrison97" type="2" discard="1" dealt="1" sum="100"/>
</round>
<round no="1"><cards type="Pocket" player="M1ky3ste92">S9 C4</cards>
<cards type="Pocket" player="gherrison97">X X</cards>
<action no="5" player="M1ky3ste92" type="0" sum="0"/>
</round>
</game>
<game gamecode="6541604284"><general><startdate>2025-11-26 15:09:50</startdate>
<round>1</round>
<failsafecounter/>
<players><player seat="6" name="M1ky3ste92" chips="554" dealer="0" win="1,108" bet="554" muck="0" rebuy="0" addon="0" merge="0" rebuychips="0" reg_code="5075717921"/>
<player seat="3" name="gherrison97" chips="946" dealer="1" win="0" bet="554" muck="1" rebuy="0" addon="0" merge="0" rebuychips="0" reg_code="5075717831"/>
</players>
</general>
<round no="0"><action no="1" player="gherrison97" type="15" discard="1" dealt="1" sum="10"/>
<action no="2" player="M1ky3ste92" type="15" sum="10"/>
<action no="3" player="gherrison97" type="1" discard="1" dealt="1" sum="50"/>
<action no="4" player="M1ky3ste92" type="2" sum="100"/>
</round>
<round no="1"><cards type="Pocket" player="M1ky3ste92">SK D5</cards>
<cards type="Pocket" player="gherrison97">HQ C5</cards>
<action no="5" player="gherrison97" type="23" discard="1" dealt="1" sum="500"/>
<action no="6" player="M1ky3ste92" type="7" sum="444"/>
<action no="7" player="gherrison97" type="3" discard="1" dealt="1" sum="44"/>
</round>
<round no="2"><cards type="Flop">H10 H5 D8</cards>
</round>
<round no="3"><cards type="Turn">C7</cards>
</round>
<round no="4"><cards type="River">C3</cards>
</round>
</game>
<game gamecode="6541604326"><general><startdate>2025-11-26 15:10:07</startdate>
<round>1</round>
<failsafecounter/>
<players><player seat="3" name="gherrison97" chips="392" dealer="0" win="784" bet="392" muck="0" rebuy="0" addon="0" merge="0" rebuychips="0" reg_code="5075717831"/>
<player seat="6" name="M1ky3ste92" chips="1,108" dealer="1" win="0" bet="1,108" muck="1" rebuy="0" addon="0" merge="0" rebuychips="0" reg_code="5075717921"/>
</players>
</general>
<round no="0"><action no="1" player="M1ky3ste92" type="15" sum="10"/>
<action no="2" player="gherrison97" type="15" discard="1" dealt="1" sum="10"/>
<action no="3" player="M1ky3ste92" type="1" sum="50"/>
<action no="4" player="gherrison97" type="2" discard="1" dealt="1" sum="100"/>
</round>
<round no="1"><cards type="Pocket" player="M1ky3ste92">S5 H8</cards>
<cards type="Pocket" player="gherrison97">SQ H9</cards>
<action no="5" player="M1ky3ste92" type="23" sum="1,098"/>
<action no="6" player="gherrison97" type="7" discard="1" dealt="1" sum="282"/>
</round>
<round no="2"><cards type="Flop">S2 CQ H10</cards>
</round>
<round no="3"><cards type="Turn">H3</cards>
</round>
<round no="4"><cards type="River">D2</cards>
</round>
</game>
<game gamecode="6541604365"><general><startdate>2025-11-26 15:10:23</startdate>
<round>1</round>
<failsafecounter/>
<players><player seat="6" name="M1ky3ste92" chips="716" dealer="0" win="0" bet="110" muck="1" rebuy="0" addon="0" merge="0" rebuychips="0" reg_code="5075717921"/>
<player seat="3" name="gherrison97" chips="784" dealer="1" win="220" bet="784" muck="1" rebuy="0" addon="0" merge="0" rebuychips="0" reg_code="5075717831"/>
</players>
</general>
<round no="0"><action no="1" player="gherrison97" type="15" discard="1" dealt="1" sum="10"/>
<action no="2" player="M1ky3ste92" type="15" sum="10"/>
<action no="3" player="gherrison97" type="1" discard="1" dealt="1" sum="50"/>
<action no="4" player="M1ky3ste92" type="2" sum="100"/>
</round>
<round no="1"><cards type="Pocket" player="M1ky3ste92">C4 D5</cards>
<cards type="Pocket" player="gherrison97">X X</cards>
<action no="5" player="gherrison97" type="23" discard="1" dealt="1" sum="774"/>
<action no="6" player="M1ky3ste92" type="0" sum="0"/>
</round>
</game>
<game gamecode="6541604378"><general><startdate>2025-11-26 15:10:30</startdate>
<round>1</round>
<failsafecounter/>
<players><player seat="3" name="gherrison97" chips="894" dealer="0" win="0" bet="110" muck="1" rebuy="0" addon="0" merge="0" rebuychips="0" reg_code="5075717831"/>
<player seat="6" name="M1ky3ste92" chips="606" dealer="1" win="220" bet="210" muck="1" rebuy="0" addon="0" merge="0" rebuychips="0" reg_code="5075717921"/>
</players>
</general>
<round no="0"><action no="1" player="M1ky3ste92" type="15" sum="10"/>
<action no="2" player="gherrison97" type="15" discard="1" dealt="1" sum="10"/>
<action no="3" player="M1ky3ste92" type="1" sum="50"/>
<action no="4" player="gherrison97" type="2" discard="1" dealt="1" sum="100"/>
</round>
<round no="1"><cards type="Pocket" player="gherrison97">X X</cards>
<cards type="Pocket" player="M1ky3ste92">S7 S3</cards>
<action no="5" player="M1ky3ste92" type="3" sum="50"/>
<action no="6" player="gherrison97" type="4" discard="1" dealt="1" sum="0"/>
</round>
<round no="2"><cards type="Flop">C2 S8 H9</cards>
<action no="7" player="gherrison97" type="4" discard="1" dealt="1" sum="0"/>
<action no="8" player="M1ky3ste92" type="5" sum="100"/>
<action no="9" player="gherrison97" type="0" discard="1" dealt="1" sum="0"/>
</round>
</game>
<game gamecode="6541604409"><general><startdate>2025-11-26 15:10:43</startdate>
<round>1</round>
<failsafecounter/>
<players><player seat="6" name="M1ky3ste92" chips="716" dealer="0" win="140" bet="130" muck="1" rebuy="0" addon="0" merge="0" rebuychips="0" reg_code="5075717921"/>
<player seat="3" name="gherrison97" chips="784" dealer="1" win="0" bet="70" muck="1" rebuy="0" addon="0" merge="0" rebuychips="0" reg_code="5075717831"/>
</players>
</general>
<round no="0"><action no="1" player="gherrison97" type="15" discard="1" dealt="1" sum="10"/>
<action no="2" player="M1ky3ste92" type="15" sum="10"/>
<action no="3" player="gherrison97" type="1" discard="1" dealt="1" sum="60"/>
<action no="4" player="M1ky3ste92" type="2" sum="120"/>
</round>
<round no="1"><cards type="Pocket" player="M1ky3ste92">CA HA</cards>
<cards type="Pocket" player="gherrison97">X X</cards>
<action no="5" player="gherrison97" type="0" discard="1" dealt="1" sum="0"/>
</round>
</game>
<game gamecode="6541604423"><general><startdate>2025-11-26 15:10:49</startdate>
<round>1</round>
<failsafecounter/>
<players><player seat="3" name="gherrison97" chips="714" dealer="0" win="0" bet="130" muck="1" rebuy="0" addon="0" merge="0" rebuychips="0" reg_code="5075717831"/>
<player seat="6" name="M1ky3ste92" chips="786" dealer="1" win="260" bet="786" muck="1" rebuy="0" addon="0" merge="0" rebuychips="0" reg_code="5075717921"/>
</players>
</general>
<round no="0"><action no="1" player="M1ky3ste92" type="15" sum="10"/>
<action no="2" player="gherrison97" type="15" discard="1" dealt="1" sum="10"/>
<action no="3" player="M1ky3ste92" type="1" sum="60"/>
<action no="4" player="gherrison97" type="2" discard="1" dealt="1" sum="120"/>
</round>
<round no="1"><cards type="Pocket" player="M1ky3ste92">DQ S4</cards>
<cards type="Pocket" player="gherrison97">X X</cards>
<action no="5" player="M1ky3ste92" type="23" sum="776"/>
<action no="6" player="gherrison97" type="0" discard="1" dealt="1" sum="0"/>
</round>
</game>
<game gamecode="6541604448"><general><startdate>2025-11-26 15:11:01</startdate>
<round>1</round>
<failsafecounter/>
<players><player seat="6" name="M1ky3ste92" chips="916" dealer="0" win="1,168" bet="584" muck="0" rebuy="0" addon="0" merge="0" rebuychips="0" reg_code="5075717921"/>
<player seat="3" name="gherrison97" chips="584" dealer="1" win="0" bet="584" muck="0" rebuy="0" addon="0" merge="0" rebuychips="0" reg_code="5075717831"/>
</players>
</general>
<round no="0"><action no="1" player="gherrison97" type="15" discard="1" dealt="1" sum="10"/>
<action no="2" player="M1ky3ste92" type="15" sum="10"/>
<action no="3" player="gherrison97" type="1" discard="1" dealt="1" sum="60"/>
<action no="4" player="M1ky3ste92" type="2" sum="120"/>
</round>
<round no="1"><cards type="Pocket" player="M1ky3ste92">C8 C9</cards>
<cards type="Pocket" player="gherrison97">H10 S2</cards>
<action no="5" player="gherrison97" type="23" discard="1" dealt="1" sum="574"/>
<action no="6" player="M1ky3ste92" type="3" sum="454"/>
</round>
<round no="2"><cards type="Flop">CA C7 H2</cards>
</round>
<round no="3"><cards type="Turn">CJ</cards>
</round>
<round no="4"><cards type="River">D8</cards>
</round>
</game>
</session>
