<?xml version="1.0" encoding="UTF-8"?>
<session sessioncode="5075932018">
<general>
<client_version>25.7.1.34</client_version>
<mode>real</mode>
<gametype>Holdem NL</gametype>
<tablename>Twister €100 SNG, 822535327</tablename>
<tournamentcode>822535325</tournamentcode>
<tournamentname>Twister €100 SNG</tournamentname>
<buyin>€0 + €7 + €93</buyin>
<totalbuyin>€100</totalbuyin>
<rewarddrawn>€200</rewarddrawn>
<tournamentcurrency>EUR</tournamentcurrency>
<currency>EUR</currency>
<nickname>M1ky3ste92</nickname>
<gamecount>20</gamecount>
<startdate>2025-11-27 11:40:02</startdate>
<place>2</place>
<win>€0</win>
<tablesize>3</tablesize>
</general>
<game gamecode="6542364947"><general><startdate>2025-11-27 11:40:17</startdate>
<round>1</round>
<failsafecounter/>
<players><player seat="10" name="diabloroma70" chips="500" dealer="0" win="0" bet="500" muck="0" rebuy="0" addon="0" merge="0" rebuychips="0" reg_code="5075933301"/>
<player seat="3" name="M1ky3ste92" chips="500" dealer="1" win="1,010" bet="500" muck="0" rebuy="0" addon="0" merge="0" rebuychips="0" reg_code="5075932018"/>
<player seat="6" name="deIduKA" chips="500" dealer="0" win="0" bet="10" muck="1" rebuy="0" addon="0" merge="0" rebuychips="0" reg_code="5075932473"/>
</players>
</general>
<round no="0"><action no="1" player="deIduKA" type="1" discard="1" dealt="1" sum="10"/>
<action no="2" player="diabloroma70" type="2" discard="1" dealt="1" sum="20"/>
</round>
<round no="1"><cards type="Pocket" player="deIduKA">X X</cards>
<cards type="Pocket" player="M1ky3ste92">S10 H10</cards>
<cards type="Pocket" player="diabloroma70">H8 SK</cards>
<action no="3" player="M1ky3ste92" type="23" sum="40"/>
<action no="4" player="deIduKA" type="0" discard="1" dealt="1" sum="0"/>
<action no="5" player="diabloroma70" type="3" discard="1" dealt="1" sum="20"/>
</round>
<round no="2"><cards type="Flop">S6 C8 H6</cards>
<action no="6" player="diabloroma70" type="4" discard="1" dealt="1" sum="0"/>
<action no="7" player="M1ky3ste92" type="5" sum="20"/>
<action no="8" player="diabloroma70" type="23" discard="1" dealt="1" sum="105"/>
<action no="9" player="M1ky3ste92" type="23" sum="460"/>
<action no="10" player="diabloroma70" type="7" discard="1" dealt="1" sum="355"/>
</round>
<round no="3"><cards type="Turn">S9</cards>
</round>
<round no="4"><cards type="River">C6</cards>
</round>
</game>
<game gamecode="6542365001"><general><startdate>2025-11-27 11:40:59</startdate>
<round>1</round>
<failsafecounter/>
<players><player seat="3" name="M1ky3ste92" chips="1,010" dealer="0" win="40" bet="60" muck="1" rebuy="0" addon="0" merge="0" rebuychips="0" reg_code="5075932018"/>
<player seat="6" name="deIduKA" chips="490" dealer="1" win="0" bet="20" muck="1" rebuy="0" addon="0" merge="0" rebuychips="0" reg_code="5075932473"/>
</players>
</general>
<round no="0"><action no="1" player="deIduKA" type="1" discard="1" dealt="1" sum="10"/>
<action no="2" player="M1ky3ste92" type="2" sum="20"/>
</round>
<round no="1"><cards type="Pocket" player="deIduKA">X X</cards>
<cards type="Pocket" player="M1ky3ste92">HK CJ</cards>
<action no="3" player="deIduKA" type="3" discard="1" dealt="1" sum="10"/>
<action no="4" player="M1ky3ste92" type="23" sum="60"/>
<action no="5" player="deIduKA" type="0" discard="1" dealt="1" sum="0"/>
</round>
</game>
<game gamecode="6542365026"><general><startdate>2025-11-27 11:41:16</startdate>
<round>1</round>
<failsafecounter/>
<players><player seat="6" name="deIduKA" chips="470" dealer="0" win="0" bet="60" muck="1" rebuy="0" addon="0" merge="0" rebuychips="0" reg_code="5075932473"/>
<player seat="3" name="M1ky3ste92" chips="1,030" dealer="1" win="120" bet="1,030" muck="1" rebuy="0" addon="0" merge="0" rebuychips="0" reg_code="5075932018"/>
</players>
</general>
<round no="0"><action no="1" player="M1ky3ste92" type="1" sum="10"/>
<action no="2" player="deIduKA" type="2" discard="1" dealt="1" sum="20"/>
</round>
<round no="1"><cards type="Pocket" player="deIduKA">X X</cards>
<cards type="Pocket" player="M1ky3ste92">D7 C10</cards>
<action no="3" player="M1ky3ste92" type="3" sum="10"/>
<action no="4" player="deIduKA" type="4" discard="1" dealt="1" sum="0"/>
</round>
<round no="2"><cards type="Flop">S6 H5 SA</cards>
<action no="5" player="deIduKA" type="4" discard="1" dealt="1" sum="0"/>
<action no="6" player="M1ky3ste92" type="4" sum="0"/>
</round>
<round no="3"><cards type="Turn">C9</cards>
<action no="7" player="deIduKA" type="4" discard="1" dealt="1" sum="0"/>
<action no="8" player="M1ky3ste92" type="4" sum="0"/>
</round>
<round no="4"><cards type="River">C8</cards>
<action no="9" player="deIduKA" type="5" discard="1" dealt="1" sum="40"/>
<action no="10" player="M1ky3ste92" type="23" sum="1,010"/>
<action no="11" player="deIduKA" type="0" discard="1" dealt="1" sum="0"/>
</round>
</game>
<game gamecode="6542365077"><general><startdate>2025-11-27 11:41:52</startdate>
<round>1</round>
<failsafecounter/>
<players><player seat="3" name="M1ky3ste92" chips="1,090" dealer="0" win="0" bet="90" muck="1" rebuy="0" addon="0" merge="0" rebuychips="0" reg_code="5075932018"/>
<player seat="6" name="deIduKA" chips="410" dealer="1" win="180" bet="165" muck="1" rebuy="0" addon="0" merge="0" rebuychips="0" reg_code="5075932473"/>
</players>
</general>
<round no="0"><action no="1" player="deIduKA" type="1" discard="1" dealt="1" sum="10"/>
<action no="2" player="M1ky3ste92" type="2" sum="20"/>
</round>
<round no="1"><cards type="Pocket" player="M1ky3ste92">HJ DA</cards>
<cards type="Pocket" player="deIduKA">X X</cards>
<action no="3" player="deIduKA" type="3" discard="1" dealt="1" sum="10"/>
<action no="4" player="M1ky3ste92" type="23" sum="60"/>
<action no="5" player="deIduKA" type="3" discard="1" dealt="1" sum="40"/>
</round>
<round no="2"><cards type="Flop">C8 S7 H2</cards>
<action no="6" player="M1ky3ste92" type="5" sum="30"/>
<action no="7" player="deIduKA" type="23" discard="1" dealt="1" sum="105"/>
<action no="8" player="M1ky3ste92" type="0" sum="0"/>
</round>
</game>
<game gamecode="6542365119"><general><startdate>2025-11-27 11:42:27</startdate>
<round>1</round>
<failsafecounter/>
<players><player seat="6" name="deIduKA" chips="500" dealer="0" win="0" bet="95" muck="1" rebuy="0" addon="0" merge="0" rebuychips="0" reg_code="5075932473"/>
<player seat="3" name="M1ky3ste92" chips="1,000" dealer="1" win="190" bet="185" muck="1" rebuy="0" addon="0" merge="0" rebuychips="0" reg_code="5075932018"/>
</players>
</general>
<round no="0"><action no="1" player="M1ky3ste92" type="15" sum="5"/>
<action no="2" player="deIduKA" type="15" discard="1" dealt="1" sum="5"/>
<action no="3" player="M1ky3ste92" type="1" sum="15"/>
<action no="4" player="deIduKA" type="2" discard="1" dealt="1" sum="30"/>
</round>
<round no="1"><cards type="Pocket" player="deIduKA">X X</cards>
<cards type="Pocket" player="M1ky3ste92">CA SQ</cards>
<action no="5" player="M1ky3ste92" type="23" sum="60"/>
<action no="6" player="deIduKA" type="3" discard="1" dealt="1" sum="30"/>
</round>
<round no="2"><cards type="Flop">S5 HK S3</cards>
<action no="7" player="deIduKA" type="4" discard="1" dealt="1" sum="0"/>
<action no="8" player="M1ky3ste92" type="5" sum="30"/>
<action no="9" player="deIduKA" type="3" discard="1" dealt="1" sum="30"/>
</round>
<round no="3"><cards type="Turn">DA</cards>
<action no="10" player="deIduKA" type="4" discard="1" dealt="1" sum="0"/>
<action no="11" player="M1ky3ste92" type="5" sum="90"/>
<action no="12" player="deIduKA" type="0" discard="1" dealt="1" sum="0"/>
</round>
</game>
<game gamecode="6542365147"><general><startdate>2025-11-27 11:42:47</startdate>
<round>1</round>
<failsafecounter/>
<players><player seat="3" name="M1ky3ste92" chips="1,095" dealer="0" win="0" bet="65" muck="0" rebuy="0" addon="0" merge="0" rebuychips="0" reg_code="5075932018"/>
<player seat="6" name="deIduKA" chips="405" dealer="1" win="130" bet="65" muck="0" rebuy="0" addon="0" merge="0" rebuychips="0" reg_code="5075932473"/>
</players>
</general>
<round no="0"><action no="1" player="deIduKA" type="15" discard="1" dealt="1" sum="5"/>
<action no="2" player="M1ky3ste92" type="15" sum="5"/>
<action no="3" player="deIduKA" type="1" discard="1" dealt="1" sum="15"/>
<action no="4" player="M1ky3ste92" type="2" sum="30"/>
</round>
<round no="1"><cards type="Pocket" player="deIduKA">S5 S8</cards>
<cards type="Pocket" player="M1ky3ste92">C2 H7</cards>
<action no="5" player="deIduKA" type="3" discard="1" dealt="1" sum="15"/>
<action no="6" player="M1ky3ste92" type="4" sum="0"/>
</round>
<round no="2"><cards type="Flop">S4 D3 S10</cards>
<action no="7" player="M1ky3ste92" type="4" sum="0"/>
<action no="8" player="deIduKA" type="4" discard="1" dealt="1" sum="0"/>
</round>
<round no="3"><cards type="Turn">C7</cards>
<action no="9" player="M1ky3ste92" type="4" sum="0"/>
<action no="10" player="deIduKA" type="4" discard="1" dealt="1" sum="0"/>
</round>
<round no="4"><cards type="River">C8</cards>
<action no="11" player="M1ky3ste92" type="5" sum="30"/>
<action no="12" player="deIduKA" type="3" discard="1" dealt="1" sum="30"/>
</round>
</game>
<game gamecode="6542365198"><general><startdate>2025-11-27 11:43:24</startdate>
<round>1</round>
<failsafecounter/>
<players><player seat="6" name="deIduKA" chips="470" dealer="0" win="70" bet="87" muck="1" rebuy="0" addon="0" merge="0" rebuychips="0" reg_code="5075932473"/>
<player seat="3" name="M1ky3ste92" chips="1,030" dealer="1" win="0" bet="35" muck="1" rebuy="0" addon="0" merge="0" rebuychips="0" reg_code="5075932018"/>
</players>
</general>
<round no="0"><action no="1" player="M1ky3ste92" type="15" sum="5"/>
<action no="2" player="deIduKA" type="15" discard="1" dealt="1" sum="5"/>
<action no="3" player="M1ky3ste92" type="1" sum="15"/>
<action no="4" player="deIduKA" type="2" discard="1" dealt="1" sum="30"/>
</round>
<round no="1"><cards type="Pocket" player="deIduKA">X X</cards>
<cards type="Pocket" player="M1ky3ste92">S10 DK</cards>
<action no="5" player="M1ky3ste92" type="3" sum="15"/>
<action no="6" player="deIduKA" type="4" discard="1" dealt="1" sum="0"/>
</round>
<round no="2"><cards type="Flop">D7 DQ H7</cards>
<action no="7" player="deIduKA" type="4" discard="1" dealt="1" sum="0"/>
<action no="8" player="M1ky3ste92" type="4" sum="0"/>
</round>
<round no="3"><cards type="Turn">C9</cards>
<action no="9" player="deIduKA" type="4" discard="1" dealt="1" sum="0"/>
<action no="10" player="M1ky3ste92" type="4" sum="0"/>
</round>
<round no="4"><cards type="River">H6</cards>
<action no="11" player="deIduKA" type="5" discard="1" dealt="1" sum="52"/>
<action no="12" player="M1ky3ste92" type="0" sum="0"/>
</round>
</game>
<game gamecode="6542365246"><general><startdate>2025-11-27 11:44:06</startdate>
<round>1</round>
<failsafecounter/>
<players><player seat="3" name="M1ky3ste92" chips="995" dealer="0" win="0" bet="45" muck="1" rebuy="0" addon="0" merge="0" rebuychips="0" reg_code="5075932018"/>
<player seat="6" name="deIduKA" chips="505" dealer="1" win="90" bet="505" muck="1" rebuy="0" addon="0" merge="0" rebuychips="0" reg_code="5075932473"/>
</players>
</general>
<round no="0"><action no="1" player="deIduKA" type="15" discard="1" dealt="1" sum="5"/>
<action no="2" player="M1ky3ste92" type="15" sum="5"/>
<action no="3" player="deIduKA" type="1" discard="1" dealt="1" sum="20"/>
<action no="4" player="M1ky3ste92" type="2" sum="40"/>
</round>
<round no="1"><cards type="Pocket" player="M1ky3ste92">D3 C6</cards>
<cards type="Pocket" player="deIduKA">X X</cards>
<action no="5" player="deIduKA" type="23" discard="1" dealt="1" sum="500"/>
<action no="6" player="M1ky3ste92" type="0" sum="0"/>
</round>
</game>
<game gamecode="6542365256"><general><startdate>2025-11-27 11:44:13</startdate>
<round>1</round>
<failsafecounter/>
<players><player seat="6" name="deIduKA" chips="550" dealer="0" win="0" bet="267" muck="1" rebuy="0" addon="0" merge="0" rebuychips="0" reg_code="5075932473"/>
<player seat="3" name="M1ky3ste92" chips="950" dealer="1" win="534" bet="267" muck="0" rebuy="0" addon="0" merge="0" rebuychips="0" reg_code="5075932018"/>
</players>
</general>
<round no="0"><action no="1" player="M1ky3ste92" type="15" sum="5"/>
<action no="2" player="deIduKA" type="15" discard="1" dealt="1" sum="5"/>
<action no="3" player="M1ky3ste92" type="1" sum="20"/>
<action no="4" player="deIduKA" type="2" discard="1" dealt="1" sum="40"/>
</round>
<round no="1"><cards type="Pocket" player="M1ky3ste92">S9 H10</cards>
<cards type="Pocket" player="deIduKA">HJ HA</cards>
<action no="5" player="M1ky3ste92" type="3" sum="20"/>
<action no="6" player="deIduKA" type="23" discard="1" dealt="1" sum="120"/>
<action no="7" player="M1ky3ste92" type="3" sum="80"/>
</round>
<round no="2"><cards type="Flop">H4 C10 HK</cards>
<action no="8" player="deIduKA" type="5" discard="1" dealt="1" sum="62"/>
<action no="9" player="M1ky3ste92" type="3" sum="62"/>
</round>
<round no="3"><cards type="Turn">S8</cards>
<action no="10" player="deIduKA" type="4" discard="1" dealt="1" sum="0"/>
<action no="11" player="M1ky3ste92" type="5" sum="80"/>
<action no="12" player="deIduKA" type="3" discard="1" dealt="1" sum="80"/>
</round>
<round no="4"><cards type="River">S4</cards>
<action no="13" player="deIduKA" type="4" discard="1" dealt="1" sum="0"/>
<action no="14" player="M1ky3ste92" type="4" sum="0"/>
</round>
</game>
<game gamecode="6542369333"><general><startdate>2025-11-27 11:45:03</startdate>
<round>1</round>
<failsafecounter/>
<players><player seat="3" name="M1ky3ste92" chips="1,217" dealer="0" win="0" bet="283" muck="1" rebuy="0" addon="0" merge="0" rebuychips="0" reg_code="5075932018"/>
<player seat="6" name="deIduKA" chips="283" dealer="1" win="566" bet="283" muck="0" rebuy="0" addon="0" merge="0" rebuychips="0" reg_code="5075932473"/>
</players>
</general>
<round no="0"><action no="1" player="deIduKA" type="15" discard="1" dealt="1" sum="5"/>
<action no="2" player="M1ky3ste92" type="15" sum="5"/>
<action no="3" player="deIduKA" type="1" discard="1" dealt="1" sum="20"/>
<action no="4" player="M1ky3ste92" type="2" sum="40"/>
</round>
<round no="1"><cards type="Pocket" player="deIduKA">HK HA</cards>
<cards type="Pocket" player="M1ky3ste92">SQ CQ</cards>
<action no="5" player="deIduKA" type="23" discard="1" dealt="1" sum="278"/>
<action no="6" player="M1ky3ste92" type="3" sum="238"/>
</round>
<round no="2"><cards type="Flop">S4 S5 DK</cards>
</round>
<round no="3"><cards type="Turn">S6</cards>
</round>
<round no="4"><cards type="River">DJ</cards>
</round>
</game>
<game gamecode="6542369357"><general><startdate>2025-11-27 11:45:19</startdate>
<round>1</round>
<failsafecounter/>
<players><player seat="6" name="deIduKA" chips="566" dealer="0" win="0" bet="65" muck="1" rebuy="0" addon="0" merge="0" rebuychips="0" reg_code="5075932473"/>
<player seat="3" name="M1ky3ste92" chips="934" dealer="1" win="130" bet="934" muck="1" rebuy="0" addon="0" merge="0" rebuychips="0" reg_code="5075932018"/>
</players>
</general>
<round no="0"><action no="1" player="M1ky3ste92" type="15" sum="5"/>
<action no="2" player="deIduKA" type="15" discard="1" dealt="1" sum="5"/>
<action no="3" player="M1ky3ste92" type="1" sum="30"/>
<action no="4" player="deIduKA" type="2" discard="1" dealt="1" sum="60"/>
</round>
<round no="1"><cards type="Pocket" player="M1ky3ste92">S2 HK</cards>
<cards type="Pocket" player="deIduKA">X X</cards>
<action no="5" player="M1ky3ste92" type="23" sum="929"/>
<action no="6" player="deIduKA" type="0" discard="1" dealt="1" sum="0"/>
</round>
</game>
<game gamecode="6542369367"><general><startdate>2025-11-27 11:45:27</startdate>
<round>1</round>
<failsafecounter/>
<players><player seat="3" name="M1ky3ste92" chips="999" dealer="0" win="0" bet="65" muck="1" rebuy="0" addon="0" merge="0" rebuychips="0" reg_code="5075932018"/>
<player seat="6" name="deIduKA" chips="501" dealer="1" win="130" bet="501" muck="1" rebuy="0" addon="0" merge="0" rebuychips="0" reg_code="5075932473"/>
</players>
</general>
<round no="0"><action no="1" player="deIduKA" type="15" discard="1" dealt="1" sum="5"/>
<action no="2" player="M1ky3ste92" type="15" sum="5"/>
<action no="3" player="deIduKA" type="1" discard="1" dealt="1" sum="30"/>
<action no="4" player="M1ky3ste92" type="2" sum="60"/>
</round>
<round no="1"><cards type="Pocket" player="deIduKA">X X</cards>
<cards type="Pocket" player="M1ky3ste92">S5 D2</cards>
<action no="5" player="deIduKA" type="23" discard="1" dealt="1" sum="496"/>
<action no="6" player="M1ky3ste92" type="0" sum="0"/>
</round>
</game>
<game gamecode="6542369380"><general><startdate>2025-11-27 11:45:35</startdate>
<round>1</round>
<failsafecounter/>
<players><player seat="6" name="deIduKA" chips="566" dealer="0" win="1,132" bet="566" muck="0" rebuy="0" addon="0" merge="0" rebuychips="0" reg_code="5075932473"/>
<player seat="3" name="M1ky3ste92" chips="934" dealer="1" win="0" bet="566" muck="1" rebuy="0" addon="0" merge="0" rebuychips="0" reg_code="5075932018"/>
</players>
</general>
<round no="0"><action no="1" player="M1ky3ste92" type="15" sum="5"/>
<action no="2" player="deIduKA" type="15" discard="1" dealt="1" sum="5"/>
<action no="3" player="M1ky3ste92" type="1" sum="30"/>
<action no="4" player="deIduKA" type="2" discard="1" dealt="1" sum="60"/>
</round>
<round no="1"><cards type="Pocket" player="M1ky3ste92">SK SQ</cards>
<cards type="Pocket" player="deIduKA">D6 C5</cards>
<action no="5" player="M1ky3ste92" type="3" sum="30"/>
<action no="6" player="deIduKA" type="23" discard="1" dealt="1" sum="561"/>
<action no="7" player="M1ky3ste92" type="3" sum="501"/>
</round>
<round no="2"><cards type="Flop">HJ S9 SJ</cards>
</round>
<round no="3"><cards type="Turn">D8</cards>
</round>
<round no="4"><cards type="River">H7</cards>
</round>
</game>
<game gamecode="6542369402"><general><startdate>2025-11-27 11:45:57</startdate>
<round>1</round>
<failsafecounter/>
<players><player seat="3" name="M1ky3ste92" chips="368" dealer="0" win="0" bet="65" muck="1" rebuy="0" addon="0" merge="0" rebuychips="0" reg_code="5075932018"/>
<player seat="6" name="deIduKA" chips="1,132" dealer="1" win="130" bet="130" muck="1" rebuy="0" addon="0" merge="0" rebuychips="0" reg_code="5075932473"/>
</players>
</general>
<round no="0"><action no="1" player="deIduKA" type="15" discard="1" dealt="1" sum="5"/>
<action no="2" player="M1ky3ste92" type="15" sum="5"/>
<action no="3" player="deIduKA" type="1" discard="1" dealt="1" sum="30"/>
<action no="4" player="M1ky3ste92" type="2" sum="60"/>
</round>
<round no="1"><cards type="Pocket" player="deIduKA">X X</cards>
<cards type="Pocket" player="M1ky3ste92">D3 C10</cards>
<action no="5" player="deIduKA" type="3" discard="1" dealt="1" sum="30"/>
<action no="6" player="M1ky3ste92" type="4" sum="0"/>
</round>
<round no="2"><cards type="Flop">D8 D2 S9</cards>
<action no="7" player="M1ky3ste92" type="4" sum="0"/>
<action no="8" player="deIduKA" type="5" discard="1" dealt="1" sum="65"/>
<action no="9" player="M1ky3ste92" type="0" sum="0"/>
</round>
</game>
<game gamecode="6542369434"><general><startdate>2025-11-27 11:46:19</startdate>
<round>1</round>
<failsafecounter/>
<players><player seat="6" name="deIduKA" chips="1,197" dealer="0" win="70" bet="65" muck="1" rebuy="0" addon="0" merge="0" rebuychips="0" reg_code="5075932473"/>
<player seat="3" name="M1ky3ste92" chips="303" dealer="1" win="0" bet="35" muck="1" rebuy="0" addon="0" merge="0" rebuychips="0" reg_code="5075932018"/>
</players>
</general>
<round no="0"><action no="1" player="M1ky3ste92" type="15" sum="5"/>
<action no="2" player="deIduKA" type="15" discard="1" dealt="1" sum="5"/>
<action no="3" player="M1ky3ste92" type="1" sum="30"/>
<action no="4" player="deIduKA" type="2" discard="1" dealt="1" sum="60"/>
</round>
<round no="1"><cards type="Pocket" player="deIduKA">X X</cards>
<cards type="Pocket" player="M1ky3ste92">C6 H4</cards>
<action no="5" player="M1ky3ste92" type="0" sum="0"/>
</round>
</game>
<game gamecode="6542369450"><general><startdate>2025-11-27 11:46:31</startdate>
<round>1</round>
<failsafecounter/>
<players><player seat="3" name="M1ky3ste92" chips="268" dealer="0" win="70" bet="65" muck="1" rebuy="0" addon="0" merge="0" rebuychips="0" reg_code="5075932018"/>
<player seat="6" name="deIduKA" chips="1,232" dealer="1" win="0" bet="35" muck="1" rebuy="0" addon="0" merge="0" rebuychips="0" reg_code="5075932473"/>
</players>
</general>
<round no="0"><action no="1" player="deIduKA" type="15" discard="1" dealt="1" sum="5"/>
<action no="2" player="M1ky3ste92" type="15" sum="5"/>
<action no="3" player="deIduKA" type="1" discard="1" dealt="1" sum="30"/>
<action no="4" player="M1ky3ste92" type="2" sum="60"/>
</round>
<round no="1"><cards type="Pocket" player="deIduKA">X X</cards>
<cards type="Pocket" player="M1ky3ste92">H2 DA</cards>
<action no="5" player="deIduKA" type="0" discard="1" dealt="1" sum="0"/>
</round>
</game>
<game gamecode="6542369473"><general><startdate>2025-11-27 11:46:43</startdate>
<round>1</round>
<failsafecounter/>
<players><player seat="6" name="deIduKA" chips="1,197" dealer="0" win="0" bet="303" muck="1" rebuy="0" addon="0" merge="0" rebuychips="0" reg_code="5075932473"/>
<player seat="3" name="M1ky3ste92" chips="303" dealer="1" win="606" bet="303" muck="0" rebuy="0" addon="0" merge="0" rebuychips="0" reg_code="5075932018"/>
</players>
</general>
<round no="0"><action no="1" player="M1ky3ste92" type="15" sum="5"/>
<action no="2" player="deIduKA" type="15" discard="1" dealt="1" sum="5"/>
<action no="3" player="M1ky3ste92" type="1" sum="30"/>
<action no="4" player="deIduKA" type="2" discard="1" dealt="1" sum="60"/>
</round>
<round no="1"><cards type="Pocket" player="deIduKA">H8 D7</cards>
<cards type="Pocket" player="M1ky3ste92">H10 SJ</cards>
<action no="5" player="M1ky3ste92" type="23" sum="298"/>
<action no="6" player="deIduKA" type="3" discard="1" dealt="1" sum="238"/>
</round>
<round no="2"><cards type="Flop">D8 D10 SA</cards>
</round>
<round no="3"><cards type="Turn">C6</cards>
</round>
<round no="4"><cards type="River">S2</cards>
</round>
</game>
<game gamecode="6542369503"><general><startdate>2025-11-27 11:47:01</startdate>
<round>1</round>
<failsafecounter/>
<players><player seat="3" name="M1ky3ste92" chips="606" dealer="0" win="0" bet="88" muck="1" rebuy="0" addon="0" merge="0" rebuychips="0" reg_code="5075932018"/>
<player seat="6" name="deIduKA" chips="894" dealer="1" win="176" bet="894" muck="1" rebuy="0" addon="0" merge="0" rebuychips="0" reg_code="5075932473"/>
</players>
</general>
<round no="0"><action no="1" player="deIduKA" type="15" discard="1" dealt="1" sum="8"/>
<action no="2" player="M1ky3ste92" type="15" sum="8"/>
<action no="3" player="deIduKA" type="1" discard="1" dealt="1" sum="40"/>
<action no="4" player="M1ky3ste92" type="2" sum="80"/>
</round>
<round no="1"><cards type="Pocket" player="deIduKA">X X</cards>
<cards type="Pocket" player="M1ky3ste92">D4 C9</cards>
<action no="5" player="deIduKA" type="23" discard="1" dealt="1" sum="886"/>
<action no="6" player="M1ky3ste92" type="0" sum="0"/>
</round>
</game>
<game gamecode="6542369530"><general><startdate>2025-11-27 11:47:18</startdate>
<round>1</round>
<failsafecounter/>
<players><player seat="6" name="deIduKA" chips="982" dealer="0" win="0" bet="88" muck="1" rebuy="0" addon="0" merge="0" rebuychips="0" reg_code="5075932473"/>
<player seat="3" name="M1ky3ste92" chips="518" dealer="1" win="176" bet="518" muck="1" rebuy="0" addon="0" merge="0" rebuychips="0" reg_code="5075932018"/>
</players>
</general>
<round no="0"><action no="1" player="M1ky3ste92" type="15" sum="8"/>
<action no="2" player="deIduKA" type="15" discard="1" dealt="1" sum="8"/>
<action no="3" player="M1ky3ste92" type="1" sum="40"/>
<action no="4" player="deIduKA" type="2" discard="1" dealt="1" sum="80"/>
</round>
<round no="1"><cards type="Pocket" player="deIduKA">X X</cards>
<cards type="Pocket" player="M1ky3ste92">S7 C9</cards>
<action no="5" player="M1ky3ste92" type="23" sum="510"/>
<action no="6" player="deIduKA" type="0" discard="1" dealt="1" sum="0"/>
</round>
</game>
<game gamecode="6542369546"><general><startdate>2025-11-27 11:47:30</startdate>
<round>1</round>
<failsafecounter/>
<players><player seat="3" name="M1ky3ste92" chips="606" dealer="0" win="0" bet="606" muck="0" rebuy="0" addon="0" merge="0" rebuychips="0" reg_code="5075932018"/>
<player seat="6" name="deIduKA" chips="894" dealer="1" win="1,212" bet="894" muck="0" rebuy="0" addon="0" merge="0" rebuychips="0" reg_code="5075932473"/>
</players>
</general>
<round no="0"><action no="1" player="deIduKA" type="15" discard="1" dealt="1" sum="8"/>
<action no="2" player="M1ky3ste92" type="15" sum="8"/>
<action no="3" player="deIduKA" type="1" discard="1" dealt="1" sum="40"/>
<action no="4" player="M1ky3ste92" type="2" sum="80"/>
</round>
<round no="1"><cards type="Pocket" player="M1ky3ste92">S10 HJ</cards>
<cards type="Pocket" player="deIduKA">D8 SQ</cards>
<action no="5" player="deIduKA" type="23" discard="1" dealt="1" sum="886"/>
<action no="6" player="M1ky3ste92" type="7" sum="518"/>
</round>
<round no="2"><cards type="Flop">S8 H7 D6</cards>
</round>
<round no="3"><cards type="Turn">C5</cards>
</round>
<round no="4"><cards type="River">DA</cards>
</round>
</game>
</session>
