<?xml version="1.0" encoding="UTF-8"?>
<session sessioncode="5075740122">
<general>
<client_version>25.7.1.34</client_version>
<mode>real</mode>
<gametype>Holdem NL</gametype>
<tablename>Twister €100 SNG, 822483068</tablename>
<tournamentcode>822483067</tournamentcode>
<tournamentname>Twister €100 SNG</tournamentname>
<buyin>€0 + €7 + €93</buyin>
<totalbuyin>€100</totalbuyin>
<rewarddrawn>€300</rewarddrawn>
<tournamentcurrency>EUR</tournamentcurrency>
<currency>EUR</currency>
<nickname>M1ky3ste92</nickname>
<gamecount>1</gamecount>
<startdate>2025-11-26 16:30:03</startdate>
<place>3</place>
<win>€0</win>
<tablesize>3</tablesize>
</general>
<game gamecode="6541665785"><general><startdate>2025-11-26 16:30:18</startdate>
<round>1</round>
<failsafecounter/>
<players><player seat="3" name="M1ky3ste92" chips="500" dealer="0" win="0" bet="500" muck="0" rebuy="0" addon="0" merge="0" rebuychips="0" reg_code="5075740122"/>
<player seat="6" name="mocciolocaldo" chips="500" dealer="1" win="1,010" bet="500" muck="0" rebuy="0" addon="0" merge="0" rebuychips="0" reg_code="5075740131"/>
<player seat="10" name="ilCapo6" chips="500" dealer="0" win="0" bet="10" muck="1" rebuy="0" addon="0" merge="0" rebuychips="0" reg_code="5075740141"/>
</players>
</general>
<round no="0"><action no="1" player="ilCapo6" type="1" discard="1" dealt="1" sum="10"/>
<action no="2" player="M1ky3ste92" type="2" sum="20"/>
</round>
<round no="1"><cards type="Pocket" player="M1ky3ste92">CJ SJ</cards>
<cards type="Pocket" player="ilCapo6">X X</cards>
<cards type="Pocket" player="mocciolocaldo">SA CA</cards>
<action no="3" player="mocciolocaldo" type="23" discard="1" dealt="1" sum="40"/>
<action no="4" player="ilCapo6" type="0" discard="1" dealt="1" sum="0"/>
<action no="5" player="M1ky3ste92" type="23" sum="120"/>
<action no="6" player="mocciolocaldo" type="23" discard="1" dealt="1" sum="200"/>
<action no="7" player="M1ky3ste92" type="23" sum="500"/>
<action no="8" player="mocciolocaldo" type="7" discard="1" dealt="1" sum="300"/>
</round>
<round no="2"><cards type="Flop">C2 DA H8</cards>
</round>
<round no="3"><cards type="Turn">S6</cards>
</round>
<round no="4"><cards type="River">CK</cards>
</round>
</game>
</session>
