<?xml version="1.0" encoding="UTF-8"?>
<session sessioncode="5076510247">
<general>
<client_version>25.7.1.34</client_version>
<mode>real</mode>
<gametype>Holdem NL</gametype>
<tablename>Twister €100 SNG, 822673306</tablename>
<tournamentcode>822673305</tournamentcode>
<tournamentname>Twister €100 SNG</tournamentname>
<buyin>€0 + €7 + €93</buyin>
<totalbuyin>€100</totalbuyin>
<rewarddrawn>€200</rewarddrawn>
<tournamentcurrency>EUR</tournamentcurrency>
<currency>EUR</currency>
<nickname>M1ky3ste92</nickname>
<gamecount>18</gamecount>
<startdate>2025-11-29 13:25:10</startdate>
<place>3</place>
<win>€0</win>
<tablesize>3</tablesize>
</general>
<game gamecode="6544218437"><general><startdate>2025-11-29 13:25:26</startdate>
<round>1</round>
<failsafecounter/>
<players><player seat="6" name="IamtheGoat" chips="500" dealer="0" win="0" bet="20" muck="1" rebuy="0" addon="0" merge="0" rebuychips="0" reg_code="5076511226"/>
<player seat="10" name="king8000" chips="500" dealer="1" win="50" bet="60" muck="1" rebuy="0" addon="0" merge="0" rebuychips="0" reg_code="5076511700"/>
<player seat="3" name="M1ky3ste92" chips="500" dealer="0" win="0" bet="10" muck="1" rebuy="0" addon="0" merge="0" rebuychips="0" reg_code="5076510247"/>
</players>
</general>
<round no="0"><action no="1" player="M1ky3ste92" type="1" sum="10"/>
<action no="2" player="IamtheGoat" type="2" discard="1" dealt="1" sum="20"/>
</round>
<round no="1"><cards type="Pocket" player="IamtheGoat">X X</cards>
<cards type="Pocket" player="king8000">X X</cards>
<cards type="Pocket" player="M1ky3ste92">S10 H2</cards>
<action no="3" player="king8000" type="23" discard="1" dealt="1" sum="60"/>
<action no="4" player="M1ky3ste92" type="0" sum="0"/>
<action no="5" player="IamtheGoat" type="0" discard="1" dealt="1" sum="0"/>
</round>
</game>
<game gamecode="6544218443"><general><startdate>2025-11-29 13:25:34</startdate>
<round>1</round>
<failsafecounter/>
<players><player seat="10" name="king8000" chips="530" dealer="0" win="192" bet="152" muck="1" rebuy="0" addon="0" merge="0" rebuychips="0" reg_code="5076511700"/>
<player seat="3" name="M1ky3ste92" chips="490" dealer="1" win="0" bet="0" muck="1" rebuy="0" addon="0" merge="0" rebuychips="0" reg_code="5076510247"/>
<player seat="6" name="IamtheGoat" chips="480" dealer="0" win="0" bet="96" muck="1" rebuy="0" addon="0" merge="0" rebuychips="0" reg_code="5076511226"/>
</players>
</general>
<round no="0"><action no="1" player="IamtheGoat" type="1" discard="1" dealt="1" sum="10"/>
<action no="2" player="king8000" type="2" discard="1" dealt="1" sum="20"/>
</round>
<round no="1"><cards type="Pocket" player="M1ky3ste92">D5 C2</cards>
<cards type="Pocket" player="IamtheGoat">X X</cards>
<cards type="Pocket" player="king8000">X X</cards>
<action no="3" player="M1ky3ste92" type="0" sum="0"/>
<action no="4" player="IamtheGoat" type="3" discard="1" dealt="1" sum="10"/>
<action no="5" player="king8000" type="4" discard="1" dealt="1" sum="0"/>
</round>
<round no="2"><cards type="Flop">D3 C9 D6</cards>
<action no="6" player="IamtheGoat" type="4" discard="1" dealt="1" sum="0"/>
<action no="7" player="king8000" type="5" discard="1" dealt="1" sum="20"/>
<action no="8" player="IamtheGoat" type="3" discard="1" dealt="1" sum="20"/>
</round>
<round no="3"><cards type="Turn">HJ</cards>
<action no="9" player="IamtheGoat" type="4" discard="1" dealt="1" sum="0"/>
<action no="10" player="king8000" type="4" discard="1" dealt="1" sum="0"/>
</round>
<round no="4"><cards type="River">H2</cards>
<action no="11" player="IamtheGoat" type="5" discard="1" dealt="1" sum="56"/>
<action no="12" player="king8000" type="23" discard="1" dealt="1" sum="112"/>
<action no="13" player="IamtheGoat" type="0" discard="1" dealt="1" sum="0"/>
</round>
</game>
<game gamecode="6544218474"><general><startdate>2025-11-29 13:25:56</startdate>
<round>1</round>
<failsafecounter/>
<players><player seat="3" name="M1ky3ste92" chips="490" dealer="0" win="0" bet="40" muck="1" rebuy="0" addon="0" merge="0" rebuychips="0" reg_code="5076510247"/>
<player seat="6" name="IamtheGoat" chips="384" dealer="1" win="0" bet="0" muck="1" rebuy="0" addon="0" merge="0" rebuychips="0" reg_code="5076511226"/>
<player seat="10" name="king8000" chips="626" dealer="0" win="80" bet="60" muck="1" rebuy="0" addon="0" merge="0" rebuychips="0" reg_code="5076511700"/>
</players>
</general>
<round no="0"><action no="1" player="king8000" type="1" discard="1" dealt="1" sum="10"/>
<action no="2" player="M1ky3ste92" type="2" sum="20"/>
</round>
<round no="1"><cards type="Pocket" player="king8000">X X</cards>
<cards type="Pocket" player="M1ky3ste92">DQ S7</cards>
<cards type="Pocket" player="IamtheGoat">X X</cards>
<action no="3" player="IamtheGoat" type="0" discard="1" dealt="1" sum="0"/>
<action no="4" player="king8000" type="23" discard="1" dealt="1" sum="40"/>
<action no="5" player="M1ky3ste92" type="3" sum="20"/>
</round>
<round no="2"><cards type="Flop">D8 HK S10</cards>
<action no="6" player="king8000" type="5" discard="1" dealt="1" sum="20"/>
<action no="7" player="M1ky3ste92" type="0" sum="0"/>
</round>
</game>
<game gamecode="6544218504"><general><startdate>2025-11-29 13:26:17</startdate>
<round>1</round>
<failsafecounter/>
<players><player seat="6" name="IamtheGoat" chips="384" dealer="0" win="330" bet="384" muck="1" rebuy="0" addon="0" merge="0" rebuychips="0" reg_code="5076511226"/>
<player seat="10" name="king8000" chips="666" dealer="1" win="0" bet="160" muck="1" rebuy="0" addon="0" merge="0" rebuychips="0" reg_code="5076511700"/>
<player seat="3" name="M1ky3ste92" chips="450" dealer="0" win="0" bet="10" muck="1" rebuy="0" addon="0" merge="0" rebuychips="0" reg_code="5076510247"/>
</players>
</general>
<round no="0"><action no="1" player="M1ky3ste92" type="1" sum="10"/>
<action no="2" player="IamtheGoat" type="2" discard="1" dealt="1" sum="20"/>
</round>
<round no="1"><cards type="Pocket" player="IamtheGoat">X X</cards>
<cards type="Pocket" player="M1ky3ste92">H4 CJ</cards>
<cards type="Pocket" player="king8000">X X</cards>
<action no="3" player="king8000" type="23" discard="1" dealt="1" sum="40"/>
<action no="4" player="M1ky3ste92" type="0" sum="0"/>
<action no="5" player="IamtheGoat" type="23" discard="1" dealt="1" sum="160"/>
<action no="6" player="king8000" type="3" discard="1" dealt="1" sum="120"/>
</round>
<round no="2"><cards type="Flop">CA DJ D6</cards>
<action no="7" player="IamtheGoat" type="5" discard="1" dealt="1" sum="224"/>
<action no="8" player="king8000" type="0" discard="1" dealt="1" sum="0"/>
</round>
</game>
<game gamecode="6544218526"><general><startdate>2025-11-29 13:26:33</startdate>
<round>1</round>
<failsafecounter/>
<players><player seat="10" name="king8000" chips="506" dealer="0" win="0" bet="240" muck="1" rebuy="0" addon="0" merge="0" rebuychips="0" reg_code="5076511700"/>
<player seat="3" name="M1ky3ste92" chips="440" dealer="1" win="0" bet="0" muck="1" rebuy="0" addon="0" merge="0" rebuychips="0" reg_code="5076510247"/>
<player seat="6" name="IamtheGoat" chips="554" dealer="0" win="480" bet="554" muck="1" rebuy="0" addon="0" merge="0" rebuychips="0" reg_code="5076511226"/>
</players>
</general>
<round no="0"><action no="1" player="IamtheGoat" type="1" discard="1" dealt="1" sum="10"/>
<action no="2" player="king8000" type="2" discard="1" dealt="1" sum="20"/>
</round>
<round no="1"><cards type="Pocket" player="IamtheGoat">X X</cards>
<cards type="Pocket" player="M1ky3ste92">S7 C6</cards>
<cards type="Pocket" player="king8000">X X</cards>
<action no="3" player="M1ky3ste92" type="0" sum="0"/>
<action no="4" player="IamtheGoat" type="23" discard="1" dealt="1" sum="40"/>
<action no="5" player="king8000" type="23" discard="1" dealt="1" sum="80"/>
<action no="6" player="IamtheGoat" type="3" discard="1" dealt="1" sum="40"/>
</round>
<round no="2"><cards type="Flop">S6 SK D8</cards>
<action no="7" player="IamtheGoat" type="4" discard="1" dealt="1" sum="0"/>
<action no="8" player="king8000" type="4" discard="1" dealt="1" sum="0"/>
</round>
<round no="3"><cards type="Turn">C4</cards>
<action no="9" player="IamtheGoat" type="5" discard="1" dealt="1" sum="160"/>
<action no="10" player="king8000" type="3" discard="1" dealt="1" sum="160"/>
</round>
<round no="4"><cards type="River">HK</cards>
<action no="11" player="IamtheGoat" type="5" discard="1" dealt="1" sum="314"/>
<action no="12" player="king8000" type="0" discard="1" dealt="1" sum="0"/>
</round>
</game>
<game gamecode="6544218554"><general><startdate>2025-11-29 13:26:54</startdate>
<round>1</round>
<failsafecounter/>
<players><player seat="3" name="M1ky3ste92" chips="440" dealer="0" win="0" bet="20" muck="1" rebuy="0" addon="0" merge="0" rebuychips="0" reg_code="5076510247"/>
<player seat="6" name="IamtheGoat" chips="794" dealer="1" win="100" bet="140" muck="0" rebuy="0" addon="0" merge="0" rebuychips="0" reg_code="5076511226"/>
<player seat="10" name="king8000" chips="266" dealer="0" win="0" bet="40" muck="1" rebuy="0" addon="0" merge="0" rebuychips="0" reg_code="5076511700"/>
</players>
</general>
<round no="0"><action no="1" player="king8000" type="1" discard="1" dealt="1" sum="10"/>
<action no="2" player="M1ky3ste92" type="2" sum="20"/>
</round>
<round no="1"><cards type="Pocket" player="M1ky3ste92">H8 H3</cards>
<cards type="Pocket" player="IamtheGoat">D6 D7</cards>
<cards type="Pocket" player="king8000">X X</cards>
<action no="3" player="IamtheGoat" type="23" discard="1" dealt="1" sum="40"/>
<action no="4" player="king8000" type="3" discard="1" dealt="1" sum="30"/>
<action no="5" player="M1ky3ste92" type="0" sum="0"/>
</round>
<round no="2"><cards type="Flop">C5 SA DK</cards>
<action no="6" player="king8000" type="4" discard="1" dealt="1" sum="0"/>
<action no="7" player="IamtheGoat" type="4" discard="1" dealt="1" sum="0"/>
</round>
<round no="3"><cards type="Turn">CK</cards>
<action no="8" player="king8000" type="4" discard="1" dealt="1" sum="0"/>
<action no="9" player="IamtheGoat" type="4" discard="1" dealt="1" sum="0"/>
</round>
<round no="4"><cards type="River">H5</cards>
<action no="10" player="king8000" type="4" discard="1" dealt="1" sum="0"/>
<action no="11" player="IamtheGoat" type="5" discard="1" dealt="1" sum="100"/>
<action no="12" player="king8000" type="0" discard="1" dealt="1" sum="0"/>
</round>
</game>
<game gamecode="6544218588"><general><startdate>2025-11-29 13:27:09</startdate>
<round>1</round>
<failsafecounter/>
<players><player seat="6" name="IamtheGoat" chips="854" dealer="0" win="0" bet="35" muck="1" rebuy="0" addon="0" merge="0" rebuychips="0" reg_code="5076511226"/>
<player seat="10" name="king8000" chips="226" dealer="1" win="90" bet="65" muck="1" rebuy="0" addon="0" merge="0" rebuychips="0" reg_code="5076511700"/>
<player seat="3" name="M1ky3ste92" chips="420" dealer="0" win="0" bet="20" muck="1" rebuy="0" addon="0" merge="0" rebuychips="0" reg_code="5076510247"/>
</players>
</general>
<round no="0"><action no="1" player="M1ky3ste92" type="15" sum="5"/>
<action no="2" player="IamtheGoat" type="15" discard="1" dealt="1" sum="5"/>
<action no="3" player="king8000" type="15" discard="1" dealt="1" sum="5"/>
<action no="4" player="M1ky3ste92" type="1" sum="15"/>
<action no="5" player="IamtheGoat" type="2" discard="1" dealt="1" sum="30"/>
</round>
<round no="1"><cards type="Pocket" player="IamtheGoat">X X</cards>
<cards type="Pocket" player="M1ky3ste92">H9 C5</cards>
<cards type="Pocket" player="king8000">X X</cards>
<action no="6" player="king8000" type="23" discard="1" dealt="1" sum="60"/>
<action no="7" player="M1ky3ste92" type="0" sum="0"/>
<action no="8" player="IamtheGoat" type="0" discard="1" dealt="1" sum="0"/>
</round>
</game>
<game gamecode="6544218599"><general><startdate>2025-11-29 13:27:19</startdate>
<round>1</round>
<failsafecounter/>
<players><player seat="10" name="king8000" chips="281" dealer="0" win="75" bet="65" muck="1" rebuy="0" addon="0" merge="0" rebuychips="0" reg_code="5076511700"/>
<player seat="3" name="M1ky3ste92" chips="400" dealer="1" win="0" bet="5" muck="1" rebuy="0" addon="0" merge="0" rebuychips="0" reg_code="5076510247"/>
<player seat="6" name="IamtheGoat" chips="819" dealer="0" win="0" bet="35" muck="1" rebuy="0" addon="0" merge="0" rebuychips="0" reg_code="5076511226"/>
</players>
</general>
<round no="0"><action no="1" player="IamtheGoat" type="15" discard="1" dealt="1" sum="5"/>
<action no="2" player="king8000" type="15" discard="1" dealt="1" sum="5"/>
<action no="3" player="M1ky3ste92" type="15" sum="5"/>
<action no="4" player="IamtheGoat" type="1" discard="1" dealt="1" sum="15"/>
<action no="5" player="king8000" type="2" discard="1" dealt="1" sum="30"/>
</round>
<round no="1"><cards type="Pocket" player="IamtheGoat">X X</cards>
<cards type="Pocket" player="M1ky3ste92">C6 S9</cards>
<cards type="Pocket" player="king8000">X X</cards>
<action no="6" player="M1ky3ste92" type="0" sum="0"/>
<action no="7" player="IamtheGoat" type="3" discard="1" dealt="1" sum="15"/>
<action no="8" player="king8000" type="4" discard="1" dealt="1" sum="0"/>
</round>
<round no="2"><cards type="Flop">SQ C8 S3</cards>
<action no="9" player="IamtheGoat" type="4" discard="1" dealt="1" sum="0"/>
<action no="10" player="king8000" type="4" discard="1" dealt="1" sum="0"/>
</round>
<round no="3"><cards type="Turn">C9</cards>
<action no="11" player="IamtheGoat" type="4" discard="1" dealt="1" sum="0"/>
<action no="12" player="king8000" type="5" discard="1" dealt="1" sum="30"/>
<action no="13" player="IamtheGoat" type="0" discard="1" dealt="1" sum="0"/>
</round>
</game>
<game gamecode="6544218620"><general><startdate>2025-11-29 13:27:31</startdate>
<round>1</round>
<failsafecounter/>
<players><player seat="3" name="M1ky3ste92" chips="395" dealer="0" win="105" bet="395" muck="1" rebuy="0" addon="0" merge="0" rebuychips="0" reg_code="5076510247"/>
<player seat="6" name="IamtheGoat" chips="784" dealer="1" win="0" bet="35" muck="1" rebuy="0" addon="0" merge="0" rebuychips="0" reg_code="5076511226"/>
<player seat="10" name="king8000" chips="321" dealer="0" win="0" bet="35" muck="1" rebuy="0" addon="0" merge="0" rebuychips="0" reg_code="5076511700"/>
</players>
</general>
<round no="0"><action no="1" player="king8000" type="15" discard="1" dealt="1" sum="5"/>
<action no="2" player="M1ky3ste92" type="15" sum="5"/>
<action no="3" player="IamtheGoat" type="15" discard="1" dealt="1" sum="5"/>
<action no="4" player="king8000" type="1" discard="1" dealt="1" sum="15"/>
<action no="5" player="M1ky3ste92" type="2" sum="30"/>
</round>
<round no="1"><cards type="Pocket" player="IamtheGoat">X X</cards>
<cards type="Pocket" player="M1ky3ste92">C10 H10</cards>
<cards type="Pocket" player="king8000">X X</cards>
<action no="6" player="IamtheGoat" type="3" discard="1" dealt="1" sum="30"/>
<action no="7" player="king8000" type="3" discard="1" dealt="1" sum="15"/>
<action no="8" player="M1ky3ste92" type="23" sum="390"/>
<action no="9" player="IamtheGoat" type="0" discard="1" dealt="1" sum="0"/>
<action no="10" player="king8000" type="0" discard="1" dealt="1" sum="0"/>
</round>
</game>
<game gamecode="6544218634"><general><startdate>2025-11-29 13:27:41</startdate>
<round>1</round>
<failsafecounter/>
<players><player seat="6" name="IamtheGoat" chips="749" dealer="0" win="0" bet="35" muck="1" rebuy="0" addon="0" merge="0" rebuychips="0" reg_code="5076511226"/>
<player seat="10" name="king8000" chips="286" dealer="1" win="90" bet="125" muck="1" rebuy="0" addon="0" merge="0" rebuychips="0" reg_code="5076511700"/>
<player seat="3" name="M1ky3ste92" chips="465" dealer="0" win="0" bet="20" muck="1" rebuy="0" addon="0" merge="0" rebuychips="0" reg_code="5076510247"/>
</players>
</general>
<round no="0"><action no="1" player="M1ky3ste92" type="15" sum="5"/>
<action no="2" player="IamtheGoat" type="15" discard="1" dealt="1" sum="5"/>
<action no="3" player="king8000" type="15" discard="1" dealt="1" sum="5"/>
<action no="4" player="M1ky3ste92" type="1" sum="15"/>
<action no="5" player="IamtheGoat" type="2" discard="1" dealt="1" sum="30"/>
</round>
<round no="1"><cards type="Pocket" player="king8000">X X</cards>
<cards type="Pocket" player="IamtheGoat">X X</cards>
<cards type="Pocket" player="M1ky3ste92">H9 C3</cards>
<action no="6" player="king8000" type="3" discard="1" dealt="1" sum="30"/>
<action no="7" player="M1ky3ste92" type="0" sum="0"/>
<action no="8" player="IamtheGoat" type="4" discard="1" dealt="1" sum="0"/>
</round>
<round no="2"><cards type="Flop">D4 H6 C4</cards>
<action no="9" player="IamtheGoat" type="4" discard="1" dealt="1" sum="0"/>
<action no="10" player="king8000" type="4" discard="1" dealt="1" sum="0"/>
</round>
<round no="3"><cards type="Turn">S10</cards>
<action no="11" player="IamtheGoat" type="4" discard="1" dealt="1" sum="0"/>
<action no="12" player="king8000" type="4" discard="1" dealt="1" sum="0"/>
</round>
<round no="4"><cards type="River">C10</cards>
<action no="13" player="IamtheGoat" type="4" discard="1" dealt="1" sum="0"/>
<action no="14" player="king8000" type="5" discard="1" dealt="1" sum="90"/>
<action no="15" player="IamtheGoat" type="0" discard="1" dealt="1" sum="0"/>
</round>
</game>
<game gamecode="6544218662"><general><startdate>2025-11-29 13:28:01</startdate>
<round>1</round>
<failsafecounter/>
<players><player seat="10" name="king8000" chips="341" dealer="0" win="0" bet="35" muck="1" rebuy="0" addon="0" merge="0" rebuychips="0" reg_code="5076511700"/>
<player seat="3" name="M1ky3ste92" chips="445" dealer="1" win="90" bet="445" muck="1" rebuy="0" addon="0" merge="0" rebuychips="0" reg_code="5076510247"/>
<player seat="6" name="IamtheGoat" chips="714" dealer="0" win="0" bet="20" muck="1" rebuy="0" addon="0" merge="0" rebuychips="0" reg_code="5076511226"/>
</players>
</general>
<round no="0"><action no="1" player="IamtheGoat" type="15" discard="1" dealt="1" sum="5"/>
<action no="2" player="king8000" type="15" discard="1" dealt="1" sum="5"/>
<action no="3" player="M1ky3ste92" type="15" sum="5"/>
<action no="4" player="IamtheGoat" type="1" discard="1" dealt="1" sum="15"/>
<action no="5" player="king8000" type="2" discard="1" dealt="1" sum="30"/>
</round>
<round no="1"><cards type="Pocket" player="IamtheGoat">X X</cards>
<cards type="Pocket" player="king8000">X X</cards>
<cards type="Pocket" player="M1ky3ste92">CJ HA</cards>
<action no="6" player="M1ky3ste92" type="23" sum="440"/>
<action no="7" player="IamtheGoat" type="0" discard="1" dealt="1" sum="0"/>
<action no="8" player="king8000" type="0" discard="1" dealt="1" sum="0"/>
</round>
</game>
<game gamecode="6544218689"><general><startdate>2025-11-29 13:28:16</startdate>
<round>1</round>
<failsafecounter/>
<players><player seat="3" name="M1ky3ste92" chips="500" dealer="0" win="388" bet="500" muck="0" rebuy="0" addon="0" merge="0" rebuychips="0" reg_code="5076510247"/>
<player seat="6" name="IamtheGoat" chips="694" dealer="1" win="0" bet="694" muck="1" rebuy="0" addon="0" merge="0" rebuychips="0" reg_code="5076511226"/>
<player seat="10" name="king8000" chips="306" dealer="0" win="918" bet="306" muck="0" rebuy="0" addon="0" merge="0" rebuychips="0" reg_code="5076511700"/>
</players>
</general>
<round no="0"><action no="1" player="king8000" type="15" discard="1" dealt="1" sum="5"/>
<action no="2" player="M1ky3ste92" type="15" sum="5"/>
<action no="3" player="IamtheGoat" type="15" discard="1" dealt="1" sum="5"/>
<action no="4" player="king8000" type="1" discard="1" dealt="1" sum="15"/>
<action no="5" player="M1ky3ste92" type="2" sum="30"/>
</round>
<round no="1"><cards type="Pocket" player="king8000">S6 D6</cards>
<cards type="Pocket" player="IamtheGoat">HA H2</cards>
<cards type="Pocket" player="M1ky3ste92">CA SK</cards>
<action no="6" player="IamtheGoat" type="23" discard="1" dealt="1" sum="689"/>
<action no="7" player="king8000" type="7" discard="1" dealt="1" sum="286"/>
<action no="8" player="M1ky3ste92" type="7" sum="465"/>
</round>
<round no="2"><cards type="Flop">D10 D4 DJ</cards>
</round>
<round no="3"><cards type="Turn">D8</cards>
</round>
<round no="4"><cards type="River">C10</cards>
</round>
</game>
<game gamecode="6544218715"><general><startdate>2025-11-29 13:28:34</startdate>
<round>1</round>
<failsafecounter/>
<players><player seat="6" name="IamtheGoat" chips="194" dealer="0" win="45" bet="35" muck="1" rebuy="0" addon="0" merge="0" rebuychips="0" reg_code="5076511226"/>
<player seat="10" name="king8000" chips="918" dealer="1" win="0" bet="5" muck="1" rebuy="0" addon="0" merge="0" rebuychips="0" reg_code="5076511700"/>
<player seat="3" name="M1ky3ste92" chips="388" dealer="0" win="0" bet="20" muck="1" rebuy="0" addon="0" merge="0" rebuychips="0" reg_code="5076510247"/>
</players>
</general>
<round no="0"><action no="1" player="M1ky3ste92" type="15" sum="5"/>
<action no="2" player="IamtheGoat" type="15" discard="1" dealt="1" sum="5"/>
<action no="3" player="king8000" type="15" discard="1" dealt="1" sum="5"/>
<action no="4" player="M1ky3ste92" type="1" sum="15"/>
<action no="5" player="IamtheGoat" type="2" discard="1" dealt="1" sum="30"/>
</round>
<round no="1"><cards type="Pocket" player="M1ky3ste92">C6 S10</cards>
<cards type="Pocket" player="king8000">X X</cards>
<cards type="Pocket" player="IamtheGoat">X X</cards>
<action no="6" player="king8000" type="0" discard="1" dealt="1" sum="0"/>
<action no="7" player="M1ky3ste92" type="0" sum="0"/>
</round>
</game>
<game gamecode="6544218734"><general><startdate>2025-11-29 13:28:45</startdate>
<round>1</round>
<failsafecounter/>
<players><player seat="10" name="king8000" chips="913" dealer="0" win="0" bet="219" muck="1" rebuy="0" addon="0" merge="0" rebuychips="0" reg_code="5076511700"/>
<player seat="3" name="M1ky3ste92" chips="368" dealer="1" win="0" bet="5" muck="1" rebuy="0" addon="0" merge="0" rebuychips="0" reg_code="5076510247"/>
<player seat="6" name="IamtheGoat" chips="219" dealer="0" win="443" bet="219" muck="0" rebuy="0" addon="0" merge="0" rebuychips="0" reg_code="5076511226"/>
</players>
</general>
<round no="0"><action no="1" player="IamtheGoat" type="15" discard="1" dealt="1" sum="5"/>
<action no="2" player="king8000" type="15" discard="1" dealt="1" sum="5"/>
<action no="3" player="M1ky3ste92" type="15" sum="5"/>
<action no="4" player="IamtheGoat" type="1" discard="1" dealt="1" sum="20"/>
<action no="5" player="king8000" type="2" discard="1" dealt="1" sum="40"/>
</round>
<round no="1"><cards type="Pocket" player="king8000">D10 HK</cards>
<cards type="Pocket" player="IamtheGoat">DA D3</cards>
<cards type="Pocket" player="M1ky3ste92">C7 S3</cards>
<action no="6" player="M1ky3ste92" type="0" sum="0"/>
<action no="7" player="IamtheGoat" type="23" discard="1" dealt="1" sum="214"/>
<action no="8" player="king8000" type="3" discard="1" dealt="1" sum="174"/>
</round>
<round no="2"><cards type="Flop">C10 S5 CA</cards>
</round>
<round no="3"><cards type="Turn">HA</cards>
</round>
<round no="4"><cards type="River">C9</cards>
</round>
</game>
<game gamecode="6544218755"><general><startdate>2025-11-29 13:29:02</startdate>
<round>1</round>
<failsafecounter/>
<players><player seat="3" name="M1ky3ste92" chips="363" dealer="0" win="731" bet="363" muck="0" rebuy="0" addon="0" merge="0" rebuychips="0" reg_code="5076510247"/>
<player seat="6" name="IamtheGoat" chips="443" dealer="1" win="0" bet="5" muck="1" rebuy="0" addon="0" merge="0" rebuychips="0" reg_code="5076511226"/>
<player seat="10" name="king8000" chips="694" dealer="0" win="0" bet="363" muck="1" rebuy="0" addon="0" merge="0" rebuychips="0" reg_code="5076511700"/>
</players>
</general>
<round no="0"><action no="1" player="king8000" type="15" discard="1" dealt="1" sum="5"/>
<action no="2" player="M1ky3ste92" type="15" sum="5"/>
<action no="3" player="IamtheGoat" type="15" discard="1" dealt="1" sum="5"/>
<action no="4" player="king8000" type="1" discard="1" dealt="1" sum="20"/>
<action no="5" player="M1ky3ste92" type="2" sum="40"/>
</round>
<round no="1"><cards type="Pocket" player="M1ky3ste92">DA H6</cards>
<cards type="Pocket" player="king8000">DK DJ</cards>
<cards type="Pocket" player="IamtheGoat">X X</cards>
<action no="6" player="IamtheGoat" type="0" discard="1" dealt="1" sum="0"/>
<action no="7" player="king8000" type="23" discard="1" dealt="1" sum="80"/>
<action no="8" player="M1ky3ste92" type="23" sum="358"/>
<action no="9" player="king8000" type="3" discard="1" dealt="1" sum="278"/>
</round>
<round no="2"><cards type="Flop">H4 D9 S5</cards>
</round>
<round no="3"><cards type="Turn">S2</cards>
</round>
<round no="4"><cards type="River">H3</cards>
</round>
</game>
<game gamecode="6544218786"><general><startdate>2025-11-29 13:29:20</startdate>
<round>1</round>
<failsafecounter/>
<players><player seat="6" name="IamtheGoat" chips="438" dealer="0" win="921" bet="438" muck="0" rebuy="0" addon="0" merge="0" rebuychips="0" reg_code="5076511226"/>
<player seat="10" name="king8000" chips="331" dealer="1" win="0" bet="45" muck="1" rebuy="0" addon="0" merge="0" rebuychips="0" reg_code="5076511700"/>
<player seat="3" name="M1ky3ste92" chips="731" dealer="0" win="0" bet="731" muck="0" rebuy="0" addon="0" merge="0" rebuychips="0" reg_code="5076510247"/>
</players>
</general>
<round no="0"><action no="1" player="M1ky3ste92" type="15" sum="5"/>
<action no="2" player="IamtheGoat" type="15" discard="1" dealt="1" sum="5"/>
<action no="3" player="king8000" type="15" discard="1" dealt="1" sum="5"/>
<action no="4" player="M1ky3ste92" type="1" sum="20"/>
<action no="5" player="IamtheGoat" type="2" discard="1" dealt="1" sum="40"/>
</round>
<round no="1"><cards type="Pocket" player="IamtheGoat">S9 H9</cards>
<cards type="Pocket" player="king8000">X X</cards>
<cards type="Pocket" player="M1ky3ste92">H5 D5</cards>
<action no="6" player="king8000" type="3" discard="1" dealt="1" sum="40"/>
<action no="7" player="M1ky3ste92" type="23" sum="726"/>
<action no="8" player="IamtheGoat" type="7" discard="1" dealt="1" sum="393"/>
<action no="9" player="king8000" type="0" discard="1" dealt="1" sum="0"/>
</round>
<round no="2"><cards type="Flop">D9 C2 HK</cards>
</round>
<round no="3"><cards type="Turn">S3</cards>
</round>
<round no="4"><cards type="River">CQ</cards>
</round>
</game>
<game gamecode="6544218815"><general><startdate>2025-11-29 13:29:37</startdate>
<round>1</round>
<failsafecounter/>
<players><player seat="10" name="king8000" chips="286" dealer="0" win="597" bet="286" muck="0" rebuy="0" addon="0" merge="0" rebuychips="0" reg_code="5076511700"/>
<player seat="3" name="M1ky3ste92" chips="293" dealer="1" win="0" bet="293" muck="1" rebuy="0" addon="0" merge="0" rebuychips="0" reg_code="5076510247"/>
<player seat="6" name="IamtheGoat" chips="921" dealer="0" win="0" bet="25" muck="1" rebuy="0" addon="0" merge="0" rebuychips="0" reg_code="5076511226"/>
</players>
</general>
<round no="0"><action no="1" player="IamtheGoat" type="15" discard="1" dealt="1" sum="5"/>
<action no="2" player="king8000" type="15" discard="1" dealt="1" sum="5"/>
<action no="3" player="M1ky3ste92" type="15" sum="5"/>
<action no="4" player="IamtheGoat" type="1" discard="1" dealt="1" sum="20"/>
<action no="5" player="king8000" type="2" discard="1" dealt="1" sum="40"/>
</round>
<round no="1"><cards type="Pocket" player="king8000">H2 DQ</cards>
<cards type="Pocket" player="M1ky3ste92">SJ C9</cards>
<cards type="Pocket" player="IamtheGoat">X X</cards>
<action no="6" player="M1ky3ste92" type="23" sum="288"/>
<action no="7" player="IamtheGoat" type="0" discard="1" dealt="1" sum="0"/>
<action no="8" player="king8000" type="7" discard="1" dealt="1" sum="241"/>
</round>
<round no="2"><cards type="Flop">H10 C4 D2</cards>
</round>
<round no="3"><cards type="Turn">SA</cards>
</round>
<round no="4"><cards type="River">C6</cards>
</round>
</game>
<game gamecode="6544218841"><general><startdate>2025-11-29 13:29:54</startdate>
<round>1</round>
<failsafecounter/>
<players><player seat="3" name="M1ky3ste92" chips="7" dealer="0" win="0" bet="7" muck="0" rebuy="0" addon="0" merge="0" rebuychips="0" reg_code="5076510247"/>
<player seat="6" name="IamtheGoat" chips="896" dealer="1" win="0" bet="5" muck="1" rebuy="0" addon="0" merge="0" rebuychips="0" reg_code="5076511226"/>
<player seat="10" name="king8000" chips="597" dealer="0" win="19" bet="25" muck="0" rebuy="0" addon="0" merge="0" rebuychips="0" reg_code="5076511700"/>
</players>
</general>
<round no="0"><action no="1" player="king8000" type="15" discard="1" dealt="1" sum="5"/>
<action no="2" player="M1ky3ste92" type="15" sum="5"/>
<action no="3" player="IamtheGoat" type="15" discard="1" dealt="1" sum="5"/>
<action no="4" player="king8000" type="1" discard="1" dealt="1" sum="20"/>
<action no="5" player="M1ky3ste92" type="2" sum="2"/>
</round>
<round no="1"><cards type="Pocket" player="M1ky3ste92">C9 C7</cards>
<cards type="Pocket" player="IamtheGoat">X X</cards>
<cards type="Pocket" player="king8000">SA D7</cards>
<action no="6" player="IamtheGoat" type="0" discard="1" dealt="1" sum="0"/>
</round>
<round no="2"><cards type="Flop">HJ DJ H3</cards>
</round>
<round no="3"><cards type="Turn">HQ</cards>
</round>
<round no="4"><cards type="River">D5</cards>
</round>
</game>
</session>
