<?xml version="1.0" encoding="UTF-8"?>
<session sessioncode="5076235670">
<general>
<client_version>25.7.1.34</client_version>
<mode>real</mode>
<gametype>Holdem NL</gametype>
<tablename>Twister €100 SNG, 822605954</tablename>
<tournamentcode>822605953</tournamentcode>
<tournamentname>Twister €100 SNG</tournamentname>
<buyin>€0 + €7 + €93</buyin>
<totalbuyin>€100</totalbuyin>
<rewarddrawn>€200</rewarddrawn>
<tournamentcurrency>EUR</tournamentcurrency>
<currency>EUR</currency>
<nickname>M1ky3ste92</nickname>
<gamecount>6</gamecount>
<startdate>2025-11-28 13:45:56</startdate>
<place>3</place>
<win>€0</win>
<tablesize>3</tablesize>
</general>
<game gamecode="6543309482"><general><startdate>2025-11-28 13:46:12</startdate>
<round>1</round>
<failsafecounter/>
<players><player seat="10" name="Thechosenoonee" chips="500" dealer="0" win="0" bet="300" muck="0" rebuy="0" addon="0" merge="0" rebuychips="0" reg_code="5076235756"/>
<player seat="3" name="Cornodimucca" chips="500" dealer="1" win="0" bet="0" muck="1" rebuy="0" addon="0" merge="0" rebuychips="0" reg_code="5076235599"/>
<player seat="6" name="M1ky3ste92" chips="500" dealer="0" win="600" bet="300" muck="0" rebuy="0" addon="0" merge="0" rebuychips="0" reg_code="5076235670"/>
</players>
</general>
<round no="0"><action no="1" player="M1ky3ste92" type="1" sum="10"/>
<action no="2" player="Thechosenoonee" type="2" discard="1" dealt="1" sum="20"/>
</round>
<round no="1"><cards type="Pocket" player="M1ky3ste92">S8 HQ</cards>
<cards type="Pocket" player="Cornodimucca">X X</cards>
<cards type="Pocket" player="Thechosenoonee">S4 DQ</cards>
<action no="3" player="Cornodimucca" type="0" discard="1" dealt="1" sum="0"/>
<action no="4" player="M1ky3ste92" type="23" sum="50"/>
<action no="5" player="Thechosenoonee" type="3" discard="1" dealt="1" sum="30"/>
</round>
<round no="2"><cards type="Flop">DJ H7 SQ</cards>
<action no="6" player="M1ky3ste92" type="4" sum="0"/>
<action no="7" player="Thechosenoonee" type="4" discard="1" dealt="1" sum="0"/>
</round>
<round no="3"><cards type="Turn">H2</cards>
<action no="8" player="M1ky3ste92" type="4" sum="0"/>
<action no="9" player="Thechosenoonee" type="5" discard="1" dealt="1" sum="100"/>
<action no="10" player="M1ky3ste92" type="3" sum="100"/>
</round>
<round no="4"><cards type="River">C10</cards>
<action no="11" player="M1ky3ste92" type="4" sum="0"/>
<action no="12" player="Thechosenoonee" type="5" discard="1" dealt="1" sum="150"/>
<action no="13" player="M1ky3ste92" type="3" sum="150"/>
</round>
</game>
<game gamecode="6543309561"><general><startdate>2025-11-28 13:47:00</startdate>
<round>1</round>
<failsafecounter/>
<players><player seat="3" name="Cornodimucca" chips="500" dealer="0" win="20" bet="20" muck="1" rebuy="0" addon="0" merge="0" rebuychips="0" reg_code="5076235599"/>
<player seat="6" name="M1ky3ste92" chips="800" dealer="1" win="0" bet="0" muck="1" rebuy="0" addon="0" merge="0" rebuychips="0" reg_code="5076235670"/>
<player seat="10" name="Thechosenoonee" chips="200" dealer="0" win="0" bet="10" muck="1" rebuy="0" addon="0" merge="0" rebuychips="0" reg_code="5076235756"/>
</players>
</general>
<round no="0"><action no="1" player="Thechosenoonee" type="1" discard="1" dealt="1" sum="10"/>
<action no="2" player="Cornodimucca" type="2" discard="1" dealt="1" sum="20"/>
</round>
<round no="1"><cards type="Pocket" player="M1ky3ste92">CQ H10</cards>
<cards type="Pocket" player="Thechosenoonee">X X</cards>
<cards type="Pocket" player="Cornodimucca">X X</cards>
<action no="3" player="M1ky3ste92" type="0" sum="0"/>
<action no="4" player="Thechosenoonee" type="0" discard="1" dealt="1" sum="0"/>
</round>
</game>
<game gamecode="6543309571"><general><startdate>2025-11-28 13:47:09</startdate>
<round>1</round>
<failsafecounter/>
<players><player seat="6" name="M1ky3ste92" chips="800" dealer="0" win="0" bet="510" muck="1" rebuy="0" addon="0" merge="0" rebuychips="0" reg_code="5076235670"/>
<player seat="10" name="Thechosenoonee" chips="190" dealer="1" win="0" bet="0" muck="1" rebuy="0" addon="0" merge="0" rebuychips="0" reg_code="5076235756"/>
<player seat="3" name="Cornodimucca" chips="510" dealer="0" win="1,020" bet="510" muck="0" rebuy="0" addon="0" merge="0" rebuychips="0" reg_code="5076235599"/>
</players>
</general>
<round no="0"><action no="1" player="Cornodimucca" type="1" discard="1" dealt="1" sum="10"/>
<action no="2" player="M1ky3ste92" type="2" sum="20"/>
</round>
<round no="1"><cards type="Pocket" player="M1ky3ste92">H9 SK</cards>
<cards type="Pocket" player="Thechosenoonee">X X</cards>
<cards type="Pocket" player="Cornodimucca">HJ SQ</cards>
<action no="3" player="Thechosenoonee" type="0" discard="1" dealt="1" sum="0"/>
<action no="4" player="Cornodimucca" type="23" discard="1" dealt="1" sum="60"/>
<action no="5" player="M1ky3ste92" type="3" sum="40"/>
</round>
<round no="2"><cards type="Flop">S8 C10 D9</cards>
<action no="6" player="Cornodimucca" type="4" discard="1" dealt="1" sum="0"/>
<action no="7" player="M1ky3ste92" type="5" sum="60"/>
<action no="8" player="Cornodimucca" type="3" discard="1" dealt="1" sum="60"/>
</round>
<round no="3"><cards type="Turn">S10</cards>
<action no="9" player="Cornodimucca" type="4" discard="1" dealt="1" sum="0"/>
<action no="10" player="M1ky3ste92" type="5" sum="120"/>
<action no="11" player="Cornodimucca" type="23" discard="1" dealt="1" sum="390"/>
<action no="12" player="M1ky3ste92" type="3" sum="270"/>
</round>
<round no="4"><cards type="River">S3</cards>
</round>
</game>
<game gamecode="6543313226"><general><startdate>2025-11-28 13:48:10</startdate>
<round>1</round>
<failsafecounter/>
<players><player seat="10" name="Thechosenoonee" chips="190" dealer="0" win="385" bet="190" muck="0" rebuy="0" addon="0" merge="0" rebuychips="0" reg_code="5076235756"/>
<player seat="3" name="Cornodimucca" chips="1,020" dealer="1" win="0" bet="5" muck="1" rebuy="0" addon="0" merge="0" rebuychips="0" reg_code="5076235599"/>
<player seat="6" name="M1ky3ste92" chips="290" dealer="0" win="0" bet="290" muck="1" rebuy="0" addon="0" merge="0" rebuychips="0" reg_code="5076235670"/>
</players>
</general>
<round no="0"><action no="1" player="M1ky3ste92" type="15" sum="5"/>
<action no="2" player="Thechosenoonee" type="15" discard="1" dealt="1" sum="5"/>
<action no="3" player="Cornodimucca" type="15" discard="1" dealt="1" sum="5"/>
<action no="4" player="M1ky3ste92" type="1" sum="15"/>
<action no="5" player="Thechosenoonee" type="2" discard="1" dealt="1" sum="30"/>
</round>
<round no="1"><cards type="Pocket" player="Cornodimucca">X X</cards>
<cards type="Pocket" player="M1ky3ste92">D9 DJ</cards>
<cards type="Pocket" player="Thechosenoonee">HQ D4</cards>
<action no="6" player="Cornodimucca" type="0" discard="1" dealt="1" sum="0"/>
<action no="7" player="M1ky3ste92" type="23" sum="285"/>
<action no="8" player="Thechosenoonee" type="7" discard="1" dealt="1" sum="155"/>
</round>
<round no="2"><cards type="Flop">C4 D2 S4</cards>
</round>
<round no="3"><cards type="Turn">C6</cards>
</round>
<round no="4"><cards type="River">CK</cards>
</round>
</game>
<game gamecode="6543313250"><general><startdate>2025-11-28 13:48:27</startdate>
<round>1</round>
<failsafecounter/>
<players><player seat="3" name="Cornodimucca" chips="1,015" dealer="0" win="110" bet="100" muck="0" rebuy="0" addon="0" merge="0" rebuychips="0" reg_code="5076235599"/>
<player seat="6" name="M1ky3ste92" chips="100" dealer="1" win="110" bet="100" muck="0" rebuy="0" addon="0" merge="0" rebuychips="0" reg_code="5076235670"/>
<player seat="10" name="Thechosenoonee" chips="385" dealer="0" win="0" bet="20" muck="1" rebuy="0" addon="0" merge="0" rebuychips="0" reg_code="5076235756"/>
</players>
</general>
<round no="0"><action no="1" player="Thechosenoonee" type="15" discard="1" dealt="1" sum="5"/>
<action no="2" player="Cornodimucca" type="15" discard="1" dealt="1" sum="5"/>
<action no="3" player="M1ky3ste92" type="15" sum="5"/>
<action no="4" player="Thechosenoonee" type="1" discard="1" dealt="1" sum="15"/>
<action no="5" player="Cornodimucca" type="2" discard="1" dealt="1" sum="30"/>
</round>
<round no="1"><cards type="Pocket" player="Thechosenoonee">X X</cards>
<cards type="Pocket" player="M1ky3ste92">D6 SA</cards>
<cards type="Pocket" player="Cornodimucca">C6 CA</cards>
<action no="6" player="M1ky3ste92" type="23" sum="95"/>
<action no="7" player="Thechosenoonee" type="0" discard="1" dealt="1" sum="0"/>
<action no="8" player="Cornodimucca" type="3" discard="1" dealt="1" sum="65"/>
</round>
<round no="2"><cards type="Flop">SJ C4 D10</cards>
</round>
<round no="3"><cards type="Turn">SQ</cards>
</round>
<round no="4"><cards type="River">D5</cards>
</round>
</game>
<game gamecode="6543313280"><general><startdate>2025-11-28 13:48:46</startdate>
<round>1</round>
<failsafecounter/>
<players><player seat="6" name="M1ky3ste92" chips="110" dealer="0" win="0" bet="110" muck="1" rebuy="0" addon="0" merge="0" rebuychips="0" reg_code="5076235670"/>
<player seat="10" name="Thechosenoonee" chips="365" dealer="1" win="0" bet="365" muck="0" rebuy="0" addon="0" merge="0" rebuychips="0" reg_code="5076235756"/>
<player seat="3" name="Cornodimucca" chips="1,025" dealer="0" win="840" bet="695" muck="0" rebuy="0" addon="0" merge="0" rebuychips="0" reg_code="5076235599"/>
</players>
</general>
<round no="0"><action no="1" player="Cornodimucca" type="15" discard="1" dealt="1" sum="5"/>
<action no="2" player="M1ky3ste92" type="15" sum="5"/>
<action no="3" player="Thechosenoonee" type="15" discard="1" dealt="1" sum="5"/>
<action no="4" player="Cornodimucca" type="1" discard="1" dealt="1" sum="15"/>
<action no="5" player="M1ky3ste92" type="2" sum="30"/>
</round>
<round no="1"><cards type="Pocket" player="Thechosenoonee">SA H6</cards>
<cards type="Pocket" player="Cornodimucca">H3 HA</cards>
<cards type="Pocket" player="M1ky3ste92">DJ H9</cards>
<action no="6" player="Thechosenoonee" type="23" discard="1" dealt="1" sum="360"/>
<action no="7" player="Cornodimucca" type="23" discard="1" dealt="1" sum="690"/>
<action no="8" player="M1ky3ste92" type="7" sum="75"/>
</round>
<round no="2"><cards type="Flop">S4 C3 D3</cards>
</round>
<round no="3"><cards type="Turn">S10</cards>
</round>
<round no="4"><cards type="River">HQ</cards>
</round>
</game>
</session>
