<?xml version="1.0" encoding="UTF-8"?>
<session sessioncode="5076507874">
<general>
<client_version>25.7.1.34</client_version>
<mode>real</mode>
<gametype>Holdem NL</gametype>
<tablename>Twister €100 SNG, 822673078</tablename>
<tournamentcode>822673077</tournamentcode>
<tournamentname>Twister €100 SNG</tournamentname>
<buyin>€0 + €7 + €93</buyin>
<totalbuyin>€100</totalbuyin>
<rewarddrawn>€200</rewarddrawn>
<tournamentcurrency>EUR</tournamentcurrency>
<currency>EUR</currency>
<nickname>M1ky3ste92</nickname>
<gamecount>17</gamecount>
<startdate>2025-11-29 13:19:50</startdate>
<place>2</place>
<win>€0</win>
<tablesize>3</tablesize>
</general>
<game gamecode="6544217040"><general><startdate>2025-11-29 13:20:05</startdate>
<round>1</round>
<failsafecounter/>
<players><player seat="6" name="Funlover" chips="500" dealer="0" win="0" bet="60" muck="1" rebuy="0" addon="0" merge="0" rebuychips="0" reg_code="5076510777"/>
<player seat="10" name="Matteo73730505" chips="500" dealer="1" win="130" bet="125" muck="1" rebuy="0" addon="0" merge="0" rebuychips="0" reg_code="5076510827"/>
<player seat="3" name="M1ky3ste92" chips="500" dealer="0" win="0" bet="10" muck="1" rebuy="0" addon="0" merge="0" rebuychips="0" reg_code="5076507874"/>
</players>
</general>
<round no="0"><action no="1" player="M1ky3ste92" type="1" sum="10"/>
<action no="2" player="Funlover" type="2" discard="1" dealt="1" sum="20"/>
</round>
<round no="1"><cards type="Pocket" player="Funlover">X X</cards>
<cards type="Pocket" player="M1ky3ste92">DJ C7</cards>
<cards type="Pocket" player="Matteo73730505">X X</cards>
<action no="3" player="Matteo73730505" type="23" discard="1" dealt="1" sum="60"/>
<action no="4" player="M1ky3ste92" type="0" sum="0"/>
<action no="5" player="Funlover" type="3" discard="1" dealt="1" sum="40"/>
</round>
<round no="2"><cards type="Flop">S3 SK D10</cards>
<action no="6" player="Funlover" type="4" discard="1" dealt="1" sum="0"/>
<action no="7" player="Matteo73730505" type="5" discard="1" dealt="1" sum="65"/>
<action no="8" player="Funlover" type="0" discard="1" dealt="1" sum="0"/>
</round>
</game>
<game gamecode="6544217065"><general><startdate>2025-11-29 13:20:34</startdate>
<round>1</round>
<failsafecounter/>
<players><player seat="10" name="Matteo73730505" chips="570" dealer="0" win="148" bet="143" muck="1" rebuy="0" addon="0" merge="0" rebuychips="0" reg_code="5076510827"/>
<player seat="3" name="M1ky3ste92" chips="490" dealer="1" win="0" bet="69" muck="1" rebuy="0" addon="0" merge="0" rebuychips="0" reg_code="5076507874"/>
<player seat="6" name="Funlover" chips="440" dealer="0" win="0" bet="10" muck="1" rebuy="0" addon="0" merge="0" rebuychips="0" reg_code="5076510777"/>
</players>
</general>
<round no="0"><action no="1" player="Funlover" type="1" discard="1" dealt="1" sum="10"/>
<action no="2" player="Matteo73730505" type="2" discard="1" dealt="1" sum="20"/>
</round>
<round no="1"><cards type="Pocket" player="M1ky3ste92">D6 D9</cards>
<cards type="Pocket" player="Matteo73730505">X X</cards>
<cards type="Pocket" player="Funlover">X X</cards>
<action no="3" player="M1ky3ste92" type="23" sum="40"/>
<action no="4" player="Funlover" type="0" discard="1" dealt="1" sum="0"/>
<action no="5" player="Matteo73730505" type="3" discard="1" dealt="1" sum="20"/>
</round>
<round no="2"><cards type="Flop">C3 S8 S2</cards>
<action no="6" player="Matteo73730505" type="4" discard="1" dealt="1" sum="0"/>
<action no="7" player="M1ky3ste92" type="5" sum="29"/>
<action no="8" player="Matteo73730505" type="3" discard="1" dealt="1" sum="29"/>
</round>
<round no="3"><cards type="Turn">SK</cards>
<action no="9" player="Matteo73730505" type="4" discard="1" dealt="1" sum="0"/>
<action no="10" player="M1ky3ste92" type="4" sum="0"/>
</round>
<round no="4"><cards type="River">S7</cards>
<action no="11" player="Matteo73730505" type="5" discard="1" dealt="1" sum="74"/>
<action no="12" player="M1ky3ste92" type="0" sum="0"/>
</round>
</game>
<game gamecode="6544217114"><general><startdate>2025-11-29 13:21:18</startdate>
<round>1</round>
<failsafecounter/>
<players><player seat="3" name="M1ky3ste92" chips="421" dealer="0" win="60" bet="60" muck="1" rebuy="0" addon="0" merge="0" rebuychips="0" reg_code="5076507874"/>
<player seat="6" name="Funlover" chips="430" dealer="1" win="0" bet="20" muck="1" rebuy="0" addon="0" merge="0" rebuychips="0" reg_code="5076510777"/>
<player seat="10" name="Matteo73730505" chips="649" dealer="0" win="0" bet="20" muck="1" rebuy="0" addon="0" merge="0" rebuychips="0" reg_code="5076510827"/>
</players>
</general>
<round no="0"><action no="1" player="Matteo73730505" type="1" discard="1" dealt="1" sum="10"/>
<action no="2" player="M1ky3ste92" type="2" sum="20"/>
</round>
<round no="1"><cards type="Pocket" player="Matteo73730505">X X</cards>
<cards type="Pocket" player="M1ky3ste92">DJ S10</cards>
<cards type="Pocket" player="Funlover">X X</cards>
<action no="3" player="Funlover" type="3" discard="1" dealt="1" sum="20"/>
<action no="4" player="Matteo73730505" type="3" discard="1" dealt="1" sum="10"/>
<action no="5" player="M1ky3ste92" type="4" sum="0"/>
</round>
<round no="2"><cards type="Flop">D10 S5 H9</cards>
<action no="6" player="Matteo73730505" type="4" discard="1" dealt="1" sum="0"/>
<action no="7" player="M1ky3ste92" type="4" sum="0"/>
<action no="8" player="Funlover" type="4" discard="1" dealt="1" sum="0"/>
</round>
<round no="3"><cards type="Turn">H6</cards>
<action no="9" player="Matteo73730505" type="4" discard="1" dealt="1" sum="0"/>
<action no="10" player="M1ky3ste92" type="5" sum="40"/>
<action no="11" player="Funlover" type="0" discard="1" dealt="1" sum="0"/>
<action no="12" player="Matteo73730505" type="0" discard="1" dealt="1" sum="0"/>
</round>
</game>
<game gamecode="6544217168"><general><startdate>2025-11-29 13:22:01</startdate>
<round>1</round>
<failsafecounter/>
<players><player seat="6" name="Funlover" chips="410" dealer="0" win="90" bet="125" muck="1" rebuy="0" addon="0" merge="0" rebuychips="0" reg_code="5076510777"/>
<player seat="10" name="Matteo73730505" chips="629" dealer="1" win="0" bet="35" muck="1" rebuy="0" addon="0" merge="0" rebuychips="0" reg_code="5076510827"/>
<player seat="3" name="M1ky3ste92" chips="461" dealer="0" win="0" bet="20" muck="1" rebuy="0" addon="0" merge="0" rebuychips="0" reg_code="5076507874"/>
</players>
</general>
<round no="0"><action no="1" player="M1ky3ste92" type="15" sum="5"/>
<action no="2" player="Funlover" type="15" discard="1" dealt="1" sum="5"/>
<action no="3" player="Matteo73730505" type="15" discard="1" dealt="1" sum="5"/>
<action no="4" player="M1ky3ste92" type="1" sum="15"/>
<action no="5" player="Funlover" type="2" discard="1" dealt="1" sum="30"/>
</round>
<round no="1"><cards type="Pocket" player="Matteo73730505">X X</cards>
<cards type="Pocket" player="Funlover">X X</cards>
<cards type="Pocket" player="M1ky3ste92">H5 SQ</cards>
<action no="6" player="Matteo73730505" type="3" discard="1" dealt="1" sum="30"/>
<action no="7" player="M1ky3ste92" type="0" sum="0"/>
<action no="8" player="Funlover" type="23" discard="1" dealt="1" sum="120"/>
<action no="9" player="Matteo73730505" type="0" discard="1" dealt="1" sum="0"/>
</round>
</game>
<game gamecode="6544217195"><general><startdate>2025-11-29 13:22:17</startdate>
<round>1</round>
<failsafecounter/>
<players><player seat="10" name="Matteo73730505" chips="594" dealer="0" win="45" bet="35" muck="1" rebuy="0" addon="0" merge="0" rebuychips="0" reg_code="5076510827"/>
<player seat="3" name="M1ky3ste92" chips="441" dealer="1" win="0" bet="5" muck="1" rebuy="0" addon="0" merge="0" rebuychips="0" reg_code="5076507874"/>
<player seat="6" name="Funlover" chips="465" dealer="0" win="0" bet="20" muck="1" rebuy="0" addon="0" merge="0" rebuychips="0" reg_code="5076510777"/>
</players>
</general>
<round no="0"><action no="1" player="Funlover" type="15" discard="1" dealt="1" sum="5"/>
<action no="2" player="Matteo73730505" type="15" discard="1" dealt="1" sum="5"/>
<action no="3" player="M1ky3ste92" type="15" sum="5"/>
<action no="4" player="Funlover" type="1" discard="1" dealt="1" sum="15"/>
<action no="5" player="Matteo73730505" type="2" discard="1" dealt="1" sum="30"/>
</round>
<round no="1"><cards type="Pocket" player="Funlover">X X</cards>
<cards type="Pocket" player="M1ky3ste92">C8 C5</cards>
<cards type="Pocket" player="Matteo73730505">X X</cards>
<action no="6" player="M1ky3ste92" type="0" sum="0"/>
<action no="7" player="Funlover" type="0" discard="1" dealt="1" sum="0"/>
</round>
</game>
<game gamecode="6544217203"><general><startdate>2025-11-29 13:22:25</startdate>
<round>1</round>
<failsafecounter/>
<players><player seat="3" name="M1ky3ste92" chips="436" dealer="0" win="0" bet="35" muck="1" rebuy="0" addon="0" merge="0" rebuychips="0" reg_code="5076507874"/>
<player seat="6" name="Funlover" chips="445" dealer="1" win="0" bet="445" muck="0" rebuy="0" addon="0" merge="0" rebuychips="0" reg_code="5076510777"/>
<player seat="10" name="Matteo73730505" chips="619" dealer="0" win="925" bet="445" muck="0" rebuy="0" addon="0" merge="0" rebuychips="0" reg_code="5076510827"/>
</players>
</general>
<round no="0"><action no="1" player="Matteo73730505" type="15" discard="1" dealt="1" sum="5"/>
<action no="2" player="M1ky3ste92" type="15" sum="5"/>
<action no="3" player="Funlover" type="15" discard="1" dealt="1" sum="5"/>
<action no="4" player="Matteo73730505" type="1" discard="1" dealt="1" sum="15"/>
<action no="5" player="M1ky3ste92" type="2" sum="30"/>
</round>
<round no="1"><cards type="Pocket" player="M1ky3ste92">H10 S4</cards>
<cards type="Pocket" player="Funlover">C6 H6</cards>
<cards type="Pocket" player="Matteo73730505">D9 DA</cards>
<action no="6" player="Funlover" type="23" discard="1" dealt="1" sum="150"/>
<action no="7" player="Matteo73730505" type="3" discard="1" dealt="1" sum="135"/>
<action no="8" player="M1ky3ste92" type="0" sum="0"/>
</round>
<round no="2"><cards type="Flop">D4 C8 HA</cards>
<action no="9" player="Matteo73730505" type="4" discard="1" dealt="1" sum="0"/>
<action no="10" player="Funlover" type="5" discard="1" dealt="1" sum="290"/>
<action no="11" player="Matteo73730505" type="3" discard="1" dealt="1" sum="290"/>
</round>
<round no="3"><cards type="Turn">SA</cards>
</round>
<round no="4"><cards type="River">CQ</cards>
</round>
</game>
<game gamecode="6544217246"><general><startdate>2025-11-29 13:22:58</startdate>
<round>1</round>
<failsafecounter/>
<players><player seat="3" name="M1ky3ste92" chips="401" dealer="0" win="84" bet="84" muck="0" rebuy="0" addon="0" merge="0" rebuychips="0" reg_code="5076507874"/>
<player seat="10" name="Matteo73730505" chips="1,099" dealer="1" win="84" bet="84" muck="0" rebuy="0" addon="0" merge="0" rebuychips="0" reg_code="5076510827"/>
</players>
</general>
<round no="0"><action no="1" player="Matteo73730505" type="15" discard="1" dealt="1" sum="5"/>
<action no="2" player="M1ky3ste92" type="15" sum="5"/>
<action no="3" player="Matteo73730505" type="1" discard="1" dealt="1" sum="15"/>
<action no="4" player="M1ky3ste92" type="2" sum="30"/>
</round>
<round no="1"><cards type="Pocket" player="M1ky3ste92">SJ H6</cards>
<cards type="Pocket" player="Matteo73730505">S5 HJ</cards>
<action no="5" player="Matteo73730505" type="3" discard="1" dealt="1" sum="15"/>
<action no="6" player="M1ky3ste92" type="4" sum="0"/>
</round>
<round no="2"><cards type="Flop">C2 DJ DQ</cards>
<action no="7" player="M1ky3ste92" type="4" sum="0"/>
<action no="8" player="Matteo73730505" type="5" discard="1" dealt="1" sum="49"/>
<action no="9" player="M1ky3ste92" type="3" sum="49"/>
</round>
<round no="3"><cards type="Turn">D9</cards>
<action no="10" player="M1ky3ste92" type="4" sum="0"/>
<action no="11" player="Matteo73730505" type="4" discard="1" dealt="1" sum="0"/>
</round>
<round no="4"><cards type="River">DA</cards>
<action no="12" player="M1ky3ste92" type="4" sum="0"/>
<action no="13" player="Matteo73730505" type="4" discard="1" dealt="1" sum="0"/>
</round>
</game>
<game gamecode="6544217281"><general><startdate>2025-11-29 13:23:26</startdate>
<round>1</round>
<failsafecounter/>
<players><player seat="10" name="Matteo73730505" chips="1,099" dealer="0" win="0" bet="250" muck="0" rebuy="0" addon="0" merge="0" rebuychips="0" reg_code="5076510827"/>
<player seat="3" name="M1ky3ste92" chips="401" dealer="1" win="500" bet="250" muck="0" rebuy="0" addon="0" merge="0" rebuychips="0" reg_code="5076507874"/>
</players>
</general>
<round no="0"><action no="1" player="M1ky3ste92" type="15" sum="5"/>
<action no="2" player="Matteo73730505" type="15" discard="1" dealt="1" sum="5"/>
<action no="3" player="M1ky3ste92" type="1" sum="15"/>
<action no="4" player="Matteo73730505" type="2" discard="1" dealt="1" sum="30"/>
</round>
<round no="1"><cards type="Pocket" player="Matteo73730505">D10 SJ</cards>
<cards type="Pocket" player="M1ky3ste92">CQ SK</cards>
<action no="5" player="M1ky3ste92" type="23" sum="60"/>
<action no="6" player="Matteo73730505" type="3" discard="1" dealt="1" sum="30"/>
</round>
<round no="2"><cards type="Flop">CK D7 C10</cards>
<action no="7" player="Matteo73730505" type="5" discard="1" dealt="1" sum="65"/>
<action no="8" player="M1ky3ste92" type="3" sum="65"/>
</round>
<round no="3"><cards type="Turn">CA</cards>
<action no="9" player="Matteo73730505" type="4" discard="1" dealt="1" sum="0"/>
<action no="10" player="M1ky3ste92" type="4" sum="0"/>
</round>
<round no="4"><cards type="River">H4</cards>
<action no="11" player="Matteo73730505" type="5" discard="1" dealt="1" sum="120"/>
<action no="12" player="M1ky3ste92" type="3" sum="120"/>
</round>
</game>
<game gamecode="6544217319"><general><startdate>2025-11-29 13:23:57</startdate>
<round>1</round>
<failsafecounter/>
<players><player seat="3" name="M1ky3ste92" chips="651" dealer="0" win="0" bet="45" muck="1" rebuy="0" addon="0" merge="0" rebuychips="0" reg_code="5076507874"/>
<player seat="10" name="Matteo73730505" chips="849" dealer="1" win="90" bet="205" muck="1" rebuy="0" addon="0" merge="0" rebuychips="0" reg_code="5076510827"/>
</players>
</general>
<round no="0"><action no="1" player="Matteo73730505" type="15" discard="1" dealt="1" sum="5"/>
<action no="2" player="M1ky3ste92" type="15" sum="5"/>
<action no="3" player="Matteo73730505" type="1" discard="1" dealt="1" sum="20"/>
<action no="4" player="M1ky3ste92" type="2" sum="40"/>
</round>
<round no="1"><cards type="Pocket" player="Matteo73730505">X X</cards>
<cards type="Pocket" player="M1ky3ste92">C7 SQ</cards>
<action no="5" player="Matteo73730505" type="23" discard="1" dealt="1" sum="200"/>
<action no="6" player="M1ky3ste92" type="0" sum="0"/>
</round>
</game>
<game gamecode="6544217344"><general><startdate>2025-11-29 13:24:12</startdate>
<round>1</round>
<failsafecounter/>
<players><player seat="10" name="Matteo73730505" chips="894" dealer="0" win="0" bet="45" muck="1" rebuy="0" addon="0" merge="0" rebuychips="0" reg_code="5076510827"/>
<player seat="3" name="M1ky3ste92" chips="606" dealer="1" win="90" bet="85" muck="1" rebuy="0" addon="0" merge="0" rebuychips="0" reg_code="5076507874"/>
</players>
</general>
<round no="0"><action no="1" player="M1ky3ste92" type="15" sum="5"/>
<action no="2" player="Matteo73730505" type="15" discard="1" dealt="1" sum="5"/>
<action no="3" player="M1ky3ste92" type="1" sum="20"/>
<action no="4" player="Matteo73730505" type="2" discard="1" dealt="1" sum="40"/>
</round>
<round no="1"><cards type="Pocket" player="Matteo73730505">X X</cards>
<cards type="Pocket" player="M1ky3ste92">SJ H7</cards>
<action no="5" player="M1ky3ste92" type="3" sum="20"/>
<action no="6" player="Matteo73730505" type="4" discard="1" dealt="1" sum="0"/>
</round>
<round no="2"><cards type="Flop">C10 S5 HQ</cards>
<action no="7" player="Matteo73730505" type="4" discard="1" dealt="1" sum="0"/>
<action no="8" player="M1ky3ste92" type="5" sum="40"/>
<action no="9" player="Matteo73730505" type="0" discard="1" dealt="1" sum="0"/>
</round>
</game>
<game gamecode="6544217386"><general><startdate>2025-11-29 13:24:37</startdate>
<round>1</round>
<failsafecounter/>
<players><player seat="3" name="M1ky3ste92" chips="651" dealer="0" win="0" bet="45" muck="1" rebuy="0" addon="0" merge="0" rebuychips="0" reg_code="5076507874"/>
<player seat="10" name="Matteo73730505" chips="849" dealer="1" win="90" bet="90" muck="1" rebuy="0" addon="0" merge="0" rebuychips="0" reg_code="5076510827"/>
</players>
</general>
<round no="0"><action no="1" player="Matteo73730505" type="15" discard="1" dealt="1" sum="5"/>
<action no="2" player="M1ky3ste92" type="15" sum="5"/>
<action no="3" player="Matteo73730505" type="1" discard="1" dealt="1" sum="20"/>
<action no="4" player="M1ky3ste92" type="2" sum="40"/>
</round>
<round no="1"><cards type="Pocket" player="M1ky3ste92">HJ C3</cards>
<cards type="Pocket" player="Matteo73730505">X X</cards>
<action no="5" player="Matteo73730505" type="3" discard="1" dealt="1" sum="20"/>
<action no="6" player="M1ky3ste92" type="4" sum="0"/>
</round>
<round no="2"><cards type="Flop">H7 S6 HA</cards>
<action no="7" player="M1ky3ste92" type="4" sum="0"/>
<action no="8" player="Matteo73730505" type="5" discard="1" dealt="1" sum="45"/>
<action no="9" player="M1ky3ste92" type="0" sum="0"/>
</round>
</game>
<game gamecode="6544217413"><general><startdate>2025-11-29 13:24:54</startdate>
<round>1</round>
<failsafecounter/>
<players><player seat="10" name="Matteo73730505" chips="894" dealer="0" win="90" bet="165" muck="1" rebuy="0" addon="0" merge="0" rebuychips="0" reg_code="5076510827"/>
<player seat="3" name="M1ky3ste92" chips="606" dealer="1" win="0" bet="45" muck="1" rebuy="0" addon="0" merge="0" rebuychips="0" reg_code="5076507874"/>
</players>
</general>
<round no="0"><action no="1" player="M1ky3ste92" type="15" sum="5"/>
<action no="2" player="Matteo73730505" type="15" discard="1" dealt="1" sum="5"/>
<action no="3" player="M1ky3ste92" type="1" sum="20"/>
<action no="4" player="Matteo73730505" type="2" discard="1" dealt="1" sum="40"/>
</round>
<round no="1"><cards type="Pocket" player="M1ky3ste92">CA S4</cards>
<cards type="Pocket" player="Matteo73730505">X X</cards>
<action no="5" player="M1ky3ste92" type="3" sum="20"/>
<action no="6" player="Matteo73730505" type="23" discard="1" dealt="1" sum="160"/>
<action no="7" player="M1ky3ste92" type="0" sum="0"/>
</round>
</game>
<game gamecode="6544217446"><general><startdate>2025-11-29 13:25:14</startdate>
<round>1</round>
<failsafecounter/>
<players><player seat="3" name="M1ky3ste92" chips="561" dealer="0" win="0" bet="65" muck="1" rebuy="0" addon="0" merge="0" rebuychips="0" reg_code="5076507874"/>
<player seat="10" name="Matteo73730505" chips="939" dealer="1" win="130" bet="939" muck="1" rebuy="0" addon="0" merge="0" rebuychips="0" reg_code="5076510827"/>
</players>
</general>
<round no="0"><action no="1" player="Matteo73730505" type="15" discard="1" dealt="1" sum="5"/>
<action no="2" player="M1ky3ste92" type="15" sum="5"/>
<action no="3" player="Matteo73730505" type="1" discard="1" dealt="1" sum="30"/>
<action no="4" player="M1ky3ste92" type="2" sum="60"/>
</round>
<round no="1"><cards type="Pocket" player="M1ky3ste92">SK H2</cards>
<cards type="Pocket" player="Matteo73730505">X X</cards>
<action no="5" player="Matteo73730505" type="23" discard="1" dealt="1" sum="934"/>
<action no="6" player="M1ky3ste92" type="0" sum="0"/>
</round>
</game>
<game gamecode="6544217468"><general><startdate>2025-11-29 13:25:26</startdate>
<round>1</round>
<failsafecounter/>
<players><player seat="10" name="Matteo73730505" chips="1,004" dealer="0" win="70" bet="65" muck="1" rebuy="0" addon="0" merge="0" rebuychips="0" reg_code="5076510827"/>
<player seat="3" name="M1ky3ste92" chips="496" dealer="1" win="0" bet="35" muck="1" rebuy="0" addon="0" merge="0" rebuychips="0" reg_code="5076507874"/>
</players>
</general>
<round no="0"><action no="1" player="M1ky3ste92" type="15" sum="5"/>
<action no="2" player="Matteo73730505" type="15" discard="1" dealt="1" sum="5"/>
<action no="3" player="M1ky3ste92" type="1" sum="30"/>
<action no="4" player="Matteo73730505" type="2" discard="1" dealt="1" sum="60"/>
</round>
<round no="1"><cards type="Pocket" player="Matteo73730505">X X</cards>
<cards type="Pocket" player="M1ky3ste92">H3 H2</cards>
<action no="5" player="M1ky3ste92" type="0" sum="0"/>
</round>
</game>
<game gamecode="6544217481"><general><startdate>2025-11-29 13:25:34</startdate>
<round>1</round>
<failsafecounter/>
<players><player seat="3" name="M1ky3ste92" chips="461" dealer="0" win="0" bet="65" muck="1" rebuy="0" addon="0" merge="0" rebuychips="0" reg_code="5076507874"/>
<player seat="10" name="Matteo73730505" chips="1,039" dealer="1" win="130" bet="130" muck="1" rebuy="0" addon="0" merge="0" rebuychips="0" reg_code="5076510827"/>
</players>
</general>
<round no="0"><action no="1" player="Matteo73730505" type="15" discard="1" dealt="1" sum="5"/>
<action no="2" player="M1ky3ste92" type="15" sum="5"/>
<action no="3" player="Matteo73730505" type="1" discard="1" dealt="1" sum="30"/>
<action no="4" player="M1ky3ste92" type="2" sum="60"/>
</round>
<round no="1"><cards type="Pocket" player="Matteo73730505">X X</cards>
<cards type="Pocket" player="M1ky3ste92">C4 S6</cards>
<action no="5" player="Matteo73730505" type="3" discard="1" dealt="1" sum="30"/>
<action no="6" player="M1ky3ste92" type="4" sum="0"/>
</round>
<round no="2"><cards type="Flop">HQ C9 HA</cards>
<action no="7" player="M1ky3ste92" type="4" sum="0"/>
<action no="8" player="Matteo73730505" type="5" discard="1" dealt="1" sum="65"/>
<action no="9" player="M1ky3ste92" type="0" sum="0"/>
</round>
</game>
<game gamecode="6544217521"><general><startdate>2025-11-29 13:25:54</startdate>
<round>1</round>
<failsafecounter/>
<players><player seat="10" name="Matteo73730505" chips="1,104" dealer="0" win="0" bet="65" muck="1" rebuy="0" addon="0" merge="0" rebuychips="0" reg_code="5076510827"/>
<player seat="3" name="M1ky3ste92" chips="396" dealer="1" win="130" bet="396" muck="1" rebuy="0" addon="0" merge="0" rebuychips="0" reg_code="5076507874"/>
</players>
</general>
<round no="0"><action no="1" player="M1ky3ste92" type="15" sum="5"/>
<action no="2" player="Matteo73730505" type="15" discard="1" dealt="1" sum="5"/>
<action no="3" player="M1ky3ste92" type="1" sum="30"/>
<action no="4" player="Matteo73730505" type="2" discard="1" dealt="1" sum="60"/>
</round>
<round no="1"><cards type="Pocket" player="M1ky3ste92">C6 SK</cards>
<cards type="Pocket" player="Matteo73730505">X X</cards>
<action no="5" player="M1ky3ste92" type="23" sum="391"/>
<action no="6" player="Matteo73730505" type="0" discard="1" dealt="1" sum="0"/>
</round>
</game>
<game gamecode="6544217535"><general><startdate>2025-11-29 13:26:03</startdate>
<round>1</round>
<failsafecounter/>
<players><player seat="3" name="M1ky3ste92" chips="461" dealer="0" win="0" bet="461" muck="0" rebuy="0" addon="0" merge="0" rebuychips="0" reg_code="5076507874"/>
<player seat="10" name="Matteo73730505" chips="1,039" dealer="1" win="922" bet="1,039" muck="0" rebuy="0" addon="0" merge="0" rebuychips="0" reg_code="5076510827"/>
</players>
</general>
<round no="0"><action no="1" player="Matteo73730505" type="15" discard="1" dealt="1" sum="5"/>
<action no="2" player="M1ky3ste92" type="15" sum="5"/>
<action no="3" player="Matteo73730505" type="1" discard="1" dealt="1" sum="30"/>
<action no="4" player="M1ky3ste92" type="2" sum="60"/>
</round>
<round no="1"><cards type="Pocket" player="Matteo73730505">H2 DA</cards>
<cards type="Pocket" player="M1ky3ste92">D8 HA</cards>
<action no="5" player="Matteo73730505" type="23" discard="1" dealt="1" sum="1,034"/>
<action no="6" player="M1ky3ste92" type="7" sum="396"/>
</round>
<round no="2"><cards type="Flop">D4 DQ H7</cards>
</round>
<round no="3"><cards type="Turn">C4</cards>
</round>
<round no="4"><cards type="River">D2</cards>
</round>
</game>
</session>
