<?xml version="1.0" encoding="UTF-8"?>
<session sessioncode="5076504673">
<general>
<client_version>25.7.1.34</client_version>
<mode>real</mode>
<gametype>Holdem NL</gametype>
<tablename>Twister €100 SNG, 822672084</tablename>
<tournamentcode>822672083</tournamentcode>
<tournamentname>Twister €100 SNG</tournamentname>
<buyin>€0 + €7 + €93</buyin>
<totalbuyin>€100</totalbuyin>
<rewarddrawn>€200</rewarddrawn>
<tournamentcurrency>EUR</tournamentcurrency>
<currency>EUR</currency>
<nickname>M1ky3ste92</nickname>
<gamecount>28</gamecount>
<startdate>2025-11-29 12:43:46</startdate>
<place>1</place>
<win>€200</win>
<tablesize>3</tablesize>
</general>
<game gamecode="6544196680"><general><startdate>2025-11-29 12:44:02</startdate>
<round>1</round>
<failsafecounter/>
<players><player seat="3" name="M1ky3ste92" chips="500" dealer="0" win="200" bet="200" muck="1" rebuy="0" addon="0" merge="0" rebuychips="0" reg_code="5076504673"/>
<player seat="6" name="Crazypoke" chips="500" dealer="1" win="0" bet="0" muck="1" rebuy="0" addon="0" merge="0" rebuychips="0" reg_code="5076505451"/>
<player seat="10" name="pso6" chips="500" dealer="0" win="0" bet="100" muck="1" rebuy="0" addon="0" merge="0" rebuychips="0" reg_code="5076505565"/>
</players>
</general>
<round no="0"><action no="1" player="pso6" type="1" discard="1" dealt="1" sum="10"/>
<action no="2" player="M1ky3ste92" type="2" sum="20"/>
</round>
<round no="1"><cards type="Pocket" player="Crazypoke">X X</cards>
<cards type="Pocket" player="M1ky3ste92">S9 DJ</cards>
<cards type="Pocket" player="pso6">X X</cards>
<action no="3" player="Crazypoke" type="0" discard="1" dealt="1" sum="0"/>
<action no="4" player="pso6" type="3" discard="1" dealt="1" sum="10"/>
<action no="5" player="M1ky3ste92" type="23" sum="60"/>
<action no="6" player="pso6" type="3" discard="1" dealt="1" sum="40"/>
</round>
<round no="2"><cards type="Flop">C9 CJ S2</cards>
<action no="7" player="pso6" type="4" discard="1" dealt="1" sum="0"/>
<action no="8" player="M1ky3ste92" type="5" sum="40"/>
<action no="9" player="pso6" type="3" discard="1" dealt="1" sum="40"/>
</round>
<round no="3"><cards type="Turn">SA</cards>
<action no="10" player="pso6" type="4" discard="1" dealt="1" sum="0"/>
<action no="11" player="M1ky3ste92" type="5" sum="100"/>
<action no="12" player="pso6" type="0" discard="1" dealt="1" sum="0"/>
</round>
</game>
<game gamecode="6544196708"><general><startdate>2025-11-29 12:44:19</startdate>
<round>1</round>
<failsafecounter/>
<players><player seat="6" name="Crazypoke" chips="500" dealer="0" win="454" bet="500" muck="1" rebuy="0" addon="0" merge="0" rebuychips="0" reg_code="5076505451"/>
<player seat="10" name="pso6" chips="400" dealer="1" win="0" bet="222" muck="1" rebuy="0" addon="0" merge="0" rebuychips="0" reg_code="5076505565"/>
<player seat="3" name="M1ky3ste92" chips="600" dealer="0" win="0" bet="10" muck="1" rebuy="0" addon="0" merge="0" rebuychips="0" reg_code="5076504673"/>
</players>
</general>
<round no="0"><action no="1" player="M1ky3ste92" type="1" sum="10"/>
<action no="2" player="Crazypoke" type="2" discard="1" dealt="1" sum="20"/>
</round>
<round no="1"><cards type="Pocket" player="M1ky3ste92">S8 C7</cards>
<cards type="Pocket" player="pso6">X X</cards>
<cards type="Pocket" player="Crazypoke">X X</cards>
<action no="3" player="pso6" type="23" discard="1" dealt="1" sum="60"/>
<action no="4" player="M1ky3ste92" type="0" sum="0"/>
<action no="5" player="Crazypoke" type="3" discard="1" dealt="1" sum="40"/>
</round>
<round no="2"><cards type="Flop">S2 CQ HA</cards>
<action no="6" player="Crazypoke" type="4" discard="1" dealt="1" sum="0"/>
<action no="7" player="pso6" type="5" discard="1" dealt="1" sum="65"/>
<action no="8" player="Crazypoke" type="23" discard="1" dealt="1" sum="162"/>
<action no="9" player="pso6" type="3" discard="1" dealt="1" sum="97"/>
</round>
<round no="3"><cards type="Turn">CJ</cards>
<action no="10" player="Crazypoke" type="4" discard="1" dealt="1" sum="0"/>
<action no="11" player="pso6" type="4" discard="1" dealt="1" sum="0"/>
</round>
<round no="4"><cards type="River">C3</cards>
<action no="12" player="Crazypoke" type="5" discard="1" dealt="1" sum="278"/>
<action no="13" player="pso6" type="0" discard="1" dealt="1" sum="0"/>
</round>
</game>
<game gamecode="6544196741"><general><startdate>2025-11-29 12:44:39</startdate>
<round>1</round>
<failsafecounter/>
<players><player seat="10" name="pso6" chips="178" dealer="0" win="366" bet="178" muck="0" rebuy="0" addon="0" merge="0" rebuychips="0" reg_code="5076505565"/>
<player seat="3" name="M1ky3ste92" chips="590" dealer="1" win="0" bet="178" muck="1" rebuy="0" addon="0" merge="0" rebuychips="0" reg_code="5076504673"/>
<player seat="6" name="Crazypoke" chips="732" dealer="0" win="0" bet="10" muck="1" rebuy="0" addon="0" merge="0" rebuychips="0" reg_code="5076505451"/>
</players>
</general>
<round no="0"><action no="1" player="Crazypoke" type="1" discard="1" dealt="1" sum="10"/>
<action no="2" player="pso6" type="2" discard="1" dealt="1" sum="20"/>
</round>
<round no="1"><cards type="Pocket" player="pso6">SK S10</cards>
<cards type="Pocket" player="M1ky3ste92">SQ HA</cards>
<cards type="Pocket" player="Crazypoke">X X</cards>
<action no="3" player="M1ky3ste92" type="23" sum="40"/>
<action no="4" player="Crazypoke" type="0" discard="1" dealt="1" sum="0"/>
<action no="5" player="pso6" type="23" discard="1" dealt="1" sum="178"/>
<action no="6" player="M1ky3ste92" type="3" sum="138"/>
</round>
<round no="2"><cards type="Flop">HJ S4 S8</cards>
</round>
<round no="3"><cards type="Turn">HK</cards>
</round>
<round no="4"><cards type="River">D8</cards>
</round>
</game>
<game gamecode="6544196778"><general><startdate>2025-11-29 12:45:02</startdate>
<round>1</round>
<failsafecounter/>
<players><player seat="3" name="M1ky3ste92" chips="412" dealer="0" win="0" bet="20" muck="1" rebuy="0" addon="0" merge="0" rebuychips="0" reg_code="5076504673"/>
<player seat="6" name="Crazypoke" chips="722" dealer="1" win="0" bet="0" muck="1" rebuy="0" addon="0" merge="0" rebuychips="0" reg_code="5076505451"/>
<player seat="10" name="pso6" chips="366" dealer="0" win="40" bet="40" muck="1" rebuy="0" addon="0" merge="0" rebuychips="0" reg_code="5076505565"/>
</players>
</general>
<round no="0"><action no="1" player="pso6" type="1" discard="1" dealt="1" sum="10"/>
<action no="2" player="M1ky3ste92" type="2" sum="20"/>
</round>
<round no="1"><cards type="Pocket" player="pso6">X X</cards>
<cards type="Pocket" player="Crazypoke">X X</cards>
<cards type="Pocket" player="M1ky3ste92">D5 C8</cards>
<action no="3" player="Crazypoke" type="0" discard="1" dealt="1" sum="0"/>
<action no="4" player="pso6" type="3" discard="1" dealt="1" sum="10"/>
<action no="5" player="M1ky3ste92" type="4" sum="0"/>
</round>
<round no="2"><cards type="Flop">CA S2 HA</cards>
<action no="6" player="pso6" type="5" discard="1" dealt="1" sum="20"/>
<action no="7" player="M1ky3ste92" type="0" sum="0"/>
</round>
</game>
<game gamecode="6544196797"><general><startdate>2025-11-29 12:45:14</startdate>
<round>1</round>
<failsafecounter/>
<players><player seat="6" name="Crazypoke" chips="722" dealer="0" win="0" bet="392" muck="1" rebuy="0" addon="0" merge="0" rebuychips="0" reg_code="5076505451"/>
<player seat="10" name="pso6" chips="386" dealer="1" win="0" bet="0" muck="1" rebuy="0" addon="0" merge="0" rebuychips="0" reg_code="5076505565"/>
<player seat="3" name="M1ky3ste92" chips="392" dealer="0" win="784" bet="392" muck="0" rebuy="0" addon="0" merge="0" rebuychips="0" reg_code="5076504673"/>
</players>
</general>
<round no="0"><action no="1" player="M1ky3ste92" type="1" sum="10"/>
<action no="2" player="Crazypoke" type="2" discard="1" dealt="1" sum="20"/>
</round>
<round no="1"><cards type="Pocket" player="M1ky3ste92">SA D10</cards>
<cards type="Pocket" player="pso6">X X</cards>
<cards type="Pocket" player="Crazypoke">HJ SQ</cards>
<action no="3" player="pso6" type="0" discard="1" dealt="1" sum="0"/>
<action no="4" player="M1ky3ste92" type="3" sum="10"/>
<action no="5" player="Crazypoke" type="23" discard="1" dealt="1" sum="60"/>
<action no="6" player="M1ky3ste92" type="23" sum="392"/>
<action no="7" player="Crazypoke" type="3" discard="1" dealt="1" sum="332"/>
</round>
<round no="2"><cards type="Flop">H3 D3 H6</cards>
</round>
<round no="3"><cards type="Turn">HK</cards>
</round>
<round no="4"><cards type="River">S6</cards>
</round>
</game>
<game gamecode="6544196837"><general><startdate>2025-11-29 12:45:35</startdate>
<round>1</round>
<failsafecounter/>
<players><player seat="10" name="pso6" chips="386" dealer="0" win="0" bet="60" muck="1" rebuy="0" addon="0" merge="0" rebuychips="0" reg_code="5076505565"/>
<player seat="3" name="M1ky3ste92" chips="784" dealer="1" win="130" bet="60" muck="0" rebuy="0" addon="0" merge="0" rebuychips="0" reg_code="5076504673"/>
<player seat="6" name="Crazypoke" chips="330" dealer="0" win="0" bet="10" muck="1" rebuy="0" addon="0" merge="0" rebuychips="0" reg_code="5076505451"/>
</players>
</general>
<round no="0"><action no="1" player="Crazypoke" type="1" discard="1" dealt="1" sum="10"/>
<action no="2" player="pso6" type="2" discard="1" dealt="1" sum="20"/>
</round>
<round no="1"><cards type="Pocket" player="M1ky3ste92">C8 SA</cards>
<cards type="Pocket" player="Crazypoke">X X</cards>
<cards type="Pocket" player="pso6">H7 D8</cards>
<action no="3" player="M1ky3ste92" type="23" sum="40"/>
<action no="4" player="Crazypoke" type="0" discard="1" dealt="1" sum="0"/>
<action no="5" player="pso6" type="3" discard="1" dealt="1" sum="20"/>
</round>
<round no="2"><cards type="Flop">C4 D4 H9</cards>
<action no="6" player="pso6" type="4" discard="1" dealt="1" sum="0"/>
<action no="7" player="M1ky3ste92" type="5" sum="20"/>
<action no="8" player="pso6" type="3" discard="1" dealt="1" sum="20"/>
</round>
<round no="3"><cards type="Turn">SK</cards>
<action no="9" player="pso6" type="4" discard="1" dealt="1" sum="0"/>
<action no="10" player="M1ky3ste92" type="4" sum="0"/>
</round>
<round no="4"><cards type="River">C9</cards>
<action no="11" player="pso6" type="4" discard="1" dealt="1" sum="0"/>
<action no="12" player="M1ky3ste92" type="4" sum="0"/>
</round>
</game>
<game gamecode="6544196873"><general><startdate>2025-11-29 12:45:57</startdate>
<round>1</round>
<failsafecounter/>
<players><player seat="3" name="M1ky3ste92" chips="854" dealer="0" win="0" bet="35" muck="1" rebuy="0" addon="0" merge="0" rebuychips="0" reg_code="5076504673"/>
<player seat="6" name="Crazypoke" chips="320" dealer="1" win="209" bet="165" muck="1" rebuy="0" addon="0" merge="0" rebuychips="0" reg_code="5076505451"/>
<player seat="10" name="pso6" chips="326" dealer="0" win="0" bet="87" muck="1" rebuy="0" addon="0" merge="0" rebuychips="0" reg_code="5076505565"/>
</players>
</general>
<round no="0"><action no="1" player="pso6" type="15" discard="1" dealt="1" sum="5"/>
<action no="2" player="M1ky3ste92" type="15" sum="5"/>
<action no="3" player="Crazypoke" type="15" discard="1" dealt="1" sum="5"/>
<action no="4" player="pso6" type="1" discard="1" dealt="1" sum="15"/>
<action no="5" player="M1ky3ste92" type="2" sum="30"/>
</round>
<round no="1"><cards type="Pocket" player="M1ky3ste92">D5 S10</cards>
<cards type="Pocket" player="Crazypoke">X X</cards>
<cards type="Pocket" player="pso6">X X</cards>
<action no="6" player="Crazypoke" type="3" discard="1" dealt="1" sum="30"/>
<action no="7" player="pso6" type="3" discard="1" dealt="1" sum="15"/>
<action no="8" player="M1ky3ste92" type="4" sum="0"/>
</round>
<round no="2"><cards type="Flop">CJ HA SQ</cards>
<action no="9" player="pso6" type="5" discard="1" dealt="1" sum="52"/>
<action no="10" player="M1ky3ste92" type="0" sum="0"/>
<action no="11" player="Crazypoke" type="23" discard="1" dealt="1" sum="130"/>
<action no="12" player="pso6" type="0" discard="1" dealt="1" sum="0"/>
</round>
</game>
<game gamecode="6544196918"><general><startdate>2025-11-29 12:46:19</startdate>
<round>1</round>
<failsafecounter/>
<players><player seat="6" name="Crazypoke" chips="442" dealer="0" win="0" bet="239" muck="1" rebuy="0" addon="0" merge="0" rebuychips="0" reg_code="5076505451"/>
<player seat="10" name="pso6" chips="239" dealer="1" win="498" bet="239" muck="0" rebuy="0" addon="0" merge="0" rebuychips="0" reg_code="5076505565"/>
<player seat="3" name="M1ky3ste92" chips="819" dealer="0" win="0" bet="20" muck="1" rebuy="0" addon="0" merge="0" rebuychips="0" reg_code="5076504673"/>
</players>
</general>
<round no="0"><action no="1" player="M1ky3ste92" type="15" sum="5"/>
<action no="2" player="Crazypoke" type="15" discard="1" dealt="1" sum="5"/>
<action no="3" player="pso6" type="15" discard="1" dealt="1" sum="5"/>
<action no="4" player="M1ky3ste92" type="1" sum="15"/>
<action no="5" player="Crazypoke" type="2" discard="1" dealt="1" sum="30"/>
</round>
<round no="1"><cards type="Pocket" player="Crazypoke">SA CK</cards>
<cards type="Pocket" player="M1ky3ste92">C7 D4</cards>
<cards type="Pocket" player="pso6">H7 HJ</cards>
<action no="6" player="pso6" type="23" discard="1" dealt="1" sum="60"/>
<action no="7" player="M1ky3ste92" type="0" sum="0"/>
<action no="8" player="Crazypoke" type="23" discard="1" dealt="1" sum="90"/>
<action no="9" player="pso6" type="3" discard="1" dealt="1" sum="30"/>
</round>
<round no="2"><cards type="Flop">D10 C6 DJ</cards>
<action no="10" player="Crazypoke" type="5" discard="1" dealt="1" sum="105"/>
<action no="11" player="pso6" type="7" discard="1" dealt="1" sum="144"/>
<action no="12" player="Crazypoke" type="3" discard="1" dealt="1" sum="39"/>
</round>
<round no="3"><cards type="Turn">C5</cards>
</round>
<round no="4"><cards type="River">S6</cards>
</round>
</game>
<game gamecode="6544196953"><general><startdate>2025-11-29 12:46:39</startdate>
<round>1</round>
<failsafecounter/>
<players><player seat="10" name="pso6" chips="498" dealer="0" win="0" bet="35" muck="1" rebuy="0" addon="0" merge="0" rebuychips="0" reg_code="5076505565"/>
<player seat="3" name="M1ky3ste92" chips="799" dealer="1" win="0" bet="203" muck="1" rebuy="0" addon="0" merge="0" rebuychips="0" reg_code="5076504673"/>
<player seat="6" name="Crazypoke" chips="203" dealer="0" win="441" bet="203" muck="0" rebuy="0" addon="0" merge="0" rebuychips="0" reg_code="5076505451"/>
</players>
</general>
<round no="0"><action no="1" player="Crazypoke" type="15" discard="1" dealt="1" sum="5"/>
<action no="2" player="pso6" type="15" discard="1" dealt="1" sum="5"/>
<action no="3" player="M1ky3ste92" type="15" sum="5"/>
<action no="4" player="Crazypoke" type="1" discard="1" dealt="1" sum="15"/>
<action no="5" player="pso6" type="2" discard="1" dealt="1" sum="30"/>
</round>
<round no="1"><cards type="Pocket" player="M1ky3ste92">D10 CQ</cards>
<cards type="Pocket" player="pso6">X X</cards>
<cards type="Pocket" player="Crazypoke">S8 C2</cards>
<action no="6" player="M1ky3ste92" type="23" sum="60"/>
<action no="7" player="Crazypoke" type="23" discard="1" dealt="1" sum="198"/>
<action no="8" player="pso6" type="0" discard="1" dealt="1" sum="0"/>
<action no="9" player="M1ky3ste92" type="3" sum="138"/>
</round>
<round no="2"><cards type="Flop">S2 DK SK</cards>
</round>
<round no="3"><cards type="Turn">DA</cards>
</round>
<round no="4"><cards type="River">C8</cards>
</round>
</game>
<game gamecode="6544196986"><general><startdate>2025-11-29 12:46:58</startdate>
<round>1</round>
<failsafecounter/>
<players><player seat="3" name="M1ky3ste92" chips="596" dealer="0" win="45" bet="35" muck="1" rebuy="0" addon="0" merge="0" rebuychips="0" reg_code="5076504673"/>
<player seat="6" name="Crazypoke" chips="441" dealer="1" win="0" bet="5" muck="1" rebuy="0" addon="0" merge="0" rebuychips="0" reg_code="5076505451"/>
<player seat="10" name="pso6" chips="463" dealer="0" win="0" bet="20" muck="1" rebuy="0" addon="0" merge="0" rebuychips="0" reg_code="5076505565"/>
</players>
</general>
<round no="0"><action no="1" player="pso6" type="15" discard="1" dealt="1" sum="5"/>
<action no="2" player="M1ky3ste92" type="15" sum="5"/>
<action no="3" player="Crazypoke" type="15" discard="1" dealt="1" sum="5"/>
<action no="4" player="pso6" type="1" discard="1" dealt="1" sum="15"/>
<action no="5" player="M1ky3ste92" type="2" sum="30"/>
</round>
<round no="1"><cards type="Pocket" player="M1ky3ste92">S3 DK</cards>
<cards type="Pocket" player="pso6">X X</cards>
<cards type="Pocket" player="Crazypoke">X X</cards>
<action no="6" player="Crazypoke" type="0" discard="1" dealt="1" sum="0"/>
<action no="7" player="pso6" type="0" discard="1" dealt="1" sum="0"/>
</round>
</game>
<game gamecode="6544197005"><general><startdate>2025-11-29 12:47:06</startdate>
<round>1</round>
<failsafecounter/>
<players><player seat="6" name="Crazypoke" chips="436" dealer="0" win="0" bet="436" muck="0" rebuy="0" addon="0" merge="0" rebuychips="0" reg_code="5076505451"/>
<player seat="10" name="pso6" chips="443" dealer="1" win="892" bet="436" muck="0" rebuy="0" addon="0" merge="0" rebuychips="0" reg_code="5076505565"/>
<player seat="3" name="M1ky3ste92" chips="621" dealer="0" win="0" bet="20" muck="1" rebuy="0" addon="0" merge="0" rebuychips="0" reg_code="5076504673"/>
</players>
</general>
<round no="0"><action no="1" player="M1ky3ste92" type="15" sum="5"/>
<action no="2" player="Crazypoke" type="15" discard="1" dealt="1" sum="5"/>
<action no="3" player="pso6" type="15" discard="1" dealt="1" sum="5"/>
<action no="4" player="M1ky3ste92" type="1" sum="15"/>
<action no="5" player="Crazypoke" type="2" discard="1" dealt="1" sum="30"/>
</round>
<round no="1"><cards type="Pocket" player="M1ky3ste92">C7 DK</cards>
<cards type="Pocket" player="Crazypoke">H5 S4</cards>
<cards type="Pocket" player="pso6">CK SK</cards>
<action no="6" player="pso6" type="23" discard="1" dealt="1" sum="90"/>
<action no="7" player="M1ky3ste92" type="0" sum="0"/>
<action no="8" player="Crazypoke" type="3" discard="1" dealt="1" sum="60"/>
</round>
<round no="2"><cards type="Flop">H6 C4 S10</cards>
<action no="9" player="Crazypoke" type="5" discard="1" dealt="1" sum="341"/>
<action no="10" player="pso6" type="3" discard="1" dealt="1" sum="341"/>
</round>
<round no="3"><cards type="Turn">SQ</cards>
</round>
<round no="4"><cards type="River">S9</cards>
</round>
</game>
<game gamecode="6544197033"><general><startdate>2025-11-29 12:47:24</startdate>
<round>1</round>
<failsafecounter/>
<players><player seat="10" name="pso6" chips="899" dealer="0" win="90" bet="85" muck="1" rebuy="0" addon="0" merge="0" rebuychips="0" reg_code="5076505565"/>
<player seat="3" name="M1ky3ste92" chips="601" dealer="1" win="0" bet="45" muck="1" rebuy="0" addon="0" merge="0" rebuychips="0" reg_code="5076504673"/>
</players>
</general>
<round no="0"><action no="1" player="M1ky3ste92" type="15" sum="5"/>
<action no="2" player="pso6" type="15" discard="1" dealt="1" sum="5"/>
<action no="3" player="M1ky3ste92" type="1" sum="20"/>
<action no="4" player="pso6" type="2" discard="1" dealt="1" sum="40"/>
</round>
<round no="1"><cards type="Pocket" player="pso6">X X</cards>
<cards type="Pocket" player="M1ky3ste92">S3 HJ</cards>
<action no="5" player="M1ky3ste92" type="3" sum="20"/>
<action no="6" player="pso6" type="4" discard="1" dealt="1" sum="0"/>
</round>
<round no="2"><cards type="Flop">DQ H7 SK</cards>
<action no="7" player="pso6" type="5" discard="1" dealt="1" sum="40"/>
<action no="8" player="M1ky3ste92" type="0" sum="0"/>
</round>
</game>
<game gamecode="6544197054"><general><startdate>2025-11-29 12:47:34</startdate>
<round>1</round>
<failsafecounter/>
<players><player seat="3" name="M1ky3ste92" chips="556" dealer="0" win="0" bet="45" muck="1" rebuy="0" addon="0" merge="0" rebuychips="0" reg_code="5076504673"/>
<player seat="10" name="pso6" chips="944" dealer="1" win="90" bet="105" muck="1" rebuy="0" addon="0" merge="0" rebuychips="0" reg_code="5076505565"/>
</players>
</general>
<round no="0"><action no="1" player="pso6" type="15" discard="1" dealt="1" sum="5"/>
<action no="2" player="M1ky3ste92" type="15" sum="5"/>
<action no="3" player="pso6" type="1" discard="1" dealt="1" sum="20"/>
<action no="4" player="M1ky3ste92" type="2" sum="40"/>
</round>
<round no="1"><cards type="Pocket" player="M1ky3ste92">S3 S10</cards>
<cards type="Pocket" player="pso6">X X</cards>
<action no="5" player="pso6" type="23" discard="1" dealt="1" sum="100"/>
<action no="6" player="M1ky3ste92" type="0" sum="0"/>
</round>
</game>
<game gamecode="6544197061"><general><startdate>2025-11-29 12:47:41</startdate>
<round>1</round>
<failsafecounter/>
<players><player seat="10" name="pso6" chips="989" dealer="0" win="0" bet="45" muck="1" rebuy="0" addon="0" merge="0" rebuychips="0" reg_code="5076505565"/>
<player seat="3" name="M1ky3ste92" chips="511" dealer="1" win="90" bet="85" muck="1" rebuy="0" addon="0" merge="0" rebuychips="0" reg_code="5076504673"/>
</players>
</general>
<round no="0"><action no="1" player="M1ky3ste92" type="15" sum="5"/>
<action no="2" player="pso6" type="15" discard="1" dealt="1" sum="5"/>
<action no="3" player="M1ky3ste92" type="1" sum="20"/>
<action no="4" player="pso6" type="2" discard="1" dealt="1" sum="40"/>
</round>
<round no="1"><cards type="Pocket" player="M1ky3ste92">C10 S10</cards>
<cards type="Pocket" player="pso6">X X</cards>
<action no="5" player="M1ky3ste92" type="3" sum="20"/>
<action no="6" player="pso6" type="4" discard="1" dealt="1" sum="0"/>
</round>
<round no="2"><cards type="Flop">S6 SQ H10</cards>
<action no="7" player="pso6" type="4" discard="1" dealt="1" sum="0"/>
<action no="8" player="M1ky3ste92" type="5" sum="40"/>
<action no="9" player="pso6" type="0" discard="1" dealt="1" sum="0"/>
</round>
</game>
<game gamecode="6544197074"><general><startdate>2025-11-29 12:47:50</startdate>
<round>1</round>
<failsafecounter/>
<players><player seat="3" name="M1ky3ste92" chips="556" dealer="0" win="210" bet="185" muck="1" rebuy="0" addon="0" merge="0" rebuychips="0" reg_code="5076504673"/>
<player seat="10" name="pso6" chips="944" dealer="1" win="0" bet="105" muck="1" rebuy="0" addon="0" merge="0" rebuychips="0" reg_code="5076505565"/>
</players>
</general>
<round no="0"><action no="1" player="pso6" type="15" discard="1" dealt="1" sum="5"/>
<action no="2" player="M1ky3ste92" type="15" sum="5"/>
<action no="3" player="pso6" type="1" discard="1" dealt="1" sum="20"/>
<action no="4" player="M1ky3ste92" type="2" sum="40"/>
</round>
<round no="1"><cards type="Pocket" player="pso6">X X</cards>
<cards type="Pocket" player="M1ky3ste92">D9 DQ</cards>
<action no="5" player="pso6" type="3" discard="1" dealt="1" sum="20"/>
<action no="6" player="M1ky3ste92" type="23" sum="100"/>
<action no="7" player="pso6" type="3" discard="1" dealt="1" sum="60"/>
</round>
<round no="2"><cards type="Flop">S10 C9 S6</cards>
<action no="8" player="M1ky3ste92" type="5" sum="80"/>
<action no="9" player="pso6" type="0" discard="1" dealt="1" sum="0"/>
</round>
</game>
<game gamecode="6544197101"><general><startdate>2025-11-29 12:48:04</startdate>
<round>1</round>
<failsafecounter/>
<players><player seat="10" name="pso6" chips="839" dealer="0" win="170" bet="170" muck="1" rebuy="0" addon="0" merge="0" rebuychips="0" reg_code="5076505565"/>
<player seat="3" name="M1ky3ste92" chips="661" dealer="1" win="0" bet="85" muck="1" rebuy="0" addon="0" merge="0" rebuychips="0" reg_code="5076504673"/>
</players>
</general>
<round no="0"><action no="1" player="M1ky3ste92" type="15" sum="5"/>
<action no="2" player="pso6" type="15" discard="1" dealt="1" sum="5"/>
<action no="3" player="M1ky3ste92" type="1" sum="20"/>
<action no="4" player="pso6" type="2" discard="1" dealt="1" sum="40"/>
</round>
<round no="1"><cards type="Pocket" player="M1ky3ste92">HJ D10</cards>
<cards type="Pocket" player="pso6">X X</cards>
<action no="5" player="M1ky3ste92" type="3" sum="20"/>
<action no="6" player="pso6" type="4" discard="1" dealt="1" sum="0"/>
</round>
<round no="2"><cards type="Flop">SA S4 D4</cards>
<action no="7" player="pso6" type="4" discard="1" dealt="1" sum="0"/>
<action no="8" player="M1ky3ste92" type="5" sum="40"/>
<action no="9" player="pso6" type="3" discard="1" dealt="1" sum="40"/>
</round>
<round no="3"><cards type="Turn">D7</cards>
<action no="10" player="pso6" type="4" discard="1" dealt="1" sum="0"/>
<action no="11" player="M1ky3ste92" type="4" sum="0"/>
</round>
<round no="4"><cards type="River">H7</cards>
<action no="12" player="pso6" type="5" discard="1" dealt="1" sum="85"/>
<action no="13" player="M1ky3ste92" type="0" sum="0"/>
</round>
</game>
<game gamecode="6544197115"><general><startdate>2025-11-29 12:48:18</startdate>
<round>1</round>
<failsafecounter/>
<players><player seat="3" name="M1ky3ste92" chips="576" dealer="0" win="90" bet="85" muck="1" rebuy="0" addon="0" merge="0" rebuychips="0" reg_code="5076504673"/>
<player seat="10" name="pso6" chips="924" dealer="1" win="0" bet="45" muck="1" rebuy="0" addon="0" merge="0" rebuychips="0" reg_code="5076505565"/>
</players>
</general>
<round no="0"><action no="1" player="pso6" type="15" discard="1" dealt="1" sum="5"/>
<action no="2" player="M1ky3ste92" type="15" sum="5"/>
<action no="3" player="pso6" type="1" discard="1" dealt="1" sum="20"/>
<action no="4" player="M1ky3ste92" type="2" sum="40"/>
</round>
<round no="1"><cards type="Pocket" player="M1ky3ste92">SJ D7</cards>
<cards type="Pocket" player="pso6">X X</cards>
<action no="5" player="pso6" type="3" discard="1" dealt="1" sum="20"/>
<action no="6" player="M1ky3ste92" type="4" sum="0"/>
</round>
<round no="2"><cards type="Flop">SQ HJ CA</cards>
<action no="7" player="M1ky3ste92" type="4" sum="0"/>
<action no="8" player="pso6" type="4" discard="1" dealt="1" sum="0"/>
</round>
<round no="3"><cards type="Turn">H9</cards>
<action no="9" player="M1ky3ste92" type="4" sum="0"/>
<action no="10" player="pso6" type="4" discard="1" dealt="1" sum="0"/>
</round>
<round no="4"><cards type="River">S3</cards>
<action no="11" player="M1ky3ste92" type="5" sum="40"/>
<action no="12" player="pso6" type="0" discard="1" dealt="1" sum="0"/>
</round>
</game>
<game gamecode="6544197137"><general><startdate>2025-11-29 12:48:30</startdate>
<round>1</round>
<failsafecounter/>
<players><player seat="10" name="pso6" chips="879" dealer="0" win="0" bet="45" muck="1" rebuy="0" addon="0" merge="0" rebuychips="0" reg_code="5076505565"/>
<player seat="3" name="M1ky3ste92" chips="621" dealer="1" win="90" bet="621" muck="1" rebuy="0" addon="0" merge="0" rebuychips="0" reg_code="5076504673"/>
</players>
</general>
<round no="0"><action no="1" player="M1ky3ste92" type="15" sum="5"/>
<action no="2" player="pso6" type="15" discard="1" dealt="1" sum="5"/>
<action no="3" player="M1ky3ste92" type="1" sum="20"/>
<action no="4" player="pso6" type="2" discard="1" dealt="1" sum="40"/>
</round>
<round no="1"><cards type="Pocket" player="pso6">X X</cards>
<cards type="Pocket" player="M1ky3ste92">CA S9</cards>
<action no="5" player="M1ky3ste92" type="23" sum="616"/>
<action no="6" player="pso6" type="0" discard="1" dealt="1" sum="0"/>
</round>
</game>
<game gamecode="6544197147"><general><startdate>2025-11-29 12:48:38</startdate>
<round>1</round>
<failsafecounter/>
<players><player seat="3" name="M1ky3ste92" chips="666" dealer="0" win="0" bet="45" muck="1" rebuy="0" addon="0" merge="0" rebuychips="0" reg_code="5076504673"/>
<player seat="10" name="pso6" chips="834" dealer="1" win="90" bet="45" muck="0" rebuy="0" addon="0" merge="0" rebuychips="0" reg_code="5076505565"/>
</players>
</general>
<round no="0"><action no="1" player="pso6" type="15" discard="1" dealt="1" sum="5"/>
<action no="2" player="M1ky3ste92" type="15" sum="5"/>
<action no="3" player="pso6" type="1" discard="1" dealt="1" sum="20"/>
<action no="4" player="M1ky3ste92" type="2" sum="40"/>
</round>
<round no="1"><cards type="Pocket" player="pso6">DQ D7</cards>
<cards type="Pocket" player="M1ky3ste92">S3 D2</cards>
<action no="5" player="pso6" type="3" discard="1" dealt="1" sum="20"/>
<action no="6" player="M1ky3ste92" type="4" sum="0"/>
</round>
<round no="2"><cards type="Flop">DJ S4 HJ</cards>
<action no="7" player="M1ky3ste92" type="4" sum="0"/>
<action no="8" player="pso6" type="4" discard="1" dealt="1" sum="0"/>
</round>
<round no="3"><cards type="Turn">C5</cards>
<action no="9" player="M1ky3ste92" type="4" sum="0"/>
<action no="10" player="pso6" type="4" discard="1" dealt="1" sum="0"/>
</round>
<round no="4"><cards type="River">D10</cards>
<action no="11" player="M1ky3ste92" type="4" sum="0"/>
<action no="12" player="pso6" type="4" discard="1" dealt="1" sum="0"/>
</round>
</game>
<game gamecode="6544201638"><general><startdate>2025-11-29 12:48:51</startdate>
<round>1</round>
<failsafecounter/>
<players><player seat="10" name="pso6" chips="879" dealer="0" win="0" bet="165" muck="1" rebuy="0" addon="0" merge="0" rebuychips="0" reg_code="5076505565"/>
<player seat="3" name="M1ky3ste92" chips="621" dealer="1" win="330" bet="285" muck="1" rebuy="0" addon="0" merge="0" rebuychips="0" reg_code="5076504673"/>
</players>
</general>
<round no="0"><action no="1" player="M1ky3ste92" type="15" sum="5"/>
<action no="2" player="pso6" type="15" discard="1" dealt="1" sum="5"/>
<action no="3" player="M1ky3ste92" type="1" sum="20"/>
<action no="4" player="pso6" type="2" discard="1" dealt="1" sum="40"/>
</round>
<round no="1"><cards type="Pocket" player="pso6">X X</cards>
<cards type="Pocket" player="M1ky3ste92">SJ S6</cards>
<action no="5" player="M1ky3ste92" type="3" sum="20"/>
<action no="6" player="pso6" type="4" discard="1" dealt="1" sum="0"/>
</round>
<round no="2"><cards type="Flop">DA C2 C6</cards>
<action no="7" player="pso6" type="5" discard="1" dealt="1" sum="40"/>
<action no="8" player="M1ky3ste92" type="23" sum="120"/>
<action no="9" player="pso6" type="3" discard="1" dealt="1" sum="80"/>
</round>
<round no="3"><cards type="Turn">S2</cards>
<action no="10" player="pso6" type="4" discard="1" dealt="1" sum="0"/>
<action no="11" player="M1ky3ste92" type="4" sum="0"/>
</round>
<round no="4"><cards type="River">SA</cards>
<action no="12" player="pso6" type="4" discard="1" dealt="1" sum="0"/>
<action no="13" player="M1ky3ste92" type="5" sum="120"/>
<action no="14" player="pso6" type="0" discard="1" dealt="1" sum="0"/>
</round>
</game>
<game gamecode="6544201671"><general><startdate>2025-11-29 12:49:10</startdate>
<round>1</round>
<failsafecounter/>
<players><player seat="3" name="M1ky3ste92" chips="786" dealer="0" win="250" bet="125" muck="0" rebuy="0" addon="0" merge="0" rebuychips="0" reg_code="5076504673"/>
<player seat="10" name="pso6" chips="714" dealer="1" win="0" bet="125" muck="1" rebuy="0" addon="0" merge="0" rebuychips="0" reg_code="5076505565"/>
</players>
</general>
<round no="0"><action no="1" player="pso6" type="15" discard="1" dealt="1" sum="5"/>
<action no="2" player="M1ky3ste92" type="15" sum="5"/>
<action no="3" player="pso6" type="1" discard="1" dealt="1" sum="30"/>
<action no="4" player="M1ky3ste92" type="2" sum="60"/>
</round>
<round no="1"><cards type="Pocket" player="M1ky3ste92">S4 H2</cards>
<cards type="Pocket" player="pso6">C8 SQ</cards>
<action no="5" player="pso6" type="3" discard="1" dealt="1" sum="30"/>
<action no="6" player="M1ky3ste92" type="4" sum="0"/>
</round>
<round no="2"><cards type="Flop">C4 SA CJ</cards>
<action no="7" player="M1ky3ste92" type="4" sum="0"/>
<action no="8" player="pso6" type="5" discard="1" dealt="1" sum="60"/>
<action no="9" player="M1ky3ste92" type="3" sum="60"/>
</round>
<round no="3"><cards type="Turn">CA</cards>
<action no="10" player="M1ky3ste92" type="4" sum="0"/>
<action no="11" player="pso6" type="4" discard="1" dealt="1" sum="0"/>
</round>
<round no="4"><cards type="River">H9</cards>
<action no="12" player="M1ky3ste92" type="4" sum="0"/>
<action no="13" player="pso6" type="4" discard="1" dealt="1" sum="0"/>
</round>
</game>
<game gamecode="6544201692"><general><startdate>2025-11-29 12:49:23</startdate>
<round>1</round>
<failsafecounter/>
<players><player seat="10" name="pso6" chips="589" dealer="0" win="0" bet="65" muck="1" rebuy="0" addon="0" merge="0" rebuychips="0" reg_code="5076505565"/>
<player seat="3" name="M1ky3ste92" chips="911" dealer="1" win="130" bet="911" muck="1" rebuy="0" addon="0" merge="0" rebuychips="0" reg_code="5076504673"/>
</players>
</general>
<round no="0"><action no="1" player="M1ky3ste92" type="15" sum="5"/>
<action no="2" player="pso6" type="15" discard="1" dealt="1" sum="5"/>
<action no="3" player="M1ky3ste92" type="1" sum="30"/>
<action no="4" player="pso6" type="2" discard="1" dealt="1" sum="60"/>
</round>
<round no="1"><cards type="Pocket" player="M1ky3ste92">S10 HK</cards>
<cards type="Pocket" player="pso6">X X</cards>
<action no="5" player="M1ky3ste92" type="23" sum="906"/>
<action no="6" player="pso6" type="0" discard="1" dealt="1" sum="0"/>
</round>
</game>
<game gamecode="6544201707"><general><startdate>2025-11-29 12:49:30</startdate>
<round>1</round>
<failsafecounter/>
<players><player seat="3" name="M1ky3ste92" chips="976" dealer="0" win="0" bet="65" muck="1" rebuy="0" addon="0" merge="0" rebuychips="0" reg_code="5076504673"/>
<player seat="10" name="pso6" chips="524" dealer="1" win="130" bet="524" muck="1" rebuy="0" addon="0" merge="0" rebuychips="0" reg_code="5076505565"/>
</players>
</general>
<round no="0"><action no="1" player="pso6" type="15" discard="1" dealt="1" sum="5"/>
<action no="2" player="M1ky3ste92" type="15" sum="5"/>
<action no="3" player="pso6" type="1" discard="1" dealt="1" sum="30"/>
<action no="4" player="M1ky3ste92" type="2" sum="60"/>
</round>
<round no="1"><cards type="Pocket" player="M1ky3ste92">D7 CQ</cards>
<cards type="Pocket" player="pso6">X X</cards>
<action no="5" player="pso6" type="23" discard="1" dealt="1" sum="519"/>
<action no="6" player="M1ky3ste92" type="0" sum="0"/>
</round>
</game>
<game gamecode="6544201716"><general><startdate>2025-11-29 12:49:36</startdate>
<round>1</round>
<failsafecounter/>
<players><player seat="10" name="pso6" chips="589" dealer="0" win="0" bet="65" muck="1" rebuy="0" addon="0" merge="0" rebuychips="0" reg_code="5076505565"/>
<player seat="3" name="M1ky3ste92" chips="911" dealer="1" win="130" bet="125" muck="1" rebuy="0" addon="0" merge="0" rebuychips="0" reg_code="5076504673"/>
</players>
</general>
<round no="0"><action no="1" player="M1ky3ste92" type="15" sum="5"/>
<action no="2" player="pso6" type="15" discard="1" dealt="1" sum="5"/>
<action no="3" player="M1ky3ste92" type="1" sum="30"/>
<action no="4" player="pso6" type="2" discard="1" dealt="1" sum="60"/>
</round>
<round no="1"><cards type="Pocket" player="M1ky3ste92">C10 D6</cards>
<cards type="Pocket" player="pso6">X X</cards>
<action no="5" player="M1ky3ste92" type="3" sum="30"/>
<action no="6" player="pso6" type="4" discard="1" dealt="1" sum="0"/>
</round>
<round no="2"><cards type="Flop">C3 S2 DA</cards>
<action no="7" player="pso6" type="4" discard="1" dealt="1" sum="0"/>
<action no="8" player="M1ky3ste92" type="5" sum="60"/>
<action no="9" player="pso6" type="0" discard="1" dealt="1" sum="0"/>
</round>
</game>
<game gamecode="6544201735"><general><startdate>2025-11-29 12:49:47</startdate>
<round>1</round>
<failsafecounter/>
<players><player seat="3" name="M1ky3ste92" chips="976" dealer="0" win="65" bet="65" muck="0" rebuy="0" addon="0" merge="0" rebuychips="0" reg_code="5076504673"/>
<player seat="10" name="pso6" chips="524" dealer="1" win="65" bet="65" muck="0" rebuy="0" addon="0" merge="0" rebuychips="0" reg_code="5076505565"/>
</players>
</general>
<round no="0"><action no="1" player="pso6" type="15" discard="1" dealt="1" sum="5"/>
<action no="2" player="M1ky3ste92" type="15" sum="5"/>
<action no="3" player="pso6" type="1" discard="1" dealt="1" sum="30"/>
<action no="4" player="M1ky3ste92" type="2" sum="60"/>
</round>
<round no="1"><cards type="Pocket" player="pso6">S7 S3</cards>
<cards type="Pocket" player="M1ky3ste92">S5 S4</cards>
<action no="5" player="pso6" type="3" discard="1" dealt="1" sum="30"/>
<action no="6" player="M1ky3ste92" type="4" sum="0"/>
</round>
<round no="2"><cards type="Flop">C2 DJ H2</cards>
<action no="7" player="M1ky3ste92" type="4" sum="0"/>
<action no="8" player="pso6" type="4" discard="1" dealt="1" sum="0"/>
</round>
<round no="3"><cards type="Turn">SQ</cards>
<action no="9" player="M1ky3ste92" type="4" sum="0"/>
<action no="10" player="pso6" type="4" discard="1" dealt="1" sum="0"/>
</round>
<round no="4"><cards type="River">C9</cards>
<action no="11" player="M1ky3ste92" type="4" sum="0"/>
<action no="12" player="pso6" type="4" discard="1" dealt="1" sum="0"/>
</round>
</game>
<game gamecode="6544201776"><general><startdate>2025-11-29 12:50:07</startdate>
<round>1</round>
<failsafecounter/>
<players><player seat="10" name="pso6" chips="524" dealer="0" win="70" bet="65" muck="1" rebuy="0" addon="0" merge="0" rebuychips="0" reg_code="5076505565"/>
<player seat="3" name="M1ky3ste92" chips="976" dealer="1" win="0" bet="35" muck="1" rebuy="0" addon="0" merge="0" rebuychips="0" reg_code="5076504673"/>
</players>
</general>
<round no="0"><action no="1" player="M1ky3ste92" type="15" sum="5"/>
<action no="2" player="pso6" type="15" discard="1" dealt="1" sum="5"/>
<action no="3" player="M1ky3ste92" type="1" sum="30"/>
<action no="4" player="pso6" type="2" discard="1" dealt="1" sum="60"/>
</round>
<round no="1"><cards type="Pocket" player="pso6">X X</cards>
<cards type="Pocket" player="M1ky3ste92">C3 D5</cards>
<action no="5" player="M1ky3ste92" type="0" sum="0"/>
</round>
</game>
<game gamecode="6544201787"><general><startdate>2025-11-29 12:50:12</startdate>
<round>1</round>
<failsafecounter/>
<players><player seat="3" name="M1ky3ste92" chips="941" dealer="0" win="0" bet="65" muck="1" rebuy="0" addon="0" merge="0" rebuychips="0" reg_code="5076504673"/>
<player seat="10" name="pso6" chips="559" dealer="1" win="130" bet="125" muck="1" rebuy="0" addon="0" merge="0" rebuychips="0" reg_code="5076505565"/>
</players>
</general>
<round no="0"><action no="1" player="pso6" type="15" discard="1" dealt="1" sum="5"/>
<action no="2" player="M1ky3ste92" type="15" sum="5"/>
<action no="3" player="pso6" type="1" discard="1" dealt="1" sum="30"/>
<action no="4" player="M1ky3ste92" type="2" sum="60"/>
</round>
<round no="1"><cards type="Pocket" player="pso6">X X</cards>
<cards type="Pocket" player="M1ky3ste92">HJ S2</cards>
<action no="5" player="pso6" type="23" discard="1" dealt="1" sum="120"/>
<action no="6" player="M1ky3ste92" type="0" sum="0"/>
</round>
</game>
<game gamecode="6544201796"><general><startdate>2025-11-29 12:50:18</startdate>
<round>1</round>
<failsafecounter/>
<players><player seat="10" name="pso6" chips="624" dealer="0" win="0" bet="624" muck="1" rebuy="0" addon="0" merge="0" rebuychips="0" reg_code="5076505565"/>
<player seat="3" name="M1ky3ste92" chips="876" dealer="1" win="1,248" bet="876" muck="0" rebuy="0" addon="0" merge="0" rebuychips="0" reg_code="5076504673"/>
</players>
</general>
<round no="0"><action no="1" player="M1ky3ste92" type="15" sum="5"/>
<action no="2" player="pso6" type="15" discard="1" dealt="1" sum="5"/>
<action no="3" player="M1ky3ste92" type="1" sum="30"/>
<action no="4" player="pso6" type="2" discard="1" dealt="1" sum="60"/>
</round>
<round no="1"><cards type="Pocket" player="M1ky3ste92">CQ SJ</cards>
<cards type="Pocket" player="pso6">C4 S4</cards>
<action no="5" player="M1ky3ste92" type="23" sum="871"/>
<action no="6" player="pso6" type="7" discard="1" dealt="1" sum="559"/>
</round>
<round no="2"><cards type="Flop">C8 CJ D8</cards>
</round>
<round no="3"><cards type="Turn">C6</cards>
</round>
<round no="4"><cards type="River">CA</cards>
</round>
</game>
</session>
