<?xml version="1.0" encoding="UTF-8"?>
<session sessioncode="5076509758">
<general>
<client_version>25.7.1.34</client_version>
<mode>real</mode>
<gametype>Holdem NL</gametype>
<tablename>Twister €100 SNG, 822673172</tablename>
<tournamentcode>822673171</tournamentcode>
<tournamentname>Twister €100 SNG</tournamentname>
<buyin>€0 + €7 + €93</buyin>
<totalbuyin>€100</totalbuyin>
<rewarddrawn>€200</rewarddrawn>
<tournamentcurrency>EUR</tournamentcurrency>
<currency>EUR</currency>
<nickname>M1ky3ste92</nickname>
<gamecount>26</gamecount>
<startdate>2025-11-29 13:20:41</startdate>
<place>1</place>
<win>€200</win>
<tablesize>3</tablesize>
</general>
<game gamecode="6544217093"><general><startdate>2025-11-29 13:20:56</startdate>
<round>1</round>
<failsafecounter/>
<players><player seat="10" name="Mayu97" chips="500" dealer="0" win="0" bet="20" muck="1" rebuy="0" addon="0" merge="0" rebuychips="0" reg_code="5076510948"/>
<player seat="3" name="M1ky3ste92" chips="500" dealer="1" win="220" bet="500" muck="1" rebuy="0" addon="0" merge="0" rebuychips="0" reg_code="5076509758"/>
<player seat="6" name="Baldwim944" chips="500" dealer="0" win="0" bet="100" muck="1" rebuy="0" addon="0" merge="0" rebuychips="0" reg_code="5076510894"/>
</players>
</general>
<round no="0"><action no="1" player="Baldwim944" type="1" discard="1" dealt="1" sum="10"/>
<action no="2" player="Mayu97" type="2" discard="1" dealt="1" sum="20"/>
</round>
<round no="1"><cards type="Pocket" player="M1ky3ste92">HA CA</cards>
<cards type="Pocket" player="Baldwim944">X X</cards>
<cards type="Pocket" player="Mayu97">X X</cards>
<action no="3" player="M1ky3ste92" type="23" sum="40"/>
<action no="4" player="Baldwim944" type="23" discard="1" dealt="1" sum="100"/>
<action no="5" player="Mayu97" type="0" discard="1" dealt="1" sum="0"/>
<action no="6" player="M1ky3ste92" type="23" sum="500"/>
<action no="7" player="Baldwim944" type="0" discard="1" dealt="1" sum="0"/>
</round>
</game>
<game gamecode="6544217113"><general><startdate>2025-11-29 13:21:18</startdate>
<round>1</round>
<failsafecounter/>
<players><player seat="3" name="M1ky3ste92" chips="620" dealer="0" win="0" bet="20" muck="1" rebuy="0" addon="0" merge="0" rebuychips="0" reg_code="5076509758"/>
<player seat="6" name="Baldwim944" chips="400" dealer="1" win="0" bet="0" muck="1" rebuy="0" addon="0" merge="0" rebuychips="0" reg_code="5076510894"/>
<player seat="10" name="Mayu97" chips="480" dealer="0" win="40" bet="60" muck="1" rebuy="0" addon="0" merge="0" rebuychips="0" reg_code="5076510948"/>
</players>
</general>
<round no="0"><action no="1" player="Mayu97" type="1" discard="1" dealt="1" sum="10"/>
<action no="2" player="M1ky3ste92" type="2" sum="20"/>
</round>
<round no="1"><cards type="Pocket" player="Baldwim944">X X</cards>
<cards type="Pocket" player="M1ky3ste92">C4 S5</cards>
<cards type="Pocket" player="Mayu97">X X</cards>
<action no="3" player="Baldwim944" type="0" discard="1" dealt="1" sum="0"/>
<action no="4" player="Mayu97" type="23" discard="1" dealt="1" sum="60"/>
<action no="5" player="M1ky3ste92" type="0" sum="0"/>
</round>
</game>
<game gamecode="6544217134"><general><startdate>2025-11-29 13:21:30</startdate>
<round>1</round>
<failsafecounter/>
<players><player seat="6" name="Baldwim944" chips="400" dealer="0" win="0" bet="20" muck="1" rebuy="0" addon="0" merge="0" rebuychips="0" reg_code="5076510894"/>
<player seat="10" name="Mayu97" chips="500" dealer="1" win="50" bet="60" muck="1" rebuy="0" addon="0" merge="0" rebuychips="0" reg_code="5076510948"/>
<player seat="3" name="M1ky3ste92" chips="600" dealer="0" win="0" bet="10" muck="1" rebuy="0" addon="0" merge="0" rebuychips="0" reg_code="5076509758"/>
</players>
</general>
<round no="0"><action no="1" player="M1ky3ste92" type="1" sum="10"/>
<action no="2" player="Baldwim944" type="2" discard="1" dealt="1" sum="20"/>
</round>
<round no="1"><cards type="Pocket" player="M1ky3ste92">CJ S2</cards>
<cards type="Pocket" player="Baldwim944">X X</cards>
<cards type="Pocket" player="Mayu97">X X</cards>
<action no="3" player="Mayu97" type="23" discard="1" dealt="1" sum="60"/>
<action no="4" player="M1ky3ste92" type="0" sum="0"/>
<action no="5" player="Baldwim944" type="0" discard="1" dealt="1" sum="0"/>
</round>
</game>
<game gamecode="6544217143"><general><startdate>2025-11-29 13:21:40</startdate>
<round>1</round>
<failsafecounter/>
<players><player seat="10" name="Mayu97" chips="530" dealer="0" win="0" bet="40" muck="1" rebuy="0" addon="0" merge="0" rebuychips="0" reg_code="5076510948"/>
<player seat="3" name="M1ky3ste92" chips="590" dealer="1" win="0" bet="0" muck="1" rebuy="0" addon="0" merge="0" rebuychips="0" reg_code="5076509758"/>
<player seat="6" name="Baldwim944" chips="380" dealer="0" win="80" bet="40" muck="0" rebuy="0" addon="0" merge="0" rebuychips="0" reg_code="5076510894"/>
</players>
</general>
<round no="0"><action no="1" player="Baldwim944" type="1" discard="1" dealt="1" sum="10"/>
<action no="2" player="Mayu97" type="2" discard="1" dealt="1" sum="20"/>
</round>
<round no="1"><cards type="Pocket" player="Mayu97">H4 H8</cards>
<cards type="Pocket" player="M1ky3ste92">S2 H5</cards>
<cards type="Pocket" player="Baldwim944">S9 DK</cards>
<action no="3" player="M1ky3ste92" type="0" sum="0"/>
<action no="4" player="Baldwim944" type="3" discard="1" dealt="1" sum="10"/>
<action no="5" player="Mayu97" type="23" discard="1" dealt="1" sum="40"/>
<action no="6" player="Baldwim944" type="3" discard="1" dealt="1" sum="20"/>
</round>
<round no="2"><cards type="Flop">SQ HQ CJ</cards>
<action no="7" player="Baldwim944" type="4" discard="1" dealt="1" sum="0"/>
<action no="8" player="Mayu97" type="4" discard="1" dealt="1" sum="0"/>
</round>
<round no="3"><cards type="Turn">DQ</cards>
<action no="9" player="Baldwim944" type="4" discard="1" dealt="1" sum="0"/>
<action no="10" player="Mayu97" type="4" discard="1" dealt="1" sum="0"/>
</round>
<round no="4"><cards type="River">H10</cards>
<action no="11" player="Baldwim944" type="4" discard="1" dealt="1" sum="0"/>
<action no="12" player="Mayu97" type="4" discard="1" dealt="1" sum="0"/>
</round>
</game>
<game gamecode="6544217163"><general><startdate>2025-11-29 13:21:57</startdate>
<round>1</round>
<failsafecounter/>
<players><player seat="3" name="M1ky3ste92" chips="590" dealer="0" win="0" bet="20" muck="1" rebuy="0" addon="0" merge="0" rebuychips="0" reg_code="5076509758"/>
<player seat="6" name="Baldwim944" chips="420" dealer="1" win="0" bet="0" muck="1" rebuy="0" addon="0" merge="0" rebuychips="0" reg_code="5076510894"/>
<player seat="10" name="Mayu97" chips="490" dealer="0" win="40" bet="80" muck="1" rebuy="0" addon="0" merge="0" rebuychips="0" reg_code="5076510948"/>
</players>
</general>
<round no="0"><action no="1" player="Mayu97" type="1" discard="1" dealt="1" sum="10"/>
<action no="2" player="M1ky3ste92" type="2" sum="20"/>
</round>
<round no="1"><cards type="Pocket" player="Baldwim944">X X</cards>
<cards type="Pocket" player="M1ky3ste92">H4 SJ</cards>
<cards type="Pocket" player="Mayu97">X X</cards>
<action no="3" player="Baldwim944" type="0" discard="1" dealt="1" sum="0"/>
<action no="4" player="Mayu97" type="23" discard="1" dealt="1" sum="80"/>
<action no="5" player="M1ky3ste92" type="0" sum="0"/>
</round>
</game>
<game gamecode="6544217174"><general><startdate>2025-11-29 13:22:08</startdate>
<round>1</round>
<failsafecounter/>
<players><player seat="6" name="Baldwim944" chips="420" dealer="0" win="0" bet="20" muck="1" rebuy="0" addon="0" merge="0" rebuychips="0" reg_code="5076510894"/>
<player seat="10" name="Mayu97" chips="510" dealer="1" win="50" bet="80" muck="1" rebuy="0" addon="0" merge="0" rebuychips="0" reg_code="5076510948"/>
<player seat="3" name="M1ky3ste92" chips="570" dealer="0" win="0" bet="10" muck="1" rebuy="0" addon="0" merge="0" rebuychips="0" reg_code="5076509758"/>
</players>
</general>
<round no="0"><action no="1" player="M1ky3ste92" type="1" sum="10"/>
<action no="2" player="Baldwim944" type="2" discard="1" dealt="1" sum="20"/>
</round>
<round no="1"><cards type="Pocket" player="Mayu97">X X</cards>
<cards type="Pocket" player="M1ky3ste92">D4 C4</cards>
<cards type="Pocket" player="Baldwim944">X X</cards>
<action no="3" player="Mayu97" type="23" discard="1" dealt="1" sum="80"/>
<action no="4" player="M1ky3ste92" type="0" sum="0"/>
<action no="5" player="Baldwim944" type="0" discard="1" dealt="1" sum="0"/>
</round>
</game>
<game gamecode="6544217201"><general><startdate>2025-11-29 13:22:24</startdate>
<round>1</round>
<failsafecounter/>
<players><player seat="10" name="Mayu97" chips="540" dealer="0" win="0" bet="120" muck="1" rebuy="0" addon="0" merge="0" rebuychips="0" reg_code="5076510948"/>
<player seat="3" name="M1ky3ste92" chips="560" dealer="1" win="0" bet="40" muck="1" rebuy="0" addon="0" merge="0" rebuychips="0" reg_code="5076509758"/>
<player seat="6" name="Baldwim944" chips="400" dealer="0" win="280" bet="260" muck="1" rebuy="0" addon="0" merge="0" rebuychips="0" reg_code="5076510894"/>
</players>
</general>
<round no="0"><action no="1" player="Baldwim944" type="1" discard="1" dealt="1" sum="10"/>
<action no="2" player="Mayu97" type="2" discard="1" dealt="1" sum="20"/>
</round>
<round no="1"><cards type="Pocket" player="Baldwim944">X X</cards>
<cards type="Pocket" player="M1ky3ste92">S6 CA</cards>
<cards type="Pocket" player="Mayu97">X X</cards>
<action no="3" player="M1ky3ste92" type="23" sum="40"/>
<action no="4" player="Baldwim944" type="3" discard="1" dealt="1" sum="30"/>
<action no="5" player="Mayu97" type="3" discard="1" dealt="1" sum="20"/>
</round>
<round no="2"><cards type="Flop">DQ CK S9</cards>
<action no="6" player="Baldwim944" type="4" discard="1" dealt="1" sum="0"/>
<action no="7" player="Mayu97" type="5" discard="1" dealt="1" sum="20"/>
<action no="8" player="M1ky3ste92" type="0" sum="0"/>
<action no="9" player="Baldwim944" type="23" discard="1" dealt="1" sum="80"/>
<action no="10" player="Mayu97" type="3" discard="1" dealt="1" sum="60"/>
</round>
<round no="3"><cards type="Turn">D2</cards>
<action no="11" player="Baldwim944" type="5" discard="1" dealt="1" sum="140"/>
<action no="12" player="Mayu97" type="0" discard="1" dealt="1" sum="0"/>
</round>
</game>
<game gamecode="6544217243"><general><startdate>2025-11-29 13:22:58</startdate>
<round>1</round>
<failsafecounter/>
<players><player seat="3" name="M1ky3ste92" chips="520" dealer="0" win="45" bet="35" muck="1" rebuy="0" addon="0" merge="0" rebuychips="0" reg_code="5076509758"/>
<player seat="6" name="Baldwim944" chips="560" dealer="1" win="0" bet="5" muck="1" rebuy="0" addon="0" merge="0" rebuychips="0" reg_code="5076510894"/>
<player seat="10" name="Mayu97" chips="420" dealer="0" win="0" bet="20" muck="1" rebuy="0" addon="0" merge="0" rebuychips="0" reg_code="5076510948"/>
</players>
</general>
<round no="0"><action no="1" player="Mayu97" type="15" discard="1" dealt="1" sum="5"/>
<action no="2" player="M1ky3ste92" type="15" sum="5"/>
<action no="3" player="Baldwim944" type="15" discard="1" dealt="1" sum="5"/>
<action no="4" player="Mayu97" type="1" discard="1" dealt="1" sum="15"/>
<action no="5" player="M1ky3ste92" type="2" sum="30"/>
</round>
<round no="1"><cards type="Pocket" player="Baldwim944">X X</cards>
<cards type="Pocket" player="Mayu97">X X</cards>
<cards type="Pocket" player="M1ky3ste92">DQ HK</cards>
<action no="6" player="Baldwim944" type="0" discard="1" dealt="1" sum="0"/>
<action no="7" player="Mayu97" type="0" discard="1" dealt="1" sum="0"/>
</round>
</game>
<game gamecode="6544217267"><general><startdate>2025-11-29 13:23:15</startdate>
<round>1</round>
<failsafecounter/>
<players><player seat="6" name="Baldwim944" chips="555" dealer="0" win="0" bet="35" muck="1" rebuy="0" addon="0" merge="0" rebuychips="0" reg_code="5076510894"/>
<player seat="10" name="Mayu97" chips="400" dealer="1" win="90" bet="400" muck="1" rebuy="0" addon="0" merge="0" rebuychips="0" reg_code="5076510948"/>
<player seat="3" name="M1ky3ste92" chips="545" dealer="0" win="0" bet="20" muck="1" rebuy="0" addon="0" merge="0" rebuychips="0" reg_code="5076509758"/>
</players>
</general>
<round no="0"><action no="1" player="M1ky3ste92" type="15" sum="5"/>
<action no="2" player="Baldwim944" type="15" discard="1" dealt="1" sum="5"/>
<action no="3" player="Mayu97" type="15" discard="1" dealt="1" sum="5"/>
<action no="4" player="M1ky3ste92" type="1" sum="15"/>
<action no="5" player="Baldwim944" type="2" discard="1" dealt="1" sum="30"/>
</round>
<round no="1"><cards type="Pocket" player="Baldwim944">X X</cards>
<cards type="Pocket" player="M1ky3ste92">CK S6</cards>
<cards type="Pocket" player="Mayu97">X X</cards>
<action no="6" player="Mayu97" type="23" discard="1" dealt="1" sum="395"/>
<action no="7" player="M1ky3ste92" type="0" sum="0"/>
<action no="8" player="Baldwim944" type="0" discard="1" dealt="1" sum="0"/>
</round>
</game>
<game gamecode="6544217278"><general><startdate>2025-11-29 13:23:25</startdate>
<round>1</round>
<failsafecounter/>
<players><player seat="10" name="Mayu97" chips="455" dealer="0" win="0" bet="65" muck="1" rebuy="0" addon="0" merge="0" rebuychips="0" reg_code="5076510948"/>
<player seat="3" name="M1ky3ste92" chips="525" dealer="1" win="0" bet="5" muck="1" rebuy="0" addon="0" merge="0" rebuychips="0" reg_code="5076509758"/>
<player seat="6" name="Baldwim944" chips="520" dealer="0" win="135" bet="200" muck="1" rebuy="0" addon="0" merge="0" rebuychips="0" reg_code="5076510894"/>
</players>
</general>
<round no="0"><action no="1" player="Baldwim944" type="15" discard="1" dealt="1" sum="5"/>
<action no="2" player="Mayu97" type="15" discard="1" dealt="1" sum="5"/>
<action no="3" player="M1ky3ste92" type="15" sum="5"/>
<action no="4" player="Baldwim944" type="1" discard="1" dealt="1" sum="15"/>
<action no="5" player="Mayu97" type="2" discard="1" dealt="1" sum="30"/>
</round>
<round no="1"><cards type="Pocket" player="Baldwim944">X X</cards>
<cards type="Pocket" player="Mayu97">X X</cards>
<cards type="Pocket" player="M1ky3ste92">C3 C2</cards>
<action no="6" player="M1ky3ste92" type="0" sum="0"/>
<action no="7" player="Baldwim944" type="23" discard="1" dealt="1" sum="60"/>
<action no="8" player="Mayu97" type="3" discard="1" dealt="1" sum="30"/>
</round>
<round no="2"><cards type="Flop">D4 S4 S3</cards>
<action no="9" player="Baldwim944" type="4" discard="1" dealt="1" sum="0"/>
<action no="10" player="Mayu97" type="4" discard="1" dealt="1" sum="0"/>
</round>
<round no="3"><cards type="Turn">HA</cards>
<action no="11" player="Baldwim944" type="4" discard="1" dealt="1" sum="0"/>
<action no="12" player="Mayu97" type="4" discard="1" dealt="1" sum="0"/>
</round>
<round no="4"><cards type="River">C7</cards>
<action no="13" player="Baldwim944" type="5" discard="1" dealt="1" sum="135"/>
<action no="14" player="Mayu97" type="0" discard="1" dealt="1" sum="0"/>
</round>
</game>
<game gamecode="6544217303"><general><startdate>2025-11-29 13:23:42</startdate>
<round>1</round>
<failsafecounter/>
<players><player seat="3" name="M1ky3ste92" chips="520" dealer="0" win="785" bet="390" muck="0" rebuy="0" addon="0" merge="0" rebuychips="0" reg_code="5076509758"/>
<player seat="6" name="Baldwim944" chips="590" dealer="1" win="0" bet="5" muck="1" rebuy="0" addon="0" merge="0" rebuychips="0" reg_code="5076510894"/>
<player seat="10" name="Mayu97" chips="390" dealer="0" win="0" bet="390" muck="0" rebuy="0" addon="0" merge="0" rebuychips="0" reg_code="5076510948"/>
</players>
</general>
<round no="0"><action no="1" player="Mayu97" type="15" discard="1" dealt="1" sum="5"/>
<action no="2" player="M1ky3ste92" type="15" sum="5"/>
<action no="3" player="Baldwim944" type="15" discard="1" dealt="1" sum="5"/>
<action no="4" player="Mayu97" type="1" discard="1" dealt="1" sum="15"/>
<action no="5" player="M1ky3ste92" type="2" sum="30"/>
</round>
<round no="1"><cards type="Pocket" player="Mayu97">SJ C10</cards>
<cards type="Pocket" player="Baldwim944">X X</cards>
<cards type="Pocket" player="M1ky3ste92">HQ CQ</cards>
<action no="6" player="Baldwim944" type="0" discard="1" dealt="1" sum="0"/>
<action no="7" player="Mayu97" type="23" discard="1" dealt="1" sum="385"/>
<action no="8" player="M1ky3ste92" type="3" sum="355"/>
</round>
<round no="2"><cards type="Flop">HJ H6 DA</cards>
</round>
<round no="3"><cards type="Turn">H7</cards>
</round>
<round no="4"><cards type="River">H2</cards>
</round>
</game>
<game gamecode="6544217325"><general><startdate>2025-11-29 13:24:02</startdate>
<round>1</round>
<failsafecounter/>
<players><player seat="6" name="Baldwim944" chips="585" dealer="0" win="190" bet="245" muck="1" rebuy="0" addon="0" merge="0" rebuychips="0" reg_code="5076510894"/>
<player seat="3" name="M1ky3ste92" chips="915" dealer="1" win="0" bet="95" muck="1" rebuy="0" addon="0" merge="0" rebuychips="0" reg_code="5076509758"/>
</players>
</general>
<round no="0"><action no="1" player="M1ky3ste92" type="15" sum="5"/>
<action no="2" player="Baldwim944" type="15" discard="1" dealt="1" sum="5"/>
<action no="3" player="M1ky3ste92" type="1" sum="15"/>
<action no="4" player="Baldwim944" type="2" discard="1" dealt="1" sum="30"/>
</round>
<round no="1"><cards type="Pocket" player="Baldwim944">X X</cards>
<cards type="Pocket" player="M1ky3ste92">HK D6</cards>
<action no="5" player="M1ky3ste92" type="3" sum="15"/>
<action no="6" player="Baldwim944" type="23" discard="1" dealt="1" sum="90"/>
<action no="7" player="M1ky3ste92" type="3" sum="60"/>
</round>
<round no="2"><cards type="Flop">CJ H8 CA</cards>
<action no="8" player="Baldwim944" type="4" discard="1" dealt="1" sum="0"/>
<action no="9" player="M1ky3ste92" type="4" sum="0"/>
</round>
<round no="3"><cards type="Turn">D9</cards>
<action no="10" player="Baldwim944" type="5" discard="1" dealt="1" sum="150"/>
<action no="11" player="M1ky3ste92" type="0" sum="0"/>
</round>
</game>
<game gamecode="6544217355"><general><startdate>2025-11-29 13:24:21</startdate>
<round>1</round>
<failsafecounter/>
<players><player seat="3" name="M1ky3ste92" chips="820" dealer="0" win="0" bet="45" muck="1" rebuy="0" addon="0" merge="0" rebuychips="0" reg_code="5076509758"/>
<player seat="6" name="Baldwim944" chips="680" dealer="1" win="90" bet="85" muck="1" rebuy="0" addon="0" merge="0" rebuychips="0" reg_code="5076510894"/>
</players>
</general>
<round no="0"><action no="1" player="Baldwim944" type="15" discard="1" dealt="1" sum="5"/>
<action no="2" player="M1ky3ste92" type="15" sum="5"/>
<action no="3" player="Baldwim944" type="1" discard="1" dealt="1" sum="20"/>
<action no="4" player="M1ky3ste92" type="2" sum="40"/>
</round>
<round no="1"><cards type="Pocket" player="Baldwim944">X X</cards>
<cards type="Pocket" player="M1ky3ste92">C3 C2</cards>
<action no="5" player="Baldwim944" type="3" discard="1" dealt="1" sum="20"/>
<action no="6" player="M1ky3ste92" type="4" sum="0"/>
</round>
<round no="2"><cards type="Flop">C5 D8 D7</cards>
<action no="7" player="M1ky3ste92" type="4" sum="0"/>
<action no="8" player="Baldwim944" type="4" discard="1" dealt="1" sum="0"/>
</round>
<round no="3"><cards type="Turn">DK</cards>
<action no="9" player="M1ky3ste92" type="4" sum="0"/>
<action no="10" player="Baldwim944" type="4" discard="1" dealt="1" sum="0"/>
</round>
<round no="4"><cards type="River">C8</cards>
<action no="11" player="M1ky3ste92" type="4" sum="0"/>
<action no="12" player="Baldwim944" type="5" discard="1" dealt="1" sum="40"/>
<action no="13" player="M1ky3ste92" type="0" sum="0"/>
</round>
</game>
<game gamecode="6544217390"><general><startdate>2025-11-29 13:24:40</startdate>
<round>1</round>
<failsafecounter/>
<players><player seat="6" name="Baldwim944" chips="725" dealer="0" win="0" bet="45" muck="1" rebuy="0" addon="0" merge="0" rebuychips="0" reg_code="5076510894"/>
<player seat="3" name="M1ky3ste92" chips="775" dealer="1" win="90" bet="85" muck="1" rebuy="0" addon="0" merge="0" rebuychips="0" reg_code="5076509758"/>
</players>
</general>
<round no="0"><action no="1" player="M1ky3ste92" type="15" sum="5"/>
<action no="2" player="Baldwim944" type="15" discard="1" dealt="1" sum="5"/>
<action no="3" player="M1ky3ste92" type="1" sum="20"/>
<action no="4" player="Baldwim944" type="2" discard="1" dealt="1" sum="40"/>
</round>
<round no="1"><cards type="Pocket" player="Baldwim944">X X</cards>
<cards type="Pocket" player="M1ky3ste92">S10 SJ</cards>
<action no="5" player="M1ky3ste92" type="3" sum="20"/>
<action no="6" player="Baldwim944" type="4" discard="1" dealt="1" sum="0"/>
</round>
<round no="2"><cards type="Flop">H7 D8 D9</cards>
<action no="7" player="Baldwim944" type="4" discard="1" dealt="1" sum="0"/>
<action no="8" player="M1ky3ste92" type="5" sum="40"/>
<action no="9" player="Baldwim944" type="0" discard="1" dealt="1" sum="0"/>
</round>
</game>
<game gamecode="6544217407"><general><startdate>2025-11-29 13:24:50</startdate>
<round>1</round>
<failsafecounter/>
<players><player seat="3" name="M1ky3ste92" chips="820" dealer="0" win="0" bet="45" muck="1" rebuy="0" addon="0" merge="0" rebuychips="0" reg_code="5076509758"/>
<player seat="6" name="Baldwim944" chips="680" dealer="1" win="90" bet="135" muck="1" rebuy="0" addon="0" merge="0" rebuychips="0" reg_code="5076510894"/>
</players>
</general>
<round no="0"><action no="1" player="Baldwim944" type="15" discard="1" dealt="1" sum="5"/>
<action no="2" player="M1ky3ste92" type="15" sum="5"/>
<action no="3" player="Baldwim944" type="1" discard="1" dealt="1" sum="20"/>
<action no="4" player="M1ky3ste92" type="2" sum="40"/>
</round>
<round no="1"><cards type="Pocket" player="M1ky3ste92">D7 S10</cards>
<cards type="Pocket" player="Baldwim944">X X</cards>
<action no="5" player="Baldwim944" type="3" discard="1" dealt="1" sum="20"/>
<action no="6" player="M1ky3ste92" type="4" sum="0"/>
</round>
<round no="2"><cards type="Flop">DJ C5 H9</cards>
<action no="7" player="M1ky3ste92" type="4" sum="0"/>
<action no="8" player="Baldwim944" type="4" discard="1" dealt="1" sum="0"/>
</round>
<round no="3"><cards type="Turn">C2</cards>
<action no="9" player="M1ky3ste92" type="4" sum="0"/>
<action no="10" player="Baldwim944" type="4" discard="1" dealt="1" sum="0"/>
</round>
<round no="4"><cards type="River">HA</cards>
<action no="11" player="M1ky3ste92" type="4" sum="0"/>
<action no="12" player="Baldwim944" type="5" discard="1" dealt="1" sum="90"/>
<action no="13" player="M1ky3ste92" type="0" sum="0"/>
</round>
</game>
<game gamecode="6544217461"><general><startdate>2025-11-29 13:25:21</startdate>
<round>1</round>
<failsafecounter/>
<players><player seat="6" name="Baldwim944" chips="725" dealer="0" win="500" bet="250" muck="0" rebuy="0" addon="0" merge="0" rebuychips="0" reg_code="5076510894"/>
<player seat="3" name="M1ky3ste92" chips="775" dealer="1" win="0" bet="250" muck="1" rebuy="0" addon="0" merge="0" rebuychips="0" reg_code="5076509758"/>
</players>
</general>
<round no="0"><action no="1" player="M1ky3ste92" type="15" sum="5"/>
<action no="2" player="Baldwim944" type="15" discard="1" dealt="1" sum="5"/>
<action no="3" player="M1ky3ste92" type="1" sum="20"/>
<action no="4" player="Baldwim944" type="2" discard="1" dealt="1" sum="40"/>
</round>
<round no="1"><cards type="Pocket" player="M1ky3ste92">H2 H9</cards>
<cards type="Pocket" player="Baldwim944">C9 HJ</cards>
<action no="5" player="M1ky3ste92" type="3" sum="20"/>
<action no="6" player="Baldwim944" type="23" discard="1" dealt="1" sum="80"/>
<action no="7" player="M1ky3ste92" type="3" sum="40"/>
</round>
<round no="2"><cards type="Flop">S2 S9 H6</cards>
<action no="8" player="Baldwim944" type="4" discard="1" dealt="1" sum="0"/>
<action no="9" player="M1ky3ste92" type="5" sum="40"/>
<action no="10" player="Baldwim944" type="3" discard="1" dealt="1" sum="40"/>
</round>
<round no="3"><cards type="Turn">C6</cards>
<action no="11" player="Baldwim944" type="4" discard="1" dealt="1" sum="0"/>
<action no="12" player="M1ky3ste92" type="5" sum="125"/>
<action no="13" player="Baldwim944" type="3" discard="1" dealt="1" sum="125"/>
</round>
<round no="4"><cards type="River">DJ</cards>
<action no="14" player="Baldwim944" type="4" discard="1" dealt="1" sum="0"/>
<action no="15" player="M1ky3ste92" type="4" sum="0"/>
</round>
</game>
<game gamecode="6544217498"><general><startdate>2025-11-29 13:25:44</startdate>
<round>1</round>
<failsafecounter/>
<players><player seat="3" name="M1ky3ste92" chips="525" dealer="0" win="90" bet="105" muck="1" rebuy="0" addon="0" merge="0" rebuychips="0" reg_code="5076509758"/>
<player seat="6" name="Baldwim944" chips="975" dealer="1" win="0" bet="45" muck="1" rebuy="0" addon="0" merge="0" rebuychips="0" reg_code="5076510894"/>
</players>
</general>
<round no="0"><action no="1" player="Baldwim944" type="15" discard="1" dealt="1" sum="5"/>
<action no="2" player="M1ky3ste92" type="15" sum="5"/>
<action no="3" player="Baldwim944" type="1" discard="1" dealt="1" sum="20"/>
<action no="4" player="M1ky3ste92" type="2" sum="40"/>
</round>
<round no="1"><cards type="Pocket" player="Baldwim944">X X</cards>
<cards type="Pocket" player="M1ky3ste92">C9 C8</cards>
<action no="5" player="Baldwim944" type="3" discard="1" dealt="1" sum="20"/>
<action no="6" player="M1ky3ste92" type="23" sum="100"/>
<action no="7" player="Baldwim944" type="0" discard="1" dealt="1" sum="0"/>
</round>
</game>
<game gamecode="6544217533"><general><startdate>2025-11-29 13:26:02</startdate>
<round>1</round>
<failsafecounter/>
<players><player seat="6" name="Baldwim944" chips="930" dealer="0" win="130" bet="125" muck="1" rebuy="0" addon="0" merge="0" rebuychips="0" reg_code="5076510894"/>
<player seat="3" name="M1ky3ste92" chips="570" dealer="1" win="0" bet="65" muck="1" rebuy="0" addon="0" merge="0" rebuychips="0" reg_code="5076509758"/>
</players>
</general>
<round no="0"><action no="1" player="M1ky3ste92" type="15" sum="5"/>
<action no="2" player="Baldwim944" type="15" discard="1" dealt="1" sum="5"/>
<action no="3" player="M1ky3ste92" type="1" sum="30"/>
<action no="4" player="Baldwim944" type="2" discard="1" dealt="1" sum="60"/>
</round>
<round no="1"><cards type="Pocket" player="Baldwim944">X X</cards>
<cards type="Pocket" player="M1ky3ste92">C7 C3</cards>
<action no="5" player="M1ky3ste92" type="3" sum="30"/>
<action no="6" player="Baldwim944" type="4" discard="1" dealt="1" sum="0"/>
</round>
<round no="2"><cards type="Flop">H10 H7 D6</cards>
<action no="7" player="Baldwim944" type="4" discard="1" dealt="1" sum="0"/>
<action no="8" player="M1ky3ste92" type="4" sum="0"/>
</round>
<round no="3"><cards type="Turn">H8</cards>
<action no="9" player="Baldwim944" type="4" discard="1" dealt="1" sum="0"/>
<action no="10" player="M1ky3ste92" type="4" sum="0"/>
</round>
<round no="4"><cards type="River">CQ</cards>
<action no="11" player="Baldwim944" type="5" discard="1" dealt="1" sum="60"/>
<action no="12" player="M1ky3ste92" type="0" sum="0"/>
</round>
</game>
<game gamecode="6544217595"><general><startdate>2025-11-29 13:26:34</startdate>
<round>1</round>
<failsafecounter/>
<players><player seat="3" name="M1ky3ste92" chips="505" dealer="0" win="70" bet="65" muck="1" rebuy="0" addon="0" merge="0" rebuychips="0" reg_code="5076509758"/>
<player seat="6" name="Baldwim944" chips="995" dealer="1" win="0" bet="35" muck="1" rebuy="0" addon="0" merge="0" rebuychips="0" reg_code="5076510894"/>
</players>
</general>
<round no="0"><action no="1" player="Baldwim944" type="15" discard="1" dealt="1" sum="5"/>
<action no="2" player="M1ky3ste92" type="15" sum="5"/>
<action no="3" player="Baldwim944" type="1" discard="1" dealt="1" sum="30"/>
<action no="4" player="M1ky3ste92" type="2" sum="60"/>
</round>
<round no="1"><cards type="Pocket" player="Baldwim944">X X</cards>
<cards type="Pocket" player="M1ky3ste92">C6 S6</cards>
<action no="5" player="Baldwim944" type="0" discard="1" dealt="1" sum="0"/>
</round>
</game>
<game gamecode="6544217601"><general><startdate>2025-11-29 13:26:40</startdate>
<round>1</round>
<failsafecounter/>
<players><player seat="6" name="Baldwim944" chips="960" dealer="0" win="0" bet="65" muck="1" rebuy="0" addon="0" merge="0" rebuychips="0" reg_code="5076510894"/>
<player seat="3" name="M1ky3ste92" chips="540" dealer="1" win="130" bet="540" muck="1" rebuy="0" addon="0" merge="0" rebuychips="0" reg_code="5076509758"/>
</players>
</general>
<round no="0"><action no="1" player="M1ky3ste92" type="15" sum="5"/>
<action no="2" player="Baldwim944" type="15" discard="1" dealt="1" sum="5"/>
<action no="3" player="M1ky3ste92" type="1" sum="30"/>
<action no="4" player="Baldwim944" type="2" discard="1" dealt="1" sum="60"/>
</round>
<round no="1"><cards type="Pocket" player="Baldwim944">X X</cards>
<cards type="Pocket" player="M1ky3ste92">H7 C6</cards>
<action no="5" player="M1ky3ste92" type="23" sum="535"/>
<action no="6" player="Baldwim944" type="0" discard="1" dealt="1" sum="0"/>
</round>
</game>
<game gamecode="6544217615"><general><startdate>2025-11-29 13:26:47</startdate>
<round>1</round>
<failsafecounter/>
<players><player seat="3" name="M1ky3ste92" chips="605" dealer="0" win="1,210" bet="605" muck="0" rebuy="0" addon="0" merge="0" rebuychips="0" reg_code="5076509758"/>
<player seat="6" name="Baldwim944" chips="895" dealer="1" win="0" bet="845" muck="1" rebuy="0" addon="0" merge="0" rebuychips="0" reg_code="5076510894"/>
</players>
</general>
<round no="0"><action no="1" player="Baldwim944" type="15" discard="1" dealt="1" sum="5"/>
<action no="2" player="M1ky3ste92" type="15" sum="5"/>
<action no="3" player="Baldwim944" type="1" discard="1" dealt="1" sum="30"/>
<action no="4" player="M1ky3ste92" type="2" sum="60"/>
</round>
<round no="1"><cards type="Pocket" player="M1ky3ste92">CA C10</cards>
<cards type="Pocket" player="Baldwim944">DJ DQ</cards>
<action no="5" player="Baldwim944" type="23" discard="1" dealt="1" sum="840"/>
<action no="6" player="M1ky3ste92" type="7" sum="540"/>
</round>
<round no="2"><cards type="Flop">S6 D9 H10</cards>
</round>
<round no="3"><cards type="Turn">S4</cards>
</round>
<round no="4"><cards type="River">D3</cards>
</round>
</game>
<game gamecode="6544221443"><general><startdate>2025-11-29 13:27:02</startdate>
<round>1</round>
<failsafecounter/>
<players><player seat="6" name="Baldwim944" chips="290" dealer="0" win="580" bet="290" muck="0" rebuy="0" addon="0" merge="0" rebuychips="0" reg_code="5076510894"/>
<player seat="3" name="M1ky3ste92" chips="1,210" dealer="1" win="0" bet="1,210" muck="0" rebuy="0" addon="0" merge="0" rebuychips="0" reg_code="5076509758"/>
</players>
</general>
<round no="0"><action no="1" player="M1ky3ste92" type="15" sum="5"/>
<action no="2" player="Baldwim944" type="15" discard="1" dealt="1" sum="5"/>
<action no="3" player="M1ky3ste92" type="1" sum="30"/>
<action no="4" player="Baldwim944" type="2" discard="1" dealt="1" sum="60"/>
</round>
<round no="1"><cards type="Pocket" player="M1ky3ste92">H9 S10</cards>
<cards type="Pocket" player="Baldwim944">H3 S4</cards>
<action no="5" player="M1ky3ste92" type="23" sum="1,205"/>
<action no="6" player="Baldwim944" type="7" discard="1" dealt="1" sum="225"/>
</round>
<round no="2"><cards type="Flop">H4 H5 CJ</cards>
</round>
<round no="3"><cards type="Turn">H2</cards>
</round>
<round no="4"><cards type="River">D4</cards>
</round>
</game>
<game gamecode="6544221470"><general><startdate>2025-11-29 13:27:17</startdate>
<round>1</round>
<failsafecounter/>
<players><player seat="3" name="M1ky3ste92" chips="920" dealer="0" win="70" bet="65" muck="1" rebuy="0" addon="0" merge="0" rebuychips="0" reg_code="5076509758"/>
<player seat="6" name="Baldwim944" chips="580" dealer="1" win="0" bet="35" muck="1" rebuy="0" addon="0" merge="0" rebuychips="0" reg_code="5076510894"/>
</players>
</general>
<round no="0"><action no="1" player="Baldwim944" type="15" discard="1" dealt="1" sum="5"/>
<action no="2" player="M1ky3ste92" type="15" sum="5"/>
<action no="3" player="Baldwim944" type="1" discard="1" dealt="1" sum="30"/>
<action no="4" player="M1ky3ste92" type="2" sum="60"/>
</round>
<round no="1"><cards type="Pocket" player="M1ky3ste92">D7 H7</cards>
<cards type="Pocket" player="Baldwim944">X X</cards>
<action no="5" player="Baldwim944" type="0" discard="1" dealt="1" sum="0"/>
</round>
</game>
<game gamecode="6544221479"><general><startdate>2025-11-29 13:27:21</startdate>
<round>1</round>
<failsafecounter/>
<players><player seat="6" name="Baldwim944" chips="545" dealer="0" win="0" bet="65" muck="1" rebuy="0" addon="0" merge="0" rebuychips="0" reg_code="5076510894"/>
<player seat="3" name="M1ky3ste92" chips="955" dealer="1" win="130" bet="955" muck="1" rebuy="0" addon="0" merge="0" rebuychips="0" reg_code="5076509758"/>
</players>
</general>
<round no="0"><action no="1" player="M1ky3ste92" type="15" sum="5"/>
<action no="2" player="Baldwim944" type="15" discard="1" dealt="1" sum="5"/>
<action no="3" player="M1ky3ste92" type="1" sum="30"/>
<action no="4" player="Baldwim944" type="2" discard="1" dealt="1" sum="60"/>
</round>
<round no="1"><cards type="Pocket" player="Baldwim944">X X</cards>
<cards type="Pocket" player="M1ky3ste92">HK D8</cards>
<action no="5" player="M1ky3ste92" type="23" sum="950"/>
<action no="6" player="Baldwim944" type="0" discard="1" dealt="1" sum="0"/>
</round>
</game>
<game gamecode="6544221494"><general><startdate>2025-11-29 13:27:29</startdate>
<round>1</round>
<failsafecounter/>
<players><player seat="3" name="M1ky3ste92" chips="1,020" dealer="0" win="0" bet="65" muck="1" rebuy="0" addon="0" merge="0" rebuychips="0" reg_code="5076509758"/>
<player seat="6" name="Baldwim944" chips="480" dealer="1" win="130" bet="480" muck="1" rebuy="0" addon="0" merge="0" rebuychips="0" reg_code="5076510894"/>
</players>
</general>
<round no="0"><action no="1" player="Baldwim944" type="15" discard="1" dealt="1" sum="5"/>
<action no="2" player="M1ky3ste92" type="15" sum="5"/>
<action no="3" player="Baldwim944" type="1" discard="1" dealt="1" sum="30"/>
<action no="4" player="M1ky3ste92" type="2" sum="60"/>
</round>
<round no="1"><cards type="Pocket" player="M1ky3ste92">S4 S2</cards>
<cards type="Pocket" player="Baldwim944">X X</cards>
<action no="5" player="Baldwim944" type="23" discard="1" dealt="1" sum="475"/>
<action no="6" player="M1ky3ste92" type="0" sum="0"/>
</round>
</game>
<game gamecode="6544221505"><general><startdate>2025-11-29 13:27:36</startdate>
<round>1</round>
<failsafecounter/>
<players><player seat="6" name="Baldwim944" chips="545" dealer="0" win="0" bet="545" muck="1" rebuy="0" addon="0" merge="0" rebuychips="0" reg_code="5076510894"/>
<player seat="3" name="M1ky3ste92" chips="955" dealer="1" win="1,090" bet="955" muck="0" rebuy="0" addon="0" merge="0" rebuychips="0" reg_code="5076509758"/>
</players>
</general>
<round no="0"><action no="1" player="M1ky3ste92" type="15" sum="8"/>
<action no="2" player="Baldwim944" type="15" discard="1" dealt="1" sum="8"/>
<action no="3" player="M1ky3ste92" type="1" sum="40"/>
<action no="4" player="Baldwim944" type="2" discard="1" dealt="1" sum="80"/>
</round>
<round no="1"><cards type="Pocket" player="Baldwim944">D6 C6</cards>
<cards type="Pocket" player="M1ky3ste92">DK S10</cards>
<action no="5" player="M1ky3ste92" type="23" sum="947"/>
<action no="6" player="Baldwim944" type="7" discard="1" dealt="1" sum="457"/>
</round>
<round no="2"><cards type="Flop">SQ H2 H8</cards>
</round>
<round no="3"><cards type="Turn">DJ</cards>
</round>
<round no="4"><cards type="River">SA</cards>
</round>
</game>
</session>
