<?xml version="1.0" encoding="UTF-8"?>
<session sessioncode="5076503596">
<general>
<client_version>25.7.1.34</client_version>
<mode>real</mode>
<gametype>Holdem NL</gametype>
<tablename>Twister €100 SNG, 822671532</tablename>
<tournamentcode>822671531</tournamentcode>
<tournamentname>Twister €100 SNG</tournamentname>
<buyin>€0 + €7 + €93</buyin>
<totalbuyin>€100</totalbuyin>
<rewarddrawn>€200</rewarddrawn>
<tournamentcurrency>EUR</tournamentcurrency>
<currency>EUR</currency>
<nickname>M1ky3ste92</nickname>
<gamecount>17</gamecount>
<startdate>2025-11-29 12:32:51</startdate>
<place>1</place>
<win>€200</win>
<tablesize>3</tablesize>
</general>
<game gamecode="6544189447"><general><startdate>2025-11-29 12:33:06</startdate>
<round>1</round>
<failsafecounter/>
<players><player seat="6" name="poiker" chips="500" dealer="0" win="0" bet="20" muck="1" rebuy="0" addon="0" merge="0" rebuychips="0" reg_code="5076503895"/>
<player seat="10" name="Crazypoke" chips="500" dealer="1" win="0" bet="0" muck="1" rebuy="0" addon="0" merge="0" rebuychips="0" reg_code="5076504017"/>
<player seat="3" name="M1ky3ste92" chips="500" dealer="0" win="40" bet="40" muck="1" rebuy="0" addon="0" merge="0" rebuychips="0" reg_code="5076503596"/>
</players>
</general>
<round no="0"><action no="1" player="M1ky3ste92" type="1" sum="10"/>
<action no="2" player="poiker" type="2" discard="1" dealt="1" sum="20"/>
</round>
<round no="1"><cards type="Pocket" player="Crazypoke">X X</cards>
<cards type="Pocket" player="poiker">X X</cards>
<cards type="Pocket" player="M1ky3ste92">DA CQ</cards>
<action no="3" player="Crazypoke" type="0" discard="1" dealt="1" sum="0"/>
<action no="4" player="M1ky3ste92" type="23" sum="40"/>
<action no="5" player="poiker" type="0" discard="1" dealt="1" sum="0"/>
</round>
</game>
<game gamecode="6544189464"><general><startdate>2025-11-29 12:33:18</startdate>
<round>1</round>
<failsafecounter/>
<players><player seat="10" name="Crazypoke" chips="500" dealer="0" win="90" bet="130" muck="1" rebuy="0" addon="0" merge="0" rebuychips="0" reg_code="5076504017"/>
<player seat="3" name="M1ky3ste92" chips="520" dealer="1" win="0" bet="40" muck="1" rebuy="0" addon="0" merge="0" rebuychips="0" reg_code="5076503596"/>
<player seat="6" name="poiker" chips="480" dealer="0" win="0" bet="10" muck="1" rebuy="0" addon="0" merge="0" rebuychips="0" reg_code="5076503895"/>
</players>
</general>
<round no="0"><action no="1" player="poiker" type="1" discard="1" dealt="1" sum="10"/>
<action no="2" player="Crazypoke" type="2" discard="1" dealt="1" sum="20"/>
</round>
<round no="1"><cards type="Pocket" player="poiker">X X</cards>
<cards type="Pocket" player="Crazypoke">X X</cards>
<cards type="Pocket" player="M1ky3ste92">H10 DK</cards>
<action no="3" player="M1ky3ste92" type="23" sum="40"/>
<action no="4" player="poiker" type="0" discard="1" dealt="1" sum="0"/>
<action no="5" player="Crazypoke" type="3" discard="1" dealt="1" sum="20"/>
</round>
<round no="2"><cards type="Flop">H6 C7 D9</cards>
<action no="6" player="Crazypoke" type="5" discard="1" dealt="1" sum="90"/>
<action no="7" player="M1ky3ste92" type="0" sum="0"/>
</round>
</game>
<game gamecode="6544189488"><general><startdate>2025-11-29 12:33:31</startdate>
<round>1</round>
<failsafecounter/>
<players><player seat="3" name="M1ky3ste92" chips="480" dealer="0" win="440" bet="220" muck="0" rebuy="0" addon="0" merge="0" rebuychips="0" reg_code="5076503596"/>
<player seat="6" name="poiker" chips="470" dealer="1" win="0" bet="0" muck="1" rebuy="0" addon="0" merge="0" rebuychips="0" reg_code="5076503895"/>
<player seat="10" name="Crazypoke" chips="550" dealer="0" win="0" bet="220" muck="1" rebuy="0" addon="0" merge="0" rebuychips="0" reg_code="5076504017"/>
</players>
</general>
<round no="0"><action no="1" player="Crazypoke" type="1" discard="1" dealt="1" sum="10"/>
<action no="2" player="M1ky3ste92" type="2" sum="20"/>
</round>
<round no="1"><cards type="Pocket" player="Crazypoke">D7 C5</cards>
<cards type="Pocket" player="M1ky3ste92">S5 DJ</cards>
<cards type="Pocket" player="poiker">X X</cards>
<action no="3" player="poiker" type="0" discard="1" dealt="1" sum="0"/>
<action no="4" player="Crazypoke" type="3" discard="1" dealt="1" sum="10"/>
<action no="5" player="M1ky3ste92" type="4" sum="0"/>
</round>
<round no="2"><cards type="Flop">S9 S4 C9</cards>
<action no="6" player="Crazypoke" type="4" discard="1" dealt="1" sum="0"/>
<action no="7" player="M1ky3ste92" type="4" sum="0"/>
</round>
<round no="3"><cards type="Turn">D5</cards>
<action no="8" player="Crazypoke" type="5" discard="1" dealt="1" sum="40"/>
<action no="9" player="M1ky3ste92" type="23" sum="100"/>
<action no="10" player="Crazypoke" type="3" discard="1" dealt="1" sum="60"/>
</round>
<round no="4"><cards type="River">C3</cards>
<action no="11" player="Crazypoke" type="4" discard="1" dealt="1" sum="0"/>
<action no="12" player="M1ky3ste92" type="5" sum="100"/>
<action no="13" player="Crazypoke" type="3" discard="1" dealt="1" sum="100"/>
</round>
</game>
<game gamecode="6544193612"><general><startdate>2025-11-29 12:34:02</startdate>
<round>1</round>
<failsafecounter/>
<players><player seat="6" name="poiker" chips="470" dealer="0" win="20" bet="20" muck="1" rebuy="0" addon="0" merge="0" rebuychips="0" reg_code="5076503895"/>
<player seat="10" name="Crazypoke" chips="330" dealer="1" win="0" bet="0" muck="1" rebuy="0" addon="0" merge="0" rebuychips="0" reg_code="5076504017"/>
<player seat="3" name="M1ky3ste92" chips="700" dealer="0" win="0" bet="10" muck="1" rebuy="0" addon="0" merge="0" rebuychips="0" reg_code="5076503596"/>
</players>
</general>
<round no="0"><action no="1" player="M1ky3ste92" type="1" sum="10"/>
<action no="2" player="poiker" type="2" discard="1" dealt="1" sum="20"/>
</round>
<round no="1"><cards type="Pocket" player="M1ky3ste92">C4 H5</cards>
<cards type="Pocket" player="poiker">X X</cards>
<cards type="Pocket" player="Crazypoke">X X</cards>
<action no="3" player="Crazypoke" type="0" discard="1" dealt="1" sum="0"/>
<action no="4" player="M1ky3ste92" type="0" sum="0"/>
</round>
</game>
<game gamecode="6544193628"><general><startdate>2025-11-29 12:34:09</startdate>
<round>1</round>
<failsafecounter/>
<players><player seat="10" name="Crazypoke" chips="330" dealer="0" win="0" bet="20" muck="1" rebuy="0" addon="0" merge="0" rebuychips="0" reg_code="5076504017"/>
<player seat="3" name="M1ky3ste92" chips="690" dealer="1" win="0" bet="0" muck="1" rebuy="0" addon="0" merge="0" rebuychips="0" reg_code="5076503596"/>
<player seat="6" name="poiker" chips="480" dealer="0" win="40" bet="60" muck="1" rebuy="0" addon="0" merge="0" rebuychips="0" reg_code="5076503895"/>
</players>
</general>
<round no="0"><action no="1" player="poiker" type="1" discard="1" dealt="1" sum="10"/>
<action no="2" player="Crazypoke" type="2" discard="1" dealt="1" sum="20"/>
</round>
<round no="1"><cards type="Pocket" player="Crazypoke">X X</cards>
<cards type="Pocket" player="M1ky3ste92">H8 S3</cards>
<cards type="Pocket" player="poiker">X X</cards>
<action no="3" player="M1ky3ste92" type="0" sum="0"/>
<action no="4" player="poiker" type="23" discard="1" dealt="1" sum="60"/>
<action no="5" player="Crazypoke" type="0" discard="1" dealt="1" sum="0"/>
</round>
</game>
<game gamecode="6544193648"><general><startdate>2025-11-29 12:34:23</startdate>
<round>1</round>
<failsafecounter/>
<players><player seat="3" name="M1ky3ste92" chips="690" dealer="0" win="0" bet="20" muck="1" rebuy="0" addon="0" merge="0" rebuychips="0" reg_code="5076503596"/>
<player seat="6" name="poiker" chips="500" dealer="1" win="0" bet="310" muck="1" rebuy="0" addon="0" merge="0" rebuychips="0" reg_code="5076503895"/>
<player seat="10" name="Crazypoke" chips="310" dealer="0" win="640" bet="310" muck="0" rebuy="0" addon="0" merge="0" rebuychips="0" reg_code="5076504017"/>
</players>
</general>
<round no="0"><action no="1" player="Crazypoke" type="1" discard="1" dealt="1" sum="10"/>
<action no="2" player="M1ky3ste92" type="2" sum="20"/>
</round>
<round no="1"><cards type="Pocket" player="M1ky3ste92">SK C9</cards>
<cards type="Pocket" player="poiker">DA HK</cards>
<cards type="Pocket" player="Crazypoke">H9 DQ</cards>
<action no="3" player="poiker" type="23" discard="1" dealt="1" sum="100"/>
<action no="4" player="Crazypoke" type="23" discard="1" dealt="1" sum="310"/>
<action no="5" player="M1ky3ste92" type="0" sum="0"/>
<action no="6" player="poiker" type="3" discard="1" dealt="1" sum="210"/>
</round>
<round no="2"><cards type="Flop">D9 C6 H8</cards>
</round>
<round no="3"><cards type="Turn">H5</cards>
</round>
<round no="4"><cards type="River">D10</cards>
</round>
</game>
<game gamecode="6544193682"><general><startdate>2025-11-29 12:34:43</startdate>
<round>1</round>
<failsafecounter/>
<players><player seat="6" name="poiker" chips="190" dealer="0" win="0" bet="40" muck="1" rebuy="0" addon="0" merge="0" rebuychips="0" reg_code="5076503895"/>
<player seat="10" name="Crazypoke" chips="640" dealer="1" win="90" bet="60" muck="1" rebuy="0" addon="0" merge="0" rebuychips="0" reg_code="5076504017"/>
<player seat="3" name="M1ky3ste92" chips="670" dealer="0" win="0" bet="10" muck="1" rebuy="0" addon="0" merge="0" rebuychips="0" reg_code="5076503596"/>
</players>
</general>
<round no="0"><action no="1" player="M1ky3ste92" type="1" sum="10"/>
<action no="2" player="poiker" type="2" discard="1" dealt="1" sum="20"/>
</round>
<round no="1"><cards type="Pocket" player="Crazypoke">X X</cards>
<cards type="Pocket" player="poiker">X X</cards>
<cards type="Pocket" player="M1ky3ste92">HJ C3</cards>
<action no="3" player="Crazypoke" type="23" discard="1" dealt="1" sum="40"/>
<action no="4" player="M1ky3ste92" type="0" sum="0"/>
<action no="5" player="poiker" type="3" discard="1" dealt="1" sum="20"/>
</round>
<round no="2"><cards type="Flop">C5 H2 SK</cards>
<action no="6" player="poiker" type="4" discard="1" dealt="1" sum="0"/>
<action no="7" player="Crazypoke" type="5" discard="1" dealt="1" sum="20"/>
<action no="8" player="poiker" type="0" discard="1" dealt="1" sum="0"/>
</round>
</game>
<game gamecode="6544193704"><general><startdate>2025-11-29 12:34:57</startdate>
<round>1</round>
<failsafecounter/>
<players><player seat="10" name="Crazypoke" chips="690" dealer="0" win="0" bet="660" muck="1" rebuy="0" addon="0" merge="0" rebuychips="0" reg_code="5076504017"/>
<player seat="3" name="M1ky3ste92" chips="660" dealer="1" win="1,340" bet="660" muck="0" rebuy="0" addon="0" merge="0" rebuychips="0" reg_code="5076503596"/>
<player seat="6" name="poiker" chips="150" dealer="0" win="0" bet="20" muck="1" rebuy="0" addon="0" merge="0" rebuychips="0" reg_code="5076503895"/>
</players>
</general>
<round no="0"><action no="1" player="poiker" type="15" discard="1" dealt="1" sum="5"/>
<action no="2" player="Crazypoke" type="15" discard="1" dealt="1" sum="5"/>
<action no="3" player="M1ky3ste92" type="15" sum="5"/>
<action no="4" player="poiker" type="1" discard="1" dealt="1" sum="15"/>
<action no="5" player="Crazypoke" type="2" discard="1" dealt="1" sum="30"/>
</round>
<round no="1"><cards type="Pocket" player="poiker">X X</cards>
<cards type="Pocket" player="M1ky3ste92">CQ C10</cards>
<cards type="Pocket" player="Crazypoke">HA D5</cards>
<action no="6" player="M1ky3ste92" type="23" sum="60"/>
<action no="7" player="poiker" type="0" discard="1" dealt="1" sum="0"/>
<action no="8" player="Crazypoke" type="23" discard="1" dealt="1" sum="90"/>
<action no="9" player="M1ky3ste92" type="3" sum="30"/>
</round>
<round no="2"><cards type="Flop">H5 D7 DQ</cards>
<action no="10" player="Crazypoke" type="5" discard="1" dealt="1" sum="210"/>
<action no="11" player="M1ky3ste92" type="23" sum="565"/>
<action no="12" player="Crazypoke" type="3" discard="1" dealt="1" sum="355"/>
</round>
<round no="3"><cards type="Turn">H4</cards>
</round>
<round no="4"><cards type="River">S9</cards>
</round>
</game>
<game gamecode="6544193737"><general><startdate>2025-11-29 12:35:23</startdate>
<round>1</round>
<failsafecounter/>
<players><player seat="3" name="M1ky3ste92" chips="1,340" dealer="0" win="0" bet="1,340" muck="0" rebuy="0" addon="0" merge="0" rebuychips="0" reg_code="5076503596"/>
<player seat="6" name="poiker" chips="130" dealer="1" win="200" bet="130" muck="0" rebuy="0" addon="0" merge="0" rebuychips="0" reg_code="5076503895"/>
<player seat="10" name="Crazypoke" chips="30" dealer="0" win="90" bet="30" muck="0" rebuy="0" addon="0" merge="0" rebuychips="0" reg_code="5076504017"/>
</players>
</general>
<round no="0"><action no="1" player="Crazypoke" type="15" discard="1" dealt="1" sum="5"/>
<action no="2" player="M1ky3ste92" type="15" sum="5"/>
<action no="3" player="poiker" type="15" discard="1" dealt="1" sum="5"/>
<action no="4" player="Crazypoke" type="1" discard="1" dealt="1" sum="15"/>
<action no="5" player="M1ky3ste92" type="2" sum="30"/>
</round>
<round no="1"><cards type="Pocket" player="Crazypoke">H2 HQ</cards>
<cards type="Pocket" player="poiker">C9 D8</cards>
<cards type="Pocket" player="M1ky3ste92">H9 S4</cards>
<action no="6" player="poiker" type="3" discard="1" dealt="1" sum="30"/>
<action no="7" player="Crazypoke" type="7" discard="1" dealt="1" sum="10"/>
<action no="8" player="M1ky3ste92" type="4" sum="0"/>
</round>
<round no="2"><cards type="Flop">C8 D9 H10</cards>
<action no="9" player="M1ky3ste92" type="5" sum="30"/>
<action no="10" player="poiker" type="3" discard="1" dealt="1" sum="30"/>
</round>
<round no="3"><cards type="Turn">C2</cards>
<action no="11" player="M1ky3ste92" type="5" sum="1,275"/>
<action no="12" player="poiker" type="7" discard="1" dealt="1" sum="65"/>
</round>
<round no="4"><cards type="River">DJ</cards>
</round>
</game>
<game gamecode="6544193755"><general><startdate>2025-11-29 12:35:44</startdate>
<round>1</round>
<failsafecounter/>
<players><player seat="6" name="poiker" chips="200" dealer="0" win="0" bet="90" muck="1" rebuy="0" addon="0" merge="0" rebuychips="0" reg_code="5076503895"/>
<player seat="10" name="Crazypoke" chips="90" dealer="1" win="200" bet="90" muck="0" rebuy="0" addon="0" merge="0" rebuychips="0" reg_code="5076504017"/>
<player seat="3" name="M1ky3ste92" chips="1,210" dealer="0" win="0" bet="20" muck="1" rebuy="0" addon="0" merge="0" rebuychips="0" reg_code="5076503596"/>
</players>
</general>
<round no="0"><action no="1" player="M1ky3ste92" type="15" sum="5"/>
<action no="2" player="poiker" type="15" discard="1" dealt="1" sum="5"/>
<action no="3" player="Crazypoke" type="15" discard="1" dealt="1" sum="5"/>
<action no="4" player="M1ky3ste92" type="1" sum="15"/>
<action no="5" player="poiker" type="2" discard="1" dealt="1" sum="30"/>
</round>
<round no="1"><cards type="Pocket" player="M1ky3ste92">D5 SQ</cards>
<cards type="Pocket" player="poiker">D8 H9</cards>
<cards type="Pocket" player="Crazypoke">CK D7</cards>
<action no="6" player="Crazypoke" type="23" discard="1" dealt="1" sum="85"/>
<action no="7" player="M1ky3ste92" type="0" sum="0"/>
<action no="8" player="poiker" type="3" discard="1" dealt="1" sum="55"/>
</round>
<round no="2"><cards type="Flop">DJ S6 DK</cards>
</round>
<round no="3"><cards type="Turn">H7</cards>
</round>
<round no="4"><cards type="River">D9</cards>
</round>
</game>
<game gamecode="6544193776"><general><startdate>2025-11-29 12:36:01</startdate>
<round>1</round>
<failsafecounter/>
<players><player seat="10" name="Crazypoke" chips="200" dealer="0" win="225" bet="110" muck="0" rebuy="0" addon="0" merge="0" rebuychips="0" reg_code="5076504017"/>
<player seat="3" name="M1ky3ste92" chips="1,190" dealer="1" win="0" bet="5" muck="1" rebuy="0" addon="0" merge="0" rebuychips="0" reg_code="5076503596"/>
<player seat="6" name="poiker" chips="110" dealer="0" win="0" bet="110" muck="0" rebuy="0" addon="0" merge="0" rebuychips="0" reg_code="5076503895"/>
</players>
</general>
<round no="0"><action no="1" player="poiker" type="15" discard="1" dealt="1" sum="5"/>
<action no="2" player="Crazypoke" type="15" discard="1" dealt="1" sum="5"/>
<action no="3" player="M1ky3ste92" type="15" sum="5"/>
<action no="4" player="poiker" type="1" discard="1" dealt="1" sum="15"/>
<action no="5" player="Crazypoke" type="2" discard="1" dealt="1" sum="30"/>
</round>
<round no="1"><cards type="Pocket" player="poiker">C10 D5</cards>
<cards type="Pocket" player="M1ky3ste92">H6 D7</cards>
<cards type="Pocket" player="Crazypoke">DK H5</cards>
<action no="6" player="M1ky3ste92" type="0" sum="0"/>
<action no="7" player="poiker" type="23" discard="1" dealt="1" sum="105"/>
<action no="8" player="Crazypoke" type="3" discard="1" dealt="1" sum="75"/>
</round>
<round no="2"><cards type="Flop">C2 H3 DJ</cards>
</round>
<round no="3"><cards type="Turn">S8</cards>
</round>
<round no="4"><cards type="River">S5</cards>
</round>
</game>
<game gamecode="6544193802"><general><startdate>2025-11-29 12:36:18</startdate>
<round>1</round>
<failsafecounter/>
<players><player seat="3" name="M1ky3ste92" chips="1,185" dealer="0" win="0" bet="35" muck="1" rebuy="0" addon="0" merge="0" rebuychips="0" reg_code="5076503596"/>
<player seat="10" name="Crazypoke" chips="315" dealer="1" win="70" bet="80" muck="1" rebuy="0" addon="0" merge="0" rebuychips="0" reg_code="5076504017"/>
</players>
</general>
<round no="0"><action no="1" player="Crazypoke" type="15" discard="1" dealt="1" sum="5"/>
<action no="2" player="M1ky3ste92" type="15" sum="5"/>
<action no="3" player="Crazypoke" type="1" discard="1" dealt="1" sum="15"/>
<action no="4" player="M1ky3ste92" type="2" sum="30"/>
</round>
<round no="1"><cards type="Pocket" player="M1ky3ste92">S5 DJ</cards>
<cards type="Pocket" player="Crazypoke">X X</cards>
<action no="5" player="Crazypoke" type="23" discard="1" dealt="1" sum="75"/>
<action no="6" player="M1ky3ste92" type="0" sum="0"/>
</round>
</game>
<game gamecode="6544193809"><general><startdate>2025-11-29 12:36:26</startdate>
<round>1</round>
<failsafecounter/>
<players><player seat="10" name="Crazypoke" chips="350" dealer="0" win="0" bet="45" muck="1" rebuy="0" addon="0" merge="0" rebuychips="0" reg_code="5076504017"/>
<player seat="3" name="M1ky3ste92" chips="1,150" dealer="1" win="90" bet="85" muck="1" rebuy="0" addon="0" merge="0" rebuychips="0" reg_code="5076503596"/>
</players>
</general>
<round no="0"><action no="1" player="M1ky3ste92" type="15" sum="5"/>
<action no="2" player="Crazypoke" type="15" discard="1" dealt="1" sum="5"/>
<action no="3" player="M1ky3ste92" type="1" sum="20"/>
<action no="4" player="Crazypoke" type="2" discard="1" dealt="1" sum="40"/>
</round>
<round no="1"><cards type="Pocket" player="Crazypoke">X X</cards>
<cards type="Pocket" player="M1ky3ste92">H7 C9</cards>
<action no="5" player="M1ky3ste92" type="3" sum="20"/>
<action no="6" player="Crazypoke" type="4" discard="1" dealt="1" sum="0"/>
</round>
<round no="2"><cards type="Flop">CA DJ D3</cards>
<action no="7" player="Crazypoke" type="4" discard="1" dealt="1" sum="0"/>
<action no="8" player="M1ky3ste92" type="5" sum="40"/>
<action no="9" player="Crazypoke" type="0" discard="1" dealt="1" sum="0"/>
</round>
</game>
<game gamecode="6544193826"><general><startdate>2025-11-29 12:36:36</startdate>
<round>1</round>
<failsafecounter/>
<players><player seat="3" name="M1ky3ste92" chips="1,195" dealer="0" win="0" bet="45" muck="1" rebuy="0" addon="0" merge="0" rebuychips="0" reg_code="5076503596"/>
<player seat="10" name="Crazypoke" chips="305" dealer="1" win="90" bet="90" muck="1" rebuy="0" addon="0" merge="0" rebuychips="0" reg_code="5076504017"/>
</players>
</general>
<round no="0"><action no="1" player="Crazypoke" type="15" discard="1" dealt="1" sum="5"/>
<action no="2" player="M1ky3ste92" type="15" sum="5"/>
<action no="3" player="Crazypoke" type="1" discard="1" dealt="1" sum="20"/>
<action no="4" player="M1ky3ste92" type="2" sum="40"/>
</round>
<round no="1"><cards type="Pocket" player="M1ky3ste92">H6 SQ</cards>
<cards type="Pocket" player="Crazypoke">X X</cards>
<action no="5" player="Crazypoke" type="3" discard="1" dealt="1" sum="20"/>
<action no="6" player="M1ky3ste92" type="4" sum="0"/>
</round>
<round no="2"><cards type="Flop">D3 D9 C8</cards>
<action no="7" player="M1ky3ste92" type="4" sum="0"/>
<action no="8" player="Crazypoke" type="5" discard="1" dealt="1" sum="45"/>
<action no="9" player="M1ky3ste92" type="0" sum="0"/>
</round>
</game>
<game gamecode="6544193845"><general><startdate>2025-11-29 12:36:48</startdate>
<round>1</round>
<failsafecounter/>
<players><player seat="10" name="Crazypoke" chips="350" dealer="0" win="0" bet="45" muck="1" rebuy="0" addon="0" merge="0" rebuychips="0" reg_code="5076504017"/>
<player seat="3" name="M1ky3ste92" chips="1,150" dealer="1" win="90" bet="1,150" muck="1" rebuy="0" addon="0" merge="0" rebuychips="0" reg_code="5076503596"/>
</players>
</general>
<round no="0"><action no="1" player="M1ky3ste92" type="15" sum="5"/>
<action no="2" player="Crazypoke" type="15" discard="1" dealt="1" sum="5"/>
<action no="3" player="M1ky3ste92" type="1" sum="20"/>
<action no="4" player="Crazypoke" type="2" discard="1" dealt="1" sum="40"/>
</round>
<round no="1"><cards type="Pocket" player="Crazypoke">X X</cards>
<cards type="Pocket" player="M1ky3ste92">DQ H6</cards>
<action no="5" player="M1ky3ste92" type="23" sum="1,145"/>
<action no="6" player="Crazypoke" type="0" discard="1" dealt="1" sum="0"/>
</round>
</game>
<game gamecode="6544193851"><general><startdate>2025-11-29 12:36:55</startdate>
<round>1</round>
<failsafecounter/>
<players><player seat="3" name="M1ky3ste92" chips="1,195" dealer="0" win="0" bet="45" muck="1" rebuy="0" addon="0" merge="0" rebuychips="0" reg_code="5076503596"/>
<player seat="10" name="Crazypoke" chips="305" dealer="1" win="90" bet="135" muck="1" rebuy="0" addon="0" merge="0" rebuychips="0" reg_code="5076504017"/>
</players>
</general>
<round no="0"><action no="1" player="Crazypoke" type="15" discard="1" dealt="1" sum="5"/>
<action no="2" player="M1ky3ste92" type="15" sum="5"/>
<action no="3" player="Crazypoke" type="1" discard="1" dealt="1" sum="20"/>
<action no="4" player="M1ky3ste92" type="2" sum="40"/>
</round>
<round no="1"><cards type="Pocket" player="M1ky3ste92">H8 CQ</cards>
<cards type="Pocket" player="Crazypoke">X X</cards>
<action no="5" player="Crazypoke" type="3" discard="1" dealt="1" sum="20"/>
<action no="6" player="M1ky3ste92" type="4" sum="0"/>
</round>
<round no="2"><cards type="Flop">C9 H6 S9</cards>
<action no="7" player="M1ky3ste92" type="4" sum="0"/>
<action no="8" player="Crazypoke" type="5" discard="1" dealt="1" sum="90"/>
<action no="9" player="M1ky3ste92" type="0" sum="0"/>
</round>
</game>
<game gamecode="6544193884"><general><startdate>2025-11-29 12:37:13</startdate>
<round>1</round>
<failsafecounter/>
<players><player seat="10" name="Crazypoke" chips="350" dealer="0" win="0" bet="350" muck="1" rebuy="0" addon="0" merge="0" rebuychips="0" reg_code="5076504017"/>
<player seat="3" name="M1ky3ste92" chips="1,150" dealer="1" win="700" bet="1,150" muck="0" rebuy="0" addon="0" merge="0" rebuychips="0" reg_code="5076503596"/>
</players>
</general>
<round no="0"><action no="1" player="M1ky3ste92" type="15" sum="5"/>
<action no="2" player="Crazypoke" type="15" discard="1" dealt="1" sum="5"/>
<action no="3" player="M1ky3ste92" type="1" sum="20"/>
<action no="4" player="Crazypoke" type="2" discard="1" dealt="1" sum="40"/>
</round>
<round no="1"><cards type="Pocket" player="M1ky3ste92">S6 SQ</cards>
<cards type="Pocket" player="Crazypoke">H3 DK</cards>
<action no="5" player="M1ky3ste92" type="23" sum="1,145"/>
<action no="6" player="Crazypoke" type="7" discard="1" dealt="1" sum="305"/>
</round>
<round no="2"><cards type="Flop">CQ HA D10</cards>
</round>
<round no="3"><cards type="Turn">S5</cards>
</round>
<round no="4"><cards type="River">H5</cards>
</round>
</game>
</session>
