<?xml version="1.0" encoding="UTF-8"?>
<session sessioncode="5076499321">
<general>
<client_version>25.7.1.34</client_version>
<mode>real</mode>
<gametype>Holdem NL</gametype>
<tablename>Twister €100 SNG, 822669620</tablename>
<tournamentcode>822669618</tournamentcode>
<tournamentname>Twister €100 SNG</tournamentname>
<buyin>€0 + €7 + €93</buyin>
<totalbuyin>€100</totalbuyin>
<rewarddrawn>€200</rewarddrawn>
<tournamentcurrency>EUR</tournamentcurrency>
<currency>EUR</currency>
<nickname>M1ky3ste92</nickname>
<gamecount>8</gamecount>
<startdate>2025-11-29 12:14:06</startdate>
<place>1</place>
<win>€200</win>
<tablesize>3</tablesize>
</general>
<game gamecode="6544183146"><general><startdate>2025-11-29 12:14:22</startdate>
<round>1</round>
<failsafecounter/>
<players><player seat="6" name="M1ky3ste92" chips="500" dealer="0" win="0" bet="20" muck="1" rebuy="0" addon="0" merge="0" rebuychips="0" reg_code="5076499321"/>
<player seat="10" name="Crazypoke" chips="500" dealer="1" win="60" bet="80" muck="1" rebuy="0" addon="0" merge="0" rebuychips="0" reg_code="5076501169"/>
<player seat="3" name="L1mltless" chips="500" dealer="0" win="0" bet="20" muck="1" rebuy="0" addon="0" merge="0" rebuychips="0" reg_code="5076499030"/>
</players>
</general>
<round no="0"><action no="1" player="L1mltless" type="1" discard="1" dealt="1" sum="10"/>
<action no="2" player="M1ky3ste92" type="2" sum="20"/>
</round>
<round no="1"><cards type="Pocket" player="M1ky3ste92">DJ C8</cards>
<cards type="Pocket" player="Crazypoke">X X</cards>
<cards type="Pocket" player="L1mltless">X X</cards>
<action no="3" player="Crazypoke" type="3" discard="1" dealt="1" sum="20"/>
<action no="4" player="L1mltless" type="3" discard="1" dealt="1" sum="10"/>
<action no="5" player="M1ky3ste92" type="4" sum="0"/>
</round>
<round no="2"><cards type="Flop">HQ SK S2</cards>
<action no="6" player="L1mltless" type="4" discard="1" dealt="1" sum="0"/>
<action no="7" player="M1ky3ste92" type="4" sum="0"/>
<action no="8" player="Crazypoke" type="4" discard="1" dealt="1" sum="0"/>
</round>
<round no="3"><cards type="Turn">D10</cards>
<action no="9" player="L1mltless" type="4" discard="1" dealt="1" sum="0"/>
<action no="10" player="M1ky3ste92" type="4" sum="0"/>
<action no="11" player="Crazypoke" type="5" discard="1" dealt="1" sum="60"/>
<action no="12" player="L1mltless" type="0" discard="1" dealt="1" sum="0"/>
<action no="13" player="M1ky3ste92" type="0" sum="0"/>
</round>
</game>
<game gamecode="6544183204"><general><startdate>2025-11-29 12:14:59</startdate>
<round>1</round>
<failsafecounter/>
<players><player seat="10" name="Crazypoke" chips="540" dealer="0" win="0" bet="480" muck="1" rebuy="0" addon="0" merge="0" rebuychips="0" reg_code="5076501169"/>
<player seat="3" name="L1mltless" chips="480" dealer="1" win="970" bet="480" muck="0" rebuy="0" addon="0" merge="0" rebuychips="0" reg_code="5076499030"/>
<player seat="6" name="M1ky3ste92" chips="480" dealer="0" win="0" bet="10" muck="1" rebuy="0" addon="0" merge="0" rebuychips="0" reg_code="5076499321"/>
</players>
</general>
<round no="0"><action no="1" player="M1ky3ste92" type="1" sum="10"/>
<action no="2" player="Crazypoke" type="2" discard="1" dealt="1" sum="20"/>
</round>
<round no="1"><cards type="Pocket" player="Crazypoke">H9 D5</cards>
<cards type="Pocket" player="L1mltless">C4 H4</cards>
<cards type="Pocket" player="M1ky3ste92">SQ H5</cards>
<action no="3" player="L1mltless" type="23" discard="1" dealt="1" sum="40"/>
<action no="4" player="M1ky3ste92" type="0" sum="0"/>
<action no="5" player="Crazypoke" type="3" discard="1" dealt="1" sum="20"/>
</round>
<round no="2"><cards type="Flop">C6 S4 S8</cards>
<action no="6" player="Crazypoke" type="4" discard="1" dealt="1" sum="0"/>
<action no="7" player="L1mltless" type="5" discard="1" dealt="1" sum="46"/>
<action no="8" player="Crazypoke" type="3" discard="1" dealt="1" sum="46"/>
</round>
<round no="3"><cards type="Turn">S9</cards>
<action no="9" player="Crazypoke" type="5" discard="1" dealt="1" sum="182"/>
<action no="10" player="L1mltless" type="23" discard="1" dealt="1" sum="394"/>
<action no="11" player="Crazypoke" type="3" discard="1" dealt="1" sum="212"/>
</round>
<round no="4"><cards type="River">S6</cards>
</round>
</game>
<game gamecode="6544183258"><general><startdate>2025-11-29 12:15:30</startdate>
<round>1</round>
<failsafecounter/>
<players><player seat="3" name="L1mltless" chips="970" dealer="0" win="0" bet="60" muck="1" rebuy="0" addon="0" merge="0" rebuychips="0" reg_code="5076499030"/>
<player seat="6" name="M1ky3ste92" chips="470" dealer="1" win="0" bet="0" muck="1" rebuy="0" addon="0" merge="0" rebuychips="0" reg_code="5076499321"/>
<player seat="10" name="Crazypoke" chips="60" dealer="0" win="120" bet="60" muck="0" rebuy="0" addon="0" merge="0" rebuychips="0" reg_code="5076501169"/>
</players>
</general>
<round no="0"><action no="1" player="Crazypoke" type="1" discard="1" dealt="1" sum="10"/>
<action no="2" player="L1mltless" type="2" discard="1" dealt="1" sum="20"/>
</round>
<round no="1"><cards type="Pocket" player="M1ky3ste92">C6 S2</cards>
<cards type="Pocket" player="Crazypoke">CK SJ</cards>
<cards type="Pocket" player="L1mltless">H6 S10</cards>
<action no="3" player="M1ky3ste92" type="0" sum="0"/>
<action no="4" player="Crazypoke" type="23" discard="1" dealt="1" sum="60"/>
<action no="5" player="L1mltless" type="3" discard="1" dealt="1" sum="40"/>
</round>
<round no="2"><cards type="Flop">DK S5 D8</cards>
</round>
<round no="3"><cards type="Turn">C9</cards>
</round>
<round no="4"><cards type="River">HQ</cards>
</round>
</game>
<game gamecode="6544183290"><general><startdate>2025-11-29 12:15:47</startdate>
<round>1</round>
<failsafecounter/>
<players><player seat="6" name="M1ky3ste92" chips="470" dealer="0" win="0" bet="20" muck="1" rebuy="0" addon="0" merge="0" rebuychips="0" reg_code="5076499321"/>
<player seat="10" name="Crazypoke" chips="120" dealer="1" win="50" bet="120" muck="1" rebuy="0" addon="0" merge="0" rebuychips="0" reg_code="5076501169"/>
<player seat="3" name="L1mltless" chips="910" dealer="0" win="0" bet="10" muck="1" rebuy="0" addon="0" merge="0" rebuychips="0" reg_code="5076499030"/>
</players>
</general>
<round no="0"><action no="1" player="L1mltless" type="1" discard="1" dealt="1" sum="10"/>
<action no="2" player="M1ky3ste92" type="2" sum="20"/>
</round>
<round no="1"><cards type="Pocket" player="L1mltless">X X</cards>
<cards type="Pocket" player="M1ky3ste92">C9 DK</cards>
<cards type="Pocket" player="Crazypoke">X X</cards>
<action no="3" player="Crazypoke" type="3" discard="1" dealt="1" sum="20"/>
<action no="4" player="L1mltless" type="0" discard="1" dealt="1" sum="0"/>
<action no="5" player="M1ky3ste92" type="4" sum="0"/>
</round>
<round no="2"><cards type="Flop">D10 C10 H4</cards>
<action no="6" player="M1ky3ste92" type="4" sum="0"/>
<action no="7" player="Crazypoke" type="5" discard="1" dealt="1" sum="100"/>
<action no="8" player="M1ky3ste92" type="0" sum="0"/>
</round>
</game>
<game gamecode="6544183315"><general><startdate>2025-11-29 12:16:02</startdate>
<round>1</round>
<failsafecounter/>
<players><player seat="10" name="Crazypoke" chips="150" dealer="0" win="0" bet="35" muck="1" rebuy="0" addon="0" merge="0" rebuychips="0" reg_code="5076501169"/>
<player seat="3" name="L1mltless" chips="900" dealer="1" win="0" bet="900" muck="0" rebuy="0" addon="0" merge="0" rebuychips="0" reg_code="5076499030"/>
<player seat="6" name="M1ky3ste92" chips="450" dealer="0" win="935" bet="450" muck="0" rebuy="0" addon="0" merge="0" rebuychips="0" reg_code="5076499321"/>
</players>
</general>
<round no="0"><action no="1" player="M1ky3ste92" type="15" sum="5"/>
<action no="2" player="Crazypoke" type="15" discard="1" dealt="1" sum="5"/>
<action no="3" player="L1mltless" type="15" discard="1" dealt="1" sum="5"/>
<action no="4" player="M1ky3ste92" type="1" sum="15"/>
<action no="5" player="Crazypoke" type="2" discard="1" dealt="1" sum="30"/>
</round>
<round no="1"><cards type="Pocket" player="L1mltless">DJ C10</cards>
<cards type="Pocket" player="Crazypoke">X X</cards>
<cards type="Pocket" player="M1ky3ste92">C7 HA</cards>
<action no="6" player="L1mltless" type="23" discard="1" dealt="1" sum="895"/>
<action no="7" player="M1ky3ste92" type="7" sum="430"/>
<action no="8" player="Crazypoke" type="0" discard="1" dealt="1" sum="0"/>
</round>
<round no="2"><cards type="Flop">H7 SQ S8</cards>
</round>
<round no="3"><cards type="Turn">S2</cards>
</round>
<round no="4"><cards type="River">D6</cards>
</round>
</game>
<game gamecode="6544183362"><general><startdate>2025-11-29 12:16:33</startdate>
<round>1</round>
<failsafecounter/>
<players><player seat="3" name="L1mltless" chips="450" dealer="0" win="235" bet="115" muck="0" rebuy="0" addon="0" merge="0" rebuychips="0" reg_code="5076499030"/>
<player seat="6" name="M1ky3ste92" chips="935" dealer="1" win="0" bet="5" muck="1" rebuy="0" addon="0" merge="0" rebuychips="0" reg_code="5076499321"/>
<player seat="10" name="Crazypoke" chips="115" dealer="0" win="0" bet="115" muck="0" rebuy="0" addon="0" merge="0" rebuychips="0" reg_code="5076501169"/>
</players>
</general>
<round no="0"><action no="1" player="Crazypoke" type="15" discard="1" dealt="1" sum="5"/>
<action no="2" player="L1mltless" type="15" discard="1" dealt="1" sum="5"/>
<action no="3" player="M1ky3ste92" type="15" sum="5"/>
<action no="4" player="Crazypoke" type="1" discard="1" dealt="1" sum="15"/>
<action no="5" player="L1mltless" type="2" discard="1" dealt="1" sum="30"/>
</round>
<round no="1"><cards type="Pocket" player="L1mltless">HA C4</cards>
<cards type="Pocket" player="M1ky3ste92">D6 H3</cards>
<cards type="Pocket" player="Crazypoke">DJ C9</cards>
<action no="6" player="M1ky3ste92" type="0" sum="0"/>
<action no="7" player="Crazypoke" type="23" discard="1" dealt="1" sum="110"/>
<action no="8" player="L1mltless" type="3" discard="1" dealt="1" sum="80"/>
</round>
<round no="2"><cards type="Flop">CQ D2 C10</cards>
</round>
<round no="3"><cards type="Turn">H6</cards>
</round>
<round no="4"><cards type="River">SA</cards>
</round>
</game>
<game gamecode="6544183392"><general><startdate>2025-11-29 12:16:50</startdate>
<round>1</round>
<failsafecounter/>
<players><player seat="6" name="M1ky3ste92" chips="930" dealer="0" win="70" bet="95" muck="1" rebuy="0" addon="0" merge="0" rebuychips="0" reg_code="5076499321"/>
<player seat="3" name="L1mltless" chips="570" dealer="1" win="0" bet="35" muck="1" rebuy="0" addon="0" merge="0" rebuychips="0" reg_code="5076499030"/>
</players>
</general>
<round no="0"><action no="1" player="L1mltless" type="15" discard="1" dealt="1" sum="5"/>
<action no="2" player="M1ky3ste92" type="15" sum="5"/>
<action no="3" player="L1mltless" type="1" discard="1" dealt="1" sum="15"/>
<action no="4" player="M1ky3ste92" type="2" sum="30"/>
</round>
<round no="1"><cards type="Pocket" player="L1mltless">X X</cards>
<cards type="Pocket" player="M1ky3ste92">H8 H10</cards>
<action no="5" player="L1mltless" type="3" discard="1" dealt="1" sum="15"/>
<action no="6" player="M1ky3ste92" type="23" sum="90"/>
<action no="7" player="L1mltless" type="0" discard="1" dealt="1" sum="0"/>
</round>
</game>
<game gamecode="6544183417"><general><startdate>2025-11-29 12:17:06</startdate>
<round>1</round>
<failsafecounter/>
<players><player seat="3" name="L1mltless" chips="535" dealer="0" win="0" bet="535" muck="0" rebuy="0" addon="0" merge="0" rebuychips="0" reg_code="5076499030"/>
<player seat="6" name="M1ky3ste92" chips="965" dealer="1" win="1,070" bet="535" muck="0" rebuy="0" addon="0" merge="0" rebuychips="0" reg_code="5076499321"/>
</players>
</general>
<round no="0"><action no="1" player="M1ky3ste92" type="15" sum="5"/>
<action no="2" player="L1mltless" type="15" discard="1" dealt="1" sum="5"/>
<action no="3" player="M1ky3ste92" type="1" sum="15"/>
<action no="4" player="L1mltless" type="2" discard="1" dealt="1" sum="30"/>
</round>
<round no="1"><cards type="Pocket" player="L1mltless">D10 CA</cards>
<cards type="Pocket" player="M1ky3ste92">SA DA</cards>
<action no="5" player="M1ky3ste92" type="23" sum="60"/>
<action no="6" player="L1mltless" type="23" discard="1" dealt="1" sum="530"/>
<action no="7" player="M1ky3ste92" type="3" sum="470"/>
</round>
<round no="2"><cards type="Flop">H9 S6 C3</cards>
</round>
<round no="3"><cards type="Turn">C5</cards>
</round>
<round no="4"><cards type="River">D3</cards>
</round>
</game>
</session>
