<?xml version="1.0" encoding="UTF-8"?>
<session sessioncode="5076506524">
<general>
<client_version>25.7.1.34</client_version>
<mode>real</mode>
<gametype>Holdem NL</gametype>
<tablename>Twister €100 SNG, 822672398</tablename>
<tournamentcode>822672396</tournamentcode>
<tournamentname>Twister €100 SNG</tournamentname>
<buyin>€0 + €7 + €93</buyin>
<totalbuyin>€100</totalbuyin>
<rewarddrawn>€200</rewarddrawn>
<tournamentcurrency>EUR</tournamentcurrency>
<currency>EUR</currency>
<nickname>M1ky3ste92</nickname>
<gamecount>41</gamecount>
<startdate>2025-11-29 13:01:39</startdate>
<place>2</place>
<win>€0</win>
<tablesize>3</tablesize>
</general>
<game gamecode="6544206736"><general><startdate>2025-11-29 13:01:54</startdate>
<round>1</round>
<failsafecounter/>
<players><player seat="6" name="77jac" chips="500" dealer="0" win="260" bet="190" muck="1" rebuy="0" addon="0" merge="0" rebuychips="0" reg_code="5076508158"/>
<player seat="10" name="DANILOSTAR10" chips="500" dealer="1" win="0" bet="125" muck="1" rebuy="0" addon="0" merge="0" rebuychips="0" reg_code="5076508187"/>
<player seat="3" name="M1ky3ste92" chips="500" dealer="0" win="0" bet="10" muck="1" rebuy="0" addon="0" merge="0" rebuychips="0" reg_code="5076506524"/>
</players>
</general>
<round no="0"><action no="1" player="M1ky3ste92" type="1" sum="10"/>
<action no="2" player="77jac" type="2" discard="1" dealt="1" sum="20"/>
</round>
<round no="1"><cards type="Pocket" player="DANILOSTAR10">X X</cards>
<cards type="Pocket" player="M1ky3ste92">DJ H3</cards>
<cards type="Pocket" player="77jac">X X</cards>
<action no="3" player="DANILOSTAR10" type="23" discard="1" dealt="1" sum="40"/>
<action no="4" player="M1ky3ste92" type="0" sum="0"/>
<action no="5" player="77jac" type="23" discard="1" dealt="1" sum="60"/>
<action no="6" player="DANILOSTAR10" type="3" discard="1" dealt="1" sum="20"/>
</round>
<round no="2"><cards type="Flop">S7 S10 HK</cards>
<action no="7" player="77jac" type="4" discard="1" dealt="1" sum="0"/>
<action no="8" player="DANILOSTAR10" type="5" discard="1" dealt="1" sum="65"/>
<action no="9" player="77jac" type="23" discard="1" dealt="1" sum="130"/>
<action no="10" player="DANILOSTAR10" type="0" discard="1" dealt="1" sum="0"/>
</round>
</game>
<game gamecode="6544206779"><general><startdate>2025-11-29 13:02:24</startdate>
<round>1</round>
<failsafecounter/>
<players><player seat="10" name="DANILOSTAR10" chips="375" dealer="0" win="20" bet="20" muck="1" rebuy="0" addon="0" merge="0" rebuychips="0" reg_code="5076508187"/>
<player seat="3" name="M1ky3ste92" chips="490" dealer="1" win="0" bet="0" muck="1" rebuy="0" addon="0" merge="0" rebuychips="0" reg_code="5076506524"/>
<player seat="6" name="77jac" chips="635" dealer="0" win="0" bet="10" muck="1" rebuy="0" addon="0" merge="0" rebuychips="0" reg_code="5076508158"/>
</players>
</general>
<round no="0"><action no="1" player="77jac" type="1" discard="1" dealt="1" sum="10"/>
<action no="2" player="DANILOSTAR10" type="2" discard="1" dealt="1" sum="20"/>
</round>
<round no="1"><cards type="Pocket" player="M1ky3ste92">SJ H8</cards>
<cards type="Pocket" player="DANILOSTAR10">X X</cards>
<cards type="Pocket" player="77jac">X X</cards>
<action no="3" player="M1ky3ste92" type="0" sum="0"/>
<action no="4" player="77jac" type="0" discard="1" dealt="1" sum="0"/>
</round>
</game>
<game gamecode="6544206789"><general><startdate>2025-11-29 13:02:31</startdate>
<round>1</round>
<failsafecounter/>
<players><player seat="3" name="M1ky3ste92" chips="490" dealer="0" win="0" bet="20" muck="1" rebuy="0" addon="0" merge="0" rebuychips="0" reg_code="5076506524"/>
<player seat="6" name="77jac" chips="625" dealer="1" win="50" bet="60" muck="1" rebuy="0" addon="0" merge="0" rebuychips="0" reg_code="5076508158"/>
<player seat="10" name="DANILOSTAR10" chips="385" dealer="0" win="0" bet="10" muck="1" rebuy="0" addon="0" merge="0" rebuychips="0" reg_code="5076508187"/>
</players>
</general>
<round no="0"><action no="1" player="DANILOSTAR10" type="1" discard="1" dealt="1" sum="10"/>
<action no="2" player="M1ky3ste92" type="2" sum="20"/>
</round>
<round no="1"><cards type="Pocket" player="DANILOSTAR10">X X</cards>
<cards type="Pocket" player="M1ky3ste92">DQ S5</cards>
<cards type="Pocket" player="77jac">X X</cards>
<action no="3" player="77jac" type="23" discard="1" dealt="1" sum="60"/>
<action no="4" player="DANILOSTAR10" type="0" discard="1" dealt="1" sum="0"/>
<action no="5" player="M1ky3ste92" type="0" sum="0"/>
</round>
</game>
<game gamecode="6544206822"><general><startdate>2025-11-29 13:02:55</startdate>
<round>1</round>
<failsafecounter/>
<players><player seat="6" name="77jac" chips="655" dealer="0" win="40" bet="20" muck="0" rebuy="0" addon="0" merge="0" rebuychips="0" reg_code="5076508158"/>
<player seat="10" name="DANILOSTAR10" chips="375" dealer="1" win="0" bet="0" muck="1" rebuy="0" addon="0" merge="0" rebuychips="0" reg_code="5076508187"/>
<player seat="3" name="M1ky3ste92" chips="470" dealer="0" win="0" bet="20" muck="1" rebuy="0" addon="0" merge="0" rebuychips="0" reg_code="5076506524"/>
</players>
</general>
<round no="0"><action no="1" player="M1ky3ste92" type="1" sum="10"/>
<action no="2" player="77jac" type="2" discard="1" dealt="1" sum="20"/>
</round>
<round no="1"><cards type="Pocket" player="DANILOSTAR10">X X</cards>
<cards type="Pocket" player="M1ky3ste92">SK D5</cards>
<cards type="Pocket" player="77jac">C10 D4</cards>
<action no="3" player="DANILOSTAR10" type="0" discard="1" dealt="1" sum="0"/>
<action no="4" player="M1ky3ste92" type="3" sum="10"/>
<action no="5" player="77jac" type="4" discard="1" dealt="1" sum="0"/>
</round>
<round no="2"><cards type="Flop">D7 S7 C4</cards>
<action no="6" player="M1ky3ste92" type="4" sum="0"/>
<action no="7" player="77jac" type="4" discard="1" dealt="1" sum="0"/>
</round>
<round no="3"><cards type="Turn">CA</cards>
<action no="8" player="M1ky3ste92" type="4" sum="0"/>
<action no="9" player="77jac" type="4" discard="1" dealt="1" sum="0"/>
</round>
<round no="4"><cards type="River">D2</cards>
<action no="10" player="M1ky3ste92" type="4" sum="0"/>
<action no="11" player="77jac" type="4" discard="1" dealt="1" sum="0"/>
</round>
</game>
<game gamecode="6544206864"><general><startdate>2025-11-29 13:03:22</startdate>
<round>1</round>
<failsafecounter/>
<players><player seat="10" name="DANILOSTAR10" chips="375" dealer="0" win="160" bet="80" muck="0" rebuy="0" addon="0" merge="0" rebuychips="0" reg_code="5076508187"/>
<player seat="3" name="M1ky3ste92" chips="450" dealer="1" win="0" bet="0" muck="1" rebuy="0" addon="0" merge="0" rebuychips="0" reg_code="5076506524"/>
<player seat="6" name="77jac" chips="675" dealer="0" win="0" bet="80" muck="0" rebuy="0" addon="0" merge="0" rebuychips="0" reg_code="5076508158"/>
</players>
</general>
<round no="0"><action no="1" player="77jac" type="1" discard="1" dealt="1" sum="10"/>
<action no="2" player="DANILOSTAR10" type="2" discard="1" dealt="1" sum="20"/>
</round>
<round no="1"><cards type="Pocket" player="DANILOSTAR10">S7 H6</cards>
<cards type="Pocket" player="M1ky3ste92">D4 D10</cards>
<cards type="Pocket" player="77jac">DA C9</cards>
<action no="3" player="M1ky3ste92" type="0" sum="0"/>
<action no="4" player="77jac" type="23" discard="1" dealt="1" sum="40"/>
<action no="5" player="DANILOSTAR10" type="3" discard="1" dealt="1" sum="20"/>
</round>
<round no="2"><cards type="Flop">CK H8 S6</cards>
<action no="6" player="77jac" type="4" discard="1" dealt="1" sum="0"/>
<action no="7" player="DANILOSTAR10" type="4" discard="1" dealt="1" sum="0"/>
</round>
<round no="3"><cards type="Turn">S8</cards>
<action no="8" player="77jac" type="5" discard="1" dealt="1" sum="20"/>
<action no="9" player="DANILOSTAR10" type="3" discard="1" dealt="1" sum="20"/>
</round>
<round no="4"><cards type="River">H2</cards>
<action no="10" player="77jac" type="5" discard="1" dealt="1" sum="20"/>
<action no="11" player="DANILOSTAR10" type="3" discard="1" dealt="1" sum="20"/>
</round>
</game>
<game gamecode="6544206890"><general><startdate>2025-11-29 13:03:43</startdate>
<round>1</round>
<failsafecounter/>
<players><player seat="3" name="M1ky3ste92" chips="450" dealer="0" win="0" bet="35" muck="1" rebuy="0" addon="0" merge="0" rebuychips="0" reg_code="5076506524"/>
<player seat="6" name="77jac" chips="595" dealer="1" win="465" bet="215" muck="0" rebuy="0" addon="0" merge="0" rebuychips="0" reg_code="5076508158"/>
<player seat="10" name="DANILOSTAR10" chips="455" dealer="0" win="0" bet="215" muck="0" rebuy="0" addon="0" merge="0" rebuychips="0" reg_code="5076508187"/>
</players>
</general>
<round no="0"><action no="1" player="DANILOSTAR10" type="15" discard="1" dealt="1" sum="5"/>
<action no="2" player="M1ky3ste92" type="15" sum="5"/>
<action no="3" player="77jac" type="15" discard="1" dealt="1" sum="5"/>
<action no="4" player="DANILOSTAR10" type="1" discard="1" dealt="1" sum="15"/>
<action no="5" player="M1ky3ste92" type="2" sum="30"/>
</round>
<round no="1"><cards type="Pocket" player="M1ky3ste92">H7 S2</cards>
<cards type="Pocket" player="DANILOSTAR10">DK H5</cards>
<cards type="Pocket" player="77jac">HQ H9</cards>
<action no="6" player="77jac" type="3" discard="1" dealt="1" sum="30"/>
<action no="7" player="DANILOSTAR10" type="3" discard="1" dealt="1" sum="15"/>
<action no="8" player="M1ky3ste92" type="4" sum="0"/>
</round>
<round no="2"><cards type="Flop">C8 D2 D8</cards>
<action no="9" player="DANILOSTAR10" type="4" discard="1" dealt="1" sum="0"/>
<action no="10" player="M1ky3ste92" type="4" sum="0"/>
<action no="11" player="77jac" type="4" discard="1" dealt="1" sum="0"/>
</round>
<round no="3"><cards type="Turn">DQ</cards>
<action no="12" player="DANILOSTAR10" type="5" discard="1" dealt="1" sum="60"/>
<action no="13" player="M1ky3ste92" type="0" sum="0"/>
<action no="14" player="77jac" type="3" discard="1" dealt="1" sum="60"/>
</round>
<round no="4"><cards type="River">C6</cards>
<action no="15" player="DANILOSTAR10" type="5" discard="1" dealt="1" sum="120"/>
<action no="16" player="77jac" type="3" discard="1" dealt="1" sum="120"/>
</round>
</game>
<game gamecode="6544206959"><general><startdate>2025-11-29 13:04:21</startdate>
<round>1</round>
<failsafecounter/>
<players><player seat="6" name="77jac" chips="845" dealer="0" win="0" bet="415" muck="1" rebuy="0" addon="0" merge="0" rebuychips="0" reg_code="5076508158"/>
<player seat="10" name="DANILOSTAR10" chips="240" dealer="1" win="360" bet="240" muck="0" rebuy="0" addon="0" merge="0" rebuychips="0" reg_code="5076508187"/>
<player seat="3" name="M1ky3ste92" chips="415" dealer="0" win="710" bet="415" muck="0" rebuy="0" addon="0" merge="0" rebuychips="0" reg_code="5076506524"/>
</players>
</general>
<round no="0"><action no="1" player="M1ky3ste92" type="15" sum="5"/>
<action no="2" player="77jac" type="15" discard="1" dealt="1" sum="5"/>
<action no="3" player="DANILOSTAR10" type="15" discard="1" dealt="1" sum="5"/>
<action no="4" player="M1ky3ste92" type="1" sum="15"/>
<action no="5" player="77jac" type="2" discard="1" dealt="1" sum="30"/>
</round>
<round no="1"><cards type="Pocket" player="DANILOSTAR10">HA D10</cards>
<cards type="Pocket" player="M1ky3ste92">D3 SA</cards>
<cards type="Pocket" player="77jac">C8 C7</cards>
<action no="6" player="DANILOSTAR10" type="23" discard="1" dealt="1" sum="235"/>
<action no="7" player="M1ky3ste92" type="7" sum="395"/>
<action no="8" player="77jac" type="3" discard="1" dealt="1" sum="380"/>
</round>
<round no="2"><cards type="Flop">H9 D6 H4</cards>
</round>
<round no="3"><cards type="Turn">S4</cards>
</round>
<round no="4"><cards type="River">D9</cards>
</round>
</game>
<game gamecode="6544206991"><general><startdate>2025-11-29 13:04:40</startdate>
<round>1</round>
<failsafecounter/>
<players><player seat="10" name="DANILOSTAR10" chips="360" dealer="0" win="362" bet="360" muck="0" rebuy="0" addon="0" merge="0" rebuychips="0" reg_code="5076508187"/>
<player seat="3" name="M1ky3ste92" chips="710" dealer="1" win="0" bet="5" muck="1" rebuy="0" addon="0" merge="0" rebuychips="0" reg_code="5076506524"/>
<player seat="6" name="77jac" chips="430" dealer="0" win="363" bet="430" muck="0" rebuy="0" addon="0" merge="0" rebuychips="0" reg_code="5076508158"/>
</players>
</general>
<round no="0"><action no="1" player="77jac" type="15" discard="1" dealt="1" sum="5"/>
<action no="2" player="DANILOSTAR10" type="15" discard="1" dealt="1" sum="5"/>
<action no="3" player="M1ky3ste92" type="15" sum="5"/>
<action no="4" player="77jac" type="1" discard="1" dealt="1" sum="15"/>
<action no="5" player="DANILOSTAR10" type="2" discard="1" dealt="1" sum="30"/>
</round>
<round no="1"><cards type="Pocket" player="M1ky3ste92">H6 HQ</cards>
<cards type="Pocket" player="DANILOSTAR10">DA S3</cards>
<cards type="Pocket" player="77jac">SA D5</cards>
<action no="6" player="M1ky3ste92" type="0" sum="0"/>
<action no="7" player="77jac" type="23" discard="1" dealt="1" sum="425"/>
<action no="8" player="DANILOSTAR10" type="7" discard="1" dealt="1" sum="325"/>
</round>
<round no="2"><cards type="Flop">H9 H2 CQ</cards>
</round>
<round no="3"><cards type="Turn">HA</cards>
</round>
<round no="4"><cards type="River">HK</cards>
</round>
</game>
<game gamecode="6544207025"><general><startdate>2025-11-29 13:04:58</startdate>
<round>1</round>
<failsafecounter/>
<players><player seat="3" name="M1ky3ste92" chips="705" dealer="0" win="45" bet="35" muck="1" rebuy="0" addon="0" merge="0" rebuychips="0" reg_code="5076506524"/>
<player seat="6" name="77jac" chips="433" dealer="1" win="0" bet="5" muck="1" rebuy="0" addon="0" merge="0" rebuychips="0" reg_code="5076508158"/>
<player seat="10" name="DANILOSTAR10" chips="362" dealer="0" win="0" bet="20" muck="1" rebuy="0" addon="0" merge="0" rebuychips="0" reg_code="5076508187"/>
</players>
</general>
<round no="0"><action no="1" player="DANILOSTAR10" type="15" discard="1" dealt="1" sum="5"/>
<action no="2" player="M1ky3ste92" type="15" sum="5"/>
<action no="3" player="77jac" type="15" discard="1" dealt="1" sum="5"/>
<action no="4" player="DANILOSTAR10" type="1" discard="1" dealt="1" sum="15"/>
<action no="5" player="M1ky3ste92" type="2" sum="30"/>
</round>
<round no="1"><cards type="Pocket" player="DANILOSTAR10">X X</cards>
<cards type="Pocket" player="77jac">X X</cards>
<cards type="Pocket" player="M1ky3ste92">H6 C9</cards>
<action no="6" player="77jac" type="0" discard="1" dealt="1" sum="0"/>
<action no="7" player="DANILOSTAR10" type="0" discard="1" dealt="1" sum="0"/>
</round>
</game>
<game gamecode="6544207037"><general><startdate>2025-11-29 13:05:06</startdate>
<round>1</round>
<failsafecounter/>
<players><player seat="6" name="77jac" chips="428" dealer="0" win="0" bet="35" muck="1" rebuy="0" addon="0" merge="0" rebuychips="0" reg_code="5076508158"/>
<player seat="10" name="DANILOSTAR10" chips="342" dealer="1" win="90" bet="342" muck="1" rebuy="0" addon="0" merge="0" rebuychips="0" reg_code="5076508187"/>
<player seat="3" name="M1ky3ste92" chips="730" dealer="0" win="0" bet="20" muck="1" rebuy="0" addon="0" merge="0" rebuychips="0" reg_code="5076506524"/>
</players>
</general>
<round no="0"><action no="1" player="M1ky3ste92" type="15" sum="5"/>
<action no="2" player="77jac" type="15" discard="1" dealt="1" sum="5"/>
<action no="3" player="DANILOSTAR10" type="15" discard="1" dealt="1" sum="5"/>
<action no="4" player="M1ky3ste92" type="1" sum="15"/>
<action no="5" player="77jac" type="2" discard="1" dealt="1" sum="30"/>
</round>
<round no="1"><cards type="Pocket" player="77jac">X X</cards>
<cards type="Pocket" player="DANILOSTAR10">X X</cards>
<cards type="Pocket" player="M1ky3ste92">C9 C5</cards>
<action no="6" player="DANILOSTAR10" type="23" discard="1" dealt="1" sum="337"/>
<action no="7" player="M1ky3ste92" type="0" sum="0"/>
<action no="8" player="77jac" type="0" discard="1" dealt="1" sum="0"/>
</round>
</game>
<game gamecode="6544207068"><general><startdate>2025-11-29 13:05:20</startdate>
<round>1</round>
<failsafecounter/>
<players><player seat="10" name="DANILOSTAR10" chips="397" dealer="0" win="0" bet="45" muck="1" rebuy="0" addon="0" merge="0" rebuychips="0" reg_code="5076508187"/>
<player seat="3" name="M1ky3ste92" chips="710" dealer="1" win="0" bet="5" muck="1" rebuy="0" addon="0" merge="0" rebuychips="0" reg_code="5076506524"/>
<player seat="6" name="77jac" chips="393" dealer="0" win="95" bet="125" muck="1" rebuy="0" addon="0" merge="0" rebuychips="0" reg_code="5076508158"/>
</players>
</general>
<round no="0"><action no="1" player="77jac" type="15" discard="1" dealt="1" sum="5"/>
<action no="2" player="DANILOSTAR10" type="15" discard="1" dealt="1" sum="5"/>
<action no="3" player="M1ky3ste92" type="15" sum="5"/>
<action no="4" player="77jac" type="1" discard="1" dealt="1" sum="20"/>
<action no="5" player="DANILOSTAR10" type="2" discard="1" dealt="1" sum="40"/>
</round>
<round no="1"><cards type="Pocket" player="M1ky3ste92">S9 D8</cards>
<cards type="Pocket" player="DANILOSTAR10">X X</cards>
<cards type="Pocket" player="77jac">X X</cards>
<action no="6" player="M1ky3ste92" type="0" sum="0"/>
<action no="7" player="77jac" type="23" discard="1" dealt="1" sum="120"/>
<action no="8" player="DANILOSTAR10" type="0" discard="1" dealt="1" sum="0"/>
</round>
</game>
<game gamecode="6544207089"><general><startdate>2025-11-29 13:05:30</startdate>
<round>1</round>
<failsafecounter/>
<players><player seat="3" name="M1ky3ste92" chips="705" dealer="0" win="0" bet="45" muck="1" rebuy="0" addon="0" merge="0" rebuychips="0" reg_code="5076506524"/>
<player seat="6" name="77jac" chips="443" dealer="1" win="749" bet="443" muck="0" rebuy="0" addon="0" merge="0" rebuychips="0" reg_code="5076508158"/>
<player seat="10" name="DANILOSTAR10" chips="352" dealer="0" win="0" bet="352" muck="1" rebuy="0" addon="0" merge="0" rebuychips="0" reg_code="5076508187"/>
</players>
</general>
<round no="0"><action no="1" player="DANILOSTAR10" type="15" discard="1" dealt="1" sum="5"/>
<action no="2" player="M1ky3ste92" type="15" sum="5"/>
<action no="3" player="77jac" type="15" discard="1" dealt="1" sum="5"/>
<action no="4" player="DANILOSTAR10" type="1" discard="1" dealt="1" sum="20"/>
<action no="5" player="M1ky3ste92" type="2" sum="40"/>
</round>
<round no="1"><cards type="Pocket" player="DANILOSTAR10">CK C9</cards>
<cards type="Pocket" player="77jac">DA S4</cards>
<cards type="Pocket" player="M1ky3ste92">CQ H9</cards>
<action no="6" player="77jac" type="23" discard="1" dealt="1" sum="438"/>
<action no="7" player="DANILOSTAR10" type="7" discard="1" dealt="1" sum="327"/>
<action no="8" player="M1ky3ste92" type="0" sum="0"/>
</round>
<round no="2"><cards type="Flop">HA C2 DJ</cards>
</round>
<round no="3"><cards type="Turn">S3</cards>
</round>
<round no="4"><cards type="River">C7</cards>
</round>
</game>
<game gamecode="6544207117"><general><startdate>2025-11-29 13:05:50</startdate>
<round>1</round>
<failsafecounter/>
<players><player seat="6" name="77jac" chips="840" dealer="0" win="250" bet="245" muck="1" rebuy="0" addon="0" merge="0" rebuychips="0" reg_code="5076508158"/>
<player seat="3" name="M1ky3ste92" chips="660" dealer="1" win="0" bet="125" muck="1" rebuy="0" addon="0" merge="0" rebuychips="0" reg_code="5076506524"/>
</players>
</general>
<round no="0"><action no="1" player="M1ky3ste92" type="15" sum="5"/>
<action no="2" player="77jac" type="15" discard="1" dealt="1" sum="5"/>
<action no="3" player="M1ky3ste92" type="1" sum="20"/>
<action no="4" player="77jac" type="2" discard="1" dealt="1" sum="40"/>
</round>
<round no="1"><cards type="Pocket" player="M1ky3ste92">DJ D9</cards>
<cards type="Pocket" player="77jac">X X</cards>
<action no="5" player="M1ky3ste92" type="3" sum="20"/>
<action no="6" player="77jac" type="4" discard="1" dealt="1" sum="0"/>
</round>
<round no="2"><cards type="Flop">H3 D3 H10</cards>
<action no="7" player="77jac" type="5" discard="1" dealt="1" sum="40"/>
<action no="8" player="M1ky3ste92" type="3" sum="40"/>
</round>
<round no="3"><cards type="Turn">S9</cards>
<action no="9" player="77jac" type="5" discard="1" dealt="1" sum="40"/>
<action no="10" player="M1ky3ste92" type="3" sum="40"/>
</round>
<round no="4"><cards type="River">HA</cards>
<action no="11" player="77jac" type="5" discard="1" dealt="1" sum="120"/>
<action no="12" player="M1ky3ste92" type="0" sum="0"/>
</round>
</game>
<game gamecode="6544207157"><general><startdate>2025-11-29 13:06:14</startdate>
<round>1</round>
<failsafecounter/>
<players><player seat="3" name="M1ky3ste92" chips="535" dealer="0" win="535" bet="535" muck="0" rebuy="0" addon="0" merge="0" rebuychips="0" reg_code="5076506524"/>
<player seat="6" name="77jac" chips="965" dealer="1" win="535" bet="965" muck="0" rebuy="0" addon="0" merge="0" rebuychips="0" reg_code="5076508158"/>
</players>
</general>
<round no="0"><action no="1" player="77jac" type="15" discard="1" dealt="1" sum="5"/>
<action no="2" player="M1ky3ste92" type="15" sum="5"/>
<action no="3" player="77jac" type="1" discard="1" dealt="1" sum="20"/>
<action no="4" player="M1ky3ste92" type="2" sum="40"/>
</round>
<round no="1"><cards type="Pocket" player="M1ky3ste92">HA H2</cards>
<cards type="Pocket" player="77jac">S7 SA</cards>
<action no="5" player="77jac" type="23" discard="1" dealt="1" sum="120"/>
<action no="6" player="M1ky3ste92" type="3" sum="80"/>
</round>
<round no="2"><cards type="Flop">CA D5 DK</cards>
<action no="7" player="M1ky3ste92" type="4" sum="0"/>
<action no="8" player="77jac" type="5" discard="1" dealt="1" sum="120"/>
<action no="9" player="M1ky3ste92" type="3" sum="120"/>
</round>
<round no="3"><cards type="Turn">DQ</cards>
<action no="10" player="M1ky3ste92" type="4" sum="0"/>
<action no="11" player="77jac" type="5" discard="1" dealt="1" sum="720"/>
<action no="12" player="M1ky3ste92" type="7" sum="290"/>
</round>
<round no="4"><cards type="River">S8</cards>
</round>
</game>
<game gamecode="6544210913"><general><startdate>2025-11-29 13:06:49</startdate>
<round>1</round>
<failsafecounter/>
<players><player seat="6" name="77jac" chips="965" dealer="0" win="0" bet="45" muck="1" rebuy="0" addon="0" merge="0" rebuychips="0" reg_code="5076508158"/>
<player seat="3" name="M1ky3ste92" chips="535" dealer="1" win="90" bet="85" muck="1" rebuy="0" addon="0" merge="0" rebuychips="0" reg_code="5076506524"/>
</players>
</general>
<round no="0"><action no="1" player="M1ky3ste92" type="15" sum="5"/>
<action no="2" player="77jac" type="15" discard="1" dealt="1" sum="5"/>
<action no="3" player="M1ky3ste92" type="1" sum="20"/>
<action no="4" player="77jac" type="2" discard="1" dealt="1" sum="40"/>
</round>
<round no="1"><cards type="Pocket" player="77jac">X X</cards>
<cards type="Pocket" player="M1ky3ste92">S7 C8</cards>
<action no="5" player="M1ky3ste92" type="3" sum="20"/>
<action no="6" player="77jac" type="4" discard="1" dealt="1" sum="0"/>
</round>
<round no="2"><cards type="Flop">S2 D4 D8</cards>
<action no="7" player="77jac" type="4" discard="1" dealt="1" sum="0"/>
<action no="8" player="M1ky3ste92" type="5" sum="40"/>
<action no="9" player="77jac" type="0" discard="1" dealt="1" sum="0"/>
</round>
</game>
<game gamecode="6544210930"><general><startdate>2025-11-29 13:07:00</startdate>
<round>1</round>
<failsafecounter/>
<players><player seat="3" name="M1ky3ste92" chips="580" dealer="0" win="0" bet="65" muck="1" rebuy="0" addon="0" merge="0" rebuychips="0" reg_code="5076506524"/>
<player seat="6" name="77jac" chips="920" dealer="1" win="130" bet="125" muck="1" rebuy="0" addon="0" merge="0" rebuychips="0" reg_code="5076508158"/>
</players>
</general>
<round no="0"><action no="1" player="77jac" type="15" discard="1" dealt="1" sum="5"/>
<action no="2" player="M1ky3ste92" type="15" sum="5"/>
<action no="3" player="77jac" type="1" discard="1" dealt="1" sum="30"/>
<action no="4" player="M1ky3ste92" type="2" sum="60"/>
</round>
<round no="1"><cards type="Pocket" player="M1ky3ste92">SJ C5</cards>
<cards type="Pocket" player="77jac">X X</cards>
<action no="5" player="77jac" type="23" discard="1" dealt="1" sum="120"/>
<action no="6" player="M1ky3ste92" type="0" sum="0"/>
</round>
</game>
<game gamecode="6544210945"><general><startdate>2025-11-29 13:07:09</startdate>
<round>1</round>
<failsafecounter/>
<players><player seat="6" name="77jac" chips="985" dealer="0" win="0" bet="65" muck="1" rebuy="0" addon="0" merge="0" rebuychips="0" reg_code="5076508158"/>
<player seat="3" name="M1ky3ste92" chips="515" dealer="1" win="130" bet="515" muck="1" rebuy="0" addon="0" merge="0" rebuychips="0" reg_code="5076506524"/>
</players>
</general>
<round no="0"><action no="1" player="M1ky3ste92" type="15" sum="5"/>
<action no="2" player="77jac" type="15" discard="1" dealt="1" sum="5"/>
<action no="3" player="M1ky3ste92" type="1" sum="30"/>
<action no="4" player="77jac" type="2" discard="1" dealt="1" sum="60"/>
</round>
<round no="1"><cards type="Pocket" player="M1ky3ste92">S8 SJ</cards>
<cards type="Pocket" player="77jac">X X</cards>
<action no="5" player="M1ky3ste92" type="23" sum="510"/>
<action no="6" player="77jac" type="0" discard="1" dealt="1" sum="0"/>
</round>
</game>
<game gamecode="6544210958"><general><startdate>2025-11-29 13:07:18</startdate>
<round>1</round>
<failsafecounter/>
<players><player seat="3" name="M1ky3ste92" chips="580" dealer="0" win="0" bet="125" muck="1" rebuy="0" addon="0" merge="0" rebuychips="0" reg_code="5076506524"/>
<player seat="6" name="77jac" chips="920" dealer="1" win="250" bet="185" muck="1" rebuy="0" addon="0" merge="0" rebuychips="0" reg_code="5076508158"/>
</players>
</general>
<round no="0"><action no="1" player="77jac" type="15" discard="1" dealt="1" sum="5"/>
<action no="2" player="M1ky3ste92" type="15" sum="5"/>
<action no="3" player="77jac" type="1" discard="1" dealt="1" sum="30"/>
<action no="4" player="M1ky3ste92" type="2" sum="60"/>
</round>
<round no="1"><cards type="Pocket" player="M1ky3ste92">S3 D7</cards>
<cards type="Pocket" player="77jac">X X</cards>
<action no="5" player="77jac" type="3" discard="1" dealt="1" sum="30"/>
<action no="6" player="M1ky3ste92" type="4" sum="0"/>
</round>
<round no="2"><cards type="Flop">CA H7 DK</cards>
<action no="7" player="M1ky3ste92" type="4" sum="0"/>
<action no="8" player="77jac" type="5" discard="1" dealt="1" sum="60"/>
<action no="9" player="M1ky3ste92" type="3" sum="60"/>
</round>
<round no="3"><cards type="Turn">H10</cards>
<action no="10" player="M1ky3ste92" type="4" sum="0"/>
<action no="11" player="77jac" type="5" discard="1" dealt="1" sum="60"/>
<action no="12" player="M1ky3ste92" type="0" sum="0"/>
</round>
</game>
<game gamecode="6544211000"><general><startdate>2025-11-29 13:07:46</startdate>
<round>1</round>
<failsafecounter/>
<players><player seat="6" name="77jac" chips="1,045" dealer="0" win="0" bet="65" muck="1" rebuy="0" addon="0" merge="0" rebuychips="0" reg_code="5076508158"/>
<player seat="3" name="M1ky3ste92" chips="455" dealer="1" win="130" bet="455" muck="1" rebuy="0" addon="0" merge="0" rebuychips="0" reg_code="5076506524"/>
</players>
</general>
<round no="0"><action no="1" player="M1ky3ste92" type="15" sum="5"/>
<action no="2" player="77jac" type="15" discard="1" dealt="1" sum="5"/>
<action no="3" player="M1ky3ste92" type="1" sum="30"/>
<action no="4" player="77jac" type="2" discard="1" dealt="1" sum="60"/>
</round>
<round no="1"><cards type="Pocket" player="M1ky3ste92">H3 CA</cards>
<cards type="Pocket" player="77jac">X X</cards>
<action no="5" player="M1ky3ste92" type="23" sum="450"/>
<action no="6" player="77jac" type="0" discard="1" dealt="1" sum="0"/>
</round>
</game>
<game gamecode="6544211012"><general><startdate>2025-11-29 13:07:55</startdate>
<round>1</round>
<failsafecounter/>
<players><player seat="3" name="M1ky3ste92" chips="520" dealer="0" win="0" bet="65" muck="1" rebuy="0" addon="0" merge="0" rebuychips="0" reg_code="5076506524"/>
<player seat="6" name="77jac" chips="980" dealer="1" win="130" bet="125" muck="1" rebuy="0" addon="0" merge="0" rebuychips="0" reg_code="5076508158"/>
</players>
</general>
<round no="0"><action no="1" player="77jac" type="15" discard="1" dealt="1" sum="5"/>
<action no="2" player="M1ky3ste92" type="15" sum="5"/>
<action no="3" player="77jac" type="1" discard="1" dealt="1" sum="30"/>
<action no="4" player="M1ky3ste92" type="2" sum="60"/>
</round>
<round no="1"><cards type="Pocket" player="77jac">X X</cards>
<cards type="Pocket" player="M1ky3ste92">D6 H7</cards>
<action no="5" player="77jac" type="23" discard="1" dealt="1" sum="120"/>
<action no="6" player="M1ky3ste92" type="0" sum="0"/>
</round>
</game>
<game gamecode="6544211035"><general><startdate>2025-11-29 13:08:10</startdate>
<round>1</round>
<failsafecounter/>
<players><player seat="6" name="77jac" chips="1,045" dealer="0" win="0" bet="65" muck="1" rebuy="0" addon="0" merge="0" rebuychips="0" reg_code="5076508158"/>
<player seat="3" name="M1ky3ste92" chips="455" dealer="1" win="130" bet="125" muck="1" rebuy="0" addon="0" merge="0" rebuychips="0" reg_code="5076506524"/>
</players>
</general>
<round no="0"><action no="1" player="M1ky3ste92" type="15" sum="5"/>
<action no="2" player="77jac" type="15" discard="1" dealt="1" sum="5"/>
<action no="3" player="M1ky3ste92" type="1" sum="30"/>
<action no="4" player="77jac" type="2" discard="1" dealt="1" sum="60"/>
</round>
<round no="1"><cards type="Pocket" player="M1ky3ste92">H6 S10</cards>
<cards type="Pocket" player="77jac">X X</cards>
<action no="5" player="M1ky3ste92" type="3" sum="30"/>
<action no="6" player="77jac" type="4" discard="1" dealt="1" sum="0"/>
</round>
<round no="2"><cards type="Flop">H2 C6 SK</cards>
<action no="7" player="77jac" type="4" discard="1" dealt="1" sum="0"/>
<action no="8" player="M1ky3ste92" type="5" sum="60"/>
<action no="9" player="77jac" type="0" discard="1" dealt="1" sum="0"/>
</round>
</game>
<game gamecode="6544211062"><general><startdate>2025-11-29 13:08:32</startdate>
<round>1</round>
<failsafecounter/>
<players><player seat="3" name="M1ky3ste92" chips="520" dealer="0" win="336" bet="520" muck="1" rebuy="0" addon="0" merge="0" rebuychips="0" reg_code="5076506524"/>
<player seat="6" name="77jac" chips="980" dealer="1" win="0" bet="168" muck="1" rebuy="0" addon="0" merge="0" rebuychips="0" reg_code="5076508158"/>
</players>
</general>
<round no="0"><action no="1" player="77jac" type="15" discard="1" dealt="1" sum="8"/>
<action no="2" player="M1ky3ste92" type="15" sum="8"/>
<action no="3" player="77jac" type="1" discard="1" dealt="1" sum="40"/>
<action no="4" player="M1ky3ste92" type="2" sum="80"/>
</round>
<round no="1"><cards type="Pocket" player="M1ky3ste92">H4 HJ</cards>
<cards type="Pocket" player="77jac">X X</cards>
<action no="5" player="77jac" type="3" discard="1" dealt="1" sum="40"/>
<action no="6" player="M1ky3ste92" type="4" sum="0"/>
</round>
<round no="2"><cards type="Flop">H7 S10 HK</cards>
<action no="7" player="M1ky3ste92" type="4" sum="0"/>
<action no="8" player="77jac" type="5" discard="1" dealt="1" sum="80"/>
<action no="9" player="M1ky3ste92" type="23" sum="432"/>
<action no="10" player="77jac" type="0" discard="1" dealt="1" sum="0"/>
</round>
</game>
<game gamecode="6544211096"><general><startdate>2025-11-29 13:08:55</startdate>
<round>1</round>
<failsafecounter/>
<players><player seat="6" name="77jac" chips="812" dealer="0" win="176" bet="168" muck="1" rebuy="0" addon="0" merge="0" rebuychips="0" reg_code="5076508158"/>
<player seat="3" name="M1ky3ste92" chips="688" dealer="1" win="0" bet="88" muck="1" rebuy="0" addon="0" merge="0" rebuychips="0" reg_code="5076506524"/>
</players>
</general>
<round no="0"><action no="1" player="M1ky3ste92" type="15" sum="8"/>
<action no="2" player="77jac" type="15" discard="1" dealt="1" sum="8"/>
<action no="3" player="M1ky3ste92" type="1" sum="40"/>
<action no="4" player="77jac" type="2" discard="1" dealt="1" sum="80"/>
</round>
<round no="1"><cards type="Pocket" player="77jac">X X</cards>
<cards type="Pocket" player="M1ky3ste92">C8 S10</cards>
<action no="5" player="M1ky3ste92" type="3" sum="40"/>
<action no="6" player="77jac" type="4" discard="1" dealt="1" sum="0"/>
</round>
<round no="2"><cards type="Flop">DJ DK C7</cards>
<action no="7" player="77jac" type="5" discard="1" dealt="1" sum="80"/>
<action no="8" player="M1ky3ste92" type="0" sum="0"/>
</round>
</game>
<game gamecode="6544211120"><general><startdate>2025-11-29 13:09:12</startdate>
<round>1</round>
<failsafecounter/>
<players><player seat="3" name="M1ky3ste92" chips="600" dealer="0" win="96" bet="88" muck="1" rebuy="0" addon="0" merge="0" rebuychips="0" reg_code="5076506524"/>
<player seat="6" name="77jac" chips="900" dealer="1" win="0" bet="48" muck="1" rebuy="0" addon="0" merge="0" rebuychips="0" reg_code="5076508158"/>
</players>
</general>
<round no="0"><action no="1" player="77jac" type="15" discard="1" dealt="1" sum="8"/>
<action no="2" player="M1ky3ste92" type="15" sum="8"/>
<action no="3" player="77jac" type="1" discard="1" dealt="1" sum="40"/>
<action no="4" player="M1ky3ste92" type="2" sum="80"/>
</round>
<round no="1"><cards type="Pocket" player="77jac">X X</cards>
<cards type="Pocket" player="M1ky3ste92">C2 D9</cards>
<action no="5" player="77jac" type="0" discard="1" dealt="1" sum="0"/>
</round>
</game>
<game gamecode="6544211135"><general><startdate>2025-11-29 13:09:18</startdate>
<round>1</round>
<failsafecounter/>
<players><player seat="6" name="77jac" chips="852" dealer="0" win="0" bet="328" muck="1" rebuy="0" addon="0" merge="0" rebuychips="0" reg_code="5076508158"/>
<player seat="3" name="M1ky3ste92" chips="648" dealer="1" win="656" bet="648" muck="1" rebuy="0" addon="0" merge="0" rebuychips="0" reg_code="5076506524"/>
</players>
</general>
<round no="0"><action no="1" player="M1ky3ste92" type="15" sum="8"/>
<action no="2" player="77jac" type="15" discard="1" dealt="1" sum="8"/>
<action no="3" player="M1ky3ste92" type="1" sum="40"/>
<action no="4" player="77jac" type="2" discard="1" dealt="1" sum="80"/>
</round>
<round no="1"><cards type="Pocket" player="M1ky3ste92">SA DA</cards>
<cards type="Pocket" player="77jac">X X</cards>
<action no="5" player="M1ky3ste92" type="3" sum="40"/>
<action no="6" player="77jac" type="4" discard="1" dealt="1" sum="0"/>
</round>
<round no="2"><cards type="Flop">H4 S9 S5</cards>
<action no="7" player="77jac" type="4" discard="1" dealt="1" sum="0"/>
<action no="8" player="M1ky3ste92" type="5" sum="80"/>
<action no="9" player="77jac" type="3" discard="1" dealt="1" sum="80"/>
</round>
<round no="3"><cards type="Turn">H9</cards>
<action no="10" player="77jac" type="4" discard="1" dealt="1" sum="0"/>
<action no="11" player="M1ky3ste92" type="5" sum="160"/>
<action no="12" player="77jac" type="3" discard="1" dealt="1" sum="160"/>
</round>
<round no="4"><cards type="River">HQ</cards>
<action no="13" player="77jac" type="4" discard="1" dealt="1" sum="0"/>
<action no="14" player="M1ky3ste92" type="5" sum="320"/>
<action no="15" player="77jac" type="0" discard="1" dealt="1" sum="0"/>
</round>
</game>
<game gamecode="6544211166"><general><startdate>2025-11-29 13:09:40</startdate>
<round>1</round>
<failsafecounter/>
<players><player seat="3" name="M1ky3ste92" chips="976" dealer="0" win="0" bet="976" muck="0" rebuy="0" addon="0" merge="0" rebuychips="0" reg_code="5076506524"/>
<player seat="6" name="77jac" chips="524" dealer="1" win="1,048" bet="524" muck="0" rebuy="0" addon="0" merge="0" rebuychips="0" reg_code="5076508158"/>
</players>
</general>
<round no="0"><action no="1" player="77jac" type="15" discard="1" dealt="1" sum="8"/>
<action no="2" player="M1ky3ste92" type="15" sum="8"/>
<action no="3" player="77jac" type="1" discard="1" dealt="1" sum="40"/>
<action no="4" player="M1ky3ste92" type="2" sum="80"/>
</round>
<round no="1"><cards type="Pocket" player="M1ky3ste92">D8 DA</cards>
<cards type="Pocket" player="77jac">CA HQ</cards>
<action no="5" player="77jac" type="23" discard="1" dealt="1" sum="160"/>
<action no="6" player="M1ky3ste92" type="23" sum="968"/>
<action no="7" player="77jac" type="7" discard="1" dealt="1" sum="356"/>
</round>
<round no="2"><cards type="Flop">SQ C4 C9</cards>
</round>
<round no="3"><cards type="Turn">S10</cards>
</round>
<round no="4"><cards type="River">C8</cards>
</round>
</game>
<game gamecode="6544211192"><general><startdate>2025-11-29 13:09:59</startdate>
<round>1</round>
<failsafecounter/>
<players><player seat="6" name="77jac" chips="1,048" dealer="0" win="176" bet="248" muck="1" rebuy="0" addon="0" merge="0" rebuychips="0" reg_code="5076508158"/>
<player seat="3" name="M1ky3ste92" chips="452" dealer="1" win="0" bet="88" muck="1" rebuy="0" addon="0" merge="0" rebuychips="0" reg_code="5076506524"/>
</players>
</general>
<round no="0"><action no="1" player="M1ky3ste92" type="15" sum="8"/>
<action no="2" player="77jac" type="15" discard="1" dealt="1" sum="8"/>
<action no="3" player="M1ky3ste92" type="1" sum="40"/>
<action no="4" player="77jac" type="2" discard="1" dealt="1" sum="80"/>
</round>
<round no="1"><cards type="Pocket" player="77jac">X X</cards>
<cards type="Pocket" player="M1ky3ste92">H10 C5</cards>
<action no="5" player="M1ky3ste92" type="3" sum="40"/>
<action no="6" player="77jac" type="23" discard="1" dealt="1" sum="240"/>
<action no="7" player="M1ky3ste92" type="0" sum="0"/>
</round>
</game>
<game gamecode="6544211215"><general><startdate>2025-11-29 13:10:15</startdate>
<round>1</round>
<failsafecounter/>
<players><player seat="3" name="M1ky3ste92" chips="364" dealer="0" win="728" bet="364" muck="0" rebuy="0" addon="0" merge="0" rebuychips="0" reg_code="5076506524"/>
<player seat="6" name="77jac" chips="1,136" dealer="1" win="0" bet="1,136" muck="1" rebuy="0" addon="0" merge="0" rebuychips="0" reg_code="5076508158"/>
</players>
</general>
<round no="0"><action no="1" player="77jac" type="15" discard="1" dealt="1" sum="10"/>
<action no="2" player="M1ky3ste92" type="15" sum="10"/>
<action no="3" player="77jac" type="1" discard="1" dealt="1" sum="50"/>
<action no="4" player="M1ky3ste92" type="2" sum="100"/>
</round>
<round no="1"><cards type="Pocket" player="M1ky3ste92">H5 S10</cards>
<cards type="Pocket" player="77jac">S9 SK</cards>
<action no="5" player="77jac" type="23" discard="1" dealt="1" sum="1,126"/>
<action no="6" player="M1ky3ste92" type="7" sum="254"/>
</round>
<round no="2"><cards type="Flop">D9 D10 D8</cards>
</round>
<round no="3"><cards type="Turn">H6</cards>
</round>
<round no="4"><cards type="River">CA</cards>
</round>
</game>
<game gamecode="6544211241"><general><startdate>2025-11-29 13:10:31</startdate>
<round>1</round>
<failsafecounter/>
<players><player seat="6" name="77jac" chips="772" dealer="0" win="0" bet="110" muck="1" rebuy="0" addon="0" merge="0" rebuychips="0" reg_code="5076508158"/>
<player seat="3" name="M1ky3ste92" chips="728" dealer="1" win="220" bet="210" muck="1" rebuy="0" addon="0" merge="0" rebuychips="0" reg_code="5076506524"/>
</players>
</general>
<round no="0"><action no="1" player="M1ky3ste92" type="15" sum="10"/>
<action no="2" player="77jac" type="15" discard="1" dealt="1" sum="10"/>
<action no="3" player="M1ky3ste92" type="1" sum="50"/>
<action no="4" player="77jac" type="2" discard="1" dealt="1" sum="100"/>
</round>
<round no="1"><cards type="Pocket" player="M1ky3ste92">HJ D4</cards>
<cards type="Pocket" player="77jac">X X</cards>
<action no="5" player="M1ky3ste92" type="3" sum="50"/>
<action no="6" player="77jac" type="4" discard="1" dealt="1" sum="0"/>
</round>
<round no="2"><cards type="Flop">CQ CA D5</cards>
<action no="7" player="77jac" type="4" discard="1" dealt="1" sum="0"/>
<action no="8" player="M1ky3ste92" type="5" sum="100"/>
<action no="9" player="77jac" type="0" discard="1" dealt="1" sum="0"/>
</round>
</game>
<game gamecode="6544211266"><general><startdate>2025-11-29 13:10:48</startdate>
<round>1</round>
<failsafecounter/>
<players><player seat="3" name="M1ky3ste92" chips="838" dealer="0" win="120" bet="110" muck="1" rebuy="0" addon="0" merge="0" rebuychips="0" reg_code="5076506524"/>
<player seat="6" name="77jac" chips="662" dealer="1" win="0" bet="60" muck="1" rebuy="0" addon="0" merge="0" rebuychips="0" reg_code="5076508158"/>
</players>
</general>
<round no="0"><action no="1" player="77jac" type="15" discard="1" dealt="1" sum="10"/>
<action no="2" player="M1ky3ste92" type="15" sum="10"/>
<action no="3" player="77jac" type="1" discard="1" dealt="1" sum="50"/>
<action no="4" player="M1ky3ste92" type="2" sum="100"/>
</round>
<round no="1"><cards type="Pocket" player="M1ky3ste92">D5 D8</cards>
<cards type="Pocket" player="77jac">X X</cards>
<action no="5" player="77jac" type="0" discard="1" dealt="1" sum="0"/>
</round>
</game>
<game gamecode="6544211279"><general><startdate>2025-11-29 13:10:54</startdate>
<round>1</round>
<failsafecounter/>
<players><player seat="6" name="77jac" chips="602" dealer="0" win="602" bet="602" muck="0" rebuy="0" addon="0" merge="0" rebuychips="0" reg_code="5076508158"/>
<player seat="3" name="M1ky3ste92" chips="898" dealer="1" win="602" bet="898" muck="0" rebuy="0" addon="0" merge="0" rebuychips="0" reg_code="5076506524"/>
</players>
</general>
<round no="0"><action no="1" player="M1ky3ste92" type="15" sum="10"/>
<action no="2" player="77jac" type="15" discard="1" dealt="1" sum="10"/>
<action no="3" player="M1ky3ste92" type="1" sum="50"/>
<action no="4" player="77jac" type="2" discard="1" dealt="1" sum="100"/>
</round>
<round no="1"><cards type="Pocket" player="M1ky3ste92">S2 HA</cards>
<cards type="Pocket" player="77jac">S7 CA</cards>
<action no="5" player="M1ky3ste92" type="23" sum="888"/>
<action no="6" player="77jac" type="7" discard="1" dealt="1" sum="492"/>
</round>
<round no="2"><cards type="Flop">C8 HK D9</cards>
</round>
<round no="3"><cards type="Turn">D3</cards>
</round>
<round no="4"><cards type="River">H9</cards>
</round>
</game>
<game gamecode="6544211301"><general><startdate>2025-11-29 13:11:12</startdate>
<round>1</round>
<failsafecounter/>
<players><player seat="3" name="M1ky3ste92" chips="898" dealer="0" win="0" bet="110" muck="1" rebuy="0" addon="0" merge="0" rebuychips="0" reg_code="5076506524"/>
<player seat="6" name="77jac" chips="602" dealer="1" win="220" bet="602" muck="1" rebuy="0" addon="0" merge="0" rebuychips="0" reg_code="5076508158"/>
</players>
</general>
<round no="0"><action no="1" player="77jac" type="15" discard="1" dealt="1" sum="10"/>
<action no="2" player="M1ky3ste92" type="15" sum="10"/>
<action no="3" player="77jac" type="1" discard="1" dealt="1" sum="50"/>
<action no="4" player="M1ky3ste92" type="2" sum="100"/>
</round>
<round no="1"><cards type="Pocket" player="77jac">X X</cards>
<cards type="Pocket" player="M1ky3ste92">H10 D2</cards>
<action no="5" player="77jac" type="23" discard="1" dealt="1" sum="592"/>
<action no="6" player="M1ky3ste92" type="0" sum="0"/>
</round>
</game>
<game gamecode="6544211311"><general><startdate>2025-11-29 13:11:22</startdate>
<round>1</round>
<failsafecounter/>
<players><player seat="6" name="77jac" chips="712" dealer="0" win="0" bet="110" muck="1" rebuy="0" addon="0" merge="0" rebuychips="0" reg_code="5076508158"/>
<player seat="3" name="M1ky3ste92" chips="788" dealer="1" win="220" bet="788" muck="1" rebuy="0" addon="0" merge="0" rebuychips="0" reg_code="5076506524"/>
</players>
</general>
<round no="0"><action no="1" player="M1ky3ste92" type="15" sum="10"/>
<action no="2" player="77jac" type="15" discard="1" dealt="1" sum="10"/>
<action no="3" player="M1ky3ste92" type="1" sum="50"/>
<action no="4" player="77jac" type="2" discard="1" dealt="1" sum="100"/>
</round>
<round no="1"><cards type="Pocket" player="M1ky3ste92">H5 CK</cards>
<cards type="Pocket" player="77jac">X X</cards>
<action no="5" player="M1ky3ste92" type="23" sum="778"/>
<action no="6" player="77jac" type="0" discard="1" dealt="1" sum="0"/>
</round>
</game>
<game gamecode="6544211326"><general><startdate>2025-11-29 13:11:30</startdate>
<round>1</round>
<failsafecounter/>
<players><player seat="3" name="M1ky3ste92" chips="898" dealer="0" win="120" bet="110" muck="1" rebuy="0" addon="0" merge="0" rebuychips="0" reg_code="5076506524"/>
<player seat="6" name="77jac" chips="602" dealer="1" win="0" bet="60" muck="1" rebuy="0" addon="0" merge="0" rebuychips="0" reg_code="5076508158"/>
</players>
</general>
<round no="0"><action no="1" player="77jac" type="15" discard="1" dealt="1" sum="10"/>
<action no="2" player="M1ky3ste92" type="15" sum="10"/>
<action no="3" player="77jac" type="1" discard="1" dealt="1" sum="50"/>
<action no="4" player="M1ky3ste92" type="2" sum="100"/>
</round>
<round no="1"><cards type="Pocket" player="77jac">X X</cards>
<cards type="Pocket" player="M1ky3ste92">HK C2</cards>
<action no="5" player="77jac" type="0" discard="1" dealt="1" sum="0"/>
</round>
</game>
<game gamecode="6544211332"><general><startdate>2025-11-29 13:11:35</startdate>
<round>1</round>
<failsafecounter/>
<players><player seat="6" name="77jac" chips="542" dealer="0" win="120" bet="110" muck="1" rebuy="0" addon="0" merge="0" rebuychips="0" reg_code="5076508158"/>
<player seat="3" name="M1ky3ste92" chips="958" dealer="1" win="0" bet="60" muck="1" rebuy="0" addon="0" merge="0" rebuychips="0" reg_code="5076506524"/>
</players>
</general>
<round no="0"><action no="1" player="M1ky3ste92" type="15" sum="10"/>
<action no="2" player="77jac" type="15" discard="1" dealt="1" sum="10"/>
<action no="3" player="M1ky3ste92" type="1" sum="50"/>
<action no="4" player="77jac" type="2" discard="1" dealt="1" sum="100"/>
</round>
<round no="1"><cards type="Pocket" player="M1ky3ste92">C8 H3</cards>
<cards type="Pocket" player="77jac">X X</cards>
<action no="5" player="M1ky3ste92" type="0" sum="0"/>
</round>
</game>
<game gamecode="6544211340"><general><startdate>2025-11-29 13:11:42</startdate>
<round>1</round>
<failsafecounter/>
<players><player seat="3" name="M1ky3ste92" chips="898" dealer="0" win="0" bet="110" muck="1" rebuy="0" addon="0" merge="0" rebuychips="0" reg_code="5076506524"/>
<player seat="6" name="77jac" chips="602" dealer="1" win="220" bet="602" muck="1" rebuy="0" addon="0" merge="0" rebuychips="0" reg_code="5076508158"/>
</players>
</general>
<round no="0"><action no="1" player="77jac" type="15" discard="1" dealt="1" sum="10"/>
<action no="2" player="M1ky3ste92" type="15" sum="10"/>
<action no="3" player="77jac" type="1" discard="1" dealt="1" sum="50"/>
<action no="4" player="M1ky3ste92" type="2" sum="100"/>
</round>
<round no="1"><cards type="Pocket" player="M1ky3ste92">C10 S3</cards>
<cards type="Pocket" player="77jac">X X</cards>
<action no="5" player="77jac" type="23" discard="1" dealt="1" sum="592"/>
<action no="6" player="M1ky3ste92" type="0" sum="0"/>
</round>
</game>
<game gamecode="6544211357"><general><startdate>2025-11-29 13:11:54</startdate>
<round>1</round>
<failsafecounter/>
<players><player seat="6" name="77jac" chips="712" dealer="0" win="140" bet="130" muck="1" rebuy="0" addon="0" merge="0" rebuychips="0" reg_code="5076508158"/>
<player seat="3" name="M1ky3ste92" chips="788" dealer="1" win="0" bet="70" muck="1" rebuy="0" addon="0" merge="0" rebuychips="0" reg_code="5076506524"/>
</players>
</general>
<round no="0"><action no="1" player="M1ky3ste92" type="15" sum="10"/>
<action no="2" player="77jac" type="15" discard="1" dealt="1" sum="10"/>
<action no="3" player="M1ky3ste92" type="1" sum="60"/>
<action no="4" player="77jac" type="2" discard="1" dealt="1" sum="120"/>
</round>
<round no="1"><cards type="Pocket" player="M1ky3ste92">C9 D4</cards>
<cards type="Pocket" player="77jac">X X</cards>
<action no="5" player="M1ky3ste92" type="0" sum="0"/>
</round>
</game>
<game gamecode="6544211365"><general><startdate>2025-11-29 13:11:59</startdate>
<round>1</round>
<failsafecounter/>
<players><player seat="3" name="M1ky3ste92" chips="718" dealer="0" win="140" bet="130" muck="1" rebuy="0" addon="0" merge="0" rebuychips="0" reg_code="5076506524"/>
<player seat="6" name="77jac" chips="782" dealer="1" win="0" bet="70" muck="1" rebuy="0" addon="0" merge="0" rebuychips="0" reg_code="5076508158"/>
</players>
</general>
<round no="0"><action no="1" player="77jac" type="15" discard="1" dealt="1" sum="10"/>
<action no="2" player="M1ky3ste92" type="15" sum="10"/>
<action no="3" player="77jac" type="1" discard="1" dealt="1" sum="60"/>
<action no="4" player="M1ky3ste92" type="2" sum="120"/>
</round>
<round no="1"><cards type="Pocket" player="77jac">X X</cards>
<cards type="Pocket" player="M1ky3ste92">CK S9</cards>
<action no="5" player="77jac" type="0" discard="1" dealt="1" sum="0"/>
</round>
</game>
<game gamecode="6544211375"><general><startdate>2025-11-29 13:12:06</startdate>
<round>1</round>
<failsafecounter/>
<players><player seat="6" name="77jac" chips="712" dealer="0" win="1,424" bet="712" muck="0" rebuy="0" addon="0" merge="0" rebuychips="0" reg_code="5076508158"/>
<player seat="3" name="M1ky3ste92" chips="788" dealer="1" win="0" bet="788" muck="0" rebuy="0" addon="0" merge="0" rebuychips="0" reg_code="5076506524"/>
</players>
</general>
<round no="0"><action no="1" player="M1ky3ste92" type="15" sum="10"/>
<action no="2" player="77jac" type="15" discard="1" dealt="1" sum="10"/>
<action no="3" player="M1ky3ste92" type="1" sum="60"/>
<action no="4" player="77jac" type="2" discard="1" dealt="1" sum="120"/>
</round>
<round no="1"><cards type="Pocket" player="M1ky3ste92">C6 CA</cards>
<cards type="Pocket" player="77jac">C7 C9</cards>
<action no="5" player="M1ky3ste92" type="23" sum="778"/>
<action no="6" player="77jac" type="7" discard="1" dealt="1" sum="582"/>
</round>
<round no="2"><cards type="Flop">D9 C2 D8</cards>
</round>
<round no="3"><cards type="Turn">H3</cards>
</round>
<round no="4"><cards type="River">CK</cards>
</round>
</game>
<game gamecode="6544211407"><general><startdate>2025-11-29 13:12:26</startdate>
<round>1</round>
<failsafecounter/>
<players><player seat="3" name="M1ky3ste92" chips="76" dealer="0" win="152" bet="76" muck="0" rebuy="0" addon="0" merge="0" rebuychips="0" reg_code="5076506524"/>
<player seat="6" name="77jac" chips="1,424" dealer="1" win="0" bet="76" muck="1" rebuy="0" addon="0" merge="0" rebuychips="0" reg_code="5076508158"/>
</players>
</general>
<round no="0"><action no="1" player="77jac" type="15" discard="1" dealt="1" sum="10"/>
<action no="2" player="M1ky3ste92" type="15" sum="10"/>
<action no="3" player="77jac" type="1" discard="1" dealt="1" sum="60"/>
<action no="4" player="M1ky3ste92" type="2" sum="66"/>
</round>
<round no="1"><cards type="Pocket" player="M1ky3ste92">D7 DK</cards>
<cards type="Pocket" player="77jac">D8 C9</cards>
<action no="5" player="77jac" type="3" discard="1" dealt="1" sum="6"/>
</round>
<round no="2"><cards type="Flop">SA D2 C2</cards>
</round>
<round no="3"><cards type="Turn">SJ</cards>
</round>
<round no="4"><cards type="River">S4</cards>
</round>
</game>
<game gamecode="6544211426"><general><startdate>2025-11-29 13:12:40</startdate>
<round>1</round>
<failsafecounter/>
<players><player seat="6" name="77jac" chips="1,348" dealer="0" win="304" bet="152" muck="0" rebuy="0" addon="0" merge="0" rebuychips="0" reg_code="5076508158"/>
<player seat="3" name="M1ky3ste92" chips="152" dealer="1" win="0" bet="152" muck="0" rebuy="0" addon="0" merge="0" rebuychips="0" reg_code="5076506524"/>
</players>
</general>
<round no="0"><action no="1" player="M1ky3ste92" type="15" sum="10"/>
<action no="2" player="77jac" type="15" discard="1" dealt="1" sum="10"/>
<action no="3" player="M1ky3ste92" type="1" sum="60"/>
<action no="4" player="77jac" type="2" discard="1" dealt="1" sum="120"/>
</round>
<round no="1"><cards type="Pocket" player="M1ky3ste92">CQ H7</cards>
<cards type="Pocket" player="77jac">S6 CA</cards>
<action no="5" player="M1ky3ste92" type="7" sum="82"/>
<action no="6" player="77jac" type="3" discard="1" dealt="1" sum="22"/>
</round>
<round no="2"><cards type="Flop">H5 S8 C3</cards>
</round>
<round no="3"><cards type="Turn">SK</cards>
</round>
<round no="4"><cards type="River">C8</cards>
</round>
</game>
</session>
