<?xml version="1.0" encoding="UTF-8"?>
<session sessioncode="5076507839">
<general>
<client_version>25.7.1.34</client_version>
<mode>real</mode>
<gametype>Holdem NL</gametype>
<tablename>Twister €100 SNG, 822673033</tablename>
<tournamentcode>822673032</tournamentcode>
<tournamentname>Twister €100 SNG</tournamentname>
<buyin>€0 + €7 + €93</buyin>
<totalbuyin>€100</totalbuyin>
<rewarddrawn>€200</rewarddrawn>
<tournamentcurrency>EUR</tournamentcurrency>
<currency>EUR</currency>
<nickname>M1ky3ste92</nickname>
<gamecount>26</gamecount>
<startdate>2025-11-29 13:05:04</startdate>
<place>2</place>
<win>€0</win>
<tablesize>3</tablesize>
</general>
<game gamecode="6544207067"><general><startdate>2025-11-29 13:05:20</startdate>
<round>1</round>
<failsafecounter/>
<players><player seat="6" name="EA93" chips="500" dealer="0" win="0" bet="20" muck="1" rebuy="0" addon="0" merge="0" rebuychips="0" reg_code="5076508493"/>
<player seat="10" name="pso6" chips="500" dealer="1" win="50" bet="50" muck="1" rebuy="0" addon="0" merge="0" rebuychips="0" reg_code="5076508680"/>
<player seat="3" name="M1ky3ste92" chips="500" dealer="0" win="0" bet="10" muck="1" rebuy="0" addon="0" merge="0" rebuychips="0" reg_code="5076507839"/>
</players>
</general>
<round no="0"><action no="1" player="M1ky3ste92" type="1" sum="10"/>
<action no="2" player="EA93" type="2" discard="1" dealt="1" sum="20"/>
</round>
<round no="1"><cards type="Pocket" player="pso6">X X</cards>
<cards type="Pocket" player="EA93">X X</cards>
<cards type="Pocket" player="M1ky3ste92">C9 HJ</cards>
<action no="3" player="pso6" type="23" discard="1" dealt="1" sum="50"/>
<action no="4" player="M1ky3ste92" type="0" sum="0"/>
<action no="5" player="EA93" type="0" discard="1" dealt="1" sum="0"/>
</round>
</game>
<game gamecode="6544207087"><general><startdate>2025-11-29 13:05:30</startdate>
<round>1</round>
<failsafecounter/>
<players><player seat="10" name="pso6" chips="530" dealer="0" win="40" bet="40" muck="1" rebuy="0" addon="0" merge="0" rebuychips="0" reg_code="5076508680"/>
<player seat="3" name="M1ky3ste92" chips="490" dealer="1" win="0" bet="0" muck="1" rebuy="0" addon="0" merge="0" rebuychips="0" reg_code="5076507839"/>
<player seat="6" name="EA93" chips="480" dealer="0" win="0" bet="20" muck="1" rebuy="0" addon="0" merge="0" rebuychips="0" reg_code="5076508493"/>
</players>
</general>
<round no="0"><action no="1" player="EA93" type="1" discard="1" dealt="1" sum="10"/>
<action no="2" player="pso6" type="2" discard="1" dealt="1" sum="20"/>
</round>
<round no="1"><cards type="Pocket" player="M1ky3ste92">CA H4</cards>
<cards type="Pocket" player="EA93">X X</cards>
<cards type="Pocket" player="pso6">X X</cards>
<action no="3" player="M1ky3ste92" type="0" sum="0"/>
<action no="4" player="EA93" type="3" discard="1" dealt="1" sum="10"/>
<action no="5" player="pso6" type="4" discard="1" dealt="1" sum="0"/>
</round>
<round no="2"><cards type="Flop">H7 C9 S9</cards>
<action no="6" player="EA93" type="4" discard="1" dealt="1" sum="0"/>
<action no="7" player="pso6" type="4" discard="1" dealt="1" sum="0"/>
</round>
<round no="3"><cards type="Turn">S5</cards>
<action no="8" player="EA93" type="4" discard="1" dealt="1" sum="0"/>
<action no="9" player="pso6" type="5" discard="1" dealt="1" sum="20"/>
<action no="10" player="EA93" type="0" discard="1" dealt="1" sum="0"/>
</round>
</game>
<game gamecode="6544207127"><general><startdate>2025-11-29 13:05:56</startdate>
<round>1</round>
<failsafecounter/>
<players><player seat="3" name="M1ky3ste92" chips="490" dealer="0" win="930" bet="460" muck="0" rebuy="0" addon="0" merge="0" rebuychips="0" reg_code="5076507839"/>
<player seat="6" name="EA93" chips="460" dealer="1" win="0" bet="460" muck="0" rebuy="0" addon="0" merge="0" rebuychips="0" reg_code="5076508493"/>
<player seat="10" name="pso6" chips="550" dealer="0" win="0" bet="10" muck="1" rebuy="0" addon="0" merge="0" rebuychips="0" reg_code="5076508680"/>
</players>
</general>
<round no="0"><action no="1" player="pso6" type="1" discard="1" dealt="1" sum="10"/>
<action no="2" player="M1ky3ste92" type="2" sum="20"/>
</round>
<round no="1"><cards type="Pocket" player="pso6">X X</cards>
<cards type="Pocket" player="EA93">D4 SA</cards>
<cards type="Pocket" player="M1ky3ste92">CK D8</cards>
<action no="3" player="EA93" type="23" discard="1" dealt="1" sum="40"/>
<action no="4" player="pso6" type="0" discard="1" dealt="1" sum="0"/>
<action no="5" player="M1ky3ste92" type="3" sum="20"/>
</round>
<round no="2"><cards type="Flop">C8 C2 S4</cards>
<action no="6" player="M1ky3ste92" type="4" sum="0"/>
<action no="7" player="EA93" type="5" discard="1" dealt="1" sum="40"/>
<action no="8" player="M1ky3ste92" type="23" sum="140"/>
<action no="9" player="EA93" type="23" discard="1" dealt="1" sum="420"/>
<action no="10" player="M1ky3ste92" type="3" sum="280"/>
</round>
<round no="3"><cards type="Turn">D10</cards>
</round>
<round no="4"><cards type="River">D7</cards>
</round>
</game>
<game gamecode="6544210902"><general><startdate>2025-11-29 13:06:40</startdate>
<round>1</round>
<failsafecounter/>
<players><player seat="3" name="M1ky3ste92" chips="960" dealer="0" win="0" bet="20" muck="1" rebuy="0" addon="0" merge="0" rebuychips="0" reg_code="5076507839"/>
<player seat="10" name="pso6" chips="540" dealer="1" win="40" bet="40" muck="1" rebuy="0" addon="0" merge="0" rebuychips="0" reg_code="5076508680"/>
</players>
</general>
<round no="0"><action no="1" player="pso6" type="1" discard="1" dealt="1" sum="10"/>
<action no="2" player="M1ky3ste92" type="2" sum="20"/>
</round>
<round no="1"><cards type="Pocket" player="pso6">X X</cards>
<cards type="Pocket" player="M1ky3ste92">S4 C2</cards>
<action no="3" player="pso6" type="3" discard="1" dealt="1" sum="10"/>
<action no="4" player="M1ky3ste92" type="4" sum="0"/>
</round>
<round no="2"><cards type="Flop">HK S10 H6</cards>
<action no="5" player="M1ky3ste92" type="4" sum="0"/>
<action no="6" player="pso6" type="4" discard="1" dealt="1" sum="0"/>
</round>
<round no="3"><cards type="Turn">C9</cards>
<action no="7" player="M1ky3ste92" type="4" sum="0"/>
<action no="8" player="pso6" type="4" discard="1" dealt="1" sum="0"/>
</round>
<round no="4"><cards type="River">C5</cards>
<action no="9" player="M1ky3ste92" type="4" sum="0"/>
<action no="10" player="pso6" type="5" discard="1" dealt="1" sum="20"/>
<action no="11" player="M1ky3ste92" type="0" sum="0"/>
</round>
</game>
<game gamecode="6544210941"><general><startdate>2025-11-29 13:07:07</startdate>
<round>1</round>
<failsafecounter/>
<players><player seat="10" name="pso6" chips="560" dealer="0" win="70" bet="65" muck="1" rebuy="0" addon="0" merge="0" rebuychips="0" reg_code="5076508680"/>
<player seat="3" name="M1ky3ste92" chips="940" dealer="1" win="0" bet="35" muck="1" rebuy="0" addon="0" merge="0" rebuychips="0" reg_code="5076507839"/>
</players>
</general>
<round no="0"><action no="1" player="M1ky3ste92" type="15" sum="5"/>
<action no="2" player="pso6" type="15" discard="1" dealt="1" sum="5"/>
<action no="3" player="M1ky3ste92" type="1" sum="15"/>
<action no="4" player="pso6" type="2" discard="1" dealt="1" sum="30"/>
</round>
<round no="1"><cards type="Pocket" player="M1ky3ste92">CA H4</cards>
<cards type="Pocket" player="pso6">X X</cards>
<action no="5" player="M1ky3ste92" type="3" sum="15"/>
<action no="6" player="pso6" type="4" discard="1" dealt="1" sum="0"/>
</round>
<round no="2"><cards type="Flop">D3 S9 SJ</cards>
<action no="7" player="pso6" type="5" discard="1" dealt="1" sum="30"/>
<action no="8" player="M1ky3ste92" type="0" sum="0"/>
</round>
</game>
<game gamecode="6544210989"><general><startdate>2025-11-29 13:07:36</startdate>
<round>1</round>
<failsafecounter/>
<players><player seat="3" name="M1ky3ste92" chips="905" dealer="0" win="0" bet="70" muck="1" rebuy="0" addon="0" merge="0" rebuychips="0" reg_code="5076507839"/>
<player seat="10" name="pso6" chips="595" dealer="1" win="140" bet="140" muck="1" rebuy="0" addon="0" merge="0" rebuychips="0" reg_code="5076508680"/>
</players>
</general>
<round no="0"><action no="1" player="pso6" type="15" discard="1" dealt="1" sum="5"/>
<action no="2" player="M1ky3ste92" type="15" sum="5"/>
<action no="3" player="pso6" type="1" discard="1" dealt="1" sum="15"/>
<action no="4" player="M1ky3ste92" type="2" sum="30"/>
</round>
<round no="1"><cards type="Pocket" player="pso6">X X</cards>
<cards type="Pocket" player="M1ky3ste92">H7 C8</cards>
<action no="5" player="pso6" type="3" discard="1" dealt="1" sum="15"/>
<action no="6" player="M1ky3ste92" type="4" sum="0"/>
</round>
<round no="2"><cards type="Flop">D6 CJ C4</cards>
<action no="7" player="M1ky3ste92" type="4" sum="0"/>
<action no="8" player="pso6" type="5" discard="1" dealt="1" sum="35"/>
<action no="9" player="M1ky3ste92" type="3" sum="35"/>
</round>
<round no="3"><cards type="Turn">DJ</cards>
<action no="10" player="M1ky3ste92" type="4" sum="0"/>
<action no="11" player="pso6" type="5" discard="1" dealt="1" sum="70"/>
<action no="12" player="M1ky3ste92" type="0" sum="0"/>
</round>
</game>
<game gamecode="6544211040"><general><startdate>2025-11-29 13:08:15</startdate>
<round>1</round>
<failsafecounter/>
<players><player seat="10" name="pso6" chips="665" dealer="0" win="40" bet="35" muck="1" rebuy="0" addon="0" merge="0" rebuychips="0" reg_code="5076508680"/>
<player seat="3" name="M1ky3ste92" chips="835" dealer="1" win="0" bet="20" muck="1" rebuy="0" addon="0" merge="0" rebuychips="0" reg_code="5076507839"/>
</players>
</general>
<round no="0"><action no="1" player="M1ky3ste92" type="15" sum="5"/>
<action no="2" player="pso6" type="15" discard="1" dealt="1" sum="5"/>
<action no="3" player="M1ky3ste92" type="1" sum="15"/>
<action no="4" player="pso6" type="2" discard="1" dealt="1" sum="30"/>
</round>
<round no="1"><cards type="Pocket" player="pso6">X X</cards>
<cards type="Pocket" player="M1ky3ste92">C4 H8</cards>
<action no="5" player="M1ky3ste92" type="0" sum="0"/>
</round>
</game>
<game gamecode="6544211047"><general><startdate>2025-11-29 13:08:20</startdate>
<round>1</round>
<failsafecounter/>
<players><player seat="3" name="M1ky3ste92" chips="815" dealer="0" win="70" bet="65" muck="1" rebuy="0" addon="0" merge="0" rebuychips="0" reg_code="5076507839"/>
<player seat="10" name="pso6" chips="685" dealer="1" win="0" bet="35" muck="1" rebuy="0" addon="0" merge="0" rebuychips="0" reg_code="5076508680"/>
</players>
</general>
<round no="0"><action no="1" player="pso6" type="15" discard="1" dealt="1" sum="5"/>
<action no="2" player="M1ky3ste92" type="15" sum="5"/>
<action no="3" player="pso6" type="1" discard="1" dealt="1" sum="15"/>
<action no="4" player="M1ky3ste92" type="2" sum="30"/>
</round>
<round no="1"><cards type="Pocket" player="M1ky3ste92">H10 D5</cards>
<cards type="Pocket" player="pso6">X X</cards>
<action no="5" player="pso6" type="3" discard="1" dealt="1" sum="15"/>
<action no="6" player="M1ky3ste92" type="4" sum="0"/>
</round>
<round no="2"><cards type="Flop">D7 S10 S8</cards>
<action no="7" player="M1ky3ste92" type="4" sum="0"/>
<action no="8" player="pso6" type="4" discard="1" dealt="1" sum="0"/>
</round>
<round no="3"><cards type="Turn">H9</cards>
<action no="9" player="M1ky3ste92" type="4" sum="0"/>
<action no="10" player="pso6" type="4" discard="1" dealt="1" sum="0"/>
</round>
<round no="4"><cards type="River">H3</cards>
<action no="11" player="M1ky3ste92" type="5" sum="30"/>
<action no="12" player="pso6" type="0" discard="1" dealt="1" sum="0"/>
</round>
</game>
<game gamecode="6544211088"><general><startdate>2025-11-29 13:08:49</startdate>
<round>1</round>
<failsafecounter/>
<players><player seat="10" name="pso6" chips="650" dealer="0" win="0" bet="45" muck="1" rebuy="0" addon="0" merge="0" rebuychips="0" reg_code="5076508680"/>
<player seat="3" name="M1ky3ste92" chips="850" dealer="1" win="90" bet="85" muck="1" rebuy="0" addon="0" merge="0" rebuychips="0" reg_code="5076507839"/>
</players>
</general>
<round no="0"><action no="1" player="M1ky3ste92" type="15" sum="5"/>
<action no="2" player="pso6" type="15" discard="1" dealt="1" sum="5"/>
<action no="3" player="M1ky3ste92" type="1" sum="20"/>
<action no="4" player="pso6" type="2" discard="1" dealt="1" sum="40"/>
</round>
<round no="1"><cards type="Pocket" player="pso6">X X</cards>
<cards type="Pocket" player="M1ky3ste92">H2 HJ</cards>
<action no="5" player="M1ky3ste92" type="3" sum="20"/>
<action no="6" player="pso6" type="4" discard="1" dealt="1" sum="0"/>
</round>
<round no="2"><cards type="Flop">HK SA S2</cards>
<action no="7" player="pso6" type="4" discard="1" dealt="1" sum="0"/>
<action no="8" player="M1ky3ste92" type="5" sum="40"/>
<action no="9" player="pso6" type="0" discard="1" dealt="1" sum="0"/>
</round>
</game>
<game gamecode="6544211126"><general><startdate>2025-11-29 13:09:16</startdate>
<round>1</round>
<failsafecounter/>
<players><player seat="3" name="M1ky3ste92" chips="895" dealer="0" win="50" bet="45" muck="1" rebuy="0" addon="0" merge="0" rebuychips="0" reg_code="5076507839"/>
<player seat="10" name="pso6" chips="605" dealer="1" win="0" bet="25" muck="1" rebuy="0" addon="0" merge="0" rebuychips="0" reg_code="5076508680"/>
</players>
</general>
<round no="0"><action no="1" player="pso6" type="15" discard="1" dealt="1" sum="5"/>
<action no="2" player="M1ky3ste92" type="15" sum="5"/>
<action no="3" player="pso6" type="1" discard="1" dealt="1" sum="20"/>
<action no="4" player="M1ky3ste92" type="2" sum="40"/>
</round>
<round no="1"><cards type="Pocket" player="M1ky3ste92">H5 H9</cards>
<cards type="Pocket" player="pso6">X X</cards>
<action no="5" player="pso6" type="0" discard="1" dealt="1" sum="0"/>
</round>
</game>
<game gamecode="6544211138"><general><startdate>2025-11-29 13:09:19</startdate>
<round>1</round>
<failsafecounter/>
<players><player seat="10" name="pso6" chips="580" dealer="0" win="0" bet="45" muck="1" rebuy="0" addon="0" merge="0" rebuychips="0" reg_code="5076508680"/>
<player seat="3" name="M1ky3ste92" chips="920" dealer="1" win="90" bet="85" muck="1" rebuy="0" addon="0" merge="0" rebuychips="0" reg_code="5076507839"/>
</players>
</general>
<round no="0"><action no="1" player="M1ky3ste92" type="15" sum="5"/>
<action no="2" player="pso6" type="15" discard="1" dealt="1" sum="5"/>
<action no="3" player="M1ky3ste92" type="1" sum="20"/>
<action no="4" player="pso6" type="2" discard="1" dealt="1" sum="40"/>
</round>
<round no="1"><cards type="Pocket" player="pso6">X X</cards>
<cards type="Pocket" player="M1ky3ste92">DK SQ</cards>
<action no="5" player="M1ky3ste92" type="23" sum="80"/>
<action no="6" player="pso6" type="0" discard="1" dealt="1" sum="0"/>
</round>
</game>
<game gamecode="6544211143"><general><startdate>2025-11-29 13:09:24</startdate>
<round>1</round>
<failsafecounter/>
<players><player seat="3" name="M1ky3ste92" chips="965" dealer="0" win="50" bet="45" muck="1" rebuy="0" addon="0" merge="0" rebuychips="0" reg_code="5076507839"/>
<player seat="10" name="pso6" chips="535" dealer="1" win="0" bet="25" muck="1" rebuy="0" addon="0" merge="0" rebuychips="0" reg_code="5076508680"/>
</players>
</general>
<round no="0"><action no="1" player="pso6" type="15" discard="1" dealt="1" sum="5"/>
<action no="2" player="M1ky3ste92" type="15" sum="5"/>
<action no="3" player="pso6" type="1" discard="1" dealt="1" sum="20"/>
<action no="4" player="M1ky3ste92" type="2" sum="40"/>
</round>
<round no="1"><cards type="Pocket" player="M1ky3ste92">S6 D10</cards>
<cards type="Pocket" player="pso6">X X</cards>
<action no="5" player="pso6" type="0" discard="1" dealt="1" sum="0"/>
</round>
</game>
<game gamecode="6544211169"><general><startdate>2025-11-29 13:09:43</startdate>
<round>1</round>
<failsafecounter/>
<players><player seat="10" name="pso6" chips="510" dealer="0" win="170" bet="85" muck="0" rebuy="0" addon="0" merge="0" rebuychips="0" reg_code="5076508680"/>
<player seat="3" name="M1ky3ste92" chips="990" dealer="1" win="0" bet="85" muck="1" rebuy="0" addon="0" merge="0" rebuychips="0" reg_code="5076507839"/>
</players>
</general>
<round no="0"><action no="1" player="M1ky3ste92" type="15" sum="5"/>
<action no="2" player="pso6" type="15" discard="1" dealt="1" sum="5"/>
<action no="3" player="M1ky3ste92" type="1" sum="20"/>
<action no="4" player="pso6" type="2" discard="1" dealt="1" sum="40"/>
</round>
<round no="1"><cards type="Pocket" player="M1ky3ste92">H6 D10</cards>
<cards type="Pocket" player="pso6">D4 C5</cards>
<action no="5" player="M1ky3ste92" type="3" sum="20"/>
<action no="6" player="pso6" type="4" discard="1" dealt="1" sum="0"/>
</round>
<round no="2"><cards type="Flop">DA DQ CJ</cards>
<action no="7" player="pso6" type="4" discard="1" dealt="1" sum="0"/>
<action no="8" player="M1ky3ste92" type="5" sum="40"/>
<action no="9" player="pso6" type="3" discard="1" dealt="1" sum="40"/>
</round>
<round no="3"><cards type="Turn">CA</cards>
<action no="10" player="pso6" type="4" discard="1" dealt="1" sum="0"/>
<action no="11" player="M1ky3ste92" type="4" sum="0"/>
</round>
<round no="4"><cards type="River">H4</cards>
<action no="12" player="pso6" type="4" discard="1" dealt="1" sum="0"/>
<action no="13" player="M1ky3ste92" type="4" sum="0"/>
</round>
</game>
<game gamecode="6544211277"><general><startdate>2025-11-29 13:10:53</startdate>
<round>1</round>
<failsafecounter/>
<players><player seat="3" name="M1ky3ste92" chips="905" dealer="0" win="130" bet="65" muck="0" rebuy="0" addon="0" merge="0" rebuychips="0" reg_code="5076507839"/>
<player seat="10" name="pso6" chips="595" dealer="1" win="0" bet="65" muck="1" rebuy="0" addon="0" merge="0" rebuychips="0" reg_code="5076508680"/>
</players>
</general>
<round no="0"><action no="1" player="pso6" type="15" discard="1" dealt="1" sum="5"/>
<action no="2" player="M1ky3ste92" type="15" sum="5"/>
<action no="3" player="pso6" type="1" discard="1" dealt="1" sum="30"/>
<action no="4" player="M1ky3ste92" type="2" sum="60"/>
</round>
<round no="1"><cards type="Pocket" player="M1ky3ste92">C4 H6</cards>
<cards type="Pocket" player="pso6">D10 C9</cards>
<action no="5" player="pso6" type="3" discard="1" dealt="1" sum="30"/>
<action no="6" player="M1ky3ste92" type="4" sum="0"/>
</round>
<round no="2"><cards type="Flop">S4 H2 H7</cards>
<action no="7" player="M1ky3ste92" type="4" sum="0"/>
<action no="8" player="pso6" type="4" discard="1" dealt="1" sum="0"/>
</round>
<round no="3"><cards type="Turn">C8</cards>
<action no="9" player="M1ky3ste92" type="4" sum="0"/>
<action no="10" player="pso6" type="4" discard="1" dealt="1" sum="0"/>
</round>
<round no="4"><cards type="River">DA</cards>
<action no="11" player="M1ky3ste92" type="4" sum="0"/>
<action no="12" player="pso6" type="4" discard="1" dealt="1" sum="0"/>
</round>
</game>
<game gamecode="6544211341"><general><startdate>2025-11-29 13:11:42</startdate>
<round>1</round>
<failsafecounter/>
<players><player seat="10" name="pso6" chips="530" dealer="0" win="0" bet="125" muck="1" rebuy="0" addon="0" merge="0" rebuychips="0" reg_code="5076508680"/>
<player seat="3" name="M1ky3ste92" chips="970" dealer="1" win="250" bet="245" muck="1" rebuy="0" addon="0" merge="0" rebuychips="0" reg_code="5076507839"/>
</players>
</general>
<round no="0"><action no="1" player="M1ky3ste92" type="15" sum="5"/>
<action no="2" player="pso6" type="15" discard="1" dealt="1" sum="5"/>
<action no="3" player="M1ky3ste92" type="1" sum="30"/>
<action no="4" player="pso6" type="2" discard="1" dealt="1" sum="60"/>
</round>
<round no="1"><cards type="Pocket" player="M1ky3ste92">C5 D7</cards>
<cards type="Pocket" player="pso6">X X</cards>
<action no="5" player="M1ky3ste92" type="3" sum="30"/>
<action no="6" player="pso6" type="4" discard="1" dealt="1" sum="0"/>
</round>
<round no="2"><cards type="Flop">S2 S10 S5</cards>
<action no="7" player="pso6" type="5" discard="1" dealt="1" sum="60"/>
<action no="8" player="M1ky3ste92" type="3" sum="60"/>
</round>
<round no="3"><cards type="Turn">C10</cards>
<action no="9" player="pso6" type="4" discard="1" dealt="1" sum="0"/>
<action no="10" player="M1ky3ste92" type="5" sum="120"/>
<action no="11" player="pso6" type="0" discard="1" dealt="1" sum="0"/>
</round>
</game>
<game gamecode="6544211403"><general><startdate>2025-11-29 13:12:23</startdate>
<round>1</round>
<failsafecounter/>
<players><player seat="3" name="M1ky3ste92" chips="1,095" dealer="0" win="0" bet="405" muck="1" rebuy="0" addon="0" merge="0" rebuychips="0" reg_code="5076507839"/>
<player seat="10" name="pso6" chips="405" dealer="1" win="810" bet="405" muck="0" rebuy="0" addon="0" merge="0" rebuychips="0" reg_code="5076508680"/>
</players>
</general>
<round no="0"><action no="1" player="pso6" type="15" discard="1" dealt="1" sum="8"/>
<action no="2" player="M1ky3ste92" type="15" sum="8"/>
<action no="3" player="pso6" type="1" discard="1" dealt="1" sum="40"/>
<action no="4" player="M1ky3ste92" type="2" sum="80"/>
</round>
<round no="1"><cards type="Pocket" player="pso6">DK D2</cards>
<cards type="Pocket" player="M1ky3ste92">SK CA</cards>
<action no="5" player="pso6" type="23" discard="1" dealt="1" sum="397"/>
<action no="6" player="M1ky3ste92" type="3" sum="317"/>
</round>
<round no="2"><cards type="Flop">H9 H2 S8</cards>
</round>
<round no="3"><cards type="Turn">D6</cards>
</round>
<round no="4"><cards type="River">S9</cards>
</round>
</game>
<game gamecode="6544211431"><general><startdate>2025-11-29 13:12:41</startdate>
<round>1</round>
<failsafecounter/>
<players><player seat="10" name="pso6" chips="810" dealer="0" win="0" bet="88" muck="1" rebuy="0" addon="0" merge="0" rebuychips="0" reg_code="5076508680"/>
<player seat="3" name="M1ky3ste92" chips="690" dealer="1" win="176" bet="168" muck="1" rebuy="0" addon="0" merge="0" rebuychips="0" reg_code="5076507839"/>
</players>
</general>
<round no="0"><action no="1" player="M1ky3ste92" type="15" sum="8"/>
<action no="2" player="pso6" type="15" discard="1" dealt="1" sum="8"/>
<action no="3" player="M1ky3ste92" type="1" sum="40"/>
<action no="4" player="pso6" type="2" discard="1" dealt="1" sum="80"/>
</round>
<round no="1"><cards type="Pocket" player="M1ky3ste92">S7 H6</cards>
<cards type="Pocket" player="pso6">X X</cards>
<action no="5" player="M1ky3ste92" type="3" sum="40"/>
<action no="6" player="pso6" type="4" discard="1" dealt="1" sum="0"/>
</round>
<round no="2"><cards type="Flop">D2 H9 S8</cards>
<action no="7" player="pso6" type="4" discard="1" dealt="1" sum="0"/>
<action no="8" player="M1ky3ste92" type="5" sum="80"/>
<action no="9" player="pso6" type="0" discard="1" dealt="1" sum="0"/>
</round>
</game>
<game gamecode="6544211459"><general><startdate>2025-11-29 13:13:03</startdate>
<round>1</round>
<failsafecounter/>
<players><player seat="3" name="M1ky3ste92" chips="778" dealer="0" win="0" bet="88" muck="1" rebuy="0" addon="0" merge="0" rebuychips="0" reg_code="5076507839"/>
<player seat="10" name="pso6" chips="722" dealer="1" win="176" bet="722" muck="1" rebuy="0" addon="0" merge="0" rebuychips="0" reg_code="5076508680"/>
</players>
</general>
<round no="0"><action no="1" player="pso6" type="15" discard="1" dealt="1" sum="8"/>
<action no="2" player="M1ky3ste92" type="15" sum="8"/>
<action no="3" player="pso6" type="1" discard="1" dealt="1" sum="40"/>
<action no="4" player="M1ky3ste92" type="2" sum="80"/>
</round>
<round no="1"><cards type="Pocket" player="M1ky3ste92">C5 H3</cards>
<cards type="Pocket" player="pso6">X X</cards>
<action no="5" player="pso6" type="23" discard="1" dealt="1" sum="714"/>
<action no="6" player="M1ky3ste92" type="0" sum="0"/>
</round>
</game>
<game gamecode="6544211481"><general><startdate>2025-11-29 13:13:16</startdate>
<round>1</round>
<failsafecounter/>
<players><player seat="10" name="pso6" chips="810" dealer="0" win="0" bet="368" muck="1" rebuy="0" addon="0" merge="0" rebuychips="0" reg_code="5076508680"/>
<player seat="3" name="M1ky3ste92" chips="690" dealer="1" win="736" bet="528" muck="1" rebuy="0" addon="0" merge="0" rebuychips="0" reg_code="5076507839"/>
</players>
</general>
<round no="0"><action no="1" player="M1ky3ste92" type="15" sum="8"/>
<action no="2" player="pso6" type="15" discard="1" dealt="1" sum="8"/>
<action no="3" player="M1ky3ste92" type="1" sum="40"/>
<action no="4" player="pso6" type="2" discard="1" dealt="1" sum="80"/>
</round>
<round no="1"><cards type="Pocket" player="pso6">X X</cards>
<cards type="Pocket" player="M1ky3ste92">HQ H10</cards>
<action no="5" player="M1ky3ste92" type="3" sum="40"/>
<action no="6" player="pso6" type="23" discard="1" dealt="1" sum="200"/>
<action no="7" player="M1ky3ste92" type="3" sum="120"/>
</round>
<round no="2"><cards type="Flop">SQ H7 D9</cards>
<action no="8" player="pso6" type="4" discard="1" dealt="1" sum="0"/>
<action no="9" player="M1ky3ste92" type="5" sum="160"/>
<action no="10" player="pso6" type="3" discard="1" dealt="1" sum="160"/>
</round>
<round no="3"><cards type="Turn">H3</cards>
<action no="11" player="pso6" type="4" discard="1" dealt="1" sum="0"/>
<action no="12" player="M1ky3ste92" type="5" sum="160"/>
<action no="13" player="pso6" type="0" discard="1" dealt="1" sum="0"/>
</round>
</game>
<game gamecode="6544211533"><general><startdate>2025-11-29 13:13:54</startdate>
<round>1</round>
<failsafecounter/>
<players><player seat="3" name="M1ky3ste92" chips="1,058" dealer="0" win="0" bet="442" muck="1" rebuy="0" addon="0" merge="0" rebuychips="0" reg_code="5076507839"/>
<player seat="10" name="pso6" chips="442" dealer="1" win="884" bet="442" muck="0" rebuy="0" addon="0" merge="0" rebuychips="0" reg_code="5076508680"/>
</players>
</general>
<round no="0"><action no="1" player="pso6" type="15" discard="1" dealt="1" sum="10"/>
<action no="2" player="M1ky3ste92" type="15" sum="10"/>
<action no="3" player="pso6" type="1" discard="1" dealt="1" sum="50"/>
<action no="4" player="M1ky3ste92" type="2" sum="100"/>
</round>
<round no="1"><cards type="Pocket" player="M1ky3ste92">SA H4</cards>
<cards type="Pocket" player="pso6">S6 C6</cards>
<action no="5" player="pso6" type="23" discard="1" dealt="1" sum="432"/>
<action no="6" player="M1ky3ste92" type="3" sum="332"/>
</round>
<round no="2"><cards type="Flop">SJ C3 S7</cards>
</round>
<round no="3"><cards type="Turn">DK</cards>
</round>
<round no="4"><cards type="River">SK</cards>
</round>
</game>
<game gamecode="6544211555"><general><startdate>2025-11-29 13:14:11</startdate>
<round>1</round>
<failsafecounter/>
<players><player seat="10" name="pso6" chips="884" dealer="0" win="0" bet="616" muck="1" rebuy="0" addon="0" merge="0" rebuychips="0" reg_code="5076508680"/>
<player seat="3" name="M1ky3ste92" chips="616" dealer="1" win="1,232" bet="616" muck="0" rebuy="0" addon="0" merge="0" rebuychips="0" reg_code="5076507839"/>
</players>
</general>
<round no="0"><action no="1" player="M1ky3ste92" type="15" sum="10"/>
<action no="2" player="pso6" type="15" discard="1" dealt="1" sum="10"/>
<action no="3" player="M1ky3ste92" type="1" sum="50"/>
<action no="4" player="pso6" type="2" discard="1" dealt="1" sum="100"/>
</round>
<round no="1"><cards type="Pocket" player="pso6">DA C4</cards>
<cards type="Pocket" player="M1ky3ste92">DK SJ</cards>
<action no="5" player="M1ky3ste92" type="23" sum="606"/>
<action no="6" player="pso6" type="3" discard="1" dealt="1" sum="506"/>
</round>
<round no="2"><cards type="Flop">CJ S3 H6</cards>
</round>
<round no="3"><cards type="Turn">C2</cards>
</round>
<round no="4"><cards type="River">S9</cards>
</round>
</game>
<game gamecode="6544211581"><general><startdate>2025-11-29 13:14:30</startdate>
<round>1</round>
<failsafecounter/>
<players><player seat="3" name="M1ky3ste92" chips="1,232" dealer="0" win="0" bet="268" muck="1" rebuy="0" addon="0" merge="0" rebuychips="0" reg_code="5076507839"/>
<player seat="10" name="pso6" chips="268" dealer="1" win="536" bet="268" muck="0" rebuy="0" addon="0" merge="0" rebuychips="0" reg_code="5076508680"/>
</players>
</general>
<round no="0"><action no="1" player="pso6" type="15" discard="1" dealt="1" sum="10"/>
<action no="2" player="M1ky3ste92" type="15" sum="10"/>
<action no="3" player="pso6" type="1" discard="1" dealt="1" sum="50"/>
<action no="4" player="M1ky3ste92" type="2" sum="100"/>
</round>
<round no="1"><cards type="Pocket" player="M1ky3ste92">D7 C6</cards>
<cards type="Pocket" player="pso6">S3 CJ</cards>
<action no="5" player="pso6" type="23" discard="1" dealt="1" sum="258"/>
<action no="6" player="M1ky3ste92" type="3" sum="158"/>
</round>
<round no="2"><cards type="Flop">DA CA C7</cards>
</round>
<round no="3"><cards type="Turn">SJ</cards>
</round>
<round no="4"><cards type="River">S5</cards>
</round>
</game>
<game gamecode="6544211609"><general><startdate>2025-11-29 13:14:48</startdate>
<round>1</round>
<failsafecounter/>
<players><player seat="10" name="pso6" chips="536" dealer="0" win="1,072" bet="536" muck="0" rebuy="0" addon="0" merge="0" rebuychips="0" reg_code="5076508680"/>
<player seat="3" name="M1ky3ste92" chips="964" dealer="1" win="0" bet="964" muck="0" rebuy="0" addon="0" merge="0" rebuychips="0" reg_code="5076507839"/>
</players>
</general>
<round no="0"><action no="1" player="M1ky3ste92" type="15" sum="10"/>
<action no="2" player="pso6" type="15" discard="1" dealt="1" sum="10"/>
<action no="3" player="M1ky3ste92" type="1" sum="50"/>
<action no="4" player="pso6" type="2" discard="1" dealt="1" sum="100"/>
</round>
<round no="1"><cards type="Pocket" player="M1ky3ste92">S10 D8</cards>
<cards type="Pocket" player="pso6">DJ SJ</cards>
<action no="5" player="M1ky3ste92" type="23" sum="954"/>
<action no="6" player="pso6" type="7" discard="1" dealt="1" sum="426"/>
</round>
<round no="2"><cards type="Flop">C5 C3 C2</cards>
</round>
<round no="3"><cards type="Turn">S4</cards>
</round>
<round no="4"><cards type="River">C8</cards>
</round>
</game>
<game gamecode="6544211646"><general><startdate>2025-11-29 13:15:11</startdate>
<round>1</round>
<failsafecounter/>
<players><player seat="3" name="M1ky3ste92" chips="428" dealer="0" win="856" bet="428" muck="0" rebuy="0" addon="0" merge="0" rebuychips="0" reg_code="5076507839"/>
<player seat="10" name="pso6" chips="1,072" dealer="1" win="0" bet="1,072" muck="1" rebuy="0" addon="0" merge="0" rebuychips="0" reg_code="5076508680"/>
</players>
</general>
<round no="0"><action no="1" player="pso6" type="15" discard="1" dealt="1" sum="10"/>
<action no="2" player="M1ky3ste92" type="15" sum="10"/>
<action no="3" player="pso6" type="1" discard="1" dealt="1" sum="50"/>
<action no="4" player="M1ky3ste92" type="2" sum="100"/>
</round>
<round no="1"><cards type="Pocket" player="pso6">HK D5</cards>
<cards type="Pocket" player="M1ky3ste92">CA C4</cards>
<action no="5" player="pso6" type="23" discard="1" dealt="1" sum="1,062"/>
<action no="6" player="M1ky3ste92" type="7" sum="318"/>
</round>
<round no="2"><cards type="Flop">CQ H3 D4</cards>
</round>
<round no="3"><cards type="Turn">DQ</cards>
</round>
<round no="4"><cards type="River">S10</cards>
</round>
</game>
<game gamecode="6544211665"><general><startdate>2025-11-29 13:15:27</startdate>
<round>1</round>
<failsafecounter/>
<players><player seat="10" name="pso6" chips="644" dealer="0" win="1,288" bet="644" muck="0" rebuy="0" addon="0" merge="0" rebuychips="0" reg_code="5076508680"/>
<player seat="3" name="M1ky3ste92" chips="856" dealer="1" win="0" bet="856" muck="0" rebuy="0" addon="0" merge="0" rebuychips="0" reg_code="5076507839"/>
</players>
</general>
<round no="0"><action no="1" player="M1ky3ste92" type="15" sum="10"/>
<action no="2" player="pso6" type="15" discard="1" dealt="1" sum="10"/>
<action no="3" player="M1ky3ste92" type="1" sum="60"/>
<action no="4" player="pso6" type="2" discard="1" dealt="1" sum="120"/>
</round>
<round no="1"><cards type="Pocket" player="pso6">S9 C9</cards>
<cards type="Pocket" player="M1ky3ste92">DJ D10</cards>
<action no="5" player="M1ky3ste92" type="23" sum="846"/>
<action no="6" player="pso6" type="7" discard="1" dealt="1" sum="514"/>
</round>
<round no="2"><cards type="Flop">CQ C6 H2</cards>
</round>
<round no="3"><cards type="Turn">C8</cards>
</round>
<round no="4"><cards type="River">H4</cards>
</round>
</game>
<game gamecode="6544211685"><general><startdate>2025-11-29 13:15:42</startdate>
<round>1</round>
<failsafecounter/>
<players><player seat="3" name="M1ky3ste92" chips="212" dealer="0" win="0" bet="212" muck="0" rebuy="0" addon="0" merge="0" rebuychips="0" reg_code="5076507839"/>
<player seat="10" name="pso6" chips="1,288" dealer="1" win="424" bet="1,288" muck="0" rebuy="0" addon="0" merge="0" rebuychips="0" reg_code="5076508680"/>
</players>
</general>
<round no="0"><action no="1" player="pso6" type="15" discard="1" dealt="1" sum="10"/>
<action no="2" player="M1ky3ste92" type="15" sum="10"/>
<action no="3" player="pso6" type="1" discard="1" dealt="1" sum="60"/>
<action no="4" player="M1ky3ste92" type="2" sum="120"/>
</round>
<round no="1"><cards type="Pocket" player="pso6">D8 DQ</cards>
<cards type="Pocket" player="M1ky3ste92">C2 H5</cards>
<action no="5" player="pso6" type="23" discard="1" dealt="1" sum="1,278"/>
<action no="6" player="M1ky3ste92" type="7" sum="82"/>
</round>
<round no="2"><cards type="Flop">S8 D3 H8</cards>
</round>
<round no="3"><cards type="Turn">D7</cards>
</round>
<round no="4"><cards type="River">SJ</cards>
</round>
</game>
</session>
