<?xml version="1.0" encoding="UTF-8"?>
<session sessioncode="5076504706">
<general>
<client_version>25.7.1.34</client_version>
<mode>real</mode>
<gametype>Holdem NL</gametype>
<tablename>Twister €100 SNG, 822672294</tablename>
<tournamentcode>822672293</tournamentcode>
<tournamentname>Twister €100 SNG</tournamentname>
<buyin>€0 + €7 + €93</buyin>
<totalbuyin>€100</totalbuyin>
<rewarddrawn>€200</rewarddrawn>
<tournamentcurrency>EUR</tournamentcurrency>
<currency>EUR</currency>
<nickname>M1ky3ste92</nickname>
<gamecount>21</gamecount>
<startdate>2025-11-29 12:50:37</startdate>
<place>2</place>
<win>€0</win>
<tablesize>3</tablesize>
</general>
<game gamecode="6544201857"><general><startdate>2025-11-29 12:50:52</startdate>
<round>1</round>
<failsafecounter/>
<players><player seat="10" name="pso6" chips="500" dealer="0" win="0" bet="100" muck="1" rebuy="0" addon="0" merge="0" rebuychips="0" reg_code="5076506538"/>
<player seat="3" name="M1ky3ste92" chips="500" dealer="1" win="0" bet="0" muck="1" rebuy="0" addon="0" merge="0" rebuychips="0" reg_code="5076504706"/>
<player seat="6" name="Matteo73730505" chips="500" dealer="0" win="200" bet="500" muck="1" rebuy="0" addon="0" merge="0" rebuychips="0" reg_code="5076506355"/>
</players>
</general>
<round no="0"><action no="1" player="Matteo73730505" type="1" discard="1" dealt="1" sum="10"/>
<action no="2" player="pso6" type="2" discard="1" dealt="1" sum="20"/>
</round>
<round no="1"><cards type="Pocket" player="Matteo73730505">X X</cards>
<cards type="Pocket" player="pso6">X X</cards>
<cards type="Pocket" player="M1ky3ste92">C9 D2</cards>
<action no="3" player="M1ky3ste92" type="0" sum="0"/>
<action no="4" player="Matteo73730505" type="3" discard="1" dealt="1" sum="10"/>
<action no="5" player="pso6" type="23" discard="1" dealt="1" sum="50"/>
<action no="6" player="Matteo73730505" type="3" discard="1" dealt="1" sum="30"/>
</round>
<round no="2"><cards type="Flop">SQ HQ H4</cards>
<action no="7" player="Matteo73730505" type="4" discard="1" dealt="1" sum="0"/>
<action no="8" player="pso6" type="5" discard="1" dealt="1" sum="50"/>
<action no="9" player="Matteo73730505" type="23" discard="1" dealt="1" sum="450"/>
<action no="10" player="pso6" type="0" discard="1" dealt="1" sum="0"/>
</round>
</game>
<game gamecode="6544201881"><general><startdate>2025-11-29 12:51:10</startdate>
<round>1</round>
<failsafecounter/>
<players><player seat="3" name="M1ky3ste92" chips="500" dealer="0" win="0" bet="20" muck="1" rebuy="0" addon="0" merge="0" rebuychips="0" reg_code="5076504706"/>
<player seat="6" name="Matteo73730505" chips="600" dealer="1" win="0" bet="0" muck="1" rebuy="0" addon="0" merge="0" rebuychips="0" reg_code="5076506355"/>
<player seat="10" name="pso6" chips="400" dealer="0" win="40" bet="40" muck="1" rebuy="0" addon="0" merge="0" rebuychips="0" reg_code="5076506538"/>
</players>
</general>
<round no="0"><action no="1" player="pso6" type="1" discard="1" dealt="1" sum="10"/>
<action no="2" player="M1ky3ste92" type="2" sum="20"/>
</round>
<round no="1"><cards type="Pocket" player="pso6">X X</cards>
<cards type="Pocket" player="M1ky3ste92">S4 H5</cards>
<cards type="Pocket" player="Matteo73730505">X X</cards>
<action no="3" player="Matteo73730505" type="0" discard="1" dealt="1" sum="0"/>
<action no="4" player="pso6" type="3" discard="1" dealt="1" sum="10"/>
<action no="5" player="M1ky3ste92" type="4" sum="0"/>
</round>
<round no="2"><cards type="Flop">SQ C8 CK</cards>
<action no="6" player="pso6" type="5" discard="1" dealt="1" sum="20"/>
<action no="7" player="M1ky3ste92" type="0" sum="0"/>
</round>
</game>
<game gamecode="6544201927"><general><startdate>2025-11-29 12:51:38</startdate>
<round>1</round>
<failsafecounter/>
<players><player seat="6" name="Matteo73730505" chips="600" dealer="0" win="0" bet="151" muck="1" rebuy="0" addon="0" merge="0" rebuychips="0" reg_code="5076506355"/>
<player seat="10" name="pso6" chips="420" dealer="1" win="312" bet="307" muck="1" rebuy="0" addon="0" merge="0" rebuychips="0" reg_code="5076506538"/>
<player seat="3" name="M1ky3ste92" chips="480" dealer="0" win="0" bet="10" muck="1" rebuy="0" addon="0" merge="0" rebuychips="0" reg_code="5076504706"/>
</players>
</general>
<round no="0"><action no="1" player="M1ky3ste92" type="1" sum="10"/>
<action no="2" player="Matteo73730505" type="2" discard="1" dealt="1" sum="20"/>
</round>
<round no="1"><cards type="Pocket" player="pso6">X X</cards>
<cards type="Pocket" player="M1ky3ste92">D5 C8</cards>
<cards type="Pocket" player="Matteo73730505">X X</cards>
<action no="3" player="pso6" type="23" discard="1" dealt="1" sum="60"/>
<action no="4" player="M1ky3ste92" type="0" sum="0"/>
<action no="5" player="Matteo73730505" type="3" discard="1" dealt="1" sum="40"/>
</round>
<round no="2"><cards type="Flop">S7 C4 SA</cards>
<action no="6" player="Matteo73730505" type="4" discard="1" dealt="1" sum="0"/>
<action no="7" player="pso6" type="4" discard="1" dealt="1" sum="0"/>
</round>
<round no="3"><cards type="Turn">D3</cards>
<action no="8" player="Matteo73730505" type="5" discard="1" dealt="1" sum="91"/>
<action no="9" player="pso6" type="3" discard="1" dealt="1" sum="91"/>
</round>
<round no="4"><cards type="River">S10</cards>
<action no="10" player="Matteo73730505" type="4" discard="1" dealt="1" sum="0"/>
<action no="11" player="pso6" type="5" discard="1" dealt="1" sum="156"/>
<action no="12" player="Matteo73730505" type="0" discard="1" dealt="1" sum="0"/>
</round>
</game>
<game gamecode="6544201970"><general><startdate>2025-11-29 12:52:03</startdate>
<round>1</round>
<failsafecounter/>
<players><player seat="10" name="pso6" chips="581" dealer="0" win="20" bet="20" muck="1" rebuy="0" addon="0" merge="0" rebuychips="0" reg_code="5076506538"/>
<player seat="3" name="M1ky3ste92" chips="470" dealer="1" win="0" bet="0" muck="1" rebuy="0" addon="0" merge="0" rebuychips="0" reg_code="5076504706"/>
<player seat="6" name="Matteo73730505" chips="449" dealer="0" win="0" bet="10" muck="1" rebuy="0" addon="0" merge="0" rebuychips="0" reg_code="5076506355"/>
</players>
</general>
<round no="0"><action no="1" player="Matteo73730505" type="1" discard="1" dealt="1" sum="10"/>
<action no="2" player="pso6" type="2" discard="1" dealt="1" sum="20"/>
</round>
<round no="1"><cards type="Pocket" player="Matteo73730505">X X</cards>
<cards type="Pocket" player="pso6">X X</cards>
<cards type="Pocket" player="M1ky3ste92">SQ C7</cards>
<action no="3" player="M1ky3ste92" type="0" sum="0"/>
<action no="4" player="Matteo73730505" type="0" discard="1" dealt="1" sum="0"/>
</round>
</game>
<game gamecode="6544201985"><general><startdate>2025-11-29 12:52:12</startdate>
<round>1</round>
<failsafecounter/>
<players><player seat="3" name="M1ky3ste92" chips="470" dealer="0" win="320" bet="265" muck="1" rebuy="0" addon="0" merge="0" rebuychips="0" reg_code="5076504706"/>
<player seat="6" name="Matteo73730505" chips="439" dealer="1" win="0" bet="0" muck="1" rebuy="0" addon="0" merge="0" rebuychips="0" reg_code="5076506355"/>
<player seat="10" name="pso6" chips="591" dealer="0" win="0" bet="160" muck="1" rebuy="0" addon="0" merge="0" rebuychips="0" reg_code="5076506538"/>
</players>
</general>
<round no="0"><action no="1" player="pso6" type="1" discard="1" dealt="1" sum="10"/>
<action no="2" player="M1ky3ste92" type="2" sum="20"/>
</round>
<round no="1"><cards type="Pocket" player="pso6">X X</cards>
<cards type="Pocket" player="M1ky3ste92">H4 H10</cards>
<cards type="Pocket" player="Matteo73730505">X X</cards>
<action no="3" player="Matteo73730505" type="0" discard="1" dealt="1" sum="0"/>
<action no="4" player="pso6" type="3" discard="1" dealt="1" sum="10"/>
<action no="5" player="M1ky3ste92" type="4" sum="0"/>
</round>
<round no="2"><cards type="Flop">D8 DK S4</cards>
<action no="6" player="pso6" type="5" discard="1" dealt="1" sum="20"/>
<action no="7" player="M1ky3ste92" type="3" sum="20"/>
</round>
<round no="3"><cards type="Turn">D4</cards>
<action no="8" player="pso6" type="5" discard="1" dealt="1" sum="40"/>
<action no="9" player="M1ky3ste92" type="23" sum="120"/>
<action no="10" player="pso6" type="3" discard="1" dealt="1" sum="80"/>
</round>
<round no="4"><cards type="River">C3</cards>
<action no="11" player="pso6" type="4" discard="1" dealt="1" sum="0"/>
<action no="12" player="M1ky3ste92" type="5" sum="105"/>
<action no="13" player="pso6" type="0" discard="1" dealt="1" sum="0"/>
</round>
</game>
<game gamecode="6544202046"><general><startdate>2025-11-29 12:52:56</startdate>
<round>1</round>
<failsafecounter/>
<players><player seat="6" name="Matteo73730505" chips="439" dealer="0" win="0" bet="439" muck="1" rebuy="0" addon="0" merge="0" rebuychips="0" reg_code="5076506355"/>
<player seat="10" name="pso6" chips="431" dealer="1" win="897" bet="431" muck="0" rebuy="0" addon="0" merge="0" rebuychips="0" reg_code="5076506538"/>
<player seat="3" name="M1ky3ste92" chips="630" dealer="0" win="0" bet="35" muck="1" rebuy="0" addon="0" merge="0" rebuychips="0" reg_code="5076504706"/>
</players>
</general>
<round no="0"><action no="1" player="M1ky3ste92" type="15" sum="5"/>
<action no="2" player="Matteo73730505" type="15" discard="1" dealt="1" sum="5"/>
<action no="3" player="pso6" type="15" discard="1" dealt="1" sum="5"/>
<action no="4" player="M1ky3ste92" type="1" sum="15"/>
<action no="5" player="Matteo73730505" type="2" discard="1" dealt="1" sum="30"/>
</round>
<round no="1"><cards type="Pocket" player="M1ky3ste92">D5 SK</cards>
<cards type="Pocket" player="pso6">S2 SJ</cards>
<cards type="Pocket" player="Matteo73730505">DA HJ</cards>
<action no="6" player="pso6" type="3" discard="1" dealt="1" sum="30"/>
<action no="7" player="M1ky3ste92" type="3" sum="15"/>
<action no="8" player="Matteo73730505" type="23" discard="1" dealt="1" sum="150"/>
<action no="9" player="pso6" type="3" discard="1" dealt="1" sum="120"/>
<action no="10" player="M1ky3ste92" type="0" sum="0"/>
</round>
<round no="2"><cards type="Flop">H5 H2 C4</cards>
<action no="11" player="Matteo73730505" type="5" discard="1" dealt="1" sum="284"/>
<action no="12" player="pso6" type="7" discard="1" dealt="1" sum="276"/>
</round>
<round no="3"><cards type="Turn">C7</cards>
</round>
<round no="4"><cards type="River">C10</cards>
</round>
</game>
<game gamecode="6544202108"><general><startdate>2025-11-29 12:53:31</startdate>
<round>1</round>
<failsafecounter/>
<players><player seat="10" name="pso6" chips="897" dealer="0" win="10" bet="35" muck="0" rebuy="0" addon="0" merge="0" rebuychips="0" reg_code="5076506538"/>
<player seat="3" name="M1ky3ste92" chips="595" dealer="1" win="0" bet="5" muck="1" rebuy="0" addon="0" merge="0" rebuychips="0" reg_code="5076504706"/>
<player seat="6" name="Matteo73730505" chips="8" dealer="0" win="11" bet="8" muck="0" rebuy="0" addon="0" merge="0" rebuychips="0" reg_code="5076506355"/>
</players>
</general>
<round no="0"><action no="1" player="Matteo73730505" type="15" discard="1" dealt="1" sum="5"/>
<action no="2" player="pso6" type="15" discard="1" dealt="1" sum="5"/>
<action no="3" player="M1ky3ste92" type="15" sum="5"/>
<action no="4" player="Matteo73730505" type="1" discard="1" dealt="1" sum="3"/>
<action no="5" player="pso6" type="2" discard="1" dealt="1" sum="30"/>
</round>
<round no="1"><cards type="Pocket" player="M1ky3ste92">HK S4</cards>
<cards type="Pocket" player="pso6">H6 C2</cards>
<cards type="Pocket" player="Matteo73730505">D3 D6</cards>
<action no="6" player="M1ky3ste92" type="0" sum="0"/>
</round>
<round no="2"><cards type="Flop">DK SA S8</cards>
</round>
<round no="3"><cards type="Turn">D7</cards>
</round>
<round no="4"><cards type="River">S5</cards>
</round>
</game>
<game gamecode="6544202133"><general><startdate>2025-11-29 12:53:46</startdate>
<round>1</round>
<failsafecounter/>
<players><player seat="3" name="M1ky3ste92" chips="590" dealer="0" win="201" bet="95" muck="0" rebuy="0" addon="0" merge="0" rebuychips="0" reg_code="5076504706"/>
<player seat="6" name="Matteo73730505" chips="11" dealer="1" win="0" bet="11" muck="0" rebuy="0" addon="0" merge="0" rebuychips="0" reg_code="5076506355"/>
<player seat="10" name="pso6" chips="899" dealer="0" win="0" bet="95" muck="1" rebuy="0" addon="0" merge="0" rebuychips="0" reg_code="5076506538"/>
</players>
</general>
<round no="0"><action no="1" player="pso6" type="15" discard="1" dealt="1" sum="5"/>
<action no="2" player="M1ky3ste92" type="15" sum="5"/>
<action no="3" player="Matteo73730505" type="15" discard="1" dealt="1" sum="5"/>
<action no="4" player="pso6" type="1" discard="1" dealt="1" sum="15"/>
<action no="5" player="M1ky3ste92" type="2" sum="30"/>
</round>
<round no="1"><cards type="Pocket" player="Matteo73730505">S3 D7</cards>
<cards type="Pocket" player="M1ky3ste92">C2 DJ</cards>
<cards type="Pocket" player="pso6">H9 C4</cards>
<action no="6" player="Matteo73730505" type="7" discard="1" dealt="1" sum="6"/>
<action no="7" player="pso6" type="3" discard="1" dealt="1" sum="15"/>
<action no="8" player="M1ky3ste92" type="4" sum="0"/>
</round>
<round no="2"><cards type="Flop">CJ HK D9</cards>
<action no="9" player="pso6" type="5" discard="1" dealt="1" sum="30"/>
<action no="10" player="M1ky3ste92" type="3" sum="30"/>
</round>
<round no="3"><cards type="Turn">C7</cards>
<action no="11" player="pso6" type="4" discard="1" dealt="1" sum="0"/>
<action no="12" player="M1ky3ste92" type="5" sum="30"/>
<action no="13" player="pso6" type="3" discard="1" dealt="1" sum="30"/>
</round>
<round no="4"><cards type="River">CQ</cards>
<action no="14" player="pso6" type="4" discard="1" dealt="1" sum="0"/>
<action no="15" player="M1ky3ste92" type="4" sum="0"/>
</round>
</game>
<game gamecode="6544202227"><general><startdate>2025-11-29 12:54:43</startdate>
<round>1</round>
<failsafecounter/>
<players><player seat="3" name="M1ky3ste92" chips="696" dealer="0" win="410" bet="405" muck="1" rebuy="0" addon="0" merge="0" rebuychips="0" reg_code="5076504706"/>
<player seat="10" name="pso6" chips="804" dealer="1" win="0" bet="205" muck="1" rebuy="0" addon="0" merge="0" rebuychips="0" reg_code="5076506538"/>
</players>
</general>
<round no="0"><action no="1" player="pso6" type="15" discard="1" dealt="1" sum="5"/>
<action no="2" player="M1ky3ste92" type="15" sum="5"/>
<action no="3" player="pso6" type="1" discard="1" dealt="1" sum="20"/>
<action no="4" player="M1ky3ste92" type="2" sum="40"/>
</round>
<round no="1"><cards type="Pocket" player="pso6">X X</cards>
<cards type="Pocket" player="M1ky3ste92">SQ HK</cards>
<action no="5" player="pso6" type="3" discard="1" dealt="1" sum="20"/>
<action no="6" player="M1ky3ste92" type="23" sum="120"/>
<action no="7" player="pso6" type="3" discard="1" dealt="1" sum="80"/>
</round>
<round no="2"><cards type="Flop">C9 CK H6</cards>
<action no="8" player="M1ky3ste92" type="5" sum="80"/>
<action no="9" player="pso6" type="3" discard="1" dealt="1" sum="80"/>
</round>
<round no="3"><cards type="Turn">S9</cards>
<action no="10" player="M1ky3ste92" type="5" sum="200"/>
<action no="11" player="pso6" type="0" discard="1" dealt="1" sum="0"/>
</round>
</game>
<game gamecode="6544202277"><general><startdate>2025-11-29 12:55:19</startdate>
<round>1</round>
<failsafecounter/>
<players><player seat="10" name="pso6" chips="599" dealer="0" win="0" bet="170" muck="1" rebuy="0" addon="0" merge="0" rebuychips="0" reg_code="5076506538"/>
<player seat="3" name="M1ky3ste92" chips="901" dealer="1" win="340" bet="170" muck="0" rebuy="0" addon="0" merge="0" rebuychips="0" reg_code="5076504706"/>
</players>
</general>
<round no="0"><action no="1" player="M1ky3ste92" type="15" sum="5"/>
<action no="2" player="pso6" type="15" discard="1" dealt="1" sum="5"/>
<action no="3" player="M1ky3ste92" type="1" sum="20"/>
<action no="4" player="pso6" type="2" discard="1" dealt="1" sum="40"/>
</round>
<round no="1"><cards type="Pocket" player="M1ky3ste92">DJ H7</cards>
<cards type="Pocket" player="pso6">DK D2</cards>
<action no="5" player="M1ky3ste92" type="3" sum="20"/>
<action no="6" player="pso6" type="4" discard="1" dealt="1" sum="0"/>
</round>
<round no="2"><cards type="Flop">D4 C7 CJ</cards>
<action no="7" player="pso6" type="5" discard="1" dealt="1" sum="40"/>
<action no="8" player="M1ky3ste92" type="3" sum="40"/>
</round>
<round no="3"><cards type="Turn">C2</cards>
<action no="9" player="pso6" type="5" discard="1" dealt="1" sum="85"/>
<action no="10" player="M1ky3ste92" type="3" sum="85"/>
</round>
<round no="4"><cards type="River">C9</cards>
<action no="11" player="pso6" type="4" discard="1" dealt="1" sum="0"/>
<action no="12" player="M1ky3ste92" type="4" sum="0"/>
</round>
</game>
<game gamecode="6544202326"><general><startdate>2025-11-29 12:55:48</startdate>
<round>1</round>
<failsafecounter/>
<players><player seat="3" name="M1ky3ste92" chips="1,071" dealer="0" win="0" bet="90" muck="1" rebuy="0" addon="0" merge="0" rebuychips="0" reg_code="5076504706"/>
<player seat="10" name="pso6" chips="429" dealer="1" win="180" bet="90" muck="0" rebuy="0" addon="0" merge="0" rebuychips="0" reg_code="5076506538"/>
</players>
</general>
<round no="0"><action no="1" player="pso6" type="15" discard="1" dealt="1" sum="5"/>
<action no="2" player="M1ky3ste92" type="15" sum="5"/>
<action no="3" player="pso6" type="1" discard="1" dealt="1" sum="20"/>
<action no="4" player="M1ky3ste92" type="2" sum="40"/>
</round>
<round no="1"><cards type="Pocket" player="M1ky3ste92">C8 C5</cards>
<cards type="Pocket" player="pso6">D8 H9</cards>
<action no="5" player="pso6" type="3" discard="1" dealt="1" sum="20"/>
<action no="6" player="M1ky3ste92" type="4" sum="0"/>
</round>
<round no="2"><cards type="Flop">C7 C10 S10</cards>
<action no="7" player="M1ky3ste92" type="4" sum="0"/>
<action no="8" player="pso6" type="4" discard="1" dealt="1" sum="0"/>
</round>
<round no="3"><cards type="Turn">H5</cards>
<action no="9" player="M1ky3ste92" type="4" sum="0"/>
<action no="10" player="pso6" type="4" discard="1" dealt="1" sum="0"/>
</round>
<round no="4"><cards type="River">HJ</cards>
<action no="11" player="M1ky3ste92" type="4" sum="0"/>
<action no="12" player="pso6" type="5" discard="1" dealt="1" sum="45"/>
<action no="13" player="M1ky3ste92" type="3" sum="45"/>
</round>
</game>
<game gamecode="6544202376"><general><startdate>2025-11-29 12:56:19</startdate>
<round>1</round>
<failsafecounter/>
<players><player seat="10" name="pso6" chips="519" dealer="0" win="70" bet="65" muck="1" rebuy="0" addon="0" merge="0" rebuychips="0" reg_code="5076506538"/>
<player seat="3" name="M1ky3ste92" chips="981" dealer="1" win="0" bet="35" muck="1" rebuy="0" addon="0" merge="0" rebuychips="0" reg_code="5076504706"/>
</players>
</general>
<round no="0"><action no="1" player="M1ky3ste92" type="15" sum="5"/>
<action no="2" player="pso6" type="15" discard="1" dealt="1" sum="5"/>
<action no="3" player="M1ky3ste92" type="1" sum="30"/>
<action no="4" player="pso6" type="2" discard="1" dealt="1" sum="60"/>
</round>
<round no="1"><cards type="Pocket" player="M1ky3ste92">D2 H5</cards>
<cards type="Pocket" player="pso6">X X</cards>
<action no="5" player="M1ky3ste92" type="0" sum="0"/>
</round>
</game>
<game gamecode="6544202385"><general><startdate>2025-11-29 12:56:24</startdate>
<round>1</round>
<failsafecounter/>
<players><player seat="3" name="M1ky3ste92" chips="946" dealer="0" win="0" bet="946" muck="0" rebuy="0" addon="0" merge="0" rebuychips="0" reg_code="5076504706"/>
<player seat="10" name="pso6" chips="554" dealer="1" win="1,108" bet="554" muck="0" rebuy="0" addon="0" merge="0" rebuychips="0" reg_code="5076506538"/>
</players>
</general>
<round no="0"><action no="1" player="pso6" type="15" discard="1" dealt="1" sum="5"/>
<action no="2" player="M1ky3ste92" type="15" sum="5"/>
<action no="3" player="pso6" type="1" discard="1" dealt="1" sum="30"/>
<action no="4" player="M1ky3ste92" type="2" sum="60"/>
</round>
<round no="1"><cards type="Pocket" player="M1ky3ste92">H4 SA</cards>
<cards type="Pocket" player="pso6">H7 H9</cards>
<action no="5" player="pso6" type="23" discard="1" dealt="1" sum="120"/>
<action no="6" player="M1ky3ste92" type="23" sum="941"/>
<action no="7" player="pso6" type="7" discard="1" dealt="1" sum="429"/>
</round>
<round no="2"><cards type="Flop">D9 C9 H2</cards>
</round>
<round no="3"><cards type="Turn">S10</cards>
</round>
<round no="4"><cards type="River">DQ</cards>
</round>
</game>
<game gamecode="6544202411"><general><startdate>2025-11-29 12:56:43</startdate>
<round>1</round>
<failsafecounter/>
<players><player seat="10" name="pso6" chips="1,108" dealer="0" win="0" bet="65" muck="1" rebuy="0" addon="0" merge="0" rebuychips="0" reg_code="5076506538"/>
<player seat="3" name="M1ky3ste92" chips="392" dealer="1" win="130" bet="392" muck="1" rebuy="0" addon="0" merge="0" rebuychips="0" reg_code="5076504706"/>
</players>
</general>
<round no="0"><action no="1" player="M1ky3ste92" type="15" sum="5"/>
<action no="2" player="pso6" type="15" discard="1" dealt="1" sum="5"/>
<action no="3" player="M1ky3ste92" type="1" sum="30"/>
<action no="4" player="pso6" type="2" discard="1" dealt="1" sum="60"/>
</round>
<round no="1"><cards type="Pocket" player="pso6">X X</cards>
<cards type="Pocket" player="M1ky3ste92">SJ S5</cards>
<action no="5" player="M1ky3ste92" type="23" sum="387"/>
<action no="6" player="pso6" type="0" discard="1" dealt="1" sum="0"/>
</round>
</game>
<game gamecode="6544202424"><general><startdate>2025-11-29 12:56:52</startdate>
<round>1</round>
<failsafecounter/>
<players><player seat="3" name="M1ky3ste92" chips="457" dealer="0" win="70" bet="65" muck="1" rebuy="0" addon="0" merge="0" rebuychips="0" reg_code="5076504706"/>
<player seat="10" name="pso6" chips="1,043" dealer="1" win="0" bet="35" muck="1" rebuy="0" addon="0" merge="0" rebuychips="0" reg_code="5076506538"/>
</players>
</general>
<round no="0"><action no="1" player="pso6" type="15" discard="1" dealt="1" sum="5"/>
<action no="2" player="M1ky3ste92" type="15" sum="5"/>
<action no="3" player="pso6" type="1" discard="1" dealt="1" sum="30"/>
<action no="4" player="M1ky3ste92" type="2" sum="60"/>
</round>
<round no="1"><cards type="Pocket" player="M1ky3ste92">H8 D3</cards>
<cards type="Pocket" player="pso6">X X</cards>
<action no="5" player="pso6" type="0" discard="1" dealt="1" sum="0"/>
</round>
</game>
<game gamecode="6544202433"><general><startdate>2025-11-29 12:56:57</startdate>
<round>1</round>
<failsafecounter/>
<players><player seat="10" name="pso6" chips="1,008" dealer="0" win="0" bet="492" muck="1" rebuy="0" addon="0" merge="0" rebuychips="0" reg_code="5076506538"/>
<player seat="3" name="M1ky3ste92" chips="492" dealer="1" win="984" bet="492" muck="0" rebuy="0" addon="0" merge="0" rebuychips="0" reg_code="5076504706"/>
</players>
</general>
<round no="0"><action no="1" player="M1ky3ste92" type="15" sum="5"/>
<action no="2" player="pso6" type="15" discard="1" dealt="1" sum="5"/>
<action no="3" player="M1ky3ste92" type="1" sum="30"/>
<action no="4" player="pso6" type="2" discard="1" dealt="1" sum="60"/>
</round>
<round no="1"><cards type="Pocket" player="M1ky3ste92">HK C4</cards>
<cards type="Pocket" player="pso6">S3 SQ</cards>
<action no="5" player="M1ky3ste92" type="23" sum="487"/>
<action no="6" player="pso6" type="3" discard="1" dealt="1" sum="427"/>
</round>
<round no="2"><cards type="Flop">C3 H5 S10</cards>
</round>
<round no="3"><cards type="Turn">H2</cards>
</round>
<round no="4"><cards type="River">C6</cards>
</round>
</game>
<game gamecode="6544202464"><general><startdate>2025-11-29 12:57:15</startdate>
<round>1</round>
<failsafecounter/>
<players><player seat="3" name="M1ky3ste92" chips="984" dealer="0" win="0" bet="65" muck="1" rebuy="0" addon="0" merge="0" rebuychips="0" reg_code="5076504706"/>
<player seat="10" name="pso6" chips="516" dealer="1" win="130" bet="125" muck="1" rebuy="0" addon="0" merge="0" rebuychips="0" reg_code="5076506538"/>
</players>
</general>
<round no="0"><action no="1" player="pso6" type="15" discard="1" dealt="1" sum="5"/>
<action no="2" player="M1ky3ste92" type="15" sum="5"/>
<action no="3" player="pso6" type="1" discard="1" dealt="1" sum="30"/>
<action no="4" player="M1ky3ste92" type="2" sum="60"/>
</round>
<round no="1"><cards type="Pocket" player="pso6">X X</cards>
<cards type="Pocket" player="M1ky3ste92">D9 H4</cards>
<action no="5" player="pso6" type="3" discard="1" dealt="1" sum="30"/>
<action no="6" player="M1ky3ste92" type="4" sum="0"/>
</round>
<round no="2"><cards type="Flop">SK SJ DA</cards>
<action no="7" player="M1ky3ste92" type="4" sum="0"/>
<action no="8" player="pso6" type="5" discard="1" dealt="1" sum="60"/>
<action no="9" player="M1ky3ste92" type="0" sum="0"/>
</round>
</game>
<game gamecode="6544202494"><general><startdate>2025-11-29 12:57:32</startdate>
<round>1</round>
<failsafecounter/>
<players><player seat="10" name="pso6" chips="581" dealer="0" win="0" bet="88" muck="1" rebuy="0" addon="0" merge="0" rebuychips="0" reg_code="5076506538"/>
<player seat="3" name="M1ky3ste92" chips="919" dealer="1" win="176" bet="919" muck="1" rebuy="0" addon="0" merge="0" rebuychips="0" reg_code="5076504706"/>
</players>
</general>
<round no="0"><action no="1" player="M1ky3ste92" type="15" sum="8"/>
<action no="2" player="pso6" type="15" discard="1" dealt="1" sum="8"/>
<action no="3" player="M1ky3ste92" type="1" sum="40"/>
<action no="4" player="pso6" type="2" discard="1" dealt="1" sum="80"/>
</round>
<round no="1"><cards type="Pocket" player="M1ky3ste92">S9 H8</cards>
<cards type="Pocket" player="pso6">X X</cards>
<action no="5" player="M1ky3ste92" type="23" sum="911"/>
<action no="6" player="pso6" type="0" discard="1" dealt="1" sum="0"/>
</round>
</game>
<game gamecode="6544202504"><general><startdate>2025-11-29 12:57:39</startdate>
<round>1</round>
<failsafecounter/>
<players><player seat="3" name="M1ky3ste92" chips="1,007" dealer="0" win="0" bet="88" muck="1" rebuy="0" addon="0" merge="0" rebuychips="0" reg_code="5076504706"/>
<player seat="10" name="pso6" chips="493" dealer="1" win="176" bet="493" muck="1" rebuy="0" addon="0" merge="0" rebuychips="0" reg_code="5076506538"/>
</players>
</general>
<round no="0"><action no="1" player="pso6" type="15" discard="1" dealt="1" sum="8"/>
<action no="2" player="M1ky3ste92" type="15" sum="8"/>
<action no="3" player="pso6" type="1" discard="1" dealt="1" sum="40"/>
<action no="4" player="M1ky3ste92" type="2" sum="80"/>
</round>
<round no="1"><cards type="Pocket" player="M1ky3ste92">C4 S9</cards>
<cards type="Pocket" player="pso6">X X</cards>
<action no="5" player="pso6" type="23" discard="1" dealt="1" sum="485"/>
<action no="6" player="M1ky3ste92" type="0" sum="0"/>
</round>
</game>
<game gamecode="6544206350"><general><startdate>2025-11-29 12:57:50</startdate>
<round>1</round>
<failsafecounter/>
<players><player seat="10" name="pso6" chips="581" dealer="0" win="1,162" bet="581" muck="0" rebuy="0" addon="0" merge="0" rebuychips="0" reg_code="5076506538"/>
<player seat="3" name="M1ky3ste92" chips="919" dealer="1" win="0" bet="919" muck="0" rebuy="0" addon="0" merge="0" rebuychips="0" reg_code="5076504706"/>
</players>
</general>
<round no="0"><action no="1" player="M1ky3ste92" type="15" sum="8"/>
<action no="2" player="pso6" type="15" discard="1" dealt="1" sum="8"/>
<action no="3" player="M1ky3ste92" type="1" sum="40"/>
<action no="4" player="pso6" type="2" discard="1" dealt="1" sum="80"/>
</round>
<round no="1"><cards type="Pocket" player="M1ky3ste92">S8 H7</cards>
<cards type="Pocket" player="pso6">S9 DK</cards>
<action no="5" player="M1ky3ste92" type="23" sum="911"/>
<action no="6" player="pso6" type="7" discard="1" dealt="1" sum="493"/>
</round>
<round no="2"><cards type="Flop">H9 CK D3</cards>
</round>
<round no="3"><cards type="Turn">H4</cards>
</round>
<round no="4"><cards type="River">SK</cards>
</round>
</game>
<game gamecode="6544206389"><general><startdate>2025-11-29 12:58:11</startdate>
<round>1</round>
<failsafecounter/>
<players><player seat="3" name="M1ky3ste92" chips="338" dealer="0" win="0" bet="338" muck="0" rebuy="0" addon="0" merge="0" rebuychips="0" reg_code="5076504706"/>
<player seat="10" name="pso6" chips="1,162" dealer="1" win="676" bet="1,162" muck="0" rebuy="0" addon="0" merge="0" rebuychips="0" reg_code="5076506538"/>
</players>
</general>
<round no="0"><action no="1" player="pso6" type="15" discard="1" dealt="1" sum="8"/>
<action no="2" player="M1ky3ste92" type="15" sum="8"/>
<action no="3" player="pso6" type="1" discard="1" dealt="1" sum="40"/>
<action no="4" player="M1ky3ste92" type="2" sum="80"/>
</round>
<round no="1"><cards type="Pocket" player="M1ky3ste92">DQ CA</cards>
<cards type="Pocket" player="pso6">S9 DK</cards>
<action no="5" player="pso6" type="23" discard="1" dealt="1" sum="1,154"/>
<action no="6" player="M1ky3ste92" type="7" sum="250"/>
</round>
<round no="2"><cards type="Flop">S7 HK SK</cards>
</round>
<round no="3"><cards type="Turn">S2</cards>
</round>
<round no="4"><cards type="River">H4</cards>
</round>
</game>
</session>
