<?xml version="1.0" encoding="UTF-8"?>
<session sessioncode="5076235594">
<general>
<client_version>25.7.1.34</client_version>
<mode>real</mode>
<gametype>Holdem NL</gametype>
<tablename>Twister €100 SNG, 822605931</tablename>
<tournamentcode>822605930</tournamentcode>
<tournamentname>Twister €100 SNG</tournamentname>
<buyin>€0 + €7 + €93</buyin>
<totalbuyin>€100</totalbuyin>
<rewarddrawn>€300</rewarddrawn>
<tournamentcurrency>EUR</tournamentcurrency>
<currency>EUR</currency>
<nickname>M1ky3ste92</nickname>
<gamecount>24</gamecount>
<startdate>2025-11-28 13:44:51</startdate>
<place>2</place>
<win>€0</win>
<tablesize>3</tablesize>
</general>
<game gamecode="6543312157"><general><startdate>2025-11-28 13:45:06</startdate>
<round>1</round>
<failsafecounter/>
<players><player seat="3" name="Cornodimucca" chips="500" dealer="0" win="0" bet="20" muck="1" rebuy="0" addon="0" merge="0" rebuychips="0" reg_code="5076235495"/>
<player seat="6" name="M1ky3ste92" chips="500" dealer="1" win="0" bet="40" muck="1" rebuy="0" addon="0" merge="0" rebuychips="0" reg_code="5076235594"/>
<player seat="10" name="joker898989" chips="500" dealer="0" win="100" bet="100" muck="1" rebuy="0" addon="0" merge="0" rebuychips="0" reg_code="5076235624"/>
</players>
</general>
<round no="0"><action no="1" player="joker898989" type="1" discard="1" dealt="1" sum="10"/>
<action no="2" player="Cornodimucca" type="2" discard="1" dealt="1" sum="20"/>
</round>
<round no="1"><cards type="Pocket" player="M1ky3ste92">SA C6</cards>
<cards type="Pocket" player="joker898989">X X</cards>
<cards type="Pocket" player="Cornodimucca">X X</cards>
<action no="3" player="M1ky3ste92" type="23" sum="40"/>
<action no="4" player="joker898989" type="23" discard="1" dealt="1" sum="100"/>
<action no="5" player="Cornodimucca" type="0" discard="1" dealt="1" sum="0"/>
<action no="6" player="M1ky3ste92" type="0" sum="0"/>
</round>
</game>
<game gamecode="6543312176"><general><startdate>2025-11-28 13:45:20</startdate>
<round>1</round>
<failsafecounter/>
<players><player seat="6" name="M1ky3ste92" chips="460" dealer="0" win="0" bet="20" muck="1" rebuy="0" addon="0" merge="0" rebuychips="0" reg_code="5076235594"/>
<player seat="10" name="joker898989" chips="560" dealer="1" win="50" bet="100" muck="1" rebuy="0" addon="0" merge="0" rebuychips="0" reg_code="5076235624"/>
<player seat="3" name="Cornodimucca" chips="480" dealer="0" win="0" bet="10" muck="1" rebuy="0" addon="0" merge="0" rebuychips="0" reg_code="5076235495"/>
</players>
</general>
<round no="0"><action no="1" player="Cornodimucca" type="1" discard="1" dealt="1" sum="10"/>
<action no="2" player="M1ky3ste92" type="2" sum="20"/>
</round>
<round no="1"><cards type="Pocket" player="Cornodimucca">X X</cards>
<cards type="Pocket" player="M1ky3ste92">SA S2</cards>
<cards type="Pocket" player="joker898989">X X</cards>
<action no="3" player="joker898989" type="23" discard="1" dealt="1" sum="100"/>
<action no="4" player="Cornodimucca" type="0" discard="1" dealt="1" sum="0"/>
<action no="5" player="M1ky3ste92" type="0" sum="0"/>
</round>
</game>
<game gamecode="6543312191"><general><startdate>2025-11-28 13:45:31</startdate>
<round>1</round>
<failsafecounter/>
<players><player seat="10" name="joker898989" chips="590" dealer="0" win="0" bet="20" muck="1" rebuy="0" addon="0" merge="0" rebuychips="0" reg_code="5076235624"/>
<player seat="3" name="Cornodimucca" chips="470" dealer="1" win="0" bet="0" muck="1" rebuy="0" addon="0" merge="0" rebuychips="0" reg_code="5076235495"/>
<player seat="6" name="M1ky3ste92" chips="440" dealer="0" win="40" bet="40" muck="1" rebuy="0" addon="0" merge="0" rebuychips="0" reg_code="5076235594"/>
</players>
</general>
<round no="0"><action no="1" player="M1ky3ste92" type="1" sum="10"/>
<action no="2" player="joker898989" type="2" discard="1" dealt="1" sum="20"/>
</round>
<round no="1"><cards type="Pocket" player="Cornodimucca">X X</cards>
<cards type="Pocket" player="M1ky3ste92">CQ C3</cards>
<cards type="Pocket" player="joker898989">X X</cards>
<action no="3" player="Cornodimucca" type="0" discard="1" dealt="1" sum="0"/>
<action no="4" player="M1ky3ste92" type="3" sum="10"/>
<action no="5" player="joker898989" type="4" discard="1" dealt="1" sum="0"/>
</round>
<round no="2"><cards type="Flop">D4 C6 CK</cards>
<action no="6" player="M1ky3ste92" type="5" sum="20"/>
<action no="7" player="joker898989" type="0" discard="1" dealt="1" sum="0"/>
</round>
</game>
<game gamecode="6543312215"><general><startdate>2025-11-28 13:45:49</startdate>
<round>1</round>
<failsafecounter/>
<players><player seat="3" name="Cornodimucca" chips="470" dealer="0" win="0" bet="40" muck="1" rebuy="0" addon="0" merge="0" rebuychips="0" reg_code="5076235495"/>
<player seat="6" name="M1ky3ste92" chips="460" dealer="1" win="0" bet="40" muck="1" rebuy="0" addon="0" merge="0" rebuychips="0" reg_code="5076235594"/>
<player seat="10" name="joker898989" chips="570" dealer="0" win="120" bet="140" muck="1" rebuy="0" addon="0" merge="0" rebuychips="0" reg_code="5076235624"/>
</players>
</general>
<round no="0"><action no="1" player="joker898989" type="1" discard="1" dealt="1" sum="10"/>
<action no="2" player="Cornodimucca" type="2" discard="1" dealt="1" sum="20"/>
</round>
<round no="1"><cards type="Pocket" player="Cornodimucca">X X</cards>
<cards type="Pocket" player="M1ky3ste92">H10 HQ</cards>
<cards type="Pocket" player="joker898989">X X</cards>
<action no="3" player="M1ky3ste92" type="23" sum="40"/>
<action no="4" player="joker898989" type="3" discard="1" dealt="1" sum="30"/>
<action no="5" player="Cornodimucca" type="3" discard="1" dealt="1" sum="20"/>
</round>
<round no="2"><cards type="Flop">SK D2 S9</cards>
<action no="6" player="joker898989" type="5" discard="1" dealt="1" sum="100"/>
<action no="7" player="Cornodimucca" type="0" discard="1" dealt="1" sum="0"/>
<action no="8" player="M1ky3ste92" type="0" sum="0"/>
</round>
</game>
<game gamecode="6543312244"><general><startdate>2025-11-28 13:46:11</startdate>
<round>1</round>
<failsafecounter/>
<players><player seat="6" name="M1ky3ste92" chips="420" dealer="0" win="0" bet="20" muck="1" rebuy="0" addon="0" merge="0" rebuychips="0" reg_code="5076235594"/>
<player seat="10" name="joker898989" chips="650" dealer="1" win="60" bet="80" muck="1" rebuy="0" addon="0" merge="0" rebuychips="0" reg_code="5076235624"/>
<player seat="3" name="Cornodimucca" chips="430" dealer="0" win="0" bet="20" muck="1" rebuy="0" addon="0" merge="0" rebuychips="0" reg_code="5076235495"/>
</players>
</general>
<round no="0"><action no="1" player="Cornodimucca" type="1" discard="1" dealt="1" sum="10"/>
<action no="2" player="M1ky3ste92" type="2" sum="20"/>
</round>
<round no="1"><cards type="Pocket" player="M1ky3ste92">D9 H10</cards>
<cards type="Pocket" player="Cornodimucca">X X</cards>
<cards type="Pocket" player="joker898989">X X</cards>
<action no="3" player="joker898989" type="3" discard="1" dealt="1" sum="20"/>
<action no="4" player="Cornodimucca" type="3" discard="1" dealt="1" sum="10"/>
<action no="5" player="M1ky3ste92" type="4" sum="0"/>
</round>
<round no="2"><cards type="Flop">C8 C6 S3</cards>
<action no="6" player="Cornodimucca" type="4" discard="1" dealt="1" sum="0"/>
<action no="7" player="M1ky3ste92" type="4" sum="0"/>
<action no="8" player="joker898989" type="5" discard="1" dealt="1" sum="60"/>
<action no="9" player="Cornodimucca" type="0" discard="1" dealt="1" sum="0"/>
<action no="10" player="M1ky3ste92" type="0" sum="0"/>
</round>
</game>
<game gamecode="6543312280"><general><startdate>2025-11-28 13:46:39</startdate>
<round>1</round>
<failsafecounter/>
<players><player seat="10" name="joker898989" chips="690" dealer="0" win="20" bet="20" muck="1" rebuy="0" addon="0" merge="0" rebuychips="0" reg_code="5076235624"/>
<player seat="3" name="Cornodimucca" chips="410" dealer="1" win="0" bet="0" muck="1" rebuy="0" addon="0" merge="0" rebuychips="0" reg_code="5076235495"/>
<player seat="6" name="M1ky3ste92" chips="400" dealer="0" win="0" bet="10" muck="1" rebuy="0" addon="0" merge="0" rebuychips="0" reg_code="5076235594"/>
</players>
</general>
<round no="0"><action no="1" player="M1ky3ste92" type="1" sum="10"/>
<action no="2" player="joker898989" type="2" discard="1" dealt="1" sum="20"/>
</round>
<round no="1"><cards type="Pocket" player="M1ky3ste92">S5 H7</cards>
<cards type="Pocket" player="Cornodimucca">X X</cards>
<cards type="Pocket" player="joker898989">X X</cards>
<action no="3" player="Cornodimucca" type="0" discard="1" dealt="1" sum="0"/>
<action no="4" player="M1ky3ste92" type="0" sum="0"/>
</round>
</game>
<game gamecode="6543312291"><general><startdate>2025-11-28 13:46:52</startdate>
<round>1</round>
<failsafecounter/>
<players><player seat="3" name="Cornodimucca" chips="410" dealer="0" win="0" bet="35" muck="1" rebuy="0" addon="0" merge="0" rebuychips="0" reg_code="5076235495"/>
<player seat="6" name="M1ky3ste92" chips="390" dealer="1" win="0" bet="5" muck="1" rebuy="0" addon="0" merge="0" rebuychips="0" reg_code="5076235594"/>
<player seat="10" name="joker898989" chips="700" dealer="0" win="75" bet="125" muck="1" rebuy="0" addon="0" merge="0" rebuychips="0" reg_code="5076235624"/>
</players>
</general>
<round no="0"><action no="1" player="joker898989" type="15" discard="1" dealt="1" sum="5"/>
<action no="2" player="Cornodimucca" type="15" discard="1" dealt="1" sum="5"/>
<action no="3" player="M1ky3ste92" type="15" sum="5"/>
<action no="4" player="joker898989" type="1" discard="1" dealt="1" sum="15"/>
<action no="5" player="Cornodimucca" type="2" discard="1" dealt="1" sum="30"/>
</round>
<round no="1"><cards type="Pocket" player="joker898989">X X</cards>
<cards type="Pocket" player="M1ky3ste92">SQ C9</cards>
<cards type="Pocket" player="Cornodimucca">X X</cards>
<action no="6" player="M1ky3ste92" type="0" sum="0"/>
<action no="7" player="joker898989" type="23" discard="1" dealt="1" sum="120"/>
<action no="8" player="Cornodimucca" type="0" discard="1" dealt="1" sum="0"/>
</round>
</game>
<game gamecode="6543312314"><general><startdate>2025-11-28 13:47:07</startdate>
<round>1</round>
<failsafecounter/>
<players><player seat="6" name="M1ky3ste92" chips="385" dealer="0" win="0" bet="35" muck="1" rebuy="0" addon="0" merge="0" rebuychips="0" reg_code="5076235594"/>
<player seat="10" name="joker898989" chips="740" dealer="1" win="90" bet="125" muck="1" rebuy="0" addon="0" merge="0" rebuychips="0" reg_code="5076235624"/>
<player seat="3" name="Cornodimucca" chips="375" dealer="0" win="0" bet="20" muck="1" rebuy="0" addon="0" merge="0" rebuychips="0" reg_code="5076235495"/>
</players>
</general>
<round no="0"><action no="1" player="Cornodimucca" type="15" discard="1" dealt="1" sum="5"/>
<action no="2" player="M1ky3ste92" type="15" sum="5"/>
<action no="3" player="joker898989" type="15" discard="1" dealt="1" sum="5"/>
<action no="4" player="Cornodimucca" type="1" discard="1" dealt="1" sum="15"/>
<action no="5" player="M1ky3ste92" type="2" sum="30"/>
</round>
<round no="1"><cards type="Pocket" player="joker898989">X X</cards>
<cards type="Pocket" player="Cornodimucca">X X</cards>
<cards type="Pocket" player="M1ky3ste92">H6 H8</cards>
<action no="6" player="joker898989" type="23" discard="1" dealt="1" sum="120"/>
<action no="7" player="Cornodimucca" type="0" discard="1" dealt="1" sum="0"/>
<action no="8" player="M1ky3ste92" type="0" sum="0"/>
</round>
</game>
<game gamecode="6543312331"><general><startdate>2025-11-28 13:47:23</startdate>
<round>1</round>
<failsafecounter/>
<players><player seat="10" name="joker898989" chips="795" dealer="0" win="0" bet="35" muck="1" rebuy="0" addon="0" merge="0" rebuychips="0" reg_code="5076235624"/>
<player seat="3" name="Cornodimucca" chips="355" dealer="1" win="0" bet="355" muck="0" rebuy="0" addon="0" merge="0" rebuychips="0" reg_code="5076235495"/>
<player seat="6" name="M1ky3ste92" chips="350" dealer="0" win="735" bet="350" muck="0" rebuy="0" addon="0" merge="0" rebuychips="0" reg_code="5076235594"/>
</players>
</general>
<round no="0"><action no="1" player="M1ky3ste92" type="15" sum="5"/>
<action no="2" player="joker898989" type="15" discard="1" dealt="1" sum="5"/>
<action no="3" player="Cornodimucca" type="15" discard="1" dealt="1" sum="5"/>
<action no="4" player="M1ky3ste92" type="1" sum="15"/>
<action no="5" player="joker898989" type="2" discard="1" dealt="1" sum="30"/>
</round>
<round no="1"><cards type="Pocket" player="M1ky3ste92">SK SA</cards>
<cards type="Pocket" player="Cornodimucca">DK D4</cards>
<cards type="Pocket" player="joker898989">X X</cards>
<action no="6" player="Cornodimucca" type="23" discard="1" dealt="1" sum="350"/>
<action no="7" player="M1ky3ste92" type="7" sum="330"/>
<action no="8" player="joker898989" type="0" discard="1" dealt="1" sum="0"/>
</round>
<round no="2"><cards type="Flop">HJ S2 HK</cards>
</round>
<round no="3"><cards type="Turn">D10</cards>
</round>
<round no="4"><cards type="River">DA</cards>
</round>
</game>
<game gamecode="6543312359"><general><startdate>2025-11-28 13:47:45</startdate>
<round>1</round>
<failsafecounter/>
<players><player seat="3" name="Cornodimucca" chips="5" dealer="0" win="0" bet="5" muck="0" rebuy="0" addon="0" merge="0" rebuychips="0" reg_code="5076235495"/>
<player seat="6" name="M1ky3ste92" chips="735" dealer="1" win="0" bet="5" muck="1" rebuy="0" addon="0" merge="0" rebuychips="0" reg_code="5076235594"/>
<player seat="10" name="joker898989" chips="760" dealer="0" win="15" bet="20" muck="0" rebuy="0" addon="0" merge="0" rebuychips="0" reg_code="5076235624"/>
</players>
</general>
<round no="0"><action no="1" player="joker898989" type="15" discard="1" dealt="1" sum="5"/>
<action no="2" player="Cornodimucca" type="15" discard="1" dealt="1" sum="5"/>
<action no="3" player="M1ky3ste92" type="15" sum="5"/>
<action no="4" player="joker898989" type="1" discard="1" dealt="1" sum="15"/>
</round>
<round no="1"><cards type="Pocket" player="M1ky3ste92">S8 H7</cards>
<cards type="Pocket" player="Cornodimucca">D10 D2</cards>
<cards type="Pocket" player="joker898989">C3 SA</cards>
<action no="5" player="M1ky3ste92" type="0" sum="0"/>
</round>
<round no="2"><cards type="Flop">C4 HJ C5</cards>
</round>
<round no="3"><cards type="Turn">S3</cards>
</round>
<round no="4"><cards type="River">DJ</cards>
</round>
</game>
<game gamecode="6543312382"><general><startdate>2025-11-28 13:47:59</startdate>
<round>1</round>
<failsafecounter/>
<players><player seat="6" name="M1ky3ste92" chips="730" dealer="0" win="0" bet="35" muck="1" rebuy="0" addon="0" merge="0" rebuychips="0" reg_code="5076235594"/>
<player seat="10" name="joker898989" chips="770" dealer="1" win="70" bet="125" muck="1" rebuy="0" addon="0" merge="0" rebuychips="0" reg_code="5076235624"/>
</players>
</general>
<round no="0"><action no="1" player="joker898989" type="15" discard="1" dealt="1" sum="5"/>
<action no="2" player="M1ky3ste92" type="15" sum="5"/>
<action no="3" player="joker898989" type="1" discard="1" dealt="1" sum="15"/>
<action no="4" player="M1ky3ste92" type="2" sum="30"/>
</round>
<round no="1"><cards type="Pocket" player="M1ky3ste92">S7 HA</cards>
<cards type="Pocket" player="joker898989">X X</cards>
<action no="5" player="joker898989" type="23" discard="1" dealt="1" sum="120"/>
<action no="6" player="M1ky3ste92" type="0" sum="0"/>
</round>
</game>
<game gamecode="6543312393"><general><startdate>2025-11-28 13:48:09</startdate>
<round>1</round>
<failsafecounter/>
<players><player seat="10" name="joker898989" chips="805" dealer="0" win="70" bet="125" muck="1" rebuy="0" addon="0" merge="0" rebuychips="0" reg_code="5076235624"/>
<player seat="6" name="M1ky3ste92" chips="695" dealer="1" win="0" bet="35" muck="1" rebuy="0" addon="0" merge="0" rebuychips="0" reg_code="5076235594"/>
</players>
</general>
<round no="0"><action no="1" player="M1ky3ste92" type="15" sum="5"/>
<action no="2" player="joker898989" type="15" discard="1" dealt="1" sum="5"/>
<action no="3" player="M1ky3ste92" type="1" sum="15"/>
<action no="4" player="joker898989" type="2" discard="1" dealt="1" sum="30"/>
</round>
<round no="1"><cards type="Pocket" player="joker898989">X X</cards>
<cards type="Pocket" player="M1ky3ste92">S6 C4</cards>
<action no="5" player="M1ky3ste92" type="3" sum="15"/>
<action no="6" player="joker898989" type="23" discard="1" dealt="1" sum="120"/>
<action no="7" player="M1ky3ste92" type="0" sum="0"/>
</round>
</game>
<game gamecode="6543312410"><general><startdate>2025-11-28 13:48:22</startdate>
<round>1</round>
<failsafecounter/>
<players><player seat="6" name="M1ky3ste92" chips="660" dealer="0" win="40" bet="35" muck="1" rebuy="0" addon="0" merge="0" rebuychips="0" reg_code="5076235594"/>
<player seat="10" name="joker898989" chips="840" dealer="1" win="0" bet="20" muck="1" rebuy="0" addon="0" merge="0" rebuychips="0" reg_code="5076235624"/>
</players>
</general>
<round no="0"><action no="1" player="joker898989" type="15" discard="1" dealt="1" sum="5"/>
<action no="2" player="M1ky3ste92" type="15" sum="5"/>
<action no="3" player="joker898989" type="1" discard="1" dealt="1" sum="15"/>
<action no="4" player="M1ky3ste92" type="2" sum="30"/>
</round>
<round no="1"><cards type="Pocket" player="M1ky3ste92">SJ D5</cards>
<cards type="Pocket" player="joker898989">X X</cards>
<action no="5" player="joker898989" type="0" discard="1" dealt="1" sum="0"/>
</round>
</game>
<game gamecode="6543312418"><general><startdate>2025-11-28 13:48:27</startdate>
<round>1</round>
<failsafecounter/>
<players><player seat="10" name="joker898989" chips="820" dealer="0" win="50" bet="45" muck="1" rebuy="0" addon="0" merge="0" rebuychips="0" reg_code="5076235624"/>
<player seat="6" name="M1ky3ste92" chips="680" dealer="1" win="0" bet="25" muck="1" rebuy="0" addon="0" merge="0" rebuychips="0" reg_code="5076235594"/>
</players>
</general>
<round no="0"><action no="1" player="M1ky3ste92" type="15" sum="5"/>
<action no="2" player="joker898989" type="15" discard="1" dealt="1" sum="5"/>
<action no="3" player="M1ky3ste92" type="1" sum="20"/>
<action no="4" player="joker898989" type="2" discard="1" dealt="1" sum="40"/>
</round>
<round no="1"><cards type="Pocket" player="joker898989">X X</cards>
<cards type="Pocket" player="M1ky3ste92">C8 H4</cards>
<action no="5" player="M1ky3ste92" type="0" sum="0"/>
</round>
</game>
<game gamecode="6543312438"><general><startdate>2025-11-28 13:48:41</startdate>
<round>1</round>
<failsafecounter/>
<players><player seat="6" name="M1ky3ste92" chips="655" dealer="0" win="0" bet="165" muck="1" rebuy="0" addon="0" merge="0" rebuychips="0" reg_code="5076235594"/>
<player seat="10" name="joker898989" chips="845" dealer="1" win="330" bet="325" muck="1" rebuy="0" addon="0" merge="0" rebuychips="0" reg_code="5076235624"/>
</players>
</general>
<round no="0"><action no="1" player="joker898989" type="15" discard="1" dealt="1" sum="5"/>
<action no="2" player="M1ky3ste92" type="15" sum="5"/>
<action no="3" player="joker898989" type="1" discard="1" dealt="1" sum="20"/>
<action no="4" player="M1ky3ste92" type="2" sum="40"/>
</round>
<round no="1"><cards type="Pocket" player="M1ky3ste92">H8 HQ</cards>
<cards type="Pocket" player="joker898989">X X</cards>
<action no="5" player="joker898989" type="23" discard="1" dealt="1" sum="160"/>
<action no="6" player="M1ky3ste92" type="3" sum="120"/>
</round>
<round no="2"><cards type="Flop">C6 H3 C7</cards>
<action no="7" player="M1ky3ste92" type="4" sum="0"/>
<action no="8" player="joker898989" type="5" discard="1" dealt="1" sum="160"/>
<action no="9" player="M1ky3ste92" type="0" sum="0"/>
</round>
</game>
<game gamecode="6543312459"><general><startdate>2025-11-28 13:49:00</startdate>
<round>1</round>
<failsafecounter/>
<players><player seat="10" name="joker898989" chips="1,010" dealer="0" win="0" bet="490" muck="1" rebuy="0" addon="0" merge="0" rebuychips="0" reg_code="5076235624"/>
<player seat="6" name="M1ky3ste92" chips="490" dealer="1" win="980" bet="490" muck="0" rebuy="0" addon="0" merge="0" rebuychips="0" reg_code="5076235594"/>
</players>
</general>
<round no="0"><action no="1" player="M1ky3ste92" type="15" sum="5"/>
<action no="2" player="joker898989" type="15" discard="1" dealt="1" sum="5"/>
<action no="3" player="M1ky3ste92" type="1" sum="20"/>
<action no="4" player="joker898989" type="2" discard="1" dealt="1" sum="40"/>
</round>
<round no="1"><cards type="Pocket" player="joker898989">SK S5</cards>
<cards type="Pocket" player="M1ky3ste92">D9 DK</cards>
<action no="5" player="M1ky3ste92" type="3" sum="20"/>
<action no="6" player="joker898989" type="23" discard="1" dealt="1" sum="200"/>
<action no="7" player="M1ky3ste92" type="23" sum="485"/>
<action no="8" player="joker898989" type="3" discard="1" dealt="1" sum="285"/>
</round>
<round no="2"><cards type="Flop">S4 D5 H9</cards>
</round>
<round no="3"><cards type="Turn">H7</cards>
</round>
<round no="4"><cards type="River">CA</cards>
</round>
</game>
<game gamecode="6543312495"><general><startdate>2025-11-28 13:49:21</startdate>
<round>1</round>
<failsafecounter/>
<players><player seat="6" name="M1ky3ste92" chips="980" dealer="0" win="50" bet="45" muck="1" rebuy="0" addon="0" merge="0" rebuychips="0" reg_code="5076235594"/>
<player seat="10" name="joker898989" chips="520" dealer="1" win="0" bet="25" muck="1" rebuy="0" addon="0" merge="0" rebuychips="0" reg_code="5076235624"/>
</players>
</general>
<round no="0"><action no="1" player="joker898989" type="15" discard="1" dealt="1" sum="5"/>
<action no="2" player="M1ky3ste92" type="15" sum="5"/>
<action no="3" player="joker898989" type="1" discard="1" dealt="1" sum="20"/>
<action no="4" player="M1ky3ste92" type="2" sum="40"/>
</round>
<round no="1"><cards type="Pocket" player="joker898989">X X</cards>
<cards type="Pocket" player="M1ky3ste92">CA H5</cards>
<action no="5" player="joker898989" type="0" discard="1" dealt="1" sum="0"/>
</round>
</game>
<game gamecode="6543312503"><general><startdate>2025-11-28 13:49:27</startdate>
<round>1</round>
<failsafecounter/>
<players><player seat="10" name="joker898989" chips="495" dealer="0" win="90" bet="165" muck="1" rebuy="0" addon="0" merge="0" rebuychips="0" reg_code="5076235624"/>
<player seat="6" name="M1ky3ste92" chips="1,005" dealer="1" win="0" bet="45" muck="1" rebuy="0" addon="0" merge="0" rebuychips="0" reg_code="5076235594"/>
</players>
</general>
<round no="0"><action no="1" player="M1ky3ste92" type="15" sum="5"/>
<action no="2" player="joker898989" type="15" discard="1" dealt="1" sum="5"/>
<action no="3" player="M1ky3ste92" type="1" sum="20"/>
<action no="4" player="joker898989" type="2" discard="1" dealt="1" sum="40"/>
</round>
<round no="1"><cards type="Pocket" player="joker898989">X X</cards>
<cards type="Pocket" player="M1ky3ste92">S8 C7</cards>
<action no="5" player="M1ky3ste92" type="3" sum="20"/>
<action no="6" player="joker898989" type="23" discard="1" dealt="1" sum="160"/>
<action no="7" player="M1ky3ste92" type="0" sum="0"/>
</round>
</game>
<game gamecode="6543312514"><general><startdate>2025-11-28 13:49:36</startdate>
<round>1</round>
<failsafecounter/>
<players><player seat="6" name="M1ky3ste92" chips="960" dealer="0" win="50" bet="45" muck="1" rebuy="0" addon="0" merge="0" rebuychips="0" reg_code="5076235594"/>
<player seat="10" name="joker898989" chips="540" dealer="1" win="0" bet="25" muck="1" rebuy="0" addon="0" merge="0" rebuychips="0" reg_code="5076235624"/>
</players>
</general>
<round no="0"><action no="1" player="joker898989" type="15" discard="1" dealt="1" sum="5"/>
<action no="2" player="M1ky3ste92" type="15" sum="5"/>
<action no="3" player="joker898989" type="1" discard="1" dealt="1" sum="20"/>
<action no="4" player="M1ky3ste92" type="2" sum="40"/>
</round>
<round no="1"><cards type="Pocket" player="joker898989">X X</cards>
<cards type="Pocket" player="M1ky3ste92">C4 S4</cards>
<action no="5" player="joker898989" type="0" discard="1" dealt="1" sum="0"/>
</round>
</game>
<game gamecode="6543312522"><general><startdate>2025-11-28 13:49:41</startdate>
<round>1</round>
<failsafecounter/>
<players><player seat="10" name="joker898989" chips="515" dealer="0" win="90" bet="125" muck="1" rebuy="0" addon="0" merge="0" rebuychips="0" reg_code="5076235624"/>
<player seat="6" name="M1ky3ste92" chips="985" dealer="1" win="0" bet="45" muck="1" rebuy="0" addon="0" merge="0" rebuychips="0" reg_code="5076235594"/>
</players>
</general>
<round no="0"><action no="1" player="M1ky3ste92" type="15" sum="5"/>
<action no="2" player="joker898989" type="15" discard="1" dealt="1" sum="5"/>
<action no="3" player="M1ky3ste92" type="1" sum="20"/>
<action no="4" player="joker898989" type="2" discard="1" dealt="1" sum="40"/>
</round>
<round no="1"><cards type="Pocket" player="joker898989">X X</cards>
<cards type="Pocket" player="M1ky3ste92">HK D8</cards>
<action no="5" player="M1ky3ste92" type="3" sum="20"/>
<action no="6" player="joker898989" type="4" discard="1" dealt="1" sum="0"/>
</round>
<round no="2"><cards type="Flop">H3 SA C2</cards>
<action no="7" player="joker898989" type="5" discard="1" dealt="1" sum="80"/>
<action no="8" player="M1ky3ste92" type="0" sum="0"/>
</round>
</game>
<game gamecode="6543312541"><general><startdate>2025-11-28 13:49:53</startdate>
<round>1</round>
<failsafecounter/>
<players><player seat="6" name="M1ky3ste92" chips="940" dealer="0" win="0" bet="45" muck="1" rebuy="0" addon="0" merge="0" rebuychips="0" reg_code="5076235594"/>
<player seat="10" name="joker898989" chips="560" dealer="1" win="90" bet="165" muck="1" rebuy="0" addon="0" merge="0" rebuychips="0" reg_code="5076235624"/>
</players>
</general>
<round no="0"><action no="1" player="joker898989" type="15" discard="1" dealt="1" sum="5"/>
<action no="2" player="M1ky3ste92" type="15" sum="5"/>
<action no="3" player="joker898989" type="1" discard="1" dealt="1" sum="20"/>
<action no="4" player="M1ky3ste92" type="2" sum="40"/>
</round>
<round no="1"><cards type="Pocket" player="M1ky3ste92">D6 DK</cards>
<cards type="Pocket" player="joker898989">X X</cards>
<action no="5" player="joker898989" type="23" discard="1" dealt="1" sum="160"/>
<action no="6" player="M1ky3ste92" type="0" sum="0"/>
</round>
</game>
<game gamecode="6543312557"><general><startdate>2025-11-28 13:50:02</startdate>
<round>1</round>
<failsafecounter/>
<players><player seat="10" name="joker898989" chips="605" dealer="0" win="90" bet="125" muck="1" rebuy="0" addon="0" merge="0" rebuychips="0" reg_code="5076235624"/>
<player seat="6" name="M1ky3ste92" chips="895" dealer="1" win="0" bet="45" muck="1" rebuy="0" addon="0" merge="0" rebuychips="0" reg_code="5076235594"/>
</players>
</general>
<round no="0"><action no="1" player="M1ky3ste92" type="15" sum="5"/>
<action no="2" player="joker898989" type="15" discard="1" dealt="1" sum="5"/>
<action no="3" player="M1ky3ste92" type="1" sum="20"/>
<action no="4" player="joker898989" type="2" discard="1" dealt="1" sum="40"/>
</round>
<round no="1"><cards type="Pocket" player="M1ky3ste92">H9 S5</cards>
<cards type="Pocket" player="joker898989">X X</cards>
<action no="5" player="M1ky3ste92" type="3" sum="20"/>
<action no="6" player="joker898989" type="23" discard="1" dealt="1" sum="120"/>
<action no="7" player="M1ky3ste92" type="0" sum="0"/>
</round>
</game>
<game gamecode="6543312574"><general><startdate>2025-11-28 13:50:13</startdate>
<round>1</round>
<failsafecounter/>
<players><player seat="6" name="M1ky3ste92" chips="850" dealer="0" win="0" bet="850" muck="0" rebuy="0" addon="0" merge="0" rebuychips="0" reg_code="5076235594"/>
<player seat="10" name="joker898989" chips="650" dealer="1" win="1,300" bet="650" muck="0" rebuy="0" addon="0" merge="0" rebuychips="0" reg_code="5076235624"/>
</players>
</general>
<round no="0"><action no="1" player="joker898989" type="15" discard="1" dealt="1" sum="5"/>
<action no="2" player="M1ky3ste92" type="15" sum="5"/>
<action no="3" player="joker898989" type="1" discard="1" dealt="1" sum="30"/>
<action no="4" player="M1ky3ste92" type="2" sum="60"/>
</round>
<round no="1"><cards type="Pocket" player="M1ky3ste92">CA S4</cards>
<cards type="Pocket" player="joker898989">H3 H9</cards>
<action no="5" player="joker898989" type="23" discard="1" dealt="1" sum="180"/>
<action no="6" player="M1ky3ste92" type="23" sum="845"/>
<action no="7" player="joker898989" type="7" discard="1" dealt="1" sum="465"/>
</round>
<round no="2"><cards type="Flop">D9 DQ S2</cards>
</round>
<round no="3"><cards type="Turn">D7</cards>
</round>
<round no="4"><cards type="River">D6</cards>
</round>
</game>
<game gamecode="6543312604"><general><startdate>2025-11-28 13:50:31</startdate>
<round>1</round>
<failsafecounter/>
<players><player seat="10" name="joker898989" chips="1,300" dealer="0" win="400" bet="200" muck="0" rebuy="0" addon="0" merge="0" rebuychips="0" reg_code="5076235624"/>
<player seat="6" name="M1ky3ste92" chips="200" dealer="1" win="0" bet="200" muck="0" rebuy="0" addon="0" merge="0" rebuychips="0" reg_code="5076235594"/>
</players>
</general>
<round no="0"><action no="1" player="M1ky3ste92" type="15" sum="5"/>
<action no="2" player="joker898989" type="15" discard="1" dealt="1" sum="5"/>
<action no="3" player="M1ky3ste92" type="1" sum="30"/>
<action no="4" player="joker898989" type="2" discard="1" dealt="1" sum="60"/>
</round>
<round no="1"><cards type="Pocket" player="joker898989">SA S8</cards>
<cards type="Pocket" player="M1ky3ste92">HJ C6</cards>
<action no="5" player="M1ky3ste92" type="23" sum="195"/>
<action no="6" player="joker898989" type="3" discard="1" dealt="1" sum="135"/>
</round>
<round no="2"><cards type="Flop">S9 DQ S5</cards>
</round>
<round no="3"><cards type="Turn">SK</cards>
</round>
<round no="4"><cards type="River">S4</cards>
</round>
</game>
</session>
