<?xml version="1.0" encoding="UTF-8"?>
<session sessioncode="5076236330">
<general>
<client_version>25.7.1.34</client_version>
<mode>real</mode>
<gametype>Holdem NL</gametype>
<tablename>Twister €100 SNG, 822606115</tablename>
<tournamentcode>822606114</tournamentcode>
<tournamentname>Twister €100 SNG</tournamentname>
<buyin>€0 + €7 + €93</buyin>
<totalbuyin>€100</totalbuyin>
<rewarddrawn>€200</rewarddrawn>
<tournamentcurrency>EUR</tournamentcurrency>
<currency>EUR</currency>
<nickname>M1ky3ste92</nickname>
<gamecount>10</gamecount>
<startdate>2025-11-28 13:49:12</startdate>
<place>3</place>
<win>€0</win>
<tablesize>3</tablesize>
</general>
<game gamecode="6543313351"><general><startdate>2025-11-28 13:49:27</startdate>
<round>1</round>
<failsafecounter/>
<players><player seat="6" name="M1ky3ste92" chips="500" dealer="0" win="90" bet="500" muck="1" rebuy="0" addon="0" merge="0" rebuychips="0" reg_code="5076236330"/>
<player seat="10" name="Thechosenoonee" chips="500" dealer="1" win="0" bet="40" muck="1" rebuy="0" addon="0" merge="0" rebuychips="0" reg_code="5076236346"/>
<player seat="3" name="Cornodimucca" chips="500" dealer="0" win="0" bet="10" muck="1" rebuy="0" addon="0" merge="0" rebuychips="0" reg_code="5076236159"/>
</players>
</general>
<round no="0"><action no="1" player="Cornodimucca" type="1" discard="1" dealt="1" sum="10"/>
<action no="2" player="M1ky3ste92" type="2" sum="20"/>
</round>
<round no="1"><cards type="Pocket" player="M1ky3ste92">D3 C3</cards>
<cards type="Pocket" player="Cornodimucca">X X</cards>
<cards type="Pocket" player="Thechosenoonee">X X</cards>
<action no="3" player="Thechosenoonee" type="23" discard="1" dealt="1" sum="40"/>
<action no="4" player="Cornodimucca" type="0" discard="1" dealt="1" sum="0"/>
<action no="5" player="M1ky3ste92" type="23" sum="500"/>
<action no="6" player="Thechosenoonee" type="0" discard="1" dealt="1" sum="0"/>
</round>
</game>
<game gamecode="6543313368"><general><startdate>2025-11-28 13:49:39</startdate>
<round>1</round>
<failsafecounter/>
<players><player seat="10" name="Thechosenoonee" chips="460" dealer="0" win="0" bet="20" muck="1" rebuy="0" addon="0" merge="0" rebuychips="0" reg_code="5076236346"/>
<player seat="3" name="Cornodimucca" chips="490" dealer="1" win="50" bet="40" muck="1" rebuy="0" addon="0" merge="0" rebuychips="0" reg_code="5076236159"/>
<player seat="6" name="M1ky3ste92" chips="550" dealer="0" win="0" bet="10" muck="1" rebuy="0" addon="0" merge="0" rebuychips="0" reg_code="5076236330"/>
</players>
</general>
<round no="0"><action no="1" player="M1ky3ste92" type="1" sum="10"/>
<action no="2" player="Thechosenoonee" type="2" discard="1" dealt="1" sum="20"/>
</round>
<round no="1"><cards type="Pocket" player="Thechosenoonee">X X</cards>
<cards type="Pocket" player="Cornodimucca">X X</cards>
<cards type="Pocket" player="M1ky3ste92">CK D10</cards>
<action no="3" player="Cornodimucca" type="23" discard="1" dealt="1" sum="40"/>
<action no="4" player="M1ky3ste92" type="0" sum="0"/>
<action no="5" player="Thechosenoonee" type="0" discard="1" dealt="1" sum="0"/>
</round>
</game>
<game gamecode="6543313394"><general><startdate>2025-11-28 13:49:53</startdate>
<round>1</round>
<failsafecounter/>
<players><player seat="3" name="Cornodimucca" chips="520" dealer="0" win="0" bet="20" muck="1" rebuy="0" addon="0" merge="0" rebuychips="0" reg_code="5076236159"/>
<player seat="6" name="M1ky3ste92" chips="540" dealer="1" win="0" bet="0" muck="1" rebuy="0" addon="0" merge="0" rebuychips="0" reg_code="5076236330"/>
<player seat="10" name="Thechosenoonee" chips="440" dealer="0" win="40" bet="20" muck="0" rebuy="0" addon="0" merge="0" rebuychips="0" reg_code="5076236346"/>
</players>
</general>
<round no="0"><action no="1" player="Thechosenoonee" type="1" discard="1" dealt="1" sum="10"/>
<action no="2" player="Cornodimucca" type="2" discard="1" dealt="1" sum="20"/>
</round>
<round no="1"><cards type="Pocket" player="Cornodimucca">C7 D9</cards>
<cards type="Pocket" player="M1ky3ste92">D3 D8</cards>
<cards type="Pocket" player="Thechosenoonee">SQ S5</cards>
<action no="3" player="M1ky3ste92" type="0" sum="0"/>
<action no="4" player="Thechosenoonee" type="3" discard="1" dealt="1" sum="10"/>
<action no="5" player="Cornodimucca" type="4" discard="1" dealt="1" sum="0"/>
</round>
<round no="2"><cards type="Flop">H2 DK CA</cards>
<action no="6" player="Thechosenoonee" type="4" discard="1" dealt="1" sum="0"/>
<action no="7" player="Cornodimucca" type="4" discard="1" dealt="1" sum="0"/>
</round>
<round no="3"><cards type="Turn">H10</cards>
<action no="8" player="Thechosenoonee" type="4" discard="1" dealt="1" sum="0"/>
<action no="9" player="Cornodimucca" type="4" discard="1" dealt="1" sum="0"/>
</round>
<round no="4"><cards type="River">S6</cards>
<action no="10" player="Thechosenoonee" type="4" discard="1" dealt="1" sum="0"/>
<action no="11" player="Cornodimucca" type="4" discard="1" dealt="1" sum="0"/>
</round>
</game>
<game gamecode="6543313467"><general><startdate>2025-11-28 13:50:36</startdate>
<round>1</round>
<failsafecounter/>
<players><player seat="6" name="M1ky3ste92" chips="540" dealer="0" win="20" bet="20" muck="1" rebuy="0" addon="0" merge="0" rebuychips="0" reg_code="5076236330"/>
<player seat="10" name="Thechosenoonee" chips="460" dealer="1" win="0" bet="0" muck="1" rebuy="0" addon="0" merge="0" rebuychips="0" reg_code="5076236346"/>
<player seat="3" name="Cornodimucca" chips="500" dealer="0" win="0" bet="10" muck="1" rebuy="0" addon="0" merge="0" rebuychips="0" reg_code="5076236159"/>
</players>
</general>
<round no="0"><action no="1" player="Cornodimucca" type="1" discard="1" dealt="1" sum="10"/>
<action no="2" player="M1ky3ste92" type="2" sum="20"/>
</round>
<round no="1"><cards type="Pocket" player="M1ky3ste92">S4 SJ</cards>
<cards type="Pocket" player="Cornodimucca">X X</cards>
<cards type="Pocket" player="Thechosenoonee">X X</cards>
<action no="3" player="Thechosenoonee" type="0" discard="1" dealt="1" sum="0"/>
<action no="4" player="Cornodimucca" type="0" discard="1" dealt="1" sum="0"/>
</round>
</game>
<game gamecode="6543313480"><general><startdate>2025-11-28 13:50:44</startdate>
<round>1</round>
<failsafecounter/>
<players><player seat="10" name="Thechosenoonee" chips="460" dealer="0" win="240" bet="120" muck="0" rebuy="0" addon="0" merge="0" rebuychips="0" reg_code="5076236346"/>
<player seat="3" name="Cornodimucca" chips="490" dealer="1" win="0" bet="0" muck="1" rebuy="0" addon="0" merge="0" rebuychips="0" reg_code="5076236159"/>
<player seat="6" name="M1ky3ste92" chips="550" dealer="0" win="0" bet="120" muck="1" rebuy="0" addon="0" merge="0" rebuychips="0" reg_code="5076236330"/>
</players>
</general>
<round no="0"><action no="1" player="M1ky3ste92" type="1" sum="10"/>
<action no="2" player="Thechosenoonee" type="2" discard="1" dealt="1" sum="20"/>
</round>
<round no="1"><cards type="Pocket" player="Thechosenoonee">DJ C5</cards>
<cards type="Pocket" player="M1ky3ste92">H9 S8</cards>
<cards type="Pocket" player="Cornodimucca">X X</cards>
<action no="3" player="Cornodimucca" type="0" discard="1" dealt="1" sum="0"/>
<action no="4" player="M1ky3ste92" type="3" sum="10"/>
<action no="5" player="Thechosenoonee" type="23" discard="1" dealt="1" sum="60"/>
<action no="6" player="M1ky3ste92" type="3" sum="40"/>
</round>
<round no="2"><cards type="Flop">S2 D5 C7</cards>
<action no="7" player="M1ky3ste92" type="4" sum="0"/>
<action no="8" player="Thechosenoonee" type="5" discard="1" dealt="1" sum="60"/>
<action no="9" player="M1ky3ste92" type="3" sum="60"/>
</round>
<round no="3"><cards type="Turn">DA</cards>
<action no="10" player="M1ky3ste92" type="4" sum="0"/>
<action no="11" player="Thechosenoonee" type="4" discard="1" dealt="1" sum="0"/>
</round>
<round no="4"><cards type="River">D4</cards>
<action no="12" player="M1ky3ste92" type="4" sum="0"/>
<action no="13" player="Thechosenoonee" type="4" discard="1" dealt="1" sum="0"/>
</round>
</game>
<game gamecode="6543313554"><general><startdate>2025-11-28 13:51:28</startdate>
<round>1</round>
<failsafecounter/>
<players><player seat="3" name="Cornodimucca" chips="490" dealer="0" win="0" bet="35" muck="1" rebuy="0" addon="0" merge="0" rebuychips="0" reg_code="5076236159"/>
<player seat="6" name="M1ky3ste92" chips="430" dealer="1" win="0" bet="5" muck="1" rebuy="0" addon="0" merge="0" rebuychips="0" reg_code="5076236330"/>
<player seat="10" name="Thechosenoonee" chips="580" dealer="0" win="75" bet="580" muck="1" rebuy="0" addon="0" merge="0" rebuychips="0" reg_code="5076236346"/>
</players>
</general>
<round no="0"><action no="1" player="Thechosenoonee" type="15" discard="1" dealt="1" sum="5"/>
<action no="2" player="Cornodimucca" type="15" discard="1" dealt="1" sum="5"/>
<action no="3" player="M1ky3ste92" type="15" sum="5"/>
<action no="4" player="Thechosenoonee" type="1" discard="1" dealt="1" sum="15"/>
<action no="5" player="Cornodimucca" type="2" discard="1" dealt="1" sum="30"/>
</round>
<round no="1"><cards type="Pocket" player="M1ky3ste92">H6 D9</cards>
<cards type="Pocket" player="Cornodimucca">X X</cards>
<cards type="Pocket" player="Thechosenoonee">X X</cards>
<action no="6" player="M1ky3ste92" type="0" sum="0"/>
<action no="7" player="Thechosenoonee" type="23" discard="1" dealt="1" sum="575"/>
<action no="8" player="Cornodimucca" type="0" discard="1" dealt="1" sum="0"/>
</round>
</game>
<game gamecode="6543313582"><general><startdate>2025-11-28 13:51:45</startdate>
<round>1</round>
<failsafecounter/>
<players><player seat="6" name="M1ky3ste92" chips="425" dealer="0" win="0" bet="35" muck="1" rebuy="0" addon="0" merge="0" rebuychips="0" reg_code="5076236330"/>
<player seat="10" name="Thechosenoonee" chips="620" dealer="1" win="0" bet="5" muck="1" rebuy="0" addon="0" merge="0" rebuychips="0" reg_code="5076236346"/>
<player seat="3" name="Cornodimucca" chips="455" dealer="0" win="75" bet="148" muck="1" rebuy="0" addon="0" merge="0" rebuychips="0" reg_code="5076236159"/>
</players>
</general>
<round no="0"><action no="1" player="Cornodimucca" type="15" discard="1" dealt="1" sum="5"/>
<action no="2" player="M1ky3ste92" type="15" sum="5"/>
<action no="3" player="Thechosenoonee" type="15" discard="1" dealt="1" sum="5"/>
<action no="4" player="Cornodimucca" type="1" discard="1" dealt="1" sum="15"/>
<action no="5" player="M1ky3ste92" type="2" sum="30"/>
</round>
<round no="1"><cards type="Pocket" player="Cornodimucca">X X</cards>
<cards type="Pocket" player="M1ky3ste92">CK S8</cards>
<cards type="Pocket" player="Thechosenoonee">X X</cards>
<action no="6" player="Thechosenoonee" type="0" discard="1" dealt="1" sum="0"/>
<action no="7" player="Cornodimucca" type="3" discard="1" dealt="1" sum="15"/>
<action no="8" player="M1ky3ste92" type="4" sum="0"/>
</round>
<round no="2"><cards type="Flop">DJ H6 CQ</cards>
<action no="9" player="Cornodimucca" type="5" discard="1" dealt="1" sum="113"/>
<action no="10" player="M1ky3ste92" type="0" sum="0"/>
</round>
</game>
<game gamecode="6543313625"><general><startdate>2025-11-28 13:52:10</startdate>
<round>1</round>
<failsafecounter/>
<players><player seat="10" name="Thechosenoonee" chips="615" dealer="0" win="150" bet="615" muck="1" rebuy="0" addon="0" merge="0" rebuychips="0" reg_code="5076236346"/>
<player seat="3" name="Cornodimucca" chips="495" dealer="1" win="0" bet="65" muck="1" rebuy="0" addon="0" merge="0" rebuychips="0" reg_code="5076236159"/>
<player seat="6" name="M1ky3ste92" chips="390" dealer="0" win="0" bet="20" muck="1" rebuy="0" addon="0" merge="0" rebuychips="0" reg_code="5076236330"/>
</players>
</general>
<round no="0"><action no="1" player="M1ky3ste92" type="15" sum="5"/>
<action no="2" player="Thechosenoonee" type="15" discard="1" dealt="1" sum="5"/>
<action no="3" player="Cornodimucca" type="15" discard="1" dealt="1" sum="5"/>
<action no="4" player="M1ky3ste92" type="1" sum="15"/>
<action no="5" player="Thechosenoonee" type="2" discard="1" dealt="1" sum="30"/>
</round>
<round no="1"><cards type="Pocket" player="Thechosenoonee">X X</cards>
<cards type="Pocket" player="Cornodimucca">X X</cards>
<cards type="Pocket" player="M1ky3ste92">H4 C3</cards>
<action no="6" player="Cornodimucca" type="23" discard="1" dealt="1" sum="60"/>
<action no="7" player="M1ky3ste92" type="0" sum="0"/>
<action no="8" player="Thechosenoonee" type="23" discard="1" dealt="1" sum="610"/>
<action no="9" player="Cornodimucca" type="0" discard="1" dealt="1" sum="0"/>
</round>
</game>
<game gamecode="6543313665"><general><startdate>2025-11-28 13:52:32</startdate>
<round>1</round>
<failsafecounter/>
<players><player seat="3" name="Cornodimucca" chips="430" dealer="0" win="255" bet="125" muck="0" rebuy="0" addon="0" merge="0" rebuychips="0" reg_code="5076236159"/>
<player seat="6" name="M1ky3ste92" chips="370" dealer="1" win="0" bet="5" muck="1" rebuy="0" addon="0" merge="0" rebuychips="0" reg_code="5076236330"/>
<player seat="10" name="Thechosenoonee" chips="700" dealer="0" win="0" bet="125" muck="0" rebuy="0" addon="0" merge="0" rebuychips="0" reg_code="5076236346"/>
</players>
</general>
<round no="0"><action no="1" player="Thechosenoonee" type="15" discard="1" dealt="1" sum="5"/>
<action no="2" player="Cornodimucca" type="15" discard="1" dealt="1" sum="5"/>
<action no="3" player="M1ky3ste92" type="15" sum="5"/>
<action no="4" player="Thechosenoonee" type="1" discard="1" dealt="1" sum="15"/>
<action no="5" player="Cornodimucca" type="2" discard="1" dealt="1" sum="30"/>
</round>
<round no="1"><cards type="Pocket" player="M1ky3ste92">HQ H2</cards>
<cards type="Pocket" player="Cornodimucca">H6 DQ</cards>
<cards type="Pocket" player="Thechosenoonee">C4 H5</cards>
<action no="6" player="M1ky3ste92" type="0" sum="0"/>
<action no="7" player="Thechosenoonee" type="3" discard="1" dealt="1" sum="15"/>
<action no="8" player="Cornodimucca" type="4" discard="1" dealt="1" sum="0"/>
</round>
<round no="2"><cards type="Flop">S9 CQ H9</cards>
<action no="9" player="Thechosenoonee" type="4" discard="1" dealt="1" sum="0"/>
<action no="10" player="Cornodimucca" type="4" discard="1" dealt="1" sum="0"/>
</round>
<round no="3"><cards type="Turn">CA</cards>
<action no="11" player="Thechosenoonee" type="4" discard="1" dealt="1" sum="0"/>
<action no="12" player="Cornodimucca" type="4" discard="1" dealt="1" sum="0"/>
</round>
<round no="4"><cards type="River">S2</cards>
<action no="13" player="Thechosenoonee" type="5" discard="1" dealt="1" sum="90"/>
<action no="14" player="Cornodimucca" type="3" discard="1" dealt="1" sum="90"/>
</round>
</game>
<game gamecode="6543313765"><general><startdate>2025-11-28 13:53:31</startdate>
<round>1</round>
<failsafecounter/>
<players><player seat="6" name="M1ky3ste92" chips="365" dealer="0" win="0" bet="365" muck="0" rebuy="0" addon="0" merge="0" rebuychips="0" reg_code="5076236330"/>
<player seat="10" name="Thechosenoonee" chips="575" dealer="1" win="0" bet="5" muck="1" rebuy="0" addon="0" merge="0" rebuychips="0" reg_code="5076236346"/>
<player seat="3" name="Cornodimucca" chips="560" dealer="0" win="735" bet="365" muck="0" rebuy="0" addon="0" merge="0" rebuychips="0" reg_code="5076236159"/>
</players>
</general>
<round no="0"><action no="1" player="Cornodimucca" type="15" discard="1" dealt="1" sum="5"/>
<action no="2" player="M1ky3ste92" type="15" sum="5"/>
<action no="3" player="Thechosenoonee" type="15" discard="1" dealt="1" sum="5"/>
<action no="4" player="Cornodimucca" type="1" discard="1" dealt="1" sum="20"/>
<action no="5" player="M1ky3ste92" type="2" sum="40"/>
</round>
<round no="1"><cards type="Pocket" player="Cornodimucca">SJ C6</cards>
<cards type="Pocket" player="Thechosenoonee">X X</cards>
<cards type="Pocket" player="M1ky3ste92">H2 D6</cards>
<action no="6" player="Thechosenoonee" type="0" discard="1" dealt="1" sum="0"/>
<action no="7" player="Cornodimucca" type="3" discard="1" dealt="1" sum="20"/>
<action no="8" player="M1ky3ste92" type="4" sum="0"/>
</round>
<round no="2"><cards type="Flop">CK DK H6</cards>
<action no="9" player="Cornodimucca" type="5" discard="1" dealt="1" sum="40"/>
<action no="10" player="M1ky3ste92" type="3" sum="40"/>
</round>
<round no="3"><cards type="Turn">D3</cards>
<action no="11" player="Cornodimucca" type="5" discard="1" dealt="1" sum="88"/>
<action no="12" player="M1ky3ste92" type="23" sum="280"/>
<action no="13" player="Cornodimucca" type="3" discard="1" dealt="1" sum="192"/>
</round>
<round no="4"><cards type="River">S10</cards>
</round>
</game>
</session>
