<?xml version="1.0" encoding="UTF-8"?>
<session sessioncode="5076233927">
<general>
<client_version>25.7.1.34</client_version>
<mode>real</mode>
<gametype>Holdem NL</gametype>
<tablename>Twister €100 SNG, 822605045</tablename>
<tournamentcode>822605044</tournamentcode>
<tournamentname>Twister €100 SNG</tournamentname>
<buyin>€0 + €7 + €93</buyin>
<totalbuyin>€100</totalbuyin>
<rewarddrawn>€200</rewarddrawn>
<tournamentcurrency>EUR</tournamentcurrency>
<currency>EUR</currency>
<nickname>M1ky3ste92</nickname>
<gamecount>17</gamecount>
<startdate>2025-11-28 13:33:04</startdate>
<place>1</place>
<win>€200</win>
<tablesize>3</tablesize>
</general>
<game gamecode="6543304746"><general><startdate>2025-11-28 13:33:19</startdate>
<round>1</round>
<failsafecounter/>
<players><player seat="10" name="carl999999" chips="500" dealer="0" win="130" bet="100" muck="1" rebuy="0" addon="0" merge="0" rebuychips="0" reg_code="5076233952"/>
<player seat="3" name="Cornodimucca" chips="500" dealer="1" win="0" bet="60" muck="1" rebuy="0" addon="0" merge="0" rebuychips="0" reg_code="5076233744"/>
<player seat="6" name="M1ky3ste92" chips="500" dealer="0" win="0" bet="10" muck="1" rebuy="0" addon="0" merge="0" rebuychips="0" reg_code="5076233927"/>
</players>
</general>
<round no="0"><action no="1" player="M1ky3ste92" type="1" sum="10"/>
<action no="2" player="carl999999" type="2" discard="1" dealt="1" sum="20"/>
</round>
<round no="1"><cards type="Pocket" player="carl999999">X X</cards>
<cards type="Pocket" player="Cornodimucca">X X</cards>
<cards type="Pocket" player="M1ky3ste92">SA D9</cards>
<action no="3" player="Cornodimucca" type="23" discard="1" dealt="1" sum="40"/>
<action no="4" player="M1ky3ste92" type="0" sum="0"/>
<action no="5" player="carl999999" type="3" discard="1" dealt="1" sum="20"/>
</round>
<round no="2"><cards type="Flop">C7 D6 DK</cards>
<action no="6" player="carl999999" type="5" discard="1" dealt="1" sum="20"/>
<action no="7" player="Cornodimucca" type="3" discard="1" dealt="1" sum="20"/>
</round>
<round no="3"><cards type="Turn">H5</cards>
<action no="8" player="carl999999" type="4" discard="1" dealt="1" sum="0"/>
<action no="9" player="Cornodimucca" type="4" discard="1" dealt="1" sum="0"/>
</round>
<round no="4"><cards type="River">C6</cards>
<action no="10" player="carl999999" type="5" discard="1" dealt="1" sum="40"/>
<action no="11" player="Cornodimucca" type="0" discard="1" dealt="1" sum="0"/>
</round>
</game>
<game gamecode="6543304812"><general><startdate>2025-11-28 13:33:58</startdate>
<round>1</round>
<failsafecounter/>
<players><player seat="3" name="Cornodimucca" chips="440" dealer="0" win="40" bet="40" muck="1" rebuy="0" addon="0" merge="0" rebuychips="0" reg_code="5076233744"/>
<player seat="6" name="M1ky3ste92" chips="490" dealer="1" win="0" bet="0" muck="1" rebuy="0" addon="0" merge="0" rebuychips="0" reg_code="5076233927"/>
<player seat="10" name="carl999999" chips="570" dealer="0" win="0" bet="20" muck="1" rebuy="0" addon="0" merge="0" rebuychips="0" reg_code="5076233952"/>
</players>
</general>
<round no="0"><action no="1" player="carl999999" type="1" discard="1" dealt="1" sum="10"/>
<action no="2" player="Cornodimucca" type="2" discard="1" dealt="1" sum="20"/>
</round>
<round no="1"><cards type="Pocket" player="M1ky3ste92">S6 D2</cards>
<cards type="Pocket" player="Cornodimucca">X X</cards>
<cards type="Pocket" player="carl999999">X X</cards>
<action no="3" player="M1ky3ste92" type="0" sum="0"/>
<action no="4" player="carl999999" type="3" discard="1" dealt="1" sum="10"/>
<action no="5" player="Cornodimucca" type="4" discard="1" dealt="1" sum="0"/>
</round>
<round no="2"><cards type="Flop">D6 H6 S7</cards>
<action no="6" player="carl999999" type="4" discard="1" dealt="1" sum="0"/>
<action no="7" player="Cornodimucca" type="5" discard="1" dealt="1" sum="20"/>
<action no="8" player="carl999999" type="0" discard="1" dealt="1" sum="0"/>
</round>
</game>
<game gamecode="6543304853"><general><startdate>2025-11-28 13:34:17</startdate>
<round>1</round>
<failsafecounter/>
<players><player seat="6" name="M1ky3ste92" chips="490" dealer="0" win="0" bet="20" muck="1" rebuy="0" addon="0" merge="0" rebuychips="0" reg_code="5076233927"/>
<player seat="10" name="carl999999" chips="550" dealer="1" win="940" bet="460" muck="0" rebuy="0" addon="0" merge="0" rebuychips="0" reg_code="5076233952"/>
<player seat="3" name="Cornodimucca" chips="460" dealer="0" win="0" bet="460" muck="0" rebuy="0" addon="0" merge="0" rebuychips="0" reg_code="5076233744"/>
</players>
</general>
<round no="0"><action no="1" player="Cornodimucca" type="1" discard="1" dealt="1" sum="10"/>
<action no="2" player="M1ky3ste92" type="2" sum="20"/>
</round>
<round no="1"><cards type="Pocket" player="M1ky3ste92">S8 HQ</cards>
<cards type="Pocket" player="carl999999">SK S5</cards>
<cards type="Pocket" player="Cornodimucca">HA CA</cards>
<action no="3" player="carl999999" type="3" discard="1" dealt="1" sum="20"/>
<action no="4" player="Cornodimucca" type="23" discard="1" dealt="1" sum="60"/>
<action no="5" player="M1ky3ste92" type="0" sum="0"/>
<action no="6" player="carl999999" type="3" discard="1" dealt="1" sum="40"/>
</round>
<round no="2"><cards type="Flop">H5 C5 SJ</cards>
<action no="7" player="Cornodimucca" type="5" discard="1" dealt="1" sum="35"/>
<action no="8" player="carl999999" type="3" discard="1" dealt="1" sum="35"/>
</round>
<round no="3"><cards type="Turn">S10</cards>
<action no="9" player="Cornodimucca" type="5" discard="1" dealt="1" sum="80"/>
<action no="10" player="carl999999" type="3" discard="1" dealt="1" sum="80"/>
</round>
<round no="4"><cards type="River">D7</cards>
<action no="11" player="Cornodimucca" type="5" discard="1" dealt="1" sum="285"/>
<action no="12" player="carl999999" type="3" discard="1" dealt="1" sum="285"/>
</round>
</game>
<game gamecode="6543304941"><general><startdate>2025-11-28 13:35:07</startdate>
<round>1</round>
<failsafecounter/>
<players><player seat="10" name="carl999999" chips="1,030" dealer="0" win="0" bet="95" muck="1" rebuy="0" addon="0" merge="0" rebuychips="0" reg_code="5076233952"/>
<player seat="6" name="M1ky3ste92" chips="470" dealer="1" win="190" bet="185" muck="1" rebuy="0" addon="0" merge="0" rebuychips="0" reg_code="5076233927"/>
</players>
</general>
<round no="0"><action no="1" player="M1ky3ste92" type="15" sum="5"/>
<action no="2" player="carl999999" type="15" discard="1" dealt="1" sum="5"/>
<action no="3" player="M1ky3ste92" type="1" sum="15"/>
<action no="4" player="carl999999" type="2" discard="1" dealt="1" sum="30"/>
</round>
<round no="1"><cards type="Pocket" player="carl999999">X X</cards>
<cards type="Pocket" player="M1ky3ste92">DA DK</cards>
<action no="5" player="M1ky3ste92" type="23" sum="60"/>
<action no="6" player="carl999999" type="3" discard="1" dealt="1" sum="30"/>
</round>
<round no="2"><cards type="Flop">H9 C5 CA</cards>
<action no="7" player="carl999999" type="5" discard="1" dealt="1" sum="30"/>
<action no="8" player="M1ky3ste92" type="23" sum="120"/>
<action no="9" player="carl999999" type="0" discard="1" dealt="1" sum="0"/>
</round>
</game>
<game gamecode="6543304968"><general><startdate>2025-11-28 13:35:20</startdate>
<round>1</round>
<failsafecounter/>
<players><player seat="6" name="M1ky3ste92" chips="565" dealer="0" win="70" bet="565" muck="1" rebuy="0" addon="0" merge="0" rebuychips="0" reg_code="5076233927"/>
<player seat="10" name="carl999999" chips="935" dealer="1" win="0" bet="35" muck="1" rebuy="0" addon="0" merge="0" rebuychips="0" reg_code="5076233952"/>
</players>
</general>
<round no="0"><action no="1" player="carl999999" type="15" discard="1" dealt="1" sum="5"/>
<action no="2" player="M1ky3ste92" type="15" sum="5"/>
<action no="3" player="carl999999" type="1" discard="1" dealt="1" sum="15"/>
<action no="4" player="M1ky3ste92" type="2" sum="30"/>
</round>
<round no="1"><cards type="Pocket" player="carl999999">X X</cards>
<cards type="Pocket" player="M1ky3ste92">HK SA</cards>
<action no="5" player="carl999999" type="3" discard="1" dealt="1" sum="15"/>
<action no="6" player="M1ky3ste92" type="23" sum="560"/>
<action no="7" player="carl999999" type="0" discard="1" dealt="1" sum="0"/>
</round>
</game>
<game gamecode="6543304989"><general><startdate>2025-11-28 13:35:30</startdate>
<round>1</round>
<failsafecounter/>
<players><player seat="10" name="carl999999" chips="900" dealer="0" win="190" bet="900" muck="1" rebuy="0" addon="0" merge="0" rebuychips="0" reg_code="5076233952"/>
<player seat="6" name="M1ky3ste92" chips="600" dealer="1" win="0" bet="95" muck="1" rebuy="0" addon="0" merge="0" rebuychips="0" reg_code="5076233927"/>
</players>
</general>
<round no="0"><action no="1" player="M1ky3ste92" type="15" sum="5"/>
<action no="2" player="carl999999" type="15" discard="1" dealt="1" sum="5"/>
<action no="3" player="M1ky3ste92" type="1" sum="15"/>
<action no="4" player="carl999999" type="2" discard="1" dealt="1" sum="30"/>
</round>
<round no="1"><cards type="Pocket" player="M1ky3ste92">D10 H9</cards>
<cards type="Pocket" player="carl999999">X X</cards>
<action no="5" player="M1ky3ste92" type="3" sum="15"/>
<action no="6" player="carl999999" type="23" discard="1" dealt="1" sum="60"/>
<action no="7" player="M1ky3ste92" type="23" sum="90"/>
<action no="8" player="carl999999" type="23" discard="1" dealt="1" sum="895"/>
<action no="9" player="M1ky3ste92" type="0" sum="0"/>
</round>
</game>
<game gamecode="6543305029"><general><startdate>2025-11-28 13:35:47</startdate>
<round>1</round>
<failsafecounter/>
<players><player seat="6" name="M1ky3ste92" chips="505" dealer="0" win="190" bet="95" muck="0" rebuy="0" addon="0" merge="0" rebuychips="0" reg_code="5076233927"/>
<player seat="10" name="carl999999" chips="995" dealer="1" win="0" bet="95" muck="0" rebuy="0" addon="0" merge="0" rebuychips="0" reg_code="5076233952"/>
</players>
</general>
<round no="0"><action no="1" player="carl999999" type="15" discard="1" dealt="1" sum="5"/>
<action no="2" player="M1ky3ste92" type="15" sum="5"/>
<action no="3" player="carl999999" type="1" discard="1" dealt="1" sum="15"/>
<action no="4" player="M1ky3ste92" type="2" sum="30"/>
</round>
<round no="1"><cards type="Pocket" player="M1ky3ste92">HK H4</cards>
<cards type="Pocket" player="carl999999">CJ C10</cards>
<action no="5" player="carl999999" type="3" discard="1" dealt="1" sum="15"/>
<action no="6" player="M1ky3ste92" type="4" sum="0"/>
</round>
<round no="2"><cards type="Flop">D4 H7 SK</cards>
<action no="7" player="M1ky3ste92" type="4" sum="0"/>
<action no="8" player="carl999999" type="5" discard="1" dealt="1" sum="30"/>
<action no="9" player="M1ky3ste92" type="3" sum="30"/>
</round>
<round no="3"><cards type="Turn">DJ</cards>
<action no="10" player="M1ky3ste92" type="4" sum="0"/>
<action no="11" player="carl999999" type="4" discard="1" dealt="1" sum="0"/>
</round>
<round no="4"><cards type="River">C7</cards>
<action no="12" player="M1ky3ste92" type="4" sum="0"/>
<action no="13" player="carl999999" type="5" discard="1" dealt="1" sum="30"/>
<action no="14" player="M1ky3ste92" type="3" sum="30"/>
</round>
</game>
<game gamecode="6543305062"><general><startdate>2025-11-28 13:36:09</startdate>
<round>1</round>
<failsafecounter/>
<players><player seat="10" name="carl999999" chips="900" dealer="0" win="190" bet="165" muck="1" rebuy="0" addon="0" merge="0" rebuychips="0" reg_code="5076233952"/>
<player seat="6" name="M1ky3ste92" chips="600" dealer="1" win="0" bet="95" muck="1" rebuy="0" addon="0" merge="0" rebuychips="0" reg_code="5076233927"/>
</players>
</general>
<round no="0"><action no="1" player="M1ky3ste92" type="15" sum="5"/>
<action no="2" player="carl999999" type="15" discard="1" dealt="1" sum="5"/>
<action no="3" player="M1ky3ste92" type="1" sum="15"/>
<action no="4" player="carl999999" type="2" discard="1" dealt="1" sum="30"/>
</round>
<round no="1"><cards type="Pocket" player="carl999999">X X</cards>
<cards type="Pocket" player="M1ky3ste92">HK HJ</cards>
<action no="5" player="M1ky3ste92" type="23" sum="60"/>
<action no="6" player="carl999999" type="3" discard="1" dealt="1" sum="30"/>
</round>
<round no="2"><cards type="Flop">S6 C2 C6</cards>
<action no="7" player="carl999999" type="4" discard="1" dealt="1" sum="0"/>
<action no="8" player="M1ky3ste92" type="4" sum="0"/>
</round>
<round no="3"><cards type="Turn">C7</cards>
<action no="9" player="carl999999" type="5" discard="1" dealt="1" sum="30"/>
<action no="10" player="M1ky3ste92" type="3" sum="30"/>
</round>
<round no="4"><cards type="River">D3</cards>
<action no="11" player="carl999999" type="5" discard="1" dealt="1" sum="70"/>
<action no="12" player="M1ky3ste92" type="0" sum="0"/>
</round>
</game>
<game gamecode="6543305109"><general><startdate>2025-11-28 13:36:35</startdate>
<round>1</round>
<failsafecounter/>
<players><player seat="6" name="M1ky3ste92" chips="505" dealer="0" win="0" bet="35" muck="1" rebuy="0" addon="0" merge="0" rebuychips="0" reg_code="5076233927"/>
<player seat="10" name="carl999999" chips="995" dealer="1" win="70" bet="65" muck="1" rebuy="0" addon="0" merge="0" rebuychips="0" reg_code="5076233952"/>
</players>
</general>
<round no="0"><action no="1" player="carl999999" type="15" discard="1" dealt="1" sum="5"/>
<action no="2" player="M1ky3ste92" type="15" sum="5"/>
<action no="3" player="carl999999" type="1" discard="1" dealt="1" sum="15"/>
<action no="4" player="M1ky3ste92" type="2" sum="30"/>
</round>
<round no="1"><cards type="Pocket" player="carl999999">X X</cards>
<cards type="Pocket" player="M1ky3ste92">H4 DK</cards>
<action no="5" player="carl999999" type="3" discard="1" dealt="1" sum="15"/>
<action no="6" player="M1ky3ste92" type="4" sum="0"/>
</round>
<round no="2"><cards type="Flop">D2 C9 HJ</cards>
<action no="7" player="M1ky3ste92" type="4" sum="0"/>
<action no="8" player="carl999999" type="4" discard="1" dealt="1" sum="0"/>
</round>
<round no="3"><cards type="Turn">C3</cards>
<action no="9" player="M1ky3ste92" type="4" sum="0"/>
<action no="10" player="carl999999" type="4" discard="1" dealt="1" sum="0"/>
</round>
<round no="4"><cards type="River">CA</cards>
<action no="11" player="M1ky3ste92" type="4" sum="0"/>
<action no="12" player="carl999999" type="5" discard="1" dealt="1" sum="30"/>
<action no="13" player="M1ky3ste92" type="0" sum="0"/>
</round>
</game>
<game gamecode="6543305139"><general><startdate>2025-11-28 13:36:53</startdate>
<round>1</round>
<failsafecounter/>
<players><player seat="10" name="carl999999" chips="1,030" dealer="0" win="90" bet="85" muck="1" rebuy="0" addon="0" merge="0" rebuychips="0" reg_code="5076233952"/>
<player seat="6" name="M1ky3ste92" chips="470" dealer="1" win="0" bet="45" muck="1" rebuy="0" addon="0" merge="0" rebuychips="0" reg_code="5076233927"/>
</players>
</general>
<round no="0"><action no="1" player="M1ky3ste92" type="15" sum="5"/>
<action no="2" player="carl999999" type="15" discard="1" dealt="1" sum="5"/>
<action no="3" player="M1ky3ste92" type="1" sum="20"/>
<action no="4" player="carl999999" type="2" discard="1" dealt="1" sum="40"/>
</round>
<round no="1"><cards type="Pocket" player="M1ky3ste92">D6 D4</cards>
<cards type="Pocket" player="carl999999">X X</cards>
<action no="5" player="M1ky3ste92" type="3" sum="20"/>
<action no="6" player="carl999999" type="4" discard="1" dealt="1" sum="0"/>
</round>
<round no="2"><cards type="Flop">DQ HK C7</cards>
<action no="7" player="carl999999" type="5" discard="1" dealt="1" sum="40"/>
<action no="8" player="M1ky3ste92" type="0" sum="0"/>
</round>
</game>
<game gamecode="6543305161"><general><startdate>2025-11-28 13:37:04</startdate>
<round>1</round>
<failsafecounter/>
<players><player seat="6" name="M1ky3ste92" chips="425" dealer="0" win="90" bet="425" muck="1" rebuy="0" addon="0" merge="0" rebuychips="0" reg_code="5076233927"/>
<player seat="10" name="carl999999" chips="1,075" dealer="1" win="0" bet="45" muck="1" rebuy="0" addon="0" merge="0" rebuychips="0" reg_code="5076233952"/>
</players>
</general>
<round no="0"><action no="1" player="carl999999" type="15" discard="1" dealt="1" sum="5"/>
<action no="2" player="M1ky3ste92" type="15" sum="5"/>
<action no="3" player="carl999999" type="1" discard="1" dealt="1" sum="20"/>
<action no="4" player="M1ky3ste92" type="2" sum="40"/>
</round>
<round no="1"><cards type="Pocket" player="carl999999">X X</cards>
<cards type="Pocket" player="M1ky3ste92">SA S8</cards>
<action no="5" player="carl999999" type="3" discard="1" dealt="1" sum="20"/>
<action no="6" player="M1ky3ste92" type="23" sum="420"/>
<action no="7" player="carl999999" type="0" discard="1" dealt="1" sum="0"/>
</round>
</game>
<game gamecode="6543305175"><general><startdate>2025-11-28 13:37:14</startdate>
<round>1</round>
<failsafecounter/>
<players><player seat="10" name="carl999999" chips="1,030" dealer="0" win="0" bet="125" muck="1" rebuy="0" addon="0" merge="0" rebuychips="0" reg_code="5076233952"/>
<player seat="6" name="M1ky3ste92" chips="470" dealer="1" win="250" bet="470" muck="1" rebuy="0" addon="0" merge="0" rebuychips="0" reg_code="5076233927"/>
</players>
</general>
<round no="0"><action no="1" player="M1ky3ste92" type="15" sum="5"/>
<action no="2" player="carl999999" type="15" discard="1" dealt="1" sum="5"/>
<action no="3" player="M1ky3ste92" type="1" sum="20"/>
<action no="4" player="carl999999" type="2" discard="1" dealt="1" sum="40"/>
</round>
<round no="1"><cards type="Pocket" player="M1ky3ste92">H2 DQ</cards>
<cards type="Pocket" player="carl999999">X X</cards>
<action no="5" player="M1ky3ste92" type="3" sum="20"/>
<action no="6" player="carl999999" type="4" discard="1" dealt="1" sum="0"/>
</round>
<round no="2"><cards type="Flop">HQ D8 SQ</cards>
<action no="7" player="carl999999" type="5" discard="1" dealt="1" sum="40"/>
<action no="8" player="M1ky3ste92" type="3" sum="40"/>
</round>
<round no="3"><cards type="Turn">S3</cards>
<action no="9" player="carl999999" type="4" discard="1" dealt="1" sum="0"/>
<action no="10" player="M1ky3ste92" type="4" sum="0"/>
</round>
<round no="4"><cards type="River">CK</cards>
<action no="11" player="carl999999" type="5" discard="1" dealt="1" sum="40"/>
<action no="12" player="M1ky3ste92" type="23" sum="385"/>
<action no="13" player="carl999999" type="0" discard="1" dealt="1" sum="0"/>
</round>
</game>
<game gamecode="6543305208"><general><startdate>2025-11-28 13:37:34</startdate>
<round>1</round>
<failsafecounter/>
<players><player seat="6" name="M1ky3ste92" chips="595" dealer="0" win="0" bet="125" muck="1" rebuy="0" addon="0" merge="0" rebuychips="0" reg_code="5076233927"/>
<player seat="10" name="carl999999" chips="905" dealer="1" win="250" bet="165" muck="1" rebuy="0" addon="0" merge="0" rebuychips="0" reg_code="5076233952"/>
</players>
</general>
<round no="0"><action no="1" player="carl999999" type="15" discard="1" dealt="1" sum="5"/>
<action no="2" player="M1ky3ste92" type="15" sum="5"/>
<action no="3" player="carl999999" type="1" discard="1" dealt="1" sum="20"/>
<action no="4" player="M1ky3ste92" type="2" sum="40"/>
</round>
<round no="1"><cards type="Pocket" player="M1ky3ste92">C7 S10</cards>
<cards type="Pocket" player="carl999999">X X</cards>
<action no="5" player="carl999999" type="3" discard="1" dealt="1" sum="20"/>
<action no="6" player="M1ky3ste92" type="4" sum="0"/>
</round>
<round no="2"><cards type="Flop">SA S7 C3</cards>
<action no="7" player="M1ky3ste92" type="4" sum="0"/>
<action no="8" player="carl999999" type="4" discard="1" dealt="1" sum="0"/>
</round>
<round no="3"><cards type="Turn">H6</cards>
<action no="9" player="M1ky3ste92" type="5" sum="40"/>
<action no="10" player="carl999999" type="3" discard="1" dealt="1" sum="40"/>
</round>
<round no="4"><cards type="River">SQ</cards>
<action no="11" player="M1ky3ste92" type="5" sum="40"/>
<action no="12" player="carl999999" type="23" discard="1" dealt="1" sum="80"/>
<action no="13" player="M1ky3ste92" type="0" sum="0"/>
</round>
</game>
<game gamecode="6543308776"><general><startdate>2025-11-28 13:38:01</startdate>
<round>1</round>
<failsafecounter/>
<players><player seat="10" name="carl999999" chips="1,030" dealer="0" win="0" bet="45" muck="1" rebuy="0" addon="0" merge="0" rebuychips="0" reg_code="5076233952"/>
<player seat="6" name="M1ky3ste92" chips="470" dealer="1" win="90" bet="85" muck="1" rebuy="0" addon="0" merge="0" rebuychips="0" reg_code="5076233927"/>
</players>
</general>
<round no="0"><action no="1" player="M1ky3ste92" type="15" sum="5"/>
<action no="2" player="carl999999" type="15" discard="1" dealt="1" sum="5"/>
<action no="3" player="M1ky3ste92" type="1" sum="20"/>
<action no="4" player="carl999999" type="2" discard="1" dealt="1" sum="40"/>
</round>
<round no="1"><cards type="Pocket" player="M1ky3ste92">C8 S8</cards>
<cards type="Pocket" player="carl999999">X X</cards>
<action no="5" player="M1ky3ste92" type="3" sum="20"/>
<action no="6" player="carl999999" type="4" discard="1" dealt="1" sum="0"/>
</round>
<round no="2"><cards type="Flop">D6 S2 C7</cards>
<action no="7" player="carl999999" type="4" discard="1" dealt="1" sum="0"/>
<action no="8" player="M1ky3ste92" type="5" sum="40"/>
<action no="9" player="carl999999" type="0" discard="1" dealt="1" sum="0"/>
</round>
</game>
<game gamecode="6543308795"><general><startdate>2025-11-28 13:38:14</startdate>
<round>1</round>
<failsafecounter/>
<players><player seat="6" name="M1ky3ste92" chips="515" dealer="0" win="0" bet="45" muck="1" rebuy="0" addon="0" merge="0" rebuychips="0" reg_code="5076233927"/>
<player seat="10" name="carl999999" chips="985" dealer="1" win="90" bet="85" muck="1" rebuy="0" addon="0" merge="0" rebuychips="0" reg_code="5076233952"/>
</players>
</general>
<round no="0"><action no="1" player="carl999999" type="15" discard="1" dealt="1" sum="5"/>
<action no="2" player="M1ky3ste92" type="15" sum="5"/>
<action no="3" player="carl999999" type="1" discard="1" dealt="1" sum="20"/>
<action no="4" player="M1ky3ste92" type="2" sum="40"/>
</round>
<round no="1"><cards type="Pocket" player="M1ky3ste92">S9 D3</cards>
<cards type="Pocket" player="carl999999">X X</cards>
<action no="5" player="carl999999" type="3" discard="1" dealt="1" sum="20"/>
<action no="6" player="M1ky3ste92" type="4" sum="0"/>
</round>
<round no="2"><cards type="Flop">D8 HJ SQ</cards>
<action no="7" player="M1ky3ste92" type="4" sum="0"/>
<action no="8" player="carl999999" type="5" discard="1" dealt="1" sum="40"/>
<action no="9" player="M1ky3ste92" type="0" sum="0"/>
</round>
</game>
<game gamecode="6543308818"><general><startdate>2025-11-28 13:38:26</startdate>
<round>1</round>
<failsafecounter/>
<players><player seat="10" name="carl999999" chips="1,030" dealer="0" win="0" bet="470" muck="1" rebuy="0" addon="0" merge="0" rebuychips="0" reg_code="5076233952"/>
<player seat="6" name="M1ky3ste92" chips="470" dealer="1" win="940" bet="470" muck="0" rebuy="0" addon="0" merge="0" rebuychips="0" reg_code="5076233927"/>
</players>
</general>
<round no="0"><action no="1" player="M1ky3ste92" type="15" sum="5"/>
<action no="2" player="carl999999" type="15" discard="1" dealt="1" sum="5"/>
<action no="3" player="M1ky3ste92" type="1" sum="30"/>
<action no="4" player="carl999999" type="2" discard="1" dealt="1" sum="60"/>
</round>
<round no="1"><cards type="Pocket" player="M1ky3ste92">HQ H8</cards>
<cards type="Pocket" player="carl999999">CK SJ</cards>
<action no="5" player="M1ky3ste92" type="23" sum="465"/>
<action no="6" player="carl999999" type="3" discard="1" dealt="1" sum="405"/>
</round>
<round no="2"><cards type="Flop">HA C2 H5</cards>
</round>
<round no="3"><cards type="Turn">H2</cards>
</round>
<round no="4"><cards type="River">D10</cards>
</round>
</game>
<game gamecode="6543308835"><general><startdate>2025-11-28 13:38:41</startdate>
<round>1</round>
<failsafecounter/>
<players><player seat="6" name="M1ky3ste92" chips="940" dealer="0" win="1,120" bet="940" muck="0" rebuy="0" addon="0" merge="0" rebuychips="0" reg_code="5076233927"/>
<player seat="10" name="carl999999" chips="560" dealer="1" win="0" bet="560" muck="1" rebuy="0" addon="0" merge="0" rebuychips="0" reg_code="5076233952"/>
</players>
</general>
<round no="0"><action no="1" player="carl999999" type="15" discard="1" dealt="1" sum="5"/>
<action no="2" player="M1ky3ste92" type="15" sum="5"/>
<action no="3" player="carl999999" type="1" discard="1" dealt="1" sum="30"/>
<action no="4" player="M1ky3ste92" type="2" sum="60"/>
</round>
<round no="1"><cards type="Pocket" player="carl999999">DK D2</cards>
<cards type="Pocket" player="M1ky3ste92">H9 HQ</cards>
<action no="5" player="carl999999" type="3" discard="1" dealt="1" sum="30"/>
<action no="6" player="M1ky3ste92" type="23" sum="150"/>
<action no="7" player="carl999999" type="3" discard="1" dealt="1" sum="90"/>
</round>
<round no="2"><cards type="Flop">H8 CJ S10</cards>
<action no="8" player="M1ky3ste92" type="4" sum="0"/>
<action no="9" player="carl999999" type="5" discard="1" dealt="1" sum="60"/>
<action no="10" player="M1ky3ste92" type="3" sum="60"/>
</round>
<round no="3"><cards type="Turn">DQ</cards>
<action no="11" player="M1ky3ste92" type="4" sum="0"/>
<action no="12" player="carl999999" type="4" discard="1" dealt="1" sum="0"/>
</round>
<round no="4"><cards type="River">C6</cards>
<action no="13" player="M1ky3ste92" type="4" sum="0"/>
<action no="14" player="carl999999" type="5" discard="1" dealt="1" sum="60"/>
<action no="15" player="M1ky3ste92" type="23" sum="725"/>
<action no="16" player="carl999999" type="7" discard="1" dealt="1" sum="285"/>
</round>
</game>
</session>
