<?xml version="1.0" encoding="UTF-8"?>
<session sessioncode="5076503569">
<general>
<client_version>25.7.1.34</client_version>
<mode>real</mode>
<gametype>Holdem NL</gametype>
<tablename>Twister €100 SNG, 822671432</tablename>
<tournamentcode>822671431</tournamentcode>
<tournamentname>Twister €100 SNG</tournamentname>
<buyin>€0 + €7 + €93</buyin>
<totalbuyin>€100</totalbuyin>
<rewarddrawn>€200</rewarddrawn>
<tournamentcurrency>EUR</tournamentcurrency>
<currency>EUR</currency>
<nickname>M1ky3ste92</nickname>
<gamecount>28</gamecount>
<startdate>2025-11-29 12:30:42</startdate>
<place>2</place>
<win>€0</win>
<tablesize>3</tablesize>
</general>
<game gamecode="6544189278"><general><startdate>2025-11-29 12:30:58</startdate>
<round>1</round>
<failsafecounter/>
<players><player seat="10" name="Crazypoke" chips="500" dealer="0" win="360" bet="360" muck="1" rebuy="0" addon="0" merge="0" rebuychips="0" reg_code="5076503703"/>
<player seat="3" name="M1ky3ste92" chips="500" dealer="1" win="0" bet="0" muck="1" rebuy="0" addon="0" merge="0" rebuychips="0" reg_code="5076503569"/>
<player seat="6" name="king8000" chips="500" dealer="0" win="0" bet="180" muck="1" rebuy="0" addon="0" merge="0" rebuychips="0" reg_code="5076503675"/>
</players>
</general>
<round no="0"><action no="1" player="king8000" type="1" discard="1" dealt="1" sum="10"/>
<action no="2" player="Crazypoke" type="2" discard="1" dealt="1" sum="20"/>
</round>
<round no="1"><cards type="Pocket" player="Crazypoke">X X</cards>
<cards type="Pocket" player="king8000">X X</cards>
<cards type="Pocket" player="M1ky3ste92">C3 S7</cards>
<action no="3" player="M1ky3ste92" type="0" sum="0"/>
<action no="4" player="king8000" type="23" discard="1" dealt="1" sum="60"/>
<action no="5" player="Crazypoke" type="23" discard="1" dealt="1" sum="180"/>
<action no="6" player="king8000" type="3" discard="1" dealt="1" sum="120"/>
</round>
<round no="2"><cards type="Flop">D5 D2 HK</cards>
<action no="7" player="king8000" type="4" discard="1" dealt="1" sum="0"/>
<action no="8" player="Crazypoke" type="5" discard="1" dealt="1" sum="180"/>
<action no="9" player="king8000" type="0" discard="1" dealt="1" sum="0"/>
</round>
</game>
<game gamecode="6544189295"><general><startdate>2025-11-29 12:31:13</startdate>
<round>1</round>
<failsafecounter/>
<players><player seat="3" name="M1ky3ste92" chips="500" dealer="0" win="0" bet="20" muck="1" rebuy="0" addon="0" merge="0" rebuychips="0" reg_code="5076503569"/>
<player seat="6" name="king8000" chips="320" dealer="1" win="660" bet="320" muck="0" rebuy="0" addon="0" merge="0" rebuychips="0" reg_code="5076503675"/>
<player seat="10" name="Crazypoke" chips="680" dealer="0" win="0" bet="680" muck="1" rebuy="0" addon="0" merge="0" rebuychips="0" reg_code="5076503703"/>
</players>
</general>
<round no="0"><action no="1" player="Crazypoke" type="1" discard="1" dealt="1" sum="10"/>
<action no="2" player="M1ky3ste92" type="2" sum="20"/>
</round>
<round no="1"><cards type="Pocket" player="M1ky3ste92">DA C8</cards>
<cards type="Pocket" player="king8000">D9 D5</cards>
<cards type="Pocket" player="Crazypoke">DQ H10</cards>
<action no="3" player="king8000" type="23" discard="1" dealt="1" sum="60"/>
<action no="4" player="Crazypoke" type="23" discard="1" dealt="1" sum="100"/>
<action no="5" player="M1ky3ste92" type="0" sum="0"/>
<action no="6" player="king8000" type="3" discard="1" dealt="1" sum="40"/>
</round>
<round no="2"><cards type="Flop">D4 SK D3</cards>
<action no="7" player="Crazypoke" type="5" discard="1" dealt="1" sum="110"/>
<action no="8" player="king8000" type="3" discard="1" dealt="1" sum="110"/>
</round>
<round no="3"><cards type="Turn">C7</cards>
<action no="9" player="Crazypoke" type="5" discard="1" dealt="1" sum="470"/>
<action no="10" player="king8000" type="7" discard="1" dealt="1" sum="110"/>
</round>
<round no="4"><cards type="River">DJ</cards>
</round>
</game>
<game gamecode="6544189329"><general><startdate>2025-11-29 12:31:34</startdate>
<round>1</round>
<failsafecounter/>
<players><player seat="6" name="king8000" chips="660" dealer="0" win="110" bet="660" muck="1" rebuy="0" addon="0" merge="0" rebuychips="0" reg_code="5076503675"/>
<player seat="10" name="Crazypoke" chips="360" dealer="1" win="0" bet="50" muck="1" rebuy="0" addon="0" merge="0" rebuychips="0" reg_code="5076503703"/>
<player seat="3" name="M1ky3ste92" chips="480" dealer="0" win="0" bet="10" muck="1" rebuy="0" addon="0" merge="0" rebuychips="0" reg_code="5076503569"/>
</players>
</general>
<round no="0"><action no="1" player="M1ky3ste92" type="1" sum="10"/>
<action no="2" player="king8000" type="2" discard="1" dealt="1" sum="20"/>
</round>
<round no="1"><cards type="Pocket" player="Crazypoke">X X</cards>
<cards type="Pocket" player="M1ky3ste92">DJ H4</cards>
<cards type="Pocket" player="king8000">X X</cards>
<action no="3" player="Crazypoke" type="23" discard="1" dealt="1" sum="50"/>
<action no="4" player="M1ky3ste92" type="0" sum="0"/>
<action no="5" player="king8000" type="23" discard="1" dealt="1" sum="660"/>
<action no="6" player="Crazypoke" type="0" discard="1" dealt="1" sum="0"/>
</round>
</game>
<game gamecode="6544189341"><general><startdate>2025-11-29 12:31:46</startdate>
<round>1</round>
<failsafecounter/>
<players><player seat="10" name="Crazypoke" chips="310" dealer="0" win="0" bet="220" muck="0" rebuy="0" addon="0" merge="0" rebuychips="0" reg_code="5076503703"/>
<player seat="3" name="M1ky3ste92" chips="470" dealer="1" win="480" bet="220" muck="0" rebuy="0" addon="0" merge="0" rebuychips="0" reg_code="5076503569"/>
<player seat="6" name="king8000" chips="720" dealer="0" win="0" bet="40" muck="1" rebuy="0" addon="0" merge="0" rebuychips="0" reg_code="5076503675"/>
</players>
</general>
<round no="0"><action no="1" player="king8000" type="1" discard="1" dealt="1" sum="10"/>
<action no="2" player="Crazypoke" type="2" discard="1" dealt="1" sum="20"/>
</round>
<round no="1"><cards type="Pocket" player="Crazypoke">H5 CJ</cards>
<cards type="Pocket" player="king8000">X X</cards>
<cards type="Pocket" player="M1ky3ste92">C10 DQ</cards>
<action no="3" player="M1ky3ste92" type="23" sum="40"/>
<action no="4" player="king8000" type="3" discard="1" dealt="1" sum="30"/>
<action no="5" player="Crazypoke" type="3" discard="1" dealt="1" sum="20"/>
</round>
<round no="2"><cards type="Flop">H7 C4 CK</cards>
<action no="6" player="king8000" type="4" discard="1" dealt="1" sum="0"/>
<action no="7" player="Crazypoke" type="4" discard="1" dealt="1" sum="0"/>
<action no="8" player="M1ky3ste92" type="4" sum="0"/>
</round>
<round no="3"><cards type="Turn">HQ</cards>
<action no="9" player="king8000" type="4" discard="1" dealt="1" sum="0"/>
<action no="10" player="Crazypoke" type="5" discard="1" dealt="1" sum="60"/>
<action no="11" player="M1ky3ste92" type="3" sum="60"/>
<action no="12" player="king8000" type="0" discard="1" dealt="1" sum="0"/>
</round>
<round no="4"><cards type="River">D8</cards>
<action no="13" player="Crazypoke" type="5" discard="1" dealt="1" sum="120"/>
<action no="14" player="M1ky3ste92" type="3" sum="120"/>
</round>
</game>
<game gamecode="6544189375"><general><startdate>2025-11-29 12:32:14</startdate>
<round>1</round>
<failsafecounter/>
<players><player seat="3" name="M1ky3ste92" chips="730" dealer="0" win="0" bet="20" muck="1" rebuy="0" addon="0" merge="0" rebuychips="0" reg_code="5076503569"/>
<player seat="6" name="king8000" chips="680" dealer="1" win="0" bet="90" muck="1" rebuy="0" addon="0" merge="0" rebuychips="0" reg_code="5076503675"/>
<player seat="10" name="Crazypoke" chips="90" dealer="0" win="200" bet="90" muck="0" rebuy="0" addon="0" merge="0" rebuychips="0" reg_code="5076503703"/>
</players>
</general>
<round no="0"><action no="1" player="Crazypoke" type="1" discard="1" dealt="1" sum="10"/>
<action no="2" player="M1ky3ste92" type="2" sum="20"/>
</round>
<round no="1"><cards type="Pocket" player="king8000">D6 C8</cards>
<cards type="Pocket" player="M1ky3ste92">C9 S8</cards>
<cards type="Pocket" player="Crazypoke">DK S6</cards>
<action no="3" player="king8000" type="23" discard="1" dealt="1" sum="40"/>
<action no="4" player="Crazypoke" type="23" discard="1" dealt="1" sum="90"/>
<action no="5" player="M1ky3ste92" type="0" sum="0"/>
<action no="6" player="king8000" type="3" discard="1" dealt="1" sum="50"/>
</round>
<round no="2"><cards type="Flop">D5 SA D3</cards>
</round>
<round no="3"><cards type="Turn">CJ</cards>
</round>
<round no="4"><cards type="River">S3</cards>
</round>
</game>
<game gamecode="6544189397"><general><startdate>2025-11-29 12:32:31</startdate>
<round>1</round>
<failsafecounter/>
<players><player seat="6" name="king8000" chips="590" dealer="0" win="0" bet="20" muck="1" rebuy="0" addon="0" merge="0" rebuychips="0" reg_code="5076503675"/>
<player seat="10" name="Crazypoke" chips="200" dealer="1" win="0" bet="200" muck="0" rebuy="0" addon="0" merge="0" rebuychips="0" reg_code="5076503703"/>
<player seat="3" name="M1ky3ste92" chips="710" dealer="0" win="420" bet="710" muck="0" rebuy="0" addon="0" merge="0" rebuychips="0" reg_code="5076503569"/>
</players>
</general>
<round no="0"><action no="1" player="M1ky3ste92" type="1" sum="10"/>
<action no="2" player="king8000" type="2" discard="1" dealt="1" sum="20"/>
</round>
<round no="1"><cards type="Pocket" player="king8000">X X</cards>
<cards type="Pocket" player="M1ky3ste92">CQ CA</cards>
<cards type="Pocket" player="Crazypoke">HA D4</cards>
<action no="3" player="Crazypoke" type="23" discard="1" dealt="1" sum="60"/>
<action no="4" player="M1ky3ste92" type="23" sum="710"/>
<action no="5" player="king8000" type="0" discard="1" dealt="1" sum="0"/>
<action no="6" player="Crazypoke" type="7" discard="1" dealt="1" sum="140"/>
</round>
<round no="2"><cards type="Flop">S9 CK CJ</cards>
</round>
<round no="3"><cards type="Turn">C4</cards>
</round>
<round no="4"><cards type="River">H4</cards>
</round>
</game>
<game gamecode="6544189420"><general><startdate>2025-11-29 12:32:50</startdate>
<round>1</round>
<failsafecounter/>
<players><player seat="6" name="king8000" chips="570" dealer="0" win="40" bet="35" muck="1" rebuy="0" addon="0" merge="0" rebuychips="0" reg_code="5076503675"/>
<player seat="3" name="M1ky3ste92" chips="930" dealer="1" win="0" bet="20" muck="1" rebuy="0" addon="0" merge="0" rebuychips="0" reg_code="5076503569"/>
</players>
</general>
<round no="0"><action no="1" player="M1ky3ste92" type="15" sum="5"/>
<action no="2" player="king8000" type="15" discard="1" dealt="1" sum="5"/>
<action no="3" player="M1ky3ste92" type="1" sum="15"/>
<action no="4" player="king8000" type="2" discard="1" dealt="1" sum="30"/>
</round>
<round no="1"><cards type="Pocket" player="king8000">X X</cards>
<cards type="Pocket" player="M1ky3ste92">S3 H6</cards>
<action no="5" player="M1ky3ste92" type="0" sum="0"/>
</round>
</game>
<game gamecode="6544189432"><general><startdate>2025-11-29 12:32:55</startdate>
<round>1</round>
<failsafecounter/>
<players><player seat="3" name="M1ky3ste92" chips="910" dealer="0" win="0" bet="65" muck="1" rebuy="0" addon="0" merge="0" rebuychips="0" reg_code="5076503569"/>
<player seat="6" name="king8000" chips="590" dealer="1" win="130" bet="195" muck="1" rebuy="0" addon="0" merge="0" rebuychips="0" reg_code="5076503675"/>
</players>
</general>
<round no="0"><action no="1" player="king8000" type="15" discard="1" dealt="1" sum="5"/>
<action no="2" player="M1ky3ste92" type="15" sum="5"/>
<action no="3" player="king8000" type="1" discard="1" dealt="1" sum="15"/>
<action no="4" player="M1ky3ste92" type="2" sum="30"/>
</round>
<round no="1"><cards type="Pocket" player="king8000">X X</cards>
<cards type="Pocket" player="M1ky3ste92">D5 S6</cards>
<action no="5" player="king8000" type="23" discard="1" dealt="1" sum="60"/>
<action no="6" player="M1ky3ste92" type="3" sum="30"/>
</round>
<round no="2"><cards type="Flop">D8 HK SJ</cards>
<action no="7" player="M1ky3ste92" type="4" sum="0"/>
<action no="8" player="king8000" type="5" discard="1" dealt="1" sum="130"/>
<action no="9" player="M1ky3ste92" type="0" sum="0"/>
</round>
</game>
<game gamecode="6544189448"><general><startdate>2025-11-29 12:33:07</startdate>
<round>1</round>
<failsafecounter/>
<players><player seat="6" name="king8000" chips="655" dealer="0" win="310" bet="155" muck="0" rebuy="0" addon="0" merge="0" rebuychips="0" reg_code="5076503675"/>
<player seat="3" name="M1ky3ste92" chips="845" dealer="1" win="0" bet="155" muck="1" rebuy="0" addon="0" merge="0" rebuychips="0" reg_code="5076503569"/>
</players>
</general>
<round no="0"><action no="1" player="M1ky3ste92" type="15" sum="5"/>
<action no="2" player="king8000" type="15" discard="1" dealt="1" sum="5"/>
<action no="3" player="M1ky3ste92" type="1" sum="15"/>
<action no="4" player="king8000" type="2" discard="1" dealt="1" sum="30"/>
</round>
<round no="1"><cards type="Pocket" player="king8000">D3 SK</cards>
<cards type="Pocket" player="M1ky3ste92">C6 CQ</cards>
<action no="5" player="M1ky3ste92" type="3" sum="15"/>
<action no="6" player="king8000" type="4" discard="1" dealt="1" sum="0"/>
</round>
<round no="2"><cards type="Flop">D6 CK CA</cards>
<action no="7" player="king8000" type="4" discard="1" dealt="1" sum="0"/>
<action no="8" player="M1ky3ste92" type="5" sum="30"/>
<action no="9" player="king8000" type="3" discard="1" dealt="1" sum="30"/>
</round>
<round no="3"><cards type="Turn">D9</cards>
<action no="10" player="king8000" type="4" discard="1" dealt="1" sum="0"/>
<action no="11" player="M1ky3ste92" type="5" sum="90"/>
<action no="12" player="king8000" type="3" discard="1" dealt="1" sum="90"/>
</round>
<round no="4"><cards type="River">HJ</cards>
<action no="13" player="king8000" type="4" discard="1" dealt="1" sum="0"/>
<action no="14" player="M1ky3ste92" type="4" sum="0"/>
</round>
</game>
<game gamecode="6544189474"><general><startdate>2025-11-29 12:33:24</startdate>
<round>1</round>
<failsafecounter/>
<players><player seat="3" name="M1ky3ste92" chips="690" dealer="0" win="0" bet="35" muck="1" rebuy="0" addon="0" merge="0" rebuychips="0" reg_code="5076503569"/>
<player seat="6" name="king8000" chips="810" dealer="1" win="70" bet="65" muck="1" rebuy="0" addon="0" merge="0" rebuychips="0" reg_code="5076503675"/>
</players>
</general>
<round no="0"><action no="1" player="king8000" type="15" discard="1" dealt="1" sum="5"/>
<action no="2" player="M1ky3ste92" type="15" sum="5"/>
<action no="3" player="king8000" type="1" discard="1" dealt="1" sum="15"/>
<action no="4" player="M1ky3ste92" type="2" sum="30"/>
</round>
<round no="1"><cards type="Pocket" player="M1ky3ste92">HQ D6</cards>
<cards type="Pocket" player="king8000">X X</cards>
<action no="5" player="king8000" type="23" discard="1" dealt="1" sum="60"/>
<action no="6" player="M1ky3ste92" type="0" sum="0"/>
</round>
</game>
<game gamecode="6544189484"><general><startdate>2025-11-29 12:33:29</startdate>
<round>1</round>
<failsafecounter/>
<players><player seat="6" name="king8000" chips="845" dealer="0" win="130" bet="130" muck="1" rebuy="0" addon="0" merge="0" rebuychips="0" reg_code="5076503675"/>
<player seat="3" name="M1ky3ste92" chips="655" dealer="1" win="0" bet="65" muck="1" rebuy="0" addon="0" merge="0" rebuychips="0" reg_code="5076503569"/>
</players>
</general>
<round no="0"><action no="1" player="M1ky3ste92" type="15" sum="5"/>
<action no="2" player="king8000" type="15" discard="1" dealt="1" sum="5"/>
<action no="3" player="M1ky3ste92" type="1" sum="15"/>
<action no="4" player="king8000" type="2" discard="1" dealt="1" sum="30"/>
</round>
<round no="1"><cards type="Pocket" player="M1ky3ste92">C6 CJ</cards>
<cards type="Pocket" player="king8000">X X</cards>
<action no="5" player="M1ky3ste92" type="3" sum="15"/>
<action no="6" player="king8000" type="23" discard="1" dealt="1" sum="60"/>
<action no="7" player="M1ky3ste92" type="3" sum="30"/>
</round>
<round no="2"><cards type="Flop">HQ H7 C4</cards>
<action no="8" player="king8000" type="5" discard="1" dealt="1" sum="65"/>
<action no="9" player="M1ky3ste92" type="0" sum="0"/>
</round>
</game>
<game gamecode="6544189504"><general><startdate>2025-11-29 12:33:41</startdate>
<round>1</round>
<failsafecounter/>
<players><player seat="3" name="M1ky3ste92" chips="590" dealer="0" win="130" bet="590" muck="1" rebuy="0" addon="0" merge="0" rebuychips="0" reg_code="5076503569"/>
<player seat="6" name="king8000" chips="910" dealer="1" win="0" bet="65" muck="1" rebuy="0" addon="0" merge="0" rebuychips="0" reg_code="5076503675"/>
</players>
</general>
<round no="0"><action no="1" player="king8000" type="15" discard="1" dealt="1" sum="5"/>
<action no="2" player="M1ky3ste92" type="15" sum="5"/>
<action no="3" player="king8000" type="1" discard="1" dealt="1" sum="15"/>
<action no="4" player="M1ky3ste92" type="2" sum="30"/>
</round>
<round no="1"><cards type="Pocket" player="king8000">X X</cards>
<cards type="Pocket" player="M1ky3ste92">SA D8</cards>
<action no="5" player="king8000" type="23" discard="1" dealt="1" sum="60"/>
<action no="6" player="M1ky3ste92" type="23" sum="585"/>
<action no="7" player="king8000" type="0" discard="1" dealt="1" sum="0"/>
</round>
</game>
<game gamecode="6544193595"><general><startdate>2025-11-29 12:33:51</startdate>
<round>1</round>
<failsafecounter/>
<players><player seat="6" name="king8000" chips="845" dealer="0" win="260" bet="260" muck="1" rebuy="0" addon="0" merge="0" rebuychips="0" reg_code="5076503675"/>
<player seat="3" name="M1ky3ste92" chips="655" dealer="1" win="0" bet="130" muck="1" rebuy="0" addon="0" merge="0" rebuychips="0" reg_code="5076503569"/>
</players>
</general>
<round no="0"><action no="1" player="M1ky3ste92" type="15" sum="5"/>
<action no="2" player="king8000" type="15" discard="1" dealt="1" sum="5"/>
<action no="3" player="M1ky3ste92" type="1" sum="15"/>
<action no="4" player="king8000" type="2" discard="1" dealt="1" sum="30"/>
</round>
<round no="1"><cards type="Pocket" player="M1ky3ste92">H9 H10</cards>
<cards type="Pocket" player="king8000">X X</cards>
<action no="5" player="M1ky3ste92" type="3" sum="15"/>
<action no="6" player="king8000" type="23" discard="1" dealt="1" sum="60"/>
<action no="7" player="M1ky3ste92" type="3" sum="30"/>
</round>
<round no="2"><cards type="Flop">S3 H3 C8</cards>
<action no="8" player="king8000" type="5" discard="1" dealt="1" sum="65"/>
<action no="9" player="M1ky3ste92" type="3" sum="65"/>
</round>
<round no="3"><cards type="Turn">H8</cards>
<action no="10" player="king8000" type="5" discard="1" dealt="1" sum="130"/>
<action no="11" player="M1ky3ste92" type="0" sum="0"/>
</round>
</game>
<game gamecode="6544193639"><general><startdate>2025-11-29 12:34:16</startdate>
<round>1</round>
<failsafecounter/>
<players><player seat="3" name="M1ky3ste92" chips="525" dealer="0" win="0" bet="45" muck="1" rebuy="0" addon="0" merge="0" rebuychips="0" reg_code="5076503569"/>
<player seat="6" name="king8000" chips="975" dealer="1" win="90" bet="85" muck="1" rebuy="0" addon="0" merge="0" rebuychips="0" reg_code="5076503675"/>
</players>
</general>
<round no="0"><action no="1" player="king8000" type="15" discard="1" dealt="1" sum="5"/>
<action no="2" player="M1ky3ste92" type="15" sum="5"/>
<action no="3" player="king8000" type="1" discard="1" dealt="1" sum="20"/>
<action no="4" player="M1ky3ste92" type="2" sum="40"/>
</round>
<round no="1"><cards type="Pocket" player="king8000">X X</cards>
<cards type="Pocket" player="M1ky3ste92">H2 HQ</cards>
<action no="5" player="king8000" type="23" discard="1" dealt="1" sum="80"/>
<action no="6" player="M1ky3ste92" type="0" sum="0"/>
</round>
</game>
<game gamecode="6544193649"><general><startdate>2025-11-29 12:34:23</startdate>
<round>1</round>
<failsafecounter/>
<players><player seat="6" name="king8000" chips="1,020" dealer="0" win="0" bet="45" muck="1" rebuy="0" addon="0" merge="0" rebuychips="0" reg_code="5076503675"/>
<player seat="3" name="M1ky3ste92" chips="480" dealer="1" win="90" bet="480" muck="1" rebuy="0" addon="0" merge="0" rebuychips="0" reg_code="5076503569"/>
</players>
</general>
<round no="0"><action no="1" player="M1ky3ste92" type="15" sum="5"/>
<action no="2" player="king8000" type="15" discard="1" dealt="1" sum="5"/>
<action no="3" player="M1ky3ste92" type="1" sum="20"/>
<action no="4" player="king8000" type="2" discard="1" dealt="1" sum="40"/>
</round>
<round no="1"><cards type="Pocket" player="M1ky3ste92">S9 HK</cards>
<cards type="Pocket" player="king8000">X X</cards>
<action no="5" player="M1ky3ste92" type="23" sum="475"/>
<action no="6" player="king8000" type="0" discard="1" dealt="1" sum="0"/>
</round>
</game>
<game gamecode="6544193661"><general><startdate>2025-11-29 12:34:30</startdate>
<round>1</round>
<failsafecounter/>
<players><player seat="3" name="M1ky3ste92" chips="525" dealer="0" win="170" bet="125" muck="1" rebuy="0" addon="0" merge="0" rebuychips="0" reg_code="5076503569"/>
<player seat="6" name="king8000" chips="975" dealer="1" win="0" bet="85" muck="1" rebuy="0" addon="0" merge="0" rebuychips="0" reg_code="5076503675"/>
</players>
</general>
<round no="0"><action no="1" player="king8000" type="15" discard="1" dealt="1" sum="5"/>
<action no="2" player="M1ky3ste92" type="15" sum="5"/>
<action no="3" player="king8000" type="1" discard="1" dealt="1" sum="20"/>
<action no="4" player="M1ky3ste92" type="2" sum="40"/>
</round>
<round no="1"><cards type="Pocket" player="M1ky3ste92">S6 D8</cards>
<cards type="Pocket" player="king8000">X X</cards>
<action no="5" player="king8000" type="3" discard="1" dealt="1" sum="20"/>
<action no="6" player="M1ky3ste92" type="4" sum="0"/>
</round>
<round no="2"><cards type="Flop">HJ S8 D6</cards>
<action no="7" player="M1ky3ste92" type="4" sum="0"/>
<action no="8" player="king8000" type="4" discard="1" dealt="1" sum="0"/>
</round>
<round no="3"><cards type="Turn">S3</cards>
<action no="9" player="M1ky3ste92" type="5" sum="40"/>
<action no="10" player="king8000" type="3" discard="1" dealt="1" sum="40"/>
</round>
<round no="4"><cards type="River">CJ</cards>
<action no="11" player="M1ky3ste92" type="5" sum="40"/>
<action no="12" player="king8000" type="0" discard="1" dealt="1" sum="0"/>
</round>
</game>
<game gamecode="6544193684"><general><startdate>2025-11-29 12:34:45</startdate>
<round>1</round>
<failsafecounter/>
<players><player seat="6" name="king8000" chips="890" dealer="0" win="50" bet="45" muck="1" rebuy="0" addon="0" merge="0" rebuychips="0" reg_code="5076503675"/>
<player seat="3" name="M1ky3ste92" chips="610" dealer="1" win="0" bet="25" muck="1" rebuy="0" addon="0" merge="0" rebuychips="0" reg_code="5076503569"/>
</players>
</general>
<round no="0"><action no="1" player="M1ky3ste92" type="15" sum="5"/>
<action no="2" player="king8000" type="15" discard="1" dealt="1" sum="5"/>
<action no="3" player="M1ky3ste92" type="1" sum="20"/>
<action no="4" player="king8000" type="2" discard="1" dealt="1" sum="40"/>
</round>
<round no="1"><cards type="Pocket" player="king8000">X X</cards>
<cards type="Pocket" player="M1ky3ste92">H2 S3</cards>
<action no="5" player="M1ky3ste92" type="0" sum="0"/>
</round>
</game>
<game gamecode="6544193692"><general><startdate>2025-11-29 12:34:50</startdate>
<round>1</round>
<failsafecounter/>
<players><player seat="3" name="M1ky3ste92" chips="585" dealer="0" win="0" bet="45" muck="1" rebuy="0" addon="0" merge="0" rebuychips="0" reg_code="5076503569"/>
<player seat="6" name="king8000" chips="915" dealer="1" win="90" bet="85" muck="1" rebuy="0" addon="0" merge="0" rebuychips="0" reg_code="5076503675"/>
</players>
</general>
<round no="0"><action no="1" player="king8000" type="15" discard="1" dealt="1" sum="5"/>
<action no="2" player="M1ky3ste92" type="15" sum="5"/>
<action no="3" player="king8000" type="1" discard="1" dealt="1" sum="20"/>
<action no="4" player="M1ky3ste92" type="2" sum="40"/>
</round>
<round no="1"><cards type="Pocket" player="king8000">X X</cards>
<cards type="Pocket" player="M1ky3ste92">D10 S3</cards>
<action no="5" player="king8000" type="23" discard="1" dealt="1" sum="80"/>
<action no="6" player="M1ky3ste92" type="0" sum="0"/>
</round>
</game>
<game gamecode="6544193703"><general><startdate>2025-11-29 12:34:57</startdate>
<round>1</round>
<failsafecounter/>
<players><player seat="6" name="king8000" chips="960" dealer="0" win="170" bet="85" muck="0" rebuy="0" addon="0" merge="0" rebuychips="0" reg_code="5076503675"/>
<player seat="3" name="M1ky3ste92" chips="540" dealer="1" win="0" bet="85" muck="1" rebuy="0" addon="0" merge="0" rebuychips="0" reg_code="5076503569"/>
</players>
</general>
<round no="0"><action no="1" player="M1ky3ste92" type="15" sum="5"/>
<action no="2" player="king8000" type="15" discard="1" dealt="1" sum="5"/>
<action no="3" player="M1ky3ste92" type="1" sum="20"/>
<action no="4" player="king8000" type="2" discard="1" dealt="1" sum="40"/>
</round>
<round no="1"><cards type="Pocket" player="M1ky3ste92">C6 C9</cards>
<cards type="Pocket" player="king8000">C8 CQ</cards>
<action no="5" player="M1ky3ste92" type="3" sum="20"/>
<action no="6" player="king8000" type="4" discard="1" dealt="1" sum="0"/>
</round>
<round no="2"><cards type="Flop">S8 S6 D10</cards>
<action no="7" player="king8000" type="4" discard="1" dealt="1" sum="0"/>
<action no="8" player="M1ky3ste92" type="4" sum="0"/>
</round>
<round no="3"><cards type="Turn">C2</cards>
<action no="9" player="king8000" type="5" discard="1" dealt="1" sum="40"/>
<action no="10" player="M1ky3ste92" type="3" sum="40"/>
</round>
<round no="4"><cards type="River">SA</cards>
<action no="11" player="king8000" type="4" discard="1" dealt="1" sum="0"/>
<action no="12" player="M1ky3ste92" type="4" sum="0"/>
</round>
</game>
<game gamecode="6544193731"><general><startdate>2025-11-29 12:35:21</startdate>
<round>1</round>
<failsafecounter/>
<players><player seat="3" name="M1ky3ste92" chips="455" dealer="0" win="0" bet="45" muck="1" rebuy="0" addon="0" merge="0" rebuychips="0" reg_code="5076503569"/>
<player seat="6" name="king8000" chips="1,045" dealer="1" win="90" bet="85" muck="1" rebuy="0" addon="0" merge="0" rebuychips="0" reg_code="5076503675"/>
</players>
</general>
<round no="0"><action no="1" player="king8000" type="15" discard="1" dealt="1" sum="5"/>
<action no="2" player="M1ky3ste92" type="15" sum="5"/>
<action no="3" player="king8000" type="1" discard="1" dealt="1" sum="20"/>
<action no="4" player="M1ky3ste92" type="2" sum="40"/>
</round>
<round no="1"><cards type="Pocket" player="king8000">X X</cards>
<cards type="Pocket" player="M1ky3ste92">D4 CJ</cards>
<action no="5" player="king8000" type="3" discard="1" dealt="1" sum="20"/>
<action no="6" player="M1ky3ste92" type="4" sum="0"/>
</round>
<round no="2"><cards type="Flop">D9 H10 H2</cards>
<action no="7" player="M1ky3ste92" type="4" sum="0"/>
<action no="8" player="king8000" type="4" discard="1" dealt="1" sum="0"/>
</round>
<round no="3"><cards type="Turn">C10</cards>
<action no="9" player="M1ky3ste92" type="4" sum="0"/>
<action no="10" player="king8000" type="4" discard="1" dealt="1" sum="0"/>
</round>
<round no="4"><cards type="River">DQ</cards>
<action no="11" player="M1ky3ste92" type="4" sum="0"/>
<action no="12" player="king8000" type="5" discard="1" dealt="1" sum="40"/>
<action no="13" player="M1ky3ste92" type="0" sum="0"/>
</round>
</game>
<game gamecode="6544193759"><general><startdate>2025-11-29 12:35:47</startdate>
<round>1</round>
<failsafecounter/>
<players><player seat="6" name="king8000" chips="1,090" dealer="0" win="0" bet="125" muck="1" rebuy="0" addon="0" merge="0" rebuychips="0" reg_code="5076503675"/>
<player seat="3" name="M1ky3ste92" chips="410" dealer="1" win="250" bet="125" muck="0" rebuy="0" addon="0" merge="0" rebuychips="0" reg_code="5076503569"/>
</players>
</general>
<round no="0"><action no="1" player="M1ky3ste92" type="15" sum="5"/>
<action no="2" player="king8000" type="15" discard="1" dealt="1" sum="5"/>
<action no="3" player="M1ky3ste92" type="1" sum="20"/>
<action no="4" player="king8000" type="2" discard="1" dealt="1" sum="40"/>
</round>
<round no="1"><cards type="Pocket" player="M1ky3ste92">D7 H4</cards>
<cards type="Pocket" player="king8000">C3 DJ</cards>
<action no="5" player="M1ky3ste92" type="3" sum="20"/>
<action no="6" player="king8000" type="4" discard="1" dealt="1" sum="0"/>
</round>
<round no="2"><cards type="Flop">S6 C4 C6</cards>
<action no="7" player="king8000" type="4" discard="1" dealt="1" sum="0"/>
<action no="8" player="M1ky3ste92" type="5" sum="40"/>
<action no="9" player="king8000" type="3" discard="1" dealt="1" sum="40"/>
</round>
<round no="3"><cards type="Turn">S8</cards>
<action no="10" player="king8000" type="4" discard="1" dealt="1" sum="0"/>
<action no="11" player="M1ky3ste92" type="5" sum="40"/>
<action no="12" player="king8000" type="3" discard="1" dealt="1" sum="40"/>
</round>
<round no="4"><cards type="River">CK</cards>
<action no="13" player="king8000" type="4" discard="1" dealt="1" sum="0"/>
<action no="14" player="M1ky3ste92" type="4" sum="0"/>
</round>
</game>
<game gamecode="6544193782"><general><startdate>2025-11-29 12:36:06</startdate>
<round>1</round>
<failsafecounter/>
<players><player seat="3" name="M1ky3ste92" chips="535" dealer="0" win="0" bet="125" muck="1" rebuy="0" addon="0" merge="0" rebuychips="0" reg_code="5076503569"/>
<player seat="6" name="king8000" chips="965" dealer="1" win="250" bet="185" muck="1" rebuy="0" addon="0" merge="0" rebuychips="0" reg_code="5076503675"/>
</players>
</general>
<round no="0"><action no="1" player="king8000" type="15" discard="1" dealt="1" sum="5"/>
<action no="2" player="M1ky3ste92" type="15" sum="5"/>
<action no="3" player="king8000" type="1" discard="1" dealt="1" sum="30"/>
<action no="4" player="M1ky3ste92" type="2" sum="60"/>
</round>
<round no="1"><cards type="Pocket" player="king8000">X X</cards>
<cards type="Pocket" player="M1ky3ste92">S7 H3</cards>
<action no="5" player="king8000" type="3" discard="1" dealt="1" sum="30"/>
<action no="6" player="M1ky3ste92" type="4" sum="0"/>
</round>
<round no="2"><cards type="Flop">SK D7 C8</cards>
<action no="7" player="M1ky3ste92" type="4" sum="0"/>
<action no="8" player="king8000" type="5" discard="1" dealt="1" sum="60"/>
<action no="9" player="M1ky3ste92" type="3" sum="60"/>
</round>
<round no="3"><cards type="Turn">D10</cards>
<action no="10" player="M1ky3ste92" type="4" sum="0"/>
<action no="11" player="king8000" type="5" discard="1" dealt="1" sum="60"/>
<action no="12" player="M1ky3ste92" type="0" sum="0"/>
</round>
</game>
<game gamecode="6544193799"><general><startdate>2025-11-29 12:36:17</startdate>
<round>1</round>
<failsafecounter/>
<players><player seat="6" name="king8000" chips="1,090" dealer="0" win="250" bet="185" muck="1" rebuy="0" addon="0" merge="0" rebuychips="0" reg_code="5076503675"/>
<player seat="3" name="M1ky3ste92" chips="410" dealer="1" win="0" bet="125" muck="1" rebuy="0" addon="0" merge="0" rebuychips="0" reg_code="5076503569"/>
</players>
</general>
<round no="0"><action no="1" player="M1ky3ste92" type="15" sum="5"/>
<action no="2" player="king8000" type="15" discard="1" dealt="1" sum="5"/>
<action no="3" player="M1ky3ste92" type="1" sum="30"/>
<action no="4" player="king8000" type="2" discard="1" dealt="1" sum="60"/>
</round>
<round no="1"><cards type="Pocket" player="M1ky3ste92">C8 C3</cards>
<cards type="Pocket" player="king8000">X X</cards>
<action no="5" player="M1ky3ste92" type="3" sum="30"/>
<action no="6" player="king8000" type="4" discard="1" dealt="1" sum="0"/>
</round>
<round no="2"><cards type="Flop">DJ H9 SA</cards>
<action no="7" player="king8000" type="4" discard="1" dealt="1" sum="0"/>
<action no="8" player="M1ky3ste92" type="5" sum="60"/>
<action no="9" player="king8000" type="23" discard="1" dealt="1" sum="120"/>
<action no="10" player="M1ky3ste92" type="0" sum="0"/>
</round>
</game>
<game gamecode="6544193814"><general><startdate>2025-11-29 12:36:27</startdate>
<round>1</round>
<failsafecounter/>
<players><player seat="3" name="M1ky3ste92" chips="285" dealer="0" win="250" bet="285" muck="1" rebuy="0" addon="0" merge="0" rebuychips="0" reg_code="5076503569"/>
<player seat="6" name="king8000" chips="1,215" dealer="1" win="0" bet="125" muck="1" rebuy="0" addon="0" merge="0" rebuychips="0" reg_code="5076503675"/>
</players>
</general>
<round no="0"><action no="1" player="king8000" type="15" discard="1" dealt="1" sum="5"/>
<action no="2" player="M1ky3ste92" type="15" sum="5"/>
<action no="3" player="king8000" type="1" discard="1" dealt="1" sum="30"/>
<action no="4" player="M1ky3ste92" type="2" sum="60"/>
</round>
<round no="1"><cards type="Pocket" player="king8000">X X</cards>
<cards type="Pocket" player="M1ky3ste92">D6 C9</cards>
<action no="5" player="king8000" type="3" discard="1" dealt="1" sum="30"/>
<action no="6" player="M1ky3ste92" type="4" sum="0"/>
</round>
<round no="2"><cards type="Flop">S7 HA H9</cards>
<action no="7" player="M1ky3ste92" type="4" sum="0"/>
<action no="8" player="king8000" type="4" discard="1" dealt="1" sum="0"/>
</round>
<round no="3"><cards type="Turn">S6</cards>
<action no="9" player="M1ky3ste92" type="5" sum="60"/>
<action no="10" player="king8000" type="3" discard="1" dealt="1" sum="60"/>
</round>
<round no="4"><cards type="River">D8</cards>
<action no="11" player="M1ky3ste92" type="5" sum="160"/>
<action no="12" player="king8000" type="0" discard="1" dealt="1" sum="0"/>
</round>
</game>
<game gamecode="6544193834"><general><startdate>2025-11-29 12:36:43</startdate>
<round>1</round>
<failsafecounter/>
<players><player seat="6" name="king8000" chips="1,090" dealer="0" win="70" bet="65" muck="1" rebuy="0" addon="0" merge="0" rebuychips="0" reg_code="5076503675"/>
<player seat="3" name="M1ky3ste92" chips="410" dealer="1" win="0" bet="35" muck="1" rebuy="0" addon="0" merge="0" rebuychips="0" reg_code="5076503569"/>
</players>
</general>
<round no="0"><action no="1" player="M1ky3ste92" type="15" sum="5"/>
<action no="2" player="king8000" type="15" discard="1" dealt="1" sum="5"/>
<action no="3" player="M1ky3ste92" type="1" sum="30"/>
<action no="4" player="king8000" type="2" discard="1" dealt="1" sum="60"/>
</round>
<round no="1"><cards type="Pocket" player="king8000">X X</cards>
<cards type="Pocket" player="M1ky3ste92">D8 H2</cards>
<action no="5" player="M1ky3ste92" type="0" sum="0"/>
</round>
</game>
<game gamecode="6544193846"><general><startdate>2025-11-29 12:36:49</startdate>
<round>1</round>
<failsafecounter/>
<players><player seat="3" name="M1ky3ste92" chips="375" dealer="0" win="130" bet="375" muck="1" rebuy="0" addon="0" merge="0" rebuychips="0" reg_code="5076503569"/>
<player seat="6" name="king8000" chips="1,125" dealer="1" win="0" bet="65" muck="1" rebuy="0" addon="0" merge="0" rebuychips="0" reg_code="5076503675"/>
</players>
</general>
<round no="0"><action no="1" player="king8000" type="15" discard="1" dealt="1" sum="5"/>
<action no="2" player="M1ky3ste92" type="15" sum="5"/>
<action no="3" player="king8000" type="1" discard="1" dealt="1" sum="30"/>
<action no="4" player="M1ky3ste92" type="2" sum="60"/>
</round>
<round no="1"><cards type="Pocket" player="king8000">X X</cards>
<cards type="Pocket" player="M1ky3ste92">SA H10</cards>
<action no="5" player="king8000" type="3" discard="1" dealt="1" sum="30"/>
<action no="6" player="M1ky3ste92" type="23" sum="370"/>
<action no="7" player="king8000" type="0" discard="1" dealt="1" sum="0"/>
</round>
</game>
<game gamecode="6544193855"><general><startdate>2025-11-29 12:36:56</startdate>
<round>1</round>
<failsafecounter/>
<players><player seat="6" name="king8000" chips="1,060" dealer="0" win="70" bet="65" muck="1" rebuy="0" addon="0" merge="0" rebuychips="0" reg_code="5076503675"/>
<player seat="3" name="M1ky3ste92" chips="440" dealer="1" win="0" bet="35" muck="1" rebuy="0" addon="0" merge="0" rebuychips="0" reg_code="5076503569"/>
</players>
</general>
<round no="0"><action no="1" player="M1ky3ste92" type="15" sum="5"/>
<action no="2" player="king8000" type="15" discard="1" dealt="1" sum="5"/>
<action no="3" player="M1ky3ste92" type="1" sum="30"/>
<action no="4" player="king8000" type="2" discard="1" dealt="1" sum="60"/>
</round>
<round no="1"><cards type="Pocket" player="king8000">X X</cards>
<cards type="Pocket" player="M1ky3ste92">D4 C10</cards>
<action no="5" player="M1ky3ste92" type="0" sum="0"/>
</round>
</game>
<game gamecode="6544193865"><general><startdate>2025-11-29 12:37:01</startdate>
<round>1</round>
<failsafecounter/>
<players><player seat="3" name="M1ky3ste92" chips="405" dealer="0" win="0" bet="405" muck="0" rebuy="0" addon="0" merge="0" rebuychips="0" reg_code="5076503569"/>
<player seat="6" name="king8000" chips="1,095" dealer="1" win="810" bet="405" muck="0" rebuy="0" addon="0" merge="0" rebuychips="0" reg_code="5076503675"/>
</players>
</general>
<round no="0"><action no="1" player="king8000" type="15" discard="1" dealt="1" sum="5"/>
<action no="2" player="M1ky3ste92" type="15" sum="5"/>
<action no="3" player="king8000" type="1" discard="1" dealt="1" sum="30"/>
<action no="4" player="M1ky3ste92" type="2" sum="60"/>
</round>
<round no="1"><cards type="Pocket" player="king8000">C6 CA</cards>
<cards type="Pocket" player="M1ky3ste92">C10 HK</cards>
<action no="5" player="king8000" type="23" discard="1" dealt="1" sum="120"/>
<action no="6" player="M1ky3ste92" type="23" sum="400"/>
<action no="7" player="king8000" type="3" discard="1" dealt="1" sum="280"/>
</round>
<round no="2"><cards type="Flop">S8 D9 C4</cards>
</round>
<round no="3"><cards type="Turn">H3</cards>
</round>
<round no="4"><cards type="River">D3</cards>
</round>
</game>
</session>
