<?xml version="1.0" encoding="UTF-8"?>
<session sessioncode="5085678667">
<general>
<client_version>25.7.1.50</client_version>
<mode>real</mode>
<gametype>Holdem NL</gametype>
<tablename>Twister €100 SNG, 825405716</tablename>
<tournamentcode>825405715</tournamentcode>
<tournamentname>Twister €100 SNG</tournamentname>
<buyin>€0 + €7 + €93</buyin>
<totalbuyin>€100</totalbuyin>
<rewarddrawn>€200</rewarddrawn>
<tournamentcurrency>EUR</tournamentcurrency>
<currency>EUR</currency>
<nickname>M1ky3ste92</nickname>
<gamecount>36</gamecount>
<startdate>2026-01-02 13:54:42</startdate>
<place>1</place>
<win>€200</win>
<tablesize>3</tablesize>
</general>
<game gamecode="6579872313"><general>
<startdate>2026-01-02 13:54:57</startdate>
<round>1</round>
<failsafecounter/>
<players><player seat="10" name="oiuhdyij" chips="500" dealer="0" win="40" bet="40" muck="1" rebuy="0" addon="0" merge="0" rebuychips="0" reg_code="5085678789"/>
<player seat="3" name="LolloCausto" chips="500" dealer="1" win="0" bet="0" muck="1" rebuy="0" addon="0" merge="0" rebuychips="0" reg_code="5085678288"/>
<player seat="6" name="M1ky3ste92" chips="500" dealer="0" win="0" bet="20" muck="1" rebuy="0" addon="0" merge="0" rebuychips="0" reg_code="5085678667"/>
</players>
</general>
<round no="0"><action no="1" player="M1ky3ste92" type="1" sum="10"/>
<action no="2" player="oiuhdyij" type="2" discard="1" dealt="1" sum="20"/>
</round>
<round no="1"><cards type="Pocket" player="M1ky3ste92">DJ C7</cards>
<cards type="Pocket" player="oiuhdyij">X X</cards>
<cards type="Pocket" player="LolloCausto">X X</cards>
<action no="3" player="LolloCausto" type="0" discard="1" dealt="1" sum="0"/>
<action no="4" player="M1ky3ste92" type="3" sum="10"/>
<action no="5" player="oiuhdyij" type="4" discard="1" dealt="1" sum="0"/>
</round>
<round no="2"><cards type="Flop">H9 CK C9</cards>
<action no="6" player="M1ky3ste92" type="4" sum="0"/>
<action no="7" player="oiuhdyij" type="5" discard="1" dealt="1" sum="20"/>
<action no="8" player="M1ky3ste92" type="0" sum="0"/>
</round>
</game>
<game gamecode="6579872507"><general>
<startdate>2026-01-02 13:55:27</startdate>
<round>1</round>
<failsafecounter/>
<players><player seat="3" name="LolloCausto" chips="500" dealer="0" win="40" bet="40" muck="1" rebuy="0" addon="0" merge="0" rebuychips="0" reg_code="5085678288"/>
<player seat="6" name="M1ky3ste92" chips="480" dealer="1" win="0" bet="0" muck="1" rebuy="0" addon="0" merge="0" rebuychips="0" reg_code="5085678667"/>
<player seat="10" name="oiuhdyij" chips="520" dealer="0" win="0" bet="20" muck="1" rebuy="0" addon="0" merge="0" rebuychips="0" reg_code="5085678789"/>
</players>
</general>
<round no="0"><action no="1" player="oiuhdyij" type="1" discard="1" dealt="1" sum="10"/>
<action no="2" player="LolloCausto" type="2" discard="1" dealt="1" sum="20"/>
</round>
<round no="1"><cards type="Pocket" player="oiuhdyij">X X</cards>
<cards type="Pocket" player="M1ky3ste92">C3 D2</cards>
<cards type="Pocket" player="LolloCausto">X X</cards>
<action no="3" player="M1ky3ste92" type="0" sum="0"/>
<action no="4" player="oiuhdyij" type="3" discard="1" dealt="1" sum="10"/>
<action no="5" player="LolloCausto" type="4" discard="1" dealt="1" sum="0"/>
</round>
<round no="2"><cards type="Flop">H4 C7 S7</cards>
<action no="6" player="oiuhdyij" type="4" discard="1" dealt="1" sum="0"/>
<action no="7" player="LolloCausto" type="5" discard="1" dealt="1" sum="20"/>
<action no="8" player="oiuhdyij" type="0" discard="1" dealt="1" sum="0"/>
</round>
</game>
<game gamecode="6579872629"><general>
<startdate>2026-01-02 13:55:51</startdate>
<round>1</round>
<failsafecounter/>
<players><player seat="6" name="M1ky3ste92" chips="480" dealer="0" win="0" bet="61" muck="1" rebuy="0" addon="0" merge="0" rebuychips="0" reg_code="5085678667"/>
<player seat="10" name="oiuhdyij" chips="500" dealer="1" win="0" bet="0" muck="1" rebuy="0" addon="0" merge="0" rebuychips="0" reg_code="5085678789"/>
<player seat="3" name="LolloCausto" chips="520" dealer="0" win="122" bet="139" muck="1" rebuy="0" addon="0" merge="0" rebuychips="0" reg_code="5085678288"/>
</players>
</general>
<round no="0"><action no="1" player="LolloCausto" type="1" discard="1" dealt="1" sum="10"/>
<action no="2" player="M1ky3ste92" type="2" sum="20"/>
</round>
<round no="1"><cards type="Pocket" player="oiuhdyij">X X</cards>
<cards type="Pocket" player="M1ky3ste92">H6 C4</cards>
<cards type="Pocket" player="LolloCausto">X X</cards>
<action no="3" player="oiuhdyij" type="0" discard="1" dealt="1" sum="0"/>
<action no="4" player="LolloCausto" type="23" discard="1" dealt="1" sum="40"/>
<action no="5" player="M1ky3ste92" type="3" sum="20"/>
</round>
<round no="2"><cards type="Flop">S6 DJ C8</cards>
<action no="6" player="LolloCausto" type="5" discard="1" dealt="1" sum="21"/>
<action no="7" player="M1ky3ste92" type="3" sum="21"/>
</round>
<round no="3"><cards type="Turn">S3</cards>
<action no="8" player="LolloCausto" type="5" discard="1" dealt="1" sum="78"/>
<action no="9" player="M1ky3ste92" type="0" sum="0"/>
</round>
</game>
<game gamecode="6579872770"><general>
<startdate>2026-01-02 13:56:14</startdate>
<round>1</round>
<failsafecounter/>
<players><player seat="10" name="oiuhdyij" chips="500" dealer="0" win="0" bet="20" muck="1" rebuy="0" addon="0" merge="0" rebuychips="0" reg_code="5085678789"/>
<player seat="3" name="LolloCausto" chips="581" dealer="1" win="0" bet="40" muck="1" rebuy="0" addon="0" merge="0" rebuychips="0" reg_code="5085678288"/>
<player seat="6" name="M1ky3ste92" chips="419" dealer="0" win="100" bet="419" muck="1" rebuy="0" addon="0" merge="0" rebuychips="0" reg_code="5085678667"/>
</players>
</general>
<round no="0"><action no="1" player="M1ky3ste92" type="1" sum="10"/>
<action no="2" player="oiuhdyij" type="2" discard="1" dealt="1" sum="20"/>
</round>
<round no="1"><cards type="Pocket" player="LolloCausto">X X</cards>
<cards type="Pocket" player="oiuhdyij">X X</cards>
<cards type="Pocket" player="M1ky3ste92">CK CQ</cards>
<action no="3" player="LolloCausto" type="23" discard="1" dealt="1" sum="40"/>
<action no="4" player="M1ky3ste92" type="23" sum="419"/>
<action no="5" player="oiuhdyij" type="0" discard="1" dealt="1" sum="0"/>
<action no="6" player="LolloCausto" type="0" discard="1" dealt="1" sum="0"/>
</round>
</game>
<game gamecode="6579872851"><general>
<startdate>2026-01-02 13:56:26</startdate>
<round>1</round>
<failsafecounter/>
<players><player seat="3" name="LolloCausto" chips="541" dealer="0" win="0" bet="20" muck="1" rebuy="0" addon="0" merge="0" rebuychips="0" reg_code="5085678288"/>
<player seat="6" name="M1ky3ste92" chips="479" dealer="1" win="0" bet="0" muck="1" rebuy="0" addon="0" merge="0" rebuychips="0" reg_code="5085678667"/>
<player seat="10" name="oiuhdyij" chips="480" dealer="0" win="40" bet="50" muck="1" rebuy="0" addon="0" merge="0" rebuychips="0" reg_code="5085678789"/>
</players>
</general>
<round no="0"><action no="1" player="oiuhdyij" type="1" discard="1" dealt="1" sum="10"/>
<action no="2" player="LolloCausto" type="2" discard="1" dealt="1" sum="20"/>
</round>
<round no="1"><cards type="Pocket" player="LolloCausto">X X</cards>
<cards type="Pocket" player="M1ky3ste92">D5 S2</cards>
<cards type="Pocket" player="oiuhdyij">X X</cards>
<action no="3" player="M1ky3ste92" type="0" sum="0"/>
<action no="4" player="oiuhdyij" type="23" discard="1" dealt="1" sum="50"/>
<action no="5" player="LolloCausto" type="0" discard="1" dealt="1" sum="0"/>
</round>
</game>
<game gamecode="6579872915"><general>
<startdate>2026-01-02 13:56:37</startdate>
<round>1</round>
<failsafecounter/>
<players><player seat="6" name="M1ky3ste92" chips="479" dealer="0" win="0" bet="35" muck="1" rebuy="0" addon="0" merge="0" rebuychips="0" reg_code="5085678667"/>
<player seat="10" name="oiuhdyij" chips="500" dealer="1" win="0" bet="5" muck="1" rebuy="0" addon="0" merge="0" rebuychips="0" reg_code="5085678789"/>
<player seat="3" name="LolloCausto" chips="521" dealer="0" win="75" bet="521" muck="1" rebuy="0" addon="0" merge="0" rebuychips="0" reg_code="5085678288"/>
</players>
</general>
<round no="0"><action no="1" player="LolloCausto" type="15" discard="1" dealt="1" sum="5"/>
<action no="2" player="M1ky3ste92" type="15" sum="5"/>
<action no="3" player="oiuhdyij" type="15" discard="1" dealt="1" sum="5"/>
<action no="4" player="LolloCausto" type="1" discard="1" dealt="1" sum="15"/>
<action no="5" player="M1ky3ste92" type="2" sum="30"/>
</round>
<round no="1"><cards type="Pocket" player="LolloCausto">X X</cards>
<cards type="Pocket" player="M1ky3ste92">H9 S7</cards>
<cards type="Pocket" player="oiuhdyij">X X</cards>
<action no="6" player="oiuhdyij" type="0" discard="1" dealt="1" sum="0"/>
<action no="7" player="LolloCausto" type="23" discard="1" dealt="1" sum="516"/>
<action no="8" player="M1ky3ste92" type="0" sum="0"/>
</round>
</game>
<game gamecode="6579873002"><general>
<startdate>2026-01-02 13:56:52</startdate>
<round>1</round>
<failsafecounter/>
<players><player seat="10" name="oiuhdyij" chips="495" dealer="0" win="0" bet="35" muck="1" rebuy="0" addon="0" merge="0" rebuychips="0" reg_code="5085678789"/>
<player seat="3" name="LolloCausto" chips="561" dealer="1" win="0" bet="5" muck="1" rebuy="0" addon="0" merge="0" rebuychips="0" reg_code="5085678288"/>
<player seat="6" name="M1ky3ste92" chips="444" dealer="0" win="75" bet="444" muck="1" rebuy="0" addon="0" merge="0" rebuychips="0" reg_code="5085678667"/>
</players>
</general>
<round no="0"><action no="1" player="M1ky3ste92" type="15" sum="5"/>
<action no="2" player="oiuhdyij" type="15" discard="1" dealt="1" sum="5"/>
<action no="3" player="LolloCausto" type="15" discard="1" dealt="1" sum="5"/>
<action no="4" player="M1ky3ste92" type="1" sum="15"/>
<action no="5" player="oiuhdyij" type="2" discard="1" dealt="1" sum="30"/>
</round>
<round no="1"><cards type="Pocket" player="oiuhdyij">X X</cards>
<cards type="Pocket" player="M1ky3ste92">DA H10</cards>
<cards type="Pocket" player="LolloCausto">X X</cards>
<action no="6" player="LolloCausto" type="0" discard="1" dealt="1" sum="0"/>
<action no="7" player="M1ky3ste92" type="23" sum="439"/>
<action no="8" player="oiuhdyij" type="0" discard="1" dealt="1" sum="0"/>
</round>
</game>
<game gamecode="6579873068"><general>
<startdate>2026-01-02 13:57:03</startdate>
<round>1</round>
<failsafecounter/>
<players><player seat="3" name="LolloCausto" chips="556" dealer="0" win="0" bet="35" muck="1" rebuy="0" addon="0" merge="0" rebuychips="0" reg_code="5085678288"/>
<player seat="6" name="M1ky3ste92" chips="484" dealer="1" win="0" bet="5" muck="1" rebuy="0" addon="0" merge="0" rebuychips="0" reg_code="5085678667"/>
<player seat="10" name="oiuhdyij" chips="460" dealer="0" win="75" bet="80" muck="1" rebuy="0" addon="0" merge="0" rebuychips="0" reg_code="5085678789"/>
</players>
</general>
<round no="0"><action no="1" player="oiuhdyij" type="15" discard="1" dealt="1" sum="5"/>
<action no="2" player="LolloCausto" type="15" discard="1" dealt="1" sum="5"/>
<action no="3" player="M1ky3ste92" type="15" sum="5"/>
<action no="4" player="oiuhdyij" type="1" discard="1" dealt="1" sum="15"/>
<action no="5" player="LolloCausto" type="2" discard="1" dealt="1" sum="30"/>
</round>
<round no="1"><cards type="Pocket" player="M1ky3ste92">D9 C4</cards>
<cards type="Pocket" player="oiuhdyij">X X</cards>
<cards type="Pocket" player="LolloCausto">X X</cards>
<action no="6" player="M1ky3ste92" type="0" sum="0"/>
<action no="7" player="oiuhdyij" type="23" discard="1" dealt="1" sum="75"/>
<action no="8" player="LolloCausto" type="0" discard="1" dealt="1" sum="0"/>
</round>
</game>
<game gamecode="6579873134"><general>
<startdate>2026-01-02 13:57:15</startdate>
<round>1</round>
<failsafecounter/>
<players><player seat="6" name="M1ky3ste92" chips="479" dealer="0" win="210" bet="155" muck="1" rebuy="0" addon="0" merge="0" rebuychips="0" reg_code="5085678667"/>
<player seat="10" name="oiuhdyij" chips="500" dealer="1" win="0" bet="95" muck="1" rebuy="0" addon="0" merge="0" rebuychips="0" reg_code="5085678789"/>
<player seat="3" name="LolloCausto" chips="521" dealer="0" win="0" bet="20" muck="1" rebuy="0" addon="0" merge="0" rebuychips="0" reg_code="5085678288"/>
</players>
</general>
<round no="0"><action no="1" player="LolloCausto" type="15" discard="1" dealt="1" sum="5"/>
<action no="2" player="M1ky3ste92" type="15" sum="5"/>
<action no="3" player="oiuhdyij" type="15" discard="1" dealt="1" sum="5"/>
<action no="4" player="LolloCausto" type="1" discard="1" dealt="1" sum="15"/>
<action no="5" player="M1ky3ste92" type="2" sum="30"/>
</round>
<round no="1"><cards type="Pocket" player="oiuhdyij">X X</cards>
<cards type="Pocket" player="M1ky3ste92">DJ D10</cards>
<cards type="Pocket" player="LolloCausto">X X</cards>
<action no="6" player="oiuhdyij" type="3" discard="1" dealt="1" sum="30"/>
<action no="7" player="LolloCausto" type="0" discard="1" dealt="1" sum="0"/>
<action no="8" player="M1ky3ste92" type="4" sum="0"/>
</round>
<round no="2"><cards type="Flop">CA SQ H8</cards>
<action no="9" player="M1ky3ste92" type="4" sum="0"/>
<action no="10" player="oiuhdyij" type="5" discard="1" dealt="1" sum="30"/>
<action no="11" player="M1ky3ste92" type="3" sum="30"/>
</round>
<round no="3"><cards type="Turn">S9</cards>
<action no="12" player="M1ky3ste92" type="4" sum="0"/>
<action no="13" player="oiuhdyij" type="5" discard="1" dealt="1" sum="30"/>
<action no="14" player="M1ky3ste92" type="23" sum="90"/>
<action no="15" player="oiuhdyij" type="0" discard="1" dealt="1" sum="0"/>
</round>
</game>
<game gamecode="6579873272"><general>
<startdate>2026-01-02 13:57:37</startdate>
<round>1</round>
<failsafecounter/>
<players><player seat="10" name="oiuhdyij" chips="405" dealer="0" win="135" bet="65" muck="0" rebuy="0" addon="0" merge="0" rebuychips="0" reg_code="5085678789"/>
<player seat="3" name="LolloCausto" chips="501" dealer="1" win="0" bet="5" muck="1" rebuy="0" addon="0" merge="0" rebuychips="0" reg_code="5085678288"/>
<player seat="6" name="M1ky3ste92" chips="594" dealer="0" win="0" bet="65" muck="1" rebuy="0" addon="0" merge="0" rebuychips="0" reg_code="5085678667"/>
</players>
</general>
<round no="0"><action no="1" player="M1ky3ste92" type="15" sum="5"/>
<action no="2" player="oiuhdyij" type="15" discard="1" dealt="1" sum="5"/>
<action no="3" player="LolloCausto" type="15" discard="1" dealt="1" sum="5"/>
<action no="4" player="M1ky3ste92" type="1" sum="15"/>
<action no="5" player="oiuhdyij" type="2" discard="1" dealt="1" sum="30"/>
</round>
<round no="1"><cards type="Pocket" player="M1ky3ste92">S9 C7</cards>
<cards type="Pocket" player="LolloCausto">X X</cards>
<cards type="Pocket" player="oiuhdyij">SK D3</cards>
<action no="6" player="LolloCausto" type="0" discard="1" dealt="1" sum="0"/>
<action no="7" player="M1ky3ste92" type="3" sum="15"/>
<action no="8" player="oiuhdyij" type="4" discard="1" dealt="1" sum="0"/>
</round>
<round no="2"><cards type="Flop">HJ CQ H3</cards>
<action no="9" player="M1ky3ste92" type="4" sum="0"/>
<action no="10" player="oiuhdyij" type="4" discard="1" dealt="1" sum="0"/>
</round>
<round no="3"><cards type="Turn">DQ</cards>
<action no="11" player="M1ky3ste92" type="5" sum="30"/>
<action no="12" player="oiuhdyij" type="3" discard="1" dealt="1" sum="30"/>
</round>
<round no="4"><cards type="River">SJ</cards>
<action no="13" player="M1ky3ste92" type="4" sum="0"/>
<action no="14" player="oiuhdyij" type="4" discard="1" dealt="1" sum="0"/>
</round>
</game>
<game gamecode="6579873374"><general>
<startdate>2026-01-02 13:57:55</startdate>
<round>1</round>
<failsafecounter/>
<players><player seat="3" name="LolloCausto" chips="496" dealer="0" win="0" bet="496" muck="0" rebuy="0" addon="0" merge="0" rebuychips="0" reg_code="5085678288"/>
<player seat="6" name="M1ky3ste92" chips="529" dealer="1" win="1,057" bet="529" muck="0" rebuy="0" addon="0" merge="0" rebuychips="0" reg_code="5085678667"/>
<player seat="10" name="oiuhdyij" chips="475" dealer="0" win="0" bet="65" muck="1" rebuy="0" addon="0" merge="0" rebuychips="0" reg_code="5085678789"/>
</players>
</general>
<round no="0"><action no="1" player="oiuhdyij" type="15" discard="1" dealt="1" sum="5"/>
<action no="2" player="LolloCausto" type="15" discard="1" dealt="1" sum="5"/>
<action no="3" player="M1ky3ste92" type="15" sum="5"/>
<action no="4" player="oiuhdyij" type="1" discard="1" dealt="1" sum="15"/>
<action no="5" player="LolloCausto" type="2" discard="1" dealt="1" sum="30"/>
</round>
<round no="1"><cards type="Pocket" player="oiuhdyij">X X</cards>
<cards type="Pocket" player="LolloCausto">C10 C9</cards>
<cards type="Pocket" player="M1ky3ste92">SK DK</cards>
<action no="6" player="M1ky3ste92" type="23" sum="60"/>
<action no="7" player="oiuhdyij" type="3" discard="1" dealt="1" sum="45"/>
<action no="8" player="LolloCausto" type="23" discard="1" dealt="1" sum="491"/>
<action no="9" player="M1ky3ste92" type="7" sum="464"/>
<action no="10" player="oiuhdyij" type="0" discard="1" dealt="1" sum="0"/>
</round>
<round no="2"><cards type="Flop">C3 S8 CK</cards>
</round>
<round no="3"><cards type="Turn">SQ</cards>
</round>
<round no="4"><cards type="River">D5</cards>
</round>
</game>
<game gamecode="6579873509"><general>
<startdate>2026-01-02 13:58:18</startdate>
<round>1</round>
<failsafecounter/>
<players><player seat="6" name="M1ky3ste92" chips="1,090" dealer="0" win="0" bet="45" muck="1" rebuy="0" addon="0" merge="0" rebuychips="0" reg_code="5085678667"/>
<player seat="10" name="oiuhdyij" chips="410" dealer="1" win="90" bet="90" muck="1" rebuy="0" addon="0" merge="0" rebuychips="0" reg_code="5085678789"/>
</players>
</general>
<round no="0"><action no="1" player="oiuhdyij" type="15" discard="1" dealt="1" sum="5"/>
<action no="2" player="M1ky3ste92" type="15" sum="5"/>
<action no="3" player="oiuhdyij" type="1" discard="1" dealt="1" sum="20"/>
<action no="4" player="M1ky3ste92" type="2" sum="40"/>
</round>
<round no="1"><cards type="Pocket" player="oiuhdyij">X X</cards>
<cards type="Pocket" player="M1ky3ste92">C4 C10</cards>
<action no="5" player="oiuhdyij" type="3" discard="1" dealt="1" sum="20"/>
<action no="6" player="M1ky3ste92" type="4" sum="0"/>
</round>
<round no="2"><cards type="Flop">S6 S5 DK</cards>
<action no="7" player="M1ky3ste92" type="4" sum="0"/>
<action no="8" player="oiuhdyij" type="4" discard="1" dealt="1" sum="0"/>
</round>
<round no="3"><cards type="Turn">CA</cards>
<action no="9" player="M1ky3ste92" type="4" sum="0"/>
<action no="10" player="oiuhdyij" type="5" discard="1" dealt="1" sum="45"/>
<action no="11" player="M1ky3ste92" type="0" sum="0"/>
</round>
</game>
<game gamecode="6579873710"><general>
<startdate>2026-01-02 13:58:51</startdate>
<round>1</round>
<failsafecounter/>
<players><player seat="10" name="oiuhdyij" chips="455" dealer="0" win="0" bet="45" muck="1" rebuy="0" addon="0" merge="0" rebuychips="0" reg_code="5085678789"/>
<player seat="6" name="M1ky3ste92" chips="1,045" dealer="1" win="90" bet="1,045" muck="1" rebuy="0" addon="0" merge="0" rebuychips="0" reg_code="5085678667"/>
</players>
</general>
<round no="0"><action no="1" player="M1ky3ste92" type="15" sum="5"/>
<action no="2" player="oiuhdyij" type="15" discard="1" dealt="1" sum="5"/>
<action no="3" player="M1ky3ste92" type="1" sum="20"/>
<action no="4" player="oiuhdyij" type="2" discard="1" dealt="1" sum="40"/>
</round>
<round no="1"><cards type="Pocket" player="M1ky3ste92">SQ S8</cards>
<cards type="Pocket" player="oiuhdyij">X X</cards>
<action no="5" player="M1ky3ste92" type="23" sum="1,040"/>
<action no="6" player="oiuhdyij" type="0" discard="1" dealt="1" sum="0"/>
</round>
</game>
<game gamecode="6579873767"><general>
<startdate>2026-01-02 13:58:59</startdate>
<round>1</round>
<failsafecounter/>
<players><player seat="6" name="M1ky3ste92" chips="1,090" dealer="0" win="0" bet="45" muck="1" rebuy="0" addon="0" merge="0" rebuychips="0" reg_code="5085678667"/>
<player seat="10" name="oiuhdyij" chips="410" dealer="1" win="90" bet="85" muck="1" rebuy="0" addon="0" merge="0" rebuychips="0" reg_code="5085678789"/>
</players>
</general>
<round no="0"><action no="1" player="oiuhdyij" type="15" discard="1" dealt="1" sum="5"/>
<action no="2" player="M1ky3ste92" type="15" sum="5"/>
<action no="3" player="oiuhdyij" type="1" discard="1" dealt="1" sum="20"/>
<action no="4" player="M1ky3ste92" type="2" sum="40"/>
</round>
<round no="1"><cards type="Pocket" player="M1ky3ste92">D3 S8</cards>
<cards type="Pocket" player="oiuhdyij">X X</cards>
<action no="5" player="oiuhdyij" type="3" discard="1" dealt="1" sum="20"/>
<action no="6" player="M1ky3ste92" type="4" sum="0"/>
</round>
<round no="2"><cards type="Flop">C10 C2 C4</cards>
<action no="7" player="M1ky3ste92" type="4" sum="0"/>
<action no="8" player="oiuhdyij" type="5" discard="1" dealt="1" sum="40"/>
<action no="9" player="M1ky3ste92" type="0" sum="0"/>
</round>
</game>
<game gamecode="6579877303"><general>
<startdate>2026-01-02 13:59:28</startdate>
<round>1</round>
<failsafecounter/>
<players><player seat="10" name="oiuhdyij" chips="455" dealer="0" win="50" bet="45" muck="1" rebuy="0" addon="0" merge="0" rebuychips="0" reg_code="5085678789"/>
<player seat="6" name="M1ky3ste92" chips="1,045" dealer="1" win="0" bet="25" muck="1" rebuy="0" addon="0" merge="0" rebuychips="0" reg_code="5085678667"/>
</players>
</general>
<round no="0"><action no="1" player="M1ky3ste92" type="15" sum="5"/>
<action no="2" player="oiuhdyij" type="15" discard="1" dealt="1" sum="5"/>
<action no="3" player="M1ky3ste92" type="1" sum="20"/>
<action no="4" player="oiuhdyij" type="2" discard="1" dealt="1" sum="40"/>
</round>
<round no="1"><cards type="Pocket" player="M1ky3ste92">C2 S3</cards>
<cards type="Pocket" player="oiuhdyij">X X</cards>
<action no="5" player="M1ky3ste92" type="0" sum="0"/>
</round>
</game>
<game gamecode="6579877365"><general>
<startdate>2026-01-02 13:59:36</startdate>
<round>1</round>
<failsafecounter/>
<players><player seat="6" name="M1ky3ste92" chips="1,020" dealer="0" win="0" bet="45" muck="1" rebuy="0" addon="0" merge="0" rebuychips="0" reg_code="5085678667"/>
<player seat="10" name="oiuhdyij" chips="480" dealer="1" win="90" bet="45" muck="0" rebuy="0" addon="0" merge="0" rebuychips="0" reg_code="5085678789"/>
</players>
</general>
<round no="0"><action no="1" player="oiuhdyij" type="15" discard="1" dealt="1" sum="5"/>
<action no="2" player="M1ky3ste92" type="15" sum="5"/>
<action no="3" player="oiuhdyij" type="1" discard="1" dealt="1" sum="20"/>
<action no="4" player="M1ky3ste92" type="2" sum="40"/>
</round>
<round no="1"><cards type="Pocket" player="M1ky3ste92">C10 S4</cards>
<cards type="Pocket" player="oiuhdyij">D7 DQ</cards>
<action no="5" player="oiuhdyij" type="3" discard="1" dealt="1" sum="20"/>
<action no="6" player="M1ky3ste92" type="4" sum="0"/>
</round>
<round no="2"><cards type="Flop">S5 D6 H9</cards>
<action no="7" player="M1ky3ste92" type="4" sum="0"/>
<action no="8" player="oiuhdyij" type="4" discard="1" dealt="1" sum="0"/>
</round>
<round no="3"><cards type="Turn">HJ</cards>
<action no="9" player="M1ky3ste92" type="4" sum="0"/>
<action no="10" player="oiuhdyij" type="4" discard="1" dealt="1" sum="0"/>
</round>
<round no="4"><cards type="River">S2</cards>
<action no="11" player="M1ky3ste92" type="4" sum="0"/>
<action no="12" player="oiuhdyij" type="4" discard="1" dealt="1" sum="0"/>
</round>
</game>
<game gamecode="6579877490"><general>
<startdate>2026-01-02 13:59:55</startdate>
<round>1</round>
<failsafecounter/>
<players><player seat="10" name="oiuhdyij" chips="525" dealer="0" win="90" bet="525" muck="1" rebuy="0" addon="0" merge="0" rebuychips="0" reg_code="5085678789"/>
<player seat="6" name="M1ky3ste92" chips="975" dealer="1" win="0" bet="45" muck="1" rebuy="0" addon="0" merge="0" rebuychips="0" reg_code="5085678667"/>
</players>
</general>
<round no="0"><action no="1" player="M1ky3ste92" type="15" sum="5"/>
<action no="2" player="oiuhdyij" type="15" discard="1" dealt="1" sum="5"/>
<action no="3" player="M1ky3ste92" type="1" sum="20"/>
<action no="4" player="oiuhdyij" type="2" discard="1" dealt="1" sum="40"/>
</round>
<round no="1"><cards type="Pocket" player="M1ky3ste92">C5 H10</cards>
<cards type="Pocket" player="oiuhdyij">X X</cards>
<action no="5" player="M1ky3ste92" type="3" sum="20"/>
<action no="6" player="oiuhdyij" type="23" discard="1" dealt="1" sum="520"/>
<action no="7" player="M1ky3ste92" type="0" sum="0"/>
</round>
</game>
<game gamecode="6579877563"><general>
<startdate>2026-01-02 14:00:06</startdate>
<round>1</round>
<failsafecounter/>
<players><player seat="6" name="M1ky3ste92" chips="930" dealer="0" win="70" bet="65" muck="1" rebuy="0" addon="0" merge="0" rebuychips="0" reg_code="5085678667"/>
<player seat="10" name="oiuhdyij" chips="570" dealer="1" win="0" bet="35" muck="1" rebuy="0" addon="0" merge="0" rebuychips="0" reg_code="5085678789"/>
</players>
</general>
<round no="0"><action no="1" player="oiuhdyij" type="15" discard="1" dealt="1" sum="5"/>
<action no="2" player="M1ky3ste92" type="15" sum="5"/>
<action no="3" player="oiuhdyij" type="1" discard="1" dealt="1" sum="30"/>
<action no="4" player="M1ky3ste92" type="2" sum="60"/>
</round>
<round no="1"><cards type="Pocket" player="M1ky3ste92">D5 H5</cards>
<cards type="Pocket" player="oiuhdyij">X X</cards>
<action no="5" player="oiuhdyij" type="0" discard="1" dealt="1" sum="0"/>
</round>
</game>
<game gamecode="6579877603"><general>
<startdate>2026-01-02 14:00:11</startdate>
<round>1</round>
<failsafecounter/>
<players><player seat="10" name="oiuhdyij" chips="535" dealer="0" win="130" bet="535" muck="1" rebuy="0" addon="0" merge="0" rebuychips="0" reg_code="5085678789"/>
<player seat="6" name="M1ky3ste92" chips="965" dealer="1" win="0" bet="65" muck="1" rebuy="0" addon="0" merge="0" rebuychips="0" reg_code="5085678667"/>
</players>
</general>
<round no="0"><action no="1" player="M1ky3ste92" type="15" sum="5"/>
<action no="2" player="oiuhdyij" type="15" discard="1" dealt="1" sum="5"/>
<action no="3" player="M1ky3ste92" type="1" sum="30"/>
<action no="4" player="oiuhdyij" type="2" discard="1" dealt="1" sum="60"/>
</round>
<round no="1"><cards type="Pocket" player="M1ky3ste92">C10 H6</cards>
<cards type="Pocket" player="oiuhdyij">X X</cards>
<action no="5" player="M1ky3ste92" type="3" sum="30"/>
<action no="6" player="oiuhdyij" type="23" discard="1" dealt="1" sum="530"/>
<action no="7" player="M1ky3ste92" type="0" sum="0"/>
</round>
</game>
<game gamecode="6579877666"><general>
<startdate>2026-01-02 14:00:21</startdate>
<round>1</round>
<failsafecounter/>
<players><player seat="6" name="M1ky3ste92" chips="900" dealer="0" win="0" bet="65" muck="1" rebuy="0" addon="0" merge="0" rebuychips="0" reg_code="5085678667"/>
<player seat="10" name="oiuhdyij" chips="600" dealer="1" win="130" bet="130" muck="1" rebuy="0" addon="0" merge="0" rebuychips="0" reg_code="5085678789"/>
</players>
</general>
<round no="0"><action no="1" player="oiuhdyij" type="15" discard="1" dealt="1" sum="5"/>
<action no="2" player="M1ky3ste92" type="15" sum="5"/>
<action no="3" player="oiuhdyij" type="1" discard="1" dealt="1" sum="30"/>
<action no="4" player="M1ky3ste92" type="2" sum="60"/>
</round>
<round no="1"><cards type="Pocket" player="M1ky3ste92">S4 H2</cards>
<cards type="Pocket" player="oiuhdyij">X X</cards>
<action no="5" player="oiuhdyij" type="3" discard="1" dealt="1" sum="30"/>
<action no="6" player="M1ky3ste92" type="4" sum="0"/>
</round>
<round no="2"><cards type="Flop">H10 H3 CK</cards>
<action no="7" player="M1ky3ste92" type="4" sum="0"/>
<action no="8" player="oiuhdyij" type="5" discard="1" dealt="1" sum="65"/>
<action no="9" player="M1ky3ste92" type="0" sum="0"/>
</round>
</game>
<game gamecode="6579877820"><general>
<startdate>2026-01-02 14:00:42</startdate>
<round>1</round>
<failsafecounter/>
<players><player seat="10" name="oiuhdyij" chips="665" dealer="0" win="70" bet="65" muck="1" rebuy="0" addon="0" merge="0" rebuychips="0" reg_code="5085678789"/>
<player seat="6" name="M1ky3ste92" chips="835" dealer="1" win="0" bet="35" muck="1" rebuy="0" addon="0" merge="0" rebuychips="0" reg_code="5085678667"/>
</players>
</general>
<round no="0"><action no="1" player="M1ky3ste92" type="15" sum="5"/>
<action no="2" player="oiuhdyij" type="15" discard="1" dealt="1" sum="5"/>
<action no="3" player="M1ky3ste92" type="1" sum="30"/>
<action no="4" player="oiuhdyij" type="2" discard="1" dealt="1" sum="60"/>
</round>
<round no="1"><cards type="Pocket" player="oiuhdyij">X X</cards>
<cards type="Pocket" player="M1ky3ste92">C7 H4</cards>
<action no="5" player="M1ky3ste92" type="0" sum="0"/>
</round>
</game>
<game gamecode="6579877868"><general>
<startdate>2026-01-02 14:00:49</startdate>
<round>1</round>
<failsafecounter/>
<players><player seat="6" name="M1ky3ste92" chips="800" dealer="0" win="0" bet="65" muck="1" rebuy="0" addon="0" merge="0" rebuychips="0" reg_code="5085678667"/>
<player seat="10" name="oiuhdyij" chips="700" dealer="1" win="130" bet="700" muck="1" rebuy="0" addon="0" merge="0" rebuychips="0" reg_code="5085678789"/>
</players>
</general>
<round no="0"><action no="1" player="oiuhdyij" type="15" discard="1" dealt="1" sum="5"/>
<action no="2" player="M1ky3ste92" type="15" sum="5"/>
<action no="3" player="oiuhdyij" type="1" discard="1" dealt="1" sum="30"/>
<action no="4" player="M1ky3ste92" type="2" sum="60"/>
</round>
<round no="1"><cards type="Pocket" player="M1ky3ste92">S6 C9</cards>
<cards type="Pocket" player="oiuhdyij">X X</cards>
<action no="5" player="oiuhdyij" type="23" discard="1" dealt="1" sum="695"/>
<action no="6" player="M1ky3ste92" type="0" sum="0"/>
</round>
</game>
<game gamecode="6579877924"><general>
<startdate>2026-01-02 14:00:57</startdate>
<round>1</round>
<failsafecounter/>
<players><player seat="10" name="oiuhdyij" chips="765" dealer="0" win="0" bet="65" muck="1" rebuy="0" addon="0" merge="0" rebuychips="0" reg_code="5085678789"/>
<player seat="6" name="M1ky3ste92" chips="735" dealer="1" win="130" bet="125" muck="1" rebuy="0" addon="0" merge="0" rebuychips="0" reg_code="5085678667"/>
</players>
</general>
<round no="0"><action no="1" player="M1ky3ste92" type="15" sum="5"/>
<action no="2" player="oiuhdyij" type="15" discard="1" dealt="1" sum="5"/>
<action no="3" player="M1ky3ste92" type="1" sum="30"/>
<action no="4" player="oiuhdyij" type="2" discard="1" dealt="1" sum="60"/>
</round>
<round no="1"><cards type="Pocket" player="oiuhdyij">X X</cards>
<cards type="Pocket" player="M1ky3ste92">SK DK</cards>
<action no="5" player="M1ky3ste92" type="3" sum="30"/>
<action no="6" player="oiuhdyij" type="4" discard="1" dealt="1" sum="0"/>
</round>
<round no="2"><cards type="Flop">SA S6 SJ</cards>
<action no="7" player="oiuhdyij" type="4" discard="1" dealt="1" sum="0"/>
<action no="8" player="M1ky3ste92" type="5" sum="60"/>
<action no="9" player="oiuhdyij" type="0" discard="1" dealt="1" sum="0"/>
</round>
</game>
<game gamecode="6579878010"><general>
<startdate>2026-01-02 14:01:10</startdate>
<round>1</round>
<failsafecounter/>
<players><player seat="6" name="M1ky3ste92" chips="800" dealer="0" win="0" bet="65" muck="1" rebuy="0" addon="0" merge="0" rebuychips="0" reg_code="5085678667"/>
<player seat="10" name="oiuhdyij" chips="700" dealer="1" win="130" bet="125" muck="1" rebuy="0" addon="0" merge="0" rebuychips="0" reg_code="5085678789"/>
</players>
</general>
<round no="0"><action no="1" player="oiuhdyij" type="15" discard="1" dealt="1" sum="5"/>
<action no="2" player="M1ky3ste92" type="15" sum="5"/>
<action no="3" player="oiuhdyij" type="1" discard="1" dealt="1" sum="30"/>
<action no="4" player="M1ky3ste92" type="2" sum="60"/>
</round>
<round no="1"><cards type="Pocket" player="oiuhdyij">X X</cards>
<cards type="Pocket" player="M1ky3ste92">H4 D9</cards>
<action no="5" player="oiuhdyij" type="3" discard="1" dealt="1" sum="30"/>
<action no="6" player="M1ky3ste92" type="4" sum="0"/>
</round>
<round no="2"><cards type="Flop">S5 DA CK</cards>
<action no="7" player="M1ky3ste92" type="4" sum="0"/>
<action no="8" player="oiuhdyij" type="5" discard="1" dealt="1" sum="60"/>
<action no="9" player="M1ky3ste92" type="0" sum="0"/>
</round>
</game>
<game gamecode="6579878163"><general>
<startdate>2026-01-02 14:01:34</startdate>
<round>1</round>
<failsafecounter/>
<players><player seat="10" name="oiuhdyij" chips="765" dealer="0" win="70" bet="65" muck="1" rebuy="0" addon="0" merge="0" rebuychips="0" reg_code="5085678789"/>
<player seat="6" name="M1ky3ste92" chips="735" dealer="1" win="0" bet="35" muck="1" rebuy="0" addon="0" merge="0" rebuychips="0" reg_code="5085678667"/>
</players>
</general>
<round no="0"><action no="1" player="M1ky3ste92" type="15" sum="5"/>
<action no="2" player="oiuhdyij" type="15" discard="1" dealt="1" sum="5"/>
<action no="3" player="M1ky3ste92" type="1" sum="30"/>
<action no="4" player="oiuhdyij" type="2" discard="1" dealt="1" sum="60"/>
</round>
<round no="1"><cards type="Pocket" player="M1ky3ste92">S4 D3</cards>
<cards type="Pocket" player="oiuhdyij">X X</cards>
<action no="5" player="M1ky3ste92" type="0" sum="0"/>
</round>
</game>
<game gamecode="6579878248"><general>
<startdate>2026-01-02 14:01:46</startdate>
<round>1</round>
<failsafecounter/>
<players><player seat="6" name="M1ky3ste92" chips="700" dealer="0" win="0" bet="88" muck="1" rebuy="0" addon="0" merge="0" rebuychips="0" reg_code="5085678667"/>
<player seat="10" name="oiuhdyij" chips="800" dealer="1" win="176" bet="176" muck="1" rebuy="0" addon="0" merge="0" rebuychips="0" reg_code="5085678789"/>
</players>
</general>
<round no="0"><action no="1" player="oiuhdyij" type="15" discard="1" dealt="1" sum="8"/>
<action no="2" player="M1ky3ste92" type="15" sum="8"/>
<action no="3" player="oiuhdyij" type="1" discard="1" dealt="1" sum="40"/>
<action no="4" player="M1ky3ste92" type="2" sum="80"/>
</round>
<round no="1"><cards type="Pocket" player="M1ky3ste92">D3 D4</cards>
<cards type="Pocket" player="oiuhdyij">X X</cards>
<action no="5" player="oiuhdyij" type="3" discard="1" dealt="1" sum="40"/>
<action no="6" player="M1ky3ste92" type="4" sum="0"/>
</round>
<round no="2"><cards type="Flop">SA DQ S6</cards>
<action no="7" player="M1ky3ste92" type="4" sum="0"/>
<action no="8" player="oiuhdyij" type="5" discard="1" dealt="1" sum="88"/>
<action no="9" player="M1ky3ste92" type="0" sum="0"/>
</round>
</game>
<game gamecode="6579878324"><general>
<startdate>2026-01-02 14:01:57</startdate>
<round>1</round>
<failsafecounter/>
<players><player seat="10" name="oiuhdyij" chips="888" dealer="0" win="96" bet="88" muck="1" rebuy="0" addon="0" merge="0" rebuychips="0" reg_code="5085678789"/>
<player seat="6" name="M1ky3ste92" chips="612" dealer="1" win="0" bet="48" muck="1" rebuy="0" addon="0" merge="0" rebuychips="0" reg_code="5085678667"/>
</players>
</general>
<round no="0"><action no="1" player="M1ky3ste92" type="15" sum="8"/>
<action no="2" player="oiuhdyij" type="15" discard="1" dealt="1" sum="8"/>
<action no="3" player="M1ky3ste92" type="1" sum="40"/>
<action no="4" player="oiuhdyij" type="2" discard="1" dealt="1" sum="80"/>
</round>
<round no="1"><cards type="Pocket" player="oiuhdyij">X X</cards>
<cards type="Pocket" player="M1ky3ste92">S3 D5</cards>
<action no="5" player="M1ky3ste92" type="0" sum="0"/>
</round>
</game>
<game gamecode="6579878403"><general>
<startdate>2026-01-02 14:02:09</startdate>
<round>1</round>
<failsafecounter/>
<players><player seat="6" name="M1ky3ste92" chips="564" dealer="0" win="1,128" bet="564" muck="0" rebuy="0" addon="0" merge="0" rebuychips="0" reg_code="5085678667"/>
<player seat="10" name="oiuhdyij" chips="936" dealer="1" win="0" bet="936" muck="1" rebuy="0" addon="0" merge="0" rebuychips="0" reg_code="5085678789"/>
</players>
</general>
<round no="0"><action no="1" player="oiuhdyij" type="15" discard="1" dealt="1" sum="8"/>
<action no="2" player="M1ky3ste92" type="15" sum="8"/>
<action no="3" player="oiuhdyij" type="1" discard="1" dealt="1" sum="40"/>
<action no="4" player="M1ky3ste92" type="2" sum="80"/>
</round>
<round no="1"><cards type="Pocket" player="M1ky3ste92">DJ CA</cards>
<cards type="Pocket" player="oiuhdyij">D10 HK</cards>
<action no="5" player="oiuhdyij" type="23" discard="1" dealt="1" sum="928"/>
<action no="6" player="M1ky3ste92" type="7" sum="476"/>
</round>
<round no="2"><cards type="Flop">D4 C6 SA</cards>
</round>
<round no="3"><cards type="Turn">S10</cards>
</round>
<round no="4"><cards type="River">C4</cards>
</round>
</game>
<game gamecode="6579878509"><general>
<startdate>2026-01-02 14:02:25</startdate>
<round>1</round>
<failsafecounter/>
<players><player seat="10" name="oiuhdyij" chips="372" dealer="0" win="0" bet="88" muck="1" rebuy="0" addon="0" merge="0" rebuychips="0" reg_code="5085678789"/>
<player seat="6" name="M1ky3ste92" chips="1,128" dealer="1" win="176" bet="1,128" muck="1" rebuy="0" addon="0" merge="0" rebuychips="0" reg_code="5085678667"/>
</players>
</general>
<round no="0"><action no="1" player="M1ky3ste92" type="15" sum="8"/>
<action no="2" player="oiuhdyij" type="15" discard="1" dealt="1" sum="8"/>
<action no="3" player="M1ky3ste92" type="1" sum="40"/>
<action no="4" player="oiuhdyij" type="2" discard="1" dealt="1" sum="80"/>
</round>
<round no="1"><cards type="Pocket" player="M1ky3ste92">H8 CJ</cards>
<cards type="Pocket" player="oiuhdyij">X X</cards>
<action no="5" player="M1ky3ste92" type="23" sum="1,120"/>
<action no="6" player="oiuhdyij" type="0" discard="1" dealt="1" sum="0"/>
</round>
</game>
<game gamecode="6579878553"><general>
<startdate>2026-01-02 14:02:32</startdate>
<round>1</round>
<failsafecounter/>
<players><player seat="6" name="M1ky3ste92" chips="1,216" dealer="0" win="0" bet="284" muck="1" rebuy="0" addon="0" merge="0" rebuychips="0" reg_code="5085678667"/>
<player seat="10" name="oiuhdyij" chips="284" dealer="1" win="568" bet="284" muck="0" rebuy="0" addon="0" merge="0" rebuychips="0" reg_code="5085678789"/>
</players>
</general>
<round no="0"><action no="1" player="oiuhdyij" type="15" discard="1" dealt="1" sum="8"/>
<action no="2" player="M1ky3ste92" type="15" sum="8"/>
<action no="3" player="oiuhdyij" type="1" discard="1" dealt="1" sum="40"/>
<action no="4" player="M1ky3ste92" type="2" sum="80"/>
</round>
<round no="1"><cards type="Pocket" player="oiuhdyij">D6 H6</cards>
<cards type="Pocket" player="M1ky3ste92">D4 SQ</cards>
<action no="5" player="oiuhdyij" type="23" discard="1" dealt="1" sum="276"/>
<action no="6" player="M1ky3ste92" type="3" sum="196"/>
</round>
<round no="2"><cards type="Flop">D5 C8 C3</cards>
</round>
<round no="3"><cards type="Turn">HK</cards>
</round>
<round no="4"><cards type="River">D9</cards>
</round>
</game>
<game gamecode="6579878652"><general>
<startdate>2026-01-02 14:02:47</startdate>
<round>1</round>
<failsafecounter/>
<players><player seat="10" name="oiuhdyij" chips="568" dealer="0" win="0" bet="88" muck="1" rebuy="0" addon="0" merge="0" rebuychips="0" reg_code="5085678789"/>
<player seat="6" name="M1ky3ste92" chips="932" dealer="1" win="176" bet="932" muck="1" rebuy="0" addon="0" merge="0" rebuychips="0" reg_code="5085678667"/>
</players>
</general>
<round no="0"><action no="1" player="M1ky3ste92" type="15" sum="8"/>
<action no="2" player="oiuhdyij" type="15" discard="1" dealt="1" sum="8"/>
<action no="3" player="M1ky3ste92" type="1" sum="40"/>
<action no="4" player="oiuhdyij" type="2" discard="1" dealt="1" sum="80"/>
</round>
<round no="1"><cards type="Pocket" player="oiuhdyij">X X</cards>
<cards type="Pocket" player="M1ky3ste92">SJ D9</cards>
<action no="5" player="M1ky3ste92" type="23" sum="924"/>
<action no="6" player="oiuhdyij" type="0" discard="1" dealt="1" sum="0"/>
</round>
</game>
<game gamecode="6579878693"><general>
<startdate>2026-01-02 14:02:55</startdate>
<round>1</round>
<failsafecounter/>
<players><player seat="6" name="M1ky3ste92" chips="1,020" dealer="0" win="0" bet="88" muck="1" rebuy="0" addon="0" merge="0" rebuychips="0" reg_code="5085678667"/>
<player seat="10" name="oiuhdyij" chips="480" dealer="1" win="176" bet="480" muck="1" rebuy="0" addon="0" merge="0" rebuychips="0" reg_code="5085678789"/>
</players>
</general>
<round no="0"><action no="1" player="oiuhdyij" type="15" discard="1" dealt="1" sum="8"/>
<action no="2" player="M1ky3ste92" type="15" sum="8"/>
<action no="3" player="oiuhdyij" type="1" discard="1" dealt="1" sum="40"/>
<action no="4" player="M1ky3ste92" type="2" sum="80"/>
</round>
<round no="1"><cards type="Pocket" player="M1ky3ste92">S5 D2</cards>
<cards type="Pocket" player="oiuhdyij">X X</cards>
<action no="5" player="oiuhdyij" type="23" discard="1" dealt="1" sum="472"/>
<action no="6" player="M1ky3ste92" type="0" sum="0"/>
</round>
</game>
<game gamecode="6579878754"><general>
<startdate>2026-01-02 14:03:03</startdate>
<round>1</round>
<failsafecounter/>
<players><player seat="10" name="oiuhdyij" chips="568" dealer="0" win="176" bet="568" muck="1" rebuy="0" addon="0" merge="0" rebuychips="0" reg_code="5085678789"/>
<player seat="6" name="M1ky3ste92" chips="932" dealer="1" win="0" bet="88" muck="1" rebuy="0" addon="0" merge="0" rebuychips="0" reg_code="5085678667"/>
</players>
</general>
<round no="0"><action no="1" player="M1ky3ste92" type="15" sum="8"/>
<action no="2" player="oiuhdyij" type="15" discard="1" dealt="1" sum="8"/>
<action no="3" player="M1ky3ste92" type="1" sum="40"/>
<action no="4" player="oiuhdyij" type="2" discard="1" dealt="1" sum="80"/>
</round>
<round no="1"><cards type="Pocket" player="oiuhdyij">X X</cards>
<cards type="Pocket" player="M1ky3ste92">C10 H6</cards>
<action no="5" player="M1ky3ste92" type="3" sum="40"/>
<action no="6" player="oiuhdyij" type="23" discard="1" dealt="1" sum="560"/>
<action no="7" player="M1ky3ste92" type="0" sum="0"/>
</round>
</game>
<game gamecode="6579878793"><general>
<startdate>2026-01-02 14:03:11</startdate>
<round>1</round>
<failsafecounter/>
<players><player seat="6" name="M1ky3ste92" chips="844" dealer="0" win="96" bet="88" muck="1" rebuy="0" addon="0" merge="0" rebuychips="0" reg_code="5085678667"/>
<player seat="10" name="oiuhdyij" chips="656" dealer="1" win="0" bet="48" muck="1" rebuy="0" addon="0" merge="0" rebuychips="0" reg_code="5085678789"/>
</players>
</general>
<round no="0"><action no="1" player="oiuhdyij" type="15" discard="1" dealt="1" sum="8"/>
<action no="2" player="M1ky3ste92" type="15" sum="8"/>
<action no="3" player="oiuhdyij" type="1" discard="1" dealt="1" sum="40"/>
<action no="4" player="M1ky3ste92" type="2" sum="80"/>
</round>
<round no="1"><cards type="Pocket" player="M1ky3ste92">C8 C10</cards>
<cards type="Pocket" player="oiuhdyij">X X</cards>
<action no="5" player="oiuhdyij" type="0" discard="1" dealt="1" sum="0"/>
</round>
</game>
<game gamecode="6579878831"><general>
<startdate>2026-01-02 14:03:16</startdate>
<round>1</round>
<failsafecounter/>
<players><player seat="10" name="oiuhdyij" chips="608" dealer="0" win="0" bet="110" muck="1" rebuy="0" addon="0" merge="0" rebuychips="0" reg_code="5085678789"/>
<player seat="6" name="M1ky3ste92" chips="892" dealer="1" win="220" bet="210" muck="1" rebuy="0" addon="0" merge="0" rebuychips="0" reg_code="5085678667"/>
</players>
</general>
<round no="0"><action no="1" player="M1ky3ste92" type="15" sum="10"/>
<action no="2" player="oiuhdyij" type="15" discard="1" dealt="1" sum="10"/>
<action no="3" player="M1ky3ste92" type="1" sum="50"/>
<action no="4" player="oiuhdyij" type="2" discard="1" dealt="1" sum="100"/>
</round>
<round no="1"><cards type="Pocket" player="oiuhdyij">X X</cards>
<cards type="Pocket" player="M1ky3ste92">DQ SQ</cards>
<action no="5" player="M1ky3ste92" type="3" sum="50"/>
<action no="6" player="oiuhdyij" type="4" discard="1" dealt="1" sum="0"/>
</round>
<round no="2"><cards type="Flop">HK H6 C3</cards>
<action no="7" player="oiuhdyij" type="4" discard="1" dealt="1" sum="0"/>
<action no="8" player="M1ky3ste92" type="5" sum="100"/>
<action no="9" player="oiuhdyij" type="0" discard="1" dealt="1" sum="0"/>
</round>
</game>
<game gamecode="6579878897"><general>
<startdate>2026-01-02 14:03:27</startdate>
<round>1</round>
<failsafecounter/>
<players><player seat="6" name="M1ky3ste92" chips="1,002" dealer="0" win="996" bet="498" muck="0" rebuy="0" addon="0" merge="0" rebuychips="0" reg_code="5085678667"/>
<player seat="10" name="oiuhdyij" chips="498" dealer="1" win="0" bet="498" muck="0" rebuy="0" addon="0" merge="0" rebuychips="0" reg_code="5085678789"/>
</players>
</general>
<round no="0"><action no="1" player="oiuhdyij" type="15" discard="1" dealt="1" sum="10"/>
<action no="2" player="M1ky3ste92" type="15" sum="10"/>
<action no="3" player="oiuhdyij" type="1" discard="1" dealt="1" sum="50"/>
<action no="4" player="M1ky3ste92" type="2" sum="100"/>
</round>
<round no="1"><cards type="Pocket" player="M1ky3ste92">H9 SA</cards>
<cards type="Pocket" player="oiuhdyij">HJ C10</cards>
<action no="5" player="oiuhdyij" type="23" discard="1" dealt="1" sum="488"/>
<action no="6" player="M1ky3ste92" type="3" sum="388"/>
</round>
<round no="2"><cards type="Flop">DA D4 D10</cards>
</round>
<round no="3"><cards type="Turn">H2</cards>
</round>
<round no="4"><cards type="River">CA</cards>
</round>
</game>
</session>
