<?xml version="1.0" encoding="UTF-8"?>
<session sessioncode="5085680860">
<general>
<client_version>25.7.1.50</client_version>
<mode>real</mode>
<gametype>Holdem NL</gametype>
<tablename>Twister €100 SNG, 825407082</tablename>
<tournamentcode>825407081</tournamentcode>
<tournamentname>Twister €100 SNG</tournamentname>
<buyin>€0 + €7 + €93</buyin>
<totalbuyin>€100</totalbuyin>
<rewarddrawn>€300</rewarddrawn>
<tournamentcurrency>EUR</tournamentcurrency>
<currency>EUR</currency>
<nickname>M1ky3ste92</nickname>
<gamecount>12</gamecount>
<startdate>2026-01-02 14:03:49</startdate>
<place>3</place>
<win>€0</win>
<tablesize>3</tablesize>
</general>
<game gamecode="6579879134"><general>
<startdate>2026-01-02 14:04:04</startdate>
<round>1</round>
<failsafecounter/>
<players><player seat="10" name="tdghuref" chips="500" dealer="0" win="0" bet="40" muck="1" rebuy="0" addon="0" merge="0" rebuychips="0" reg_code="5085680878"/>
<player seat="3" name="LolloCausto" chips="500" dealer="1" win="90" bet="64" muck="1" rebuy="0" addon="0" merge="0" rebuychips="0" reg_code="5085680338"/>
<player seat="6" name="M1ky3ste92" chips="500" dealer="0" win="0" bet="10" muck="1" rebuy="0" addon="0" merge="0" rebuychips="0" reg_code="5085680860"/>
</players>
</general>
<round no="0"><action no="1" player="M1ky3ste92" type="1" sum="10"/>
<action no="2" player="tdghuref" type="2" discard="1" dealt="1" sum="20"/>
</round>
<round no="1"><cards type="Pocket" player="LolloCausto">X X</cards>
<cards type="Pocket" player="tdghuref">X X</cards>
<cards type="Pocket" player="M1ky3ste92">S6 D10</cards>
<action no="3" player="LolloCausto" type="23" discard="1" dealt="1" sum="40"/>
<action no="4" player="M1ky3ste92" type="0" sum="0"/>
<action no="5" player="tdghuref" type="3" discard="1" dealt="1" sum="20"/>
</round>
<round no="2"><cards type="Flop">D4 S7 CA</cards>
<action no="6" player="tdghuref" type="4" discard="1" dealt="1" sum="0"/>
<action no="7" player="LolloCausto" type="5" discard="1" dealt="1" sum="24"/>
<action no="8" player="tdghuref" type="0" discard="1" dealt="1" sum="0"/>
</round>
</game>
<game gamecode="6579879348"><general>
<startdate>2026-01-02 14:04:36</startdate>
<round>1</round>
<failsafecounter/>
<players><player seat="3" name="LolloCausto" chips="550" dealer="0" win="198" bet="205" muck="1" rebuy="0" addon="0" merge="0" rebuychips="0" reg_code="5085680338"/>
<player seat="6" name="M1ky3ste92" chips="490" dealer="1" win="0" bet="79" muck="1" rebuy="0" addon="0" merge="0" rebuychips="0" reg_code="5085680860"/>
<player seat="10" name="tdghuref" chips="460" dealer="0" win="0" bet="40" muck="1" rebuy="0" addon="0" merge="0" rebuychips="0" reg_code="5085680878"/>
</players>
</general>
<round no="0"><action no="1" player="tdghuref" type="1" discard="1" dealt="1" sum="10"/>
<action no="2" player="LolloCausto" type="2" discard="1" dealt="1" sum="20"/>
</round>
<round no="1"><cards type="Pocket" player="M1ky3ste92">D8 DJ</cards>
<cards type="Pocket" player="LolloCausto">X X</cards>
<cards type="Pocket" player="tdghuref">X X</cards>
<action no="3" player="M1ky3ste92" type="23" sum="40"/>
<action no="4" player="tdghuref" type="3" discard="1" dealt="1" sum="30"/>
<action no="5" player="LolloCausto" type="3" discard="1" dealt="1" sum="20"/>
</round>
<round no="2"><cards type="Flop">S4 DA H5</cards>
<action no="6" player="tdghuref" type="4" discard="1" dealt="1" sum="0"/>
<action no="7" player="LolloCausto" type="4" discard="1" dealt="1" sum="0"/>
<action no="8" player="M1ky3ste92" type="5" sum="39"/>
<action no="9" player="tdghuref" type="0" discard="1" dealt="1" sum="0"/>
<action no="10" player="LolloCausto" type="3" discard="1" dealt="1" sum="39"/>
</round>
<round no="3"><cards type="Turn">HJ</cards>
<action no="11" player="LolloCausto" type="4" discard="1" dealt="1" sum="0"/>
<action no="12" player="M1ky3ste92" type="4" sum="0"/>
</round>
<round no="4"><cards type="River">S3</cards>
<action no="13" player="LolloCausto" type="5" discard="1" dealt="1" sum="126"/>
<action no="14" player="M1ky3ste92" type="0" sum="0"/>
</round>
</game>
<game gamecode="6579882848"><general>
<startdate>2026-01-02 14:05:37</startdate>
<round>1</round>
<failsafecounter/>
<players><player seat="6" name="M1ky3ste92" chips="411" dealer="0" win="20" bet="20" muck="1" rebuy="0" addon="0" merge="0" rebuychips="0" reg_code="5085680860"/>
<player seat="10" name="tdghuref" chips="420" dealer="1" win="0" bet="0" muck="1" rebuy="0" addon="0" merge="0" rebuychips="0" reg_code="5085680878"/>
<player seat="3" name="LolloCausto" chips="669" dealer="0" win="0" bet="10" muck="1" rebuy="0" addon="0" merge="0" rebuychips="0" reg_code="5085680338"/>
</players>
</general>
<round no="0"><action no="1" player="LolloCausto" type="1" discard="1" dealt="1" sum="10"/>
<action no="2" player="M1ky3ste92" type="2" sum="20"/>
</round>
<round no="1"><cards type="Pocket" player="LolloCausto">X X</cards>
<cards type="Pocket" player="tdghuref">X X</cards>
<cards type="Pocket" player="M1ky3ste92">H5 DQ</cards>
<action no="3" player="tdghuref" type="0" discard="1" dealt="1" sum="0"/>
<action no="4" player="LolloCausto" type="0" discard="1" dealt="1" sum="0"/>
</round>
</game>
<game gamecode="6579882920"><general>
<startdate>2026-01-02 14:05:49</startdate>
<round>1</round>
<failsafecounter/>
<players><player seat="10" name="tdghuref" chips="420" dealer="0" win="0" bet="35" muck="1" rebuy="0" addon="0" merge="0" rebuychips="0" reg_code="5085680878"/>
<player seat="3" name="LolloCausto" chips="659" dealer="1" win="0" bet="5" muck="1" rebuy="0" addon="0" merge="0" rebuychips="0" reg_code="5085680338"/>
<player seat="6" name="M1ky3ste92" chips="421" dealer="0" win="75" bet="421" muck="1" rebuy="0" addon="0" merge="0" rebuychips="0" reg_code="5085680860"/>
</players>
</general>
<round no="0"><action no="1" player="M1ky3ste92" type="15" sum="5"/>
<action no="2" player="tdghuref" type="15" discard="1" dealt="1" sum="5"/>
<action no="3" player="LolloCausto" type="15" discard="1" dealt="1" sum="5"/>
<action no="4" player="M1ky3ste92" type="1" sum="15"/>
<action no="5" player="tdghuref" type="2" discard="1" dealt="1" sum="30"/>
</round>
<round no="1"><cards type="Pocket" player="LolloCausto">X X</cards>
<cards type="Pocket" player="tdghuref">X X</cards>
<cards type="Pocket" player="M1ky3ste92">H9 D10</cards>
<action no="6" player="LolloCausto" type="0" discard="1" dealt="1" sum="0"/>
<action no="7" player="M1ky3ste92" type="23" sum="416"/>
<action no="8" player="tdghuref" type="0" discard="1" dealt="1" sum="0"/>
</round>
</game>
<game gamecode="6579883023"><general>
<startdate>2026-01-02 14:06:04</startdate>
<round>1</round>
<failsafecounter/>
<players><player seat="3" name="LolloCausto" chips="654" dealer="0" win="0" bet="35" muck="1" rebuy="0" addon="0" merge="0" rebuychips="0" reg_code="5085680338"/>
<player seat="6" name="M1ky3ste92" chips="461" dealer="1" win="0" bet="5" muck="1" rebuy="0" addon="0" merge="0" rebuychips="0" reg_code="5085680860"/>
<player seat="10" name="tdghuref" chips="385" dealer="0" win="75" bet="95" muck="1" rebuy="0" addon="0" merge="0" rebuychips="0" reg_code="5085680878"/>
</players>
</general>
<round no="0"><action no="1" player="tdghuref" type="15" discard="1" dealt="1" sum="5"/>
<action no="2" player="LolloCausto" type="15" discard="1" dealt="1" sum="5"/>
<action no="3" player="M1ky3ste92" type="15" sum="5"/>
<action no="4" player="tdghuref" type="1" discard="1" dealt="1" sum="15"/>
<action no="5" player="LolloCausto" type="2" discard="1" dealt="1" sum="30"/>
</round>
<round no="1"><cards type="Pocket" player="M1ky3ste92">SJ C5</cards>
<cards type="Pocket" player="LolloCausto">X X</cards>
<cards type="Pocket" player="tdghuref">X X</cards>
<action no="6" player="M1ky3ste92" type="0" sum="0"/>
<action no="7" player="tdghuref" type="23" discard="1" dealt="1" sum="90"/>
<action no="8" player="LolloCausto" type="0" discard="1" dealt="1" sum="0"/>
</round>
</game>
<game gamecode="6579883181"><general>
<startdate>2026-01-02 14:06:26</startdate>
<round>1</round>
<failsafecounter/>
<players><player seat="6" name="M1ky3ste92" chips="456" dealer="0" win="135" bet="65" muck="0" rebuy="0" addon="0" merge="0" rebuychips="0" reg_code="5085680860"/>
<player seat="10" name="tdghuref" chips="425" dealer="1" win="0" bet="5" muck="1" rebuy="0" addon="0" merge="0" rebuychips="0" reg_code="5085680878"/>
<player seat="3" name="LolloCausto" chips="619" dealer="0" win="0" bet="65" muck="1" rebuy="0" addon="0" merge="0" rebuychips="0" reg_code="5085680338"/>
</players>
</general>
<round no="0"><action no="1" player="LolloCausto" type="15" discard="1" dealt="1" sum="5"/>
<action no="2" player="M1ky3ste92" type="15" sum="5"/>
<action no="3" player="tdghuref" type="15" discard="1" dealt="1" sum="5"/>
<action no="4" player="LolloCausto" type="1" discard="1" dealt="1" sum="15"/>
<action no="5" player="M1ky3ste92" type="2" sum="30"/>
</round>
<round no="1"><cards type="Pocket" player="tdghuref">X X</cards>
<cards type="Pocket" player="LolloCausto">CK C2</cards>
<cards type="Pocket" player="M1ky3ste92">S3 H7</cards>
<action no="6" player="tdghuref" type="0" discard="1" dealt="1" sum="0"/>
<action no="7" player="LolloCausto" type="3" discard="1" dealt="1" sum="15"/>
<action no="8" player="M1ky3ste92" type="4" sum="0"/>
</round>
<round no="2"><cards type="Flop">SQ SA S5</cards>
<action no="9" player="LolloCausto" type="5" discard="1" dealt="1" sum="30"/>
<action no="10" player="M1ky3ste92" type="3" sum="30"/>
</round>
<round no="3"><cards type="Turn">HK</cards>
<action no="11" player="LolloCausto" type="4" discard="1" dealt="1" sum="0"/>
<action no="12" player="M1ky3ste92" type="4" sum="0"/>
</round>
<round no="4"><cards type="River">S10</cards>
<action no="13" player="LolloCausto" type="4" discard="1" dealt="1" sum="0"/>
<action no="14" player="M1ky3ste92" type="4" sum="0"/>
</round>
</game>
<game gamecode="6579883403"><general>
<startdate>2026-01-02 14:06:56</startdate>
<round>1</round>
<failsafecounter/>
<players><player seat="10" name="tdghuref" chips="420" dealer="0" win="75" bet="95" muck="1" rebuy="0" addon="0" merge="0" rebuychips="0" reg_code="5085680878"/>
<player seat="3" name="LolloCausto" chips="554" dealer="1" win="0" bet="5" muck="1" rebuy="0" addon="0" merge="0" rebuychips="0" reg_code="5085680338"/>
<player seat="6" name="M1ky3ste92" chips="526" dealer="0" win="0" bet="35" muck="1" rebuy="0" addon="0" merge="0" rebuychips="0" reg_code="5085680860"/>
</players>
</general>
<round no="0"><action no="1" player="M1ky3ste92" type="15" sum="5"/>
<action no="2" player="tdghuref" type="15" discard="1" dealt="1" sum="5"/>
<action no="3" player="LolloCausto" type="15" discard="1" dealt="1" sum="5"/>
<action no="4" player="M1ky3ste92" type="1" sum="15"/>
<action no="5" player="tdghuref" type="2" discard="1" dealt="1" sum="30"/>
</round>
<round no="1"><cards type="Pocket" player="tdghuref">X X</cards>
<cards type="Pocket" player="M1ky3ste92">H6 CJ</cards>
<cards type="Pocket" player="LolloCausto">X X</cards>
<action no="6" player="LolloCausto" type="0" discard="1" dealt="1" sum="0"/>
<action no="7" player="M1ky3ste92" type="3" sum="15"/>
<action no="8" player="tdghuref" type="23" discard="1" dealt="1" sum="90"/>
<action no="9" player="M1ky3ste92" type="0" sum="0"/>
</round>
</game>
<game gamecode="6579883584"><general>
<startdate>2026-01-02 14:07:22</startdate>
<round>1</round>
<failsafecounter/>
<players><player seat="3" name="LolloCausto" chips="549" dealer="0" win="0" bet="45" muck="1" rebuy="0" addon="0" merge="0" rebuychips="0" reg_code="5085680338"/>
<player seat="6" name="M1ky3ste92" chips="491" dealer="1" win="0" bet="5" muck="1" rebuy="0" addon="0" merge="0" rebuychips="0" reg_code="5085680860"/>
<player seat="10" name="tdghuref" chips="460" dealer="0" win="95" bet="125" muck="1" rebuy="0" addon="0" merge="0" rebuychips="0" reg_code="5085680878"/>
</players>
</general>
<round no="0"><action no="1" player="tdghuref" type="15" discard="1" dealt="1" sum="5"/>
<action no="2" player="LolloCausto" type="15" discard="1" dealt="1" sum="5"/>
<action no="3" player="M1ky3ste92" type="15" sum="5"/>
<action no="4" player="tdghuref" type="1" discard="1" dealt="1" sum="20"/>
<action no="5" player="LolloCausto" type="2" discard="1" dealt="1" sum="40"/>
</round>
<round no="1"><cards type="Pocket" player="M1ky3ste92">C8 D4</cards>
<cards type="Pocket" player="tdghuref">X X</cards>
<cards type="Pocket" player="LolloCausto">X X</cards>
<action no="6" player="M1ky3ste92" type="0" sum="0"/>
<action no="7" player="tdghuref" type="23" discard="1" dealt="1" sum="120"/>
<action no="8" player="LolloCausto" type="0" discard="1" dealt="1" sum="0"/>
</round>
</game>
<game gamecode="6579883650"><general>
<startdate>2026-01-02 14:07:32</startdate>
<round>1</round>
<failsafecounter/>
<players><player seat="6" name="M1ky3ste92" chips="486" dealer="0" win="0" bet="45" muck="1" rebuy="0" addon="0" merge="0" rebuychips="0" reg_code="5085680860"/>
<player seat="10" name="tdghuref" chips="510" dealer="1" win="0" bet="45" muck="1" rebuy="0" addon="0" merge="0" rebuychips="0" reg_code="5085680878"/>
<player seat="3" name="LolloCausto" chips="504" dealer="0" win="135" bet="504" muck="1" rebuy="0" addon="0" merge="0" rebuychips="0" reg_code="5085680338"/>
</players>
</general>
<round no="0"><action no="1" player="LolloCausto" type="15" discard="1" dealt="1" sum="5"/>
<action no="2" player="M1ky3ste92" type="15" sum="5"/>
<action no="3" player="tdghuref" type="15" discard="1" dealt="1" sum="5"/>
<action no="4" player="LolloCausto" type="1" discard="1" dealt="1" sum="20"/>
<action no="5" player="M1ky3ste92" type="2" sum="40"/>
</round>
<round no="1"><cards type="Pocket" player="M1ky3ste92">C10 S4</cards>
<cards type="Pocket" player="LolloCausto">X X</cards>
<cards type="Pocket" player="tdghuref">X X</cards>
<action no="6" player="tdghuref" type="3" discard="1" dealt="1" sum="40"/>
<action no="7" player="LolloCausto" type="23" discard="1" dealt="1" sum="499"/>
<action no="8" player="M1ky3ste92" type="0" sum="0"/>
<action no="9" player="tdghuref" type="0" discard="1" dealt="1" sum="0"/>
</round>
</game>
<game gamecode="6579883756"><general>
<startdate>2026-01-02 14:07:46</startdate>
<round>1</round>
<failsafecounter/>
<players><player seat="10" name="tdghuref" chips="465" dealer="0" win="0" bet="45" muck="1" rebuy="0" addon="0" merge="0" rebuychips="0" reg_code="5085680878"/>
<player seat="3" name="LolloCausto" chips="594" dealer="1" win="115" bet="594" muck="1" rebuy="0" addon="0" merge="0" rebuychips="0" reg_code="5085680338"/>
<player seat="6" name="M1ky3ste92" chips="441" dealer="0" win="0" bet="25" muck="1" rebuy="0" addon="0" merge="0" rebuychips="0" reg_code="5085680860"/>
</players>
</general>
<round no="0"><action no="1" player="M1ky3ste92" type="15" sum="5"/>
<action no="2" player="tdghuref" type="15" discard="1" dealt="1" sum="5"/>
<action no="3" player="LolloCausto" type="15" discard="1" dealt="1" sum="5"/>
<action no="4" player="M1ky3ste92" type="1" sum="20"/>
<action no="5" player="tdghuref" type="2" discard="1" dealt="1" sum="40"/>
</round>
<round no="1"><cards type="Pocket" player="tdghuref">X X</cards>
<cards type="Pocket" player="M1ky3ste92">C6 H10</cards>
<cards type="Pocket" player="LolloCausto">X X</cards>
<action no="6" player="LolloCausto" type="23" discard="1" dealt="1" sum="589"/>
<action no="7" player="M1ky3ste92" type="0" sum="0"/>
<action no="8" player="tdghuref" type="0" discard="1" dealt="1" sum="0"/>
</round>
</game>
<game gamecode="6579883854"><general>
<startdate>2026-01-02 14:08:00</startdate>
<round>1</round>
<failsafecounter/>
<players><player seat="3" name="LolloCausto" chips="664" dealer="0" win="0" bet="664" muck="0" rebuy="0" addon="0" merge="0" rebuychips="0" reg_code="5085680338"/>
<player seat="6" name="M1ky3ste92" chips="416" dealer="1" win="0" bet="5" muck="1" rebuy="0" addon="0" merge="0" rebuychips="0" reg_code="5085680860"/>
<player seat="10" name="tdghuref" chips="420" dealer="0" win="845" bet="420" muck="0" rebuy="0" addon="0" merge="0" rebuychips="0" reg_code="5085680878"/>
</players>
</general>
<round no="0"><action no="1" player="tdghuref" type="15" discard="1" dealt="1" sum="5"/>
<action no="2" player="LolloCausto" type="15" discard="1" dealt="1" sum="5"/>
<action no="3" player="M1ky3ste92" type="15" sum="5"/>
<action no="4" player="tdghuref" type="1" discard="1" dealt="1" sum="20"/>
<action no="5" player="LolloCausto" type="2" discard="1" dealt="1" sum="40"/>
</round>
<round no="1"><cards type="Pocket" player="LolloCausto">SK C3</cards>
<cards type="Pocket" player="M1ky3ste92">D10 H2</cards>
<cards type="Pocket" player="tdghuref">S3 H3</cards>
<action no="6" player="M1ky3ste92" type="0" sum="0"/>
<action no="7" player="tdghuref" type="3" discard="1" dealt="1" sum="20"/>
<action no="8" player="LolloCausto" type="23" discard="1" dealt="1" sum="659"/>
<action no="9" player="tdghuref" type="7" discard="1" dealt="1" sum="375"/>
</round>
<round no="2"><cards type="Flop">S10 H7 D6</cards>
</round>
<round no="3"><cards type="Turn">SQ</cards>
</round>
<round no="4"><cards type="River">H6</cards>
</round>
</game>
<game gamecode="6579884000"><general>
<startdate>2026-01-02 14:08:23</startdate>
<round>1</round>
<failsafecounter/>
<players><player seat="6" name="M1ky3ste92" chips="411" dealer="0" win="0" bet="411" muck="1" rebuy="0" addon="0" merge="0" rebuychips="0" reg_code="5085680860"/>
<player seat="10" name="tdghuref" chips="845" dealer="1" win="847" bet="845" muck="0" rebuy="0" addon="0" merge="0" rebuychips="0" reg_code="5085680878"/>
<player seat="3" name="LolloCausto" chips="244" dealer="0" win="0" bet="25" muck="1" rebuy="0" addon="0" merge="0" rebuychips="0" reg_code="5085680338"/>
</players>
</general>
<round no="0"><action no="1" player="LolloCausto" type="15" discard="1" dealt="1" sum="5"/>
<action no="2" player="M1ky3ste92" type="15" sum="5"/>
<action no="3" player="tdghuref" type="15" discard="1" dealt="1" sum="5"/>
<action no="4" player="LolloCausto" type="1" discard="1" dealt="1" sum="20"/>
<action no="5" player="M1ky3ste92" type="2" sum="40"/>
</round>
<round no="1"><cards type="Pocket" player="tdghuref">DJ HK</cards>
<cards type="Pocket" player="LolloCausto">X X</cards>
<cards type="Pocket" player="M1ky3ste92">SA H10</cards>
<action no="6" player="tdghuref" type="23" discard="1" dealt="1" sum="840"/>
<action no="7" player="LolloCausto" type="0" discard="1" dealt="1" sum="0"/>
<action no="8" player="M1ky3ste92" type="7" sum="366"/>
</round>
<round no="2"><cards type="Flop">D9 S8 D6</cards>
</round>
<round no="3"><cards type="Turn">SJ</cards>
</round>
<round no="4"><cards type="River">H4</cards>
</round>
</game>
</session>
