<?xml version="1.0" encoding="UTF-8"?>
<session sessioncode="5085676786">
<general>
<client_version>25.7.1.50</client_version>
<mode>real</mode>
<gametype>Holdem NL</gametype>
<tablename>Twister €100 SNG, 825405135</tablename>
<tournamentcode>825405134</tournamentcode>
<tournamentname>Twister €100 SNG</tournamentname>
<buyin>€0 + €7 + €93</buyin>
<totalbuyin>€100</totalbuyin>
<rewarddrawn>€400</rewarddrawn>
<tournamentcurrency>EUR</tournamentcurrency>
<currency>EUR</currency>
<nickname>M1ky3ste92</nickname>
<gamecount>20</gamecount>
<startdate>2026-01-02 13:47:04</startdate>
<place>2</place>
<win>€0</win>
<tablesize>3</tablesize>
</general>
<game gamecode="6579862559"><general>
<startdate>2026-01-02 13:47:19</startdate>
<round>1</round>
<failsafecounter/>
<players><player seat="6" name="LolloCausto" chips="500" dealer="0" win="120" bet="92" muck="1" rebuy="0" addon="0" merge="0" rebuychips="0" reg_code="5085676818"/>
<player seat="10" name="Linuccio96" chips="500" dealer="1" win="0" bet="0" muck="1" rebuy="0" addon="0" merge="0" rebuychips="0" reg_code="5085677084"/>
<player seat="3" name="M1ky3ste92" chips="500" dealer="0" win="0" bet="60" muck="1" rebuy="0" addon="0" merge="0" rebuychips="0" reg_code="5085676786"/>
</players>
</general>
<round no="0"><action no="1" player="M1ky3ste92" type="1" sum="10"/>
<action no="2" player="LolloCausto" type="2" discard="1" dealt="1" sum="20"/>
</round>
<round no="1"><cards type="Pocket" player="Linuccio96">X X</cards>
<cards type="Pocket" player="LolloCausto">X X</cards>
<cards type="Pocket" player="M1ky3ste92">C7 S9</cards>
<action no="3" player="Linuccio96" type="0" discard="1" dealt="1" sum="0"/>
<action no="4" player="M1ky3ste92" type="3" sum="10"/>
<action no="5" player="LolloCausto" type="23" discard="1" dealt="1" sum="60"/>
<action no="6" player="M1ky3ste92" type="3" sum="40"/>
</round>
<round no="2"><cards type="Flop">SK S4 DQ</cards>
<action no="7" player="M1ky3ste92" type="4" sum="0"/>
<action no="8" player="LolloCausto" type="5" discard="1" dealt="1" sum="32"/>
<action no="9" player="M1ky3ste92" type="0" sum="0"/>
</round>
</game>
<game gamecode="6579866125"><general>
<startdate>2026-01-02 13:47:40</startdate>
<round>1</round>
<failsafecounter/>
<players><player seat="10" name="Linuccio96" chips="500" dealer="0" win="0" bet="20" muck="1" rebuy="0" addon="0" merge="0" rebuychips="0" reg_code="5085677084"/>
<player seat="3" name="M1ky3ste92" chips="440" dealer="1" win="0" bet="40" muck="1" rebuy="0" addon="0" merge="0" rebuychips="0" reg_code="5085676786"/>
<player seat="6" name="LolloCausto" chips="560" dealer="0" win="100" bet="560" muck="1" rebuy="0" addon="0" merge="0" rebuychips="0" reg_code="5085676818"/>
</players>
</general>
<round no="0"><action no="1" player="LolloCausto" type="1" discard="1" dealt="1" sum="10"/>
<action no="2" player="Linuccio96" type="2" discard="1" dealt="1" sum="20"/>
</round>
<round no="1"><cards type="Pocket" player="M1ky3ste92">SK CJ</cards>
<cards type="Pocket" player="LolloCausto">X X</cards>
<cards type="Pocket" player="Linuccio96">X X</cards>
<action no="3" player="M1ky3ste92" type="23" sum="40"/>
<action no="4" player="LolloCausto" type="23" discard="1" dealt="1" sum="560"/>
<action no="5" player="Linuccio96" type="0" discard="1" dealt="1" sum="0"/>
<action no="6" player="M1ky3ste92" type="0" sum="0"/>
</round>
</game>
<game gamecode="6579866211"><general>
<startdate>2026-01-02 13:47:54</startdate>
<round>1</round>
<failsafecounter/>
<players><player seat="3" name="M1ky3ste92" chips="400" dealer="0" win="800" bet="400" muck="0" rebuy="0" addon="0" merge="0" rebuychips="0" reg_code="5085676786"/>
<player seat="6" name="LolloCausto" chips="620" dealer="1" win="0" bet="0" muck="1" rebuy="0" addon="0" merge="0" rebuychips="0" reg_code="5085676818"/>
<player seat="10" name="Linuccio96" chips="480" dealer="0" win="0" bet="480" muck="1" rebuy="0" addon="0" merge="0" rebuychips="0" reg_code="5085677084"/>
</players>
</general>
<round no="0"><action no="1" player="Linuccio96" type="1" discard="1" dealt="1" sum="10"/>
<action no="2" player="M1ky3ste92" type="2" sum="20"/>
</round>
<round no="1"><cards type="Pocket" player="LolloCausto">X X</cards>
<cards type="Pocket" player="Linuccio96">C10 DQ</cards>
<cards type="Pocket" player="M1ky3ste92">SJ CJ</cards>
<action no="3" player="LolloCausto" type="0" discard="1" dealt="1" sum="0"/>
<action no="4" player="Linuccio96" type="23" discard="1" dealt="1" sum="60"/>
<action no="5" player="M1ky3ste92" type="23" sum="140"/>
<action no="6" player="Linuccio96" type="23" discard="1" dealt="1" sum="480"/>
<action no="7" player="M1ky3ste92" type="7" sum="260"/>
</round>
<round no="2"><cards type="Flop">H8 H2 C9</cards>
</round>
<round no="3"><cards type="Turn">D2</cards>
</round>
<round no="4"><cards type="River">S2</cards>
</round>
</game>
<game gamecode="6579866351"><general>
<startdate>2026-01-02 13:48:17</startdate>
<round>1</round>
<failsafecounter/>
<players><player seat="6" name="LolloCausto" chips="620" dealer="0" win="0" bet="20" muck="1" rebuy="0" addon="0" merge="0" rebuychips="0" reg_code="5085676818"/>
<player seat="10" name="Linuccio96" chips="80" dealer="1" win="0" bet="0" muck="1" rebuy="0" addon="0" merge="0" rebuychips="0" reg_code="5085677084"/>
<player seat="3" name="M1ky3ste92" chips="800" dealer="0" win="40" bet="40" muck="1" rebuy="0" addon="0" merge="0" rebuychips="0" reg_code="5085676786"/>
</players>
</general>
<round no="0"><action no="1" player="M1ky3ste92" type="1" sum="10"/>
<action no="2" player="LolloCausto" type="2" discard="1" dealt="1" sum="20"/>
</round>
<round no="1"><cards type="Pocket" player="Linuccio96">X X</cards>
<cards type="Pocket" player="M1ky3ste92">C4 DA</cards>
<cards type="Pocket" player="LolloCausto">X X</cards>
<action no="3" player="Linuccio96" type="0" discard="1" dealt="1" sum="0"/>
<action no="4" player="M1ky3ste92" type="3" sum="10"/>
<action no="5" player="LolloCausto" type="4" discard="1" dealt="1" sum="0"/>
</round>
<round no="2"><cards type="Flop">DJ SQ CQ</cards>
<action no="6" player="M1ky3ste92" type="5" sum="20"/>
<action no="7" player="LolloCausto" type="0" discard="1" dealt="1" sum="0"/>
</round>
</game>
<game gamecode="6579866437"><general>
<startdate>2026-01-02 13:48:32</startdate>
<round>1</round>
<failsafecounter/>
<players><player seat="10" name="Linuccio96" chips="80" dealer="0" win="0" bet="80" muck="0" rebuy="0" addon="0" merge="0" rebuychips="0" reg_code="5085677084"/>
<player seat="3" name="M1ky3ste92" chips="820" dealer="1" win="170" bet="80" muck="0" rebuy="0" addon="0" merge="0" rebuychips="0" reg_code="5085676786"/>
<player seat="6" name="LolloCausto" chips="600" dealer="0" win="0" bet="10" muck="1" rebuy="0" addon="0" merge="0" rebuychips="0" reg_code="5085676818"/>
</players>
</general>
<round no="0"><action no="1" player="LolloCausto" type="1" discard="1" dealt="1" sum="10"/>
<action no="2" player="Linuccio96" type="2" discard="1" dealt="1" sum="20"/>
</round>
<round no="1"><cards type="Pocket" player="Linuccio96">D5 CQ</cards>
<cards type="Pocket" player="LolloCausto">X X</cards>
<cards type="Pocket" player="M1ky3ste92">SQ D9</cards>
<action no="3" player="M1ky3ste92" type="23" sum="40"/>
<action no="4" player="LolloCausto" type="0" discard="1" dealt="1" sum="0"/>
<action no="5" player="Linuccio96" type="23" discard="1" dealt="1" sum="80"/>
<action no="6" player="M1ky3ste92" type="3" sum="40"/>
</round>
<round no="2"><cards type="Flop">SJ H7 SA</cards>
</round>
<round no="3"><cards type="Turn">S10</cards>
</round>
<round no="4"><cards type="River">D4</cards>
</round>
</game>
<game gamecode="6579866563"><general>
<startdate>2026-01-02 13:48:52</startdate>
<round>1</round>
<failsafecounter/>
<players><player seat="3" name="M1ky3ste92" chips="910" dealer="0" win="284" bet="242" muck="1" rebuy="0" addon="0" merge="0" rebuychips="0" reg_code="5085676786"/>
<player seat="6" name="LolloCausto" chips="590" dealer="1" win="0" bet="142" muck="1" rebuy="0" addon="0" merge="0" rebuychips="0" reg_code="5085676818"/>
</players>
</general>
<round no="0"><action no="1" player="LolloCausto" type="1" discard="1" dealt="1" sum="10"/>
<action no="2" player="M1ky3ste92" type="2" sum="20"/>
</round>
<round no="1"><cards type="Pocket" player="M1ky3ste92">S6 S5</cards>
<cards type="Pocket" player="LolloCausto">X X</cards>
<action no="3" player="LolloCausto" type="23" discard="1" dealt="1" sum="40"/>
<action no="4" player="M1ky3ste92" type="3" sum="20"/>
</round>
<round no="2"><cards type="Flop">SK S2 H6</cards>
<action no="5" player="M1ky3ste92" type="4" sum="0"/>
<action no="6" player="LolloCausto" type="5" discard="1" dealt="1" sum="21"/>
<action no="7" player="M1ky3ste92" type="23" sum="102"/>
<action no="8" player="LolloCausto" type="3" discard="1" dealt="1" sum="81"/>
</round>
<round no="3"><cards type="Turn">SQ</cards>
<action no="9" player="M1ky3ste92" type="5" sum="100"/>
<action no="10" player="LolloCausto" type="0" discard="1" dealt="1" sum="0"/>
</round>
</game>
<game gamecode="6579866747"><general>
<startdate>2026-01-02 13:49:25</startdate>
<round>1</round>
<failsafecounter/>
<players><player seat="6" name="LolloCausto" chips="448" dealer="0" win="70" bet="95" muck="1" rebuy="0" addon="0" merge="0" rebuychips="0" reg_code="5085676818"/>
<player seat="3" name="M1ky3ste92" chips="1,052" dealer="1" win="0" bet="35" muck="1" rebuy="0" addon="0" merge="0" rebuychips="0" reg_code="5085676786"/>
</players>
</general>
<round no="0"><action no="1" player="M1ky3ste92" type="15" sum="5"/>
<action no="2" player="LolloCausto" type="15" discard="1" dealt="1" sum="5"/>
<action no="3" player="M1ky3ste92" type="1" sum="15"/>
<action no="4" player="LolloCausto" type="2" discard="1" dealt="1" sum="30"/>
</round>
<round no="1"><cards type="Pocket" player="M1ky3ste92">C7 S3</cards>
<cards type="Pocket" player="LolloCausto">X X</cards>
<action no="5" player="M1ky3ste92" type="3" sum="15"/>
<action no="6" player="LolloCausto" type="23" discard="1" dealt="1" sum="90"/>
<action no="7" player="M1ky3ste92" type="0" sum="0"/>
</round>
</game>
<game gamecode="6579866809"><general>
<startdate>2026-01-02 13:49:34</startdate>
<round>1</round>
<failsafecounter/>
<players><player seat="3" name="M1ky3ste92" chips="1,017" dealer="0" win="0" bet="35" muck="1" rebuy="0" addon="0" merge="0" rebuychips="0" reg_code="5085676786"/>
<player seat="6" name="LolloCausto" chips="483" dealer="1" win="70" bet="65" muck="1" rebuy="0" addon="0" merge="0" rebuychips="0" reg_code="5085676818"/>
</players>
</general>
<round no="0"><action no="1" player="LolloCausto" type="15" discard="1" dealt="1" sum="5"/>
<action no="2" player="M1ky3ste92" type="15" sum="5"/>
<action no="3" player="LolloCausto" type="1" discard="1" dealt="1" sum="15"/>
<action no="4" player="M1ky3ste92" type="2" sum="30"/>
</round>
<round no="1"><cards type="Pocket" player="M1ky3ste92">C3 H10</cards>
<cards type="Pocket" player="LolloCausto">X X</cards>
<action no="5" player="LolloCausto" type="3" discard="1" dealt="1" sum="15"/>
<action no="6" player="M1ky3ste92" type="4" sum="0"/>
</round>
<round no="2"><cards type="Flop">HQ HK C6</cards>
<action no="7" player="M1ky3ste92" type="4" sum="0"/>
<action no="8" player="LolloCausto" type="5" discard="1" dealt="1" sum="30"/>
<action no="9" player="M1ky3ste92" type="0" sum="0"/>
</round>
</game>
<game gamecode="6579866882"><general>
<startdate>2026-01-02 13:49:47</startdate>
<round>1</round>
<failsafecounter/>
<players><player seat="6" name="LolloCausto" chips="518" dealer="0" win="1,036" bet="518" muck="0" rebuy="0" addon="0" merge="0" rebuychips="0" reg_code="5085676818"/>
<player seat="3" name="M1ky3ste92" chips="982" dealer="1" win="0" bet="518" muck="1" rebuy="0" addon="0" merge="0" rebuychips="0" reg_code="5085676786"/>
</players>
</general>
<round no="0"><action no="1" player="M1ky3ste92" type="15" sum="5"/>
<action no="2" player="LolloCausto" type="15" discard="1" dealt="1" sum="5"/>
<action no="3" player="M1ky3ste92" type="1" sum="15"/>
<action no="4" player="LolloCausto" type="2" discard="1" dealt="1" sum="30"/>
</round>
<round no="1"><cards type="Pocket" player="LolloCausto">HJ SQ</cards>
<cards type="Pocket" player="M1ky3ste92">S10 D10</cards>
<action no="5" player="M1ky3ste92" type="3" sum="15"/>
<action no="6" player="LolloCausto" type="23" discard="1" dealt="1" sum="513"/>
<action no="7" player="M1ky3ste92" type="3" sum="483"/>
</round>
<round no="2"><cards type="Flop">DQ HA H9</cards>
</round>
<round no="3"><cards type="Turn">H7</cards>
</round>
<round no="4"><cards type="River">CA</cards>
</round>
</game>
<game gamecode="6579867011"><general>
<startdate>2026-01-02 13:50:10</startdate>
<round>1</round>
<failsafecounter/>
<players><player seat="3" name="M1ky3ste92" chips="464" dealer="0" win="148" bet="148" muck="0" rebuy="0" addon="0" merge="0" rebuychips="0" reg_code="5085676786"/>
<player seat="6" name="LolloCausto" chips="1,036" dealer="1" win="148" bet="148" muck="0" rebuy="0" addon="0" merge="0" rebuychips="0" reg_code="5085676818"/>
</players>
</general>
<round no="0"><action no="1" player="LolloCausto" type="15" discard="1" dealt="1" sum="5"/>
<action no="2" player="M1ky3ste92" type="15" sum="5"/>
<action no="3" player="LolloCausto" type="1" discard="1" dealt="1" sum="15"/>
<action no="4" player="M1ky3ste92" type="2" sum="30"/>
</round>
<round no="1"><cards type="Pocket" player="LolloCausto">S6 HK</cards>
<cards type="Pocket" player="M1ky3ste92">SK H8</cards>
<action no="5" player="LolloCausto" type="3" discard="1" dealt="1" sum="15"/>
<action no="6" player="M1ky3ste92" type="4" sum="0"/>
</round>
<round no="2"><cards type="Flop">H5 CK S4</cards>
<action no="7" player="M1ky3ste92" type="4" sum="0"/>
<action no="8" player="LolloCausto" type="5" discard="1" dealt="1" sum="30"/>
<action no="9" player="M1ky3ste92" type="3" sum="30"/>
</round>
<round no="3"><cards type="Turn">S5</cards>
<action no="10" player="M1ky3ste92" type="4" sum="0"/>
<action no="11" player="LolloCausto" type="4" discard="1" dealt="1" sum="0"/>
</round>
<round no="4"><cards type="River">CA</cards>
<action no="12" player="M1ky3ste92" type="4" sum="0"/>
<action no="13" player="LolloCausto" type="5" discard="1" dealt="1" sum="83"/>
<action no="14" player="M1ky3ste92" type="3" sum="83"/>
</round>
</game>
<game gamecode="6579867218"><general>
<startdate>2026-01-02 13:50:45</startdate>
<round>1</round>
<failsafecounter/>
<players><player seat="6" name="LolloCausto" chips="1,036" dealer="0" win="0" bet="65" muck="1" rebuy="0" addon="0" merge="0" rebuychips="0" reg_code="5085676818"/>
<player seat="3" name="M1ky3ste92" chips="464" dealer="1" win="130" bet="65" muck="0" rebuy="0" addon="0" merge="0" rebuychips="0" reg_code="5085676786"/>
</players>
</general>
<round no="0"><action no="1" player="M1ky3ste92" type="15" sum="5"/>
<action no="2" player="LolloCausto" type="15" discard="1" dealt="1" sum="5"/>
<action no="3" player="M1ky3ste92" type="1" sum="15"/>
<action no="4" player="LolloCausto" type="2" discard="1" dealt="1" sum="30"/>
</round>
<round no="1"><cards type="Pocket" player="LolloCausto">H10 D7</cards>
<cards type="Pocket" player="M1ky3ste92">D10 CQ</cards>
<action no="5" player="M1ky3ste92" type="3" sum="15"/>
<action no="6" player="LolloCausto" type="4" discard="1" dealt="1" sum="0"/>
</round>
<round no="2"><cards type="Flop">S3 D6 S9</cards>
<action no="7" player="LolloCausto" type="4" discard="1" dealt="1" sum="0"/>
<action no="8" player="M1ky3ste92" type="4" sum="0"/>
</round>
<round no="3"><cards type="Turn">H6</cards>
<action no="9" player="LolloCausto" type="5" discard="1" dealt="1" sum="30"/>
<action no="10" player="M1ky3ste92" type="3" sum="30"/>
</round>
<round no="4"><cards type="River">SK</cards>
<action no="11" player="LolloCausto" type="4" discard="1" dealt="1" sum="0"/>
<action no="12" player="M1ky3ste92" type="4" sum="0"/>
</round>
</game>
<game gamecode="6579867433"><general>
<startdate>2026-01-02 13:51:24</startdate>
<round>1</round>
<failsafecounter/>
<players><player seat="3" name="M1ky3ste92" chips="529" dealer="0" win="170" bet="205" muck="1" rebuy="0" addon="0" merge="0" rebuychips="0" reg_code="5085676786"/>
<player seat="6" name="LolloCausto" chips="971" dealer="1" win="0" bet="85" muck="1" rebuy="0" addon="0" merge="0" rebuychips="0" reg_code="5085676818"/>
</players>
</general>
<round no="0"><action no="1" player="LolloCausto" type="15" discard="1" dealt="1" sum="5"/>
<action no="2" player="M1ky3ste92" type="15" sum="5"/>
<action no="3" player="LolloCausto" type="1" discard="1" dealt="1" sum="20"/>
<action no="4" player="M1ky3ste92" type="2" sum="40"/>
</round>
<round no="1"><cards type="Pocket" player="M1ky3ste92">H5 H3</cards>
<cards type="Pocket" player="LolloCausto">X X</cards>
<action no="5" player="LolloCausto" type="3" discard="1" dealt="1" sum="20"/>
<action no="6" player="M1ky3ste92" type="4" sum="0"/>
</round>
<round no="2"><cards type="Flop">S2 D4 H9</cards>
<action no="7" player="M1ky3ste92" type="4" sum="0"/>
<action no="8" player="LolloCausto" type="5" discard="1" dealt="1" sum="40"/>
<action no="9" player="M1ky3ste92" type="23" sum="160"/>
<action no="10" player="LolloCausto" type="0" discard="1" dealt="1" sum="0"/>
</round>
</game>
<game gamecode="6579867539"><general>
<startdate>2026-01-02 13:51:43</startdate>
<round>1</round>
<failsafecounter/>
<players><player seat="6" name="LolloCausto" chips="886" dealer="0" win="45" bet="45" muck="0" rebuy="0" addon="0" merge="0" rebuychips="0" reg_code="5085676818"/>
<player seat="3" name="M1ky3ste92" chips="614" dealer="1" win="45" bet="45" muck="0" rebuy="0" addon="0" merge="0" rebuychips="0" reg_code="5085676786"/>
</players>
</general>
<round no="0"><action no="1" player="M1ky3ste92" type="15" sum="5"/>
<action no="2" player="LolloCausto" type="15" discard="1" dealt="1" sum="5"/>
<action no="3" player="M1ky3ste92" type="1" sum="20"/>
<action no="4" player="LolloCausto" type="2" discard="1" dealt="1" sum="40"/>
</round>
<round no="1"><cards type="Pocket" player="M1ky3ste92">D5 D2</cards>
<cards type="Pocket" player="LolloCausto">H4 C3</cards>
<action no="5" player="M1ky3ste92" type="3" sum="20"/>
<action no="6" player="LolloCausto" type="4" discard="1" dealt="1" sum="0"/>
</round>
<round no="2"><cards type="Flop">HJ CK S9</cards>
<action no="7" player="LolloCausto" type="4" discard="1" dealt="1" sum="0"/>
<action no="8" player="M1ky3ste92" type="4" sum="0"/>
</round>
<round no="3"><cards type="Turn">D7</cards>
<action no="9" player="LolloCausto" type="4" discard="1" dealt="1" sum="0"/>
<action no="10" player="M1ky3ste92" type="4" sum="0"/>
</round>
<round no="4"><cards type="River">D10</cards>
<action no="11" player="LolloCausto" type="4" discard="1" dealt="1" sum="0"/>
<action no="12" player="M1ky3ste92" type="4" sum="0"/>
</round>
</game>
<game gamecode="6579867778"><general>
<startdate>2026-01-02 13:52:25</startdate>
<round>1</round>
<failsafecounter/>
<players><player seat="3" name="M1ky3ste92" chips="614" dealer="0" win="0" bet="45" muck="1" rebuy="0" addon="0" merge="0" rebuychips="0" reg_code="5085676786"/>
<player seat="6" name="LolloCausto" chips="886" dealer="1" win="90" bet="85" muck="1" rebuy="0" addon="0" merge="0" rebuychips="0" reg_code="5085676818"/>
</players>
</general>
<round no="0"><action no="1" player="LolloCausto" type="15" discard="1" dealt="1" sum="5"/>
<action no="2" player="M1ky3ste92" type="15" sum="5"/>
<action no="3" player="LolloCausto" type="1" discard="1" dealt="1" sum="20"/>
<action no="4" player="M1ky3ste92" type="2" sum="40"/>
</round>
<round no="1"><cards type="Pocket" player="M1ky3ste92">C4 C3</cards>
<cards type="Pocket" player="LolloCausto">X X</cards>
<action no="5" player="LolloCausto" type="3" discard="1" dealt="1" sum="20"/>
<action no="6" player="M1ky3ste92" type="4" sum="0"/>
</round>
<round no="2"><cards type="Flop">HQ SQ C10</cards>
<action no="7" player="M1ky3ste92" type="4" sum="0"/>
<action no="8" player="LolloCausto" type="5" discard="1" dealt="1" sum="40"/>
<action no="9" player="M1ky3ste92" type="0" sum="0"/>
</round>
</game>
<game gamecode="6579867946"><general>
<startdate>2026-01-02 13:52:55</startdate>
<round>1</round>
<failsafecounter/>
<players><player seat="6" name="LolloCausto" chips="931" dealer="0" win="50" bet="45" muck="1" rebuy="0" addon="0" merge="0" rebuychips="0" reg_code="5085676818"/>
<player seat="3" name="M1ky3ste92" chips="569" dealer="1" win="0" bet="25" muck="1" rebuy="0" addon="0" merge="0" rebuychips="0" reg_code="5085676786"/>
</players>
</general>
<round no="0"><action no="1" player="M1ky3ste92" type="15" sum="5"/>
<action no="2" player="LolloCausto" type="15" discard="1" dealt="1" sum="5"/>
<action no="3" player="M1ky3ste92" type="1" sum="20"/>
<action no="4" player="LolloCausto" type="2" discard="1" dealt="1" sum="40"/>
</round>
<round no="1"><cards type="Pocket" player="LolloCausto">X X</cards>
<cards type="Pocket" player="M1ky3ste92">D4 H2</cards>
<action no="5" player="M1ky3ste92" type="0" sum="0"/>
</round>
</game>
<game gamecode="6579867981"><general>
<startdate>2026-01-02 13:53:00</startdate>
<round>1</round>
<failsafecounter/>
<players><player seat="3" name="M1ky3ste92" chips="544" dealer="0" win="0" bet="45" muck="1" rebuy="0" addon="0" merge="0" rebuychips="0" reg_code="5085676786"/>
<player seat="6" name="LolloCausto" chips="956" dealer="1" win="90" bet="85" muck="1" rebuy="0" addon="0" merge="0" rebuychips="0" reg_code="5085676818"/>
</players>
</general>
<round no="0"><action no="1" player="LolloCausto" type="15" discard="1" dealt="1" sum="5"/>
<action no="2" player="M1ky3ste92" type="15" sum="5"/>
<action no="3" player="LolloCausto" type="1" discard="1" dealt="1" sum="20"/>
<action no="4" player="M1ky3ste92" type="2" sum="40"/>
</round>
<round no="1"><cards type="Pocket" player="LolloCausto">X X</cards>
<cards type="Pocket" player="M1ky3ste92">C2 H3</cards>
<action no="5" player="LolloCausto" type="3" discard="1" dealt="1" sum="20"/>
<action no="6" player="M1ky3ste92" type="4" sum="0"/>
</round>
<round no="2"><cards type="Flop">HJ C4 SQ</cards>
<action no="7" player="M1ky3ste92" type="4" sum="0"/>
<action no="8" player="LolloCausto" type="5" discard="1" dealt="1" sum="40"/>
<action no="9" player="M1ky3ste92" type="0" sum="0"/>
</round>
</game>
<game gamecode="6579868049"><general>
<startdate>2026-01-02 13:53:14</startdate>
<round>1</round>
<failsafecounter/>
<players><player seat="6" name="LolloCausto" chips="1,001" dealer="0" win="50" bet="45" muck="1" rebuy="0" addon="0" merge="0" rebuychips="0" reg_code="5085676818"/>
<player seat="3" name="M1ky3ste92" chips="499" dealer="1" win="0" bet="25" muck="1" rebuy="0" addon="0" merge="0" rebuychips="0" reg_code="5085676786"/>
</players>
</general>
<round no="0"><action no="1" player="M1ky3ste92" type="15" sum="5"/>
<action no="2" player="LolloCausto" type="15" discard="1" dealt="1" sum="5"/>
<action no="3" player="M1ky3ste92" type="1" sum="20"/>
<action no="4" player="LolloCausto" type="2" discard="1" dealt="1" sum="40"/>
</round>
<round no="1"><cards type="Pocket" player="M1ky3ste92">H6 D3</cards>
<cards type="Pocket" player="LolloCausto">X X</cards>
<action no="5" player="M1ky3ste92" type="0" sum="0"/>
</round>
</game>
<game gamecode="6579868085"><general>
<startdate>2026-01-02 13:53:19</startdate>
<round>1</round>
<failsafecounter/>
<players><player seat="3" name="M1ky3ste92" chips="474" dealer="0" win="130" bet="474" muck="1" rebuy="0" addon="0" merge="0" rebuychips="0" reg_code="5085676786"/>
<player seat="6" name="LolloCausto" chips="1,026" dealer="1" win="0" bet="65" muck="1" rebuy="0" addon="0" merge="0" rebuychips="0" reg_code="5085676818"/>
</players>
</general>
<round no="0"><action no="1" player="LolloCausto" type="15" discard="1" dealt="1" sum="5"/>
<action no="2" player="M1ky3ste92" type="15" sum="5"/>
<action no="3" player="LolloCausto" type="1" discard="1" dealt="1" sum="30"/>
<action no="4" player="M1ky3ste92" type="2" sum="60"/>
</round>
<round no="1"><cards type="Pocket" player="M1ky3ste92">DK S7</cards>
<cards type="Pocket" player="LolloCausto">X X</cards>
<action no="5" player="LolloCausto" type="3" discard="1" dealt="1" sum="30"/>
<action no="6" player="M1ky3ste92" type="23" sum="469"/>
<action no="7" player="LolloCausto" type="0" discard="1" dealt="1" sum="0"/>
</round>
</game>
<game gamecode="6579868145"><general>
<startdate>2026-01-02 13:53:28</startdate>
<round>1</round>
<failsafecounter/>
<players><player seat="6" name="LolloCausto" chips="961" dealer="0" win="70" bet="65" muck="1" rebuy="0" addon="0" merge="0" rebuychips="0" reg_code="5085676818"/>
<player seat="3" name="M1ky3ste92" chips="539" dealer="1" win="0" bet="35" muck="1" rebuy="0" addon="0" merge="0" rebuychips="0" reg_code="5085676786"/>
</players>
</general>
<round no="0"><action no="1" player="M1ky3ste92" type="15" sum="5"/>
<action no="2" player="LolloCausto" type="15" discard="1" dealt="1" sum="5"/>
<action no="3" player="M1ky3ste92" type="1" sum="30"/>
<action no="4" player="LolloCausto" type="2" discard="1" dealt="1" sum="60"/>
</round>
<round no="1"><cards type="Pocket" player="M1ky3ste92">H7 D2</cards>
<cards type="Pocket" player="LolloCausto">X X</cards>
<action no="5" player="M1ky3ste92" type="0" sum="0"/>
</round>
</game>
<game gamecode="6579871886"><general>
<startdate>2026-01-02 13:53:42</startdate>
<round>1</round>
<failsafecounter/>
<players><player seat="3" name="M1ky3ste92" chips="504" dealer="0" win="0" bet="504" muck="0" rebuy="0" addon="0" merge="0" rebuychips="0" reg_code="5085676786"/>
<player seat="6" name="LolloCausto" chips="996" dealer="1" win="1,008" bet="504" muck="0" rebuy="0" addon="0" merge="0" rebuychips="0" reg_code="5085676818"/>
</players>
</general>
<round no="0"><action no="1" player="LolloCausto" type="15" discard="1" dealt="1" sum="5"/>
<action no="2" player="M1ky3ste92" type="15" sum="5"/>
<action no="3" player="LolloCausto" type="1" discard="1" dealt="1" sum="30"/>
<action no="4" player="M1ky3ste92" type="2" sum="60"/>
</round>
<round no="1"><cards type="Pocket" player="M1ky3ste92">S9 SQ</cards>
<cards type="Pocket" player="LolloCausto">SA S8</cards>
<action no="5" player="LolloCausto" type="3" discard="1" dealt="1" sum="30"/>
<action no="6" player="M1ky3ste92" type="23" sum="499"/>
<action no="7" player="LolloCausto" type="3" discard="1" dealt="1" sum="439"/>
</round>
<round no="2"><cards type="Flop">SJ S7 CJ</cards>
</round>
<round no="3"><cards type="Turn">H8</cards>
</round>
<round no="4"><cards type="River">S2</cards>
</round>
</game>
</session>
