<?xml version="1.0" encoding="UTF-8"?>
<session sessioncode="5085684675">
<general>
<client_version>25.7.1.50</client_version>
<mode>real</mode>
<gametype>Holdem NL</gametype>
<tablename>Twister €100 SNG, 825408334</tablename>
<tournamentcode>825408333</tournamentcode>
<tournamentname>Twister €100 SNG</tournamentname>
<buyin>€0 + €7 + €93</buyin>
<totalbuyin>€100</totalbuyin>
<rewarddrawn>€200</rewarddrawn>
<tournamentcurrency>EUR</tournamentcurrency>
<currency>EUR</currency>
<nickname>M1ky3ste92</nickname>
<gamecount>29</gamecount>
<startdate>2026-01-02 14:22:16</startdate>
<place>1</place>
<win>€200</win>
<tablesize>3</tablesize>
</general>
<game gamecode="6579899965"><general>
<startdate>2026-01-02 14:22:31</startdate>
<round>1</round>
<failsafecounter/>
<players><player seat="3" name="LolloCausto" chips="500" dealer="0" win="0" bet="500" muck="0" rebuy="0" addon="0" merge="0" rebuychips="0" reg_code="5085684210"/>
<player seat="6" name="M1ky3ste92" chips="500" dealer="1" win="0" bet="0" muck="1" rebuy="0" addon="0" merge="0" rebuychips="0" reg_code="5085684675"/>
<player seat="10" name="Dan1022" chips="500" dealer="0" win="1,000" bet="500" muck="0" rebuy="0" addon="0" merge="0" rebuychips="0" reg_code="5085685175"/>
</players>
</general>
<round no="0"><action no="1" player="Dan1022" type="1" discard="1" dealt="1" sum="10"/>
<action no="2" player="LolloCausto" type="2" discard="1" dealt="1" sum="20"/>
</round>
<round no="1"><cards type="Pocket" player="LolloCausto">C7 HK</cards>
<cards type="Pocket" player="M1ky3ste92">S5 S10</cards>
<cards type="Pocket" player="Dan1022">C6 CQ</cards>
<action no="3" player="M1ky3ste92" type="0" sum="0"/>
<action no="4" player="Dan1022" type="23" discard="1" dealt="1" sum="40"/>
<action no="5" player="LolloCausto" type="3" discard="1" dealt="1" sum="20"/>
</round>
<round no="2"><cards type="Flop">S4 DQ H6</cards>
<action no="6" player="Dan1022" type="5" discard="1" dealt="1" sum="40"/>
<action no="7" player="LolloCausto" type="3" discard="1" dealt="1" sum="40"/>
</round>
<round no="3"><cards type="Turn">D8</cards>
<action no="8" player="Dan1022" type="5" discard="1" dealt="1" sum="60"/>
<action no="9" player="LolloCausto" type="3" discard="1" dealt="1" sum="60"/>
</round>
<round no="4"><cards type="River">H4</cards>
<action no="10" player="Dan1022" type="5" discard="1" dealt="1" sum="60"/>
<action no="11" player="LolloCausto" type="23" discard="1" dealt="1" sum="360"/>
<action no="12" player="Dan1022" type="7" discard="1" dealt="1" sum="300"/>
</round>
</game>
<game gamecode="6579900314"><general>
<startdate>2026-01-02 14:23:21</startdate>
<round>1</round>
<failsafecounter/>
<players><player seat="6" name="M1ky3ste92" chips="500" dealer="0" win="0" bet="40" muck="1" rebuy="0" addon="0" merge="0" rebuychips="0" reg_code="5085684675"/>
<player seat="10" name="Dan1022" chips="1,000" dealer="1" win="80" bet="80" muck="1" rebuy="0" addon="0" merge="0" rebuychips="0" reg_code="5085685175"/>
</players>
</general>
<round no="0"><action no="1" player="Dan1022" type="1" discard="1" dealt="1" sum="10"/>
<action no="2" player="M1ky3ste92" type="2" sum="20"/>
</round>
<round no="1"><cards type="Pocket" player="Dan1022">X X</cards>
<cards type="Pocket" player="M1ky3ste92">SA D5</cards>
<action no="3" player="Dan1022" type="23" discard="1" dealt="1" sum="40"/>
<action no="4" player="M1ky3ste92" type="3" sum="20"/>
</round>
<round no="2"><cards type="Flop">H7 S7 H9</cards>
<action no="5" player="M1ky3ste92" type="4" sum="0"/>
<action no="6" player="Dan1022" type="5" discard="1" dealt="1" sum="40"/>
<action no="7" player="M1ky3ste92" type="0" sum="0"/>
</round>
</game>
<game gamecode="6579900431"><general>
<startdate>2026-01-02 14:23:37</startdate>
<round>1</round>
<failsafecounter/>
<players><player seat="10" name="Dan1022" chips="1,040" dealer="0" win="80" bet="140" muck="1" rebuy="0" addon="0" merge="0" rebuychips="0" reg_code="5085685175"/>
<player seat="6" name="M1ky3ste92" chips="460" dealer="1" win="0" bet="40" muck="1" rebuy="0" addon="0" merge="0" rebuychips="0" reg_code="5085684675"/>
</players>
</general>
<round no="0"><action no="1" player="M1ky3ste92" type="1" sum="10"/>
<action no="2" player="Dan1022" type="2" discard="1" dealt="1" sum="20"/>
</round>
<round no="1"><cards type="Pocket" player="M1ky3ste92">S8 CA</cards>
<cards type="Pocket" player="Dan1022">X X</cards>
<action no="3" player="M1ky3ste92" type="23" sum="40"/>
<action no="4" player="Dan1022" type="23" discard="1" dealt="1" sum="140"/>
<action no="5" player="M1ky3ste92" type="0" sum="0"/>
</round>
</game>
<game gamecode="6579900577"><general>
<startdate>2026-01-02 14:23:57</startdate>
<round>1</round>
<failsafecounter/>
<players><player seat="6" name="M1ky3ste92" chips="420" dealer="0" win="0" bet="20" muck="1" rebuy="0" addon="0" merge="0" rebuychips="0" reg_code="5085684675"/>
<player seat="10" name="Dan1022" chips="1,080" dealer="1" win="40" bet="40" muck="1" rebuy="0" addon="0" merge="0" rebuychips="0" reg_code="5085685175"/>
</players>
</general>
<round no="0"><action no="1" player="Dan1022" type="1" discard="1" dealt="1" sum="10"/>
<action no="2" player="M1ky3ste92" type="2" sum="20"/>
</round>
<round no="1"><cards type="Pocket" player="M1ky3ste92">C4 S10</cards>
<cards type="Pocket" player="Dan1022">X X</cards>
<action no="3" player="Dan1022" type="3" discard="1" dealt="1" sum="10"/>
<action no="4" player="M1ky3ste92" type="4" sum="0"/>
</round>
<round no="2"><cards type="Flop">H7 C7 HQ</cards>
<action no="5" player="M1ky3ste92" type="4" sum="0"/>
<action no="6" player="Dan1022" type="4" discard="1" dealt="1" sum="0"/>
</round>
<round no="3"><cards type="Turn">DK</cards>
<action no="7" player="M1ky3ste92" type="4" sum="0"/>
<action no="8" player="Dan1022" type="5" discard="1" dealt="1" sum="20"/>
<action no="9" player="M1ky3ste92" type="0" sum="0"/>
</round>
</game>
<game gamecode="6579900802"><general>
<startdate>2026-01-02 14:24:28</startdate>
<round>1</round>
<failsafecounter/>
<players><player seat="10" name="Dan1022" chips="1,100" dealer="0" win="40" bet="35" muck="1" rebuy="0" addon="0" merge="0" rebuychips="0" reg_code="5085685175"/>
<player seat="6" name="M1ky3ste92" chips="400" dealer="1" win="0" bet="20" muck="1" rebuy="0" addon="0" merge="0" rebuychips="0" reg_code="5085684675"/>
</players>
</general>
<round no="0"><action no="1" player="M1ky3ste92" type="15" sum="5"/>
<action no="2" player="Dan1022" type="15" discard="1" dealt="1" sum="5"/>
<action no="3" player="M1ky3ste92" type="1" sum="15"/>
<action no="4" player="Dan1022" type="2" discard="1" dealt="1" sum="30"/>
</round>
<round no="1"><cards type="Pocket" player="M1ky3ste92">S6 H2</cards>
<cards type="Pocket" player="Dan1022">X X</cards>
<action no="5" player="M1ky3ste92" type="0" sum="0"/>
</round>
</game>
<game gamecode="6579900861"><general>
<startdate>2026-01-02 14:24:34</startdate>
<round>1</round>
<failsafecounter/>
<players><player seat="6" name="M1ky3ste92" chips="380" dealer="0" win="760" bet="380" muck="0" rebuy="0" addon="0" merge="0" rebuychips="0" reg_code="5085684675"/>
<player seat="10" name="Dan1022" chips="1,120" dealer="1" win="0" bet="380" muck="1" rebuy="0" addon="0" merge="0" rebuychips="0" reg_code="5085685175"/>
</players>
</general>
<round no="0"><action no="1" player="Dan1022" type="15" discard="1" dealt="1" sum="5"/>
<action no="2" player="M1ky3ste92" type="15" sum="5"/>
<action no="3" player="Dan1022" type="1" discard="1" dealt="1" sum="15"/>
<action no="4" player="M1ky3ste92" type="2" sum="30"/>
</round>
<round no="1"><cards type="Pocket" player="Dan1022">SA DJ</cards>
<cards type="Pocket" player="M1ky3ste92">SK DK</cards>
<action no="5" player="Dan1022" type="23" discard="1" dealt="1" sum="60"/>
<action no="6" player="M1ky3ste92" type="3" sum="30"/>
</round>
<round no="2"><cards type="Flop">C8 SJ S7</cards>
<action no="7" player="M1ky3ste92" type="4" sum="0"/>
<action no="8" player="Dan1022" type="5" discard="1" dealt="1" sum="60"/>
<action no="9" player="M1ky3ste92" type="3" sum="60"/>
</round>
<round no="3"><cards type="Turn">D8</cards>
<action no="10" player="M1ky3ste92" type="4" sum="0"/>
<action no="11" player="Dan1022" type="5" discard="1" dealt="1" sum="90"/>
<action no="12" player="M1ky3ste92" type="23" sum="255"/>
<action no="13" player="Dan1022" type="3" discard="1" dealt="1" sum="165"/>
</round>
<round no="4"><cards type="River">C7</cards>
</round>
</game>
<game gamecode="6579901118"><general>
<startdate>2026-01-02 14:25:13</startdate>
<round>1</round>
<failsafecounter/>
<players><player seat="10" name="Dan1022" chips="740" dealer="0" win="190" bet="155" muck="1" rebuy="0" addon="0" merge="0" rebuychips="0" reg_code="5085685175"/>
<player seat="6" name="M1ky3ste92" chips="760" dealer="1" win="0" bet="95" muck="1" rebuy="0" addon="0" merge="0" rebuychips="0" reg_code="5085684675"/>
</players>
</general>
<round no="0"><action no="1" player="M1ky3ste92" type="15" sum="5"/>
<action no="2" player="Dan1022" type="15" discard="1" dealt="1" sum="5"/>
<action no="3" player="M1ky3ste92" type="1" sum="15"/>
<action no="4" player="Dan1022" type="2" discard="1" dealt="1" sum="30"/>
</round>
<round no="1"><cards type="Pocket" player="Dan1022">X X</cards>
<cards type="Pocket" player="M1ky3ste92">DK SJ</cards>
<action no="5" player="M1ky3ste92" type="23" sum="60"/>
<action no="6" player="Dan1022" type="3" discard="1" dealt="1" sum="30"/>
</round>
<round no="2"><cards type="Flop">H5 HA D3</cards>
<action no="7" player="Dan1022" type="5" discard="1" dealt="1" sum="30"/>
<action no="8" player="M1ky3ste92" type="3" sum="30"/>
</round>
<round no="3"><cards type="Turn">S3</cards>
<action no="9" player="Dan1022" type="5" discard="1" dealt="1" sum="60"/>
<action no="10" player="M1ky3ste92" type="0" sum="0"/>
</round>
</game>
<game gamecode="6579901220"><general>
<startdate>2026-01-02 14:25:28</startdate>
<round>1</round>
<failsafecounter/>
<players><player seat="6" name="M1ky3ste92" chips="665" dealer="0" win="130" bet="665" muck="1" rebuy="0" addon="0" merge="0" rebuychips="0" reg_code="5085684675"/>
<player seat="10" name="Dan1022" chips="835" dealer="1" win="0" bet="65" muck="1" rebuy="0" addon="0" merge="0" rebuychips="0" reg_code="5085685175"/>
</players>
</general>
<round no="0"><action no="1" player="Dan1022" type="15" discard="1" dealt="1" sum="5"/>
<action no="2" player="M1ky3ste92" type="15" sum="5"/>
<action no="3" player="Dan1022" type="1" discard="1" dealt="1" sum="15"/>
<action no="4" player="M1ky3ste92" type="2" sum="30"/>
</round>
<round no="1"><cards type="Pocket" player="Dan1022">X X</cards>
<cards type="Pocket" player="M1ky3ste92">DA S9</cards>
<action no="5" player="Dan1022" type="23" discard="1" dealt="1" sum="60"/>
<action no="6" player="M1ky3ste92" type="23" sum="660"/>
<action no="7" player="Dan1022" type="0" discard="1" dealt="1" sum="0"/>
</round>
</game>
<game gamecode="6579901296"><general>
<startdate>2026-01-02 14:25:37</startdate>
<round>1</round>
<failsafecounter/>
<players><player seat="10" name="Dan1022" chips="770" dealer="0" win="40" bet="35" muck="1" rebuy="0" addon="0" merge="0" rebuychips="0" reg_code="5085685175"/>
<player seat="6" name="M1ky3ste92" chips="730" dealer="1" win="0" bet="20" muck="1" rebuy="0" addon="0" merge="0" rebuychips="0" reg_code="5085684675"/>
</players>
</general>
<round no="0"><action no="1" player="M1ky3ste92" type="15" sum="5"/>
<action no="2" player="Dan1022" type="15" discard="1" dealt="1" sum="5"/>
<action no="3" player="M1ky3ste92" type="1" sum="15"/>
<action no="4" player="Dan1022" type="2" discard="1" dealt="1" sum="30"/>
</round>
<round no="1"><cards type="Pocket" player="M1ky3ste92">D8 H2</cards>
<cards type="Pocket" player="Dan1022">X X</cards>
<action no="5" player="M1ky3ste92" type="0" sum="0"/>
</round>
</game>
<game gamecode="6579901340"><general>
<startdate>2026-01-02 14:25:43</startdate>
<round>1</round>
<failsafecounter/>
<players><player seat="6" name="M1ky3ste92" chips="710" dealer="0" win="40" bet="35" muck="1" rebuy="0" addon="0" merge="0" rebuychips="0" reg_code="5085684675"/>
<player seat="10" name="Dan1022" chips="790" dealer="1" win="0" bet="20" muck="1" rebuy="0" addon="0" merge="0" rebuychips="0" reg_code="5085685175"/>
</players>
</general>
<round no="0"><action no="1" player="Dan1022" type="15" discard="1" dealt="1" sum="5"/>
<action no="2" player="M1ky3ste92" type="15" sum="5"/>
<action no="3" player="Dan1022" type="1" discard="1" dealt="1" sum="15"/>
<action no="4" player="M1ky3ste92" type="2" sum="30"/>
</round>
<round no="1"><cards type="Pocket" player="Dan1022">X X</cards>
<cards type="Pocket" player="M1ky3ste92">D2 H4</cards>
<action no="5" player="Dan1022" type="0" discard="1" dealt="1" sum="0"/>
</round>
</game>
<game gamecode="6579901380"><general>
<startdate>2026-01-02 14:25:49</startdate>
<round>1</round>
<failsafecounter/>
<players><player seat="10" name="Dan1022" chips="770" dealer="0" win="40" bet="35" muck="1" rebuy="0" addon="0" merge="0" rebuychips="0" reg_code="5085685175"/>
<player seat="6" name="M1ky3ste92" chips="730" dealer="1" win="0" bet="20" muck="1" rebuy="0" addon="0" merge="0" rebuychips="0" reg_code="5085684675"/>
</players>
</general>
<round no="0"><action no="1" player="M1ky3ste92" type="15" sum="5"/>
<action no="2" player="Dan1022" type="15" discard="1" dealt="1" sum="5"/>
<action no="3" player="M1ky3ste92" type="1" sum="15"/>
<action no="4" player="Dan1022" type="2" discard="1" dealt="1" sum="30"/>
</round>
<round no="1"><cards type="Pocket" player="M1ky3ste92">C3 H2</cards>
<cards type="Pocket" player="Dan1022">X X</cards>
<action no="5" player="M1ky3ste92" type="0" sum="0"/>
</round>
</game>
<game gamecode="6579901421"><general>
<startdate>2026-01-02 14:25:54</startdate>
<round>1</round>
<failsafecounter/>
<players><player seat="6" name="M1ky3ste92" chips="710" dealer="0" win="50" bet="45" muck="1" rebuy="0" addon="0" merge="0" rebuychips="0" reg_code="5085684675"/>
<player seat="10" name="Dan1022" chips="790" dealer="1" win="0" bet="25" muck="1" rebuy="0" addon="0" merge="0" rebuychips="0" reg_code="5085685175"/>
</players>
</general>
<round no="0"><action no="1" player="Dan1022" type="15" discard="1" dealt="1" sum="5"/>
<action no="2" player="M1ky3ste92" type="15" sum="5"/>
<action no="3" player="Dan1022" type="1" discard="1" dealt="1" sum="20"/>
<action no="4" player="M1ky3ste92" type="2" sum="40"/>
</round>
<round no="1"><cards type="Pocket" player="Dan1022">X X</cards>
<cards type="Pocket" player="M1ky3ste92">DJ CK</cards>
<action no="5" player="Dan1022" type="0" discard="1" dealt="1" sum="0"/>
</round>
</game>
<game gamecode="6579901476"><general>
<startdate>2026-01-02 14:26:03</startdate>
<round>1</round>
<failsafecounter/>
<players><player seat="10" name="Dan1022" chips="765" dealer="0" win="50" bet="45" muck="1" rebuy="0" addon="0" merge="0" rebuychips="0" reg_code="5085685175"/>
<player seat="6" name="M1ky3ste92" chips="735" dealer="1" win="0" bet="25" muck="1" rebuy="0" addon="0" merge="0" rebuychips="0" reg_code="5085684675"/>
</players>
</general>
<round no="0"><action no="1" player="M1ky3ste92" type="15" sum="5"/>
<action no="2" player="Dan1022" type="15" discard="1" dealt="1" sum="5"/>
<action no="3" player="M1ky3ste92" type="1" sum="20"/>
<action no="4" player="Dan1022" type="2" discard="1" dealt="1" sum="40"/>
</round>
<round no="1"><cards type="Pocket" player="Dan1022">X X</cards>
<cards type="Pocket" player="M1ky3ste92">H9 H5</cards>
<action no="5" player="M1ky3ste92" type="0" sum="0"/>
</round>
</game>
<game gamecode="6579901511"><general>
<startdate>2026-01-02 14:26:07</startdate>
<round>1</round>
<failsafecounter/>
<players><player seat="6" name="M1ky3ste92" chips="710" dealer="0" win="0" bet="45" muck="1" rebuy="0" addon="0" merge="0" rebuychips="0" reg_code="5085684675"/>
<player seat="10" name="Dan1022" chips="790" dealer="1" win="90" bet="85" muck="1" rebuy="0" addon="0" merge="0" rebuychips="0" reg_code="5085685175"/>
</players>
</general>
<round no="0"><action no="1" player="Dan1022" type="15" discard="1" dealt="1" sum="5"/>
<action no="2" player="M1ky3ste92" type="15" sum="5"/>
<action no="3" player="Dan1022" type="1" discard="1" dealt="1" sum="20"/>
<action no="4" player="M1ky3ste92" type="2" sum="40"/>
</round>
<round no="1"><cards type="Pocket" player="Dan1022">X X</cards>
<cards type="Pocket" player="M1ky3ste92">H9 C2</cards>
<action no="5" player="Dan1022" type="23" discard="1" dealt="1" sum="80"/>
<action no="6" player="M1ky3ste92" type="0" sum="0"/>
</round>
</game>
<game gamecode="6579901554"><general>
<startdate>2026-01-02 14:26:13</startdate>
<round>1</round>
<failsafecounter/>
<players><player seat="10" name="Dan1022" chips="835" dealer="0" win="50" bet="45" muck="1" rebuy="0" addon="0" merge="0" rebuychips="0" reg_code="5085685175"/>
<player seat="6" name="M1ky3ste92" chips="665" dealer="1" win="0" bet="25" muck="1" rebuy="0" addon="0" merge="0" rebuychips="0" reg_code="5085684675"/>
</players>
</general>
<round no="0"><action no="1" player="M1ky3ste92" type="15" sum="5"/>
<action no="2" player="Dan1022" type="15" discard="1" dealt="1" sum="5"/>
<action no="3" player="M1ky3ste92" type="1" sum="20"/>
<action no="4" player="Dan1022" type="2" discard="1" dealt="1" sum="40"/>
</round>
<round no="1"><cards type="Pocket" player="M1ky3ste92">S5 C7</cards>
<cards type="Pocket" player="Dan1022">X X</cards>
<action no="5" player="M1ky3ste92" type="0" sum="0"/>
</round>
</game>
<game gamecode="6579901583"><general>
<startdate>2026-01-02 14:26:18</startdate>
<round>1</round>
<failsafecounter/>
<players><player seat="6" name="M1ky3ste92" chips="640" dealer="0" win="50" bet="45" muck="1" rebuy="0" addon="0" merge="0" rebuychips="0" reg_code="5085684675"/>
<player seat="10" name="Dan1022" chips="860" dealer="1" win="0" bet="25" muck="1" rebuy="0" addon="0" merge="0" rebuychips="0" reg_code="5085685175"/>
</players>
</general>
<round no="0"><action no="1" player="Dan1022" type="15" discard="1" dealt="1" sum="5"/>
<action no="2" player="M1ky3ste92" type="15" sum="5"/>
<action no="3" player="Dan1022" type="1" discard="1" dealt="1" sum="20"/>
<action no="4" player="M1ky3ste92" type="2" sum="40"/>
</round>
<round no="1"><cards type="Pocket" player="M1ky3ste92">H5 H10</cards>
<cards type="Pocket" player="Dan1022">X X</cards>
<action no="5" player="Dan1022" type="0" discard="1" dealt="1" sum="0"/>
</round>
</game>
<game gamecode="6579901645"><general>
<startdate>2026-01-02 14:26:26</startdate>
<round>1</round>
<failsafecounter/>
<players><player seat="10" name="Dan1022" chips="835" dealer="0" win="50" bet="45" muck="1" rebuy="0" addon="0" merge="0" rebuychips="0" reg_code="5085685175"/>
<player seat="6" name="M1ky3ste92" chips="665" dealer="1" win="0" bet="25" muck="1" rebuy="0" addon="0" merge="0" rebuychips="0" reg_code="5085684675"/>
</players>
</general>
<round no="0"><action no="1" player="M1ky3ste92" type="15" sum="5"/>
<action no="2" player="Dan1022" type="15" discard="1" dealt="1" sum="5"/>
<action no="3" player="M1ky3ste92" type="1" sum="20"/>
<action no="4" player="Dan1022" type="2" discard="1" dealt="1" sum="40"/>
</round>
<round no="1"><cards type="Pocket" player="M1ky3ste92">D4 D3</cards>
<cards type="Pocket" player="Dan1022">X X</cards>
<action no="5" player="M1ky3ste92" type="0" sum="0"/>
</round>
</game>
<game gamecode="6579901684"><general>
<startdate>2026-01-02 14:26:30</startdate>
<round>1</round>
<failsafecounter/>
<players><player seat="6" name="M1ky3ste92" chips="640" dealer="0" win="50" bet="45" muck="1" rebuy="0" addon="0" merge="0" rebuychips="0" reg_code="5085684675"/>
<player seat="10" name="Dan1022" chips="860" dealer="1" win="0" bet="25" muck="1" rebuy="0" addon="0" merge="0" rebuychips="0" reg_code="5085685175"/>
</players>
</general>
<round no="0"><action no="1" player="Dan1022" type="15" discard="1" dealt="1" sum="5"/>
<action no="2" player="M1ky3ste92" type="15" sum="5"/>
<action no="3" player="Dan1022" type="1" discard="1" dealt="1" sum="20"/>
<action no="4" player="M1ky3ste92" type="2" sum="40"/>
</round>
<round no="1"><cards type="Pocket" player="M1ky3ste92">DJ C5</cards>
<cards type="Pocket" player="Dan1022">X X</cards>
<action no="5" player="Dan1022" type="0" discard="1" dealt="1" sum="0"/>
</round>
</game>
<game gamecode="6579901724"><general>
<startdate>2026-01-02 14:26:36</startdate>
<round>1</round>
<failsafecounter/>
<players><player seat="10" name="Dan1022" chips="835" dealer="0" win="0" bet="85" muck="1" rebuy="0" addon="0" merge="0" rebuychips="0" reg_code="5085685175"/>
<player seat="6" name="M1ky3ste92" chips="665" dealer="1" win="170" bet="165" muck="1" rebuy="0" addon="0" merge="0" rebuychips="0" reg_code="5085684675"/>
</players>
</general>
<round no="0"><action no="1" player="M1ky3ste92" type="15" sum="5"/>
<action no="2" player="Dan1022" type="15" discard="1" dealt="1" sum="5"/>
<action no="3" player="M1ky3ste92" type="1" sum="20"/>
<action no="4" player="Dan1022" type="2" discard="1" dealt="1" sum="40"/>
</round>
<round no="1"><cards type="Pocket" player="Dan1022">X X</cards>
<cards type="Pocket" player="M1ky3ste92">H8 S6</cards>
<action no="5" player="M1ky3ste92" type="3" sum="20"/>
<action no="6" player="Dan1022" type="4" discard="1" dealt="1" sum="0"/>
</round>
<round no="2"><cards type="Flop">S10 HQ DK</cards>
<action no="7" player="Dan1022" type="5" discard="1" dealt="1" sum="40"/>
<action no="8" player="M1ky3ste92" type="23" sum="120"/>
<action no="9" player="Dan1022" type="0" discard="1" dealt="1" sum="0"/>
</round>
</game>
<game gamecode="6579901833"><general>
<startdate>2026-01-02 14:26:51</startdate>
<round>1</round>
<failsafecounter/>
<players><player seat="6" name="M1ky3ste92" chips="750" dealer="0" win="0" bet="45" muck="1" rebuy="0" addon="0" merge="0" rebuychips="0" reg_code="5085684675"/>
<player seat="10" name="Dan1022" chips="750" dealer="1" win="90" bet="85" muck="1" rebuy="0" addon="0" merge="0" rebuychips="0" reg_code="5085685175"/>
</players>
</general>
<round no="0"><action no="1" player="Dan1022" type="15" discard="1" dealt="1" sum="5"/>
<action no="2" player="M1ky3ste92" type="15" sum="5"/>
<action no="3" player="Dan1022" type="1" discard="1" dealt="1" sum="20"/>
<action no="4" player="M1ky3ste92" type="2" sum="40"/>
</round>
<round no="1"><cards type="Pocket" player="M1ky3ste92">CK S4</cards>
<cards type="Pocket" player="Dan1022">X X</cards>
<action no="5" player="Dan1022" type="23" discard="1" dealt="1" sum="80"/>
<action no="6" player="M1ky3ste92" type="0" sum="0"/>
</round>
</game>
<game gamecode="6579901887"><general>
<startdate>2026-01-02 14:26:59</startdate>
<round>1</round>
<failsafecounter/>
<players><player seat="10" name="Dan1022" chips="795" dealer="0" win="250" bet="125" muck="0" rebuy="0" addon="0" merge="0" rebuychips="0" reg_code="5085685175"/>
<player seat="6" name="M1ky3ste92" chips="705" dealer="1" win="0" bet="125" muck="1" rebuy="0" addon="0" merge="0" rebuychips="0" reg_code="5085684675"/>
</players>
</general>
<round no="0"><action no="1" player="M1ky3ste92" type="15" sum="5"/>
<action no="2" player="Dan1022" type="15" discard="1" dealt="1" sum="5"/>
<action no="3" player="M1ky3ste92" type="1" sum="20"/>
<action no="4" player="Dan1022" type="2" discard="1" dealt="1" sum="40"/>
</round>
<round no="1"><cards type="Pocket" player="Dan1022">H8 S7</cards>
<cards type="Pocket" player="M1ky3ste92">SA S5</cards>
<action no="5" player="M1ky3ste92" type="23" sum="80"/>
<action no="6" player="Dan1022" type="3" discard="1" dealt="1" sum="40"/>
</round>
<round no="2"><cards type="Flop">DK H7 D2</cards>
<action no="7" player="Dan1022" type="4" discard="1" dealt="1" sum="0"/>
<action no="8" player="M1ky3ste92" type="5" sum="40"/>
<action no="9" player="Dan1022" type="3" discard="1" dealt="1" sum="40"/>
</round>
<round no="3"><cards type="Turn">S10</cards>
<action no="10" player="Dan1022" type="4" discard="1" dealt="1" sum="0"/>
<action no="11" player="M1ky3ste92" type="4" sum="0"/>
</round>
<round no="4"><cards type="River">D9</cards>
<action no="12" player="Dan1022" type="4" discard="1" dealt="1" sum="0"/>
<action no="13" player="M1ky3ste92" type="4" sum="0"/>
</round>
</game>
<game gamecode="6579905738"><general>
<startdate>2026-01-02 14:27:27</startdate>
<round>1</round>
<failsafecounter/>
<players><player seat="6" name="M1ky3ste92" chips="580" dealer="0" win="0" bet="45" muck="1" rebuy="0" addon="0" merge="0" rebuychips="0" reg_code="5085684675"/>
<player seat="10" name="Dan1022" chips="920" dealer="1" win="90" bet="85" muck="1" rebuy="0" addon="0" merge="0" rebuychips="0" reg_code="5085685175"/>
</players>
</general>
<round no="0"><action no="1" player="Dan1022" type="15" discard="1" dealt="1" sum="5"/>
<action no="2" player="M1ky3ste92" type="15" sum="5"/>
<action no="3" player="Dan1022" type="1" discard="1" dealt="1" sum="20"/>
<action no="4" player="M1ky3ste92" type="2" sum="40"/>
</round>
<round no="1"><cards type="Pocket" player="M1ky3ste92">S2 C9</cards>
<cards type="Pocket" player="Dan1022">X X</cards>
<action no="5" player="Dan1022" type="23" discard="1" dealt="1" sum="80"/>
<action no="6" player="M1ky3ste92" type="0" sum="0"/>
</round>
</game>
<game gamecode="6579905829"><general>
<startdate>2026-01-02 14:27:40</startdate>
<round>1</round>
<failsafecounter/>
<players><player seat="10" name="Dan1022" chips="965" dealer="0" win="70" bet="65" muck="1" rebuy="0" addon="0" merge="0" rebuychips="0" reg_code="5085685175"/>
<player seat="6" name="M1ky3ste92" chips="535" dealer="1" win="0" bet="35" muck="1" rebuy="0" addon="0" merge="0" rebuychips="0" reg_code="5085684675"/>
</players>
</general>
<round no="0"><action no="1" player="M1ky3ste92" type="15" sum="5"/>
<action no="2" player="Dan1022" type="15" discard="1" dealt="1" sum="5"/>
<action no="3" player="M1ky3ste92" type="1" sum="30"/>
<action no="4" player="Dan1022" type="2" discard="1" dealt="1" sum="60"/>
</round>
<round no="1"><cards type="Pocket" player="Dan1022">X X</cards>
<cards type="Pocket" player="M1ky3ste92">H5 S3</cards>
<action no="5" player="M1ky3ste92" type="0" sum="0"/>
</round>
</game>
<game gamecode="6579905874"><general>
<startdate>2026-01-02 14:27:46</startdate>
<round>1</round>
<failsafecounter/>
<players><player seat="6" name="M1ky3ste92" chips="500" dealer="0" win="1,000" bet="500" muck="0" rebuy="0" addon="0" merge="0" rebuychips="0" reg_code="5085684675"/>
<player seat="10" name="Dan1022" chips="1,000" dealer="1" win="0" bet="500" muck="1" rebuy="0" addon="0" merge="0" rebuychips="0" reg_code="5085685175"/>
</players>
</general>
<round no="0"><action no="1" player="Dan1022" type="15" discard="1" dealt="1" sum="5"/>
<action no="2" player="M1ky3ste92" type="15" sum="5"/>
<action no="3" player="Dan1022" type="1" discard="1" dealt="1" sum="30"/>
<action no="4" player="M1ky3ste92" type="2" sum="60"/>
</round>
<round no="1"><cards type="Pocket" player="Dan1022">S5 DA</cards>
<cards type="Pocket" player="M1ky3ste92">S9 H7</cards>
<action no="5" player="Dan1022" type="23" discard="1" dealt="1" sum="120"/>
<action no="6" player="M1ky3ste92" type="3" sum="60"/>
</round>
<round no="2"><cards type="Flop">C7 D5 H10</cards>
<action no="7" player="M1ky3ste92" type="4" sum="0"/>
<action no="8" player="Dan1022" type="5" discard="1" dealt="1" sum="120"/>
<action no="9" player="M1ky3ste92" type="23" sum="375"/>
<action no="10" player="Dan1022" type="3" discard="1" dealt="1" sum="255"/>
</round>
<round no="3"><cards type="Turn">C3</cards>
</round>
<round no="4"><cards type="River">DQ</cards>
</round>
</game>
<game gamecode="6579906009"><general>
<startdate>2026-01-02 14:28:05</startdate>
<round>1</round>
<failsafecounter/>
<players><player seat="10" name="Dan1022" chips="500" dealer="0" win="0" bet="65" muck="1" rebuy="0" addon="0" merge="0" rebuychips="0" reg_code="5085685175"/>
<player seat="6" name="M1ky3ste92" chips="1,000" dealer="1" win="130" bet="1,000" muck="1" rebuy="0" addon="0" merge="0" rebuychips="0" reg_code="5085684675"/>
</players>
</general>
<round no="0"><action no="1" player="M1ky3ste92" type="15" sum="5"/>
<action no="2" player="Dan1022" type="15" discard="1" dealt="1" sum="5"/>
<action no="3" player="M1ky3ste92" type="1" sum="30"/>
<action no="4" player="Dan1022" type="2" discard="1" dealt="1" sum="60"/>
</round>
<round no="1"><cards type="Pocket" player="Dan1022">X X</cards>
<cards type="Pocket" player="M1ky3ste92">D9 SK</cards>
<action no="5" player="M1ky3ste92" type="23" sum="995"/>
<action no="6" player="Dan1022" type="0" discard="1" dealt="1" sum="0"/>
</round>
</game>
<game gamecode="6579906062"><general>
<startdate>2026-01-02 14:28:12</startdate>
<round>1</round>
<failsafecounter/>
<players><player seat="6" name="M1ky3ste92" chips="1,065" dealer="0" win="0" bet="65" muck="1" rebuy="0" addon="0" merge="0" rebuychips="0" reg_code="5085684675"/>
<player seat="10" name="Dan1022" chips="435" dealer="1" win="130" bet="435" muck="1" rebuy="0" addon="0" merge="0" rebuychips="0" reg_code="5085685175"/>
</players>
</general>
<round no="0"><action no="1" player="Dan1022" type="15" discard="1" dealt="1" sum="5"/>
<action no="2" player="M1ky3ste92" type="15" sum="5"/>
<action no="3" player="Dan1022" type="1" discard="1" dealt="1" sum="30"/>
<action no="4" player="M1ky3ste92" type="2" sum="60"/>
</round>
<round no="1"><cards type="Pocket" player="M1ky3ste92">H5 C9</cards>
<cards type="Pocket" player="Dan1022">X X</cards>
<action no="5" player="Dan1022" type="23" discard="1" dealt="1" sum="430"/>
<action no="6" player="M1ky3ste92" type="0" sum="0"/>
</round>
</game>
<game gamecode="6579906122"><general>
<startdate>2026-01-02 14:28:22</startdate>
<round>1</round>
<failsafecounter/>
<players><player seat="10" name="Dan1022" chips="500" dealer="0" win="130" bet="500" muck="1" rebuy="0" addon="0" merge="0" rebuychips="0" reg_code="5085685175"/>
<player seat="6" name="M1ky3ste92" chips="1,000" dealer="1" win="0" bet="65" muck="1" rebuy="0" addon="0" merge="0" rebuychips="0" reg_code="5085684675"/>
</players>
</general>
<round no="0"><action no="1" player="M1ky3ste92" type="15" sum="5"/>
<action no="2" player="Dan1022" type="15" discard="1" dealt="1" sum="5"/>
<action no="3" player="M1ky3ste92" type="1" sum="30"/>
<action no="4" player="Dan1022" type="2" discard="1" dealt="1" sum="60"/>
</round>
<round no="1"><cards type="Pocket" player="Dan1022">X X</cards>
<cards type="Pocket" player="M1ky3ste92">H8 C9</cards>
<action no="5" player="M1ky3ste92" type="3" sum="30"/>
<action no="6" player="Dan1022" type="23" discard="1" dealt="1" sum="495"/>
<action no="7" player="M1ky3ste92" type="0" sum="0"/>
</round>
</game>
<game gamecode="6579906183"><general>
<startdate>2026-01-02 14:28:31</startdate>
<round>1</round>
<failsafecounter/>
<players><player seat="6" name="M1ky3ste92" chips="935" dealer="0" win="0" bet="65" muck="1" rebuy="0" addon="0" merge="0" rebuychips="0" reg_code="5085684675"/>
<player seat="10" name="Dan1022" chips="565" dealer="1" win="130" bet="125" muck="1" rebuy="0" addon="0" merge="0" rebuychips="0" reg_code="5085685175"/>
</players>
</general>
<round no="0"><action no="1" player="Dan1022" type="15" discard="1" dealt="1" sum="5"/>
<action no="2" player="M1ky3ste92" type="15" sum="5"/>
<action no="3" player="Dan1022" type="1" discard="1" dealt="1" sum="30"/>
<action no="4" player="M1ky3ste92" type="2" sum="60"/>
</round>
<round no="1"><cards type="Pocket" player="M1ky3ste92">HQ S2</cards>
<cards type="Pocket" player="Dan1022">X X</cards>
<action no="5" player="Dan1022" type="3" discard="1" dealt="1" sum="30"/>
<action no="6" player="M1ky3ste92" type="4" sum="0"/>
</round>
<round no="2"><cards type="Flop">H5 SJ S9</cards>
<action no="7" player="M1ky3ste92" type="4" sum="0"/>
<action no="8" player="Dan1022" type="5" discard="1" dealt="1" sum="60"/>
<action no="9" player="M1ky3ste92" type="0" sum="0"/>
</round>
</game>
<game gamecode="6579906337"><general>
<startdate>2026-01-02 14:28:53</startdate>
<round>1</round>
<failsafecounter/>
<players><player seat="10" name="Dan1022" chips="630" dealer="0" win="0" bet="630" muck="0" rebuy="0" addon="0" merge="0" rebuychips="0" reg_code="5085685175"/>
<player seat="6" name="M1ky3ste92" chips="870" dealer="1" win="1,260" bet="630" muck="0" rebuy="0" addon="0" merge="0" rebuychips="0" reg_code="5085684675"/>
</players>
</general>
<round no="0"><action no="1" player="M1ky3ste92" type="15" sum="5"/>
<action no="2" player="Dan1022" type="15" discard="1" dealt="1" sum="5"/>
<action no="3" player="M1ky3ste92" type="1" sum="30"/>
<action no="4" player="Dan1022" type="2" discard="1" dealt="1" sum="60"/>
</round>
<round no="1"><cards type="Pocket" player="Dan1022">DK HJ</cards>
<cards type="Pocket" player="M1ky3ste92">CQ HQ</cards>
<action no="5" player="M1ky3ste92" type="3" sum="30"/>
<action no="6" player="Dan1022" type="23" discard="1" dealt="1" sum="625"/>
<action no="7" player="M1ky3ste92" type="3" sum="565"/>
</round>
<round no="2"><cards type="Flop">S2 D4 D9</cards>
</round>
<round no="3"><cards type="Turn">H6</cards>
</round>
<round no="4"><cards type="River">S3</cards>
</round>
</game>
</session>
