<?xml version="1.0" encoding="UTF-8"?>
<session sessioncode="5085680861">
<general>
<client_version>25.7.1.50</client_version>
<mode>real</mode>
<gametype>Holdem NL</gametype>
<tablename>Twister €100 SNG, 825407133</tablename>
<tournamentcode>825407132</tournamentcode>
<tournamentname>Twister €100 SNG</tournamentname>
<buyin>€0 + €7 + €93</buyin>
<totalbuyin>€100</totalbuyin>
<rewarddrawn>€200</rewarddrawn>
<tournamentcurrency>EUR</tournamentcurrency>
<currency>EUR</currency>
<nickname>M1ky3ste92</nickname>
<gamecount>31</gamecount>
<startdate>2026-01-02 14:04:36</startdate>
<place>2</place>
<win>€0</win>
<tablesize>3</tablesize>
</general>
<game gamecode="6579880376"><general>
<startdate>2026-01-02 14:04:52</startdate>
<round>1</round>
<failsafecounter/>
<players><player seat="3" name="LolloCausto" chips="500" dealer="0" win="80" bet="500" muck="1" rebuy="0" addon="0" merge="0" rebuychips="0" reg_code="5085680800"/>
<player seat="6" name="M1ky3ste92" chips="500" dealer="1" win="0" bet="0" muck="1" rebuy="0" addon="0" merge="0" rebuychips="0" reg_code="5085680861"/>
<player seat="10" name="tdghuref" chips="500" dealer="0" win="0" bet="40" muck="1" rebuy="0" addon="0" merge="0" rebuychips="0" reg_code="5085681041"/>
</players>
</general>
<round no="0"><action no="1" player="tdghuref" type="1" discard="1" dealt="1" sum="10"/>
<action no="2" player="LolloCausto" type="2" discard="1" dealt="1" sum="20"/>
</round>
<round no="1"><cards type="Pocket" player="LolloCausto">X X</cards>
<cards type="Pocket" player="M1ky3ste92">C10 S6</cards>
<cards type="Pocket" player="tdghuref">X X</cards>
<action no="3" player="M1ky3ste92" type="0" sum="0"/>
<action no="4" player="tdghuref" type="23" discard="1" dealt="1" sum="40"/>
<action no="5" player="LolloCausto" type="23" discard="1" dealt="1" sum="500"/>
<action no="6" player="tdghuref" type="0" discard="1" dealt="1" sum="0"/>
</round>
</game>
<game gamecode="6579880437"><general>
<startdate>2026-01-02 14:05:15</startdate>
<round>1</round>
<failsafecounter/>
<players><player seat="6" name="M1ky3ste92" chips="500" dealer="0" win="0" bet="20" muck="1" rebuy="0" addon="0" merge="0" rebuychips="0" reg_code="5085680861"/>
<player seat="10" name="tdghuref" chips="460" dealer="1" win="0" bet="0" muck="1" rebuy="0" addon="0" merge="0" rebuychips="0" reg_code="5085681041"/>
<player seat="3" name="LolloCausto" chips="540" dealer="0" win="40" bet="40" muck="1" rebuy="0" addon="0" merge="0" rebuychips="0" reg_code="5085680800"/>
</players>
</general>
<round no="0"><action no="1" player="LolloCausto" type="1" discard="1" dealt="1" sum="10"/>
<action no="2" player="M1ky3ste92" type="2" sum="20"/>
</round>
<round no="1"><cards type="Pocket" player="M1ky3ste92">C5 HJ</cards>
<cards type="Pocket" player="tdghuref">X X</cards>
<cards type="Pocket" player="LolloCausto">X X</cards>
<action no="3" player="tdghuref" type="0" discard="1" dealt="1" sum="0"/>
<action no="4" player="LolloCausto" type="3" discard="1" dealt="1" sum="10"/>
<action no="5" player="M1ky3ste92" type="4" sum="0"/>
</round>
<round no="2"><cards type="Flop">S9 H7 S8</cards>
<action no="6" player="LolloCausto" type="5" discard="1" dealt="1" sum="20"/>
<action no="7" player="M1ky3ste92" type="0" sum="0"/>
</round>
</game>
<game gamecode="6579880514"><general>
<startdate>2026-01-02 14:05:39</startdate>
<round>1</round>
<failsafecounter/>
<players><player seat="10" name="tdghuref" chips="460" dealer="0" win="332" bet="166" muck="0" rebuy="0" addon="0" merge="0" rebuychips="0" reg_code="5085681041"/>
<player seat="3" name="LolloCausto" chips="560" dealer="1" win="0" bet="0" muck="1" rebuy="0" addon="0" merge="0" rebuychips="0" reg_code="5085680800"/>
<player seat="6" name="M1ky3ste92" chips="480" dealer="0" win="0" bet="166" muck="1" rebuy="0" addon="0" merge="0" rebuychips="0" reg_code="5085680861"/>
</players>
</general>
<round no="0"><action no="1" player="M1ky3ste92" type="1" sum="10"/>
<action no="2" player="tdghuref" type="2" discard="1" dealt="1" sum="20"/>
</round>
<round no="1"><cards type="Pocket" player="LolloCausto">X X</cards>
<cards type="Pocket" player="tdghuref">C6 CA</cards>
<cards type="Pocket" player="M1ky3ste92">D4 DQ</cards>
<action no="3" player="LolloCausto" type="0" discard="1" dealt="1" sum="0"/>
<action no="4" player="M1ky3ste92" type="23" sum="50"/>
<action no="5" player="tdghuref" type="3" discard="1" dealt="1" sum="30"/>
</round>
<round no="2"><cards type="Flop">SA H8 S6</cards>
<action no="6" player="M1ky3ste92" type="5" sum="33"/>
<action no="7" player="tdghuref" type="3" discard="1" dealt="1" sum="33"/>
</round>
<round no="3"><cards type="Turn">D8</cards>
<action no="8" player="M1ky3ste92" type="4" sum="0"/>
<action no="9" player="tdghuref" type="4" discard="1" dealt="1" sum="0"/>
</round>
<round no="4"><cards type="River">CQ</cards>
<action no="10" player="M1ky3ste92" type="4" sum="0"/>
<action no="11" player="tdghuref" type="5" discard="1" dealt="1" sum="83"/>
<action no="12" player="M1ky3ste92" type="3" sum="83"/>
</round>
</game>
<game gamecode="6579880590"><general>
<startdate>2026-01-02 14:06:04</startdate>
<round>1</round>
<failsafecounter/>
<players><player seat="3" name="LolloCausto" chips="560" dealer="0" win="0" bet="20" muck="1" rebuy="0" addon="0" merge="0" rebuychips="0" reg_code="5085680800"/>
<player seat="6" name="M1ky3ste92" chips="314" dealer="1" win="0" bet="0" muck="1" rebuy="0" addon="0" merge="0" rebuychips="0" reg_code="5085680861"/>
<player seat="10" name="tdghuref" chips="626" dealer="0" win="40" bet="60" muck="1" rebuy="0" addon="0" merge="0" rebuychips="0" reg_code="5085681041"/>
</players>
</general>
<round no="0"><action no="1" player="tdghuref" type="1" discard="1" dealt="1" sum="10"/>
<action no="2" player="LolloCausto" type="2" discard="1" dealt="1" sum="20"/>
</round>
<round no="1"><cards type="Pocket" player="M1ky3ste92">H5 SJ</cards>
<cards type="Pocket" player="tdghuref">X X</cards>
<cards type="Pocket" player="LolloCausto">X X</cards>
<action no="3" player="M1ky3ste92" type="0" sum="0"/>
<action no="4" player="tdghuref" type="23" discard="1" dealt="1" sum="60"/>
<action no="5" player="LolloCausto" type="0" discard="1" dealt="1" sum="0"/>
</round>
</game>
<game gamecode="6579880635"><general>
<startdate>2026-01-02 14:06:18</startdate>
<round>1</round>
<failsafecounter/>
<players><player seat="6" name="M1ky3ste92" chips="314" dealer="0" win="0" bet="40" muck="1" rebuy="0" addon="0" merge="0" rebuychips="0" reg_code="5085680861"/>
<player seat="10" name="tdghuref" chips="646" dealer="1" win="90" bet="80" muck="1" rebuy="0" addon="0" merge="0" rebuychips="0" reg_code="5085681041"/>
<player seat="3" name="LolloCausto" chips="540" dealer="0" win="0" bet="10" muck="1" rebuy="0" addon="0" merge="0" rebuychips="0" reg_code="5085680800"/>
</players>
</general>
<round no="0"><action no="1" player="LolloCausto" type="1" discard="1" dealt="1" sum="10"/>
<action no="2" player="M1ky3ste92" type="2" sum="20"/>
</round>
<round no="1"><cards type="Pocket" player="tdghuref">X X</cards>
<cards type="Pocket" player="M1ky3ste92">DQ S8</cards>
<cards type="Pocket" player="LolloCausto">X X</cards>
<action no="3" player="tdghuref" type="23" discard="1" dealt="1" sum="40"/>
<action no="4" player="LolloCausto" type="0" discard="1" dealt="1" sum="0"/>
<action no="5" player="M1ky3ste92" type="3" sum="20"/>
</round>
<round no="2"><cards type="Flop">H2 H6 CA</cards>
<action no="6" player="M1ky3ste92" type="4" sum="0"/>
<action no="7" player="tdghuref" type="5" discard="1" dealt="1" sum="40"/>
<action no="8" player="M1ky3ste92" type="0" sum="0"/>
</round>
</game>
<game gamecode="6579880702"><general>
<startdate>2026-01-02 14:06:39</startdate>
<round>1</round>
<failsafecounter/>
<players><player seat="10" name="tdghuref" chips="696" dealer="0" win="0" bet="274" muck="1" rebuy="0" addon="0" merge="0" rebuychips="0" reg_code="5085681041"/>
<player seat="3" name="LolloCausto" chips="530" dealer="1" win="0" bet="5" muck="1" rebuy="0" addon="0" merge="0" rebuychips="0" reg_code="5085680800"/>
<player seat="6" name="M1ky3ste92" chips="274" dealer="0" win="553" bet="274" muck="0" rebuy="0" addon="0" merge="0" rebuychips="0" reg_code="5085680861"/>
</players>
</general>
<round no="0"><action no="1" player="M1ky3ste92" type="15" sum="5"/>
<action no="2" player="tdghuref" type="15" discard="1" dealt="1" sum="5"/>
<action no="3" player="LolloCausto" type="15" discard="1" dealt="1" sum="5"/>
<action no="4" player="M1ky3ste92" type="1" sum="15"/>
<action no="5" player="tdghuref" type="2" discard="1" dealt="1" sum="30"/>
</round>
<round no="1"><cards type="Pocket" player="M1ky3ste92">D5 HA</cards>
<cards type="Pocket" player="tdghuref">CK H8</cards>
<cards type="Pocket" player="LolloCausto">X X</cards>
<action no="6" player="LolloCausto" type="0" discard="1" dealt="1" sum="0"/>
<action no="7" player="M1ky3ste92" type="23" sum="269"/>
<action no="8" player="tdghuref" type="3" discard="1" dealt="1" sum="239"/>
</round>
<round no="2"><cards type="Flop">C3 HJ D10</cards>
</round>
<round no="3"><cards type="Turn">H6</cards>
</round>
<round no="4"><cards type="River">C2</cards>
</round>
</game>
<game gamecode="6579880762"><general>
<startdate>2026-01-02 14:06:58</startdate>
<round>1</round>
<failsafecounter/>
<players><player seat="3" name="LolloCausto" chips="525" dealer="0" win="0" bet="35" muck="1" rebuy="0" addon="0" merge="0" rebuychips="0" reg_code="5085680800"/>
<player seat="6" name="M1ky3ste92" chips="553" dealer="1" win="0" bet="5" muck="1" rebuy="0" addon="0" merge="0" rebuychips="0" reg_code="5085680861"/>
<player seat="10" name="tdghuref" chips="422" dealer="0" win="75" bet="65" muck="1" rebuy="0" addon="0" merge="0" rebuychips="0" reg_code="5085681041"/>
</players>
</general>
<round no="0"><action no="1" player="tdghuref" type="15" discard="1" dealt="1" sum="5"/>
<action no="2" player="LolloCausto" type="15" discard="1" dealt="1" sum="5"/>
<action no="3" player="M1ky3ste92" type="15" sum="5"/>
<action no="4" player="tdghuref" type="1" discard="1" dealt="1" sum="15"/>
<action no="5" player="LolloCausto" type="2" discard="1" dealt="1" sum="30"/>
</round>
<round no="1"><cards type="Pocket" player="tdghuref">X X</cards>
<cards type="Pocket" player="LolloCausto">X X</cards>
<cards type="Pocket" player="M1ky3ste92">C2 CJ</cards>
<action no="6" player="M1ky3ste92" type="0" sum="0"/>
<action no="7" player="tdghuref" type="3" discard="1" dealt="1" sum="15"/>
<action no="8" player="LolloCausto" type="4" discard="1" dealt="1" sum="0"/>
</round>
<round no="2"><cards type="Flop">S2 SK SJ</cards>
<action no="9" player="tdghuref" type="4" discard="1" dealt="1" sum="0"/>
<action no="10" player="LolloCausto" type="4" discard="1" dealt="1" sum="0"/>
</round>
<round no="3"><cards type="Turn">D7</cards>
<action no="11" player="tdghuref" type="5" discard="1" dealt="1" sum="30"/>
<action no="12" player="LolloCausto" type="0" discard="1" dealt="1" sum="0"/>
</round>
</game>
<game gamecode="6579880839"><general>
<startdate>2026-01-02 14:07:23</startdate>
<round>1</round>
<failsafecounter/>
<players><player seat="6" name="M1ky3ste92" chips="548" dealer="0" win="0" bet="35" muck="1" rebuy="0" addon="0" merge="0" rebuychips="0" reg_code="5085680861"/>
<player seat="10" name="tdghuref" chips="462" dealer="1" win="90" bet="95" muck="1" rebuy="0" addon="0" merge="0" rebuychips="0" reg_code="5085681041"/>
<player seat="3" name="LolloCausto" chips="490" dealer="0" win="0" bet="20" muck="1" rebuy="0" addon="0" merge="0" rebuychips="0" reg_code="5085680800"/>
</players>
</general>
<round no="0"><action no="1" player="LolloCausto" type="15" discard="1" dealt="1" sum="5"/>
<action no="2" player="M1ky3ste92" type="15" sum="5"/>
<action no="3" player="tdghuref" type="15" discard="1" dealt="1" sum="5"/>
<action no="4" player="LolloCausto" type="1" discard="1" dealt="1" sum="15"/>
<action no="5" player="M1ky3ste92" type="2" sum="30"/>
</round>
<round no="1"><cards type="Pocket" player="M1ky3ste92">D5 H2</cards>
<cards type="Pocket" player="tdghuref">X X</cards>
<cards type="Pocket" player="LolloCausto">X X</cards>
<action no="6" player="tdghuref" type="23" discard="1" dealt="1" sum="90"/>
<action no="7" player="LolloCausto" type="0" discard="1" dealt="1" sum="0"/>
<action no="8" player="M1ky3ste92" type="0" sum="0"/>
</round>
</game>
<game gamecode="6579886666"><general>
<startdate>2026-01-02 14:07:35</startdate>
<round>1</round>
<failsafecounter/>
<players><player seat="10" name="tdghuref" chips="517" dealer="0" win="135" bet="125" muck="1" rebuy="0" addon="0" merge="0" rebuychips="0" reg_code="5085681041"/>
<player seat="3" name="LolloCausto" chips="470" dealer="1" win="0" bet="5" muck="1" rebuy="0" addon="0" merge="0" rebuychips="0" reg_code="5085680800"/>
<player seat="6" name="M1ky3ste92" chips="513" dealer="0" win="0" bet="65" muck="1" rebuy="0" addon="0" merge="0" rebuychips="0" reg_code="5085680861"/>
</players>
</general>
<round no="0"><action no="1" player="M1ky3ste92" type="15" sum="5"/>
<action no="2" player="tdghuref" type="15" discard="1" dealt="1" sum="5"/>
<action no="3" player="LolloCausto" type="15" discard="1" dealt="1" sum="5"/>
<action no="4" player="M1ky3ste92" type="1" sum="15"/>
<action no="5" player="tdghuref" type="2" discard="1" dealt="1" sum="30"/>
</round>
<round no="1"><cards type="Pocket" player="M1ky3ste92">SA CK</cards>
<cards type="Pocket" player="tdghuref">X X</cards>
<cards type="Pocket" player="LolloCausto">X X</cards>
<action no="6" player="LolloCausto" type="0" discard="1" dealt="1" sum="0"/>
<action no="7" player="M1ky3ste92" type="3" sum="15"/>
<action no="8" player="tdghuref" type="4" discard="1" dealt="1" sum="0"/>
</round>
<round no="2"><cards type="Flop">SJ D5 C3</cards>
<action no="9" player="M1ky3ste92" type="4" sum="0"/>
<action no="10" player="tdghuref" type="5" discard="1" dealt="1" sum="30"/>
<action no="11" player="M1ky3ste92" type="3" sum="30"/>
</round>
<round no="3"><cards type="Turn">S3</cards>
<action no="12" player="M1ky3ste92" type="4" sum="0"/>
<action no="13" player="tdghuref" type="5" discard="1" dealt="1" sum="60"/>
<action no="14" player="M1ky3ste92" type="0" sum="0"/>
</round>
</game>
<game gamecode="6579886743"><general>
<startdate>2026-01-02 14:08:00</startdate>
<round>1</round>
<failsafecounter/>
<players><player seat="3" name="LolloCausto" chips="465" dealer="0" win="0" bet="35" muck="1" rebuy="0" addon="0" merge="0" rebuychips="0" reg_code="5085680800"/>
<player seat="6" name="M1ky3ste92" chips="448" dealer="1" win="90" bet="448" muck="1" rebuy="0" addon="0" merge="0" rebuychips="0" reg_code="5085680861"/>
<player seat="10" name="tdghuref" chips="587" dealer="0" win="0" bet="20" muck="1" rebuy="0" addon="0" merge="0" rebuychips="0" reg_code="5085681041"/>
</players>
</general>
<round no="0"><action no="1" player="tdghuref" type="15" discard="1" dealt="1" sum="5"/>
<action no="2" player="LolloCausto" type="15" discard="1" dealt="1" sum="5"/>
<action no="3" player="M1ky3ste92" type="15" sum="5"/>
<action no="4" player="tdghuref" type="1" discard="1" dealt="1" sum="15"/>
<action no="5" player="LolloCausto" type="2" discard="1" dealt="1" sum="30"/>
</round>
<round no="1"><cards type="Pocket" player="M1ky3ste92">CK DA</cards>
<cards type="Pocket" player="tdghuref">X X</cards>
<cards type="Pocket" player="LolloCausto">X X</cards>
<action no="6" player="M1ky3ste92" type="23" sum="443"/>
<action no="7" player="tdghuref" type="0" discard="1" dealt="1" sum="0"/>
<action no="8" player="LolloCausto" type="0" discard="1" dealt="1" sum="0"/>
</round>
</game>
<game gamecode="6579886774"><general>
<startdate>2026-01-02 14:08:10</startdate>
<round>1</round>
<failsafecounter/>
<players><player seat="6" name="M1ky3ste92" chips="503" dealer="0" win="115" bet="503" muck="1" rebuy="0" addon="0" merge="0" rebuychips="0" reg_code="5085680861"/>
<player seat="10" name="tdghuref" chips="567" dealer="1" win="0" bet="45" muck="1" rebuy="0" addon="0" merge="0" rebuychips="0" reg_code="5085681041"/>
<player seat="3" name="LolloCausto" chips="430" dealer="0" win="0" bet="25" muck="1" rebuy="0" addon="0" merge="0" rebuychips="0" reg_code="5085680800"/>
</players>
</general>
<round no="0"><action no="1" player="LolloCausto" type="15" discard="1" dealt="1" sum="5"/>
<action no="2" player="M1ky3ste92" type="15" sum="5"/>
<action no="3" player="tdghuref" type="15" discard="1" dealt="1" sum="5"/>
<action no="4" player="LolloCausto" type="1" discard="1" dealt="1" sum="20"/>
<action no="5" player="M1ky3ste92" type="2" sum="40"/>
</round>
<round no="1"><cards type="Pocket" player="LolloCausto">X X</cards>
<cards type="Pocket" player="tdghuref">X X</cards>
<cards type="Pocket" player="M1ky3ste92">C3 H3</cards>
<action no="6" player="tdghuref" type="3" discard="1" dealt="1" sum="40"/>
<action no="7" player="LolloCausto" type="0" discard="1" dealt="1" sum="0"/>
<action no="8" player="M1ky3ste92" type="23" sum="498"/>
<action no="9" player="tdghuref" type="0" discard="1" dealt="1" sum="0"/>
</round>
</game>
<game gamecode="6579886863"><general>
<startdate>2026-01-02 14:08:42</startdate>
<round>1</round>
<failsafecounter/>
<players><player seat="10" name="tdghuref" chips="522" dealer="0" win="255" bet="245" muck="1" rebuy="0" addon="0" merge="0" rebuychips="0" reg_code="5085681041"/>
<player seat="3" name="LolloCausto" chips="405" dealer="1" win="0" bet="5" muck="1" rebuy="0" addon="0" merge="0" rebuychips="0" reg_code="5085680800"/>
<player seat="6" name="M1ky3ste92" chips="573" dealer="0" win="0" bet="125" muck="1" rebuy="0" addon="0" merge="0" rebuychips="0" reg_code="5085680861"/>
</players>
</general>
<round no="0"><action no="1" player="M1ky3ste92" type="15" sum="5"/>
<action no="2" player="tdghuref" type="15" discard="1" dealt="1" sum="5"/>
<action no="3" player="LolloCausto" type="15" discard="1" dealt="1" sum="5"/>
<action no="4" player="M1ky3ste92" type="1" sum="20"/>
<action no="5" player="tdghuref" type="2" discard="1" dealt="1" sum="40"/>
</round>
<round no="1"><cards type="Pocket" player="M1ky3ste92">H3 H10</cards>
<cards type="Pocket" player="LolloCausto">X X</cards>
<cards type="Pocket" player="tdghuref">X X</cards>
<action no="6" player="LolloCausto" type="0" discard="1" dealt="1" sum="0"/>
<action no="7" player="M1ky3ste92" type="3" sum="20"/>
<action no="8" player="tdghuref" type="23" discard="1" dealt="1" sum="120"/>
<action no="9" player="M1ky3ste92" type="3" sum="80"/>
</round>
<round no="2"><cards type="Flop">SK S9 D2</cards>
<action no="10" player="M1ky3ste92" type="4" sum="0"/>
<action no="11" player="tdghuref" type="5" discard="1" dealt="1" sum="120"/>
<action no="12" player="M1ky3ste92" type="0" sum="0"/>
</round>
</game>
<game gamecode="6579886934"><general>
<startdate>2026-01-02 14:09:08</startdate>
<round>1</round>
<failsafecounter/>
<players><player seat="3" name="LolloCausto" chips="400" dealer="0" win="0" bet="45" muck="1" rebuy="0" addon="0" merge="0" rebuychips="0" reg_code="5085680800"/>
<player seat="6" name="M1ky3ste92" chips="448" dealer="1" win="0" bet="5" muck="1" rebuy="0" addon="0" merge="0" rebuychips="0" reg_code="5085680861"/>
<player seat="10" name="tdghuref" chips="652" dealer="0" win="95" bet="125" muck="1" rebuy="0" addon="0" merge="0" rebuychips="0" reg_code="5085681041"/>
</players>
</general>
<round no="0"><action no="1" player="tdghuref" type="15" discard="1" dealt="1" sum="5"/>
<action no="2" player="LolloCausto" type="15" discard="1" dealt="1" sum="5"/>
<action no="3" player="M1ky3ste92" type="15" sum="5"/>
<action no="4" player="tdghuref" type="1" discard="1" dealt="1" sum="20"/>
<action no="5" player="LolloCausto" type="2" discard="1" dealt="1" sum="40"/>
</round>
<round no="1"><cards type="Pocket" player="M1ky3ste92">CK D3</cards>
<cards type="Pocket" player="LolloCausto">X X</cards>
<cards type="Pocket" player="tdghuref">X X</cards>
<action no="6" player="M1ky3ste92" type="0" sum="0"/>
<action no="7" player="tdghuref" type="23" discard="1" dealt="1" sum="120"/>
<action no="8" player="LolloCausto" type="0" discard="1" dealt="1" sum="0"/>
</round>
</game>
<game gamecode="6579886988"><general>
<startdate>2026-01-02 14:09:27</startdate>
<round>1</round>
<failsafecounter/>
<players><player seat="6" name="M1ky3ste92" chips="443" dealer="0" win="0" bet="216" muck="1" rebuy="0" addon="0" merge="0" rebuychips="0" reg_code="5085680861"/>
<player seat="10" name="tdghuref" chips="702" dealer="1" win="457" bet="216" muck="0" rebuy="0" addon="0" merge="0" rebuychips="0" reg_code="5085681041"/>
<player seat="3" name="LolloCausto" chips="355" dealer="0" win="0" bet="25" muck="1" rebuy="0" addon="0" merge="0" rebuychips="0" reg_code="5085680800"/>
</players>
</general>
<round no="0"><action no="1" player="LolloCausto" type="15" discard="1" dealt="1" sum="5"/>
<action no="2" player="M1ky3ste92" type="15" sum="5"/>
<action no="3" player="tdghuref" type="15" discard="1" dealt="1" sum="5"/>
<action no="4" player="LolloCausto" type="1" discard="1" dealt="1" sum="20"/>
<action no="5" player="M1ky3ste92" type="2" sum="40"/>
</round>
<round no="1"><cards type="Pocket" player="M1ky3ste92">CK DK</cards>
<cards type="Pocket" player="LolloCausto">X X</cards>
<cards type="Pocket" player="tdghuref">HK H9</cards>
<action no="6" player="tdghuref" type="3" discard="1" dealt="1" sum="40"/>
<action no="7" player="LolloCausto" type="0" discard="1" dealt="1" sum="0"/>
<action no="8" player="M1ky3ste92" type="4" sum="0"/>
</round>
<round no="2"><cards type="Flop">H2 H6 H3</cards>
<action no="9" player="M1ky3ste92" type="4" sum="0"/>
<action no="10" player="tdghuref" type="4" discard="1" dealt="1" sum="0"/>
</round>
<round no="3"><cards type="Turn">SA</cards>
<action no="11" player="M1ky3ste92" type="4" sum="0"/>
<action no="12" player="tdghuref" type="5" discard="1" dealt="1" sum="57"/>
<action no="13" player="M1ky3ste92" type="3" sum="57"/>
</round>
<round no="4"><cards type="River">S5</cards>
<action no="14" player="M1ky3ste92" type="4" sum="0"/>
<action no="15" player="tdghuref" type="5" discard="1" dealt="1" sum="114"/>
<action no="16" player="M1ky3ste92" type="3" sum="114"/>
</round>
</game>
<game gamecode="6579887077"><general>
<startdate>2026-01-02 14:09:59</startdate>
<round>1</round>
<failsafecounter/>
<players><player seat="10" name="tdghuref" chips="943" dealer="0" win="0" bet="65" muck="1" rebuy="0" addon="0" merge="0" rebuychips="0" reg_code="5085681041"/>
<player seat="3" name="LolloCausto" chips="330" dealer="1" win="165" bet="330" muck="1" rebuy="0" addon="0" merge="0" rebuychips="0" reg_code="5085680800"/>
<player seat="6" name="M1ky3ste92" chips="227" dealer="0" win="0" bet="35" muck="1" rebuy="0" addon="0" merge="0" rebuychips="0" reg_code="5085680861"/>
</players>
</general>
<round no="0"><action no="1" player="M1ky3ste92" type="15" sum="5"/>
<action no="2" player="tdghuref" type="15" discard="1" dealt="1" sum="5"/>
<action no="3" player="LolloCausto" type="15" discard="1" dealt="1" sum="5"/>
<action no="4" player="M1ky3ste92" type="1" sum="30"/>
<action no="5" player="tdghuref" type="2" discard="1" dealt="1" sum="60"/>
</round>
<round no="1"><cards type="Pocket" player="M1ky3ste92">H8 C2</cards>
<cards type="Pocket" player="LolloCausto">X X</cards>
<cards type="Pocket" player="tdghuref">X X</cards>
<action no="6" player="LolloCausto" type="23" discard="1" dealt="1" sum="325"/>
<action no="7" player="M1ky3ste92" type="0" sum="0"/>
<action no="8" player="tdghuref" type="0" discard="1" dealt="1" sum="0"/>
</round>
</game>
<game gamecode="6579887104"><general>
<startdate>2026-01-02 14:10:10</startdate>
<round>1</round>
<failsafecounter/>
<players><player seat="3" name="LolloCausto" chips="430" dealer="0" win="0" bet="192" muck="1" rebuy="0" addon="0" merge="0" rebuychips="0" reg_code="5085680800"/>
<player seat="6" name="M1ky3ste92" chips="192" dealer="1" win="419" bet="192" muck="0" rebuy="0" addon="0" merge="0" rebuychips="0" reg_code="5085680861"/>
<player seat="10" name="tdghuref" chips="878" dealer="0" win="0" bet="35" muck="1" rebuy="0" addon="0" merge="0" rebuychips="0" reg_code="5085681041"/>
</players>
</general>
<round no="0"><action no="1" player="tdghuref" type="15" discard="1" dealt="1" sum="5"/>
<action no="2" player="LolloCausto" type="15" discard="1" dealt="1" sum="5"/>
<action no="3" player="M1ky3ste92" type="15" sum="5"/>
<action no="4" player="tdghuref" type="1" discard="1" dealt="1" sum="30"/>
<action no="5" player="LolloCausto" type="2" discard="1" dealt="1" sum="60"/>
</round>
<round no="1"><cards type="Pocket" player="tdghuref">X X</cards>
<cards type="Pocket" player="M1ky3ste92">D6 D10</cards>
<cards type="Pocket" player="LolloCausto">CJ S8</cards>
<action no="6" player="M1ky3ste92" type="23" sum="187"/>
<action no="7" player="tdghuref" type="0" discard="1" dealt="1" sum="0"/>
<action no="8" player="LolloCausto" type="3" discard="1" dealt="1" sum="127"/>
</round>
<round no="2"><cards type="Flop">H10 H9 DK</cards>
</round>
<round no="3"><cards type="Turn">C3</cards>
</round>
<round no="4"><cards type="River">H2</cards>
</round>
</game>
<game gamecode="6579887179"><general>
<startdate>2026-01-02 14:10:36</startdate>
<round>1</round>
<failsafecounter/>
<players><player seat="6" name="M1ky3ste92" chips="419" dealer="0" win="0" bet="238" muck="1" rebuy="0" addon="0" merge="0" rebuychips="0" reg_code="5085680861"/>
<player seat="10" name="tdghuref" chips="843" dealer="1" win="0" bet="5" muck="1" rebuy="0" addon="0" merge="0" rebuychips="0" reg_code="5085681041"/>
<player seat="3" name="LolloCausto" chips="238" dealer="0" win="481" bet="238" muck="0" rebuy="0" addon="0" merge="0" rebuychips="0" reg_code="5085680800"/>
</players>
</general>
<round no="0"><action no="1" player="LolloCausto" type="15" discard="1" dealt="1" sum="5"/>
<action no="2" player="M1ky3ste92" type="15" sum="5"/>
<action no="3" player="tdghuref" type="15" discard="1" dealt="1" sum="5"/>
<action no="4" player="LolloCausto" type="1" discard="1" dealt="1" sum="30"/>
<action no="5" player="M1ky3ste92" type="2" sum="60"/>
</round>
<round no="1"><cards type="Pocket" player="M1ky3ste92">CJ DQ</cards>
<cards type="Pocket" player="LolloCausto">S5 D5</cards>
<cards type="Pocket" player="tdghuref">X X</cards>
<action no="6" player="tdghuref" type="0" discard="1" dealt="1" sum="0"/>
<action no="7" player="LolloCausto" type="23" discard="1" dealt="1" sum="233"/>
<action no="8" player="M1ky3ste92" type="3" sum="173"/>
</round>
<round no="2"><cards type="Flop">H7 S2 C10</cards>
</round>
<round no="3"><cards type="Turn">D4</cards>
</round>
<round no="4"><cards type="River">H10</cards>
</round>
</game>
<game gamecode="6579887232"><general>
<startdate>2026-01-02 14:10:58</startdate>
<round>1</round>
<failsafecounter/>
<players><player seat="10" name="tdghuref" chips="838" dealer="0" win="0" bet="65" muck="1" rebuy="0" addon="0" merge="0" rebuychips="0" reg_code="5085681041"/>
<player seat="3" name="LolloCausto" chips="481" dealer="1" win="165" bet="481" muck="1" rebuy="0" addon="0" merge="0" rebuychips="0" reg_code="5085680800"/>
<player seat="6" name="M1ky3ste92" chips="181" dealer="0" win="0" bet="35" muck="1" rebuy="0" addon="0" merge="0" rebuychips="0" reg_code="5085680861"/>
</players>
</general>
<round no="0"><action no="1" player="M1ky3ste92" type="15" sum="5"/>
<action no="2" player="tdghuref" type="15" discard="1" dealt="1" sum="5"/>
<action no="3" player="LolloCausto" type="15" discard="1" dealt="1" sum="5"/>
<action no="4" player="M1ky3ste92" type="1" sum="30"/>
<action no="5" player="tdghuref" type="2" discard="1" dealt="1" sum="60"/>
</round>
<round no="1"><cards type="Pocket" player="tdghuref">X X</cards>
<cards type="Pocket" player="LolloCausto">X X</cards>
<cards type="Pocket" player="M1ky3ste92">C4 S6</cards>
<action no="6" player="LolloCausto" type="23" discard="1" dealt="1" sum="476"/>
<action no="7" player="M1ky3ste92" type="0" sum="0"/>
<action no="8" player="tdghuref" type="0" discard="1" dealt="1" sum="0"/>
</round>
</game>
<game gamecode="6579887277"><general>
<startdate>2026-01-02 14:11:15</startdate>
<round>1</round>
<failsafecounter/>
<players><player seat="3" name="LolloCausto" chips="581" dealer="0" win="0" bet="581" muck="0" rebuy="0" addon="0" merge="0" rebuychips="0" reg_code="5085680800"/>
<player seat="6" name="M1ky3ste92" chips="146" dealer="1" win="0" bet="5" muck="1" rebuy="0" addon="0" merge="0" rebuychips="0" reg_code="5085680861"/>
<player seat="10" name="tdghuref" chips="773" dealer="0" win="1,167" bet="581" muck="0" rebuy="0" addon="0" merge="0" rebuychips="0" reg_code="5085681041"/>
</players>
</general>
<round no="0"><action no="1" player="tdghuref" type="15" discard="1" dealt="1" sum="5"/>
<action no="2" player="LolloCausto" type="15" discard="1" dealt="1" sum="5"/>
<action no="3" player="M1ky3ste92" type="15" sum="5"/>
<action no="4" player="tdghuref" type="1" discard="1" dealt="1" sum="30"/>
<action no="5" player="LolloCausto" type="2" discard="1" dealt="1" sum="60"/>
</round>
<round no="1"><cards type="Pocket" player="M1ky3ste92">CJ H4</cards>
<cards type="Pocket" player="LolloCausto">C10 C9</cards>
<cards type="Pocket" player="tdghuref">S6 S9</cards>
<action no="6" player="M1ky3ste92" type="0" sum="0"/>
<action no="7" player="tdghuref" type="3" discard="1" dealt="1" sum="30"/>
<action no="8" player="LolloCausto" type="23" discard="1" dealt="1" sum="180"/>
<action no="9" player="tdghuref" type="3" discard="1" dealt="1" sum="120"/>
</round>
<round no="2"><cards type="Flop">S2 SK C7</cards>
<action no="10" player="tdghuref" type="4" discard="1" dealt="1" sum="0"/>
<action no="11" player="LolloCausto" type="5" discard="1" dealt="1" sum="396"/>
<action no="12" player="tdghuref" type="3" discard="1" dealt="1" sum="396"/>
</round>
<round no="3"><cards type="Turn">D9</cards>
</round>
<round no="4"><cards type="River">S7</cards>
</round>
</game>
<game gamecode="6579887351"><general>
<startdate>2026-01-02 14:11:44</startdate>
<round>1</round>
<failsafecounter/>
<players><player seat="6" name="M1ky3ste92" chips="141" dealer="0" win="96" bet="88" muck="1" rebuy="0" addon="0" merge="0" rebuychips="0" reg_code="5085680861"/>
<player seat="10" name="tdghuref" chips="1,359" dealer="1" win="0" bet="48" muck="1" rebuy="0" addon="0" merge="0" rebuychips="0" reg_code="5085681041"/>
</players>
</general>
<round no="0"><action no="1" player="tdghuref" type="15" discard="1" dealt="1" sum="8"/>
<action no="2" player="M1ky3ste92" type="15" sum="8"/>
<action no="3" player="tdghuref" type="1" discard="1" dealt="1" sum="40"/>
<action no="4" player="M1ky3ste92" type="2" sum="80"/>
</round>
<round no="1"><cards type="Pocket" player="tdghuref">X X</cards>
<cards type="Pocket" player="M1ky3ste92">D4 H4</cards>
<action no="5" player="tdghuref" type="0" discard="1" dealt="1" sum="0"/>
</round>
</game>
<game gamecode="6579887363"><general>
<startdate>2026-01-02 14:11:51</startdate>
<round>1</round>
<failsafecounter/>
<players><player seat="10" name="tdghuref" chips="1,311" dealer="0" win="0" bet="189" muck="1" rebuy="0" addon="0" merge="0" rebuychips="0" reg_code="5085681041"/>
<player seat="6" name="M1ky3ste92" chips="189" dealer="1" win="378" bet="189" muck="0" rebuy="0" addon="0" merge="0" rebuychips="0" reg_code="5085680861"/>
</players>
</general>
<round no="0"><action no="1" player="M1ky3ste92" type="15" sum="8"/>
<action no="2" player="tdghuref" type="15" discard="1" dealt="1" sum="8"/>
<action no="3" player="M1ky3ste92" type="1" sum="40"/>
<action no="4" player="tdghuref" type="2" discard="1" dealt="1" sum="80"/>
</round>
<round no="1"><cards type="Pocket" player="tdghuref">HK CQ</cards>
<cards type="Pocket" player="M1ky3ste92">S5 CK</cards>
<action no="5" player="M1ky3ste92" type="23" sum="181"/>
<action no="6" player="tdghuref" type="3" discard="1" dealt="1" sum="101"/>
</round>
<round no="2"><cards type="Flop">D2 D9 S3</cards>
</round>
<round no="3"><cards type="Turn">D5</cards>
</round>
<round no="4"><cards type="River">CJ</cards>
</round>
</game>
<game gamecode="6579887418"><general>
<startdate>2026-01-02 14:12:09</startdate>
<round>1</round>
<failsafecounter/>
<players><player seat="6" name="M1ky3ste92" chips="378" dealer="0" win="496" bet="378" muck="1" rebuy="0" addon="0" merge="0" rebuychips="0" reg_code="5085680861"/>
<player seat="10" name="tdghuref" chips="1,122" dealer="1" win="0" bet="248" muck="1" rebuy="0" addon="0" merge="0" rebuychips="0" reg_code="5085681041"/>
</players>
</general>
<round no="0"><action no="1" player="tdghuref" type="15" discard="1" dealt="1" sum="8"/>
<action no="2" player="M1ky3ste92" type="15" sum="8"/>
<action no="3" player="tdghuref" type="1" discard="1" dealt="1" sum="40"/>
<action no="4" player="M1ky3ste92" type="2" sum="80"/>
</round>
<round no="1"><cards type="Pocket" player="M1ky3ste92">S8 H4</cards>
<cards type="Pocket" player="tdghuref">X X</cards>
<action no="5" player="tdghuref" type="3" discard="1" dealt="1" sum="40"/>
<action no="6" player="M1ky3ste92" type="4" sum="0"/>
</round>
<round no="2"><cards type="Flop">CJ D5 D8</cards>
<action no="7" player="M1ky3ste92" type="4" sum="0"/>
<action no="8" player="tdghuref" type="5" discard="1" dealt="1" sum="80"/>
<action no="9" player="M1ky3ste92" type="3" sum="80"/>
</round>
<round no="3"><cards type="Turn">D2</cards>
<action no="10" player="M1ky3ste92" type="4" sum="0"/>
<action no="11" player="tdghuref" type="5" discard="1" dealt="1" sum="80"/>
<action no="12" player="M1ky3ste92" type="3" sum="80"/>
</round>
<round no="4"><cards type="River">H8</cards>
<action no="13" player="M1ky3ste92" type="5" sum="130"/>
<action no="14" player="tdghuref" type="0" discard="1" dealt="1" sum="0"/>
</round>
</game>
<game gamecode="6579887484"><general>
<startdate>2026-01-02 14:12:34</startdate>
<round>1</round>
<failsafecounter/>
<players><player seat="10" name="tdghuref" chips="874" dealer="0" win="176" bet="248" muck="1" rebuy="0" addon="0" merge="0" rebuychips="0" reg_code="5085681041"/>
<player seat="6" name="M1ky3ste92" chips="626" dealer="1" win="0" bet="88" muck="1" rebuy="0" addon="0" merge="0" rebuychips="0" reg_code="5085680861"/>
</players>
</general>
<round no="0"><action no="1" player="M1ky3ste92" type="15" sum="8"/>
<action no="2" player="tdghuref" type="15" discard="1" dealt="1" sum="8"/>
<action no="3" player="M1ky3ste92" type="1" sum="40"/>
<action no="4" player="tdghuref" type="2" discard="1" dealt="1" sum="80"/>
</round>
<round no="1"><cards type="Pocket" player="M1ky3ste92">H4 H9</cards>
<cards type="Pocket" player="tdghuref">X X</cards>
<action no="5" player="M1ky3ste92" type="3" sum="40"/>
<action no="6" player="tdghuref" type="23" discard="1" dealt="1" sum="240"/>
<action no="7" player="M1ky3ste92" type="0" sum="0"/>
</round>
</game>
<game gamecode="6579887531"><general>
<startdate>2026-01-02 14:12:52</startdate>
<round>1</round>
<failsafecounter/>
<players><player seat="6" name="M1ky3ste92" chips="538" dealer="0" win="0" bet="88" muck="1" rebuy="0" addon="0" merge="0" rebuychips="0" reg_code="5085680861"/>
<player seat="10" name="tdghuref" chips="962" dealer="1" win="176" bet="962" muck="1" rebuy="0" addon="0" merge="0" rebuychips="0" reg_code="5085681041"/>
</players>
</general>
<round no="0"><action no="1" player="tdghuref" type="15" discard="1" dealt="1" sum="8"/>
<action no="2" player="M1ky3ste92" type="15" sum="8"/>
<action no="3" player="tdghuref" type="1" discard="1" dealt="1" sum="40"/>
<action no="4" player="M1ky3ste92" type="2" sum="80"/>
</round>
<round no="1"><cards type="Pocket" player="tdghuref">X X</cards>
<cards type="Pocket" player="M1ky3ste92">C10 S2</cards>
<action no="5" player="tdghuref" type="23" discard="1" dealt="1" sum="954"/>
<action no="6" player="M1ky3ste92" type="0" sum="0"/>
</round>
</game>
<game gamecode="6579887557"><general>
<startdate>2026-01-02 14:13:02</startdate>
<round>1</round>
<failsafecounter/>
<players><player seat="10" name="tdghuref" chips="1,050" dealer="0" win="0" bet="88" muck="1" rebuy="0" addon="0" merge="0" rebuychips="0" reg_code="5085681041"/>
<player seat="6" name="M1ky3ste92" chips="450" dealer="1" win="176" bet="450" muck="1" rebuy="0" addon="0" merge="0" rebuychips="0" reg_code="5085680861"/>
</players>
</general>
<round no="0"><action no="1" player="M1ky3ste92" type="15" sum="8"/>
<action no="2" player="tdghuref" type="15" discard="1" dealt="1" sum="8"/>
<action no="3" player="M1ky3ste92" type="1" sum="40"/>
<action no="4" player="tdghuref" type="2" discard="1" dealt="1" sum="80"/>
</round>
<round no="1"><cards type="Pocket" player="tdghuref">X X</cards>
<cards type="Pocket" player="M1ky3ste92">S5 CA</cards>
<action no="5" player="M1ky3ste92" type="23" sum="442"/>
<action no="6" player="tdghuref" type="0" discard="1" dealt="1" sum="0"/>
</round>
</game>
<game gamecode="6579887577"><general>
<startdate>2026-01-02 14:13:10</startdate>
<round>1</round>
<failsafecounter/>
<players><player seat="6" name="M1ky3ste92" chips="538" dealer="0" win="1,076" bet="538" muck="0" rebuy="0" addon="0" merge="0" rebuychips="0" reg_code="5085680861"/>
<player seat="10" name="tdghuref" chips="962" dealer="1" win="0" bet="962" muck="1" rebuy="0" addon="0" merge="0" rebuychips="0" reg_code="5085681041"/>
</players>
</general>
<round no="0"><action no="1" player="tdghuref" type="15" discard="1" dealt="1" sum="10"/>
<action no="2" player="M1ky3ste92" type="15" sum="10"/>
<action no="3" player="tdghuref" type="1" discard="1" dealt="1" sum="50"/>
<action no="4" player="M1ky3ste92" type="2" sum="100"/>
</round>
<round no="1"><cards type="Pocket" player="M1ky3ste92">CA HJ</cards>
<cards type="Pocket" player="tdghuref">S6 SA</cards>
<action no="5" player="tdghuref" type="23" discard="1" dealt="1" sum="952"/>
<action no="6" player="M1ky3ste92" type="7" sum="428"/>
</round>
<round no="2"><cards type="Flop">H2 C2 S8</cards>
</round>
<round no="3"><cards type="Turn">D4</cards>
</round>
<round no="4"><cards type="River">D5</cards>
</round>
</game>
<game gamecode="6579892180"><general>
<startdate>2026-01-02 14:13:29</startdate>
<round>1</round>
<failsafecounter/>
<players><player seat="10" name="tdghuref" chips="424" dealer="0" win="120" bet="110" muck="1" rebuy="0" addon="0" merge="0" rebuychips="0" reg_code="5085681041"/>
<player seat="6" name="M1ky3ste92" chips="1,076" dealer="1" win="0" bet="60" muck="1" rebuy="0" addon="0" merge="0" rebuychips="0" reg_code="5085680861"/>
</players>
</general>
<round no="0"><action no="1" player="M1ky3ste92" type="15" sum="10"/>
<action no="2" player="tdghuref" type="15" discard="1" dealt="1" sum="10"/>
<action no="3" player="M1ky3ste92" type="1" sum="50"/>
<action no="4" player="tdghuref" type="2" discard="1" dealt="1" sum="100"/>
</round>
<round no="1"><cards type="Pocket" player="tdghuref">X X</cards>
<cards type="Pocket" player="M1ky3ste92">H10 D3</cards>
<action no="5" player="M1ky3ste92" type="0" sum="0"/>
</round>
</game>
<game gamecode="6579892196"><general>
<startdate>2026-01-02 14:13:34</startdate>
<round>1</round>
<failsafecounter/>
<players><player seat="6" name="M1ky3ste92" chips="1,016" dealer="0" win="0" bet="484" muck="1" rebuy="0" addon="0" merge="0" rebuychips="0" reg_code="5085680861"/>
<player seat="10" name="tdghuref" chips="484" dealer="1" win="968" bet="484" muck="0" rebuy="0" addon="0" merge="0" rebuychips="0" reg_code="5085681041"/>
</players>
</general>
<round no="0"><action no="1" player="tdghuref" type="15" discard="1" dealt="1" sum="10"/>
<action no="2" player="M1ky3ste92" type="15" sum="10"/>
<action no="3" player="tdghuref" type="1" discard="1" dealt="1" sum="50"/>
<action no="4" player="M1ky3ste92" type="2" sum="100"/>
</round>
<round no="1"><cards type="Pocket" player="tdghuref">CQ S10</cards>
<cards type="Pocket" player="M1ky3ste92">SK S7</cards>
<action no="5" player="tdghuref" type="23" discard="1" dealt="1" sum="474"/>
<action no="6" player="M1ky3ste92" type="3" sum="374"/>
</round>
<round no="2"><cards type="Flop">D8 S5 CA</cards>
</round>
<round no="3"><cards type="Turn">D4</cards>
</round>
<round no="4"><cards type="River">HQ</cards>
</round>
</game>
<game gamecode="6579892243"><general>
<startdate>2026-01-02 14:13:51</startdate>
<round>1</round>
<failsafecounter/>
<players><player seat="10" name="tdghuref" chips="968" dealer="0" win="120" bet="110" muck="1" rebuy="0" addon="0" merge="0" rebuychips="0" reg_code="5085681041"/>
<player seat="6" name="M1ky3ste92" chips="532" dealer="1" win="0" bet="60" muck="1" rebuy="0" addon="0" merge="0" rebuychips="0" reg_code="5085680861"/>
</players>
</general>
<round no="0"><action no="1" player="M1ky3ste92" type="15" sum="10"/>
<action no="2" player="tdghuref" type="15" discard="1" dealt="1" sum="10"/>
<action no="3" player="M1ky3ste92" type="1" sum="50"/>
<action no="4" player="tdghuref" type="2" discard="1" dealt="1" sum="100"/>
</round>
<round no="1"><cards type="Pocket" player="tdghuref">X X</cards>
<cards type="Pocket" player="M1ky3ste92">S3 C9</cards>
<action no="5" player="M1ky3ste92" type="0" sum="0"/>
</round>
</game>
<game gamecode="6579892270"><general>
<startdate>2026-01-02 14:14:01</startdate>
<round>1</round>
<failsafecounter/>
<players><player seat="6" name="M1ky3ste92" chips="472" dealer="0" win="120" bet="110" muck="1" rebuy="0" addon="0" merge="0" rebuychips="0" reg_code="5085680861"/>
<player seat="10" name="tdghuref" chips="1,028" dealer="1" win="0" bet="60" muck="1" rebuy="0" addon="0" merge="0" rebuychips="0" reg_code="5085681041"/>
</players>
</general>
<round no="0"><action no="1" player="tdghuref" type="15" discard="1" dealt="1" sum="10"/>
<action no="2" player="M1ky3ste92" type="15" sum="10"/>
<action no="3" player="tdghuref" type="1" discard="1" dealt="1" sum="50"/>
<action no="4" player="M1ky3ste92" type="2" sum="100"/>
</round>
<round no="1"><cards type="Pocket" player="M1ky3ste92">SK SJ</cards>
<cards type="Pocket" player="tdghuref">X X</cards>
<action no="5" player="tdghuref" type="0" discard="1" dealt="1" sum="0"/>
</round>
</game>
<game gamecode="6579892294"><general>
<startdate>2026-01-02 14:14:10</startdate>
<round>1</round>
<failsafecounter/>
<players><player seat="10" name="tdghuref" chips="968" dealer="0" win="1,064" bet="532" muck="0" rebuy="0" addon="0" merge="0" rebuychips="0" reg_code="5085681041"/>
<player seat="6" name="M1ky3ste92" chips="532" dealer="1" win="0" bet="532" muck="0" rebuy="0" addon="0" merge="0" rebuychips="0" reg_code="5085680861"/>
</players>
</general>
<round no="0"><action no="1" player="M1ky3ste92" type="15" sum="10"/>
<action no="2" player="tdghuref" type="15" discard="1" dealt="1" sum="10"/>
<action no="3" player="M1ky3ste92" type="1" sum="50"/>
<action no="4" player="tdghuref" type="2" discard="1" dealt="1" sum="100"/>
</round>
<round no="1"><cards type="Pocket" player="tdghuref">CA D3</cards>
<cards type="Pocket" player="M1ky3ste92">S6 S10</cards>
<action no="5" player="M1ky3ste92" type="23" sum="522"/>
<action no="6" player="tdghuref" type="3" discard="1" dealt="1" sum="422"/>
</round>
<round no="2"><cards type="Flop">C8 H2 HK</cards>
</round>
<round no="3"><cards type="Turn">S3</cards>
</round>
<round no="4"><cards type="River">SK</cards>
</round>
</game>
</session>
