<?xml version="1.0" encoding="UTF-8"?>
<session sessioncode="5085677484">
<general>
<client_version>25.7.1.50</client_version>
<mode>real</mode>
<gametype>Holdem NL</gametype>
<tablename>Twister €100 SNG, 825405690</tablename>
<tournamentcode>825405689</tournamentcode>
<tournamentname>Twister €100 SNG</tournamentname>
<buyin>€0 + €7 + €93</buyin>
<totalbuyin>€100</totalbuyin>
<rewarddrawn>€300</rewarddrawn>
<tournamentcurrency>EUR</tournamentcurrency>
<currency>EUR</currency>
<nickname>M1ky3ste92</nickname>
<gamecount>7</gamecount>
<startdate>2026-01-02 13:52:02</startdate>
<place>1</place>
<win>€300</win>
<tablesize>3</tablesize>
</general>
<game gamecode="6579867741"><general>
<startdate>2026-01-02 13:52:17</startdate>
<round>1</round>
<failsafecounter/>
<players><player seat="6" name="Agoborry9999" chips="500" dealer="0" win="170" bet="250" muck="1" rebuy="0" addon="0" merge="0" rebuychips="0" reg_code="5085678097"/>
<player seat="10" name="rass65" chips="500" dealer="1" win="0" bet="80" muck="1" rebuy="0" addon="0" merge="0" rebuychips="0" reg_code="5085678212"/>
<player seat="3" name="M1ky3ste92" chips="500" dealer="0" win="0" bet="10" muck="1" rebuy="0" addon="0" merge="0" rebuychips="0" reg_code="5085677484"/>
</players>
</general>
<round no="0"><action no="1" player="M1ky3ste92" type="1" sum="10"/>
<action no="2" player="Agoborry9999" type="2" discard="1" dealt="1" sum="20"/>
</round>
<round no="1"><cards type="Pocket" player="M1ky3ste92">D2 D5</cards>
<cards type="Pocket" player="Agoborry9999">X X</cards>
<cards type="Pocket" player="rass65">X X</cards>
<action no="3" player="rass65" type="23" discard="1" dealt="1" sum="40"/>
<action no="4" player="M1ky3ste92" type="0" sum="0"/>
<action no="5" player="Agoborry9999" type="3" discard="1" dealt="1" sum="20"/>
</round>
<round no="2"><cards type="Flop">H7 D6 C2</cards>
<action no="6" player="Agoborry9999" type="4" discard="1" dealt="1" sum="0"/>
<action no="7" player="rass65" type="5" discard="1" dealt="1" sum="40"/>
<action no="8" player="Agoborry9999" type="3" discard="1" dealt="1" sum="40"/>
</round>
<round no="3"><cards type="Turn">S10</cards>
<action no="9" player="Agoborry9999" type="4" discard="1" dealt="1" sum="0"/>
<action no="10" player="rass65" type="4" discard="1" dealt="1" sum="0"/>
</round>
<round no="4"><cards type="River">S5</cards>
<action no="11" player="Agoborry9999" type="5" discard="1" dealt="1" sum="170"/>
<action no="12" player="rass65" type="0" discard="1" dealt="1" sum="0"/>
</round>
</game>
<game gamecode="6579867895"><general>
<startdate>2026-01-02 13:52:47</startdate>
<round>1</round>
<failsafecounter/>
<players><player seat="10" name="rass65" chips="420" dealer="0" win="20" bet="20" muck="1" rebuy="0" addon="0" merge="0" rebuychips="0" reg_code="5085678212"/>
<player seat="3" name="M1ky3ste92" chips="490" dealer="1" win="0" bet="0" muck="1" rebuy="0" addon="0" merge="0" rebuychips="0" reg_code="5085677484"/>
<player seat="6" name="Agoborry9999" chips="590" dealer="0" win="0" bet="10" muck="1" rebuy="0" addon="0" merge="0" rebuychips="0" reg_code="5085678097"/>
</players>
</general>
<round no="0"><action no="1" player="Agoborry9999" type="1" discard="1" dealt="1" sum="10"/>
<action no="2" player="rass65" type="2" discard="1" dealt="1" sum="20"/>
</round>
<round no="1"><cards type="Pocket" player="rass65">X X</cards>
<cards type="Pocket" player="Agoborry9999">X X</cards>
<cards type="Pocket" player="M1ky3ste92">S10 H8</cards>
<action no="3" player="M1ky3ste92" type="0" sum="0"/>
<action no="4" player="Agoborry9999" type="0" discard="1" dealt="1" sum="0"/>
</round>
</game>
<game gamecode="6579867990"><general>
<startdate>2026-01-02 13:53:03</startdate>
<round>1</round>
<failsafecounter/>
<players><player seat="3" name="M1ky3ste92" chips="490" dealer="0" win="0" bet="20" muck="1" rebuy="0" addon="0" merge="0" rebuychips="0" reg_code="5085677484"/>
<player seat="6" name="Agoborry9999" chips="580" dealer="1" win="0" bet="0" muck="1" rebuy="0" addon="0" merge="0" rebuychips="0" reg_code="5085678097"/>
<player seat="10" name="rass65" chips="430" dealer="0" win="40" bet="20" muck="0" rebuy="0" addon="0" merge="0" rebuychips="0" reg_code="5085678212"/>
</players>
</general>
<round no="0"><action no="1" player="rass65" type="1" discard="1" dealt="1" sum="10"/>
<action no="2" player="M1ky3ste92" type="2" sum="20"/>
</round>
<round no="1"><cards type="Pocket" player="Agoborry9999">X X</cards>
<cards type="Pocket" player="M1ky3ste92">H7 S3</cards>
<cards type="Pocket" player="rass65">H9 SK</cards>
<action no="3" player="Agoborry9999" type="0" discard="1" dealt="1" sum="0"/>
<action no="4" player="rass65" type="3" discard="1" dealt="1" sum="10"/>
<action no="5" player="M1ky3ste92" type="4" sum="0"/>
</round>
<round no="2"><cards type="Flop">SQ CA D6</cards>
<action no="6" player="rass65" type="4" discard="1" dealt="1" sum="0"/>
<action no="7" player="M1ky3ste92" type="4" sum="0"/>
</round>
<round no="3"><cards type="Turn">C8</cards>
<action no="8" player="rass65" type="4" discard="1" dealt="1" sum="0"/>
<action no="9" player="M1ky3ste92" type="4" sum="0"/>
</round>
<round no="4"><cards type="River">C4</cards>
<action no="10" player="rass65" type="4" discard="1" dealt="1" sum="0"/>
<action no="11" player="M1ky3ste92" type="4" sum="0"/>
</round>
</game>
<game gamecode="6579868133"><general>
<startdate>2026-01-02 13:53:26</startdate>
<round>1</round>
<failsafecounter/>
<players><player seat="6" name="Agoborry9999" chips="580" dealer="0" win="0" bet="60" muck="1" rebuy="0" addon="0" merge="0" rebuychips="0" reg_code="5085678097"/>
<player seat="10" name="rass65" chips="450" dealer="1" win="130" bet="120" muck="1" rebuy="0" addon="0" merge="0" rebuychips="0" reg_code="5085678212"/>
<player seat="3" name="M1ky3ste92" chips="470" dealer="0" win="0" bet="10" muck="1" rebuy="0" addon="0" merge="0" rebuychips="0" reg_code="5085677484"/>
</players>
</general>
<round no="0"><action no="1" player="M1ky3ste92" type="1" sum="10"/>
<action no="2" player="Agoborry9999" type="2" discard="1" dealt="1" sum="20"/>
</round>
<round no="1"><cards type="Pocket" player="rass65">X X</cards>
<cards type="Pocket" player="Agoborry9999">X X</cards>
<cards type="Pocket" player="M1ky3ste92">C7 DQ</cards>
<action no="3" player="rass65" type="23" discard="1" dealt="1" sum="60"/>
<action no="4" player="M1ky3ste92" type="0" sum="0"/>
<action no="5" player="Agoborry9999" type="3" discard="1" dealt="1" sum="40"/>
</round>
<round no="2"><cards type="Flop">SQ CA S2</cards>
<action no="6" player="Agoborry9999" type="4" discard="1" dealt="1" sum="0"/>
<action no="7" player="rass65" type="5" discard="1" dealt="1" sum="60"/>
<action no="8" player="Agoborry9999" type="0" discard="1" dealt="1" sum="0"/>
</round>
</game>
<game gamecode="6579871901"><general>
<startdate>2026-01-02 13:53:44</startdate>
<round>1</round>
<failsafecounter/>
<players><player seat="10" name="rass65" chips="520" dealer="0" win="80" bet="80" muck="1" rebuy="0" addon="0" merge="0" rebuychips="0" reg_code="5085678212"/>
<player seat="3" name="M1ky3ste92" chips="460" dealer="1" win="0" bet="0" muck="1" rebuy="0" addon="0" merge="0" rebuychips="0" reg_code="5085677484"/>
<player seat="6" name="Agoborry9999" chips="520" dealer="0" win="0" bet="40" muck="1" rebuy="0" addon="0" merge="0" rebuychips="0" reg_code="5085678097"/>
</players>
</general>
<round no="0"><action no="1" player="Agoborry9999" type="1" discard="1" dealt="1" sum="10"/>
<action no="2" player="rass65" type="2" discard="1" dealt="1" sum="20"/>
</round>
<round no="1"><cards type="Pocket" player="rass65">X X</cards>
<cards type="Pocket" player="M1ky3ste92">C5 DQ</cards>
<cards type="Pocket" player="Agoborry9999">X X</cards>
<action no="3" player="M1ky3ste92" type="0" sum="0"/>
<action no="4" player="Agoborry9999" type="23" discard="1" dealt="1" sum="40"/>
<action no="5" player="rass65" type="3" discard="1" dealt="1" sum="20"/>
</round>
<round no="2"><cards type="Flop">D5 H6 CQ</cards>
<action no="6" player="Agoborry9999" type="4" discard="1" dealt="1" sum="0"/>
<action no="7" player="rass65" type="4" discard="1" dealt="1" sum="0"/>
</round>
<round no="3"><cards type="Turn">D3</cards>
<action no="8" player="Agoborry9999" type="4" discard="1" dealt="1" sum="0"/>
<action no="9" player="rass65" type="5" discard="1" dealt="1" sum="40"/>
<action no="10" player="Agoborry9999" type="0" discard="1" dealt="1" sum="0"/>
</round>
</game>
<game gamecode="6579871996"><general>
<startdate>2026-01-02 13:54:01</startdate>
<round>1</round>
<failsafecounter/>
<players><player seat="3" name="M1ky3ste92" chips="460" dealer="0" win="985" bet="460" muck="0" rebuy="0" addon="0" merge="0" rebuychips="0" reg_code="5085677484"/>
<player seat="6" name="Agoborry9999" chips="480" dealer="1" win="0" bet="65" muck="1" rebuy="0" addon="0" merge="0" rebuychips="0" reg_code="5085678097"/>
<player seat="10" name="rass65" chips="560" dealer="0" win="0" bet="460" muck="1" rebuy="0" addon="0" merge="0" rebuychips="0" reg_code="5085678212"/>
</players>
</general>
<round no="0"><action no="1" player="rass65" type="15" discard="1" dealt="1" sum="5"/>
<action no="2" player="M1ky3ste92" type="15" sum="5"/>
<action no="3" player="Agoborry9999" type="15" discard="1" dealt="1" sum="5"/>
<action no="4" player="rass65" type="1" discard="1" dealt="1" sum="15"/>
<action no="5" player="M1ky3ste92" type="2" sum="30"/>
</round>
<round no="1"><cards type="Pocket" player="M1ky3ste92">SA HK</cards>
<cards type="Pocket" player="Agoborry9999">X X</cards>
<cards type="Pocket" player="rass65">SQ SK</cards>
<action no="6" player="Agoborry9999" type="23" discard="1" dealt="1" sum="60"/>
<action no="7" player="rass65" type="3" discard="1" dealt="1" sum="45"/>
<action no="8" player="M1ky3ste92" type="23" sum="455"/>
<action no="9" player="Agoborry9999" type="0" discard="1" dealt="1" sum="0"/>
<action no="10" player="rass65" type="3" discard="1" dealt="1" sum="395"/>
</round>
<round no="2"><cards type="Flop">D8 D4 D5</cards>
</round>
<round no="3"><cards type="Turn">S8</cards>
</round>
<round no="4"><cards type="River">C9</cards>
</round>
</game>
<game gamecode="6579872147"><general>
<startdate>2026-01-02 13:54:26</startdate>
<round>1</round>
<failsafecounter/>
<players><player seat="6" name="Agoborry9999" chips="415" dealer="0" win="0" bet="415" muck="1" rebuy="0" addon="0" merge="0" rebuychips="0" reg_code="5085678097"/>
<player seat="10" name="rass65" chips="100" dealer="1" win="0" bet="100" muck="0" rebuy="0" addon="0" merge="0" rebuychips="0" reg_code="5085678212"/>
<player seat="3" name="M1ky3ste92" chips="985" dealer="0" win="930" bet="415" muck="0" rebuy="0" addon="0" merge="0" rebuychips="0" reg_code="5085677484"/>
</players>
</general>
<round no="0"><action no="1" player="M1ky3ste92" type="15" sum="5"/>
<action no="2" player="Agoborry9999" type="15" discard="1" dealt="1" sum="5"/>
<action no="3" player="rass65" type="15" discard="1" dealt="1" sum="5"/>
<action no="4" player="M1ky3ste92" type="1" sum="15"/>
<action no="5" player="Agoborry9999" type="2" discard="1" dealt="1" sum="30"/>
</round>
<round no="1"><cards type="Pocket" player="M1ky3ste92">DK CK</cards>
<cards type="Pocket" player="Agoborry9999">C7 D7</cards>
<cards type="Pocket" player="rass65">HJ SQ</cards>
<action no="6" player="rass65" type="23" discard="1" dealt="1" sum="95"/>
<action no="7" player="M1ky3ste92" type="3" sum="80"/>
<action no="8" player="Agoborry9999" type="23" discard="1" dealt="1" sum="410"/>
<action no="9" player="M1ky3ste92" type="3" sum="315"/>
</round>
<round no="2"><cards type="Flop">D2 HK H8</cards>
</round>
<round no="3"><cards type="Turn">H4</cards>
</round>
<round no="4"><cards type="River">D5</cards>
</round>
</game>
</session>
