<?xml version="1.0" encoding="UTF-8"?>
<session sessioncode="5085681736">
<general>
<client_version>25.7.1.50</client_version>
<mode>real</mode>
<gametype>Holdem NL</gametype>
<tablename>Twister €100 SNG, 825407321</tablename>
<tournamentcode>825407320</tournamentcode>
<tournamentname>Twister €100 SNG</tournamentname>
<buyin>€0 + €7 + €93</buyin>
<totalbuyin>€100</totalbuyin>
<rewarddrawn>€300</rewarddrawn>
<tournamentcurrency>EUR</tournamentcurrency>
<currency>EUR</currency>
<nickname>M1ky3ste92</nickname>
<gamecount>4</gamecount>
<startdate>2026-01-02 14:09:12</startdate>
<place>3</place>
<win>€0</win>
<tablesize>3</tablesize>
</general>
<game gamecode="6579884421"><general>
<startdate>2026-01-02 14:09:27</startdate>
<round>1</round>
<failsafecounter/>
<players><player seat="10" name="tdghuref" chips="500" dealer="0" win="0" bet="160" muck="1" rebuy="0" addon="0" merge="0" rebuychips="0" reg_code="5085682127"/>
<player seat="3" name="M1ky3ste92" chips="500" dealer="1" win="0" bet="0" muck="1" rebuy="0" addon="0" merge="0" rebuychips="0" reg_code="5085681736"/>
<player seat="6" name="LolloCausto" chips="500" dealer="0" win="320" bet="500" muck="1" rebuy="0" addon="0" merge="0" rebuychips="0" reg_code="5085681746"/>
</players>
</general>
<round no="0"><action no="1" player="LolloCausto" type="1" discard="1" dealt="1" sum="10"/>
<action no="2" player="tdghuref" type="2" discard="1" dealt="1" sum="20"/>
</round>
<round no="1"><cards type="Pocket" player="LolloCausto">X X</cards>
<cards type="Pocket" player="M1ky3ste92">S5 HK</cards>
<cards type="Pocket" player="tdghuref">X X</cards>
<action no="3" player="M1ky3ste92" type="0" sum="0"/>
<action no="4" player="LolloCausto" type="23" discard="1" dealt="1" sum="40"/>
<action no="5" player="tdghuref" type="23" discard="1" dealt="1" sum="80"/>
<action no="6" player="LolloCausto" type="3" discard="1" dealt="1" sum="40"/>
</round>
<round no="2"><cards type="Flop">S9 H10 C4</cards>
<action no="7" player="LolloCausto" type="4" discard="1" dealt="1" sum="0"/>
<action no="8" player="tdghuref" type="5" discard="1" dealt="1" sum="80"/>
<action no="9" player="LolloCausto" type="3" discard="1" dealt="1" sum="80"/>
</round>
<round no="3"><cards type="Turn">D3</cards>
<action no="10" player="LolloCausto" type="4" discard="1" dealt="1" sum="0"/>
<action no="11" player="tdghuref" type="4" discard="1" dealt="1" sum="0"/>
</round>
<round no="4"><cards type="River">DJ</cards>
<action no="12" player="LolloCausto" type="5" discard="1" dealt="1" sum="340"/>
<action no="13" player="tdghuref" type="0" discard="1" dealt="1" sum="0"/>
</round>
</game>
<game gamecode="6579884697"><general>
<startdate>2026-01-02 14:10:07</startdate>
<round>1</round>
<failsafecounter/>
<players><player seat="3" name="M1ky3ste92" chips="500" dealer="0" win="0" bet="500" muck="0" rebuy="0" addon="0" merge="0" rebuychips="0" reg_code="5085681736"/>
<player seat="6" name="LolloCausto" chips="660" dealer="1" win="0" bet="121" muck="1" rebuy="0" addon="0" merge="0" rebuychips="0" reg_code="5085681746"/>
<player seat="10" name="tdghuref" chips="340" dealer="0" win="801" bet="340" muck="0" rebuy="0" addon="0" merge="0" rebuychips="0" reg_code="5085682127"/>
</players>
</general>
<round no="0"><action no="1" player="tdghuref" type="1" discard="1" dealt="1" sum="10"/>
<action no="2" player="M1ky3ste92" type="2" sum="20"/>
</round>
<round no="1"><cards type="Pocket" player="tdghuref">H7 C9</cards>
<cards type="Pocket" player="LolloCausto">X X</cards>
<cards type="Pocket" player="M1ky3ste92">S10 CQ</cards>
<action no="3" player="LolloCausto" type="23" discard="1" dealt="1" sum="40"/>
<action no="4" player="tdghuref" type="3" discard="1" dealt="1" sum="30"/>
<action no="5" player="M1ky3ste92" type="3" sum="20"/>
</round>
<round no="2"><cards type="Flop">H8 CJ HA</cards>
<action no="6" player="tdghuref" type="4" discard="1" dealt="1" sum="0"/>
<action no="7" player="M1ky3ste92" type="4" sum="0"/>
<action no="8" player="LolloCausto" type="5" discard="1" dealt="1" sum="32"/>
<action no="9" player="tdghuref" type="3" discard="1" dealt="1" sum="32"/>
<action no="10" player="M1ky3ste92" type="23" sum="81"/>
<action no="11" player="LolloCausto" type="3" discard="1" dealt="1" sum="49"/>
<action no="12" player="tdghuref" type="3" discard="1" dealt="1" sum="49"/>
</round>
<round no="3"><cards type="Turn">S7</cards>
<action no="13" player="tdghuref" type="4" discard="1" dealt="1" sum="0"/>
<action no="14" player="M1ky3ste92" type="5" sum="119"/>
<action no="15" player="LolloCausto" type="0" discard="1" dealt="1" sum="0"/>
<action no="16" player="tdghuref" type="3" discard="1" dealt="1" sum="119"/>
</round>
<round no="4"><cards type="River">D10</cards>
<action no="17" player="tdghuref" type="4" discard="1" dealt="1" sum="0"/>
<action no="18" player="M1ky3ste92" type="5" sum="260"/>
<action no="19" player="tdghuref" type="7" discard="1" dealt="1" sum="100"/>
</round>
</game>
<game gamecode="6579888539"><general>
<startdate>2026-01-02 14:11:12</startdate>
<round>1</round>
<failsafecounter/>
<players><player seat="6" name="LolloCausto" chips="539" dealer="0" win="90" bet="65" muck="1" rebuy="0" addon="0" merge="0" rebuychips="0" reg_code="5085681746"/>
<player seat="10" name="tdghuref" chips="801" dealer="1" win="0" bet="35" muck="1" rebuy="0" addon="0" merge="0" rebuychips="0" reg_code="5085682127"/>
<player seat="3" name="M1ky3ste92" chips="160" dealer="0" win="0" bet="20" muck="1" rebuy="0" addon="0" merge="0" rebuychips="0" reg_code="5085681736"/>
</players>
</general>
<round no="0"><action no="1" player="M1ky3ste92" type="15" sum="5"/>
<action no="2" player="LolloCausto" type="15" discard="1" dealt="1" sum="5"/>
<action no="3" player="tdghuref" type="15" discard="1" dealt="1" sum="5"/>
<action no="4" player="M1ky3ste92" type="1" sum="15"/>
<action no="5" player="LolloCausto" type="2" discard="1" dealt="1" sum="30"/>
</round>
<round no="1"><cards type="Pocket" player="LolloCausto">X X</cards>
<cards type="Pocket" player="M1ky3ste92">C5 D10</cards>
<cards type="Pocket" player="tdghuref">X X</cards>
<action no="6" player="tdghuref" type="3" discard="1" dealt="1" sum="30"/>
<action no="7" player="M1ky3ste92" type="0" sum="0"/>
<action no="8" player="LolloCausto" type="4" discard="1" dealt="1" sum="0"/>
</round>
<round no="2"><cards type="Flop">C8 SA CK</cards>
<action no="9" player="LolloCausto" type="4" discard="1" dealt="1" sum="0"/>
<action no="10" player="tdghuref" type="4" discard="1" dealt="1" sum="0"/>
</round>
<round no="3"><cards type="Turn">S2</cards>
<action no="11" player="LolloCausto" type="5" discard="1" dealt="1" sum="30"/>
<action no="12" player="tdghuref" type="0" discard="1" dealt="1" sum="0"/>
</round>
</game>
<game gamecode="6579888762"><general>
<startdate>2026-01-02 14:11:45</startdate>
<round>1</round>
<failsafecounter/>
<players><player seat="10" name="tdghuref" chips="766" dealer="0" win="0" bet="140" muck="1" rebuy="0" addon="0" merge="0" rebuychips="0" reg_code="5085682127"/>
<player seat="3" name="M1ky3ste92" chips="140" dealer="1" win="0" bet="140" muck="0" rebuy="0" addon="0" merge="0" rebuychips="0" reg_code="5085681736"/>
<player seat="6" name="LolloCausto" chips="594" dealer="0" win="420" bet="253" muck="0" rebuy="0" addon="0" merge="0" rebuychips="0" reg_code="5085681746"/>
</players>
</general>
<round no="0"><action no="1" player="LolloCausto" type="15" discard="1" dealt="1" sum="5"/>
<action no="2" player="tdghuref" type="15" discard="1" dealt="1" sum="5"/>
<action no="3" player="M1ky3ste92" type="15" sum="5"/>
<action no="4" player="LolloCausto" type="1" discard="1" dealt="1" sum="15"/>
<action no="5" player="tdghuref" type="2" discard="1" dealt="1" sum="30"/>
</round>
<round no="1"><cards type="Pocket" player="tdghuref">X X</cards>
<cards type="Pocket" player="M1ky3ste92">C8 D8</cards>
<cards type="Pocket" player="LolloCausto">DK C10</cards>
<action no="6" player="M1ky3ste92" type="23" sum="135"/>
<action no="7" player="LolloCausto" type="3" discard="1" dealt="1" sum="120"/>
<action no="8" player="tdghuref" type="3" discard="1" dealt="1" sum="105"/>
</round>
<round no="2"><cards type="Flop">H7 SK S5</cards>
<action no="9" player="LolloCausto" type="5" discard="1" dealt="1" sum="113"/>
<action no="10" player="tdghuref" type="0" discard="1" dealt="1" sum="0"/>
</round>
<round no="3"><cards type="Turn">HJ</cards>
</round>
<round no="4"><cards type="River">D4</cards>
</round>
</game>
</session>
