<?xml version="1.0" encoding="UTF-8"?>
<session sessioncode="5085682850">
<general>
<client_version>25.7.1.50</client_version>
<mode>real</mode>
<gametype>Holdem NL</gametype>
<tablename>Twister €100 SNG, 825407501</tablename>
<tournamentcode>825407500</tournamentcode>
<tournamentname>Twister €100 SNG</tournamentname>
<buyin>€0 + €7 + €93</buyin>
<totalbuyin>€100</totalbuyin>
<rewarddrawn>€300</rewarddrawn>
<tournamentcurrency>EUR</tournamentcurrency>
<currency>EUR</currency>
<nickname>M1ky3ste92</nickname>
<gamecount>14</gamecount>
<startdate>2026-01-02 14:12:21</startdate>
<place>2</place>
<win>€0</win>
<tablesize>3</tablesize>
</general>
<game gamecode="6579887490"><general>
<startdate>2026-01-02 14:12:36</startdate>
<round>1</round>
<failsafecounter/>
<players><player seat="6" name="LolloCausto" chips="500" dealer="0" win="20" bet="20" muck="1" rebuy="0" addon="0" merge="0" rebuychips="0" reg_code="5085682738"/>
<player seat="10" name="M1ky3ste92" chips="500" dealer="1" win="0" bet="0" muck="1" rebuy="0" addon="0" merge="0" rebuychips="0" reg_code="5085682850"/>
<player seat="3" name="uuulll" chips="500" dealer="0" win="0" bet="10" muck="1" rebuy="0" addon="0" merge="0" rebuychips="0" reg_code="5085682632"/>
</players>
</general>
<round no="0"><action no="1" player="uuulll" type="1" discard="1" dealt="1" sum="10"/>
<action no="2" player="LolloCausto" type="2" discard="1" dealt="1" sum="20"/>
</round>
<round no="1"><cards type="Pocket" player="uuulll">X X</cards>
<cards type="Pocket" player="LolloCausto">X X</cards>
<cards type="Pocket" player="M1ky3ste92">DK H7</cards>
<action no="3" player="M1ky3ste92" type="0" sum="0"/>
<action no="4" player="uuulll" type="0" discard="1" dealt="1" sum="0"/>
</round>
</game>
<game gamecode="6579887509"><general>
<startdate>2026-01-02 14:12:43</startdate>
<round>1</round>
<failsafecounter/>
<players><player seat="10" name="M1ky3ste92" chips="500" dealer="0" win="0" bet="162" muck="0" rebuy="0" addon="0" merge="0" rebuychips="0" reg_code="5085682850"/>
<player seat="3" name="uuulll" chips="490" dealer="1" win="0" bet="0" muck="1" rebuy="0" addon="0" merge="0" rebuychips="0" reg_code="5085682632"/>
<player seat="6" name="LolloCausto" chips="510" dealer="0" win="324" bet="162" muck="0" rebuy="0" addon="0" merge="0" rebuychips="0" reg_code="5085682738"/>
</players>
</general>
<round no="0"><action no="1" player="LolloCausto" type="1" discard="1" dealt="1" sum="10"/>
<action no="2" player="M1ky3ste92" type="2" sum="20"/>
</round>
<round no="1"><cards type="Pocket" player="LolloCausto">D6 D8</cards>
<cards type="Pocket" player="uuulll">X X</cards>
<cards type="Pocket" player="M1ky3ste92">D5 D2</cards>
<action no="3" player="uuulll" type="0" discard="1" dealt="1" sum="0"/>
<action no="4" player="LolloCausto" type="23" discard="1" dealt="1" sum="60"/>
<action no="5" player="M1ky3ste92" type="3" sum="40"/>
</round>
<round no="2"><cards type="Flop">CQ DA S4</cards>
<action no="6" player="LolloCausto" type="5" discard="1" dealt="1" sum="32"/>
<action no="7" player="M1ky3ste92" type="3" sum="32"/>
</round>
<round no="3"><cards type="Turn">SA</cards>
<action no="8" player="LolloCausto" type="4" discard="1" dealt="1" sum="0"/>
<action no="9" player="M1ky3ste92" type="4" sum="0"/>
</round>
<round no="4"><cards type="River">S6</cards>
<action no="10" player="LolloCausto" type="4" discard="1" dealt="1" sum="0"/>
<action no="11" player="M1ky3ste92" type="5" sum="70"/>
<action no="12" player="LolloCausto" type="3" discard="1" dealt="1" sum="70"/>
</round>
</game>
<game gamecode="6579892173"><general>
<startdate>2026-01-02 14:13:24</startdate>
<round>1</round>
<failsafecounter/>
<players><player seat="3" name="uuulll" chips="490" dealer="0" win="0" bet="20" muck="1" rebuy="0" addon="0" merge="0" rebuychips="0" reg_code="5085682632"/>
<player seat="6" name="LolloCausto" chips="672" dealer="1" win="50" bet="40" muck="1" rebuy="0" addon="0" merge="0" rebuychips="0" reg_code="5085682738"/>
<player seat="10" name="M1ky3ste92" chips="338" dealer="0" win="0" bet="10" muck="1" rebuy="0" addon="0" merge="0" rebuychips="0" reg_code="5085682850"/>
</players>
</general>
<round no="0"><action no="1" player="M1ky3ste92" type="1" sum="10"/>
<action no="2" player="uuulll" type="2" discard="1" dealt="1" sum="20"/>
</round>
<round no="1"><cards type="Pocket" player="uuulll">X X</cards>
<cards type="Pocket" player="LolloCausto">X X</cards>
<cards type="Pocket" player="M1ky3ste92">D4 H6</cards>
<action no="3" player="LolloCausto" type="23" discard="1" dealt="1" sum="40"/>
<action no="4" player="M1ky3ste92" type="0" sum="0"/>
<action no="5" player="uuulll" type="0" discard="1" dealt="1" sum="0"/>
</round>
</game>
<game gamecode="6579892205"><general>
<startdate>2026-01-02 14:13:37</startdate>
<round>1</round>
<failsafecounter/>
<players><player seat="6" name="LolloCausto" chips="702" dealer="0" win="0" bet="20" muck="1" rebuy="0" addon="0" merge="0" rebuychips="0" reg_code="5085682738"/>
<player seat="10" name="M1ky3ste92" chips="328" dealer="1" win="50" bet="328" muck="1" rebuy="0" addon="0" merge="0" rebuychips="0" reg_code="5085682850"/>
<player seat="3" name="uuulll" chips="470" dealer="0" win="0" bet="10" muck="1" rebuy="0" addon="0" merge="0" rebuychips="0" reg_code="5085682632"/>
</players>
</general>
<round no="0"><action no="1" player="uuulll" type="1" discard="1" dealt="1" sum="10"/>
<action no="2" player="LolloCausto" type="2" discard="1" dealt="1" sum="20"/>
</round>
<round no="1"><cards type="Pocket" player="LolloCausto">X X</cards>
<cards type="Pocket" player="M1ky3ste92">DK CJ</cards>
<cards type="Pocket" player="uuulll">X X</cards>
<action no="3" player="M1ky3ste92" type="23" sum="328"/>
<action no="4" player="uuulll" type="0" discard="1" dealt="1" sum="0"/>
<action no="5" player="LolloCausto" type="0" discard="1" dealt="1" sum="0"/>
</round>
</game>
<game gamecode="6579892240"><general>
<startdate>2026-01-02 14:13:50</startdate>
<round>1</round>
<failsafecounter/>
<players><player seat="10" name="M1ky3ste92" chips="358" dealer="0" win="0" bet="20" muck="1" rebuy="0" addon="0" merge="0" rebuychips="0" reg_code="5085682850"/>
<player seat="3" name="uuulll" chips="460" dealer="1" win="50" bet="40" muck="1" rebuy="0" addon="0" merge="0" rebuychips="0" reg_code="5085682632"/>
<player seat="6" name="LolloCausto" chips="682" dealer="0" win="0" bet="10" muck="1" rebuy="0" addon="0" merge="0" rebuychips="0" reg_code="5085682738"/>
</players>
</general>
<round no="0"><action no="1" player="LolloCausto" type="1" discard="1" dealt="1" sum="10"/>
<action no="2" player="M1ky3ste92" type="2" sum="20"/>
</round>
<round no="1"><cards type="Pocket" player="LolloCausto">X X</cards>
<cards type="Pocket" player="uuulll">X X</cards>
<cards type="Pocket" player="M1ky3ste92">C2 S7</cards>
<action no="3" player="uuulll" type="3" discard="1" dealt="1" sum="20"/>
<action no="4" player="LolloCausto" type="0" discard="1" dealt="1" sum="0"/>
<action no="5" player="M1ky3ste92" type="4" sum="0"/>
</round>
<round no="2"><cards type="Flop">C3 H10 H3</cards>
<action no="6" player="M1ky3ste92" type="4" sum="0"/>
<action no="7" player="uuulll" type="5" discard="1" dealt="1" sum="20"/>
<action no="8" player="M1ky3ste92" type="0" sum="0"/>
</round>
</game>
<game gamecode="6579892279"><general>
<startdate>2026-01-02 14:14:04</startdate>
<round>1</round>
<failsafecounter/>
<players><player seat="3" name="uuulll" chips="490" dealer="0" win="0" bet="20" muck="1" rebuy="0" addon="0" merge="0" rebuychips="0" reg_code="5085682632"/>
<player seat="6" name="LolloCausto" chips="672" dealer="1" win="0" bet="0" muck="1" rebuy="0" addon="0" merge="0" rebuychips="0" reg_code="5085682738"/>
<player seat="10" name="M1ky3ste92" chips="338" dealer="0" win="40" bet="338" muck="1" rebuy="0" addon="0" merge="0" rebuychips="0" reg_code="5085682850"/>
</players>
</general>
<round no="0"><action no="1" player="M1ky3ste92" type="1" sum="10"/>
<action no="2" player="uuulll" type="2" discard="1" dealt="1" sum="20"/>
</round>
<round no="1"><cards type="Pocket" player="uuulll">X X</cards>
<cards type="Pocket" player="LolloCausto">X X</cards>
<cards type="Pocket" player="M1ky3ste92">HK SJ</cards>
<action no="3" player="LolloCausto" type="0" discard="1" dealt="1" sum="0"/>
<action no="4" player="M1ky3ste92" type="23" sum="338"/>
<action no="5" player="uuulll" type="0" discard="1" dealt="1" sum="0"/>
</round>
</game>
<game gamecode="6579892306"><general>
<startdate>2026-01-02 14:14:13</startdate>
<round>1</round>
<failsafecounter/>
<players><player seat="6" name="LolloCausto" chips="672" dealer="0" win="20" bet="20" muck="1" rebuy="0" addon="0" merge="0" rebuychips="0" reg_code="5085682738"/>
<player seat="10" name="M1ky3ste92" chips="358" dealer="1" win="0" bet="0" muck="1" rebuy="0" addon="0" merge="0" rebuychips="0" reg_code="5085682850"/>
<player seat="3" name="uuulll" chips="470" dealer="0" win="0" bet="10" muck="1" rebuy="0" addon="0" merge="0" rebuychips="0" reg_code="5085682632"/>
</players>
</general>
<round no="0"><action no="1" player="uuulll" type="1" discard="1" dealt="1" sum="10"/>
<action no="2" player="LolloCausto" type="2" discard="1" dealt="1" sum="20"/>
</round>
<round no="1"><cards type="Pocket" player="LolloCausto">X X</cards>
<cards type="Pocket" player="uuulll">X X</cards>
<cards type="Pocket" player="M1ky3ste92">H3 H9</cards>
<action no="3" player="M1ky3ste92" type="0" sum="0"/>
<action no="4" player="uuulll" type="0" discard="1" dealt="1" sum="0"/>
</round>
</game>
<game gamecode="6579892324"><general>
<startdate>2026-01-02 14:14:20</startdate>
<round>1</round>
<failsafecounter/>
<players><player seat="10" name="M1ky3ste92" chips="358" dealer="0" win="0" bet="35" muck="1" rebuy="0" addon="0" merge="0" rebuychips="0" reg_code="5085682850"/>
<player seat="3" name="uuulll" chips="460" dealer="1" win="90" bet="65" muck="1" rebuy="0" addon="0" merge="0" rebuychips="0" reg_code="5085682632"/>
<player seat="6" name="LolloCausto" chips="682" dealer="0" win="0" bet="20" muck="1" rebuy="0" addon="0" merge="0" rebuychips="0" reg_code="5085682738"/>
</players>
</general>
<round no="0"><action no="1" player="LolloCausto" type="15" discard="1" dealt="1" sum="5"/>
<action no="2" player="M1ky3ste92" type="15" sum="5"/>
<action no="3" player="uuulll" type="15" discard="1" dealt="1" sum="5"/>
<action no="4" player="LolloCausto" type="1" discard="1" dealt="1" sum="15"/>
<action no="5" player="M1ky3ste92" type="2" sum="30"/>
</round>
<round no="1"><cards type="Pocket" player="M1ky3ste92">C10 H2</cards>
<cards type="Pocket" player="uuulll">X X</cards>
<cards type="Pocket" player="LolloCausto">X X</cards>
<action no="6" player="uuulll" type="23" discard="1" dealt="1" sum="60"/>
<action no="7" player="LolloCausto" type="0" discard="1" dealt="1" sum="0"/>
<action no="8" player="M1ky3ste92" type="0" sum="0"/>
</round>
</game>
<game gamecode="6579892354"><general>
<startdate>2026-01-02 14:14:32</startdate>
<round>1</round>
<failsafecounter/>
<players><player seat="3" name="uuulll" chips="515" dealer="0" win="0" bet="35" muck="1" rebuy="0" addon="0" merge="0" rebuychips="0" reg_code="5085682632"/>
<player seat="6" name="LolloCausto" chips="662" dealer="1" win="0" bet="5" muck="1" rebuy="0" addon="0" merge="0" rebuychips="0" reg_code="5085682738"/>
<player seat="10" name="M1ky3ste92" chips="323" dealer="0" win="75" bet="323" muck="1" rebuy="0" addon="0" merge="0" rebuychips="0" reg_code="5085682850"/>
</players>
</general>
<round no="0"><action no="1" player="M1ky3ste92" type="15" sum="5"/>
<action no="2" player="uuulll" type="15" discard="1" dealt="1" sum="5"/>
<action no="3" player="LolloCausto" type="15" discard="1" dealt="1" sum="5"/>
<action no="4" player="M1ky3ste92" type="1" sum="15"/>
<action no="5" player="uuulll" type="2" discard="1" dealt="1" sum="30"/>
</round>
<round no="1"><cards type="Pocket" player="LolloCausto">X X</cards>
<cards type="Pocket" player="uuulll">X X</cards>
<cards type="Pocket" player="M1ky3ste92">S5 HA</cards>
<action no="6" player="LolloCausto" type="0" discard="1" dealt="1" sum="0"/>
<action no="7" player="M1ky3ste92" type="23" sum="318"/>
<action no="8" player="uuulll" type="0" discard="1" dealt="1" sum="0"/>
</round>
</game>
<game gamecode="6579892377"><general>
<startdate>2026-01-02 14:14:42</startdate>
<round>1</round>
<failsafecounter/>
<players><player seat="6" name="LolloCausto" chips="657" dealer="0" win="0" bet="35" muck="1" rebuy="0" addon="0" merge="0" rebuychips="0" reg_code="5085682738"/>
<player seat="10" name="M1ky3ste92" chips="363" dealer="1" win="0" bet="5" muck="1" rebuy="0" addon="0" merge="0" rebuychips="0" reg_code="5085682850"/>
<player seat="3" name="uuulll" chips="480" dealer="0" win="75" bet="95" muck="1" rebuy="0" addon="0" merge="0" rebuychips="0" reg_code="5085682632"/>
</players>
</general>
<round no="0"><action no="1" player="uuulll" type="15" discard="1" dealt="1" sum="5"/>
<action no="2" player="LolloCausto" type="15" discard="1" dealt="1" sum="5"/>
<action no="3" player="M1ky3ste92" type="15" sum="5"/>
<action no="4" player="uuulll" type="1" discard="1" dealt="1" sum="15"/>
<action no="5" player="LolloCausto" type="2" discard="1" dealt="1" sum="30"/>
</round>
<round no="1"><cards type="Pocket" player="uuulll">X X</cards>
<cards type="Pocket" player="LolloCausto">X X</cards>
<cards type="Pocket" player="M1ky3ste92">S7 H2</cards>
<action no="6" player="M1ky3ste92" type="0" sum="0"/>
<action no="7" player="uuulll" type="23" discard="1" dealt="1" sum="90"/>
<action no="8" player="LolloCausto" type="0" discard="1" dealt="1" sum="0"/>
</round>
</game>
<game gamecode="6579892403"><general>
<startdate>2026-01-02 14:14:52</startdate>
<round>1</round>
<failsafecounter/>
<players><player seat="10" name="M1ky3ste92" chips="358" dealer="0" win="0" bet="35" muck="1" rebuy="0" addon="0" merge="0" rebuychips="0" reg_code="5085682850"/>
<player seat="3" name="uuulll" chips="520" dealer="1" win="0" bet="35" muck="1" rebuy="0" addon="0" merge="0" rebuychips="0" reg_code="5085682632"/>
<player seat="6" name="LolloCausto" chips="622" dealer="0" win="105" bet="622" muck="1" rebuy="0" addon="0" merge="0" rebuychips="0" reg_code="5085682738"/>
</players>
</general>
<round no="0"><action no="1" player="LolloCausto" type="15" discard="1" dealt="1" sum="5"/>
<action no="2" player="M1ky3ste92" type="15" sum="5"/>
<action no="3" player="uuulll" type="15" discard="1" dealt="1" sum="5"/>
<action no="4" player="LolloCausto" type="1" discard="1" dealt="1" sum="15"/>
<action no="5" player="M1ky3ste92" type="2" sum="30"/>
</round>
<round no="1"><cards type="Pocket" player="M1ky3ste92">H4 H10</cards>
<cards type="Pocket" player="LolloCausto">X X</cards>
<cards type="Pocket" player="uuulll">X X</cards>
<action no="6" player="uuulll" type="3" discard="1" dealt="1" sum="30"/>
<action no="7" player="LolloCausto" type="23" discard="1" dealt="1" sum="617"/>
<action no="8" player="M1ky3ste92" type="0" sum="0"/>
<action no="9" player="uuulll" type="0" discard="1" dealt="1" sum="0"/>
</round>
</game>
<game gamecode="6579892433"><general>
<startdate>2026-01-02 14:15:04</startdate>
<round>1</round>
<failsafecounter/>
<players><player seat="3" name="uuulll" chips="485" dealer="0" win="0" bet="485" muck="0" rebuy="0" addon="0" merge="0" rebuychips="0" reg_code="5085682632"/>
<player seat="6" name="LolloCausto" chips="692" dealer="1" win="990" bet="692" muck="0" rebuy="0" addon="0" merge="0" rebuychips="0" reg_code="5085682738"/>
<player seat="10" name="M1ky3ste92" chips="323" dealer="0" win="0" bet="20" muck="1" rebuy="0" addon="0" merge="0" rebuychips="0" reg_code="5085682850"/>
</players>
</general>
<round no="0"><action no="1" player="M1ky3ste92" type="15" sum="5"/>
<action no="2" player="uuulll" type="15" discard="1" dealt="1" sum="5"/>
<action no="3" player="LolloCausto" type="15" discard="1" dealt="1" sum="5"/>
<action no="4" player="M1ky3ste92" type="1" sum="15"/>
<action no="5" player="uuulll" type="2" discard="1" dealt="1" sum="30"/>
</round>
<round no="1"><cards type="Pocket" player="M1ky3ste92">S8 S5</cards>
<cards type="Pocket" player="uuulll">S4 H4</cards>
<cards type="Pocket" player="LolloCausto">H3 C3</cards>
<action no="6" player="LolloCausto" type="23" discard="1" dealt="1" sum="687"/>
<action no="7" player="M1ky3ste92" type="0" sum="0"/>
<action no="8" player="uuulll" type="7" discard="1" dealt="1" sum="450"/>
</round>
<round no="2"><cards type="Flop">S10 HA S3</cards>
</round>
<round no="3"><cards type="Turn">HK</cards>
</round>
<round no="4"><cards type="River">C6</cards>
</round>
</game>
<game gamecode="6579892501"><general>
<startdate>2026-01-02 14:15:33</startdate>
<round>1</round>
<failsafecounter/>
<players><player seat="6" name="LolloCausto" chips="1,197" dealer="0" win="70" bet="95" muck="1" rebuy="0" addon="0" merge="0" rebuychips="0" reg_code="5085682738"/>
<player seat="10" name="M1ky3ste92" chips="303" dealer="1" win="0" bet="35" muck="1" rebuy="0" addon="0" merge="0" rebuychips="0" reg_code="5085682850"/>
</players>
</general>
<round no="0"><action no="1" player="M1ky3ste92" type="15" sum="5"/>
<action no="2" player="LolloCausto" type="15" discard="1" dealt="1" sum="5"/>
<action no="3" player="M1ky3ste92" type="1" sum="15"/>
<action no="4" player="LolloCausto" type="2" discard="1" dealt="1" sum="30"/>
</round>
<round no="1"><cards type="Pocket" player="LolloCausto">X X</cards>
<cards type="Pocket" player="M1ky3ste92">D3 D6</cards>
<action no="5" player="M1ky3ste92" type="3" sum="15"/>
<action no="6" player="LolloCausto" type="23" discard="1" dealt="1" sum="90"/>
<action no="7" player="M1ky3ste92" type="0" sum="0"/>
</round>
</game>
<game gamecode="6579892546"><general>
<startdate>2026-01-02 14:15:48</startdate>
<round>1</round>
<failsafecounter/>
<players><player seat="10" name="M1ky3ste92" chips="268" dealer="0" win="0" bet="268" muck="0" rebuy="0" addon="0" merge="0" rebuychips="0" reg_code="5085682850"/>
<player seat="6" name="LolloCausto" chips="1,232" dealer="1" win="536" bet="1,232" muck="0" rebuy="0" addon="0" merge="0" rebuychips="0" reg_code="5085682738"/>
</players>
</general>
<round no="0"><action no="1" player="LolloCausto" type="15" discard="1" dealt="1" sum="5"/>
<action no="2" player="M1ky3ste92" type="15" sum="5"/>
<action no="3" player="LolloCausto" type="1" discard="1" dealt="1" sum="15"/>
<action no="4" player="M1ky3ste92" type="2" sum="30"/>
</round>
<round no="1"><cards type="Pocket" player="M1ky3ste92">S3 C3</cards>
<cards type="Pocket" player="LolloCausto">C2 HK</cards>
<action no="5" player="LolloCausto" type="23" discard="1" dealt="1" sum="1,227"/>
<action no="6" player="M1ky3ste92" type="7" sum="233"/>
</round>
<round no="2"><cards type="Flop">C6 SJ DK</cards>
</round>
<round no="3"><cards type="Turn">S10</cards>
</round>
<round no="4"><cards type="River">C8</cards>
</round>
</game>
</session>
