<?xml version="1.0" encoding="UTF-8"?>
<session sessioncode="5085684520">
<general>
<client_version>25.7.1.50</client_version>
<mode>real</mode>
<gametype>Holdem NL</gametype>
<tablename>Twister €100 SNG, 825408322</tablename>
<tournamentcode>825408321</tournamentcode>
<tournamentname>Twister €100 SNG</tournamentname>
<buyin>€0 + €7 + €93</buyin>
<totalbuyin>€100</totalbuyin>
<rewarddrawn>€500</rewarddrawn>
<tournamentcurrency>EUR</tournamentcurrency>
<currency>EUR</currency>
<nickname>M1ky3ste92</nickname>
<gamecount>23</gamecount>
<startdate>2026-01-02 14:19:55</startdate>
<place>1</place>
<win>€500</win>
<tablesize>3</tablesize>
</general>
<game gamecode="6579895641"><general>
<startdate>2026-01-02 14:20:10</startdate>
<round>1</round>
<failsafecounter/>
<players><player seat="6" name="M1ky3ste92" chips="500" dealer="0" win="0" bet="20" muck="1" rebuy="0" addon="0" merge="0" rebuychips="0" reg_code="5085684520"/>
<player seat="10" name="LupoSilano22" chips="500" dealer="1" win="0" bet="0" muck="1" rebuy="0" addon="0" merge="0" rebuychips="0" reg_code="5085684611"/>
<player seat="3" name="LolloCausto" chips="500" dealer="0" win="40" bet="40" muck="1" rebuy="0" addon="0" merge="0" rebuychips="0" reg_code="5085683943"/>
</players>
</general>
<round no="0"><action no="1" player="LolloCausto" type="1" discard="1" dealt="1" sum="10"/>
<action no="2" player="M1ky3ste92" type="2" sum="20"/>
</round>
<round no="1"><cards type="Pocket" player="LolloCausto">X X</cards>
<cards type="Pocket" player="M1ky3ste92">HK D5</cards>
<cards type="Pocket" player="LupoSilano22">X X</cards>
<action no="3" player="LupoSilano22" type="0" discard="1" dealt="1" sum="0"/>
<action no="4" player="LolloCausto" type="3" discard="1" dealt="1" sum="10"/>
<action no="5" player="M1ky3ste92" type="4" sum="0"/>
</round>
<round no="2"><cards type="Flop">D4 C4 H2</cards>
<action no="6" player="LolloCausto" type="4" discard="1" dealt="1" sum="0"/>
<action no="7" player="M1ky3ste92" type="4" sum="0"/>
</round>
<round no="3"><cards type="Turn">H7</cards>
<action no="8" player="LolloCausto" type="5" discard="1" dealt="1" sum="20"/>
<action no="9" player="M1ky3ste92" type="0" sum="0"/>
</round>
</game>
<game gamecode="6579895909"><general>
<startdate>2026-01-02 14:20:49</startdate>
<round>1</round>
<failsafecounter/>
<players><player seat="10" name="LupoSilano22" chips="500" dealer="0" win="0" bet="83" muck="1" rebuy="0" addon="0" merge="0" rebuychips="0" reg_code="5085684611"/>
<player seat="3" name="LolloCausto" chips="520" dealer="1" win="0" bet="0" muck="1" rebuy="0" addon="0" merge="0" rebuychips="0" reg_code="5085683943"/>
<player seat="6" name="M1ky3ste92" chips="480" dealer="0" win="166" bet="166" muck="1" rebuy="0" addon="0" merge="0" rebuychips="0" reg_code="5085684520"/>
</players>
</general>
<round no="0"><action no="1" player="M1ky3ste92" type="1" sum="10"/>
<action no="2" player="LupoSilano22" type="2" discard="1" dealt="1" sum="20"/>
</round>
<round no="1"><cards type="Pocket" player="M1ky3ste92">HQ CJ</cards>
<cards type="Pocket" player="LolloCausto">X X</cards>
<cards type="Pocket" player="LupoSilano22">X X</cards>
<action no="3" player="LolloCausto" type="0" discard="1" dealt="1" sum="0"/>
<action no="4" player="M1ky3ste92" type="23" sum="50"/>
<action no="5" player="LupoSilano22" type="3" discard="1" dealt="1" sum="30"/>
</round>
<round no="2"><cards type="Flop">H3 D7 SK</cards>
<action no="6" player="M1ky3ste92" type="5" sum="33"/>
<action no="7" player="LupoSilano22" type="3" discard="1" dealt="1" sum="33"/>
</round>
<round no="3"><cards type="Turn">C9</cards>
<action no="8" player="M1ky3ste92" type="5" sum="83"/>
<action no="9" player="LupoSilano22" type="0" discard="1" dealt="1" sum="0"/>
</round>
</game>
<game gamecode="6579896164"><general>
<startdate>2026-01-02 14:21:23</startdate>
<round>1</round>
<failsafecounter/>
<players><player seat="3" name="LolloCausto" chips="520" dealer="0" win="20" bet="20" muck="1" rebuy="0" addon="0" merge="0" rebuychips="0" reg_code="5085683943"/>
<player seat="6" name="M1ky3ste92" chips="563" dealer="1" win="0" bet="0" muck="1" rebuy="0" addon="0" merge="0" rebuychips="0" reg_code="5085684520"/>
<player seat="10" name="LupoSilano22" chips="417" dealer="0" win="0" bet="10" muck="1" rebuy="0" addon="0" merge="0" rebuychips="0" reg_code="5085684611"/>
</players>
</general>
<round no="0"><action no="1" player="LupoSilano22" type="1" discard="1" dealt="1" sum="10"/>
<action no="2" player="LolloCausto" type="2" discard="1" dealt="1" sum="20"/>
</round>
<round no="1"><cards type="Pocket" player="M1ky3ste92">H4 S8</cards>
<cards type="Pocket" player="LolloCausto">X X</cards>
<cards type="Pocket" player="LupoSilano22">X X</cards>
<action no="3" player="M1ky3ste92" type="0" sum="0"/>
<action no="4" player="LupoSilano22" type="0" discard="1" dealt="1" sum="0"/>
</round>
</game>
<game gamecode="6579896210"><general>
<startdate>2026-01-02 14:21:30</startdate>
<round>1</round>
<failsafecounter/>
<players><player seat="6" name="M1ky3ste92" chips="563" dealer="0" win="210" bet="205" muck="0" rebuy="0" addon="0" merge="0" rebuychips="0" reg_code="5085684520"/>
<player seat="10" name="LupoSilano22" chips="407" dealer="1" win="210" bet="205" muck="0" rebuy="0" addon="0" merge="0" rebuychips="0" reg_code="5085684611"/>
<player seat="3" name="LolloCausto" chips="530" dealer="0" win="0" bet="10" muck="1" rebuy="0" addon="0" merge="0" rebuychips="0" reg_code="5085683943"/>
</players>
</general>
<round no="0"><action no="1" player="LolloCausto" type="1" discard="1" dealt="1" sum="10"/>
<action no="2" player="M1ky3ste92" type="2" sum="20"/>
</round>
<round no="1"><cards type="Pocket" player="M1ky3ste92">DQ CJ</cards>
<cards type="Pocket" player="LupoSilano22">HK SJ</cards>
<cards type="Pocket" player="LolloCausto">X X</cards>
<action no="3" player="LupoSilano22" type="23" discard="1" dealt="1" sum="60"/>
<action no="4" player="LolloCausto" type="0" discard="1" dealt="1" sum="0"/>
<action no="5" player="M1ky3ste92" type="3" sum="40"/>
</round>
<round no="2"><cards type="Flop">D3 DA HJ</cards>
<action no="6" player="M1ky3ste92" type="4" sum="0"/>
<action no="7" player="LupoSilano22" type="5" discard="1" dealt="1" sum="65"/>
<action no="8" player="M1ky3ste92" type="3" sum="65"/>
</round>
<round no="3"><cards type="Turn">S5</cards>
<action no="9" player="M1ky3ste92" type="4" sum="0"/>
<action no="10" player="LupoSilano22" type="5" discard="1" dealt="1" sum="80"/>
<action no="11" player="M1ky3ste92" type="3" sum="80"/>
</round>
<round no="4"><cards type="River">D5</cards>
<action no="12" player="M1ky3ste92" type="4" sum="0"/>
<action no="13" player="LupoSilano22" type="4" discard="1" dealt="1" sum="0"/>
</round>
</game>
<game gamecode="6579899761"><general>
<startdate>2026-01-02 14:22:01</startdate>
<round>1</round>
<failsafecounter/>
<players><player seat="10" name="LupoSilano22" chips="412" dealer="0" win="0" bet="125" muck="1" rebuy="0" addon="0" merge="0" rebuychips="0" reg_code="5085684611"/>
<player seat="3" name="LolloCausto" chips="520" dealer="1" win="260" bet="520" muck="1" rebuy="0" addon="0" merge="0" rebuychips="0" reg_code="5085683943"/>
<player seat="6" name="M1ky3ste92" chips="568" dealer="0" win="0" bet="10" muck="1" rebuy="0" addon="0" merge="0" rebuychips="0" reg_code="5085684520"/>
</players>
</general>
<round no="0"><action no="1" player="M1ky3ste92" type="1" sum="10"/>
<action no="2" player="LupoSilano22" type="2" discard="1" dealt="1" sum="20"/>
</round>
<round no="1"><cards type="Pocket" player="LolloCausto">X X</cards>
<cards type="Pocket" player="M1ky3ste92">H2 DJ</cards>
<cards type="Pocket" player="LupoSilano22">X X</cards>
<action no="3" player="LolloCausto" type="23" discard="1" dealt="1" sum="40"/>
<action no="4" player="M1ky3ste92" type="0" sum="0"/>
<action no="5" player="LupoSilano22" type="3" discard="1" dealt="1" sum="20"/>
</round>
<round no="2"><cards type="Flop">C9 H4 H6</cards>
<action no="6" player="LupoSilano22" type="5" discard="1" dealt="1" sum="20"/>
<action no="7" player="LolloCausto" type="3" discard="1" dealt="1" sum="20"/>
</round>
<round no="3"><cards type="Turn">C10</cards>
<action no="8" player="LupoSilano22" type="5" discard="1" dealt="1" sum="65"/>
<action no="9" player="LolloCausto" type="23" discard="1" dealt="1" sum="460"/>
<action no="10" player="LupoSilano22" type="0" discard="1" dealt="1" sum="0"/>
</round>
</game>
<game gamecode="6579899931"><general>
<startdate>2026-01-02 14:22:26</startdate>
<round>1</round>
<failsafecounter/>
<players><player seat="3" name="LolloCausto" chips="655" dealer="0" win="0" bet="65" muck="1" rebuy="0" addon="0" merge="0" rebuychips="0" reg_code="5085683943"/>
<player seat="6" name="M1ky3ste92" chips="558" dealer="1" win="0" bet="5" muck="1" rebuy="0" addon="0" merge="0" rebuychips="0" reg_code="5085684520"/>
<player seat="10" name="LupoSilano22" chips="287" dealer="0" win="135" bet="287" muck="1" rebuy="0" addon="0" merge="0" rebuychips="0" reg_code="5085684611"/>
</players>
</general>
<round no="0"><action no="1" player="LupoSilano22" type="15" discard="1" dealt="1" sum="5"/>
<action no="2" player="LolloCausto" type="15" discard="1" dealt="1" sum="5"/>
<action no="3" player="M1ky3ste92" type="15" sum="5"/>
<action no="4" player="LupoSilano22" type="1" discard="1" dealt="1" sum="15"/>
<action no="5" player="LolloCausto" type="2" discard="1" dealt="1" sum="30"/>
</round>
<round no="1"><cards type="Pocket" player="M1ky3ste92">D3 HK</cards>
<cards type="Pocket" player="LolloCausto">X X</cards>
<cards type="Pocket" player="LupoSilano22">X X</cards>
<action no="6" player="M1ky3ste92" type="0" sum="0"/>
<action no="7" player="LupoSilano22" type="23" discard="1" dealt="1" sum="60"/>
<action no="8" player="LolloCausto" type="3" discard="1" dealt="1" sum="30"/>
</round>
<round no="2"><cards type="Flop">D9 S10 S5</cards>
<action no="9" player="LupoSilano22" type="5" discard="1" dealt="1" sum="222"/>
<action no="10" player="LolloCausto" type="0" discard="1" dealt="1" sum="0"/>
</round>
</game>
<game gamecode="6579900022"><general>
<startdate>2026-01-02 14:22:40</startdate>
<round>1</round>
<failsafecounter/>
<players><player seat="6" name="M1ky3ste92" chips="553" dealer="0" win="75" bet="65" muck="1" rebuy="0" addon="0" merge="0" rebuychips="0" reg_code="5085684520"/>
<player seat="10" name="LupoSilano22" chips="357" dealer="1" win="0" bet="5" muck="1" rebuy="0" addon="0" merge="0" rebuychips="0" reg_code="5085684611"/>
<player seat="3" name="LolloCausto" chips="590" dealer="0" win="0" bet="35" muck="1" rebuy="0" addon="0" merge="0" rebuychips="0" reg_code="5085683943"/>
</players>
</general>
<round no="0"><action no="1" player="LolloCausto" type="15" discard="1" dealt="1" sum="5"/>
<action no="2" player="M1ky3ste92" type="15" sum="5"/>
<action no="3" player="LupoSilano22" type="15" discard="1" dealt="1" sum="5"/>
<action no="4" player="LolloCausto" type="1" discard="1" dealt="1" sum="15"/>
<action no="5" player="M1ky3ste92" type="2" sum="30"/>
</round>
<round no="1"><cards type="Pocket" player="LupoSilano22">X X</cards>
<cards type="Pocket" player="M1ky3ste92">S10 S3</cards>
<cards type="Pocket" player="LolloCausto">X X</cards>
<action no="6" player="LupoSilano22" type="0" discard="1" dealt="1" sum="0"/>
<action no="7" player="LolloCausto" type="3" discard="1" dealt="1" sum="15"/>
<action no="8" player="M1ky3ste92" type="4" sum="0"/>
</round>
<round no="2"><cards type="Flop">H10 H5 H8</cards>
<action no="9" player="LolloCausto" type="4" discard="1" dealt="1" sum="0"/>
<action no="10" player="M1ky3ste92" type="4" sum="0"/>
</round>
<round no="3"><cards type="Turn">C2</cards>
<action no="11" player="LolloCausto" type="4" discard="1" dealt="1" sum="0"/>
<action no="12" player="M1ky3ste92" type="5" sum="30"/>
<action no="13" player="LolloCausto" type="0" discard="1" dealt="1" sum="0"/>
</round>
</game>
<game gamecode="6579900251"><general>
<startdate>2026-01-02 14:23:11</startdate>
<round>1</round>
<failsafecounter/>
<players><player seat="10" name="LupoSilano22" chips="352" dealer="0" win="0" bet="65" muck="1" rebuy="0" addon="0" merge="0" rebuychips="0" reg_code="5085684611"/>
<player seat="3" name="LolloCausto" chips="555" dealer="1" win="0" bet="5" muck="1" rebuy="0" addon="0" merge="0" rebuychips="0" reg_code="5085683943"/>
<player seat="6" name="M1ky3ste92" chips="593" dealer="0" win="135" bet="593" muck="1" rebuy="0" addon="0" merge="0" rebuychips="0" reg_code="5085684520"/>
</players>
</general>
<round no="0"><action no="1" player="M1ky3ste92" type="15" sum="5"/>
<action no="2" player="LupoSilano22" type="15" discard="1" dealt="1" sum="5"/>
<action no="3" player="LolloCausto" type="15" discard="1" dealt="1" sum="5"/>
<action no="4" player="M1ky3ste92" type="1" sum="15"/>
<action no="5" player="LupoSilano22" type="2" discard="1" dealt="1" sum="30"/>
</round>
<round no="1"><cards type="Pocket" player="LupoSilano22">X X</cards>
<cards type="Pocket" player="M1ky3ste92">D5 D3</cards>
<cards type="Pocket" player="LolloCausto">X X</cards>
<action no="6" player="LolloCausto" type="0" discard="1" dealt="1" sum="0"/>
<action no="7" player="M1ky3ste92" type="3" sum="15"/>
<action no="8" player="LupoSilano22" type="4" discard="1" dealt="1" sum="0"/>
</round>
<round no="2"><cards type="Flop">C7 S4 H3</cards>
<action no="9" player="M1ky3ste92" type="4" sum="0"/>
<action no="10" player="LupoSilano22" type="5" discard="1" dealt="1" sum="30"/>
<action no="11" player="M1ky3ste92" type="23" sum="558"/>
<action no="12" player="LupoSilano22" type="0" discard="1" dealt="1" sum="0"/>
</round>
</game>
<game gamecode="6579900369"><general>
<startdate>2026-01-02 14:23:28</startdate>
<round>1</round>
<failsafecounter/>
<players><player seat="3" name="LolloCausto" chips="550" dealer="0" win="0" bet="35" muck="1" rebuy="0" addon="0" merge="0" rebuychips="0" reg_code="5085683943"/>
<player seat="6" name="M1ky3ste92" chips="663" dealer="1" win="0" bet="5" muck="1" rebuy="0" addon="0" merge="0" rebuychips="0" reg_code="5085684520"/>
<player seat="10" name="LupoSilano22" chips="287" dealer="0" win="75" bet="287" muck="1" rebuy="0" addon="0" merge="0" rebuychips="0" reg_code="5085684611"/>
</players>
</general>
<round no="0"><action no="1" player="LupoSilano22" type="15" discard="1" dealt="1" sum="5"/>
<action no="2" player="LolloCausto" type="15" discard="1" dealt="1" sum="5"/>
<action no="3" player="M1ky3ste92" type="15" sum="5"/>
<action no="4" player="LupoSilano22" type="1" discard="1" dealt="1" sum="15"/>
<action no="5" player="LolloCausto" type="2" discard="1" dealt="1" sum="30"/>
</round>
<round no="1"><cards type="Pocket" player="LupoSilano22">X X</cards>
<cards type="Pocket" player="LolloCausto">X X</cards>
<cards type="Pocket" player="M1ky3ste92">CK D7</cards>
<action no="6" player="M1ky3ste92" type="0" sum="0"/>
<action no="7" player="LupoSilano22" type="23" discard="1" dealt="1" sum="282"/>
<action no="8" player="LolloCausto" type="0" discard="1" dealt="1" sum="0"/>
</round>
</game>
<game gamecode="6579900466"><general>
<startdate>2026-01-02 14:23:41</startdate>
<round>1</round>
<failsafecounter/>
<players><player seat="6" name="M1ky3ste92" chips="658" dealer="0" win="45" bet="35" muck="1" rebuy="0" addon="0" merge="0" rebuychips="0" reg_code="5085684520"/>
<player seat="10" name="LupoSilano22" chips="327" dealer="1" win="0" bet="5" muck="1" rebuy="0" addon="0" merge="0" rebuychips="0" reg_code="5085684611"/>
<player seat="3" name="LolloCausto" chips="515" dealer="0" win="0" bet="20" muck="1" rebuy="0" addon="0" merge="0" rebuychips="0" reg_code="5085683943"/>
</players>
</general>
<round no="0"><action no="1" player="LolloCausto" type="15" discard="1" dealt="1" sum="5"/>
<action no="2" player="M1ky3ste92" type="15" sum="5"/>
<action no="3" player="LupoSilano22" type="15" discard="1" dealt="1" sum="5"/>
<action no="4" player="LolloCausto" type="1" discard="1" dealt="1" sum="15"/>
<action no="5" player="M1ky3ste92" type="2" sum="30"/>
</round>
<round no="1"><cards type="Pocket" player="M1ky3ste92">D6 SK</cards>
<cards type="Pocket" player="LolloCausto">X X</cards>
<cards type="Pocket" player="LupoSilano22">X X</cards>
<action no="6" player="LupoSilano22" type="0" discard="1" dealt="1" sum="0"/>
<action no="7" player="LolloCausto" type="0" discard="1" dealt="1" sum="0"/>
</round>
</game>
<game gamecode="6579900556"><general>
<startdate>2026-01-02 14:23:53</startdate>
<round>1</round>
<failsafecounter/>
<players><player seat="10" name="LupoSilano22" chips="322" dealer="0" win="0" bet="35" muck="1" rebuy="0" addon="0" merge="0" rebuychips="0" reg_code="5085684611"/>
<player seat="3" name="LolloCausto" chips="495" dealer="1" win="0" bet="5" muck="1" rebuy="0" addon="0" merge="0" rebuychips="0" reg_code="5085683943"/>
<player seat="6" name="M1ky3ste92" chips="683" dealer="0" win="75" bet="683" muck="1" rebuy="0" addon="0" merge="0" rebuychips="0" reg_code="5085684520"/>
</players>
</general>
<round no="0"><action no="1" player="M1ky3ste92" type="15" sum="5"/>
<action no="2" player="LupoSilano22" type="15" discard="1" dealt="1" sum="5"/>
<action no="3" player="LolloCausto" type="15" discard="1" dealt="1" sum="5"/>
<action no="4" player="M1ky3ste92" type="1" sum="15"/>
<action no="5" player="LupoSilano22" type="2" discard="1" dealt="1" sum="30"/>
</round>
<round no="1"><cards type="Pocket" player="LupoSilano22">X X</cards>
<cards type="Pocket" player="LolloCausto">X X</cards>
<cards type="Pocket" player="M1ky3ste92">SA C6</cards>
<action no="6" player="LolloCausto" type="0" discard="1" dealt="1" sum="0"/>
<action no="7" player="M1ky3ste92" type="23" sum="678"/>
<action no="8" player="LupoSilano22" type="0" discard="1" dealt="1" sum="0"/>
</round>
</game>
<game gamecode="6579900662"><general>
<startdate>2026-01-02 14:24:07</startdate>
<round>1</round>
<failsafecounter/>
<players><player seat="3" name="LolloCausto" chips="490" dealer="0" win="0" bet="35" muck="1" rebuy="0" addon="0" merge="0" rebuychips="0" reg_code="5085683943"/>
<player seat="6" name="M1ky3ste92" chips="723" dealer="1" win="304" bet="723" muck="0" rebuy="0" addon="0" merge="0" rebuychips="0" reg_code="5085684520"/>
<player seat="10" name="LupoSilano22" chips="287" dealer="0" win="305" bet="287" muck="0" rebuy="0" addon="0" merge="0" rebuychips="0" reg_code="5085684611"/>
</players>
</general>
<round no="0"><action no="1" player="LupoSilano22" type="15" discard="1" dealt="1" sum="5"/>
<action no="2" player="LolloCausto" type="15" discard="1" dealt="1" sum="5"/>
<action no="3" player="M1ky3ste92" type="15" sum="5"/>
<action no="4" player="LupoSilano22" type="1" discard="1" dealt="1" sum="15"/>
<action no="5" player="LolloCausto" type="2" discard="1" dealt="1" sum="30"/>
</round>
<round no="1"><cards type="Pocket" player="LolloCausto">X X</cards>
<cards type="Pocket" player="LupoSilano22">DA S10</cards>
<cards type="Pocket" player="M1ky3ste92">D10 CA</cards>
<action no="6" player="M1ky3ste92" type="23" sum="718"/>
<action no="7" player="LupoSilano22" type="7" discard="1" dealt="1" sum="267"/>
<action no="8" player="LolloCausto" type="0" discard="1" dealt="1" sum="0"/>
</round>
<round no="2"><cards type="Flop">CK S9 S2</cards>
</round>
<round no="3"><cards type="Turn">HK</cards>
</round>
<round no="4"><cards type="River">H2</cards>
</round>
</game>
<game gamecode="6579900828"><general>
<startdate>2026-01-02 14:24:30</startdate>
<round>1</round>
<failsafecounter/>
<players><player seat="6" name="M1ky3ste92" chips="740" dealer="0" win="0" bet="45" muck="1" rebuy="0" addon="0" merge="0" rebuychips="0" reg_code="5085684520"/>
<player seat="10" name="LupoSilano22" chips="305" dealer="1" win="115" bet="85" muck="1" rebuy="0" addon="0" merge="0" rebuychips="0" reg_code="5085684611"/>
<player seat="3" name="LolloCausto" chips="455" dealer="0" win="0" bet="25" muck="1" rebuy="0" addon="0" merge="0" rebuychips="0" reg_code="5085683943"/>
</players>
</general>
<round no="0"><action no="1" player="LolloCausto" type="15" discard="1" dealt="1" sum="5"/>
<action no="2" player="M1ky3ste92" type="15" sum="5"/>
<action no="3" player="LupoSilano22" type="15" discard="1" dealt="1" sum="5"/>
<action no="4" player="LolloCausto" type="1" discard="1" dealt="1" sum="20"/>
<action no="5" player="M1ky3ste92" type="2" sum="40"/>
</round>
<round no="1"><cards type="Pocket" player="LolloCausto">X X</cards>
<cards type="Pocket" player="LupoSilano22">X X</cards>
<cards type="Pocket" player="M1ky3ste92">D3 S9</cards>
<action no="6" player="LupoSilano22" type="3" discard="1" dealt="1" sum="40"/>
<action no="7" player="LolloCausto" type="0" discard="1" dealt="1" sum="0"/>
<action no="8" player="M1ky3ste92" type="4" sum="0"/>
</round>
<round no="2"><cards type="Flop">CJ C8 H9</cards>
<action no="9" player="M1ky3ste92" type="4" sum="0"/>
<action no="10" player="LupoSilano22" type="5" discard="1" dealt="1" sum="40"/>
<action no="11" player="M1ky3ste92" type="0" sum="0"/>
</round>
</game>
<game gamecode="6579900952"><general>
<startdate>2026-01-02 14:24:47</startdate>
<round>1</round>
<failsafecounter/>
<players><player seat="10" name="LupoSilano22" chips="375" dealer="0" win="0" bet="45" muck="1" rebuy="0" addon="0" merge="0" rebuychips="0" reg_code="5085684611"/>
<player seat="3" name="LolloCausto" chips="430" dealer="1" win="0" bet="5" muck="1" rebuy="0" addon="0" merge="0" rebuychips="0" reg_code="5085683943"/>
<player seat="6" name="M1ky3ste92" chips="695" dealer="0" win="95" bet="695" muck="1" rebuy="0" addon="0" merge="0" rebuychips="0" reg_code="5085684520"/>
</players>
</general>
<round no="0"><action no="1" player="M1ky3ste92" type="15" sum="5"/>
<action no="2" player="LupoSilano22" type="15" discard="1" dealt="1" sum="5"/>
<action no="3" player="LolloCausto" type="15" discard="1" dealt="1" sum="5"/>
<action no="4" player="M1ky3ste92" type="1" sum="20"/>
<action no="5" player="LupoSilano22" type="2" discard="1" dealt="1" sum="40"/>
</round>
<round no="1"><cards type="Pocket" player="LupoSilano22">X X</cards>
<cards type="Pocket" player="M1ky3ste92">D7 C9</cards>
<cards type="Pocket" player="LolloCausto">X X</cards>
<action no="6" player="LolloCausto" type="0" discard="1" dealt="1" sum="0"/>
<action no="7" player="M1ky3ste92" type="23" sum="690"/>
<action no="8" player="LupoSilano22" type="0" discard="1" dealt="1" sum="0"/>
</round>
</game>
<game gamecode="6579901030"><general>
<startdate>2026-01-02 14:24:59</startdate>
<round>1</round>
<failsafecounter/>
<players><player seat="3" name="LolloCausto" chips="425" dealer="0" win="95" bet="113" muck="1" rebuy="0" addon="0" merge="0" rebuychips="0" reg_code="5085683943"/>
<player seat="6" name="M1ky3ste92" chips="745" dealer="1" win="0" bet="5" muck="1" rebuy="0" addon="0" merge="0" rebuychips="0" reg_code="5085684520"/>
<player seat="10" name="LupoSilano22" chips="330" dealer="0" win="0" bet="45" muck="1" rebuy="0" addon="0" merge="0" rebuychips="0" reg_code="5085684611"/>
</players>
</general>
<round no="0"><action no="1" player="LupoSilano22" type="15" discard="1" dealt="1" sum="5"/>
<action no="2" player="LolloCausto" type="15" discard="1" dealt="1" sum="5"/>
<action no="3" player="M1ky3ste92" type="15" sum="5"/>
<action no="4" player="LupoSilano22" type="1" discard="1" dealt="1" sum="20"/>
<action no="5" player="LolloCausto" type="2" discard="1" dealt="1" sum="40"/>
</round>
<round no="1"><cards type="Pocket" player="M1ky3ste92">D7 C10</cards>
<cards type="Pocket" player="LupoSilano22">X X</cards>
<cards type="Pocket" player="LolloCausto">X X</cards>
<action no="6" player="M1ky3ste92" type="0" sum="0"/>
<action no="7" player="LupoSilano22" type="3" discard="1" dealt="1" sum="20"/>
<action no="8" player="LolloCausto" type="23" discard="1" dealt="1" sum="108"/>
<action no="9" player="LupoSilano22" type="0" discard="1" dealt="1" sum="0"/>
</round>
</game>
<game gamecode="6579901149"><general>
<startdate>2026-01-02 14:25:18</startdate>
<round>1</round>
<failsafecounter/>
<players><player seat="6" name="M1ky3ste92" chips="740" dealer="0" win="55" bet="45" muck="1" rebuy="0" addon="0" merge="0" rebuychips="0" reg_code="5085684520"/>
<player seat="10" name="LupoSilano22" chips="285" dealer="1" win="0" bet="5" muck="1" rebuy="0" addon="0" merge="0" rebuychips="0" reg_code="5085684611"/>
<player seat="3" name="LolloCausto" chips="475" dealer="0" win="0" bet="25" muck="1" rebuy="0" addon="0" merge="0" rebuychips="0" reg_code="5085683943"/>
</players>
</general>
<round no="0"><action no="1" player="LolloCausto" type="15" discard="1" dealt="1" sum="5"/>
<action no="2" player="M1ky3ste92" type="15" sum="5"/>
<action no="3" player="LupoSilano22" type="15" discard="1" dealt="1" sum="5"/>
<action no="4" player="LolloCausto" type="1" discard="1" dealt="1" sum="20"/>
<action no="5" player="M1ky3ste92" type="2" sum="40"/>
</round>
<round no="1"><cards type="Pocket" player="LolloCausto">X X</cards>
<cards type="Pocket" player="M1ky3ste92">C8 HQ</cards>
<cards type="Pocket" player="LupoSilano22">X X</cards>
<action no="6" player="LupoSilano22" type="0" discard="1" dealt="1" sum="0"/>
<action no="7" player="LolloCausto" type="0" discard="1" dealt="1" sum="0"/>
</round>
</game>
<game gamecode="6579901205"><general>
<startdate>2026-01-02 14:25:26</startdate>
<round>1</round>
<failsafecounter/>
<players><player seat="10" name="LupoSilano22" chips="280" dealer="0" win="0" bet="45" muck="1" rebuy="0" addon="0" merge="0" rebuychips="0" reg_code="5085684611"/>
<player seat="3" name="LolloCausto" chips="450" dealer="1" win="115" bet="450" muck="1" rebuy="0" addon="0" merge="0" rebuychips="0" reg_code="5085683943"/>
<player seat="6" name="M1ky3ste92" chips="770" dealer="0" win="0" bet="25" muck="1" rebuy="0" addon="0" merge="0" rebuychips="0" reg_code="5085684520"/>
</players>
</general>
<round no="0"><action no="1" player="M1ky3ste92" type="15" sum="5"/>
<action no="2" player="LupoSilano22" type="15" discard="1" dealt="1" sum="5"/>
<action no="3" player="LolloCausto" type="15" discard="1" dealt="1" sum="5"/>
<action no="4" player="M1ky3ste92" type="1" sum="20"/>
<action no="5" player="LupoSilano22" type="2" discard="1" dealt="1" sum="40"/>
</round>
<round no="1"><cards type="Pocket" player="LupoSilano22">X X</cards>
<cards type="Pocket" player="LolloCausto">X X</cards>
<cards type="Pocket" player="M1ky3ste92">H5 D10</cards>
<action no="6" player="LolloCausto" type="23" discard="1" dealt="1" sum="445"/>
<action no="7" player="M1ky3ste92" type="0" sum="0"/>
<action no="8" player="LupoSilano22" type="0" discard="1" dealt="1" sum="0"/>
</round>
</game>
<game gamecode="6579901281"><general>
<startdate>2026-01-02 14:25:35</startdate>
<round>1</round>
<failsafecounter/>
<players><player seat="3" name="LolloCausto" chips="520" dealer="0" win="0" bet="235" muck="1" rebuy="0" addon="0" merge="0" rebuychips="0" reg_code="5085683943"/>
<player seat="6" name="M1ky3ste92" chips="745" dealer="1" win="0" bet="5" muck="1" rebuy="0" addon="0" merge="0" rebuychips="0" reg_code="5085684520"/>
<player seat="10" name="LupoSilano22" chips="235" dealer="0" win="475" bet="235" muck="0" rebuy="0" addon="0" merge="0" rebuychips="0" reg_code="5085684611"/>
</players>
</general>
<round no="0"><action no="1" player="LupoSilano22" type="15" discard="1" dealt="1" sum="5"/>
<action no="2" player="LolloCausto" type="15" discard="1" dealt="1" sum="5"/>
<action no="3" player="M1ky3ste92" type="15" sum="5"/>
<action no="4" player="LupoSilano22" type="1" discard="1" dealt="1" sum="20"/>
<action no="5" player="LolloCausto" type="2" discard="1" dealt="1" sum="40"/>
</round>
<round no="1"><cards type="Pocket" player="LolloCausto">CQ S10</cards>
<cards type="Pocket" player="LupoSilano22">DK SA</cards>
<cards type="Pocket" player="M1ky3ste92">S9 C8</cards>
<action no="6" player="M1ky3ste92" type="0" sum="0"/>
<action no="7" player="LupoSilano22" type="23" discard="1" dealt="1" sum="230"/>
<action no="8" player="LolloCausto" type="3" discard="1" dealt="1" sum="190"/>
</round>
<round no="2"><cards type="Flop">D2 S7 H8</cards>
</round>
<round no="3"><cards type="Turn">D8</cards>
</round>
<round no="4"><cards type="River">H4</cards>
</round>
</game>
<game gamecode="6579901401"><general>
<startdate>2026-01-02 14:25:52</startdate>
<round>1</round>
<failsafecounter/>
<players><player seat="6" name="M1ky3ste92" chips="740" dealer="0" win="0" bet="45" muck="1" rebuy="0" addon="0" merge="0" rebuychips="0" reg_code="5085684520"/>
<player seat="10" name="LupoSilano22" chips="475" dealer="1" win="0" bet="285" muck="1" rebuy="0" addon="0" merge="0" rebuychips="0" reg_code="5085684611"/>
<player seat="3" name="LolloCausto" chips="285" dealer="0" win="615" bet="285" muck="0" rebuy="0" addon="0" merge="0" rebuychips="0" reg_code="5085683943"/>
</players>
</general>
<round no="0"><action no="1" player="LolloCausto" type="15" discard="1" dealt="1" sum="5"/>
<action no="2" player="M1ky3ste92" type="15" sum="5"/>
<action no="3" player="LupoSilano22" type="15" discard="1" dealt="1" sum="5"/>
<action no="4" player="LolloCausto" type="1" discard="1" dealt="1" sum="20"/>
<action no="5" player="M1ky3ste92" type="2" sum="40"/>
</round>
<round no="1"><cards type="Pocket" player="LolloCausto">D7 CA</cards>
<cards type="Pocket" player="LupoSilano22">HJ DK</cards>
<cards type="Pocket" player="M1ky3ste92">S2 H6</cards>
<action no="6" player="LupoSilano22" type="3" discard="1" dealt="1" sum="40"/>
<action no="7" player="LolloCausto" type="23" discard="1" dealt="1" sum="280"/>
<action no="8" player="M1ky3ste92" type="0" sum="0"/>
<action no="9" player="LupoSilano22" type="3" discard="1" dealt="1" sum="240"/>
</round>
<round no="2"><cards type="Flop">HQ H3 C3</cards>
</round>
<round no="3"><cards type="Turn">C5</cards>
</round>
<round no="4"><cards type="River">DQ</cards>
</round>
</game>
<game gamecode="6579901650"><general>
<startdate>2026-01-02 14:26:27</startdate>
<round>1</round>
<failsafecounter/>
<players><player seat="10" name="LupoSilano22" chips="190" dealer="0" win="0" bet="190" muck="0" rebuy="0" addon="0" merge="0" rebuychips="0" reg_code="5085684611"/>
<player seat="3" name="LolloCausto" chips="615" dealer="1" win="415" bet="615" muck="0" rebuy="0" addon="0" merge="0" rebuychips="0" reg_code="5085683943"/>
<player seat="6" name="M1ky3ste92" chips="695" dealer="0" win="0" bet="35" muck="1" rebuy="0" addon="0" merge="0" rebuychips="0" reg_code="5085684520"/>
</players>
</general>
<round no="0"><action no="1" player="M1ky3ste92" type="15" sum="5"/>
<action no="2" player="LupoSilano22" type="15" discard="1" dealt="1" sum="5"/>
<action no="3" player="LolloCausto" type="15" discard="1" dealt="1" sum="5"/>
<action no="4" player="M1ky3ste92" type="1" sum="30"/>
<action no="5" player="LupoSilano22" type="2" discard="1" dealt="1" sum="60"/>
</round>
<round no="1"><cards type="Pocket" player="LolloCausto">S5 S7</cards>
<cards type="Pocket" player="M1ky3ste92">C6 H5</cards>
<cards type="Pocket" player="LupoSilano22">HK DA</cards>
<action no="6" player="LolloCausto" type="23" discard="1" dealt="1" sum="610"/>
<action no="7" player="M1ky3ste92" type="0" sum="0"/>
<action no="8" player="LupoSilano22" type="7" discard="1" dealt="1" sum="125"/>
</round>
<round no="2"><cards type="Flop">C5 SJ D3</cards>
</round>
<round no="3"><cards type="Turn">D8</cards>
</round>
<round no="4"><cards type="River">C8</cards>
</round>
</game>
<game gamecode="6579901804"><general>
<startdate>2026-01-02 14:26:47</startdate>
<round>1</round>
<failsafecounter/>
<players><player seat="3" name="LolloCausto" chips="840" dealer="0" win="0" bet="65" muck="1" rebuy="0" addon="0" merge="0" rebuychips="0" reg_code="5085683943"/>
<player seat="6" name="M1ky3ste92" chips="660" dealer="1" win="130" bet="660" muck="1" rebuy="0" addon="0" merge="0" rebuychips="0" reg_code="5085684520"/>
</players>
</general>
<round no="0"><action no="1" player="M1ky3ste92" type="15" sum="5"/>
<action no="2" player="LolloCausto" type="15" discard="1" dealt="1" sum="5"/>
<action no="3" player="M1ky3ste92" type="1" sum="30"/>
<action no="4" player="LolloCausto" type="2" discard="1" dealt="1" sum="60"/>
</round>
<round no="1"><cards type="Pocket" player="M1ky3ste92">S5 SA</cards>
<cards type="Pocket" player="LolloCausto">X X</cards>
<action no="5" player="M1ky3ste92" type="23" sum="655"/>
<action no="6" player="LolloCausto" type="0" discard="1" dealt="1" sum="0"/>
</round>
</game>
<game gamecode="6579901851"><general>
<startdate>2026-01-02 14:26:54</startdate>
<round>1</round>
<failsafecounter/>
<players><player seat="6" name="M1ky3ste92" chips="725" dealer="0" win="130" bet="725" muck="1" rebuy="0" addon="0" merge="0" rebuychips="0" reg_code="5085684520"/>
<player seat="3" name="LolloCausto" chips="775" dealer="1" win="0" bet="65" muck="1" rebuy="0" addon="0" merge="0" rebuychips="0" reg_code="5085683943"/>
</players>
</general>
<round no="0"><action no="1" player="LolloCausto" type="15" discard="1" dealt="1" sum="5"/>
<action no="2" player="M1ky3ste92" type="15" sum="5"/>
<action no="3" player="LolloCausto" type="1" discard="1" dealt="1" sum="30"/>
<action no="4" player="M1ky3ste92" type="2" sum="60"/>
</round>
<round no="1"><cards type="Pocket" player="LolloCausto">X X</cards>
<cards type="Pocket" player="M1ky3ste92">HK S5</cards>
<action no="5" player="LolloCausto" type="3" discard="1" dealt="1" sum="30"/>
<action no="6" player="M1ky3ste92" type="23" sum="720"/>
<action no="7" player="LolloCausto" type="0" discard="1" dealt="1" sum="0"/>
</round>
</game>
<game gamecode="6579905591"><general>
<startdate>2026-01-02 14:27:07</startdate>
<round>1</round>
<failsafecounter/>
<players><player seat="3" name="LolloCausto" chips="710" dealer="0" win="0" bet="710" muck="0" rebuy="0" addon="0" merge="0" rebuychips="0" reg_code="5085683943"/>
<player seat="6" name="M1ky3ste92" chips="790" dealer="1" win="1,420" bet="790" muck="0" rebuy="0" addon="0" merge="0" rebuychips="0" reg_code="5085684520"/>
</players>
</general>
<round no="0"><action no="1" player="M1ky3ste92" type="15" sum="5"/>
<action no="2" player="LolloCausto" type="15" discard="1" dealt="1" sum="5"/>
<action no="3" player="M1ky3ste92" type="1" sum="30"/>
<action no="4" player="LolloCausto" type="2" discard="1" dealt="1" sum="60"/>
</round>
<round no="1"><cards type="Pocket" player="LolloCausto">SJ CJ</cards>
<cards type="Pocket" player="M1ky3ste92">HJ CQ</cards>
<action no="5" player="M1ky3ste92" type="23" sum="785"/>
<action no="6" player="LolloCausto" type="7" discard="1" dealt="1" sum="645"/>
</round>
<round no="2"><cards type="Flop">HA HK DA</cards>
</round>
<round no="3"><cards type="Turn">C2</cards>
</round>
<round no="4"><cards type="River">S10</cards>
</round>
</game>
</session>
