<?xml version="1.0" encoding="UTF-8"?>
<session sessioncode="5085677295">
<general>
<client_version>25.7.1.50</client_version>
<mode>real</mode>
<gametype>Holdem NL</gametype>
<tablename>Twister €100 SNG, 825405604</tablename>
<tournamentcode>825405603</tournamentcode>
<tournamentname>Twister €100 SNG</tournamentname>
<buyin>€0 + €7 + €93</buyin>
<totalbuyin>€100</totalbuyin>
<rewarddrawn>€300</rewarddrawn>
<tournamentcurrency>EUR</tournamentcurrency>
<currency>EUR</currency>
<nickname>M1ky3ste92</nickname>
<gamecount>38</gamecount>
<startdate>2026-01-02 13:51:01</startdate>
<place>1</place>
<win>€300</win>
<tablesize>3</tablesize>
</general>
<game gamecode="6579867385"><general>
<startdate>2026-01-02 13:51:16</startdate>
<round>1</round>
<failsafecounter/>
<players><player seat="6" name="LolloCausto" chips="500" dealer="0" win="0" bet="20" muck="1" rebuy="0" addon="0" merge="0" rebuychips="0" reg_code="5085677299"/>
<player seat="10" name="deli92" chips="500" dealer="1" win="50" bet="60" muck="1" rebuy="0" addon="0" merge="0" rebuychips="0" reg_code="5085677971"/>
<player seat="3" name="M1ky3ste92" chips="500" dealer="0" win="0" bet="10" muck="1" rebuy="0" addon="0" merge="0" rebuychips="0" reg_code="5085677295"/>
</players>
</general>
<round no="0"><action no="1" player="M1ky3ste92" type="1" sum="10"/>
<action no="2" player="LolloCausto" type="2" discard="1" dealt="1" sum="20"/>
</round>
<round no="1"><cards type="Pocket" player="LolloCausto">X X</cards>
<cards type="Pocket" player="M1ky3ste92">H7 C4</cards>
<cards type="Pocket" player="deli92">X X</cards>
<action no="3" player="deli92" type="23" discard="1" dealt="1" sum="60"/>
<action no="4" player="M1ky3ste92" type="0" sum="0"/>
<action no="5" player="LolloCausto" type="0" discard="1" dealt="1" sum="0"/>
</round>
</game>
<game gamecode="6579867457"><general>
<startdate>2026-01-02 13:51:28</startdate>
<round>1</round>
<failsafecounter/>
<players><player seat="10" name="deli92" chips="530" dealer="0" win="0" bet="20" muck="1" rebuy="0" addon="0" merge="0" rebuychips="0" reg_code="5085677971"/>
<player seat="3" name="M1ky3ste92" chips="490" dealer="1" win="50" bet="40" muck="1" rebuy="0" addon="0" merge="0" rebuychips="0" reg_code="5085677295"/>
<player seat="6" name="LolloCausto" chips="480" dealer="0" win="0" bet="10" muck="1" rebuy="0" addon="0" merge="0" rebuychips="0" reg_code="5085677299"/>
</players>
</general>
<round no="0"><action no="1" player="LolloCausto" type="1" discard="1" dealt="1" sum="10"/>
<action no="2" player="deli92" type="2" discard="1" dealt="1" sum="20"/>
</round>
<round no="1"><cards type="Pocket" player="LolloCausto">X X</cards>
<cards type="Pocket" player="M1ky3ste92">D5 H5</cards>
<cards type="Pocket" player="deli92">X X</cards>
<action no="3" player="M1ky3ste92" type="23" sum="40"/>
<action no="4" player="LolloCausto" type="0" discard="1" dealt="1" sum="0"/>
<action no="5" player="deli92" type="0" discard="1" dealt="1" sum="0"/>
</round>
</game>
<game gamecode="6579867514"><general>
<startdate>2026-01-02 13:51:37</startdate>
<round>1</round>
<failsafecounter/>
<players><player seat="3" name="M1ky3ste92" chips="520" dealer="0" win="0" bet="40" muck="1" rebuy="0" addon="0" merge="0" rebuychips="0" reg_code="5085677295"/>
<player seat="6" name="LolloCausto" chips="470" dealer="1" win="90" bet="64" muck="1" rebuy="0" addon="0" merge="0" rebuychips="0" reg_code="5085677299"/>
<player seat="10" name="deli92" chips="510" dealer="0" win="0" bet="10" muck="1" rebuy="0" addon="0" merge="0" rebuychips="0" reg_code="5085677971"/>
</players>
</general>
<round no="0"><action no="1" player="deli92" type="1" discard="1" dealt="1" sum="10"/>
<action no="2" player="M1ky3ste92" type="2" sum="20"/>
</round>
<round no="1"><cards type="Pocket" player="M1ky3ste92">C4 D5</cards>
<cards type="Pocket" player="LolloCausto">X X</cards>
<cards type="Pocket" player="deli92">X X</cards>
<action no="3" player="LolloCausto" type="23" discard="1" dealt="1" sum="40"/>
<action no="4" player="deli92" type="0" discard="1" dealt="1" sum="0"/>
<action no="5" player="M1ky3ste92" type="3" sum="20"/>
</round>
<round no="2"><cards type="Flop">S3 H3 S8</cards>
<action no="6" player="M1ky3ste92" type="4" sum="0"/>
<action no="7" player="LolloCausto" type="5" discard="1" dealt="1" sum="24"/>
<action no="8" player="M1ky3ste92" type="0" sum="0"/>
</round>
</game>
<game gamecode="6579867632"><general>
<startdate>2026-01-02 13:51:59</startdate>
<round>1</round>
<failsafecounter/>
<players><player seat="6" name="LolloCausto" chips="520" dealer="0" win="0" bet="60" muck="1" rebuy="0" addon="0" merge="0" rebuychips="0" reg_code="5085677299"/>
<player seat="10" name="deli92" chips="500" dealer="1" win="0" bet="0" muck="1" rebuy="0" addon="0" merge="0" rebuychips="0" reg_code="5085677971"/>
<player seat="3" name="M1ky3ste92" chips="480" dealer="0" win="120" bet="480" muck="1" rebuy="0" addon="0" merge="0" rebuychips="0" reg_code="5085677295"/>
</players>
</general>
<round no="0"><action no="1" player="M1ky3ste92" type="1" sum="10"/>
<action no="2" player="LolloCausto" type="2" discard="1" dealt="1" sum="20"/>
</round>
<round no="1"><cards type="Pocket" player="M1ky3ste92">H8 SA</cards>
<cards type="Pocket" player="LolloCausto">X X</cards>
<cards type="Pocket" player="deli92">X X</cards>
<action no="3" player="deli92" type="0" discard="1" dealt="1" sum="0"/>
<action no="4" player="M1ky3ste92" type="3" sum="10"/>
<action no="5" player="LolloCausto" type="23" discard="1" dealt="1" sum="60"/>
<action no="6" player="M1ky3ste92" type="23" sum="480"/>
<action no="7" player="LolloCausto" type="0" discard="1" dealt="1" sum="0"/>
</round>
</game>
<game gamecode="6579867795"><general>
<startdate>2026-01-02 13:52:27</startdate>
<round>1</round>
<failsafecounter/>
<players><player seat="10" name="deli92" chips="500" dealer="0" win="0" bet="500" muck="0" rebuy="0" addon="0" merge="0" rebuychips="0" reg_code="5085677971"/>
<player seat="3" name="M1ky3ste92" chips="540" dealer="1" win="1,010" bet="500" muck="0" rebuy="0" addon="0" merge="0" rebuychips="0" reg_code="5085677295"/>
<player seat="6" name="LolloCausto" chips="460" dealer="0" win="0" bet="10" muck="1" rebuy="0" addon="0" merge="0" rebuychips="0" reg_code="5085677299"/>
</players>
</general>
<round no="0"><action no="1" player="LolloCausto" type="1" discard="1" dealt="1" sum="10"/>
<action no="2" player="deli92" type="2" discard="1" dealt="1" sum="20"/>
</round>
<round no="1"><cards type="Pocket" player="LolloCausto">X X</cards>
<cards type="Pocket" player="deli92">SA DQ</cards>
<cards type="Pocket" player="M1ky3ste92">H2 D2</cards>
<action no="3" player="M1ky3ste92" type="23" sum="40"/>
<action no="4" player="LolloCausto" type="0" discard="1" dealt="1" sum="0"/>
<action no="5" player="deli92" type="23" discard="1" dealt="1" sum="500"/>
<action no="6" player="M1ky3ste92" type="3" sum="460"/>
</round>
<round no="2"><cards type="Flop">D8 C4 H9</cards>
</round>
<round no="3"><cards type="Turn">H4</cards>
</round>
<round no="4"><cards type="River">DK</cards>
</round>
</game>
<game gamecode="6579867963"><general>
<startdate>2026-01-02 13:52:58</startdate>
<round>1</round>
<failsafecounter/>
<players><player seat="3" name="M1ky3ste92" chips="1,050" dealer="0" win="0" bet="65" muck="1" rebuy="0" addon="0" merge="0" rebuychips="0" reg_code="5085677295"/>
<player seat="6" name="LolloCausto" chips="450" dealer="1" win="130" bet="450" muck="1" rebuy="0" addon="0" merge="0" rebuychips="0" reg_code="5085677299"/>
</players>
</general>
<round no="0"><action no="1" player="LolloCausto" type="15" discard="1" dealt="1" sum="5"/>
<action no="2" player="M1ky3ste92" type="15" sum="5"/>
<action no="3" player="LolloCausto" type="1" discard="1" dealt="1" sum="15"/>
<action no="4" player="M1ky3ste92" type="2" sum="30"/>
</round>
<round no="1"><cards type="Pocket" player="M1ky3ste92">D10 H5</cards>
<cards type="Pocket" player="LolloCausto">X X</cards>
<action no="5" player="LolloCausto" type="3" discard="1" dealt="1" sum="15"/>
<action no="6" player="M1ky3ste92" type="4" sum="0"/>
</round>
<round no="2"><cards type="Flop">D3 H2 C5</cards>
<action no="7" player="M1ky3ste92" type="4" sum="0"/>
<action no="8" player="LolloCausto" type="4" discard="1" dealt="1" sum="0"/>
</round>
<round no="3"><cards type="Turn">D4</cards>
<action no="9" player="M1ky3ste92" type="4" sum="0"/>
<action no="10" player="LolloCausto" type="5" discard="1" dealt="1" sum="30"/>
<action no="11" player="M1ky3ste92" type="3" sum="30"/>
</round>
<round no="4"><cards type="River">DA</cards>
<action no="12" player="M1ky3ste92" type="4" sum="0"/>
<action no="13" player="LolloCausto" type="5" discard="1" dealt="1" sum="385"/>
<action no="14" player="M1ky3ste92" type="0" sum="0"/>
</round>
</game>
<game gamecode="6579868120"><general>
<startdate>2026-01-02 13:53:24</startdate>
<round>1</round>
<failsafecounter/>
<players><player seat="6" name="LolloCausto" chips="515" dealer="0" win="0" bet="125" muck="1" rebuy="0" addon="0" merge="0" rebuychips="0" reg_code="5085677299"/>
<player seat="3" name="M1ky3ste92" chips="985" dealer="1" win="250" bet="185" muck="1" rebuy="0" addon="0" merge="0" rebuychips="0" reg_code="5085677295"/>
</players>
</general>
<round no="0"><action no="1" player="M1ky3ste92" type="15" sum="5"/>
<action no="2" player="LolloCausto" type="15" discard="1" dealt="1" sum="5"/>
<action no="3" player="M1ky3ste92" type="1" sum="15"/>
<action no="4" player="LolloCausto" type="2" discard="1" dealt="1" sum="30"/>
</round>
<round no="1"><cards type="Pocket" player="M1ky3ste92">C7 H7</cards>
<cards type="Pocket" player="LolloCausto">X X</cards>
<action no="5" player="M1ky3ste92" type="23" sum="60"/>
<action no="6" player="LolloCausto" type="3" discard="1" dealt="1" sum="30"/>
</round>
<round no="2"><cards type="Flop">H3 D7 D3</cards>
<action no="7" player="LolloCausto" type="4" discard="1" dealt="1" sum="0"/>
<action no="8" player="M1ky3ste92" type="5" sum="30"/>
<action no="9" player="LolloCausto" type="23" discard="1" dealt="1" sum="60"/>
<action no="10" player="M1ky3ste92" type="3" sum="30"/>
</round>
<round no="3"><cards type="Turn">SK</cards>
<action no="11" player="LolloCausto" type="4" discard="1" dealt="1" sum="0"/>
<action no="12" player="M1ky3ste92" type="5" sum="60"/>
<action no="13" player="LolloCausto" type="0" discard="1" dealt="1" sum="0"/>
</round>
</game>
<game gamecode="6579871966"><general>
<startdate>2026-01-02 13:53:55</startdate>
<round>1</round>
<failsafecounter/>
<players><player seat="3" name="M1ky3ste92" chips="1,110" dealer="0" win="70" bet="1,110" muck="1" rebuy="0" addon="0" merge="0" rebuychips="0" reg_code="5085677295"/>
<player seat="6" name="LolloCausto" chips="390" dealer="1" win="0" bet="35" muck="1" rebuy="0" addon="0" merge="0" rebuychips="0" reg_code="5085677299"/>
</players>
</general>
<round no="0"><action no="1" player="LolloCausto" type="15" discard="1" dealt="1" sum="5"/>
<action no="2" player="M1ky3ste92" type="15" sum="5"/>
<action no="3" player="LolloCausto" type="1" discard="1" dealt="1" sum="15"/>
<action no="4" player="M1ky3ste92" type="2" sum="30"/>
</round>
<round no="1"><cards type="Pocket" player="M1ky3ste92">S2 SA</cards>
<cards type="Pocket" player="LolloCausto">X X</cards>
<action no="5" player="LolloCausto" type="3" discard="1" dealt="1" sum="15"/>
<action no="6" player="M1ky3ste92" type="23" sum="1,105"/>
<action no="7" player="LolloCausto" type="0" discard="1" dealt="1" sum="0"/>
</round>
</game>
<game gamecode="6579872037"><general>
<startdate>2026-01-02 13:54:07</startdate>
<round>1</round>
<failsafecounter/>
<players><player seat="6" name="LolloCausto" chips="355" dealer="0" win="0" bet="35" muck="1" rebuy="0" addon="0" merge="0" rebuychips="0" reg_code="5085677299"/>
<player seat="3" name="M1ky3ste92" chips="1,145" dealer="1" win="70" bet="1,145" muck="1" rebuy="0" addon="0" merge="0" rebuychips="0" reg_code="5085677295"/>
</players>
</general>
<round no="0"><action no="1" player="M1ky3ste92" type="15" sum="5"/>
<action no="2" player="LolloCausto" type="15" discard="1" dealt="1" sum="5"/>
<action no="3" player="M1ky3ste92" type="1" sum="15"/>
<action no="4" player="LolloCausto" type="2" discard="1" dealt="1" sum="30"/>
</round>
<round no="1"><cards type="Pocket" player="M1ky3ste92">C4 SA</cards>
<cards type="Pocket" player="LolloCausto">X X</cards>
<action no="5" player="M1ky3ste92" type="23" sum="1,140"/>
<action no="6" player="LolloCausto" type="0" discard="1" dealt="1" sum="0"/>
</round>
</game>
<game gamecode="6579872079"><general>
<startdate>2026-01-02 13:54:15</startdate>
<round>1</round>
<failsafecounter/>
<players><player seat="3" name="M1ky3ste92" chips="1,180" dealer="0" win="0" bet="35" muck="1" rebuy="0" addon="0" merge="0" rebuychips="0" reg_code="5085677295"/>
<player seat="6" name="LolloCausto" chips="320" dealer="1" win="70" bet="320" muck="1" rebuy="0" addon="0" merge="0" rebuychips="0" reg_code="5085677299"/>
</players>
</general>
<round no="0"><action no="1" player="LolloCausto" type="15" discard="1" dealt="1" sum="5"/>
<action no="2" player="M1ky3ste92" type="15" sum="5"/>
<action no="3" player="LolloCausto" type="1" discard="1" dealt="1" sum="15"/>
<action no="4" player="M1ky3ste92" type="2" sum="30"/>
</round>
<round no="1"><cards type="Pocket" player="M1ky3ste92">C6 S10</cards>
<cards type="Pocket" player="LolloCausto">X X</cards>
<action no="5" player="LolloCausto" type="23" discard="1" dealt="1" sum="315"/>
<action no="6" player="M1ky3ste92" type="0" sum="0"/>
</round>
</game>
<game gamecode="6579872135"><general>
<startdate>2026-01-02 13:54:24</startdate>
<round>1</round>
<failsafecounter/>
<players><player seat="6" name="LolloCausto" chips="355" dealer="0" win="40" bet="35" muck="1" rebuy="0" addon="0" merge="0" rebuychips="0" reg_code="5085677299"/>
<player seat="3" name="M1ky3ste92" chips="1,145" dealer="1" win="0" bet="20" muck="1" rebuy="0" addon="0" merge="0" rebuychips="0" reg_code="5085677295"/>
</players>
</general>
<round no="0"><action no="1" player="M1ky3ste92" type="15" sum="5"/>
<action no="2" player="LolloCausto" type="15" discard="1" dealt="1" sum="5"/>
<action no="3" player="M1ky3ste92" type="1" sum="15"/>
<action no="4" player="LolloCausto" type="2" discard="1" dealt="1" sum="30"/>
</round>
<round no="1"><cards type="Pocket" player="M1ky3ste92">C7 H2</cards>
<cards type="Pocket" player="LolloCausto">X X</cards>
<action no="5" player="M1ky3ste92" type="0" sum="0"/>
</round>
</game>
<game gamecode="6579872164"><general>
<startdate>2026-01-02 13:54:30</startdate>
<round>1</round>
<failsafecounter/>
<players><player seat="3" name="M1ky3ste92" chips="1,125" dealer="0" win="0" bet="65" muck="1" rebuy="0" addon="0" merge="0" rebuychips="0" reg_code="5085677295"/>
<player seat="6" name="LolloCausto" chips="375" dealer="1" win="130" bet="65" muck="0" rebuy="0" addon="0" merge="0" rebuychips="0" reg_code="5085677299"/>
</players>
</general>
<round no="0"><action no="1" player="LolloCausto" type="15" discard="1" dealt="1" sum="5"/>
<action no="2" player="M1ky3ste92" type="15" sum="5"/>
<action no="3" player="LolloCausto" type="1" discard="1" dealt="1" sum="15"/>
<action no="4" player="M1ky3ste92" type="2" sum="30"/>
</round>
<round no="1"><cards type="Pocket" player="LolloCausto">S10 H2</cards>
<cards type="Pocket" player="M1ky3ste92">SK S9</cards>
<action no="5" player="LolloCausto" type="3" discard="1" dealt="1" sum="15"/>
<action no="6" player="M1ky3ste92" type="4" sum="0"/>
</round>
<round no="2"><cards type="Flop">D7 C2 H3</cards>
<action no="7" player="M1ky3ste92" type="4" sum="0"/>
<action no="8" player="LolloCausto" type="4" discard="1" dealt="1" sum="0"/>
</round>
<round no="3"><cards type="Turn">C3</cards>
<action no="9" player="M1ky3ste92" type="4" sum="0"/>
<action no="10" player="LolloCausto" type="4" discard="1" dealt="1" sum="0"/>
</round>
<round no="4"><cards type="River">D3</cards>
<action no="11" player="M1ky3ste92" type="4" sum="0"/>
<action no="12" player="LolloCausto" type="5" discard="1" dealt="1" sum="30"/>
<action no="13" player="M1ky3ste92" type="3" sum="30"/>
</round>
</game>
<game gamecode="6579872352"><general>
<startdate>2026-01-02 13:55:03</startdate>
<round>1</round>
<failsafecounter/>
<players><player seat="6" name="LolloCausto" chips="440" dealer="0" win="50" bet="45" muck="1" rebuy="0" addon="0" merge="0" rebuychips="0" reg_code="5085677299"/>
<player seat="3" name="M1ky3ste92" chips="1,060" dealer="1" win="0" bet="25" muck="1" rebuy="0" addon="0" merge="0" rebuychips="0" reg_code="5085677295"/>
</players>
</general>
<round no="0"><action no="1" player="M1ky3ste92" type="15" sum="5"/>
<action no="2" player="LolloCausto" type="15" discard="1" dealt="1" sum="5"/>
<action no="3" player="M1ky3ste92" type="1" sum="20"/>
<action no="4" player="LolloCausto" type="2" discard="1" dealt="1" sum="40"/>
</round>
<round no="1"><cards type="Pocket" player="LolloCausto">X X</cards>
<cards type="Pocket" player="M1ky3ste92">H3 C5</cards>
<action no="5" player="M1ky3ste92" type="0" sum="0"/>
</round>
</game>
<game gamecode="6579872386"><general>
<startdate>2026-01-02 13:55:07</startdate>
<round>1</round>
<failsafecounter/>
<players><player seat="3" name="M1ky3ste92" chips="1,035" dealer="0" win="0" bet="45" muck="1" rebuy="0" addon="0" merge="0" rebuychips="0" reg_code="5085677295"/>
<player seat="6" name="LolloCausto" chips="465" dealer="1" win="90" bet="465" muck="1" rebuy="0" addon="0" merge="0" rebuychips="0" reg_code="5085677299"/>
</players>
</general>
<round no="0"><action no="1" player="LolloCausto" type="15" discard="1" dealt="1" sum="5"/>
<action no="2" player="M1ky3ste92" type="15" sum="5"/>
<action no="3" player="LolloCausto" type="1" discard="1" dealt="1" sum="20"/>
<action no="4" player="M1ky3ste92" type="2" sum="40"/>
</round>
<round no="1"><cards type="Pocket" player="M1ky3ste92">H10 SQ</cards>
<cards type="Pocket" player="LolloCausto">X X</cards>
<action no="5" player="LolloCausto" type="23" discard="1" dealt="1" sum="460"/>
<action no="6" player="M1ky3ste92" type="0" sum="0"/>
</round>
</game>
<game gamecode="6579872478"><general>
<startdate>2026-01-02 13:55:22</startdate>
<round>1</round>
<failsafecounter/>
<players><player seat="6" name="LolloCausto" chips="510" dealer="0" win="170" bet="85" muck="0" rebuy="0" addon="0" merge="0" rebuychips="0" reg_code="5085677299"/>
<player seat="3" name="M1ky3ste92" chips="990" dealer="1" win="0" bet="85" muck="1" rebuy="0" addon="0" merge="0" rebuychips="0" reg_code="5085677295"/>
</players>
</general>
<round no="0"><action no="1" player="M1ky3ste92" type="15" sum="5"/>
<action no="2" player="LolloCausto" type="15" discard="1" dealt="1" sum="5"/>
<action no="3" player="M1ky3ste92" type="1" sum="20"/>
<action no="4" player="LolloCausto" type="2" discard="1" dealt="1" sum="40"/>
</round>
<round no="1"><cards type="Pocket" player="LolloCausto">SJ C8</cards>
<cards type="Pocket" player="M1ky3ste92">D9 SA</cards>
<action no="5" player="M1ky3ste92" type="3" sum="20"/>
<action no="6" player="LolloCausto" type="4" discard="1" dealt="1" sum="0"/>
</round>
<round no="2"><cards type="Flop">H3 DK DQ</cards>
<action no="7" player="LolloCausto" type="4" discard="1" dealt="1" sum="0"/>
<action no="8" player="M1ky3ste92" type="4" sum="0"/>
</round>
<round no="3"><cards type="Turn">SK</cards>
<action no="9" player="LolloCausto" type="4" discard="1" dealt="1" sum="0"/>
<action no="10" player="M1ky3ste92" type="4" sum="0"/>
</round>
<round no="4"><cards type="River">S8</cards>
<action no="11" player="LolloCausto" type="5" discard="1" dealt="1" sum="40"/>
<action no="12" player="M1ky3ste92" type="3" sum="40"/>
</round>
</game>
<game gamecode="6579872690"><general>
<startdate>2026-01-02 13:56:02</startdate>
<round>1</round>
<failsafecounter/>
<players><player seat="3" name="M1ky3ste92" chips="905" dealer="0" win="90" bet="905" muck="1" rebuy="0" addon="0" merge="0" rebuychips="0" reg_code="5085677295"/>
<player seat="6" name="LolloCausto" chips="595" dealer="1" win="0" bet="45" muck="1" rebuy="0" addon="0" merge="0" rebuychips="0" reg_code="5085677299"/>
</players>
</general>
<round no="0"><action no="1" player="LolloCausto" type="15" discard="1" dealt="1" sum="5"/>
<action no="2" player="M1ky3ste92" type="15" sum="5"/>
<action no="3" player="LolloCausto" type="1" discard="1" dealt="1" sum="20"/>
<action no="4" player="M1ky3ste92" type="2" sum="40"/>
</round>
<round no="1"><cards type="Pocket" player="M1ky3ste92">C9 SK</cards>
<cards type="Pocket" player="LolloCausto">X X</cards>
<action no="5" player="LolloCausto" type="3" discard="1" dealt="1" sum="20"/>
<action no="6" player="M1ky3ste92" type="23" sum="900"/>
<action no="7" player="LolloCausto" type="0" discard="1" dealt="1" sum="0"/>
</round>
</game>
<game gamecode="6579872763"><general>
<startdate>2026-01-02 13:56:14</startdate>
<round>1</round>
<failsafecounter/>
<players><player seat="6" name="LolloCausto" chips="550" dealer="0" win="50" bet="45" muck="1" rebuy="0" addon="0" merge="0" rebuychips="0" reg_code="5085677299"/>
<player seat="3" name="M1ky3ste92" chips="950" dealer="1" win="0" bet="25" muck="1" rebuy="0" addon="0" merge="0" rebuychips="0" reg_code="5085677295"/>
</players>
</general>
<round no="0"><action no="1" player="M1ky3ste92" type="15" sum="5"/>
<action no="2" player="LolloCausto" type="15" discard="1" dealt="1" sum="5"/>
<action no="3" player="M1ky3ste92" type="1" sum="20"/>
<action no="4" player="LolloCausto" type="2" discard="1" dealt="1" sum="40"/>
</round>
<round no="1"><cards type="Pocket" player="LolloCausto">X X</cards>
<cards type="Pocket" player="M1ky3ste92">C8 H3</cards>
<action no="5" player="M1ky3ste92" type="0" sum="0"/>
</round>
</game>
<game gamecode="6579872802"><general>
<startdate>2026-01-02 13:56:19</startdate>
<round>1</round>
<failsafecounter/>
<players><player seat="3" name="M1ky3ste92" chips="925" dealer="0" win="250" bet="250" muck="1" rebuy="0" addon="0" merge="0" rebuychips="0" reg_code="5085677295"/>
<player seat="6" name="LolloCausto" chips="575" dealer="1" win="0" bet="125" muck="1" rebuy="0" addon="0" merge="0" rebuychips="0" reg_code="5085677299"/>
</players>
</general>
<round no="0"><action no="1" player="LolloCausto" type="15" discard="1" dealt="1" sum="5"/>
<action no="2" player="M1ky3ste92" type="15" sum="5"/>
<action no="3" player="LolloCausto" type="1" discard="1" dealt="1" sum="30"/>
<action no="4" player="M1ky3ste92" type="2" sum="60"/>
</round>
<round no="1"><cards type="Pocket" player="M1ky3ste92">S4 D8</cards>
<cards type="Pocket" player="LolloCausto">X X</cards>
<action no="5" player="LolloCausto" type="3" discard="1" dealt="1" sum="30"/>
<action no="6" player="M1ky3ste92" type="4" sum="0"/>
</round>
<round no="2"><cards type="Flop">DA D10 C8</cards>
<action no="7" player="M1ky3ste92" type="4" sum="0"/>
<action no="8" player="LolloCausto" type="5" discard="1" dealt="1" sum="60"/>
<action no="9" player="M1ky3ste92" type="3" sum="60"/>
</round>
<round no="3"><cards type="Turn">H8</cards>
<action no="10" player="M1ky3ste92" type="4" sum="0"/>
<action no="11" player="LolloCausto" type="4" discard="1" dealt="1" sum="0"/>
</round>
<round no="4"><cards type="River">S5</cards>
<action no="12" player="M1ky3ste92" type="5" sum="125"/>
<action no="13" player="LolloCausto" type="0" discard="1" dealt="1" sum="0"/>
</round>
</game>
<game gamecode="6579872977"><general>
<startdate>2026-01-02 13:56:48</startdate>
<round>1</round>
<failsafecounter/>
<players><player seat="6" name="LolloCausto" chips="450" dealer="0" win="0" bet="65" muck="1" rebuy="0" addon="0" merge="0" rebuychips="0" reg_code="5085677299"/>
<player seat="3" name="M1ky3ste92" chips="1,050" dealer="1" win="130" bet="1,050" muck="1" rebuy="0" addon="0" merge="0" rebuychips="0" reg_code="5085677295"/>
</players>
</general>
<round no="0"><action no="1" player="M1ky3ste92" type="15" sum="5"/>
<action no="2" player="LolloCausto" type="15" discard="1" dealt="1" sum="5"/>
<action no="3" player="M1ky3ste92" type="1" sum="30"/>
<action no="4" player="LolloCausto" type="2" discard="1" dealt="1" sum="60"/>
</round>
<round no="1"><cards type="Pocket" player="LolloCausto">X X</cards>
<cards type="Pocket" player="M1ky3ste92">C6 S6</cards>
<action no="5" player="M1ky3ste92" type="23" sum="1,045"/>
<action no="6" player="LolloCausto" type="0" discard="1" dealt="1" sum="0"/>
</round>
</game>
<game gamecode="6579873026"><general>
<startdate>2026-01-02 13:56:56</startdate>
<round>1</round>
<failsafecounter/>
<players><player seat="3" name="M1ky3ste92" chips="1,115" dealer="0" win="0" bet="385" muck="1" rebuy="0" addon="0" merge="0" rebuychips="0" reg_code="5085677295"/>
<player seat="6" name="LolloCausto" chips="385" dealer="1" win="770" bet="385" muck="0" rebuy="0" addon="0" merge="0" rebuychips="0" reg_code="5085677299"/>
</players>
</general>
<round no="0"><action no="1" player="LolloCausto" type="15" discard="1" dealt="1" sum="5"/>
<action no="2" player="M1ky3ste92" type="15" sum="5"/>
<action no="3" player="LolloCausto" type="1" discard="1" dealt="1" sum="30"/>
<action no="4" player="M1ky3ste92" type="2" sum="60"/>
</round>
<round no="1"><cards type="Pocket" player="M1ky3ste92">DJ D8</cards>
<cards type="Pocket" player="LolloCausto">H9 DK</cards>
<action no="5" player="LolloCausto" type="23" discard="1" dealt="1" sum="380"/>
<action no="6" player="M1ky3ste92" type="3" sum="320"/>
</round>
<round no="2"><cards type="Flop">D6 S5 H7</cards>
</round>
<round no="3"><cards type="Turn">HQ</cards>
</round>
<round no="4"><cards type="River">CK</cards>
</round>
</game>
<game gamecode="6579873135"><general>
<startdate>2026-01-02 13:57:15</startdate>
<round>1</round>
<failsafecounter/>
<players><player seat="6" name="LolloCausto" chips="770" dealer="0" win="0" bet="65" muck="1" rebuy="0" addon="0" merge="0" rebuychips="0" reg_code="5085677299"/>
<player seat="3" name="M1ky3ste92" chips="730" dealer="1" win="130" bet="730" muck="1" rebuy="0" addon="0" merge="0" rebuychips="0" reg_code="5085677295"/>
</players>
</general>
<round no="0"><action no="1" player="M1ky3ste92" type="15" sum="5"/>
<action no="2" player="LolloCausto" type="15" discard="1" dealt="1" sum="5"/>
<action no="3" player="M1ky3ste92" type="1" sum="30"/>
<action no="4" player="LolloCausto" type="2" discard="1" dealt="1" sum="60"/>
</round>
<round no="1"><cards type="Pocket" player="M1ky3ste92">C4 CK</cards>
<cards type="Pocket" player="LolloCausto">X X</cards>
<action no="5" player="M1ky3ste92" type="23" sum="725"/>
<action no="6" player="LolloCausto" type="0" discard="1" dealt="1" sum="0"/>
</round>
</game>
<game gamecode="6579873198"><general>
<startdate>2026-01-02 13:57:24</startdate>
<round>1</round>
<failsafecounter/>
<players><player seat="3" name="M1ky3ste92" chips="795" dealer="0" win="250" bet="795" muck="1" rebuy="0" addon="0" merge="0" rebuychips="0" reg_code="5085677295"/>
<player seat="6" name="LolloCausto" chips="705" dealer="1" win="0" bet="125" muck="1" rebuy="0" addon="0" merge="0" rebuychips="0" reg_code="5085677299"/>
</players>
</general>
<round no="0"><action no="1" player="LolloCausto" type="15" discard="1" dealt="1" sum="5"/>
<action no="2" player="M1ky3ste92" type="15" sum="5"/>
<action no="3" player="LolloCausto" type="1" discard="1" dealt="1" sum="30"/>
<action no="4" player="M1ky3ste92" type="2" sum="60"/>
</round>
<round no="1"><cards type="Pocket" player="LolloCausto">X X</cards>
<cards type="Pocket" player="M1ky3ste92">S8 S2</cards>
<action no="5" player="LolloCausto" type="3" discard="1" dealt="1" sum="30"/>
<action no="6" player="M1ky3ste92" type="4" sum="0"/>
</round>
<round no="2"><cards type="Flop">SQ HJ S7</cards>
<action no="7" player="M1ky3ste92" type="4" sum="0"/>
<action no="8" player="LolloCausto" type="5" discard="1" dealt="1" sum="60"/>
<action no="9" player="M1ky3ste92" type="23" sum="730"/>
<action no="10" player="LolloCausto" type="0" discard="1" dealt="1" sum="0"/>
</round>
</game>
<game gamecode="6579873299"><general>
<startdate>2026-01-02 13:57:41</startdate>
<round>1</round>
<failsafecounter/>
<players><player seat="6" name="LolloCausto" chips="580" dealer="0" win="0" bet="65" muck="1" rebuy="0" addon="0" merge="0" rebuychips="0" reg_code="5085677299"/>
<player seat="3" name="M1ky3ste92" chips="920" dealer="1" win="130" bet="920" muck="1" rebuy="0" addon="0" merge="0" rebuychips="0" reg_code="5085677295"/>
</players>
</general>
<round no="0"><action no="1" player="M1ky3ste92" type="15" sum="5"/>
<action no="2" player="LolloCausto" type="15" discard="1" dealt="1" sum="5"/>
<action no="3" player="M1ky3ste92" type="1" sum="30"/>
<action no="4" player="LolloCausto" type="2" discard="1" dealt="1" sum="60"/>
</round>
<round no="1"><cards type="Pocket" player="LolloCausto">X X</cards>
<cards type="Pocket" player="M1ky3ste92">H6 HQ</cards>
<action no="5" player="M1ky3ste92" type="23" sum="915"/>
<action no="6" player="LolloCausto" type="0" discard="1" dealt="1" sum="0"/>
</round>
</game>
<game gamecode="6579873337"><general>
<startdate>2026-01-02 13:57:48</startdate>
<round>1</round>
<failsafecounter/>
<players><player seat="3" name="M1ky3ste92" chips="985" dealer="0" win="0" bet="65" muck="1" rebuy="0" addon="0" merge="0" rebuychips="0" reg_code="5085677295"/>
<player seat="6" name="LolloCausto" chips="515" dealer="1" win="130" bet="515" muck="1" rebuy="0" addon="0" merge="0" rebuychips="0" reg_code="5085677299"/>
</players>
</general>
<round no="0"><action no="1" player="LolloCausto" type="15" discard="1" dealt="1" sum="5"/>
<action no="2" player="M1ky3ste92" type="15" sum="5"/>
<action no="3" player="LolloCausto" type="1" discard="1" dealt="1" sum="30"/>
<action no="4" player="M1ky3ste92" type="2" sum="60"/>
</round>
<round no="1"><cards type="Pocket" player="M1ky3ste92">C2 D9</cards>
<cards type="Pocket" player="LolloCausto">X X</cards>
<action no="5" player="LolloCausto" type="23" discard="1" dealt="1" sum="510"/>
<action no="6" player="M1ky3ste92" type="0" sum="0"/>
</round>
</game>
<game gamecode="6579873384"><general>
<startdate>2026-01-02 13:57:57</startdate>
<round>1</round>
<failsafecounter/>
<players><player seat="6" name="LolloCausto" chips="580" dealer="0" win="0" bet="88" muck="1" rebuy="0" addon="0" merge="0" rebuychips="0" reg_code="5085677299"/>
<player seat="3" name="M1ky3ste92" chips="920" dealer="1" win="176" bet="920" muck="1" rebuy="0" addon="0" merge="0" rebuychips="0" reg_code="5085677295"/>
</players>
</general>
<round no="0"><action no="1" player="M1ky3ste92" type="15" sum="8"/>
<action no="2" player="LolloCausto" type="15" discard="1" dealt="1" sum="8"/>
<action no="3" player="M1ky3ste92" type="1" sum="40"/>
<action no="4" player="LolloCausto" type="2" discard="1" dealt="1" sum="80"/>
</round>
<round no="1"><cards type="Pocket" player="LolloCausto">X X</cards>
<cards type="Pocket" player="M1ky3ste92">CK S10</cards>
<action no="5" player="M1ky3ste92" type="23" sum="912"/>
<action no="6" player="LolloCausto" type="0" discard="1" dealt="1" sum="0"/>
</round>
</game>
<game gamecode="6579873425"><general>
<startdate>2026-01-02 13:58:04</startdate>
<round>1</round>
<failsafecounter/>
<players><player seat="3" name="M1ky3ste92" chips="1,008" dealer="0" win="0" bet="492" muck="1" rebuy="0" addon="0" merge="0" rebuychips="0" reg_code="5085677295"/>
<player seat="6" name="LolloCausto" chips="492" dealer="1" win="984" bet="492" muck="0" rebuy="0" addon="0" merge="0" rebuychips="0" reg_code="5085677299"/>
</players>
</general>
<round no="0"><action no="1" player="LolloCausto" type="15" discard="1" dealt="1" sum="8"/>
<action no="2" player="M1ky3ste92" type="15" sum="8"/>
<action no="3" player="LolloCausto" type="1" discard="1" dealt="1" sum="40"/>
<action no="4" player="M1ky3ste92" type="2" sum="80"/>
</round>
<round no="1"><cards type="Pocket" player="LolloCausto">SA H3</cards>
<cards type="Pocket" player="M1ky3ste92">HJ DK</cards>
<action no="5" player="LolloCausto" type="23" discard="1" dealt="1" sum="484"/>
<action no="6" player="M1ky3ste92" type="3" sum="404"/>
</round>
<round no="2"><cards type="Flop">S2 CK D4</cards>
</round>
<round no="3"><cards type="Turn">SQ</cards>
</round>
<round no="4"><cards type="River">D5</cards>
</round>
</game>
<game gamecode="6579873521"><general>
<startdate>2026-01-02 13:58:20</startdate>
<round>1</round>
<failsafecounter/>
<players><player seat="6" name="LolloCausto" chips="984" dealer="0" win="0" bet="88" muck="1" rebuy="0" addon="0" merge="0" rebuychips="0" reg_code="5085677299"/>
<player seat="3" name="M1ky3ste92" chips="516" dealer="1" win="176" bet="168" muck="1" rebuy="0" addon="0" merge="0" rebuychips="0" reg_code="5085677295"/>
</players>
</general>
<round no="0"><action no="1" player="M1ky3ste92" type="15" sum="8"/>
<action no="2" player="LolloCausto" type="15" discard="1" dealt="1" sum="8"/>
<action no="3" player="M1ky3ste92" type="1" sum="40"/>
<action no="4" player="LolloCausto" type="2" discard="1" dealt="1" sum="80"/>
</round>
<round no="1"><cards type="Pocket" player="LolloCausto">X X</cards>
<cards type="Pocket" player="M1ky3ste92">S10 D10</cards>
<action no="5" player="M1ky3ste92" type="3" sum="40"/>
<action no="6" player="LolloCausto" type="4" discard="1" dealt="1" sum="0"/>
</round>
<round no="2"><cards type="Flop">HK H7 D5</cards>
<action no="7" player="LolloCausto" type="4" discard="1" dealt="1" sum="0"/>
<action no="8" player="M1ky3ste92" type="5" sum="80"/>
<action no="9" player="LolloCausto" type="0" discard="1" dealt="1" sum="0"/>
</round>
</game>
<game gamecode="6579873668"><general>
<startdate>2026-01-02 13:58:44</startdate>
<round>1</round>
<failsafecounter/>
<players><player seat="3" name="M1ky3ste92" chips="604" dealer="0" win="0" bet="88" muck="1" rebuy="0" addon="0" merge="0" rebuychips="0" reg_code="5085677295"/>
<player seat="6" name="LolloCausto" chips="896" dealer="1" win="176" bet="896" muck="1" rebuy="0" addon="0" merge="0" rebuychips="0" reg_code="5085677299"/>
</players>
</general>
<round no="0"><action no="1" player="LolloCausto" type="15" discard="1" dealt="1" sum="8"/>
<action no="2" player="M1ky3ste92" type="15" sum="8"/>
<action no="3" player="LolloCausto" type="1" discard="1" dealt="1" sum="40"/>
<action no="4" player="M1ky3ste92" type="2" sum="80"/>
</round>
<round no="1"><cards type="Pocket" player="LolloCausto">X X</cards>
<cards type="Pocket" player="M1ky3ste92">C4 S8</cards>
<action no="5" player="LolloCausto" type="23" discard="1" dealt="1" sum="888"/>
<action no="6" player="M1ky3ste92" type="0" sum="0"/>
</round>
</game>
<game gamecode="6579873741"><general>
<startdate>2026-01-02 13:58:56</startdate>
<round>1</round>
<failsafecounter/>
<players><player seat="6" name="LolloCausto" chips="984" dealer="0" win="0" bet="88" muck="1" rebuy="0" addon="0" merge="0" rebuychips="0" reg_code="5085677299"/>
<player seat="3" name="M1ky3ste92" chips="516" dealer="1" win="176" bet="516" muck="1" rebuy="0" addon="0" merge="0" rebuychips="0" reg_code="5085677295"/>
</players>
</general>
<round no="0"><action no="1" player="M1ky3ste92" type="15" sum="8"/>
<action no="2" player="LolloCausto" type="15" discard="1" dealt="1" sum="8"/>
<action no="3" player="M1ky3ste92" type="1" sum="40"/>
<action no="4" player="LolloCausto" type="2" discard="1" dealt="1" sum="80"/>
</round>
<round no="1"><cards type="Pocket" player="M1ky3ste92">D4 HA</cards>
<cards type="Pocket" player="LolloCausto">X X</cards>
<action no="5" player="M1ky3ste92" type="23" sum="508"/>
<action no="6" player="LolloCausto" type="0" discard="1" dealt="1" sum="0"/>
</round>
</game>
<game gamecode="6579873788"><general>
<startdate>2026-01-02 13:59:02</startdate>
<round>1</round>
<failsafecounter/>
<players><player seat="3" name="M1ky3ste92" chips="604" dealer="0" win="336" bet="604" muck="1" rebuy="0" addon="0" merge="0" rebuychips="0" reg_code="5085677295"/>
<player seat="6" name="LolloCausto" chips="896" dealer="1" win="0" bet="168" muck="1" rebuy="0" addon="0" merge="0" rebuychips="0" reg_code="5085677299"/>
</players>
</general>
<round no="0"><action no="1" player="LolloCausto" type="15" discard="1" dealt="1" sum="8"/>
<action no="2" player="M1ky3ste92" type="15" sum="8"/>
<action no="3" player="LolloCausto" type="1" discard="1" dealt="1" sum="40"/>
<action no="4" player="M1ky3ste92" type="2" sum="80"/>
</round>
<round no="1"><cards type="Pocket" player="M1ky3ste92">H7 D3</cards>
<cards type="Pocket" player="LolloCausto">X X</cards>
<action no="5" player="LolloCausto" type="3" discard="1" dealt="1" sum="40"/>
<action no="6" player="M1ky3ste92" type="4" sum="0"/>
</round>
<round no="2"><cards type="Flop">H10 S6 S7</cards>
<action no="7" player="M1ky3ste92" type="4" sum="0"/>
<action no="8" player="LolloCausto" type="5" discard="1" dealt="1" sum="80"/>
<action no="9" player="M1ky3ste92" type="23" sum="516"/>
<action no="10" player="LolloCausto" type="0" discard="1" dealt="1" sum="0"/>
</round>
</game>
<game gamecode="6579877366"><general>
<startdate>2026-01-02 13:59:36</startdate>
<round>1</round>
<failsafecounter/>
<players><player seat="6" name="LolloCausto" chips="728" dealer="0" win="220" bet="728" muck="1" rebuy="0" addon="0" merge="0" rebuychips="0" reg_code="5085677299"/>
<player seat="3" name="M1ky3ste92" chips="772" dealer="1" win="0" bet="110" muck="1" rebuy="0" addon="0" merge="0" rebuychips="0" reg_code="5085677295"/>
</players>
</general>
<round no="0"><action no="1" player="M1ky3ste92" type="15" sum="10"/>
<action no="2" player="LolloCausto" type="15" discard="1" dealt="1" sum="10"/>
<action no="3" player="M1ky3ste92" type="1" sum="50"/>
<action no="4" player="LolloCausto" type="2" discard="1" dealt="1" sum="100"/>
</round>
<round no="1"><cards type="Pocket" player="LolloCausto">X X</cards>
<cards type="Pocket" player="M1ky3ste92">H8 H6</cards>
<action no="5" player="M1ky3ste92" type="3" sum="50"/>
<action no="6" player="LolloCausto" type="23" discard="1" dealt="1" sum="718"/>
<action no="7" player="M1ky3ste92" type="0" sum="0"/>
</round>
</game>
<game gamecode="6579877478"><general>
<startdate>2026-01-02 13:59:53</startdate>
<round>1</round>
<failsafecounter/>
<players><player seat="3" name="M1ky3ste92" chips="662" dealer="0" win="0" bet="110" muck="1" rebuy="0" addon="0" merge="0" rebuychips="0" reg_code="5085677295"/>
<player seat="6" name="LolloCausto" chips="838" dealer="1" win="220" bet="838" muck="1" rebuy="0" addon="0" merge="0" rebuychips="0" reg_code="5085677299"/>
</players>
</general>
<round no="0"><action no="1" player="LolloCausto" type="15" discard="1" dealt="1" sum="10"/>
<action no="2" player="M1ky3ste92" type="15" sum="10"/>
<action no="3" player="LolloCausto" type="1" discard="1" dealt="1" sum="50"/>
<action no="4" player="M1ky3ste92" type="2" sum="100"/>
</round>
<round no="1"><cards type="Pocket" player="LolloCausto">X X</cards>
<cards type="Pocket" player="M1ky3ste92">S2 D10</cards>
<action no="5" player="LolloCausto" type="23" discard="1" dealt="1" sum="828"/>
<action no="6" player="M1ky3ste92" type="0" sum="0"/>
</round>
</game>
<game gamecode="6579877559"><general>
<startdate>2026-01-02 14:00:05</startdate>
<round>1</round>
<failsafecounter/>
<players><player seat="6" name="LolloCausto" chips="948" dealer="0" win="120" bet="110" muck="1" rebuy="0" addon="0" merge="0" rebuychips="0" reg_code="5085677299"/>
<player seat="3" name="M1ky3ste92" chips="552" dealer="1" win="0" bet="60" muck="1" rebuy="0" addon="0" merge="0" rebuychips="0" reg_code="5085677295"/>
</players>
</general>
<round no="0"><action no="1" player="M1ky3ste92" type="15" sum="10"/>
<action no="2" player="LolloCausto" type="15" discard="1" dealt="1" sum="10"/>
<action no="3" player="M1ky3ste92" type="1" sum="50"/>
<action no="4" player="LolloCausto" type="2" discard="1" dealt="1" sum="100"/>
</round>
<round no="1"><cards type="Pocket" player="M1ky3ste92">C7 H5</cards>
<cards type="Pocket" player="LolloCausto">X X</cards>
<action no="5" player="M1ky3ste92" type="0" sum="0"/>
</round>
</game>
<game gamecode="6579877638"><general>
<startdate>2026-01-02 14:00:15</startdate>
<round>1</round>
<failsafecounter/>
<players><player seat="3" name="M1ky3ste92" chips="492" dealer="0" win="120" bet="110" muck="1" rebuy="0" addon="0" merge="0" rebuychips="0" reg_code="5085677295"/>
<player seat="6" name="LolloCausto" chips="1,008" dealer="1" win="0" bet="60" muck="1" rebuy="0" addon="0" merge="0" rebuychips="0" reg_code="5085677299"/>
</players>
</general>
<round no="0"><action no="1" player="LolloCausto" type="15" discard="1" dealt="1" sum="10"/>
<action no="2" player="M1ky3ste92" type="15" sum="10"/>
<action no="3" player="LolloCausto" type="1" discard="1" dealt="1" sum="50"/>
<action no="4" player="M1ky3ste92" type="2" sum="100"/>
</round>
<round no="1"><cards type="Pocket" player="LolloCausto">X X</cards>
<cards type="Pocket" player="M1ky3ste92">CK DJ</cards>
<action no="5" player="LolloCausto" type="0" discard="1" dealt="1" sum="0"/>
</round>
</game>
<game gamecode="6579877682"><general>
<startdate>2026-01-02 14:00:23</startdate>
<round>1</round>
<failsafecounter/>
<players><player seat="6" name="LolloCausto" chips="948" dealer="0" win="0" bet="552" muck="1" rebuy="0" addon="0" merge="0" rebuychips="0" reg_code="5085677299"/>
<player seat="3" name="M1ky3ste92" chips="552" dealer="1" win="1,104" bet="552" muck="0" rebuy="0" addon="0" merge="0" rebuychips="0" reg_code="5085677295"/>
</players>
</general>
<round no="0"><action no="1" player="M1ky3ste92" type="15" sum="10"/>
<action no="2" player="LolloCausto" type="15" discard="1" dealt="1" sum="10"/>
<action no="3" player="M1ky3ste92" type="1" sum="50"/>
<action no="4" player="LolloCausto" type="2" discard="1" dealt="1" sum="100"/>
</round>
<round no="1"><cards type="Pocket" player="LolloCausto">HQ CJ</cards>
<cards type="Pocket" player="M1ky3ste92">S10 S5</cards>
<action no="5" player="M1ky3ste92" type="23" sum="542"/>
<action no="6" player="LolloCausto" type="3" discard="1" dealt="1" sum="442"/>
</round>
<round no="2"><cards type="Flop">C4 D6 S7</cards>
</round>
<round no="3"><cards type="Turn">D8</cards>
</round>
<round no="4"><cards type="River">C8</cards>
</round>
</game>
<game gamecode="6579877812"><general>
<startdate>2026-01-02 14:00:41</startdate>
<round>1</round>
<failsafecounter/>
<players><player seat="3" name="M1ky3ste92" chips="1,104" dealer="0" win="120" bet="110" muck="1" rebuy="0" addon="0" merge="0" rebuychips="0" reg_code="5085677295"/>
<player seat="6" name="LolloCausto" chips="396" dealer="1" win="0" bet="60" muck="1" rebuy="0" addon="0" merge="0" rebuychips="0" reg_code="5085677299"/>
</players>
</general>
<round no="0"><action no="1" player="LolloCausto" type="15" discard="1" dealt="1" sum="10"/>
<action no="2" player="M1ky3ste92" type="15" sum="10"/>
<action no="3" player="LolloCausto" type="1" discard="1" dealt="1" sum="50"/>
<action no="4" player="M1ky3ste92" type="2" sum="100"/>
</round>
<round no="1"><cards type="Pocket" player="M1ky3ste92">SJ C4</cards>
<cards type="Pocket" player="LolloCausto">X X</cards>
<action no="5" player="LolloCausto" type="0" discard="1" dealt="1" sum="0"/>
</round>
</game>
<game gamecode="6579877904"><general>
<startdate>2026-01-02 14:00:55</startdate>
<round>1</round>
<failsafecounter/>
<players><player seat="6" name="LolloCausto" chips="336" dealer="0" win="672" bet="336" muck="0" rebuy="0" addon="0" merge="0" rebuychips="0" reg_code="5085677299"/>
<player seat="3" name="M1ky3ste92" chips="1,164" dealer="1" win="0" bet="1,164" muck="0" rebuy="0" addon="0" merge="0" rebuychips="0" reg_code="5085677295"/>
</players>
</general>
<round no="0"><action no="1" player="M1ky3ste92" type="15" sum="10"/>
<action no="2" player="LolloCausto" type="15" discard="1" dealt="1" sum="10"/>
<action no="3" player="M1ky3ste92" type="1" sum="50"/>
<action no="4" player="LolloCausto" type="2" discard="1" dealt="1" sum="100"/>
</round>
<round no="1"><cards type="Pocket" player="LolloCausto">HA C4</cards>
<cards type="Pocket" player="M1ky3ste92">C7 D10</cards>
<action no="5" player="M1ky3ste92" type="23" sum="1,154"/>
<action no="6" player="LolloCausto" type="7" discard="1" dealt="1" sum="226"/>
</round>
<round no="2"><cards type="Flop">S6 H2 D9</cards>
</round>
<round no="3"><cards type="Turn">DQ</cards>
</round>
<round no="4"><cards type="River">CK</cards>
</round>
</game>
<game gamecode="6579878029"><general>
<startdate>2026-01-02 14:01:13</startdate>
<round>1</round>
<failsafecounter/>
<players><player seat="3" name="M1ky3ste92" chips="828" dealer="0" win="1,344" bet="672" muck="0" rebuy="0" addon="0" merge="0" rebuychips="0" reg_code="5085677295"/>
<player seat="6" name="LolloCausto" chips="672" dealer="1" win="0" bet="672" muck="0" rebuy="0" addon="0" merge="0" rebuychips="0" reg_code="5085677299"/>
</players>
</general>
<round no="0"><action no="1" player="LolloCausto" type="15" discard="1" dealt="1" sum="10"/>
<action no="2" player="M1ky3ste92" type="15" sum="10"/>
<action no="3" player="LolloCausto" type="1" discard="1" dealt="1" sum="50"/>
<action no="4" player="M1ky3ste92" type="2" sum="100"/>
</round>
<round no="1"><cards type="Pocket" player="LolloCausto">C8 SA</cards>
<cards type="Pocket" player="M1ky3ste92">D6 S6</cards>
<action no="5" player="LolloCausto" type="23" discard="1" dealt="1" sum="662"/>
<action no="6" player="M1ky3ste92" type="3" sum="562"/>
</round>
<round no="2"><cards type="Flop">H4 C6 C2</cards>
</round>
<round no="3"><cards type="Turn">S4</cards>
</round>
<round no="4"><cards type="River">S2</cards>
</round>
</game>
</session>
