<?xml version="1.0" encoding="UTF-8"?>
<session sessioncode="5085683991">
<general>
<client_version>25.7.1.50</client_version>
<mode>real</mode>
<gametype>Holdem NL</gametype>
<tablename>Twister €100 SNG, 825408130</tablename>
<tournamentcode>825408129</tournamentcode>
<tournamentname>Twister €100 SNG</tournamentname>
<buyin>€0 + €7 + €93</buyin>
<totalbuyin>€100</totalbuyin>
<rewarddrawn>€400</rewarddrawn>
<tournamentcurrency>EUR</tournamentcurrency>
<currency>EUR</currency>
<nickname>M1ky3ste92</nickname>
<gamecount>8</gamecount>
<startdate>2026-01-02 14:17:11</startdate>
<place>3</place>
<win>€0</win>
<tablesize>3</tablesize>
</general>
<game gamecode="6579894608"><general>
<startdate>2026-01-02 14:17:26</startdate>
<round>1</round>
<failsafecounter/>
<players><player seat="3" name="LolloCausto" chips="500" dealer="0" win="0" bet="20" muck="1" rebuy="0" addon="0" merge="0" rebuychips="0" reg_code="5085683717"/>
<player seat="6" name="tdghuref" chips="500" dealer="1" win="0" bet="60" muck="1" rebuy="0" addon="0" merge="0" rebuychips="0" reg_code="5085683787"/>
<player seat="10" name="M1ky3ste92" chips="500" dealer="0" win="140" bet="500" muck="1" rebuy="0" addon="0" merge="0" rebuychips="0" reg_code="5085683991"/>
</players>
</general>
<round no="0"><action no="1" player="M1ky3ste92" type="1" sum="10"/>
<action no="2" player="LolloCausto" type="2" discard="1" dealt="1" sum="20"/>
</round>
<round no="1"><cards type="Pocket" player="tdghuref">X X</cards>
<cards type="Pocket" player="LolloCausto">X X</cards>
<cards type="Pocket" player="M1ky3ste92">CA S10</cards>
<action no="3" player="tdghuref" type="23" discard="1" dealt="1" sum="60"/>
<action no="4" player="M1ky3ste92" type="23" sum="500"/>
<action no="5" player="LolloCausto" type="0" discard="1" dealt="1" sum="0"/>
<action no="6" player="tdghuref" type="0" discard="1" dealt="1" sum="0"/>
</round>
</game>
<game gamecode="6579894705"><general>
<startdate>2026-01-02 14:17:43</startdate>
<round>1</round>
<failsafecounter/>
<players><player seat="6" name="tdghuref" chips="440" dealer="0" win="290" bet="140" muck="0" rebuy="0" addon="0" merge="0" rebuychips="0" reg_code="5085683787"/>
<player seat="10" name="M1ky3ste92" chips="580" dealer="1" win="0" bet="140" muck="1" rebuy="0" addon="0" merge="0" rebuychips="0" reg_code="5085683991"/>
<player seat="3" name="LolloCausto" chips="480" dealer="0" win="0" bet="10" muck="1" rebuy="0" addon="0" merge="0" rebuychips="0" reg_code="5085683717"/>
</players>
</general>
<round no="0"><action no="1" player="LolloCausto" type="1" discard="1" dealt="1" sum="10"/>
<action no="2" player="tdghuref" type="2" discard="1" dealt="1" sum="20"/>
</round>
<round no="1"><cards type="Pocket" player="tdghuref">C9 C8</cards>
<cards type="Pocket" player="LolloCausto">X X</cards>
<cards type="Pocket" player="M1ky3ste92">D6 HA</cards>
<action no="3" player="M1ky3ste92" type="23" sum="40"/>
<action no="4" player="LolloCausto" type="0" discard="1" dealt="1" sum="0"/>
<action no="5" player="tdghuref" type="3" discard="1" dealt="1" sum="20"/>
</round>
<round no="2"><cards type="Flop">S6 S8 C3</cards>
<action no="6" player="tdghuref" type="4" discard="1" dealt="1" sum="0"/>
<action no="7" player="M1ky3ste92" type="4" sum="0"/>
</round>
<round no="3"><cards type="Turn">SJ</cards>
<action no="8" player="tdghuref" type="5" discard="1" dealt="1" sum="40"/>
<action no="9" player="M1ky3ste92" type="3" sum="40"/>
</round>
<round no="4"><cards type="River">D5</cards>
<action no="10" player="tdghuref" type="5" discard="1" dealt="1" sum="60"/>
<action no="11" player="M1ky3ste92" type="3" sum="60"/>
</round>
</game>
<game gamecode="6579894834"><general>
<startdate>2026-01-02 14:18:02</startdate>
<round>1</round>
<failsafecounter/>
<players><player seat="10" name="M1ky3ste92" chips="440" dealer="0" win="0" bet="50" muck="1" rebuy="0" addon="0" merge="0" rebuychips="0" reg_code="5085683991"/>
<player seat="3" name="LolloCausto" chips="470" dealer="1" win="0" bet="0" muck="1" rebuy="0" addon="0" merge="0" rebuychips="0" reg_code="5085683717"/>
<player seat="6" name="tdghuref" chips="590" dealer="0" win="100" bet="90" muck="1" rebuy="0" addon="0" merge="0" rebuychips="0" reg_code="5085683787"/>
</players>
</general>
<round no="0"><action no="1" player="tdghuref" type="1" discard="1" dealt="1" sum="10"/>
<action no="2" player="M1ky3ste92" type="2" sum="20"/>
</round>
<round no="1"><cards type="Pocket" player="M1ky3ste92">HA H3</cards>
<cards type="Pocket" player="tdghuref">X X</cards>
<cards type="Pocket" player="LolloCausto">X X</cards>
<action no="3" player="LolloCausto" type="0" discard="1" dealt="1" sum="0"/>
<action no="4" player="tdghuref" type="3" discard="1" dealt="1" sum="10"/>
<action no="5" player="M1ky3ste92" type="23" sum="50"/>
<action no="6" player="tdghuref" type="3" discard="1" dealt="1" sum="30"/>
</round>
<round no="2"><cards type="Flop">DQ D6 D5</cards>
<action no="7" player="tdghuref" type="4" discard="1" dealt="1" sum="0"/>
<action no="8" player="M1ky3ste92" type="4" sum="0"/>
</round>
<round no="3"><cards type="Turn">C10</cards>
<action no="9" player="tdghuref" type="5" discard="1" dealt="1" sum="40"/>
<action no="10" player="M1ky3ste92" type="0" sum="0"/>
</round>
</game>
<game gamecode="6579894988"><general>
<startdate>2026-01-02 14:18:28</startdate>
<round>1</round>
<failsafecounter/>
<players><player seat="3" name="LolloCausto" chips="470" dealer="0" win="120" bet="92" muck="1" rebuy="0" addon="0" merge="0" rebuychips="0" reg_code="5085683717"/>
<player seat="6" name="tdghuref" chips="640" dealer="1" win="0" bet="0" muck="1" rebuy="0" addon="0" merge="0" rebuychips="0" reg_code="5085683787"/>
<player seat="10" name="M1ky3ste92" chips="390" dealer="0" win="0" bet="60" muck="1" rebuy="0" addon="0" merge="0" rebuychips="0" reg_code="5085683991"/>
</players>
</general>
<round no="0"><action no="1" player="M1ky3ste92" type="1" sum="10"/>
<action no="2" player="LolloCausto" type="2" discard="1" dealt="1" sum="20"/>
</round>
<round no="1"><cards type="Pocket" player="tdghuref">X X</cards>
<cards type="Pocket" player="LolloCausto">X X</cards>
<cards type="Pocket" player="M1ky3ste92">HQ H3</cards>
<action no="3" player="tdghuref" type="0" discard="1" dealt="1" sum="0"/>
<action no="4" player="M1ky3ste92" type="3" sum="10"/>
<action no="5" player="LolloCausto" type="23" discard="1" dealt="1" sum="60"/>
<action no="6" player="M1ky3ste92" type="3" sum="40"/>
</round>
<round no="2"><cards type="Flop">C5 S9 D5</cards>
<action no="7" player="M1ky3ste92" type="4" sum="0"/>
<action no="8" player="LolloCausto" type="5" discard="1" dealt="1" sum="32"/>
<action no="9" player="M1ky3ste92" type="0" sum="0"/>
</round>
</game>
<game gamecode="6579895110"><general>
<startdate>2026-01-02 14:18:47</startdate>
<round>1</round>
<failsafecounter/>
<players><player seat="6" name="tdghuref" chips="640" dealer="0" win="244" bet="282" muck="1" rebuy="0" addon="0" merge="0" rebuychips="0" reg_code="5085683787"/>
<player seat="10" name="M1ky3ste92" chips="330" dealer="1" win="0" bet="0" muck="1" rebuy="0" addon="0" merge="0" rebuychips="0" reg_code="5085683991"/>
<player seat="3" name="LolloCausto" chips="530" dealer="0" win="0" bet="122" muck="1" rebuy="0" addon="0" merge="0" rebuychips="0" reg_code="5085683717"/>
</players>
</general>
<round no="0"><action no="1" player="LolloCausto" type="1" discard="1" dealt="1" sum="10"/>
<action no="2" player="tdghuref" type="2" discard="1" dealt="1" sum="20"/>
</round>
<round no="1"><cards type="Pocket" player="tdghuref">X X</cards>
<cards type="Pocket" player="LolloCausto">X X</cards>
<cards type="Pocket" player="M1ky3ste92">H8 DK</cards>
<action no="3" player="M1ky3ste92" type="0" sum="0"/>
<action no="4" player="LolloCausto" type="23" discard="1" dealt="1" sum="40"/>
<action no="5" player="tdghuref" type="3" discard="1" dealt="1" sum="20"/>
</round>
<round no="2"><cards type="Flop">CK C10 SK</cards>
<action no="6" player="LolloCausto" type="5" discard="1" dealt="1" sum="21"/>
<action no="7" player="tdghuref" type="3" discard="1" dealt="1" sum="21"/>
</round>
<round no="3"><cards type="Turn">D6</cards>
<action no="8" player="LolloCausto" type="4" discard="1" dealt="1" sum="0"/>
<action no="9" player="tdghuref" type="5" discard="1" dealt="1" sum="61"/>
<action no="10" player="LolloCausto" type="3" discard="1" dealt="1" sum="61"/>
</round>
<round no="4"><cards type="River">CQ</cards>
<action no="11" player="LolloCausto" type="4" discard="1" dealt="1" sum="0"/>
<action no="12" player="tdghuref" type="5" discard="1" dealt="1" sum="160"/>
<action no="13" player="LolloCausto" type="0" discard="1" dealt="1" sum="0"/>
</round>
</game>
<game gamecode="6579895332"><general>
<startdate>2026-01-02 14:19:24</startdate>
<round>1</round>
<failsafecounter/>
<players><player seat="10" name="M1ky3ste92" chips="330" dealer="0" win="0" bet="40" muck="1" rebuy="0" addon="0" merge="0" rebuychips="0" reg_code="5085683991"/>
<player seat="3" name="LolloCausto" chips="408" dealer="1" win="0" bet="80" muck="1" rebuy="0" addon="0" merge="0" rebuychips="0" reg_code="5085683717"/>
<player seat="6" name="tdghuref" chips="762" dealer="0" win="200" bet="280" muck="1" rebuy="0" addon="0" merge="0" rebuychips="0" reg_code="5085683787"/>
</players>
</general>
<round no="0"><action no="1" player="tdghuref" type="1" discard="1" dealt="1" sum="10"/>
<action no="2" player="M1ky3ste92" type="2" sum="20"/>
</round>
<round no="1"><cards type="Pocket" player="tdghuref">X X</cards>
<cards type="Pocket" player="LolloCausto">X X</cards>
<cards type="Pocket" player="M1ky3ste92">S3 S8</cards>
<action no="3" player="LolloCausto" type="23" discard="1" dealt="1" sum="40"/>
<action no="4" player="tdghuref" type="3" discard="1" dealt="1" sum="30"/>
<action no="5" player="M1ky3ste92" type="3" sum="20"/>
</round>
<round no="2"><cards type="Flop">SA DQ HK</cards>
<action no="6" player="tdghuref" type="5" discard="1" dealt="1" sum="20"/>
<action no="7" player="M1ky3ste92" type="0" sum="0"/>
<action no="8" player="LolloCausto" type="23" discard="1" dealt="1" sum="40"/>
<action no="9" player="tdghuref" type="3" discard="1" dealt="1" sum="20"/>
</round>
<round no="3"><cards type="Turn">H10</cards>
<action no="10" player="tdghuref" type="4" discard="1" dealt="1" sum="0"/>
<action no="11" player="LolloCausto" type="4" discard="1" dealt="1" sum="0"/>
</round>
<round no="4"><cards type="River">S2</cards>
<action no="12" player="tdghuref" type="5" discard="1" dealt="1" sum="200"/>
<action no="13" player="LolloCausto" type="0" discard="1" dealt="1" sum="0"/>
</round>
</game>
<game gamecode="6579895697"><general>
<startdate>2026-01-02 14:20:19</startdate>
<round>1</round>
<failsafecounter/>
<players><player seat="3" name="LolloCausto" chips="328" dealer="0" win="0" bet="35" muck="1" rebuy="0" addon="0" merge="0" rebuychips="0" reg_code="5085683717"/>
<player seat="6" name="tdghuref" chips="882" dealer="1" win="0" bet="5" muck="1" rebuy="0" addon="0" merge="0" rebuychips="0" reg_code="5085683787"/>
<player seat="10" name="M1ky3ste92" chips="290" dealer="0" win="75" bet="290" muck="1" rebuy="0" addon="0" merge="0" rebuychips="0" reg_code="5085683991"/>
</players>
</general>
<round no="0"><action no="1" player="M1ky3ste92" type="15" sum="5"/>
<action no="2" player="LolloCausto" type="15" discard="1" dealt="1" sum="5"/>
<action no="3" player="tdghuref" type="15" discard="1" dealt="1" sum="5"/>
<action no="4" player="M1ky3ste92" type="1" sum="15"/>
<action no="5" player="LolloCausto" type="2" discard="1" dealt="1" sum="30"/>
</round>
<round no="1"><cards type="Pocket" player="M1ky3ste92">C3 CQ</cards>
<cards type="Pocket" player="LolloCausto">X X</cards>
<cards type="Pocket" player="tdghuref">X X</cards>
<action no="6" player="tdghuref" type="0" discard="1" dealt="1" sum="0"/>
<action no="7" player="M1ky3ste92" type="23" sum="285"/>
<action no="8" player="LolloCausto" type="0" discard="1" dealt="1" sum="0"/>
</round>
</game>
<game gamecode="6579895764"><general>
<startdate>2026-01-02 14:20:29</startdate>
<round>1</round>
<failsafecounter/>
<players><player seat="6" name="tdghuref" chips="877" dealer="0" win="680" bet="330" muck="0" rebuy="0" addon="0" merge="0" rebuychips="0" reg_code="5085683787"/>
<player seat="10" name="M1ky3ste92" chips="330" dealer="1" win="0" bet="330" muck="0" rebuy="0" addon="0" merge="0" rebuychips="0" reg_code="5085683991"/>
<player seat="3" name="LolloCausto" chips="293" dealer="0" win="0" bet="20" muck="1" rebuy="0" addon="0" merge="0" rebuychips="0" reg_code="5085683717"/>
</players>
</general>
<round no="0"><action no="1" player="LolloCausto" type="15" discard="1" dealt="1" sum="5"/>
<action no="2" player="tdghuref" type="15" discard="1" dealt="1" sum="5"/>
<action no="3" player="M1ky3ste92" type="15" sum="5"/>
<action no="4" player="LolloCausto" type="1" discard="1" dealt="1" sum="15"/>
<action no="5" player="tdghuref" type="2" discard="1" dealt="1" sum="30"/>
</round>
<round no="1"><cards type="Pocket" player="tdghuref">HQ DA</cards>
<cards type="Pocket" player="LolloCausto">X X</cards>
<cards type="Pocket" player="M1ky3ste92">C10 HK</cards>
<action no="6" player="M1ky3ste92" type="23" sum="325"/>
<action no="7" player="LolloCausto" type="0" discard="1" dealt="1" sum="0"/>
<action no="8" player="tdghuref" type="3" discard="1" dealt="1" sum="295"/>
</round>
<round no="2"><cards type="Flop">CQ H6 C6</cards>
</round>
<round no="3"><cards type="Turn">S8</cards>
</round>
<round no="4"><cards type="River">SQ</cards>
</round>
</game>
</session>
