<?xml version="1.0" encoding="UTF-8"?>
<session sessioncode="5085676785">
<general>
<client_version>25.7.1.50</client_version>
<mode>real</mode>
<gametype>Holdem NL</gametype>
<tablename>Twister €100 SNG, 825404990</tablename>
<tournamentcode>825404988</tournamentcode>
<tournamentname>Twister €100 SNG</tournamentname>
<buyin>€0 + €7 + €93</buyin>
<totalbuyin>€100</totalbuyin>
<rewarddrawn>€300</rewarddrawn>
<tournamentcurrency>EUR</tournamentcurrency>
<currency>EUR</currency>
<nickname>M1ky3ste92</nickname>
<gamecount>8</gamecount>
<startdate>2026-01-02 13:45:41</startdate>
<place>3</place>
<win>€0</win>
<tablesize>3</tablesize>
</general>
<game gamecode="6579862096"><general>
<startdate>2026-01-02 13:45:57</startdate>
<round>1</round>
<failsafecounter/>
<players><player seat="10" name="M1ky3ste92" chips="500" dealer="0" win="0" bet="40" muck="1" rebuy="0" addon="0" merge="0" rebuychips="0" reg_code="5085676785"/>
<player seat="3" name="LolloCausto" chips="500" dealer="1" win="90" bet="64" muck="1" rebuy="0" addon="0" merge="0" rebuychips="0" reg_code="5085676293"/>
<player seat="6" name="rass65" chips="500" dealer="0" win="0" bet="10" muck="1" rebuy="0" addon="0" merge="0" rebuychips="0" reg_code="5085676498"/>
</players>
</general>
<round no="0"><action no="1" player="rass65" type="1" discard="1" dealt="1" sum="10"/>
<action no="2" player="M1ky3ste92" type="2" sum="20"/>
</round>
<round no="1"><cards type="Pocket" player="LolloCausto">X X</cards>
<cards type="Pocket" player="M1ky3ste92">HK C7</cards>
<cards type="Pocket" player="rass65">X X</cards>
<action no="3" player="LolloCausto" type="23" discard="1" dealt="1" sum="40"/>
<action no="4" player="rass65" type="0" discard="1" dealt="1" sum="0"/>
<action no="5" player="M1ky3ste92" type="3" sum="20"/>
</round>
<round no="2"><cards type="Flop">HQ C2 C8</cards>
<action no="6" player="M1ky3ste92" type="4" sum="0"/>
<action no="7" player="LolloCausto" type="5" discard="1" dealt="1" sum="24"/>
<action no="8" player="M1ky3ste92" type="0" sum="0"/>
</round>
</game>
<game gamecode="6579862175"><general>
<startdate>2026-01-02 13:46:12</startdate>
<round>1</round>
<failsafecounter/>
<players><player seat="3" name="LolloCausto" chips="550" dealer="0" win="90" bet="152" muck="1" rebuy="0" addon="0" merge="0" rebuychips="0" reg_code="5085676293"/>
<player seat="6" name="rass65" chips="490" dealer="1" win="0" bet="40" muck="1" rebuy="0" addon="0" merge="0" rebuychips="0" reg_code="5085676498"/>
<player seat="10" name="M1ky3ste92" chips="460" dealer="0" win="0" bet="10" muck="1" rebuy="0" addon="0" merge="0" rebuychips="0" reg_code="5085676785"/>
</players>
</general>
<round no="0"><action no="1" player="M1ky3ste92" type="1" sum="10"/>
<action no="2" player="LolloCausto" type="2" discard="1" dealt="1" sum="20"/>
</round>
<round no="1"><cards type="Pocket" player="LolloCausto">X X</cards>
<cards type="Pocket" player="rass65">X X</cards>
<cards type="Pocket" player="M1ky3ste92">SQ H9</cards>
<action no="3" player="rass65" type="23" discard="1" dealt="1" sum="40"/>
<action no="4" player="M1ky3ste92" type="0" sum="0"/>
<action no="5" player="LolloCausto" type="3" discard="1" dealt="1" sum="20"/>
</round>
<round no="2"><cards type="Flop">S6 C3 D4</cards>
<action no="6" player="LolloCausto" type="4" discard="1" dealt="1" sum="0"/>
<action no="7" player="rass65" type="4" discard="1" dealt="1" sum="0"/>
</round>
<round no="3"><cards type="Turn">H10</cards>
<action no="8" player="LolloCausto" type="5" discard="1" dealt="1" sum="112"/>
<action no="9" player="rass65" type="0" discard="1" dealt="1" sum="0"/>
</round>
</game>
<game gamecode="6579862273"><general>
<startdate>2026-01-02 13:46:30</startdate>
<round>1</round>
<failsafecounter/>
<players><player seat="6" name="rass65" chips="450" dealer="0" win="20" bet="20" muck="1" rebuy="0" addon="0" merge="0" rebuychips="0" reg_code="5085676498"/>
<player seat="10" name="M1ky3ste92" chips="450" dealer="1" win="0" bet="0" muck="1" rebuy="0" addon="0" merge="0" rebuychips="0" reg_code="5085676785"/>
<player seat="3" name="LolloCausto" chips="600" dealer="0" win="0" bet="10" muck="1" rebuy="0" addon="0" merge="0" rebuychips="0" reg_code="5085676293"/>
</players>
</general>
<round no="0"><action no="1" player="LolloCausto" type="1" discard="1" dealt="1" sum="10"/>
<action no="2" player="rass65" type="2" discard="1" dealt="1" sum="20"/>
</round>
<round no="1"><cards type="Pocket" player="M1ky3ste92">S3 DK</cards>
<cards type="Pocket" player="rass65">X X</cards>
<cards type="Pocket" player="LolloCausto">X X</cards>
<action no="3" player="M1ky3ste92" type="0" sum="0"/>
<action no="4" player="LolloCausto" type="0" discard="1" dealt="1" sum="0"/>
</round>
</game>
<game gamecode="6579862324"><general>
<startdate>2026-01-02 13:46:39</startdate>
<round>1</round>
<failsafecounter/>
<players><player seat="10" name="M1ky3ste92" chips="450" dealer="0" win="160" bet="80" muck="0" rebuy="0" addon="0" merge="0" rebuychips="0" reg_code="5085676785"/>
<player seat="3" name="LolloCausto" chips="590" dealer="1" win="0" bet="0" muck="1" rebuy="0" addon="0" merge="0" rebuychips="0" reg_code="5085676293"/>
<player seat="6" name="rass65" chips="460" dealer="0" win="0" bet="80" muck="1" rebuy="0" addon="0" merge="0" rebuychips="0" reg_code="5085676498"/>
</players>
</general>
<round no="0"><action no="1" player="rass65" type="1" discard="1" dealt="1" sum="10"/>
<action no="2" player="M1ky3ste92" type="2" sum="20"/>
</round>
<round no="1"><cards type="Pocket" player="LolloCausto">X X</cards>
<cards type="Pocket" player="rass65">C8 HA</cards>
<cards type="Pocket" player="M1ky3ste92">S2 D4</cards>
<action no="3" player="LolloCausto" type="0" discard="1" dealt="1" sum="0"/>
<action no="4" player="rass65" type="3" discard="1" dealt="1" sum="10"/>
<action no="5" player="M1ky3ste92" type="4" sum="0"/>
</round>
<round no="2"><cards type="Flop">D5 C4 C10</cards>
<action no="6" player="rass65" type="4" discard="1" dealt="1" sum="0"/>
<action no="7" player="M1ky3ste92" type="4" sum="0"/>
</round>
<round no="3"><cards type="Turn">DK</cards>
<action no="8" player="rass65" type="4" discard="1" dealt="1" sum="0"/>
<action no="9" player="M1ky3ste92" type="4" sum="0"/>
</round>
<round no="4"><cards type="River">D2</cards>
<action no="10" player="rass65" type="4" discard="1" dealt="1" sum="0"/>
<action no="11" player="M1ky3ste92" type="5" sum="60"/>
<action no="12" player="rass65" type="3" discard="1" dealt="1" sum="60"/>
</round>
</game>
<game gamecode="6579862463"><general>
<startdate>2026-01-02 13:47:03</startdate>
<round>1</round>
<failsafecounter/>
<players><player seat="3" name="LolloCausto" chips="590" dealer="0" win="166" bet="163" muck="1" rebuy="0" addon="0" merge="0" rebuychips="0" reg_code="5085676293"/>
<player seat="6" name="rass65" chips="380" dealer="1" win="0" bet="0" muck="1" rebuy="0" addon="0" merge="0" rebuychips="0" reg_code="5085676498"/>
<player seat="10" name="M1ky3ste92" chips="530" dealer="0" win="0" bet="83" muck="1" rebuy="0" addon="0" merge="0" rebuychips="0" reg_code="5085676785"/>
</players>
</general>
<round no="0"><action no="1" player="M1ky3ste92" type="1" sum="10"/>
<action no="2" player="LolloCausto" type="2" discard="1" dealt="1" sum="20"/>
</round>
<round no="1"><cards type="Pocket" player="M1ky3ste92">C10 DK</cards>
<cards type="Pocket" player="LolloCausto">X X</cards>
<cards type="Pocket" player="rass65">X X</cards>
<action no="3" player="rass65" type="0" discard="1" dealt="1" sum="0"/>
<action no="4" player="M1ky3ste92" type="23" sum="50"/>
<action no="5" player="LolloCausto" type="3" discard="1" dealt="1" sum="30"/>
</round>
<round no="2"><cards type="Flop">SJ DA S2</cards>
<action no="6" player="M1ky3ste92" type="5" sum="33"/>
<action no="7" player="LolloCausto" type="3" discard="1" dealt="1" sum="33"/>
</round>
<round no="3"><cards type="Turn">S4</cards>
<action no="8" player="M1ky3ste92" type="4" sum="0"/>
<action no="9" player="LolloCausto" type="5" discard="1" dealt="1" sum="80"/>
<action no="10" player="M1ky3ste92" type="0" sum="0"/>
</round>
</game>
<game gamecode="6579862640"><general>
<startdate>2026-01-02 13:47:32</startdate>
<round>1</round>
<failsafecounter/>
<players><player seat="6" name="rass65" chips="380" dealer="0" win="0" bet="60" muck="1" rebuy="0" addon="0" merge="0" rebuychips="0" reg_code="5085676498"/>
<player seat="10" name="M1ky3ste92" chips="447" dealer="1" win="130" bet="60" muck="0" rebuy="0" addon="0" merge="0" rebuychips="0" reg_code="5085676785"/>
<player seat="3" name="LolloCausto" chips="673" dealer="0" win="0" bet="10" muck="1" rebuy="0" addon="0" merge="0" rebuychips="0" reg_code="5085676293"/>
</players>
</general>
<round no="0"><action no="1" player="LolloCausto" type="1" discard="1" dealt="1" sum="10"/>
<action no="2" player="rass65" type="2" discard="1" dealt="1" sum="20"/>
</round>
<round no="1"><cards type="Pocket" player="M1ky3ste92">S9 HK</cards>
<cards type="Pocket" player="LolloCausto">X X</cards>
<cards type="Pocket" player="rass65">C7 DK</cards>
<action no="3" player="M1ky3ste92" type="23" sum="40"/>
<action no="4" player="LolloCausto" type="0" discard="1" dealt="1" sum="0"/>
<action no="5" player="rass65" type="3" discard="1" dealt="1" sum="20"/>
</round>
<round no="2"><cards type="Flop">D6 D8 HA</cards>
<action no="6" player="rass65" type="4" discard="1" dealt="1" sum="0"/>
<action no="7" player="M1ky3ste92" type="5" sum="20"/>
<action no="8" player="rass65" type="3" discard="1" dealt="1" sum="20"/>
</round>
<round no="3"><cards type="Turn">C5</cards>
<action no="9" player="rass65" type="4" discard="1" dealt="1" sum="0"/>
<action no="10" player="M1ky3ste92" type="4" sum="0"/>
</round>
<round no="4"><cards type="River">C10</cards>
<action no="11" player="rass65" type="4" discard="1" dealt="1" sum="0"/>
<action no="12" player="M1ky3ste92" type="4" sum="0"/>
</round>
</game>
<game gamecode="6579866257"><general>
<startdate>2026-01-02 13:48:02</startdate>
<round>1</round>
<failsafecounter/>
<players><player seat="10" name="M1ky3ste92" chips="517" dealer="0" win="0" bet="517" muck="0" rebuy="0" addon="0" merge="0" rebuychips="0" reg_code="5085676785"/>
<player seat="3" name="LolloCausto" chips="663" dealer="1" win="0" bet="5" muck="1" rebuy="0" addon="0" merge="0" rebuychips="0" reg_code="5085676293"/>
<player seat="6" name="rass65" chips="320" dealer="0" win="645" bet="320" muck="0" rebuy="0" addon="0" merge="0" rebuychips="0" reg_code="5085676498"/>
</players>
</general>
<round no="0"><action no="1" player="rass65" type="15" discard="1" dealt="1" sum="5"/>
<action no="2" player="M1ky3ste92" type="15" sum="5"/>
<action no="3" player="LolloCausto" type="15" discard="1" dealt="1" sum="5"/>
<action no="4" player="rass65" type="1" discard="1" dealt="1" sum="15"/>
<action no="5" player="M1ky3ste92" type="2" sum="30"/>
</round>
<round no="1"><cards type="Pocket" player="M1ky3ste92">S4 C4</cards>
<cards type="Pocket" player="LolloCausto">X X</cards>
<cards type="Pocket" player="rass65">H9 SQ</cards>
<action no="6" player="LolloCausto" type="0" discard="1" dealt="1" sum="0"/>
<action no="7" player="rass65" type="23" discard="1" dealt="1" sum="90"/>
<action no="8" player="M1ky3ste92" type="23" sum="512"/>
<action no="9" player="rass65" type="7" discard="1" dealt="1" sum="225"/>
</round>
<round no="2"><cards type="Flop">H10 SA H5</cards>
</round>
<round no="3"><cards type="Turn">CQ</cards>
</round>
<round no="4"><cards type="River">H3</cards>
</round>
</game>
<game gamecode="6579866389"><general>
<startdate>2026-01-02 13:48:24</startdate>
<round>1</round>
<failsafecounter/>
<players><player seat="3" name="LolloCausto" chips="658" dealer="0" win="399" bet="197" muck="0" rebuy="0" addon="0" merge="0" rebuychips="0" reg_code="5085676293"/>
<player seat="6" name="rass65" chips="645" dealer="1" win="0" bet="5" muck="1" rebuy="0" addon="0" merge="0" rebuychips="0" reg_code="5085676498"/>
<player seat="10" name="M1ky3ste92" chips="197" dealer="0" win="0" bet="197" muck="0" rebuy="0" addon="0" merge="0" rebuychips="0" reg_code="5085676785"/>
</players>
</general>
<round no="0"><action no="1" player="M1ky3ste92" type="15" sum="5"/>
<action no="2" player="LolloCausto" type="15" discard="1" dealt="1" sum="5"/>
<action no="3" player="rass65" type="15" discard="1" dealt="1" sum="5"/>
<action no="4" player="M1ky3ste92" type="1" sum="15"/>
<action no="5" player="LolloCausto" type="2" discard="1" dealt="1" sum="30"/>
</round>
<round no="1"><cards type="Pocket" player="LolloCausto">S8 S7</cards>
<cards type="Pocket" player="rass65">X X</cards>
<cards type="Pocket" player="M1ky3ste92">HK H4</cards>
<action no="6" player="rass65" type="0" discard="1" dealt="1" sum="0"/>
<action no="7" player="M1ky3ste92" type="23" sum="192"/>
<action no="8" player="LolloCausto" type="3" discard="1" dealt="1" sum="162"/>
</round>
<round no="2"><cards type="Flop">C7 CA C6</cards>
</round>
<round no="3"><cards type="Turn">D3</cards>
</round>
<round no="4"><cards type="River">C9</cards>
</round>
</game>
</session>
