<?xml version="1.0" encoding="UTF-8"?>
<session sessioncode="5085683727">
<general>
<client_version>25.7.1.50</client_version>
<mode>real</mode>
<gametype>Holdem NL</gametype>
<tablename>Twister €100 SNG, 825408055</tablename>
<tournamentcode>825408054</tournamentcode>
<tournamentname>Twister €100 SNG</tournamentname>
<buyin>€0 + €7 + €93</buyin>
<totalbuyin>€100</totalbuyin>
<rewarddrawn>€200</rewarddrawn>
<tournamentcurrency>EUR</tournamentcurrency>
<currency>EUR</currency>
<nickname>M1ky3ste92</nickname>
<gamecount>9</gamecount>
<startdate>2026-01-02 14:16:16</startdate>
<place>2</place>
<win>€0</win>
<tablesize>3</tablesize>
</general>
<game gamecode="6579894246"><general>
<startdate>2026-01-02 14:16:32</startdate>
<round>1</round>
<failsafecounter/>
<players><player seat="6" name="M1ky3ste92" chips="500" dealer="0" win="20" bet="20" muck="1" rebuy="0" addon="0" merge="0" rebuychips="0" reg_code="5085683727"/>
<player seat="10" name="Nick94olas" chips="500" dealer="1" win="0" bet="0" muck="1" rebuy="0" addon="0" merge="0" rebuychips="0" reg_code="5085683765"/>
<player seat="3" name="LolloCausto" chips="500" dealer="0" win="0" bet="10" muck="1" rebuy="0" addon="0" merge="0" rebuychips="0" reg_code="5085683620"/>
</players>
</general>
<round no="0"><action no="1" player="LolloCausto" type="1" discard="1" dealt="1" sum="10"/>
<action no="2" player="M1ky3ste92" type="2" sum="20"/>
</round>
<round no="1"><cards type="Pocket" player="M1ky3ste92">C3 HA</cards>
<cards type="Pocket" player="LolloCausto">X X</cards>
<cards type="Pocket" player="Nick94olas">X X</cards>
<action no="3" player="Nick94olas" type="0" discard="1" dealt="1" sum="0"/>
<action no="4" player="LolloCausto" type="0" discard="1" dealt="1" sum="0"/>
</round>
</game>
<game gamecode="6579894303"><general>
<startdate>2026-01-02 14:16:40</startdate>
<round>1</round>
<failsafecounter/>
<players><player seat="10" name="Nick94olas" chips="500" dealer="0" win="0" bet="40" muck="1" rebuy="0" addon="0" merge="0" rebuychips="0" reg_code="5085683765"/>
<player seat="3" name="LolloCausto" chips="490" dealer="1" win="0" bet="0" muck="1" rebuy="0" addon="0" merge="0" rebuychips="0" reg_code="5085683620"/>
<player seat="6" name="M1ky3ste92" chips="510" dealer="0" win="80" bet="40" muck="0" rebuy="0" addon="0" merge="0" rebuychips="0" reg_code="5085683727"/>
</players>
</general>
<round no="0"><action no="1" player="M1ky3ste92" type="1" sum="10"/>
<action no="2" player="Nick94olas" type="2" discard="1" dealt="1" sum="20"/>
</round>
<round no="1"><cards type="Pocket" player="M1ky3ste92">DJ C9</cards>
<cards type="Pocket" player="LolloCausto">X X</cards>
<cards type="Pocket" player="Nick94olas">D8 D4</cards>
<action no="3" player="LolloCausto" type="0" discard="1" dealt="1" sum="0"/>
<action no="4" player="M1ky3ste92" type="3" sum="10"/>
<action no="5" player="Nick94olas" type="4" discard="1" dealt="1" sum="0"/>
</round>
<round no="2"><cards type="Flop">H9 H4 S7</cards>
<action no="6" player="M1ky3ste92" type="5" sum="20"/>
<action no="7" player="Nick94olas" type="3" discard="1" dealt="1" sum="20"/>
</round>
<round no="3"><cards type="Turn">DK</cards>
<action no="8" player="M1ky3ste92" type="4" sum="0"/>
<action no="9" player="Nick94olas" type="4" discard="1" dealt="1" sum="0"/>
</round>
<round no="4"><cards type="River">D2</cards>
<action no="10" player="M1ky3ste92" type="4" sum="0"/>
<action no="11" player="Nick94olas" type="4" discard="1" dealt="1" sum="0"/>
</round>
</game>
<game gamecode="6579894506"><general>
<startdate>2026-01-02 14:17:12</startdate>
<round>1</round>
<failsafecounter/>
<players><player seat="3" name="LolloCausto" chips="490" dealer="0" win="0" bet="490" muck="0" rebuy="0" addon="0" merge="0" rebuychips="0" reg_code="5085683620"/>
<player seat="6" name="M1ky3ste92" chips="550" dealer="1" win="0" bet="0" muck="1" rebuy="0" addon="0" merge="0" rebuychips="0" reg_code="5085683727"/>
<player seat="10" name="Nick94olas" chips="460" dealer="0" win="920" bet="460" muck="0" rebuy="0" addon="0" merge="0" rebuychips="0" reg_code="5085683765"/>
</players>
</general>
<round no="0"><action no="1" player="Nick94olas" type="1" discard="1" dealt="1" sum="10"/>
<action no="2" player="LolloCausto" type="2" discard="1" dealt="1" sum="20"/>
</round>
<round no="1"><cards type="Pocket" player="LolloCausto">C9 S10</cards>
<cards type="Pocket" player="M1ky3ste92">CQ D3</cards>
<cards type="Pocket" player="Nick94olas">D6 S8</cards>
<action no="3" player="M1ky3ste92" type="0" sum="0"/>
<action no="4" player="Nick94olas" type="23" discard="1" dealt="1" sum="40"/>
<action no="5" player="LolloCausto" type="3" discard="1" dealt="1" sum="20"/>
</round>
<round no="2"><cards type="Flop">H5 H8 D7</cards>
<action no="6" player="Nick94olas" type="5" discard="1" dealt="1" sum="40"/>
<action no="7" player="LolloCausto" type="3" discard="1" dealt="1" sum="40"/>
</round>
<round no="3"><cards type="Turn">D8</cards>
<action no="8" player="Nick94olas" type="4" discard="1" dealt="1" sum="0"/>
<action no="9" player="LolloCausto" type="5" discard="1" dealt="1" sum="43"/>
<action no="10" player="Nick94olas" type="3" discard="1" dealt="1" sum="43"/>
</round>
<round no="4"><cards type="River">S2</cards>
<action no="11" player="Nick94olas" type="4" discard="1" dealt="1" sum="0"/>
<action no="12" player="LolloCausto" type="5" discard="1" dealt="1" sum="367"/>
<action no="13" player="Nick94olas" type="7" discard="1" dealt="1" sum="337"/>
</round>
</game>
<game gamecode="6579894700"><general>
<startdate>2026-01-02 14:17:42</startdate>
<round>1</round>
<failsafecounter/>
<players><player seat="6" name="M1ky3ste92" chips="550" dealer="0" win="0" bet="20" muck="1" rebuy="0" addon="0" merge="0" rebuychips="0" reg_code="5085683727"/>
<player seat="10" name="Nick94olas" chips="920" dealer="1" win="80" bet="30" muck="0" rebuy="0" addon="0" merge="0" rebuychips="0" reg_code="5085683765"/>
<player seat="3" name="LolloCausto" chips="30" dealer="0" win="0" bet="30" muck="0" rebuy="0" addon="0" merge="0" rebuychips="0" reg_code="5085683620"/>
</players>
</general>
<round no="0"><action no="1" player="LolloCausto" type="1" discard="1" dealt="1" sum="10"/>
<action no="2" player="M1ky3ste92" type="2" sum="20"/>
</round>
<round no="1"><cards type="Pocket" player="M1ky3ste92">SQ H7</cards>
<cards type="Pocket" player="Nick94olas">H9 C10</cards>
<cards type="Pocket" player="LolloCausto">C5 CQ</cards>
<action no="3" player="Nick94olas" type="3" discard="1" dealt="1" sum="20"/>
<action no="4" player="LolloCausto" type="7" discard="1" dealt="1" sum="20"/>
<action no="5" player="M1ky3ste92" type="0" sum="0"/>
<action no="6" player="Nick94olas" type="3" discard="1" dealt="1" sum="10"/>
</round>
<round no="2"><cards type="Flop">DA DK CK</cards>
</round>
<round no="3"><cards type="Turn">S2</cards>
</round>
<round no="4"><cards type="River">H10</cards>
</round>
</game>
<game gamecode="6579894831"><general>
<startdate>2026-01-02 14:18:01</startdate>
<round>1</round>
<failsafecounter/>
<players><player seat="10" name="Nick94olas" chips="970" dealer="0" win="0" bet="80" muck="1" rebuy="0" addon="0" merge="0" rebuychips="0" reg_code="5085683765"/>
<player seat="6" name="M1ky3ste92" chips="530" dealer="1" win="160" bet="140" muck="1" rebuy="0" addon="0" merge="0" rebuychips="0" reg_code="5085683727"/>
</players>
</general>
<round no="0"><action no="1" player="M1ky3ste92" type="1" sum="10"/>
<action no="2" player="Nick94olas" type="2" discard="1" dealt="1" sum="20"/>
</round>
<round no="1"><cards type="Pocket" player="Nick94olas">X X</cards>
<cards type="Pocket" player="M1ky3ste92">CK D4</cards>
<action no="3" player="M1ky3ste92" type="23" sum="40"/>
<action no="4" player="Nick94olas" type="3" discard="1" dealt="1" sum="20"/>
</round>
<round no="2"><cards type="Flop">S6 HK S4</cards>
<action no="5" player="Nick94olas" type="4" discard="1" dealt="1" sum="0"/>
<action no="6" player="M1ky3ste92" type="5" sum="20"/>
<action no="7" player="Nick94olas" type="23" discard="1" dealt="1" sum="40"/>
<action no="8" player="M1ky3ste92" type="23" sum="100"/>
<action no="9" player="Nick94olas" type="0" discard="1" dealt="1" sum="0"/>
</round>
</game>
<game gamecode="6579894952"><general>
<startdate>2026-01-02 14:18:21</startdate>
<round>1</round>
<failsafecounter/>
<players><player seat="6" name="M1ky3ste92" chips="610" dealer="0" win="0" bet="35" muck="1" rebuy="0" addon="0" merge="0" rebuychips="0" reg_code="5085683727"/>
<player seat="10" name="Nick94olas" chips="890" dealer="1" win="70" bet="65" muck="1" rebuy="0" addon="0" merge="0" rebuychips="0" reg_code="5085683765"/>
</players>
</general>
<round no="0"><action no="1" player="Nick94olas" type="15" discard="1" dealt="1" sum="5"/>
<action no="2" player="M1ky3ste92" type="15" sum="5"/>
<action no="3" player="Nick94olas" type="1" discard="1" dealt="1" sum="15"/>
<action no="4" player="M1ky3ste92" type="2" sum="30"/>
</round>
<round no="1"><cards type="Pocket" player="M1ky3ste92">D8 SQ</cards>
<cards type="Pocket" player="Nick94olas">X X</cards>
<action no="5" player="Nick94olas" type="3" discard="1" dealt="1" sum="15"/>
<action no="6" player="M1ky3ste92" type="4" sum="0"/>
</round>
<round no="2"><cards type="Flop">HA C6 H4</cards>
<action no="7" player="M1ky3ste92" type="4" sum="0"/>
<action no="8" player="Nick94olas" type="5" discard="1" dealt="1" sum="30"/>
<action no="9" player="M1ky3ste92" type="0" sum="0"/>
</round>
</game>
<game gamecode="6579895009"><general>
<startdate>2026-01-02 14:18:31</startdate>
<round>1</round>
<failsafecounter/>
<players><player seat="10" name="Nick94olas" chips="925" dealer="0" win="40" bet="35" muck="1" rebuy="0" addon="0" merge="0" rebuychips="0" reg_code="5085683765"/>
<player seat="6" name="M1ky3ste92" chips="575" dealer="1" win="0" bet="20" muck="1" rebuy="0" addon="0" merge="0" rebuychips="0" reg_code="5085683727"/>
</players>
</general>
<round no="0"><action no="1" player="M1ky3ste92" type="15" sum="5"/>
<action no="2" player="Nick94olas" type="15" discard="1" dealt="1" sum="5"/>
<action no="3" player="M1ky3ste92" type="1" sum="15"/>
<action no="4" player="Nick94olas" type="2" discard="1" dealt="1" sum="30"/>
</round>
<round no="1"><cards type="Pocket" player="M1ky3ste92">C4 D9</cards>
<cards type="Pocket" player="Nick94olas">X X</cards>
<action no="5" player="M1ky3ste92" type="0" sum="0"/>
</round>
</game>
<game gamecode="6579895035"><general>
<startdate>2026-01-02 14:18:36</startdate>
<round>1</round>
<failsafecounter/>
<players><player seat="6" name="M1ky3ste92" chips="555" dealer="0" win="0" bet="500" muck="1" rebuy="0" addon="0" merge="0" rebuychips="0" reg_code="5085683727"/>
<player seat="10" name="Nick94olas" chips="945" dealer="1" win="1,000" bet="500" muck="0" rebuy="0" addon="0" merge="0" rebuychips="0" reg_code="5085683765"/>
</players>
</general>
<round no="0"><action no="1" player="Nick94olas" type="15" discard="1" dealt="1" sum="5"/>
<action no="2" player="M1ky3ste92" type="15" sum="5"/>
<action no="3" player="Nick94olas" type="1" discard="1" dealt="1" sum="15"/>
<action no="4" player="M1ky3ste92" type="2" sum="30"/>
</round>
<round no="1"><cards type="Pocket" player="M1ky3ste92">C7 C10</cards>
<cards type="Pocket" player="Nick94olas">CQ H5</cards>
<action no="5" player="Nick94olas" type="3" discard="1" dealt="1" sum="15"/>
<action no="6" player="M1ky3ste92" type="4" sum="0"/>
</round>
<round no="2"><cards type="Flop">S5 C3 H7</cards>
<action no="7" player="M1ky3ste92" type="4" sum="0"/>
<action no="8" player="Nick94olas" type="5" discard="1" dealt="1" sum="30"/>
<action no="9" player="M1ky3ste92" type="23" sum="90"/>
<action no="10" player="Nick94olas" type="3" discard="1" dealt="1" sum="60"/>
</round>
<round no="3"><cards type="Turn">SQ</cards>
<action no="11" player="M1ky3ste92" type="4" sum="0"/>
<action no="12" player="Nick94olas" type="5" discard="1" dealt="1" sum="125"/>
<action no="13" player="M1ky3ste92" type="3" sum="125"/>
</round>
<round no="4"><cards type="River">DK</cards>
<action no="14" player="M1ky3ste92" type="4" sum="0"/>
<action no="15" player="Nick94olas" type="5" discard="1" dealt="1" sum="250"/>
<action no="16" player="M1ky3ste92" type="3" sum="250"/>
</round>
</game>
<game gamecode="6579895238"><general>
<startdate>2026-01-02 14:19:10</startdate>
<round>1</round>
<failsafecounter/>
<players><player seat="10" name="Nick94olas" chips="1,445" dealer="0" win="110" bet="55" muck="0" rebuy="0" addon="0" merge="0" rebuychips="0" reg_code="5085683765"/>
<player seat="6" name="M1ky3ste92" chips="55" dealer="1" win="0" bet="55" muck="0" rebuy="0" addon="0" merge="0" rebuychips="0" reg_code="5085683727"/>
</players>
</general>
<round no="0"><action no="1" player="M1ky3ste92" type="15" sum="5"/>
<action no="2" player="Nick94olas" type="15" discard="1" dealt="1" sum="5"/>
<action no="3" player="M1ky3ste92" type="1" sum="15"/>
<action no="4" player="Nick94olas" type="2" discard="1" dealt="1" sum="30"/>
</round>
<round no="1"><cards type="Pocket" player="M1ky3ste92">S7 C3</cards>
<cards type="Pocket" player="Nick94olas">DQ D8</cards>
<action no="5" player="M1ky3ste92" type="7" sum="35"/>
<action no="6" player="Nick94olas" type="3" discard="1" dealt="1" sum="20"/>
</round>
<round no="2"><cards type="Flop">D2 S2 H6</cards>
</round>
<round no="3"><cards type="Turn">H9</cards>
</round>
<round no="4"><cards type="River">H8</cards>
</round>
</game>
</session>
