<?xml version="1.0" encoding="UTF-8"?>
<session sessioncode="5085683309">
<general>
<client_version>25.7.1.50</client_version>
<mode>real</mode>
<gametype>Holdem NL</gametype>
<tablename>Twister €100 SNG, 825407753</tablename>
<tournamentcode>825407751</tournamentcode>
<tournamentname>Twister €100 SNG</tournamentname>
<buyin>€0 + €7 + €93</buyin>
<totalbuyin>€100</totalbuyin>
<rewarddrawn>€200</rewarddrawn>
<tournamentcurrency>EUR</tournamentcurrency>
<currency>EUR</currency>
<nickname>M1ky3ste92</nickname>
<gamecount>16</gamecount>
<startdate>2026-01-02 14:14:27</startdate>
<place>2</place>
<win>€0</win>
<tablesize>3</tablesize>
</general>
<game gamecode="6579890013"><general>
<startdate>2026-01-02 14:14:42</startdate>
<round>1</round>
<failsafecounter/>
<players><player seat="3" name="LolloCausto" chips="500" dealer="0" win="0" bet="20" muck="1" rebuy="0" addon="0" merge="0" rebuychips="0" reg_code="5085683228"/>
<player seat="6" name="tdghuref" chips="500" dealer="1" win="140" bet="200" muck="1" rebuy="0" addon="0" merge="0" rebuychips="0" reg_code="5085683230"/>
<player seat="10" name="M1ky3ste92" chips="500" dealer="0" win="0" bet="60" muck="1" rebuy="0" addon="0" merge="0" rebuychips="0" reg_code="5085683309"/>
</players>
</general>
<round no="0"><action no="1" player="M1ky3ste92" type="1" sum="10"/>
<action no="2" player="LolloCausto" type="2" discard="1" dealt="1" sum="20"/>
</round>
<round no="1"><cards type="Pocket" player="M1ky3ste92">DQ D9</cards>
<cards type="Pocket" player="LolloCausto">X X</cards>
<cards type="Pocket" player="tdghuref">X X</cards>
<action no="3" player="tdghuref" type="23" discard="1" dealt="1" sum="60"/>
<action no="4" player="M1ky3ste92" type="3" sum="50"/>
<action no="5" player="LolloCausto" type="0" discard="1" dealt="1" sum="0"/>
</round>
<round no="2"><cards type="Flop">SJ SK CA</cards>
<action no="6" player="M1ky3ste92" type="4" sum="0"/>
<action no="7" player="tdghuref" type="5" discard="1" dealt="1" sum="140"/>
<action no="8" player="M1ky3ste92" type="0" sum="0"/>
</round>
</game>
<game gamecode="6579890122"><general>
<startdate>2026-01-02 14:14:59</startdate>
<round>1</round>
<failsafecounter/>
<players><player seat="6" name="tdghuref" chips="580" dealer="0" win="0" bet="480" muck="1" rebuy="0" addon="0" merge="0" rebuychips="0" reg_code="5085683230"/>
<player seat="10" name="M1ky3ste92" chips="440" dealer="1" win="0" bet="0" muck="1" rebuy="0" addon="0" merge="0" rebuychips="0" reg_code="5085683309"/>
<player seat="3" name="LolloCausto" chips="480" dealer="0" win="960" bet="480" muck="0" rebuy="0" addon="0" merge="0" rebuychips="0" reg_code="5085683228"/>
</players>
</general>
<round no="0"><action no="1" player="LolloCausto" type="1" discard="1" dealt="1" sum="10"/>
<action no="2" player="tdghuref" type="2" discard="1" dealt="1" sum="20"/>
</round>
<round no="1"><cards type="Pocket" player="LolloCausto">SA C9</cards>
<cards type="Pocket" player="tdghuref">HK CQ</cards>
<cards type="Pocket" player="M1ky3ste92">H6 H2</cards>
<action no="3" player="M1ky3ste92" type="0" sum="0"/>
<action no="4" player="LolloCausto" type="3" discard="1" dealt="1" sum="10"/>
<action no="5" player="tdghuref" type="23" discard="1" dealt="1" sum="60"/>
<action no="6" player="LolloCausto" type="23" discard="1" dealt="1" sum="480"/>
<action no="7" player="tdghuref" type="3" discard="1" dealt="1" sum="420"/>
</round>
<round no="2"><cards type="Flop">H4 H7 D7</cards>
</round>
<round no="3"><cards type="Turn">HA</cards>
</round>
<round no="4"><cards type="River">DQ</cards>
</round>
</game>
<game gamecode="6579890279"><general>
<startdate>2026-01-02 14:15:23</startdate>
<round>1</round>
<failsafecounter/>
<players><player seat="10" name="M1ky3ste92" chips="440" dealer="0" win="0" bet="100" muck="1" rebuy="0" addon="0" merge="0" rebuychips="0" reg_code="5085683309"/>
<player seat="3" name="LolloCausto" chips="960" dealer="1" win="0" bet="0" muck="1" rebuy="0" addon="0" merge="0" rebuychips="0" reg_code="5085683228"/>
<player seat="6" name="tdghuref" chips="100" dealer="0" win="200" bet="100" muck="0" rebuy="0" addon="0" merge="0" rebuychips="0" reg_code="5085683230"/>
</players>
</general>
<round no="0"><action no="1" player="tdghuref" type="1" discard="1" dealt="1" sum="10"/>
<action no="2" player="M1ky3ste92" type="2" sum="20"/>
</round>
<round no="1"><cards type="Pocket" player="tdghuref">D4 S10</cards>
<cards type="Pocket" player="M1ky3ste92">SA C8</cards>
<cards type="Pocket" player="LolloCausto">X X</cards>
<action no="3" player="LolloCausto" type="0" discard="1" dealt="1" sum="0"/>
<action no="4" player="tdghuref" type="23" discard="1" dealt="1" sum="100"/>
<action no="5" player="M1ky3ste92" type="3" sum="80"/>
</round>
<round no="2"><cards type="Flop">S5 HQ C4</cards>
</round>
<round no="3"><cards type="Turn">C9</cards>
</round>
<round no="4"><cards type="River">H6</cards>
</round>
</game>
<game gamecode="6579890425"><general>
<startdate>2026-01-02 14:15:45</startdate>
<round>1</round>
<failsafecounter/>
<players><player seat="3" name="LolloCausto" chips="960" dealer="0" win="0" bet="20" muck="1" rebuy="0" addon="0" merge="0" rebuychips="0" reg_code="5085683228"/>
<player seat="6" name="tdghuref" chips="200" dealer="1" win="50" bet="200" muck="1" rebuy="0" addon="0" merge="0" rebuychips="0" reg_code="5085683230"/>
<player seat="10" name="M1ky3ste92" chips="340" dealer="0" win="0" bet="10" muck="1" rebuy="0" addon="0" merge="0" rebuychips="0" reg_code="5085683309"/>
</players>
</general>
<round no="0"><action no="1" player="M1ky3ste92" type="1" sum="10"/>
<action no="2" player="LolloCausto" type="2" discard="1" dealt="1" sum="20"/>
</round>
<round no="1"><cards type="Pocket" player="tdghuref">X X</cards>
<cards type="Pocket" player="M1ky3ste92">DA H2</cards>
<cards type="Pocket" player="LolloCausto">X X</cards>
<action no="3" player="tdghuref" type="23" discard="1" dealt="1" sum="200"/>
<action no="4" player="M1ky3ste92" type="0" sum="0"/>
<action no="5" player="LolloCausto" type="0" discard="1" dealt="1" sum="0"/>
</round>
</game>
<game gamecode="6579894034"><general>
<startdate>2026-01-02 14:15:55</startdate>
<round>1</round>
<failsafecounter/>
<players><player seat="6" name="tdghuref" chips="230" dealer="0" win="0" bet="230" muck="1" rebuy="0" addon="0" merge="0" rebuychips="0" reg_code="5085683230"/>
<player seat="10" name="M1ky3ste92" chips="330" dealer="1" win="0" bet="0" muck="1" rebuy="0" addon="0" merge="0" rebuychips="0" reg_code="5085683309"/>
<player seat="3" name="LolloCausto" chips="940" dealer="0" win="460" bet="940" muck="0" rebuy="0" addon="0" merge="0" rebuychips="0" reg_code="5085683228"/>
</players>
</general>
<round no="0"><action no="1" player="LolloCausto" type="1" discard="1" dealt="1" sum="10"/>
<action no="2" player="tdghuref" type="2" discard="1" dealt="1" sum="20"/>
</round>
<round no="1"><cards type="Pocket" player="M1ky3ste92">H7 D8</cards>
<cards type="Pocket" player="LolloCausto">D9 HK</cards>
<cards type="Pocket" player="tdghuref">C10 SK</cards>
<action no="3" player="M1ky3ste92" type="0" sum="0"/>
<action no="4" player="LolloCausto" type="23" discard="1" dealt="1" sum="940"/>
<action no="5" player="tdghuref" type="7" discard="1" dealt="1" sum="210"/>
</round>
<round no="2"><cards type="Flop">D5 C9 S8</cards>
</round>
<round no="3"><cards type="Turn">C8</cards>
</round>
<round no="4"><cards type="River">CK</cards>
</round>
</game>
<game gamecode="6579894162"><general>
<startdate>2026-01-02 14:16:17</startdate>
<round>1</round>
<failsafecounter/>
<players><player seat="10" name="M1ky3ste92" chips="330" dealer="0" win="122" bet="61" muck="0" rebuy="0" addon="0" merge="0" rebuychips="0" reg_code="5085683309"/>
<player seat="3" name="LolloCausto" chips="1,170" dealer="1" win="0" bet="61" muck="0" rebuy="0" addon="0" merge="0" rebuychips="0" reg_code="5085683228"/>
</players>
</general>
<round no="0"><action no="1" player="LolloCausto" type="1" discard="1" dealt="1" sum="10"/>
<action no="2" player="M1ky3ste92" type="2" sum="20"/>
</round>
<round no="1"><cards type="Pocket" player="M1ky3ste92">DJ C8</cards>
<cards type="Pocket" player="LolloCausto">C7 HK</cards>
<action no="3" player="LolloCausto" type="3" discard="1" dealt="1" sum="10"/>
<action no="4" player="M1ky3ste92" type="4" sum="0"/>
</round>
<round no="2"><cards type="Flop">D4 SA S8</cards>
<action no="5" player="M1ky3ste92" type="4" sum="0"/>
<action no="6" player="LolloCausto" type="5" discard="1" dealt="1" sum="20"/>
<action no="7" player="M1ky3ste92" type="3" sum="20"/>
</round>
<round no="3"><cards type="Turn">SJ</cards>
<action no="8" player="M1ky3ste92" type="4" sum="0"/>
<action no="9" player="LolloCausto" type="4" discard="1" dealt="1" sum="0"/>
</round>
<round no="4"><cards type="River">S2</cards>
<action no="10" player="M1ky3ste92" type="4" sum="0"/>
<action no="11" player="LolloCausto" type="5" discard="1" dealt="1" sum="21"/>
<action no="12" player="M1ky3ste92" type="3" sum="21"/>
</round>
</game>
<game gamecode="6579894355"><general>
<startdate>2026-01-02 14:16:49</startdate>
<round>1</round>
<failsafecounter/>
<players><player seat="3" name="LolloCausto" chips="1,109" dealer="0" win="250" bet="1,109" muck="1" rebuy="0" addon="0" merge="0" rebuychips="0" reg_code="5085683228"/>
<player seat="10" name="M1ky3ste92" chips="391" dealer="1" win="0" bet="125" muck="1" rebuy="0" addon="0" merge="0" rebuychips="0" reg_code="5085683309"/>
</players>
</general>
<round no="0"><action no="1" player="M1ky3ste92" type="15" sum="5"/>
<action no="2" player="LolloCausto" type="15" discard="1" dealt="1" sum="5"/>
<action no="3" player="M1ky3ste92" type="1" sum="15"/>
<action no="4" player="LolloCausto" type="2" discard="1" dealt="1" sum="30"/>
</round>
<round no="1"><cards type="Pocket" player="M1ky3ste92">D8 H6</cards>
<cards type="Pocket" player="LolloCausto">X X</cards>
<action no="5" player="M1ky3ste92" type="3" sum="15"/>
<action no="6" player="LolloCausto" type="4" discard="1" dealt="1" sum="0"/>
</round>
<round no="2"><cards type="Flop">C5 C7 S3</cards>
<action no="7" player="LolloCausto" type="4" discard="1" dealt="1" sum="0"/>
<action no="8" player="M1ky3ste92" type="5" sum="30"/>
<action no="9" player="LolloCausto" type="23" discard="1" dealt="1" sum="90"/>
<action no="10" player="M1ky3ste92" type="3" sum="60"/>
</round>
<round no="3"><cards type="Turn">H10</cards>
<action no="11" player="LolloCausto" type="5" discard="1" dealt="1" sum="984"/>
<action no="12" player="M1ky3ste92" type="0" sum="0"/>
</round>
</game>
<game gamecode="6579894586"><general>
<startdate>2026-01-02 14:17:23</startdate>
<round>1</round>
<failsafecounter/>
<players><player seat="10" name="M1ky3ste92" chips="266" dealer="0" win="0" bet="35" muck="1" rebuy="0" addon="0" merge="0" rebuychips="0" reg_code="5085683309"/>
<player seat="3" name="LolloCausto" chips="1,234" dealer="1" win="70" bet="65" muck="1" rebuy="0" addon="0" merge="0" rebuychips="0" reg_code="5085683228"/>
</players>
</general>
<round no="0"><action no="1" player="LolloCausto" type="15" discard="1" dealt="1" sum="5"/>
<action no="2" player="M1ky3ste92" type="15" sum="5"/>
<action no="3" player="LolloCausto" type="1" discard="1" dealt="1" sum="15"/>
<action no="4" player="M1ky3ste92" type="2" sum="30"/>
</round>
<round no="1"><cards type="Pocket" player="LolloCausto">X X</cards>
<cards type="Pocket" player="M1ky3ste92">H5 S3</cards>
<action no="5" player="LolloCausto" type="3" discard="1" dealt="1" sum="15"/>
<action no="6" player="M1ky3ste92" type="4" sum="0"/>
</round>
<round no="2"><cards type="Flop">SQ C10 H2</cards>
<action no="7" player="M1ky3ste92" type="4" sum="0"/>
<action no="8" player="LolloCausto" type="5" discard="1" dealt="1" sum="30"/>
<action no="9" player="M1ky3ste92" type="0" sum="0"/>
</round>
</game>
<game gamecode="6579894712"><general>
<startdate>2026-01-02 14:17:44</startdate>
<round>1</round>
<failsafecounter/>
<players><player seat="3" name="LolloCausto" chips="1,269" dealer="0" win="0" bet="35" muck="1" rebuy="0" addon="0" merge="0" rebuychips="0" reg_code="5085683228"/>
<player seat="10" name="M1ky3ste92" chips="231" dealer="1" win="70" bet="231" muck="1" rebuy="0" addon="0" merge="0" rebuychips="0" reg_code="5085683309"/>
</players>
</general>
<round no="0"><action no="1" player="M1ky3ste92" type="15" sum="5"/>
<action no="2" player="LolloCausto" type="15" discard="1" dealt="1" sum="5"/>
<action no="3" player="M1ky3ste92" type="1" sum="15"/>
<action no="4" player="LolloCausto" type="2" discard="1" dealt="1" sum="30"/>
</round>
<round no="1"><cards type="Pocket" player="M1ky3ste92">H8 DJ</cards>
<cards type="Pocket" player="LolloCausto">X X</cards>
<action no="5" player="M1ky3ste92" type="23" sum="226"/>
<action no="6" player="LolloCausto" type="0" discard="1" dealt="1" sum="0"/>
</round>
</game>
<game gamecode="6579894785"><general>
<startdate>2026-01-02 14:17:56</startdate>
<round>1</round>
<failsafecounter/>
<players><player seat="10" name="M1ky3ste92" chips="266" dealer="0" win="0" bet="35" muck="1" rebuy="0" addon="0" merge="0" rebuychips="0" reg_code="5085683309"/>
<player seat="3" name="LolloCausto" chips="1,234" dealer="1" win="70" bet="35" muck="0" rebuy="0" addon="0" merge="0" rebuychips="0" reg_code="5085683228"/>
</players>
</general>
<round no="0"><action no="1" player="LolloCausto" type="15" discard="1" dealt="1" sum="5"/>
<action no="2" player="M1ky3ste92" type="15" sum="5"/>
<action no="3" player="LolloCausto" type="1" discard="1" dealt="1" sum="15"/>
<action no="4" player="M1ky3ste92" type="2" sum="30"/>
</round>
<round no="1"><cards type="Pocket" player="LolloCausto">DQ H4</cards>
<cards type="Pocket" player="M1ky3ste92">C2 D9</cards>
<action no="5" player="LolloCausto" type="3" discard="1" dealt="1" sum="15"/>
<action no="6" player="M1ky3ste92" type="4" sum="0"/>
</round>
<round no="2"><cards type="Flop">SJ SK H7</cards>
<action no="7" player="M1ky3ste92" type="4" sum="0"/>
<action no="8" player="LolloCausto" type="4" discard="1" dealt="1" sum="0"/>
</round>
<round no="3"><cards type="Turn">D5</cards>
<action no="9" player="M1ky3ste92" type="4" sum="0"/>
<action no="10" player="LolloCausto" type="4" discard="1" dealt="1" sum="0"/>
</round>
<round no="4"><cards type="River">C10</cards>
<action no="11" player="M1ky3ste92" type="4" sum="0"/>
<action no="12" player="LolloCausto" type="4" discard="1" dealt="1" sum="0"/>
</round>
</game>
<game gamecode="6579894980"><general>
<startdate>2026-01-02 14:18:27</startdate>
<round>1</round>
<failsafecounter/>
<players><player seat="3" name="LolloCausto" chips="1,269" dealer="0" win="0" bet="45" muck="1" rebuy="0" addon="0" merge="0" rebuychips="0" reg_code="5085683228"/>
<player seat="10" name="M1ky3ste92" chips="231" dealer="1" win="90" bet="231" muck="1" rebuy="0" addon="0" merge="0" rebuychips="0" reg_code="5085683309"/>
</players>
</general>
<round no="0"><action no="1" player="M1ky3ste92" type="15" sum="5"/>
<action no="2" player="LolloCausto" type="15" discard="1" dealt="1" sum="5"/>
<action no="3" player="M1ky3ste92" type="1" sum="20"/>
<action no="4" player="LolloCausto" type="2" discard="1" dealt="1" sum="40"/>
</round>
<round no="1"><cards type="Pocket" player="LolloCausto">X X</cards>
<cards type="Pocket" player="M1ky3ste92">H9 H8</cards>
<action no="5" player="M1ky3ste92" type="23" sum="226"/>
<action no="6" player="LolloCausto" type="0" discard="1" dealt="1" sum="0"/>
</round>
</game>
<game gamecode="6579895043"><general>
<startdate>2026-01-02 14:18:38</startdate>
<round>1</round>
<failsafecounter/>
<players><player seat="10" name="M1ky3ste92" chips="276" dealer="0" win="552" bet="276" muck="0" rebuy="0" addon="0" merge="0" rebuychips="0" reg_code="5085683309"/>
<player seat="3" name="LolloCausto" chips="1,224" dealer="1" win="0" bet="1,224" muck="0" rebuy="0" addon="0" merge="0" rebuychips="0" reg_code="5085683228"/>
</players>
</general>
<round no="0"><action no="1" player="LolloCausto" type="15" discard="1" dealt="1" sum="5"/>
<action no="2" player="M1ky3ste92" type="15" sum="5"/>
<action no="3" player="LolloCausto" type="1" discard="1" dealt="1" sum="20"/>
<action no="4" player="M1ky3ste92" type="2" sum="40"/>
</round>
<round no="1"><cards type="Pocket" player="LolloCausto">C7 S10</cards>
<cards type="Pocket" player="M1ky3ste92">DJ D9</cards>
<action no="5" player="LolloCausto" type="23" discard="1" dealt="1" sum="1,219"/>
<action no="6" player="M1ky3ste92" type="7" sum="231"/>
</round>
<round no="2"><cards type="Flop">C5 SQ D6</cards>
</round>
<round no="3"><cards type="Turn">S9</cards>
</round>
<round no="4"><cards type="River">S7</cards>
</round>
</game>
<game gamecode="6579895161"><general>
<startdate>2026-01-02 14:18:57</startdate>
<round>1</round>
<failsafecounter/>
<players><player seat="3" name="LolloCausto" chips="948" dealer="0" win="50" bet="45" muck="1" rebuy="0" addon="0" merge="0" rebuychips="0" reg_code="5085683228"/>
<player seat="10" name="M1ky3ste92" chips="552" dealer="1" win="0" bet="25" muck="1" rebuy="0" addon="0" merge="0" rebuychips="0" reg_code="5085683309"/>
</players>
</general>
<round no="0"><action no="1" player="M1ky3ste92" type="15" sum="5"/>
<action no="2" player="LolloCausto" type="15" discard="1" dealt="1" sum="5"/>
<action no="3" player="M1ky3ste92" type="1" sum="20"/>
<action no="4" player="LolloCausto" type="2" discard="1" dealt="1" sum="40"/>
</round>
<round no="1"><cards type="Pocket" player="LolloCausto">X X</cards>
<cards type="Pocket" player="M1ky3ste92">C4 S6</cards>
<action no="5" player="M1ky3ste92" type="0" sum="0"/>
</round>
</game>
<game gamecode="6579895198"><general>
<startdate>2026-01-02 14:19:02</startdate>
<round>1</round>
<failsafecounter/>
<players><player seat="10" name="M1ky3ste92" chips="527" dealer="0" win="0" bet="85" muck="1" rebuy="0" addon="0" merge="0" rebuychips="0" reg_code="5085683309"/>
<player seat="3" name="LolloCausto" chips="973" dealer="1" win="170" bet="85" muck="0" rebuy="0" addon="0" merge="0" rebuychips="0" reg_code="5085683228"/>
</players>
</general>
<round no="0"><action no="1" player="LolloCausto" type="15" discard="1" dealt="1" sum="5"/>
<action no="2" player="M1ky3ste92" type="15" sum="5"/>
<action no="3" player="LolloCausto" type="1" discard="1" dealt="1" sum="20"/>
<action no="4" player="M1ky3ste92" type="2" sum="40"/>
</round>
<round no="1"><cards type="Pocket" player="LolloCausto">D10 HJ</cards>
<cards type="Pocket" player="M1ky3ste92">D3 C6</cards>
<action no="5" player="LolloCausto" type="3" discard="1" dealt="1" sum="20"/>
<action no="6" player="M1ky3ste92" type="4" sum="0"/>
</round>
<round no="2"><cards type="Flop">S7 SA D5</cards>
<action no="7" player="M1ky3ste92" type="4" sum="0"/>
<action no="8" player="LolloCausto" type="5" discard="1" dealt="1" sum="40"/>
<action no="9" player="M1ky3ste92" type="3" sum="40"/>
</round>
<round no="3"><cards type="Turn">H5</cards>
<action no="10" player="M1ky3ste92" type="4" sum="0"/>
<action no="11" player="LolloCausto" type="4" discard="1" dealt="1" sum="0"/>
</round>
<round no="4"><cards type="River">H9</cards>
<action no="12" player="M1ky3ste92" type="4" sum="0"/>
<action no="13" player="LolloCausto" type="4" discard="1" dealt="1" sum="0"/>
</round>
</game>
<game gamecode="6579895407"><general>
<startdate>2026-01-02 14:19:36</startdate>
<round>1</round>
<failsafecounter/>
<players><player seat="3" name="LolloCausto" chips="1,058" dealer="0" win="0" bet="45" muck="1" rebuy="0" addon="0" merge="0" rebuychips="0" reg_code="5085683228"/>
<player seat="10" name="M1ky3ste92" chips="442" dealer="1" win="90" bet="442" muck="1" rebuy="0" addon="0" merge="0" rebuychips="0" reg_code="5085683309"/>
</players>
</general>
<round no="0"><action no="1" player="M1ky3ste92" type="15" sum="5"/>
<action no="2" player="LolloCausto" type="15" discard="1" dealt="1" sum="5"/>
<action no="3" player="M1ky3ste92" type="1" sum="20"/>
<action no="4" player="LolloCausto" type="2" discard="1" dealt="1" sum="40"/>
</round>
<round no="1"><cards type="Pocket" player="LolloCausto">X X</cards>
<cards type="Pocket" player="M1ky3ste92">C3 DA</cards>
<action no="5" player="M1ky3ste92" type="23" sum="437"/>
<action no="6" player="LolloCausto" type="0" discard="1" dealt="1" sum="0"/>
</round>
</game>
<game gamecode="6579895503"><general>
<startdate>2026-01-02 14:19:49</startdate>
<round>1</round>
<failsafecounter/>
<players><player seat="10" name="M1ky3ste92" chips="487" dealer="0" win="0" bet="487" muck="1" rebuy="0" addon="0" merge="0" rebuychips="0" reg_code="5085683309"/>
<player seat="3" name="LolloCausto" chips="1,013" dealer="1" win="974" bet="1,013" muck="0" rebuy="0" addon="0" merge="0" rebuychips="0" reg_code="5085683228"/>
</players>
</general>
<round no="0"><action no="1" player="LolloCausto" type="15" discard="1" dealt="1" sum="5"/>
<action no="2" player="M1ky3ste92" type="15" sum="5"/>
<action no="3" player="LolloCausto" type="1" discard="1" dealt="1" sum="30"/>
<action no="4" player="M1ky3ste92" type="2" sum="60"/>
</round>
<round no="1"><cards type="Pocket" player="LolloCausto">CA SJ</cards>
<cards type="Pocket" player="M1ky3ste92">DJ H10</cards>
<action no="5" player="LolloCausto" type="23" discard="1" dealt="1" sum="1,008"/>
<action no="6" player="M1ky3ste92" type="7" sum="422"/>
</round>
<round no="2"><cards type="Flop">H2 S9 SK</cards>
</round>
<round no="3"><cards type="Turn">H7</cards>
</round>
<round no="4"><cards type="River">H3</cards>
</round>
</game>
</session>
