<?xml version="1.0" encoding="UTF-8"?>
<session sessioncode="5085676787">
<general>
<client_version>25.7.1.50</client_version>
<mode>real</mode>
<gametype>Holdem NL</gametype>
<tablename>Twister €100 SNG, 825405159</tablename>
<tournamentcode>825405158</tournamentcode>
<tournamentname>Twister €100 SNG</tournamentname>
<buyin>€0 + €7 + €93</buyin>
<totalbuyin>€100</totalbuyin>
<rewarddrawn>€200</rewarddrawn>
<tournamentcurrency>EUR</tournamentcurrency>
<currency>EUR</currency>
<nickname>M1ky3ste92</nickname>
<gamecount>1</gamecount>
<startdate>2026-01-02 13:47:11</startdate>
<place>3</place>
<win>€0</win>
<tablesize>3</tablesize>
</general>
<game gamecode="6579864832"><general>
<startdate>2026-01-02 13:47:26</startdate>
<round>1</round>
<failsafecounter/>
<players><player seat="3" name="M1ky3ste92" chips="500" dealer="0" win="0" bet="500" muck="0" rebuy="0" addon="0" merge="0" rebuychips="0" reg_code="5085676787"/>
<player seat="6" name="LolloCausto" chips="500" dealer="1" win="1,040" bet="500" muck="0" rebuy="0" addon="0" merge="0" rebuychips="0" reg_code="5085676906"/>
<player seat="10" name="deli92" chips="500" dealer="0" win="0" bet="40" muck="1" rebuy="0" addon="0" merge="0" rebuychips="0" reg_code="5085677126"/>
</players>
</general>
<round no="0"><action no="1" player="deli92" type="1" discard="1" dealt="1" sum="10"/>
<action no="2" player="M1ky3ste92" type="2" sum="20"/>
</round>
<round no="1"><cards type="Pocket" player="M1ky3ste92">CQ SK</cards>
<cards type="Pocket" player="LolloCausto">H6 S6</cards>
<cards type="Pocket" player="deli92">X X</cards>
<action no="3" player="LolloCausto" type="23" discard="1" dealt="1" sum="40"/>
<action no="4" player="deli92" type="3" discard="1" dealt="1" sum="30"/>
<action no="5" player="M1ky3ste92" type="23" sum="500"/>
<action no="6" player="LolloCausto" type="7" discard="1" dealt="1" sum="460"/>
<action no="7" player="deli92" type="0" discard="1" dealt="1" sum="0"/>
</round>
<round no="2"><cards type="Flop">C10 S10 H10</cards>
</round>
<round no="3"><cards type="Turn">S3</cards>
</round>
<round no="4"><cards type="River">C7</cards>
</round>
</game>
</session>
