<?xml version="1.0" encoding="UTF-8"?>
<session sessioncode="5085682921">
<general>
<client_version>25.7.1.50</client_version>
<mode>real</mode>
<gametype>Holdem NL</gametype>
<tablename>Twister €100 SNG, 825407648</tablename>
<tournamentcode>825407647</tournamentcode>
<tournamentname>Twister €100 SNG</tournamentname>
<buyin>€0 + €7 + €93</buyin>
<totalbuyin>€100</totalbuyin>
<rewarddrawn>€200</rewarddrawn>
<tournamentcurrency>EUR</tournamentcurrency>
<currency>EUR</currency>
<nickname>M1ky3ste92</nickname>
<gamecount>12</gamecount>
<startdate>2026-01-02 14:12:48</startdate>
<place>1</place>
<win>€200</win>
<tablesize>3</tablesize>
</general>
<game gamecode="6579889321"><general>
<startdate>2026-01-02 14:13:03</startdate>
<round>1</round>
<failsafecounter/>
<players><player seat="6" name="M1ky3ste92" chips="500" dealer="0" win="0" bet="20" muck="1" rebuy="0" addon="0" merge="0" rebuychips="0" reg_code="5085682921"/>
<player seat="10" name="LolloCausto" chips="500" dealer="1" win="0" bet="0" muck="1" rebuy="0" addon="0" merge="0" rebuychips="0" reg_code="5085682951"/>
<player seat="3" name="zigurella" chips="500" dealer="0" win="40" bet="60" muck="1" rebuy="0" addon="0" merge="0" rebuychips="0" reg_code="5085682872"/>
</players>
</general>
<round no="0"><action no="1" player="zigurella" type="1" discard="1" dealt="1" sum="10"/>
<action no="2" player="M1ky3ste92" type="2" sum="20"/>
</round>
<round no="1"><cards type="Pocket" player="LolloCausto">X X</cards>
<cards type="Pocket" player="zigurella">X X</cards>
<cards type="Pocket" player="M1ky3ste92">D6 S2</cards>
<action no="3" player="LolloCausto" type="0" discard="1" dealt="1" sum="0"/>
<action no="4" player="zigurella" type="3" discard="1" dealt="1" sum="10"/>
<action no="5" player="M1ky3ste92" type="4" sum="0"/>
</round>
<round no="2"><cards type="Flop">DA H3 S5</cards>
<action no="6" player="zigurella" type="5" discard="1" dealt="1" sum="40"/>
<action no="7" player="M1ky3ste92" type="0" sum="0"/>
</round>
</game>
<game gamecode="6579889539"><general>
<startdate>2026-01-02 14:13:34</startdate>
<round>1</round>
<failsafecounter/>
<players><player seat="10" name="LolloCausto" chips="500" dealer="0" win="0" bet="20" muck="1" rebuy="0" addon="0" merge="0" rebuychips="0" reg_code="5085682951"/>
<player seat="3" name="zigurella" chips="520" dealer="1" win="0" bet="20" muck="1" rebuy="0" addon="0" merge="0" rebuychips="0" reg_code="5085682872"/>
<player seat="6" name="M1ky3ste92" chips="480" dealer="0" win="60" bet="60" muck="1" rebuy="0" addon="0" merge="0" rebuychips="0" reg_code="5085682921"/>
</players>
</general>
<round no="0"><action no="1" player="M1ky3ste92" type="1" sum="10"/>
<action no="2" player="LolloCausto" type="2" discard="1" dealt="1" sum="20"/>
</round>
<round no="1"><cards type="Pocket" player="M1ky3ste92">C5 CK</cards>
<cards type="Pocket" player="LolloCausto">X X</cards>
<cards type="Pocket" player="zigurella">X X</cards>
<action no="3" player="zigurella" type="3" discard="1" dealt="1" sum="20"/>
<action no="4" player="M1ky3ste92" type="3" sum="10"/>
<action no="5" player="LolloCausto" type="4" discard="1" dealt="1" sum="0"/>
</round>
<round no="2"><cards type="Flop">D5 SA H9</cards>
<action no="6" player="M1ky3ste92" type="4" sum="0"/>
<action no="7" player="LolloCausto" type="4" discard="1" dealt="1" sum="0"/>
<action no="8" player="zigurella" type="4" discard="1" dealt="1" sum="0"/>
</round>
<round no="3"><cards type="Turn">SK</cards>
<action no="9" player="M1ky3ste92" type="5" sum="40"/>
<action no="10" player="LolloCausto" type="0" discard="1" dealt="1" sum="0"/>
<action no="11" player="zigurella" type="0" discard="1" dealt="1" sum="0"/>
</round>
</game>
<game gamecode="6579889756"><general>
<startdate>2026-01-02 14:14:03</startdate>
<round>1</round>
<failsafecounter/>
<players><player seat="3" name="zigurella" chips="500" dealer="0" win="20" bet="20" muck="1" rebuy="0" addon="0" merge="0" rebuychips="0" reg_code="5085682872"/>
<player seat="6" name="M1ky3ste92" chips="520" dealer="1" win="0" bet="0" muck="1" rebuy="0" addon="0" merge="0" rebuychips="0" reg_code="5085682921"/>
<player seat="10" name="LolloCausto" chips="480" dealer="0" win="0" bet="10" muck="1" rebuy="0" addon="0" merge="0" rebuychips="0" reg_code="5085682951"/>
</players>
</general>
<round no="0"><action no="1" player="LolloCausto" type="1" discard="1" dealt="1" sum="10"/>
<action no="2" player="zigurella" type="2" discard="1" dealt="1" sum="20"/>
</round>
<round no="1"><cards type="Pocket" player="M1ky3ste92">S4 D3</cards>
<cards type="Pocket" player="zigurella">X X</cards>
<cards type="Pocket" player="LolloCausto">X X</cards>
<action no="3" player="M1ky3ste92" type="0" sum="0"/>
<action no="4" player="LolloCausto" type="0" discard="1" dealt="1" sum="0"/>
</round>
</game>
<game gamecode="6579889823"><general>
<startdate>2026-01-02 14:14:13</startdate>
<round>1</round>
<failsafecounter/>
<players><player seat="6" name="M1ky3ste92" chips="520" dealer="0" win="0" bet="20" muck="1" rebuy="0" addon="0" merge="0" rebuychips="0" reg_code="5085682921"/>
<player seat="10" name="LolloCausto" chips="470" dealer="1" win="220" bet="240" muck="1" rebuy="0" addon="0" merge="0" rebuychips="0" reg_code="5085682951"/>
<player seat="3" name="zigurella" chips="510" dealer="0" win="0" bet="100" muck="1" rebuy="0" addon="0" merge="0" rebuychips="0" reg_code="5085682872"/>
</players>
</general>
<round no="0"><action no="1" player="zigurella" type="1" discard="1" dealt="1" sum="10"/>
<action no="2" player="M1ky3ste92" type="2" sum="20"/>
</round>
<round no="1"><cards type="Pocket" player="LolloCausto">X X</cards>
<cards type="Pocket" player="zigurella">X X</cards>
<cards type="Pocket" player="M1ky3ste92">D3 C2</cards>
<action no="3" player="LolloCausto" type="23" discard="1" dealt="1" sum="40"/>
<action no="4" player="zigurella" type="3" discard="1" dealt="1" sum="30"/>
<action no="5" player="M1ky3ste92" type="0" sum="0"/>
</round>
<round no="2"><cards type="Flop">DA C4 C9</cards>
<action no="6" player="zigurella" type="5" discard="1" dealt="1" sum="60"/>
<action no="7" player="LolloCausto" type="3" discard="1" dealt="1" sum="60"/>
</round>
<round no="3"><cards type="Turn">S2</cards>
<action no="8" player="zigurella" type="4" discard="1" dealt="1" sum="0"/>
<action no="9" player="LolloCausto" type="5" discard="1" dealt="1" sum="140"/>
<action no="10" player="zigurella" type="0" discard="1" dealt="1" sum="0"/>
</round>
</game>
<game gamecode="6579889996"><general>
<startdate>2026-01-02 14:14:39</startdate>
<round>1</round>
<failsafecounter/>
<players><player seat="10" name="LolloCausto" chips="590" dealer="0" win="0" bet="120" muck="1" rebuy="0" addon="0" merge="0" rebuychips="0" reg_code="5085682951"/>
<player seat="3" name="zigurella" chips="410" dealer="1" win="250" bet="220" muck="1" rebuy="0" addon="0" merge="0" rebuychips="0" reg_code="5085682872"/>
<player seat="6" name="M1ky3ste92" chips="500" dealer="0" win="0" bet="10" muck="1" rebuy="0" addon="0" merge="0" rebuychips="0" reg_code="5085682921"/>
</players>
</general>
<round no="0"><action no="1" player="M1ky3ste92" type="1" sum="10"/>
<action no="2" player="LolloCausto" type="2" discard="1" dealt="1" sum="20"/>
</round>
<round no="1"><cards type="Pocket" player="M1ky3ste92">H8 S9</cards>
<cards type="Pocket" player="zigurella">X X</cards>
<cards type="Pocket" player="LolloCausto">X X</cards>
<action no="3" player="zigurella" type="23" discard="1" dealt="1" sum="80"/>
<action no="4" player="M1ky3ste92" type="0" sum="0"/>
<action no="5" player="LolloCausto" type="3" discard="1" dealt="1" sum="60"/>
</round>
<round no="2"><cards type="Flop">CA D8 HJ</cards>
<action no="6" player="LolloCausto" type="4" discard="1" dealt="1" sum="0"/>
<action no="7" player="zigurella" type="5" discard="1" dealt="1" sum="40"/>
<action no="8" player="LolloCausto" type="3" discard="1" dealt="1" sum="40"/>
</round>
<round no="3"><cards type="Turn">H7</cards>
<action no="9" player="LolloCausto" type="4" discard="1" dealt="1" sum="0"/>
<action no="10" player="zigurella" type="5" discard="1" dealt="1" sum="100"/>
<action no="11" player="LolloCausto" type="0" discard="1" dealt="1" sum="0"/>
</round>
</game>
<game gamecode="6579890155"><general>
<startdate>2026-01-02 14:15:05</startdate>
<round>1</round>
<failsafecounter/>
<players><player seat="3" name="zigurella" chips="540" dealer="0" win="0" bet="35" muck="1" rebuy="0" addon="0" merge="0" rebuychips="0" reg_code="5085682872"/>
<player seat="6" name="M1ky3ste92" chips="490" dealer="1" win="975" bet="470" muck="0" rebuy="0" addon="0" merge="0" rebuychips="0" reg_code="5085682921"/>
<player seat="10" name="LolloCausto" chips="470" dealer="0" win="0" bet="470" muck="0" rebuy="0" addon="0" merge="0" rebuychips="0" reg_code="5085682951"/>
</players>
</general>
<round no="0"><action no="1" player="LolloCausto" type="15" discard="1" dealt="1" sum="5"/>
<action no="2" player="zigurella" type="15" discard="1" dealt="1" sum="5"/>
<action no="3" player="M1ky3ste92" type="15" sum="5"/>
<action no="4" player="LolloCausto" type="1" discard="1" dealt="1" sum="15"/>
<action no="5" player="zigurella" type="2" discard="1" dealt="1" sum="30"/>
</round>
<round no="1"><cards type="Pocket" player="LolloCausto">CK S10</cards>
<cards type="Pocket" player="zigurella">X X</cards>
<cards type="Pocket" player="M1ky3ste92">DA SQ</cards>
<action no="6" player="M1ky3ste92" type="23" sum="60"/>
<action no="7" player="LolloCausto" type="23" discard="1" dealt="1" sum="465"/>
<action no="8" player="zigurella" type="0" discard="1" dealt="1" sum="0"/>
<action no="9" player="M1ky3ste92" type="3" sum="405"/>
</round>
<round no="2"><cards type="Flop">D2 CJ CA</cards>
</round>
<round no="3"><cards type="Turn">D6</cards>
</round>
<round no="4"><cards type="River">H3</cards>
</round>
</game>
<game gamecode="6579890383"><general>
<startdate>2026-01-02 14:15:38</startdate>
<round>1</round>
<failsafecounter/>
<players><player seat="6" name="M1ky3ste92" chips="995" dealer="0" win="70" bet="995" muck="1" rebuy="0" addon="0" merge="0" rebuychips="0" reg_code="5085682921"/>
<player seat="3" name="zigurella" chips="505" dealer="1" win="0" bet="35" muck="1" rebuy="0" addon="0" merge="0" rebuychips="0" reg_code="5085682872"/>
</players>
</general>
<round no="0"><action no="1" player="zigurella" type="15" discard="1" dealt="1" sum="5"/>
<action no="2" player="M1ky3ste92" type="15" sum="5"/>
<action no="3" player="zigurella" type="1" discard="1" dealt="1" sum="15"/>
<action no="4" player="M1ky3ste92" type="2" sum="30"/>
</round>
<round no="1"><cards type="Pocket" player="zigurella">X X</cards>
<cards type="Pocket" player="M1ky3ste92">D2 SA</cards>
<action no="5" player="zigurella" type="3" discard="1" dealt="1" sum="15"/>
<action no="6" player="M1ky3ste92" type="23" sum="990"/>
<action no="7" player="zigurella" type="0" discard="1" dealt="1" sum="0"/>
</round>
</game>
<game gamecode="6579893980"><general>
<startdate>2026-01-02 14:15:48</startdate>
<round>1</round>
<failsafecounter/>
<players><player seat="3" name="zigurella" chips="470" dealer="0" win="0" bet="35" muck="1" rebuy="0" addon="0" merge="0" rebuychips="0" reg_code="5085682872"/>
<player seat="6" name="M1ky3ste92" chips="1,030" dealer="1" win="70" bet="35" muck="0" rebuy="0" addon="0" merge="0" rebuychips="0" reg_code="5085682921"/>
</players>
</general>
<round no="0"><action no="1" player="M1ky3ste92" type="15" sum="5"/>
<action no="2" player="zigurella" type="15" discard="1" dealt="1" sum="5"/>
<action no="3" player="M1ky3ste92" type="1" sum="15"/>
<action no="4" player="zigurella" type="2" discard="1" dealt="1" sum="30"/>
</round>
<round no="1"><cards type="Pocket" player="zigurella">HJ C7</cards>
<cards type="Pocket" player="M1ky3ste92">DJ C6</cards>
<action no="5" player="M1ky3ste92" type="3" sum="15"/>
<action no="6" player="zigurella" type="4" discard="1" dealt="1" sum="0"/>
</round>
<round no="2"><cards type="Flop">C3 S2 CQ</cards>
<action no="7" player="zigurella" type="4" discard="1" dealt="1" sum="0"/>
<action no="8" player="M1ky3ste92" type="4" sum="0"/>
</round>
<round no="3"><cards type="Turn">H9</cards>
<action no="9" player="zigurella" type="4" discard="1" dealt="1" sum="0"/>
<action no="10" player="M1ky3ste92" type="4" sum="0"/>
</round>
<round no="4"><cards type="River">S6</cards>
<action no="11" player="zigurella" type="4" discard="1" dealt="1" sum="0"/>
<action no="12" player="M1ky3ste92" type="4" sum="0"/>
</round>
</game>
<game gamecode="6579894108"><general>
<startdate>2026-01-02 14:16:09</startdate>
<round>1</round>
<failsafecounter/>
<players><player seat="6" name="M1ky3ste92" chips="1,065" dealer="0" win="0" bet="35" muck="1" rebuy="0" addon="0" merge="0" rebuychips="0" reg_code="5085682921"/>
<player seat="3" name="zigurella" chips="435" dealer="1" win="70" bet="125" muck="1" rebuy="0" addon="0" merge="0" rebuychips="0" reg_code="5085682872"/>
</players>
</general>
<round no="0"><action no="1" player="zigurella" type="15" discard="1" dealt="1" sum="5"/>
<action no="2" player="M1ky3ste92" type="15" sum="5"/>
<action no="3" player="zigurella" type="1" discard="1" dealt="1" sum="15"/>
<action no="4" player="M1ky3ste92" type="2" sum="30"/>
</round>
<round no="1"><cards type="Pocket" player="M1ky3ste92">S7 H9</cards>
<cards type="Pocket" player="zigurella">X X</cards>
<action no="5" player="zigurella" type="23" discard="1" dealt="1" sum="120"/>
<action no="6" player="M1ky3ste92" type="0" sum="0"/>
</round>
</game>
<game gamecode="6579894164"><general>
<startdate>2026-01-02 14:16:17</startdate>
<round>1</round>
<failsafecounter/>
<players><player seat="3" name="zigurella" chips="470" dealer="0" win="0" bet="35" muck="1" rebuy="0" addon="0" merge="0" rebuychips="0" reg_code="5085682872"/>
<player seat="6" name="M1ky3ste92" chips="1,030" dealer="1" win="70" bet="65" muck="1" rebuy="0" addon="0" merge="0" rebuychips="0" reg_code="5085682921"/>
</players>
</general>
<round no="0"><action no="1" player="M1ky3ste92" type="15" sum="5"/>
<action no="2" player="zigurella" type="15" discard="1" dealt="1" sum="5"/>
<action no="3" player="M1ky3ste92" type="1" sum="15"/>
<action no="4" player="zigurella" type="2" discard="1" dealt="1" sum="30"/>
</round>
<round no="1"><cards type="Pocket" player="zigurella">X X</cards>
<cards type="Pocket" player="M1ky3ste92">C3 DQ</cards>
<action no="5" player="M1ky3ste92" type="3" sum="15"/>
<action no="6" player="zigurella" type="4" discard="1" dealt="1" sum="0"/>
</round>
<round no="2"><cards type="Flop">HK SA D5</cards>
<action no="7" player="zigurella" type="4" discard="1" dealt="1" sum="0"/>
<action no="8" player="M1ky3ste92" type="5" sum="30"/>
<action no="9" player="zigurella" type="0" discard="1" dealt="1" sum="0"/>
</round>
</game>
<game gamecode="6579894234"><general>
<startdate>2026-01-02 14:16:29</startdate>
<round>1</round>
<failsafecounter/>
<players><player seat="6" name="M1ky3ste92" chips="1,065" dealer="0" win="0" bet="85" muck="1" rebuy="0" addon="0" merge="0" rebuychips="0" reg_code="5085682921"/>
<player seat="3" name="zigurella" chips="435" dealer="1" win="170" bet="125" muck="1" rebuy="0" addon="0" merge="0" rebuychips="0" reg_code="5085682872"/>
</players>
</general>
<round no="0"><action no="1" player="zigurella" type="15" discard="1" dealt="1" sum="5"/>
<action no="2" player="M1ky3ste92" type="15" sum="5"/>
<action no="3" player="zigurella" type="1" discard="1" dealt="1" sum="20"/>
<action no="4" player="M1ky3ste92" type="2" sum="40"/>
</round>
<round no="1"><cards type="Pocket" player="zigurella">X X</cards>
<cards type="Pocket" player="M1ky3ste92">C8 C3</cards>
<action no="5" player="zigurella" type="23" discard="1" dealt="1" sum="80"/>
<action no="6" player="M1ky3ste92" type="3" sum="40"/>
</round>
<round no="2"><cards type="Flop">SQ SK SJ</cards>
<action no="7" player="M1ky3ste92" type="4" sum="0"/>
<action no="8" player="zigurella" type="5" discard="1" dealt="1" sum="40"/>
<action no="9" player="M1ky3ste92" type="0" sum="0"/>
</round>
</game>
<game gamecode="6579894326"><general>
<startdate>2026-01-02 14:16:43</startdate>
<round>1</round>
<failsafecounter/>
<players><player seat="3" name="zigurella" chips="520" dealer="0" win="0" bet="520" muck="0" rebuy="0" addon="0" merge="0" rebuychips="0" reg_code="5085682872"/>
<player seat="6" name="M1ky3ste92" chips="980" dealer="1" win="1,040" bet="520" muck="0" rebuy="0" addon="0" merge="0" rebuychips="0" reg_code="5085682921"/>
</players>
</general>
<round no="0"><action no="1" player="M1ky3ste92" type="15" sum="5"/>
<action no="2" player="zigurella" type="15" discard="1" dealt="1" sum="5"/>
<action no="3" player="M1ky3ste92" type="1" sum="20"/>
<action no="4" player="zigurella" type="2" discard="1" dealt="1" sum="40"/>
</round>
<round no="1"><cards type="Pocket" player="M1ky3ste92">S9 SJ</cards>
<cards type="Pocket" player="zigurella">S7 C7</cards>
<action no="5" player="M1ky3ste92" type="3" sum="20"/>
<action no="6" player="zigurella" type="23" discard="1" dealt="1" sum="120"/>
<action no="7" player="M1ky3ste92" type="3" sum="80"/>
</round>
<round no="2"><cards type="Flop">HK HJ CJ</cards>
<action no="8" player="zigurella" type="5" discard="1" dealt="1" sum="250"/>
<action no="9" player="M1ky3ste92" type="3" sum="250"/>
</round>
<round no="3"><cards type="Turn">C6</cards>
<action no="10" player="zigurella" type="5" discard="1" dealt="1" sum="145"/>
<action no="11" player="M1ky3ste92" type="3" sum="145"/>
</round>
<round no="4"><cards type="River">S10</cards>
</round>
</game>
</session>
