<?xml version="1.0" encoding="UTF-8"?>
<session sessioncode="5085678810">
<general>
<client_version>25.7.1.50</client_version>
<mode>real</mode>
<gametype>Holdem NL</gametype>
<tablename>Twister €100 SNG, 825406055</tablename>
<tournamentcode>825406054</tournamentcode>
<tournamentname>Twister €100 SNG</tournamentname>
<buyin>€0 + €7 + €93</buyin>
<totalbuyin>€100</totalbuyin>
<rewarddrawn>€300</rewarddrawn>
<tournamentcurrency>EUR</tournamentcurrency>
<currency>EUR</currency>
<nickname>M1ky3ste92</nickname>
<gamecount>20</gamecount>
<startdate>2026-01-02 13:54:46</startdate>
<place>1</place>
<win>€300</win>
<tablesize>3</tablesize>
</general>
<game gamecode="6579872347"><general>
<startdate>2026-01-02 13:55:01</startdate>
<round>1</round>
<failsafecounter/>
<players><player seat="10" name="M1ky3ste92" chips="500" dealer="0" win="314" bet="152" muck="0" rebuy="0" addon="0" merge="0" rebuychips="0" reg_code="5085678810"/>
<player seat="3" name="LolloCausto" chips="500" dealer="1" win="0" bet="152" muck="1" rebuy="0" addon="0" merge="0" rebuychips="0" reg_code="5085678673"/>
<player seat="6" name="rass65" chips="500" dealer="0" win="0" bet="10" muck="1" rebuy="0" addon="0" merge="0" rebuychips="0" reg_code="5085678803"/>
</players>
</general>
<round no="0"><action no="1" player="rass65" type="1" discard="1" dealt="1" sum="10"/>
<action no="2" player="M1ky3ste92" type="2" sum="20"/>
</round>
<round no="1"><cards type="Pocket" player="rass65">X X</cards>
<cards type="Pocket" player="M1ky3ste92">D8 CK</cards>
<cards type="Pocket" player="LolloCausto">DK D6</cards>
<action no="3" player="LolloCausto" type="23" discard="1" dealt="1" sum="40"/>
<action no="4" player="rass65" type="0" discard="1" dealt="1" sum="0"/>
<action no="5" player="M1ky3ste92" type="3" sum="20"/>
</round>
<round no="2"><cards type="Flop">D2 C8 H2</cards>
<action no="6" player="M1ky3ste92" type="4" sum="0"/>
<action no="7" player="LolloCausto" type="5" discard="1" dealt="1" sum="24"/>
<action no="8" player="M1ky3ste92" type="3" sum="24"/>
</round>
<round no="3"><cards type="Turn">HQ</cards>
<action no="9" player="M1ky3ste92" type="4" sum="0"/>
<action no="10" player="LolloCausto" type="5" discard="1" dealt="1" sum="88"/>
<action no="11" player="M1ky3ste92" type="3" sum="88"/>
</round>
<round no="4"><cards type="River">CA</cards>
<action no="12" player="M1ky3ste92" type="4" sum="0"/>
<action no="13" player="LolloCausto" type="4" discard="1" dealt="1" sum="0"/>
</round>
</game>
<game gamecode="6579872602"><general>
<startdate>2026-01-02 13:55:46</startdate>
<round>1</round>
<failsafecounter/>
<players><player seat="3" name="LolloCausto" chips="348" dealer="0" win="0" bet="40" muck="1" rebuy="0" addon="0" merge="0" rebuychips="0" reg_code="5085678673"/>
<player seat="6" name="rass65" chips="490" dealer="1" win="90" bet="40" muck="0" rebuy="0" addon="0" merge="0" rebuychips="0" reg_code="5085678803"/>
<player seat="10" name="M1ky3ste92" chips="662" dealer="0" win="0" bet="10" muck="1" rebuy="0" addon="0" merge="0" rebuychips="0" reg_code="5085678810"/>
</players>
</general>
<round no="0"><action no="1" player="M1ky3ste92" type="1" sum="10"/>
<action no="2" player="LolloCausto" type="2" discard="1" dealt="1" sum="20"/>
</round>
<round no="1"><cards type="Pocket" player="LolloCausto">S6 SQ</cards>
<cards type="Pocket" player="M1ky3ste92">D9 C4</cards>
<cards type="Pocket" player="rass65">C2 CA</cards>
<action no="3" player="rass65" type="23" discard="1" dealt="1" sum="40"/>
<action no="4" player="M1ky3ste92" type="0" sum="0"/>
<action no="5" player="LolloCausto" type="3" discard="1" dealt="1" sum="20"/>
</round>
<round no="2"><cards type="Flop">S4 HJ S8</cards>
<action no="6" player="LolloCausto" type="4" discard="1" dealt="1" sum="0"/>
<action no="7" player="rass65" type="4" discard="1" dealt="1" sum="0"/>
</round>
<round no="3"><cards type="Turn">C3</cards>
<action no="8" player="LolloCausto" type="4" discard="1" dealt="1" sum="0"/>
<action no="9" player="rass65" type="4" discard="1" dealt="1" sum="0"/>
</round>
<round no="4"><cards type="River">HK</cards>
<action no="10" player="LolloCausto" type="4" discard="1" dealt="1" sum="0"/>
<action no="11" player="rass65" type="4" discard="1" dealt="1" sum="0"/>
</round>
</game>
<game gamecode="6579872788"><general>
<startdate>2026-01-02 13:56:17</startdate>
<round>1</round>
<failsafecounter/>
<players><player seat="6" name="rass65" chips="540" dealer="0" win="0" bet="308" muck="1" rebuy="0" addon="0" merge="0" rebuychips="0" reg_code="5085678803"/>
<player seat="10" name="M1ky3ste92" chips="652" dealer="1" win="0" bet="0" muck="1" rebuy="0" addon="0" merge="0" rebuychips="0" reg_code="5085678810"/>
<player seat="3" name="LolloCausto" chips="308" dealer="0" win="616" bet="308" muck="0" rebuy="0" addon="0" merge="0" rebuychips="0" reg_code="5085678673"/>
</players>
</general>
<round no="0"><action no="1" player="LolloCausto" type="1" discard="1" dealt="1" sum="10"/>
<action no="2" player="rass65" type="2" discard="1" dealt="1" sum="20"/>
</round>
<round no="1"><cards type="Pocket" player="LolloCausto">C6 D6</cards>
<cards type="Pocket" player="M1ky3ste92">H4 H2</cards>
<cards type="Pocket" player="rass65">HQ C8</cards>
<action no="3" player="M1ky3ste92" type="0" sum="0"/>
<action no="4" player="LolloCausto" type="23" discard="1" dealt="1" sum="40"/>
<action no="5" player="rass65" type="3" discard="1" dealt="1" sum="20"/>
</round>
<round no="2"><cards type="Flop">S7 HA C4</cards>
<action no="6" player="LolloCausto" type="5" discard="1" dealt="1" sum="21"/>
<action no="7" player="rass65" type="3" discard="1" dealt="1" sum="21"/>
</round>
<round no="3"><cards type="Turn">S6</cards>
<action no="8" player="LolloCausto" type="5" discard="1" dealt="1" sum="78"/>
<action no="9" player="rass65" type="3" discard="1" dealt="1" sum="78"/>
</round>
<round no="4"><cards type="River">S8</cards>
<action no="10" player="LolloCausto" type="5" discard="1" dealt="1" sum="169"/>
<action no="11" player="rass65" type="3" discard="1" dealt="1" sum="169"/>
</round>
</game>
<game gamecode="6579872979"><general>
<startdate>2026-01-02 13:56:48</startdate>
<round>1</round>
<failsafecounter/>
<players><player seat="10" name="M1ky3ste92" chips="652" dealer="0" win="0" bet="35" muck="1" rebuy="0" addon="0" merge="0" rebuychips="0" reg_code="5085678810"/>
<player seat="3" name="LolloCausto" chips="616" dealer="1" win="0" bet="616" muck="0" rebuy="0" addon="0" merge="0" rebuychips="0" reg_code="5085678673"/>
<player seat="6" name="rass65" chips="232" dealer="0" win="499" bet="232" muck="0" rebuy="0" addon="0" merge="0" rebuychips="0" reg_code="5085678803"/>
</players>
</general>
<round no="0"><action no="1" player="rass65" type="15" discard="1" dealt="1" sum="5"/>
<action no="2" player="M1ky3ste92" type="15" sum="5"/>
<action no="3" player="LolloCausto" type="15" discard="1" dealt="1" sum="5"/>
<action no="4" player="rass65" type="1" discard="1" dealt="1" sum="15"/>
<action no="5" player="M1ky3ste92" type="2" sum="30"/>
</round>
<round no="1"><cards type="Pocket" player="M1ky3ste92">C10 H2</cards>
<cards type="Pocket" player="rass65">DK C8</cards>
<cards type="Pocket" player="LolloCausto">C2 S2</cards>
<action no="6" player="LolloCausto" type="23" discard="1" dealt="1" sum="611"/>
<action no="7" player="rass65" type="7" discard="1" dealt="1" sum="212"/>
<action no="8" player="M1ky3ste92" type="0" sum="0"/>
</round>
<round no="2"><cards type="Flop">H3 H7 S4</cards>
</round>
<round no="3"><cards type="Turn">CK</cards>
</round>
<round no="4"><cards type="River">D6</cards>
</round>
</game>
<game gamecode="6579873076"><general>
<startdate>2026-01-02 13:57:05</startdate>
<round>1</round>
<failsafecounter/>
<players><player seat="3" name="LolloCausto" chips="384" dealer="0" win="45" bet="35" muck="1" rebuy="0" addon="0" merge="0" rebuychips="0" reg_code="5085678673"/>
<player seat="6" name="rass65" chips="499" dealer="1" win="0" bet="5" muck="1" rebuy="0" addon="0" merge="0" rebuychips="0" reg_code="5085678803"/>
<player seat="10" name="M1ky3ste92" chips="617" dealer="0" win="0" bet="20" muck="1" rebuy="0" addon="0" merge="0" rebuychips="0" reg_code="5085678810"/>
</players>
</general>
<round no="0"><action no="1" player="M1ky3ste92" type="15" sum="5"/>
<action no="2" player="LolloCausto" type="15" discard="1" dealt="1" sum="5"/>
<action no="3" player="rass65" type="15" discard="1" dealt="1" sum="5"/>
<action no="4" player="M1ky3ste92" type="1" sum="15"/>
<action no="5" player="LolloCausto" type="2" discard="1" dealt="1" sum="30"/>
</round>
<round no="1"><cards type="Pocket" player="rass65">X X</cards>
<cards type="Pocket" player="M1ky3ste92">CJ D2</cards>
<cards type="Pocket" player="LolloCausto">X X</cards>
<action no="6" player="rass65" type="0" discard="1" dealt="1" sum="0"/>
<action no="7" player="M1ky3ste92" type="0" sum="0"/>
</round>
</game>
<game gamecode="6579873128"><general>
<startdate>2026-01-02 13:57:14</startdate>
<round>1</round>
<failsafecounter/>
<players><player seat="6" name="rass65" chips="494" dealer="0" win="0" bet="35" muck="1" rebuy="0" addon="0" merge="0" rebuychips="0" reg_code="5085678803"/>
<player seat="10" name="M1ky3ste92" chips="597" dealer="1" win="0" bet="5" muck="1" rebuy="0" addon="0" merge="0" rebuychips="0" reg_code="5085678810"/>
<player seat="3" name="LolloCausto" chips="409" dealer="0" win="75" bet="409" muck="1" rebuy="0" addon="0" merge="0" rebuychips="0" reg_code="5085678673"/>
</players>
</general>
<round no="0"><action no="1" player="LolloCausto" type="15" discard="1" dealt="1" sum="5"/>
<action no="2" player="rass65" type="15" discard="1" dealt="1" sum="5"/>
<action no="3" player="M1ky3ste92" type="15" sum="5"/>
<action no="4" player="LolloCausto" type="1" discard="1" dealt="1" sum="15"/>
<action no="5" player="rass65" type="2" discard="1" dealt="1" sum="30"/>
</round>
<round no="1"><cards type="Pocket" player="rass65">X X</cards>
<cards type="Pocket" player="LolloCausto">X X</cards>
<cards type="Pocket" player="M1ky3ste92">H10 S9</cards>
<action no="6" player="M1ky3ste92" type="0" sum="0"/>
<action no="7" player="LolloCausto" type="23" discard="1" dealt="1" sum="404"/>
<action no="8" player="rass65" type="0" discard="1" dealt="1" sum="0"/>
</round>
</game>
<game gamecode="6579873228"><general>
<startdate>2026-01-02 13:57:29</startdate>
<round>1</round>
<failsafecounter/>
<players><player seat="10" name="M1ky3ste92" chips="592" dealer="0" win="45" bet="35" muck="1" rebuy="0" addon="0" merge="0" rebuychips="0" reg_code="5085678810"/>
<player seat="3" name="LolloCausto" chips="449" dealer="1" win="0" bet="5" muck="1" rebuy="0" addon="0" merge="0" rebuychips="0" reg_code="5085678673"/>
<player seat="6" name="rass65" chips="459" dealer="0" win="0" bet="20" muck="1" rebuy="0" addon="0" merge="0" rebuychips="0" reg_code="5085678803"/>
</players>
</general>
<round no="0"><action no="1" player="rass65" type="15" discard="1" dealt="1" sum="5"/>
<action no="2" player="M1ky3ste92" type="15" sum="5"/>
<action no="3" player="LolloCausto" type="15" discard="1" dealt="1" sum="5"/>
<action no="4" player="rass65" type="1" discard="1" dealt="1" sum="15"/>
<action no="5" player="M1ky3ste92" type="2" sum="30"/>
</round>
<round no="1"><cards type="Pocket" player="M1ky3ste92">S6 S3</cards>
<cards type="Pocket" player="LolloCausto">X X</cards>
<cards type="Pocket" player="rass65">X X</cards>
<action no="6" player="LolloCausto" type="0" discard="1" dealt="1" sum="0"/>
<action no="7" player="rass65" type="0" discard="1" dealt="1" sum="0"/>
</round>
</game>
<game gamecode="6579873265"><general>
<startdate>2026-01-02 13:57:35</startdate>
<round>1</round>
<failsafecounter/>
<players><player seat="3" name="LolloCausto" chips="444" dealer="0" win="45" bet="35" muck="1" rebuy="0" addon="0" merge="0" rebuychips="0" reg_code="5085678673"/>
<player seat="6" name="rass65" chips="439" dealer="1" win="0" bet="5" muck="1" rebuy="0" addon="0" merge="0" rebuychips="0" reg_code="5085678803"/>
<player seat="10" name="M1ky3ste92" chips="617" dealer="0" win="0" bet="20" muck="1" rebuy="0" addon="0" merge="0" rebuychips="0" reg_code="5085678810"/>
</players>
</general>
<round no="0"><action no="1" player="M1ky3ste92" type="15" sum="5"/>
<action no="2" player="LolloCausto" type="15" discard="1" dealt="1" sum="5"/>
<action no="3" player="rass65" type="15" discard="1" dealt="1" sum="5"/>
<action no="4" player="M1ky3ste92" type="1" sum="15"/>
<action no="5" player="LolloCausto" type="2" discard="1" dealt="1" sum="30"/>
</round>
<round no="1"><cards type="Pocket" player="LolloCausto">X X</cards>
<cards type="Pocket" player="M1ky3ste92">D4 C10</cards>
<cards type="Pocket" player="rass65">X X</cards>
<action no="6" player="rass65" type="0" discard="1" dealt="1" sum="0"/>
<action no="7" player="M1ky3ste92" type="0" sum="0"/>
</round>
</game>
<game gamecode="6579873340"><general>
<startdate>2026-01-02 13:57:49</startdate>
<round>1</round>
<failsafecounter/>
<players><player seat="6" name="rass65" chips="434" dealer="0" win="255" bet="125" muck="0" rebuy="0" addon="0" merge="0" rebuychips="0" reg_code="5085678803"/>
<player seat="10" name="M1ky3ste92" chips="597" dealer="1" win="0" bet="5" muck="1" rebuy="0" addon="0" merge="0" rebuychips="0" reg_code="5085678810"/>
<player seat="3" name="LolloCausto" chips="469" dealer="0" win="0" bet="125" muck="1" rebuy="0" addon="0" merge="0" rebuychips="0" reg_code="5085678673"/>
</players>
</general>
<round no="0"><action no="1" player="LolloCausto" type="15" discard="1" dealt="1" sum="5"/>
<action no="2" player="rass65" type="15" discard="1" dealt="1" sum="5"/>
<action no="3" player="M1ky3ste92" type="15" sum="5"/>
<action no="4" player="LolloCausto" type="1" discard="1" dealt="1" sum="15"/>
<action no="5" player="rass65" type="2" discard="1" dealt="1" sum="30"/>
</round>
<round no="1"><cards type="Pocket" player="M1ky3ste92">D10 D2</cards>
<cards type="Pocket" player="LolloCausto">D5 HK</cards>
<cards type="Pocket" player="rass65">S9 H8</cards>
<action no="6" player="M1ky3ste92" type="0" sum="0"/>
<action no="7" player="LolloCausto" type="3" discard="1" dealt="1" sum="15"/>
<action no="8" player="rass65" type="4" discard="1" dealt="1" sum="0"/>
</round>
<round no="2"><cards type="Flop">D9 C9 CK</cards>
<action no="9" player="LolloCausto" type="5" discard="1" dealt="1" sum="30"/>
<action no="10" player="rass65" type="3" discard="1" dealt="1" sum="30"/>
</round>
<round no="3"><cards type="Turn">S3</cards>
<action no="11" player="LolloCausto" type="4" discard="1" dealt="1" sum="0"/>
<action no="12" player="rass65" type="5" discard="1" dealt="1" sum="60"/>
<action no="13" player="LolloCausto" type="3" discard="1" dealt="1" sum="60"/>
</round>
<round no="4"><cards type="River">C2</cards>
<action no="14" player="LolloCausto" type="4" discard="1" dealt="1" sum="0"/>
<action no="15" player="rass65" type="4" discard="1" dealt="1" sum="0"/>
</round>
</game>
<game gamecode="6579873562"><general>
<startdate>2026-01-02 13:58:26</startdate>
<round>1</round>
<failsafecounter/>
<players><player seat="10" name="M1ky3ste92" chips="592" dealer="0" win="95" bet="592" muck="1" rebuy="0" addon="0" merge="0" rebuychips="0" reg_code="5085678810"/>
<player seat="3" name="LolloCausto" chips="344" dealer="1" win="0" bet="5" muck="1" rebuy="0" addon="0" merge="0" rebuychips="0" reg_code="5085678673"/>
<player seat="6" name="rass65" chips="564" dealer="0" win="0" bet="45" muck="1" rebuy="0" addon="0" merge="0" rebuychips="0" reg_code="5085678803"/>
</players>
</general>
<round no="0"><action no="1" player="rass65" type="15" discard="1" dealt="1" sum="5"/>
<action no="2" player="M1ky3ste92" type="15" sum="5"/>
<action no="3" player="LolloCausto" type="15" discard="1" dealt="1" sum="5"/>
<action no="4" player="rass65" type="1" discard="1" dealt="1" sum="20"/>
<action no="5" player="M1ky3ste92" type="2" sum="40"/>
</round>
<round no="1"><cards type="Pocket" player="LolloCausto">X X</cards>
<cards type="Pocket" player="rass65">X X</cards>
<cards type="Pocket" player="M1ky3ste92">H7 SA</cards>
<action no="6" player="LolloCausto" type="0" discard="1" dealt="1" sum="0"/>
<action no="7" player="rass65" type="3" discard="1" dealt="1" sum="20"/>
<action no="8" player="M1ky3ste92" type="23" sum="587"/>
<action no="9" player="rass65" type="0" discard="1" dealt="1" sum="0"/>
</round>
</game>
<game gamecode="6579873669"><general>
<startdate>2026-01-02 13:58:44</startdate>
<round>1</round>
<failsafecounter/>
<players><player seat="3" name="LolloCausto" chips="339" dealer="0" win="0" bet="45" muck="1" rebuy="0" addon="0" merge="0" rebuychips="0" reg_code="5085678673"/>
<player seat="6" name="rass65" chips="519" dealer="1" win="115" bet="85" muck="1" rebuy="0" addon="0" merge="0" rebuychips="0" reg_code="5085678803"/>
<player seat="10" name="M1ky3ste92" chips="642" dealer="0" win="0" bet="25" muck="1" rebuy="0" addon="0" merge="0" rebuychips="0" reg_code="5085678810"/>
</players>
</general>
<round no="0"><action no="1" player="M1ky3ste92" type="15" sum="5"/>
<action no="2" player="LolloCausto" type="15" discard="1" dealt="1" sum="5"/>
<action no="3" player="rass65" type="15" discard="1" dealt="1" sum="5"/>
<action no="4" player="M1ky3ste92" type="1" sum="20"/>
<action no="5" player="LolloCausto" type="2" discard="1" dealt="1" sum="40"/>
</round>
<round no="1"><cards type="Pocket" player="rass65">X X</cards>
<cards type="Pocket" player="LolloCausto">X X</cards>
<cards type="Pocket" player="M1ky3ste92">SQ H4</cards>
<action no="6" player="rass65" type="23" discard="1" dealt="1" sum="80"/>
<action no="7" player="M1ky3ste92" type="0" sum="0"/>
<action no="8" player="LolloCausto" type="0" discard="1" dealt="1" sum="0"/>
</round>
</game>
<game gamecode="6579873740"><general>
<startdate>2026-01-02 13:58:56</startdate>
<round>1</round>
<failsafecounter/>
<players><player seat="6" name="rass65" chips="589" dealer="0" win="0" bet="45" muck="1" rebuy="0" addon="0" merge="0" rebuychips="0" reg_code="5085678803"/>
<player seat="10" name="M1ky3ste92" chips="617" dealer="1" win="0" bet="5" muck="1" rebuy="0" addon="0" merge="0" rebuychips="0" reg_code="5085678810"/>
<player seat="3" name="LolloCausto" chips="294" dealer="0" win="95" bet="294" muck="1" rebuy="0" addon="0" merge="0" rebuychips="0" reg_code="5085678673"/>
</players>
</general>
<round no="0"><action no="1" player="LolloCausto" type="15" discard="1" dealt="1" sum="5"/>
<action no="2" player="rass65" type="15" discard="1" dealt="1" sum="5"/>
<action no="3" player="M1ky3ste92" type="15" sum="5"/>
<action no="4" player="LolloCausto" type="1" discard="1" dealt="1" sum="20"/>
<action no="5" player="rass65" type="2" discard="1" dealt="1" sum="40"/>
</round>
<round no="1"><cards type="Pocket" player="M1ky3ste92">H5 D3</cards>
<cards type="Pocket" player="LolloCausto">X X</cards>
<cards type="Pocket" player="rass65">X X</cards>
<action no="6" player="M1ky3ste92" type="0" sum="0"/>
<action no="7" player="LolloCausto" type="23" discard="1" dealt="1" sum="289"/>
<action no="8" player="rass65" type="0" discard="1" dealt="1" sum="0"/>
</round>
</game>
<game gamecode="6579873815"><general>
<startdate>2026-01-02 13:59:06</startdate>
<round>1</round>
<failsafecounter/>
<players><player seat="10" name="M1ky3ste92" chips="612" dealer="0" win="1,093" bet="612" muck="0" rebuy="0" addon="0" merge="0" rebuychips="0" reg_code="5085678810"/>
<player seat="3" name="LolloCausto" chips="344" dealer="1" win="0" bet="5" muck="1" rebuy="0" addon="0" merge="0" rebuychips="0" reg_code="5085678673"/>
<player seat="6" name="rass65" chips="544" dealer="0" win="0" bet="544" muck="1" rebuy="0" addon="0" merge="0" rebuychips="0" reg_code="5085678803"/>
</players>
</general>
<round no="0"><action no="1" player="rass65" type="15" discard="1" dealt="1" sum="5"/>
<action no="2" player="M1ky3ste92" type="15" sum="5"/>
<action no="3" player="LolloCausto" type="15" discard="1" dealt="1" sum="5"/>
<action no="4" player="rass65" type="1" discard="1" dealt="1" sum="20"/>
<action no="5" player="M1ky3ste92" type="2" sum="40"/>
</round>
<round no="1"><cards type="Pocket" player="rass65">D7 HK</cards>
<cards type="Pocket" player="LolloCausto">X X</cards>
<cards type="Pocket" player="M1ky3ste92">SQ HJ</cards>
<action no="6" player="LolloCausto" type="0" discard="1" dealt="1" sum="0"/>
<action no="7" player="rass65" type="23" discard="1" dealt="1" sum="120"/>
<action no="8" player="M1ky3ste92" type="23" sum="607"/>
<action no="9" player="rass65" type="7" discard="1" dealt="1" sum="419"/>
</round>
<round no="2"><cards type="Flop">CQ D5 C7</cards>
</round>
<round no="3"><cards type="Turn">H4</cards>
</round>
<round no="4"><cards type="River">D8</cards>
</round>
</game>
<game gamecode="6579877369"><general>
<startdate>2026-01-02 13:59:37</startdate>
<round>1</round>
<failsafecounter/>
<players><player seat="3" name="LolloCausto" chips="339" dealer="0" win="50" bet="45" muck="1" rebuy="0" addon="0" merge="0" rebuychips="0" reg_code="5085678673"/>
<player seat="10" name="M1ky3ste92" chips="1,161" dealer="1" win="0" bet="25" muck="1" rebuy="0" addon="0" merge="0" rebuychips="0" reg_code="5085678810"/>
</players>
</general>
<round no="0"><action no="1" player="M1ky3ste92" type="15" sum="5"/>
<action no="2" player="LolloCausto" type="15" discard="1" dealt="1" sum="5"/>
<action no="3" player="M1ky3ste92" type="1" sum="20"/>
<action no="4" player="LolloCausto" type="2" discard="1" dealt="1" sum="40"/>
</round>
<round no="1"><cards type="Pocket" player="LolloCausto">X X</cards>
<cards type="Pocket" player="M1ky3ste92">D3 C9</cards>
<action no="5" player="M1ky3ste92" type="0" sum="0"/>
</round>
</game>
<game gamecode="6579877409"><general>
<startdate>2026-01-02 13:59:42</startdate>
<round>1</round>
<failsafecounter/>
<players><player seat="10" name="M1ky3ste92" chips="1,136" dealer="0" win="0" bet="45" muck="1" rebuy="0" addon="0" merge="0" rebuychips="0" reg_code="5085678810"/>
<player seat="3" name="LolloCausto" chips="364" dealer="1" win="90" bet="364" muck="1" rebuy="0" addon="0" merge="0" rebuychips="0" reg_code="5085678673"/>
</players>
</general>
<round no="0"><action no="1" player="LolloCausto" type="15" discard="1" dealt="1" sum="5"/>
<action no="2" player="M1ky3ste92" type="15" sum="5"/>
<action no="3" player="LolloCausto" type="1" discard="1" dealt="1" sum="20"/>
<action no="4" player="M1ky3ste92" type="2" sum="40"/>
</round>
<round no="1"><cards type="Pocket" player="M1ky3ste92">S5 S10</cards>
<cards type="Pocket" player="LolloCausto">X X</cards>
<action no="5" player="LolloCausto" type="23" discard="1" dealt="1" sum="359"/>
<action no="6" player="M1ky3ste92" type="0" sum="0"/>
</round>
</game>
<game gamecode="6579877503"><general>
<startdate>2026-01-02 13:59:56</startdate>
<round>1</round>
<failsafecounter/>
<players><player seat="3" name="LolloCausto" chips="409" dealer="0" win="818" bet="409" muck="0" rebuy="0" addon="0" merge="0" rebuychips="0" reg_code="5085678673"/>
<player seat="10" name="M1ky3ste92" chips="1,091" dealer="1" win="0" bet="1,091" muck="1" rebuy="0" addon="0" merge="0" rebuychips="0" reg_code="5085678810"/>
</players>
</general>
<round no="0"><action no="1" player="M1ky3ste92" type="15" sum="5"/>
<action no="2" player="LolloCausto" type="15" discard="1" dealt="1" sum="5"/>
<action no="3" player="M1ky3ste92" type="1" sum="20"/>
<action no="4" player="LolloCausto" type="2" discard="1" dealt="1" sum="40"/>
</round>
<round no="1"><cards type="Pocket" player="M1ky3ste92">DQ H9</cards>
<cards type="Pocket" player="LolloCausto">HA D5</cards>
<action no="5" player="M1ky3ste92" type="23" sum="1,086"/>
<action no="6" player="LolloCausto" type="7" discard="1" dealt="1" sum="364"/>
</round>
<round no="2"><cards type="Flop">DA C10 H10</cards>
</round>
<round no="3"><cards type="Turn">S8</cards>
</round>
<round no="4"><cards type="River">C8</cards>
</round>
</game>
<game gamecode="6579877617"><general>
<startdate>2026-01-02 14:00:13</startdate>
<round>1</round>
<failsafecounter/>
<players><player seat="10" name="M1ky3ste92" chips="682" dealer="0" win="0" bet="65" muck="1" rebuy="0" addon="0" merge="0" rebuychips="0" reg_code="5085678810"/>
<player seat="3" name="LolloCausto" chips="818" dealer="1" win="130" bet="125" muck="1" rebuy="0" addon="0" merge="0" rebuychips="0" reg_code="5085678673"/>
</players>
</general>
<round no="0"><action no="1" player="LolloCausto" type="15" discard="1" dealt="1" sum="5"/>
<action no="2" player="M1ky3ste92" type="15" sum="5"/>
<action no="3" player="LolloCausto" type="1" discard="1" dealt="1" sum="30"/>
<action no="4" player="M1ky3ste92" type="2" sum="60"/>
</round>
<round no="1"><cards type="Pocket" player="M1ky3ste92">H7 H4</cards>
<cards type="Pocket" player="LolloCausto">X X</cards>
<action no="5" player="LolloCausto" type="3" discard="1" dealt="1" sum="30"/>
<action no="6" player="M1ky3ste92" type="4" sum="0"/>
</round>
<round no="2"><cards type="Flop">D5 CQ H2</cards>
<action no="7" player="M1ky3ste92" type="4" sum="0"/>
<action no="8" player="LolloCausto" type="5" discard="1" dealt="1" sum="60"/>
<action no="9" player="M1ky3ste92" type="0" sum="0"/>
</round>
</game>
<game gamecode="6579877759"><general>
<startdate>2026-01-02 14:00:34</startdate>
<round>1</round>
<failsafecounter/>
<players><player seat="3" name="LolloCausto" chips="883" dealer="0" win="0" bet="65" muck="1" rebuy="0" addon="0" merge="0" rebuychips="0" reg_code="5085678673"/>
<player seat="10" name="M1ky3ste92" chips="617" dealer="1" win="130" bet="617" muck="1" rebuy="0" addon="0" merge="0" rebuychips="0" reg_code="5085678810"/>
</players>
</general>
<round no="0"><action no="1" player="M1ky3ste92" type="15" sum="5"/>
<action no="2" player="LolloCausto" type="15" discard="1" dealt="1" sum="5"/>
<action no="3" player="M1ky3ste92" type="1" sum="30"/>
<action no="4" player="LolloCausto" type="2" discard="1" dealt="1" sum="60"/>
</round>
<round no="1"><cards type="Pocket" player="M1ky3ste92">H4 C4</cards>
<cards type="Pocket" player="LolloCausto">X X</cards>
<action no="5" player="M1ky3ste92" type="23" sum="612"/>
<action no="6" player="LolloCausto" type="0" discard="1" dealt="1" sum="0"/>
</round>
</game>
<game gamecode="6579877816"><general>
<startdate>2026-01-02 14:00:42</startdate>
<round>1</round>
<failsafecounter/>
<players><player seat="10" name="M1ky3ste92" chips="682" dealer="0" win="1,364" bet="682" muck="0" rebuy="0" addon="0" merge="0" rebuychips="0" reg_code="5085678810"/>
<player seat="3" name="LolloCausto" chips="818" dealer="1" win="0" bet="818" muck="0" rebuy="0" addon="0" merge="0" rebuychips="0" reg_code="5085678673"/>
</players>
</general>
<round no="0"><action no="1" player="LolloCausto" type="15" discard="1" dealt="1" sum="5"/>
<action no="2" player="M1ky3ste92" type="15" sum="5"/>
<action no="3" player="LolloCausto" type="1" discard="1" dealt="1" sum="30"/>
<action no="4" player="M1ky3ste92" type="2" sum="60"/>
</round>
<round no="1"><cards type="Pocket" player="LolloCausto">C9 HA</cards>
<cards type="Pocket" player="M1ky3ste92">S10 CA</cards>
<action no="5" player="LolloCausto" type="3" discard="1" dealt="1" sum="30"/>
<action no="6" player="M1ky3ste92" type="23" sum="240"/>
<action no="7" player="LolloCausto" type="23" discard="1" dealt="1" sum="813"/>
<action no="8" player="M1ky3ste92" type="7" sum="437"/>
</round>
<round no="2"><cards type="Flop">D2 SA S2</cards>
</round>
<round no="3"><cards type="Turn">H3</cards>
</round>
<round no="4"><cards type="River">C10</cards>
</round>
</game>
<game gamecode="6579878034"><general>
<startdate>2026-01-02 14:01:13</startdate>
<round>1</round>
<failsafecounter/>
<players><player seat="3" name="LolloCausto" chips="136" dealer="0" win="0" bet="136" muck="0" rebuy="0" addon="0" merge="0" rebuychips="0" reg_code="5085678673"/>
<player seat="10" name="M1ky3ste92" chips="1,364" dealer="1" win="272" bet="1,364" muck="0" rebuy="0" addon="0" merge="0" rebuychips="0" reg_code="5085678810"/>
</players>
</general>
<round no="0"><action no="1" player="M1ky3ste92" type="15" sum="5"/>
<action no="2" player="LolloCausto" type="15" discard="1" dealt="1" sum="5"/>
<action no="3" player="M1ky3ste92" type="1" sum="30"/>
<action no="4" player="LolloCausto" type="2" discard="1" dealt="1" sum="60"/>
</round>
<round no="1"><cards type="Pocket" player="LolloCausto">S5 H2</cards>
<cards type="Pocket" player="M1ky3ste92">SA H8</cards>
<action no="5" player="M1ky3ste92" type="23" sum="1,359"/>
<action no="6" player="LolloCausto" type="7" discard="1" dealt="1" sum="71"/>
</round>
<round no="2"><cards type="Flop">HA D6 DK</cards>
</round>
<round no="3"><cards type="Turn">CQ</cards>
</round>
<round no="4"><cards type="River">C8</cards>
</round>
</game>
</session>
