<?xml version="1.0" encoding="UTF-8"?>
<session sessioncode="5085682011">
<general>
<client_version>25.7.1.50</client_version>
<mode>real</mode>
<gametype>Holdem NL</gametype>
<tablename>Twister €100 SNG, 825407418</tablename>
<tournamentcode>825407417</tournamentcode>
<tournamentname>Twister €100 SNG</tournamentname>
<buyin>€0 + €7 + €93</buyin>
<totalbuyin>€100</totalbuyin>
<rewarddrawn>€300</rewarddrawn>
<tournamentcurrency>EUR</tournamentcurrency>
<currency>EUR</currency>
<nickname>M1ky3ste92</nickname>
<gamecount>6</gamecount>
<startdate>2026-01-02 14:09:44</startdate>
<place>3</place>
<win>€0</win>
<tablesize>3</tablesize>
</general>
<game gamecode="6579887078"><general>
<startdate>2026-01-02 14:10:00</startdate>
<round>1</round>
<failsafecounter/>
<players><player seat="3" name="M1ky3ste92" chips="500" dealer="0" win="0" bet="20" muck="1" rebuy="0" addon="0" merge="0" rebuychips="0" reg_code="5085682011"/>
<player seat="6" name="LolloCausto" chips="500" dealer="1" win="0" bet="0" muck="1" rebuy="0" addon="0" merge="0" rebuychips="0" reg_code="5085682138"/>
<player seat="10" name="Nocciolino17" chips="500" dealer="0" win="40" bet="40" muck="1" rebuy="0" addon="0" merge="0" rebuychips="0" reg_code="5085682247"/>
</players>
</general>
<round no="0"><action no="1" player="Nocciolino17" type="1" discard="1" dealt="1" sum="10"/>
<action no="2" player="M1ky3ste92" type="2" sum="20"/>
</round>
<round no="1"><cards type="Pocket" player="LolloCausto">X X</cards>
<cards type="Pocket" player="Nocciolino17">X X</cards>
<cards type="Pocket" player="M1ky3ste92">C5 S3</cards>
<action no="3" player="LolloCausto" type="0" discard="1" dealt="1" sum="0"/>
<action no="4" player="Nocciolino17" type="23" discard="1" dealt="1" sum="40"/>
<action no="5" player="M1ky3ste92" type="0" sum="0"/>
</round>
</game>
<game gamecode="6579887109"><general>
<startdate>2026-01-02 14:10:13</startdate>
<round>1</round>
<failsafecounter/>
<players><player seat="6" name="LolloCausto" chips="500" dealer="0" win="0" bet="20" muck="1" rebuy="0" addon="0" merge="0" rebuychips="0" reg_code="5085682138"/>
<player seat="10" name="Nocciolino17" chips="520" dealer="1" win="50" bet="70" muck="1" rebuy="0" addon="0" merge="0" rebuychips="0" reg_code="5085682247"/>
<player seat="3" name="M1ky3ste92" chips="480" dealer="0" win="0" bet="10" muck="1" rebuy="0" addon="0" merge="0" rebuychips="0" reg_code="5085682011"/>
</players>
</general>
<round no="0"><action no="1" player="M1ky3ste92" type="1" sum="10"/>
<action no="2" player="LolloCausto" type="2" discard="1" dealt="1" sum="20"/>
</round>
<round no="1"><cards type="Pocket" player="LolloCausto">X X</cards>
<cards type="Pocket" player="M1ky3ste92">C10 D5</cards>
<cards type="Pocket" player="Nocciolino17">X X</cards>
<action no="3" player="Nocciolino17" type="3" discard="1" dealt="1" sum="20"/>
<action no="4" player="M1ky3ste92" type="0" sum="0"/>
<action no="5" player="LolloCausto" type="4" discard="1" dealt="1" sum="0"/>
</round>
<round no="2"><cards type="Flop">C9 D10 H4</cards>
<action no="6" player="LolloCausto" type="4" discard="1" dealt="1" sum="0"/>
<action no="7" player="Nocciolino17" type="4" discard="1" dealt="1" sum="0"/>
</round>
<round no="3"><cards type="Turn">DQ</cards>
<action no="8" player="LolloCausto" type="4" discard="1" dealt="1" sum="0"/>
<action no="9" player="Nocciolino17" type="4" discard="1" dealt="1" sum="0"/>
</round>
<round no="4"><cards type="River">H2</cards>
<action no="10" player="LolloCausto" type="4" discard="1" dealt="1" sum="0"/>
<action no="11" player="Nocciolino17" type="5" discard="1" dealt="1" sum="50"/>
<action no="12" player="LolloCausto" type="0" discard="1" dealt="1" sum="0"/>
</round>
</game>
<game gamecode="6579887221"><general>
<startdate>2026-01-02 14:10:53</startdate>
<round>1</round>
<failsafecounter/>
<players><player seat="10" name="Nocciolino17" chips="550" dealer="0" win="0" bet="20" muck="1" rebuy="0" addon="0" merge="0" rebuychips="0" reg_code="5085682247"/>
<player seat="3" name="M1ky3ste92" chips="470" dealer="1" win="0" bet="0" muck="1" rebuy="0" addon="0" merge="0" rebuychips="0" reg_code="5085682011"/>
<player seat="6" name="LolloCausto" chips="480" dealer="0" win="40" bet="40" muck="1" rebuy="0" addon="0" merge="0" rebuychips="0" reg_code="5085682138"/>
</players>
</general>
<round no="0"><action no="1" player="LolloCausto" type="1" discard="1" dealt="1" sum="10"/>
<action no="2" player="Nocciolino17" type="2" discard="1" dealt="1" sum="20"/>
</round>
<round no="1"><cards type="Pocket" player="LolloCausto">X X</cards>
<cards type="Pocket" player="M1ky3ste92">C2 C7</cards>
<cards type="Pocket" player="Nocciolino17">X X</cards>
<action no="3" player="M1ky3ste92" type="0" sum="0"/>
<action no="4" player="LolloCausto" type="3" discard="1" dealt="1" sum="10"/>
<action no="5" player="Nocciolino17" type="4" discard="1" dealt="1" sum="0"/>
</round>
<round no="2"><cards type="Flop">H9 H7 C9</cards>
<action no="6" player="LolloCausto" type="5" discard="1" dealt="1" sum="20"/>
<action no="7" player="Nocciolino17" type="0" discard="1" dealt="1" sum="0"/>
</round>
</game>
<game gamecode="6579887261"><general>
<startdate>2026-01-02 14:11:09</startdate>
<round>1</round>
<failsafecounter/>
<players><player seat="3" name="M1ky3ste92" chips="470" dealer="0" win="0" bet="72" muck="1" rebuy="0" addon="0" merge="0" rebuychips="0" reg_code="5085682011"/>
<player seat="6" name="LolloCausto" chips="500" dealer="1" win="0" bet="72" muck="1" rebuy="0" addon="0" merge="0" rebuychips="0" reg_code="5085682138"/>
<player seat="10" name="Nocciolino17" chips="530" dealer="0" win="216" bet="72" muck="0" rebuy="0" addon="0" merge="0" rebuychips="0" reg_code="5085682247"/>
</players>
</general>
<round no="0"><action no="1" player="Nocciolino17" type="1" discard="1" dealt="1" sum="10"/>
<action no="2" player="M1ky3ste92" type="2" sum="20"/>
</round>
<round no="1"><cards type="Pocket" player="Nocciolino17">D4 DA</cards>
<cards type="Pocket" player="LolloCausto">HJ D10</cards>
<cards type="Pocket" player="M1ky3ste92">HQ S9</cards>
<action no="3" player="LolloCausto" type="23" discard="1" dealt="1" sum="40"/>
<action no="4" player="Nocciolino17" type="3" discard="1" dealt="1" sum="30"/>
<action no="5" player="M1ky3ste92" type="3" sum="20"/>
</round>
<round no="2"><cards type="Flop">CJ D8 CA</cards>
<action no="6" player="Nocciolino17" type="4" discard="1" dealt="1" sum="0"/>
<action no="7" player="M1ky3ste92" type="4" sum="0"/>
<action no="8" player="LolloCausto" type="5" discard="1" dealt="1" sum="32"/>
<action no="9" player="Nocciolino17" type="3" discard="1" dealt="1" sum="32"/>
<action no="10" player="M1ky3ste92" type="3" sum="32"/>
</round>
<round no="3"><cards type="Turn">SK</cards>
<action no="11" player="Nocciolino17" type="4" discard="1" dealt="1" sum="0"/>
<action no="12" player="M1ky3ste92" type="4" sum="0"/>
<action no="13" player="LolloCausto" type="4" discard="1" dealt="1" sum="0"/>
</round>
<round no="4"><cards type="River">D5</cards>
<action no="14" player="Nocciolino17" type="4" discard="1" dealt="1" sum="0"/>
<action no="15" player="M1ky3ste92" type="4" sum="0"/>
<action no="16" player="LolloCausto" type="4" discard="1" dealt="1" sum="0"/>
</round>
</game>
<game gamecode="6579887405"><general>
<startdate>2026-01-02 14:12:04</startdate>
<round>1</round>
<failsafecounter/>
<players><player seat="6" name="LolloCausto" chips="428" dealer="0" win="90" bet="428" muck="1" rebuy="0" addon="0" merge="0" rebuychips="0" reg_code="5085682138"/>
<player seat="10" name="Nocciolino17" chips="674" dealer="1" win="0" bet="35" muck="1" rebuy="0" addon="0" merge="0" rebuychips="0" reg_code="5085682247"/>
<player seat="3" name="M1ky3ste92" chips="398" dealer="0" win="0" bet="20" muck="1" rebuy="0" addon="0" merge="0" rebuychips="0" reg_code="5085682011"/>
</players>
</general>
<round no="0"><action no="1" player="M1ky3ste92" type="15" sum="5"/>
<action no="2" player="LolloCausto" type="15" discard="1" dealt="1" sum="5"/>
<action no="3" player="Nocciolino17" type="15" discard="1" dealt="1" sum="5"/>
<action no="4" player="M1ky3ste92" type="1" sum="15"/>
<action no="5" player="LolloCausto" type="2" discard="1" dealt="1" sum="30"/>
</round>
<round no="1"><cards type="Pocket" player="LolloCausto">X X</cards>
<cards type="Pocket" player="M1ky3ste92">H3 C8</cards>
<cards type="Pocket" player="Nocciolino17">X X</cards>
<action no="6" player="Nocciolino17" type="3" discard="1" dealt="1" sum="30"/>
<action no="7" player="M1ky3ste92" type="0" sum="0"/>
<action no="8" player="LolloCausto" type="23" discard="1" dealt="1" sum="423"/>
<action no="9" player="Nocciolino17" type="0" discard="1" dealt="1" sum="0"/>
</round>
</game>
<game gamecode="6579887431"><general>
<startdate>2026-01-02 14:12:15</startdate>
<round>1</round>
<failsafecounter/>
<players><player seat="10" name="Nocciolino17" chips="639" dealer="0" win="0" bet="35" muck="1" rebuy="0" addon="0" merge="0" rebuychips="0" reg_code="5085682247"/>
<player seat="3" name="M1ky3ste92" chips="378" dealer="1" win="0" bet="378" muck="0" rebuy="0" addon="0" merge="0" rebuychips="0" reg_code="5085682011"/>
<player seat="6" name="LolloCausto" chips="483" dealer="0" win="791" bet="483" muck="0" rebuy="0" addon="0" merge="0" rebuychips="0" reg_code="5085682138"/>
</players>
</general>
<round no="0"><action no="1" player="LolloCausto" type="15" discard="1" dealt="1" sum="5"/>
<action no="2" player="Nocciolino17" type="15" discard="1" dealt="1" sum="5"/>
<action no="3" player="M1ky3ste92" type="15" sum="5"/>
<action no="4" player="LolloCausto" type="1" discard="1" dealt="1" sum="15"/>
<action no="5" player="Nocciolino17" type="2" discard="1" dealt="1" sum="30"/>
</round>
<round no="1"><cards type="Pocket" player="LolloCausto">S9 H9</cards>
<cards type="Pocket" player="M1ky3ste92">CA C10</cards>
<cards type="Pocket" player="Nocciolino17">X X</cards>
<action no="6" player="M1ky3ste92" type="23" sum="373"/>
<action no="7" player="LolloCausto" type="7" discard="1" dealt="1" sum="463"/>
<action no="8" player="Nocciolino17" type="0" discard="1" dealt="1" sum="0"/>
</round>
<round no="2"><cards type="Flop">S7 C9 C3</cards>
</round>
<round no="3"><cards type="Turn">S2</cards>
</round>
<round no="4"><cards type="River">D8</cards>
</round>
</game>
</session>
