<?xml version="1.0" encoding="UTF-8"?>
<session sessioncode="5086997796">
<general>
<client_version>24.7.1.18</client_version>
<mode>real</mode>
<gametype>Holdem NL</gametype>
<tablename>Twister €100 SNG, 825804933</tablename>
<tournamentcode>825804931</tournamentcode>
<tournamentname>Twister €100 SNG</tournamentname>
<buyin>€0 + €7 + €93</buyin>
<totalbuyin>€100</totalbuyin>
<rewarddrawn>€200</rewarddrawn>
<tournamentcurrency>EUR</tournamentcurrency>
<currency>EUR</currency>
<nickname>M1ky3ste92</nickname>
<gamecount>14</gamecount>
<startdate>2026-01-06 19:16:40</startdate>
<place>1</place>
<win>€200</win>
<tablesize>3</tablesize>
</general>
<game gamecode="6585436789"><general>
<startdate>2026-01-06 19:16:56</startdate>
<round>1</round>
<failsafecounter/>
<players><player seat="3" name="fortigii" chips="500" dealer="0" win="0" bet="40" muck="1" rebuy="0" addon="0" merge="0" rebuychips="0" reg_code="5086997590"/>
<player seat="6" name="M1ky3ste92" chips="500" dealer="1" win="120" bet="60" muck="1" rebuy="0" addon="0" merge="0" rebuychips="0" reg_code="5086997796"/>
<player seat="10" name="GisClaudio" chips="500" dealer="0" win="0" bet="40" muck="1" rebuy="0" addon="0" merge="0" rebuychips="0" reg_code="5086997872"/>
</players>
</general>
<round no="0"><action no="1" player="GisClaudio" type="1" discard="1" dealt="1" sum="10"/>
<action no="2" player="fortigii" type="2" discard="1" dealt="1" sum="20"/>
</round>
<round no="1"><cards type="Pocket" player="M1ky3ste92">DJ C10</cards>
<cards type="Pocket" player="GisClaudio">X X</cards>
<cards type="Pocket" player="fortigii">X X</cards>
<action no="3" player="M1ky3ste92" type="23" sum="40"/>
<action no="4" player="GisClaudio" type="3" discard="1" dealt="1" sum="30"/>
<action no="5" player="fortigii" type="3" discard="1" dealt="1" sum="20"/>
</round>
<round no="2"><cards type="Flop">HK D7 DQ</cards>
<action no="6" player="GisClaudio" type="4" discard="1" dealt="1" sum="0"/>
<action no="7" player="fortigii" type="4" discard="1" dealt="1" sum="0"/>
<action no="8" player="M1ky3ste92" type="5" sum="20"/>
<action no="9" player="GisClaudio" type="0" discard="1" dealt="1" sum="0"/>
<action no="10" player="fortigii" type="0" discard="1" dealt="1" sum="0"/>
</round>
</game>
<game gamecode="6585437028"><general>
<startdate>2026-01-06 19:17:24</startdate>
<round>1</round>
<failsafecounter/>
<players><player seat="6" name="M1ky3ste92" chips="580" dealer="0" win="288" bet="240" muck="1" rebuy="0" addon="0" merge="0" rebuychips="0" reg_code="5086997796"/>
<player seat="10" name="GisClaudio" chips="460" dealer="1" win="0" bet="0" muck="1" rebuy="0" addon="0" merge="0" rebuychips="0" reg_code="5086997872"/>
<player seat="3" name="fortigii" chips="460" dealer="0" win="0" bet="144" muck="1" rebuy="0" addon="0" merge="0" rebuychips="0" reg_code="5086997590"/>
</players>
</general>
<round no="0"><action no="1" player="fortigii" type="1" discard="1" dealt="1" sum="10"/>
<action no="2" player="M1ky3ste92" type="2" sum="20"/>
</round>
<round no="1"><cards type="Pocket" player="GisClaudio">X X</cards>
<cards type="Pocket" player="M1ky3ste92">D5 C3</cards>
<cards type="Pocket" player="fortigii">X X</cards>
<action no="3" player="GisClaudio" type="0" discard="1" dealt="1" sum="0"/>
<action no="4" player="fortigii" type="3" discard="1" dealt="1" sum="10"/>
<action no="5" player="M1ky3ste92" type="4" sum="0"/>
</round>
<round no="2"><cards type="Flop">C5 S2 C7</cards>
<action no="6" player="fortigii" type="4" discard="1" dealt="1" sum="0"/>
<action no="7" player="M1ky3ste92" type="4" sum="0"/>
</round>
<round no="3"><cards type="Turn">H5</cards>
<action no="8" player="fortigii" type="4" discard="1" dealt="1" sum="0"/>
<action no="9" player="M1ky3ste92" type="5" sum="28"/>
<action no="10" player="fortigii" type="3" discard="1" dealt="1" sum="28"/>
</round>
<round no="4"><cards type="River">H2</cards>
<action no="11" player="fortigii" type="5" discard="1" dealt="1" sum="96"/>
<action no="12" player="M1ky3ste92" type="23" sum="192"/>
<action no="13" player="fortigii" type="0" discard="1" dealt="1" sum="0"/>
</round>
</game>
<game gamecode="6585437362"><general>
<startdate>2026-01-06 19:18:05</startdate>
<round>1</round>
<failsafecounter/>
<players><player seat="10" name="GisClaudio" chips="460" dealer="0" win="0" bet="120" muck="0" rebuy="0" addon="0" merge="0" rebuychips="0" reg_code="5086997872"/>
<player seat="3" name="fortigii" chips="316" dealer="1" win="0" bet="0" muck="1" rebuy="0" addon="0" merge="0" rebuychips="0" reg_code="5086997590"/>
<player seat="6" name="M1ky3ste92" chips="724" dealer="0" win="240" bet="120" muck="0" rebuy="0" addon="0" merge="0" rebuychips="0" reg_code="5086997796"/>
</players>
</general>
<round no="0"><action no="1" player="M1ky3ste92" type="1" sum="10"/>
<action no="2" player="GisClaudio" type="2" discard="1" dealt="1" sum="20"/>
</round>
<round no="1"><cards type="Pocket" player="M1ky3ste92">CA SJ</cards>
<cards type="Pocket" player="fortigii">X X</cards>
<cards type="Pocket" player="GisClaudio">H6 H7</cards>
<action no="3" player="fortigii" type="0" discard="1" dealt="1" sum="0"/>
<action no="4" player="M1ky3ste92" type="23" sum="40"/>
<action no="5" player="GisClaudio" type="3" discard="1" dealt="1" sum="20"/>
</round>
<round no="2"><cards type="Flop">C4 S10 H3</cards>
<action no="6" player="M1ky3ste92" type="4" sum="0"/>
<action no="7" player="GisClaudio" type="4" discard="1" dealt="1" sum="0"/>
</round>
<round no="3"><cards type="Turn">SQ</cards>
<action no="8" player="M1ky3ste92" type="4" sum="0"/>
<action no="9" player="GisClaudio" type="4" discard="1" dealt="1" sum="0"/>
</round>
<round no="4"><cards type="River">DQ</cards>
<action no="10" player="M1ky3ste92" type="4" sum="0"/>
<action no="11" player="GisClaudio" type="5" discard="1" dealt="1" sum="80"/>
<action no="12" player="M1ky3ste92" type="3" sum="80"/>
</round>
</game>
<game gamecode="6585437569"><general>
<startdate>2026-01-06 19:18:31</startdate>
<round>1</round>
<failsafecounter/>
<players><player seat="3" name="fortigii" chips="316" dealer="0" win="20" bet="20" muck="1" rebuy="0" addon="0" merge="0" rebuychips="0" reg_code="5086997590"/>
<player seat="6" name="M1ky3ste92" chips="844" dealer="1" win="0" bet="0" muck="1" rebuy="0" addon="0" merge="0" rebuychips="0" reg_code="5086997796"/>
<player seat="10" name="GisClaudio" chips="340" dealer="0" win="0" bet="10" muck="1" rebuy="0" addon="0" merge="0" rebuychips="0" reg_code="5086997872"/>
</players>
</general>
<round no="0"><action no="1" player="GisClaudio" type="1" discard="1" dealt="1" sum="10"/>
<action no="2" player="fortigii" type="2" discard="1" dealt="1" sum="20"/>
</round>
<round no="1"><cards type="Pocket" player="M1ky3ste92">C2 H8</cards>
<cards type="Pocket" player="fortigii">X X</cards>
<cards type="Pocket" player="GisClaudio">X X</cards>
<action no="3" player="M1ky3ste92" type="0" sum="0"/>
<action no="4" player="GisClaudio" type="0" discard="1" dealt="1" sum="0"/>
</round>
</game>
<game gamecode="6585437614"><general>
<startdate>2026-01-06 19:18:37</startdate>
<round>1</round>
<failsafecounter/>
<players><player seat="6" name="M1ky3ste92" chips="844" dealer="0" win="0" bet="35" muck="1" rebuy="0" addon="0" merge="0" rebuychips="0" reg_code="5086997796"/>
<player seat="10" name="GisClaudio" chips="330" dealer="1" win="0" bet="5" muck="1" rebuy="0" addon="0" merge="0" rebuychips="0" reg_code="5086997872"/>
<player seat="3" name="fortigii" chips="326" dealer="0" win="75" bet="326" muck="1" rebuy="0" addon="0" merge="0" rebuychips="0" reg_code="5086997590"/>
</players>
</general>
<round no="0"><action no="1" player="fortigii" type="15" discard="1" dealt="1" sum="5"/>
<action no="2" player="M1ky3ste92" type="15" sum="5"/>
<action no="3" player="GisClaudio" type="15" discard="1" dealt="1" sum="5"/>
<action no="4" player="fortigii" type="1" discard="1" dealt="1" sum="15"/>
<action no="5" player="M1ky3ste92" type="2" sum="30"/>
</round>
<round no="1"><cards type="Pocket" player="GisClaudio">X X</cards>
<cards type="Pocket" player="fortigii">X X</cards>
<cards type="Pocket" player="M1ky3ste92">D2 D3</cards>
<action no="6" player="GisClaudio" type="0" discard="1" dealt="1" sum="0"/>
<action no="7" player="fortigii" type="3" discard="1" dealt="1" sum="15"/>
<action no="8" player="M1ky3ste92" type="4" sum="0"/>
</round>
<round no="2"><cards type="Flop">S8 S5 D9</cards>
<action no="9" player="fortigii" type="5" discard="1" dealt="1" sum="291"/>
<action no="10" player="M1ky3ste92" type="0" sum="0"/>
</round>
</game>
<game gamecode="6585437749"><general>
<startdate>2026-01-06 19:18:55</startdate>
<round>1</round>
<failsafecounter/>
<players><player seat="10" name="GisClaudio" chips="325" dealer="0" win="0" bet="325" muck="0" rebuy="0" addon="0" merge="0" rebuychips="0" reg_code="5086997872"/>
<player seat="3" name="fortigii" chips="366" dealer="1" win="0" bet="5" muck="1" rebuy="0" addon="0" merge="0" rebuychips="0" reg_code="5086997590"/>
<player seat="6" name="M1ky3ste92" chips="809" dealer="0" win="655" bet="515" muck="0" rebuy="0" addon="0" merge="0" rebuychips="0" reg_code="5086997796"/>
</players>
</general>
<round no="0"><action no="1" player="M1ky3ste92" type="15" sum="5"/>
<action no="2" player="GisClaudio" type="15" discard="1" dealt="1" sum="5"/>
<action no="3" player="fortigii" type="15" discard="1" dealt="1" sum="5"/>
<action no="4" player="M1ky3ste92" type="1" sum="15"/>
<action no="5" player="GisClaudio" type="2" discard="1" dealt="1" sum="30"/>
</round>
<round no="1"><cards type="Pocket" player="fortigii">X X</cards>
<cards type="Pocket" player="M1ky3ste92">DA DK</cards>
<cards type="Pocket" player="GisClaudio">C4 D4</cards>
<action no="6" player="fortigii" type="0" discard="1" dealt="1" sum="0"/>
<action no="7" player="M1ky3ste92" type="3" sum="15"/>
<action no="8" player="GisClaudio" type="23" discard="1" dealt="1" sum="135"/>
<action no="9" player="M1ky3ste92" type="23" sum="510"/>
<action no="10" player="GisClaudio" type="7" discard="1" dealt="1" sum="185"/>
</round>
<round no="2"><cards type="Flop">S7 H7 S2</cards>
</round>
<round no="3"><cards type="Turn">H10</cards>
</round>
<round no="4"><cards type="River">C10</cards>
</round>
</game>
<game gamecode="6585437921"><general>
<startdate>2026-01-06 19:19:17</startdate>
<round>1</round>
<failsafecounter/>
<players><player seat="3" name="fortigii" chips="361" dealer="0" win="0" bet="35" muck="1" rebuy="0" addon="0" merge="0" rebuychips="0" reg_code="5086997590"/>
<player seat="6" name="M1ky3ste92" chips="1,139" dealer="1" win="70" bet="65" muck="1" rebuy="0" addon="0" merge="0" rebuychips="0" reg_code="5086997796"/>
</players>
</general>
<round no="0"><action no="1" player="M1ky3ste92" type="15" sum="5"/>
<action no="2" player="fortigii" type="15" discard="1" dealt="1" sum="5"/>
<action no="3" player="M1ky3ste92" type="1" sum="15"/>
<action no="4" player="fortigii" type="2" discard="1" dealt="1" sum="30"/>
</round>
<round no="1"><cards type="Pocket" player="fortigii">X X</cards>
<cards type="Pocket" player="M1ky3ste92">CK SQ</cards>
<action no="5" player="M1ky3ste92" type="3" sum="15"/>
<action no="6" player="fortigii" type="4" discard="1" dealt="1" sum="0"/>
</round>
<round no="2"><cards type="Flop">C7 HK DK</cards>
<action no="7" player="fortigii" type="4" discard="1" dealt="1" sum="0"/>
<action no="8" player="M1ky3ste92" type="5" sum="30"/>
<action no="9" player="fortigii" type="0" discard="1" dealt="1" sum="0"/>
</round>
</game>
<game gamecode="6585442242"><general>
<startdate>2026-01-06 19:19:35</startdate>
<round>1</round>
<failsafecounter/>
<players><player seat="6" name="M1ky3ste92" chips="1,174" dealer="0" win="0" bet="35" muck="1" rebuy="0" addon="0" merge="0" rebuychips="0" reg_code="5086997796"/>
<player seat="3" name="fortigii" chips="326" dealer="1" win="70" bet="326" muck="1" rebuy="0" addon="0" merge="0" rebuychips="0" reg_code="5086997590"/>
</players>
</general>
<round no="0"><action no="1" player="fortigii" type="15" discard="1" dealt="1" sum="5"/>
<action no="2" player="M1ky3ste92" type="15" sum="5"/>
<action no="3" player="fortigii" type="1" discard="1" dealt="1" sum="15"/>
<action no="4" player="M1ky3ste92" type="2" sum="30"/>
</round>
<round no="1"><cards type="Pocket" player="M1ky3ste92">HK S2</cards>
<cards type="Pocket" player="fortigii">X X</cards>
<action no="5" player="fortigii" type="23" discard="1" dealt="1" sum="321"/>
<action no="6" player="M1ky3ste92" type="0" sum="0"/>
</round>
</game>
<game gamecode="6585442302"><general>
<startdate>2026-01-06 19:19:42</startdate>
<round>1</round>
<failsafecounter/>
<players><player seat="3" name="fortigii" chips="361" dealer="0" win="0" bet="35" muck="1" rebuy="0" addon="0" merge="0" rebuychips="0" reg_code="5086997590"/>
<player seat="6" name="M1ky3ste92" chips="1,139" dealer="1" win="70" bet="65" muck="1" rebuy="0" addon="0" merge="0" rebuychips="0" reg_code="5086997796"/>
</players>
</general>
<round no="0"><action no="1" player="M1ky3ste92" type="15" sum="5"/>
<action no="2" player="fortigii" type="15" discard="1" dealt="1" sum="5"/>
<action no="3" player="M1ky3ste92" type="1" sum="15"/>
<action no="4" player="fortigii" type="2" discard="1" dealt="1" sum="30"/>
</round>
<round no="1"><cards type="Pocket" player="M1ky3ste92">C7 S8</cards>
<cards type="Pocket" player="fortigii">X X</cards>
<action no="5" player="M1ky3ste92" type="3" sum="15"/>
<action no="6" player="fortigii" type="4" discard="1" dealt="1" sum="0"/>
</round>
<round no="2"><cards type="Flop">D4 C5 DA</cards>
<action no="7" player="fortigii" type="4" discard="1" dealt="1" sum="0"/>
<action no="8" player="M1ky3ste92" type="5" sum="30"/>
<action no="9" player="fortigii" type="0" discard="1" dealt="1" sum="0"/>
</round>
</game>
<game gamecode="6585442408"><general>
<startdate>2026-01-06 19:19:56</startdate>
<round>1</round>
<failsafecounter/>
<players><player seat="6" name="M1ky3ste92" chips="1,174" dealer="0" win="0" bet="35" muck="1" rebuy="0" addon="0" merge="0" rebuychips="0" reg_code="5086997796"/>
<player seat="3" name="fortigii" chips="326" dealer="1" win="70" bet="326" muck="1" rebuy="0" addon="0" merge="0" rebuychips="0" reg_code="5086997590"/>
</players>
</general>
<round no="0"><action no="1" player="fortigii" type="15" discard="1" dealt="1" sum="5"/>
<action no="2" player="M1ky3ste92" type="15" sum="5"/>
<action no="3" player="fortigii" type="1" discard="1" dealt="1" sum="15"/>
<action no="4" player="M1ky3ste92" type="2" sum="30"/>
</round>
<round no="1"><cards type="Pocket" player="fortigii">X X</cards>
<cards type="Pocket" player="M1ky3ste92">D3 D9</cards>
<action no="5" player="fortigii" type="23" discard="1" dealt="1" sum="321"/>
<action no="6" player="M1ky3ste92" type="0" sum="0"/>
</round>
</game>
<game gamecode="6585442476"><general>
<startdate>2026-01-06 19:20:06</startdate>
<round>1</round>
<failsafecounter/>
<players><player seat="3" name="fortigii" chips="361" dealer="0" win="40" bet="35" muck="1" rebuy="0" addon="0" merge="0" rebuychips="0" reg_code="5086997590"/>
<player seat="6" name="M1ky3ste92" chips="1,139" dealer="1" win="0" bet="20" muck="1" rebuy="0" addon="0" merge="0" rebuychips="0" reg_code="5086997796"/>
</players>
</general>
<round no="0"><action no="1" player="M1ky3ste92" type="15" sum="5"/>
<action no="2" player="fortigii" type="15" discard="1" dealt="1" sum="5"/>
<action no="3" player="M1ky3ste92" type="1" sum="15"/>
<action no="4" player="fortigii" type="2" discard="1" dealt="1" sum="30"/>
</round>
<round no="1"><cards type="Pocket" player="M1ky3ste92">S10 D3</cards>
<cards type="Pocket" player="fortigii">X X</cards>
<action no="5" player="M1ky3ste92" type="0" sum="0"/>
</round>
</game>
<game gamecode="6585442525"><general>
<startdate>2026-01-06 19:20:12</startdate>
<round>1</round>
<failsafecounter/>
<players><player seat="6" name="M1ky3ste92" chips="1,119" dealer="0" win="0" bet="35" muck="1" rebuy="0" addon="0" merge="0" rebuychips="0" reg_code="5086997796"/>
<player seat="3" name="fortigii" chips="381" dealer="1" win="70" bet="35" muck="0" rebuy="0" addon="0" merge="0" rebuychips="0" reg_code="5086997590"/>
</players>
</general>
<round no="0"><action no="1" player="fortigii" type="15" discard="1" dealt="1" sum="5"/>
<action no="2" player="M1ky3ste92" type="15" sum="5"/>
<action no="3" player="fortigii" type="1" discard="1" dealt="1" sum="15"/>
<action no="4" player="M1ky3ste92" type="2" sum="30"/>
</round>
<round no="1"><cards type="Pocket" player="M1ky3ste92">C10 C7</cards>
<cards type="Pocket" player="fortigii">C6 D3</cards>
<action no="5" player="fortigii" type="3" discard="1" dealt="1" sum="15"/>
<action no="6" player="M1ky3ste92" type="4" sum="0"/>
</round>
<round no="2"><cards type="Flop">S9 HJ D9</cards>
<action no="7" player="M1ky3ste92" type="4" sum="0"/>
<action no="8" player="fortigii" type="4" discard="1" dealt="1" sum="0"/>
</round>
<round no="3"><cards type="Turn">SA</cards>
<action no="9" player="M1ky3ste92" type="4" sum="0"/>
<action no="10" player="fortigii" type="4" discard="1" dealt="1" sum="0"/>
</round>
<round no="4"><cards type="River">C3</cards>
<action no="11" player="M1ky3ste92" type="4" sum="0"/>
<action no="12" player="fortigii" type="4" discard="1" dealt="1" sum="0"/>
</round>
</game>
<game gamecode="6585442682"><general>
<startdate>2026-01-06 19:20:36</startdate>
<round>1</round>
<failsafecounter/>
<players><player seat="3" name="fortigii" chips="416" dealer="0" win="90" bet="416" muck="1" rebuy="0" addon="0" merge="0" rebuychips="0" reg_code="5086997590"/>
<player seat="6" name="M1ky3ste92" chips="1,084" dealer="1" win="0" bet="45" muck="1" rebuy="0" addon="0" merge="0" rebuychips="0" reg_code="5086997796"/>
</players>
</general>
<round no="0"><action no="1" player="M1ky3ste92" type="15" sum="5"/>
<action no="2" player="fortigii" type="15" discard="1" dealt="1" sum="5"/>
<action no="3" player="M1ky3ste92" type="1" sum="20"/>
<action no="4" player="fortigii" type="2" discard="1" dealt="1" sum="40"/>
</round>
<round no="1"><cards type="Pocket" player="fortigii">X X</cards>
<cards type="Pocket" player="M1ky3ste92">H6 D10</cards>
<action no="5" player="M1ky3ste92" type="3" sum="20"/>
<action no="6" player="fortigii" type="23" discard="1" dealt="1" sum="411"/>
<action no="7" player="M1ky3ste92" type="0" sum="0"/>
</round>
</game>
<game gamecode="6585442751"><general>
<startdate>2026-01-06 19:20:44</startdate>
<round>1</round>
<failsafecounter/>
<players><player seat="6" name="M1ky3ste92" chips="1,039" dealer="0" win="922" bet="1,039" muck="0" rebuy="0" addon="0" merge="0" rebuychips="0" reg_code="5086997796"/>
<player seat="3" name="fortigii" chips="461" dealer="1" win="0" bet="461" muck="0" rebuy="0" addon="0" merge="0" rebuychips="0" reg_code="5086997590"/>
</players>
</general>
<round no="0"><action no="1" player="fortigii" type="15" discard="1" dealt="1" sum="5"/>
<action no="2" player="M1ky3ste92" type="15" sum="5"/>
<action no="3" player="fortigii" type="1" discard="1" dealt="1" sum="20"/>
<action no="4" player="M1ky3ste92" type="2" sum="40"/>
</round>
<round no="1"><cards type="Pocket" player="fortigii">D9 SJ</cards>
<cards type="Pocket" player="M1ky3ste92">SK H7</cards>
<action no="5" player="fortigii" type="3" discard="1" dealt="1" sum="20"/>
<action no="6" player="M1ky3ste92" type="23" sum="1,034"/>
<action no="7" player="fortigii" type="7" discard="1" dealt="1" sum="416"/>
</round>
<round no="2"><cards type="Flop">CQ D2 D3</cards>
</round>
<round no="3"><cards type="Turn">H2</cards>
</round>
<round no="4"><cards type="River">S7</cards>
</round>
</game>
</session>
