<?xml version="1.0" encoding="UTF-8"?>
<session sessioncode="5086999152">
<general>
<client_version>24.7.1.18</client_version>
<mode>real</mode>
<gametype>Holdem NL</gametype>
<tablename>Twister €100 SNG, 825805438</tablename>
<tournamentcode>825805437</tournamentcode>
<tournamentname>Twister €100 SNG</tournamentname>
<buyin>€0 + €7 + €93</buyin>
<totalbuyin>€100</totalbuyin>
<rewarddrawn>€300</rewarddrawn>
<tournamentcurrency>EUR</tournamentcurrency>
<currency>EUR</currency>
<nickname>M1ky3ste92</nickname>
<gamecount>12</gamecount>
<startdate>2026-01-06 19:21:19</startdate>
<place>2</place>
<win>€0</win>
<tablesize>3</tablesize>
</general>
<game gamecode="6585439811"><general>
<startdate>2026-01-06 19:21:34</startdate>
<round>1</round>
<failsafecounter/>
<players><player seat="6" name="M1ky3ste92" chips="500" dealer="0" win="0" bet="40" muck="1" rebuy="0" addon="0" merge="0" rebuychips="0" reg_code="5086999152"/>
<player seat="10" name="Abate89" chips="500" dealer="1" win="90" bet="60" muck="1" rebuy="0" addon="0" merge="0" rebuychips="0" reg_code="5086999235"/>
<player seat="3" name="ilCapo6" chips="500" dealer="0" win="0" bet="10" muck="1" rebuy="0" addon="0" merge="0" rebuychips="0" reg_code="5086999113"/>
</players>
</general>
<round no="0"><action no="1" player="ilCapo6" type="1" discard="1" dealt="1" sum="10"/>
<action no="2" player="M1ky3ste92" type="2" sum="20"/>
</round>
<round no="1"><cards type="Pocket" player="Abate89">X X</cards>
<cards type="Pocket" player="ilCapo6">X X</cards>
<cards type="Pocket" player="M1ky3ste92">D6 S8</cards>
<action no="3" player="Abate89" type="23" discard="1" dealt="1" sum="40"/>
<action no="4" player="ilCapo6" type="0" discard="1" dealt="1" sum="0"/>
<action no="5" player="M1ky3ste92" type="3" sum="20"/>
</round>
<round no="2"><cards type="Flop">H7 DK H2</cards>
<action no="6" player="M1ky3ste92" type="4" sum="0"/>
<action no="7" player="Abate89" type="5" discard="1" dealt="1" sum="20"/>
<action no="8" player="M1ky3ste92" type="0" sum="0"/>
</round>
</game>
<game gamecode="6585439883"><general>
<startdate>2026-01-06 19:21:53</startdate>
<round>1</round>
<failsafecounter/>
<players><player seat="10" name="Abate89" chips="550" dealer="0" win="200" bet="300" muck="1" rebuy="0" addon="0" merge="0" rebuychips="0" reg_code="5086999235"/>
<player seat="3" name="ilCapo6" chips="490" dealer="1" win="0" bet="0" muck="1" rebuy="0" addon="0" merge="0" rebuychips="0" reg_code="5086999113"/>
<player seat="6" name="M1ky3ste92" chips="460" dealer="0" win="0" bet="100" muck="1" rebuy="0" addon="0" merge="0" rebuychips="0" reg_code="5086999152"/>
</players>
</general>
<round no="0"><action no="1" player="M1ky3ste92" type="1" sum="10"/>
<action no="2" player="Abate89" type="2" discard="1" dealt="1" sum="20"/>
</round>
<round no="1"><cards type="Pocket" player="M1ky3ste92">HJ DQ</cards>
<cards type="Pocket" player="ilCapo6">X X</cards>
<cards type="Pocket" player="Abate89">X X</cards>
<action no="3" player="ilCapo6" type="0" discard="1" dealt="1" sum="0"/>
<action no="4" player="M1ky3ste92" type="23" sum="40"/>
<action no="5" player="Abate89" type="3" discard="1" dealt="1" sum="20"/>
</round>
<round no="2"><cards type="Flop">S9 CK CJ</cards>
<action no="6" player="M1ky3ste92" type="4" sum="0"/>
<action no="7" player="Abate89" type="5" discard="1" dealt="1" sum="40"/>
<action no="8" player="M1ky3ste92" type="3" sum="40"/>
</round>
<round no="3"><cards type="Turn">H5</cards>
<action no="9" player="M1ky3ste92" type="4" sum="0"/>
<action no="10" player="Abate89" type="5" discard="1" dealt="1" sum="20"/>
<action no="11" player="M1ky3ste92" type="3" sum="20"/>
</round>
<round no="4"><cards type="River">C9</cards>
<action no="12" player="M1ky3ste92" type="4" sum="0"/>
<action no="13" player="Abate89" type="5" discard="1" dealt="1" sum="200"/>
<action no="14" player="M1ky3ste92" type="0" sum="0"/>
</round>
</game>
<game gamecode="6585439990"><general>
<startdate>2026-01-06 19:22:23</startdate>
<round>1</round>
<failsafecounter/>
<players><player seat="3" name="ilCapo6" chips="490" dealer="0" win="0" bet="20" muck="1" rebuy="0" addon="0" merge="0" rebuychips="0" reg_code="5086999113"/>
<player seat="6" name="M1ky3ste92" chips="360" dealer="1" win="740" bet="360" muck="0" rebuy="0" addon="0" merge="0" rebuychips="0" reg_code="5086999152"/>
<player seat="10" name="Abate89" chips="650" dealer="0" win="0" bet="360" muck="1" rebuy="0" addon="0" merge="0" rebuychips="0" reg_code="5086999235"/>
</players>
</general>
<round no="0"><action no="1" player="Abate89" type="1" discard="1" dealt="1" sum="10"/>
<action no="2" player="ilCapo6" type="2" discard="1" dealt="1" sum="20"/>
</round>
<round no="1"><cards type="Pocket" player="Abate89">H3 D3</cards>
<cards type="Pocket" player="M1ky3ste92">HA H4</cards>
<cards type="Pocket" player="ilCapo6">X X</cards>
<action no="3" player="M1ky3ste92" type="23" sum="40"/>
<action no="4" player="Abate89" type="23" discard="1" dealt="1" sum="60"/>
<action no="5" player="ilCapo6" type="0" discard="1" dealt="1" sum="0"/>
<action no="6" player="M1ky3ste92" type="3" sum="20"/>
</round>
<round no="2"><cards type="Flop">C4 H10 CK</cards>
<action no="7" player="Abate89" type="5" discard="1" dealt="1" sum="70"/>
<action no="8" player="M1ky3ste92" type="3" sum="70"/>
</round>
<round no="3"><cards type="Turn">DA</cards>
<action no="9" player="Abate89" type="5" discard="1" dealt="1" sum="140"/>
<action no="10" player="M1ky3ste92" type="7" sum="230"/>
<action no="11" player="Abate89" type="3" discard="1" dealt="1" sum="90"/>
</round>
<round no="4"><cards type="River">CQ</cards>
</round>
</game>
<game gamecode="6585440102"><general>
<startdate>2026-01-06 19:22:52</startdate>
<round>1</round>
<failsafecounter/>
<players><player seat="6" name="M1ky3ste92" chips="740" dealer="0" win="0" bet="20" muck="1" rebuy="0" addon="0" merge="0" rebuychips="0" reg_code="5086999152"/>
<player seat="10" name="Abate89" chips="290" dealer="1" win="180" bet="290" muck="1" rebuy="0" addon="0" merge="0" rebuychips="0" reg_code="5086999235"/>
<player seat="3" name="ilCapo6" chips="470" dealer="0" win="0" bet="80" muck="1" rebuy="0" addon="0" merge="0" rebuychips="0" reg_code="5086999113"/>
</players>
</general>
<round no="0"><action no="1" player="ilCapo6" type="1" discard="1" dealt="1" sum="10"/>
<action no="2" player="M1ky3ste92" type="2" sum="20"/>
</round>
<round no="1"><cards type="Pocket" player="M1ky3ste92">D9 DK</cards>
<cards type="Pocket" player="Abate89">X X</cards>
<cards type="Pocket" player="ilCapo6">X X</cards>
<action no="3" player="Abate89" type="3" discard="1" dealt="1" sum="20"/>
<action no="4" player="ilCapo6" type="3" discard="1" dealt="1" sum="10"/>
<action no="5" player="M1ky3ste92" type="4" sum="0"/>
</round>
<round no="2"><cards type="Flop">C7 H3 C10</cards>
<action no="6" player="ilCapo6" type="4" discard="1" dealt="1" sum="0"/>
<action no="7" player="M1ky3ste92" type="4" sum="0"/>
<action no="8" player="Abate89" type="5" discard="1" dealt="1" sum="60"/>
<action no="9" player="ilCapo6" type="3" discard="1" dealt="1" sum="60"/>
<action no="10" player="M1ky3ste92" type="0" sum="0"/>
</round>
<round no="3"><cards type="Turn">C5</cards>
<action no="11" player="ilCapo6" type="4" discard="1" dealt="1" sum="0"/>
<action no="12" player="Abate89" type="5" discard="1" dealt="1" sum="210"/>
<action no="13" player="ilCapo6" type="0" discard="1" dealt="1" sum="0"/>
</round>
</game>
<game gamecode="6585446614"><general>
<startdate>2026-01-06 19:23:28</startdate>
<round>1</round>
<failsafecounter/>
<players><player seat="10" name="Abate89" chips="390" dealer="0" win="0" bet="35" muck="1" rebuy="0" addon="0" merge="0" rebuychips="0" reg_code="5086999235"/>
<player seat="3" name="ilCapo6" chips="390" dealer="1" win="0" bet="5" muck="1" rebuy="0" addon="0" merge="0" rebuychips="0" reg_code="5086999113"/>
<player seat="6" name="M1ky3ste92" chips="720" dealer="0" win="75" bet="720" muck="1" rebuy="0" addon="0" merge="0" rebuychips="0" reg_code="5086999152"/>
</players>
</general>
<round no="0"><action no="1" player="M1ky3ste92" type="15" sum="5"/>
<action no="2" player="Abate89" type="15" discard="1" dealt="1" sum="5"/>
<action no="3" player="ilCapo6" type="15" discard="1" dealt="1" sum="5"/>
<action no="4" player="M1ky3ste92" type="1" sum="15"/>
<action no="5" player="Abate89" type="2" discard="1" dealt="1" sum="30"/>
</round>
<round no="1"><cards type="Pocket" player="Abate89">X X</cards>
<cards type="Pocket" player="M1ky3ste92">D8 CK</cards>
<cards type="Pocket" player="ilCapo6">X X</cards>
<action no="6" player="ilCapo6" type="0" discard="1" dealt="1" sum="0"/>
<action no="7" player="M1ky3ste92" type="23" sum="715"/>
<action no="8" player="Abate89" type="0" discard="1" dealt="1" sum="0"/>
</round>
</game>
<game gamecode="6585446674"><general>
<startdate>2026-01-06 19:23:45</startdate>
<round>1</round>
<failsafecounter/>
<players><player seat="3" name="ilCapo6" chips="385" dealer="0" win="0" bet="35" muck="1" rebuy="0" addon="0" merge="0" rebuychips="0" reg_code="5086999113"/>
<player seat="6" name="M1ky3ste92" chips="760" dealer="1" win="90" bet="760" muck="1" rebuy="0" addon="0" merge="0" rebuychips="0" reg_code="5086999152"/>
<player seat="10" name="Abate89" chips="355" dealer="0" win="0" bet="20" muck="1" rebuy="0" addon="0" merge="0" rebuychips="0" reg_code="5086999235"/>
</players>
</general>
<round no="0"><action no="1" player="Abate89" type="15" discard="1" dealt="1" sum="5"/>
<action no="2" player="ilCapo6" type="15" discard="1" dealt="1" sum="5"/>
<action no="3" player="M1ky3ste92" type="15" sum="5"/>
<action no="4" player="Abate89" type="1" discard="1" dealt="1" sum="15"/>
<action no="5" player="ilCapo6" type="2" discard="1" dealt="1" sum="30"/>
</round>
<round no="1"><cards type="Pocket" player="Abate89">X X</cards>
<cards type="Pocket" player="M1ky3ste92">CK C10</cards>
<cards type="Pocket" player="ilCapo6">X X</cards>
<action no="6" player="M1ky3ste92" type="23" sum="755"/>
<action no="7" player="Abate89" type="0" discard="1" dealt="1" sum="0"/>
<action no="8" player="ilCapo6" type="0" discard="1" dealt="1" sum="0"/>
</round>
</game>
<game gamecode="6585446739"><general>
<startdate>2026-01-06 19:24:03</startdate>
<round>1</round>
<failsafecounter/>
<players><player seat="6" name="M1ky3ste92" chips="815" dealer="0" win="0" bet="35" muck="1" rebuy="0" addon="0" merge="0" rebuychips="0" reg_code="5086999152"/>
<player seat="10" name="Abate89" chips="335" dealer="1" win="0" bet="35" muck="1" rebuy="0" addon="0" merge="0" rebuychips="0" reg_code="5086999235"/>
<player seat="3" name="ilCapo6" chips="350" dealer="0" win="105" bet="350" muck="1" rebuy="0" addon="0" merge="0" rebuychips="0" reg_code="5086999113"/>
</players>
</general>
<round no="0"><action no="1" player="ilCapo6" type="15" discard="1" dealt="1" sum="5"/>
<action no="2" player="M1ky3ste92" type="15" sum="5"/>
<action no="3" player="Abate89" type="15" discard="1" dealt="1" sum="5"/>
<action no="4" player="ilCapo6" type="1" discard="1" dealt="1" sum="15"/>
<action no="5" player="M1ky3ste92" type="2" sum="30"/>
</round>
<round no="1"><cards type="Pocket" player="M1ky3ste92">D7 D4</cards>
<cards type="Pocket" player="Abate89">X X</cards>
<cards type="Pocket" player="ilCapo6">X X</cards>
<action no="6" player="Abate89" type="3" discard="1" dealt="1" sum="30"/>
<action no="7" player="ilCapo6" type="23" discard="1" dealt="1" sum="345"/>
<action no="8" player="M1ky3ste92" type="0" sum="0"/>
<action no="9" player="Abate89" type="0" discard="1" dealt="1" sum="0"/>
</round>
</game>
<game gamecode="6585446785"><general>
<startdate>2026-01-06 19:24:17</startdate>
<round>1</round>
<failsafecounter/>
<players><player seat="10" name="Abate89" chips="300" dealer="0" win="620" bet="300" muck="0" rebuy="0" addon="0" merge="0" rebuychips="0" reg_code="5086999235"/>
<player seat="3" name="ilCapo6" chips="420" dealer="1" win="0" bet="420" muck="1" rebuy="0" addon="0" merge="0" rebuychips="0" reg_code="5086999113"/>
<player seat="6" name="M1ky3ste92" chips="780" dealer="0" win="0" bet="20" muck="1" rebuy="0" addon="0" merge="0" rebuychips="0" reg_code="5086999152"/>
</players>
</general>
<round no="0"><action no="1" player="M1ky3ste92" type="15" sum="5"/>
<action no="2" player="Abate89" type="15" discard="1" dealt="1" sum="5"/>
<action no="3" player="ilCapo6" type="15" discard="1" dealt="1" sum="5"/>
<action no="4" player="M1ky3ste92" type="1" sum="15"/>
<action no="5" player="Abate89" type="2" discard="1" dealt="1" sum="30"/>
</round>
<round no="1"><cards type="Pocket" player="ilCapo6">SK HJ</cards>
<cards type="Pocket" player="Abate89">C9 DK</cards>
<cards type="Pocket" player="M1ky3ste92">C5 C2</cards>
<action no="6" player="ilCapo6" type="23" discard="1" dealt="1" sum="415"/>
<action no="7" player="M1ky3ste92" type="0" sum="0"/>
<action no="8" player="Abate89" type="7" discard="1" dealt="1" sum="265"/>
</round>
<round no="2"><cards type="Flop">H7 D8 H9</cards>
</round>
<round no="3"><cards type="Turn">DQ</cards>
</round>
<round no="4"><cards type="River">S7</cards>
</round>
</game>
<game gamecode="6585446846"><general>
<startdate>2026-01-06 19:24:36</startdate>
<round>1</round>
<failsafecounter/>
<players><player seat="3" name="ilCapo6" chips="120" dealer="0" win="0" bet="120" muck="0" rebuy="0" addon="0" merge="0" rebuychips="0" reg_code="5086999113"/>
<player seat="6" name="M1ky3ste92" chips="760" dealer="1" win="0" bet="760" muck="1" rebuy="0" addon="0" merge="0" rebuychips="0" reg_code="5086999152"/>
<player seat="10" name="Abate89" chips="620" dealer="0" win="1,360" bet="620" muck="0" rebuy="0" addon="0" merge="0" rebuychips="0" reg_code="5086999235"/>
</players>
</general>
<round no="0"><action no="1" player="Abate89" type="15" discard="1" dealt="1" sum="5"/>
<action no="2" player="ilCapo6" type="15" discard="1" dealt="1" sum="5"/>
<action no="3" player="M1ky3ste92" type="15" sum="5"/>
<action no="4" player="Abate89" type="1" discard="1" dealt="1" sum="15"/>
<action no="5" player="ilCapo6" type="2" discard="1" dealt="1" sum="30"/>
</round>
<round no="1"><cards type="Pocket" player="ilCapo6">DQ SQ</cards>
<cards type="Pocket" player="M1ky3ste92">C8 HK</cards>
<cards type="Pocket" player="Abate89">S6 SA</cards>
<action no="6" player="M1ky3ste92" type="23" sum="60"/>
<action no="7" player="Abate89" type="3" discard="1" dealt="1" sum="45"/>
<action no="8" player="ilCapo6" type="23" discard="1" dealt="1" sum="115"/>
<action no="9" player="M1ky3ste92" type="23" sum="755"/>
<action no="10" player="Abate89" type="7" discard="1" dealt="1" sum="555"/>
</round>
<round no="2"><cards type="Flop">CA HA S10</cards>
</round>
<round no="3"><cards type="Turn">D10</cards>
</round>
<round no="4"><cards type="River">S2</cards>
</round>
</game>
<game gamecode="6585446935"><general>
<startdate>2026-01-06 19:25:06</startdate>
<round>1</round>
<failsafecounter/>
<players><player seat="6" name="M1ky3ste92" chips="140" dealer="0" win="0" bet="45" muck="1" rebuy="0" addon="0" merge="0" rebuychips="0" reg_code="5086999152"/>
<player seat="10" name="Abate89" chips="1,360" dealer="1" win="90" bet="45" muck="0" rebuy="0" addon="0" merge="0" rebuychips="0" reg_code="5086999235"/>
</players>
</general>
<round no="0"><action no="1" player="Abate89" type="15" discard="1" dealt="1" sum="5"/>
<action no="2" player="M1ky3ste92" type="15" sum="5"/>
<action no="3" player="Abate89" type="1" discard="1" dealt="1" sum="20"/>
<action no="4" player="M1ky3ste92" type="2" sum="40"/>
</round>
<round no="1"><cards type="Pocket" player="M1ky3ste92">S2 D3</cards>
<cards type="Pocket" player="Abate89">CJ S3</cards>
<action no="5" player="Abate89" type="3" discard="1" dealt="1" sum="20"/>
<action no="6" player="M1ky3ste92" type="4" sum="0"/>
</round>
<round no="2"><cards type="Flop">D9 HQ CA</cards>
<action no="7" player="M1ky3ste92" type="4" sum="0"/>
<action no="8" player="Abate89" type="4" discard="1" dealt="1" sum="0"/>
</round>
<round no="3"><cards type="Turn">C6</cards>
<action no="9" player="M1ky3ste92" type="4" sum="0"/>
<action no="10" player="Abate89" type="4" discard="1" dealt="1" sum="0"/>
</round>
<round no="4"><cards type="River">D7</cards>
<action no="11" player="M1ky3ste92" type="4" sum="0"/>
<action no="12" player="Abate89" type="4" discard="1" dealt="1" sum="0"/>
</round>
</game>
<game gamecode="6585446985"><general>
<startdate>2026-01-06 19:25:21</startdate>
<round>1</round>
<failsafecounter/>
<players><player seat="10" name="Abate89" chips="1,405" dealer="0" win="0" bet="95" muck="1" rebuy="0" addon="0" merge="0" rebuychips="0" reg_code="5086999235"/>
<player seat="6" name="M1ky3ste92" chips="95" dealer="1" win="190" bet="95" muck="0" rebuy="0" addon="0" merge="0" rebuychips="0" reg_code="5086999152"/>
</players>
</general>
<round no="0"><action no="1" player="M1ky3ste92" type="15" sum="5"/>
<action no="2" player="Abate89" type="15" discard="1" dealt="1" sum="5"/>
<action no="3" player="M1ky3ste92" type="1" sum="20"/>
<action no="4" player="Abate89" type="2" discard="1" dealt="1" sum="40"/>
</round>
<round no="1"><cards type="Pocket" player="M1ky3ste92">S10 C10</cards>
<cards type="Pocket" player="Abate89">C5 SK</cards>
<action no="5" player="M1ky3ste92" type="23" sum="90"/>
<action no="6" player="Abate89" type="3" discard="1" dealt="1" sum="50"/>
</round>
<round no="2"><cards type="Flop">SQ C6 C7</cards>
</round>
<round no="3"><cards type="Turn">S4</cards>
</round>
<round no="4"><cards type="River">D2</cards>
</round>
</game>
<game gamecode="6585447029"><general>
<startdate>2026-01-06 19:25:36</startdate>
<round>1</round>
<failsafecounter/>
<players><player seat="6" name="M1ky3ste92" chips="190" dealer="0" win="0" bet="190" muck="0" rebuy="0" addon="0" merge="0" rebuychips="0" reg_code="5086999152"/>
<player seat="10" name="Abate89" chips="1,310" dealer="1" win="380" bet="190" muck="0" rebuy="0" addon="0" merge="0" rebuychips="0" reg_code="5086999235"/>
</players>
</general>
<round no="0"><action no="1" player="Abate89" type="15" discard="1" dealt="1" sum="5"/>
<action no="2" player="M1ky3ste92" type="15" sum="5"/>
<action no="3" player="Abate89" type="1" discard="1" dealt="1" sum="20"/>
<action no="4" player="M1ky3ste92" type="2" sum="40"/>
</round>
<round no="1"><cards type="Pocket" player="M1ky3ste92">S10 SJ</cards>
<cards type="Pocket" player="Abate89">H7 D5</cards>
<action no="5" player="Abate89" type="3" discard="1" dealt="1" sum="20"/>
<action no="6" player="M1ky3ste92" type="23" sum="185"/>
<action no="7" player="Abate89" type="3" discard="1" dealt="1" sum="145"/>
</round>
<round no="2"><cards type="Flop">S4 DQ H4</cards>
</round>
<round no="3"><cards type="Turn">S7</cards>
</round>
<round no="4"><cards type="River">C7</cards>
</round>
</game>
</session>
