<?xml version="1.0" encoding="UTF-8"?>
<session sessioncode="5087860453">
<general>
<client_version>24.7.1.18</client_version>
<mode>real</mode>
<gametype>Holdem NL</gametype>
<tablename>Twister €100 SNG, 826023184</tablename>
<tournamentcode>826023183</tournamentcode>
<tournamentname>Twister €100 SNG</tournamentname>
<buyin>€0 + €7 + €93</buyin>
<totalbuyin>€100</totalbuyin>
<rewarddrawn>€300</rewarddrawn>
<tournamentcurrency>EUR</tournamentcurrency>
<currency>EUR</currency>
<nickname>M1ky3ste92</nickname>
<gamecount>15</gamecount>
<startdate>2026-01-09 19:02:32</startdate>
<place>2</place>
<win>€0</win>
<tablesize>3</tablesize>
</general>
<game gamecode="6588665236"><general>
<startdate>2026-01-09 19:02:47</startdate>
<round>1</round>
<failsafecounter/>
<players><player seat="3" name="ilCapo6" chips="500" dealer="0" win="0" bet="20" muck="1" rebuy="0" addon="0" merge="0" rebuychips="0" reg_code="5087857788"/>
<player seat="6" name="M1ky3ste92" chips="500" dealer="1" win="0" bet="0" muck="1" rebuy="0" addon="0" merge="0" rebuychips="0" reg_code="5087860453"/>
<player seat="10" name="CaonimaB" chips="500" dealer="0" win="40" bet="80" muck="1" rebuy="0" addon="0" merge="0" rebuychips="0" reg_code="5087860464"/>
</players>
</general>
<round no="0"><action no="1" player="CaonimaB" type="1" discard="1" dealt="1" sum="10"/>
<action no="2" player="ilCapo6" type="2" discard="1" dealt="1" sum="20"/>
</round>
<round no="1"><cards type="Pocket" player="M1ky3ste92">D10 C3</cards>
<cards type="Pocket" player="ilCapo6">X X</cards>
<cards type="Pocket" player="CaonimaB">X X</cards>
<action no="3" player="M1ky3ste92" type="0" sum="0"/>
<action no="4" player="CaonimaB" type="23" discard="1" dealt="1" sum="80"/>
<action no="5" player="ilCapo6" type="0" discard="1" dealt="1" sum="0"/>
</round>
</game>
<game gamecode="6588665317"><general>
<startdate>2026-01-09 19:02:59</startdate>
<round>1</round>
<failsafecounter/>
<players><player seat="6" name="M1ky3ste92" chips="500" dealer="0" win="200" bet="100" muck="0" rebuy="0" addon="0" merge="0" rebuychips="0" reg_code="5087860453"/>
<player seat="10" name="CaonimaB" chips="520" dealer="1" win="0" bet="0" muck="1" rebuy="0" addon="0" merge="0" rebuychips="0" reg_code="5087860464"/>
<player seat="3" name="ilCapo6" chips="480" dealer="0" win="0" bet="100" muck="1" rebuy="0" addon="0" merge="0" rebuychips="0" reg_code="5087857788"/>
</players>
</general>
<round no="0"><action no="1" player="ilCapo6" type="1" discard="1" dealt="1" sum="10"/>
<action no="2" player="M1ky3ste92" type="2" sum="20"/>
</round>
<round no="1"><cards type="Pocket" player="ilCapo6">C9 S8</cards>
<cards type="Pocket" player="M1ky3ste92">DQ C6</cards>
<cards type="Pocket" player="CaonimaB">X X</cards>
<action no="3" player="CaonimaB" type="0" discard="1" dealt="1" sum="0"/>
<action no="4" player="ilCapo6" type="23" discard="1" dealt="1" sum="40"/>
<action no="5" player="M1ky3ste92" type="3" sum="20"/>
</round>
<round no="2"><cards type="Flop">HA S2 HQ</cards>
<action no="6" player="ilCapo6" type="5" discard="1" dealt="1" sum="60"/>
<action no="7" player="M1ky3ste92" type="3" sum="60"/>
</round>
<round no="3"><cards type="Turn">HK</cards>
<action no="8" player="ilCapo6" type="4" discard="1" dealt="1" sum="0"/>
<action no="9" player="M1ky3ste92" type="4" sum="0"/>
</round>
<round no="4"><cards type="River">C3</cards>
<action no="10" player="ilCapo6" type="4" discard="1" dealt="1" sum="0"/>
<action no="11" player="M1ky3ste92" type="4" sum="0"/>
</round>
</game>
<game gamecode="6588665690"><general>
<startdate>2026-01-09 19:03:55</startdate>
<round>1</round>
<failsafecounter/>
<players><player seat="10" name="CaonimaB" chips="520" dealer="0" win="240" bet="240" muck="1" rebuy="0" addon="0" merge="0" rebuychips="0" reg_code="5087860464"/>
<player seat="3" name="ilCapo6" chips="380" dealer="1" win="0" bet="0" muck="1" rebuy="0" addon="0" merge="0" rebuychips="0" reg_code="5087857788"/>
<player seat="6" name="M1ky3ste92" chips="600" dealer="0" win="0" bet="120" muck="1" rebuy="0" addon="0" merge="0" rebuychips="0" reg_code="5087860453"/>
</players>
</general>
<round no="0"><action no="1" player="M1ky3ste92" type="1" sum="10"/>
<action no="2" player="CaonimaB" type="2" discard="1" dealt="1" sum="20"/>
</round>
<round no="1"><cards type="Pocket" player="ilCapo6">X X</cards>
<cards type="Pocket" player="CaonimaB">X X</cards>
<cards type="Pocket" player="M1ky3ste92">SK SQ</cards>
<action no="3" player="ilCapo6" type="0" discard="1" dealt="1" sum="0"/>
<action no="4" player="M1ky3ste92" type="23" sum="60"/>
<action no="5" player="CaonimaB" type="3" discard="1" dealt="1" sum="40"/>
</round>
<round no="2"><cards type="Flop">D9 S3 H8</cards>
<action no="6" player="M1ky3ste92" type="4" sum="0"/>
<action no="7" player="CaonimaB" type="5" discard="1" dealt="1" sum="60"/>
<action no="8" player="M1ky3ste92" type="3" sum="60"/>
</round>
<round no="3"><cards type="Turn">HJ</cards>
<action no="9" player="M1ky3ste92" type="4" sum="0"/>
<action no="10" player="CaonimaB" type="5" discard="1" dealt="1" sum="120"/>
<action no="11" player="M1ky3ste92" type="0" sum="0"/>
</round>
</game>
<game gamecode="6588665870"><general>
<startdate>2026-01-09 19:04:20</startdate>
<round>1</round>
<failsafecounter/>
<players><player seat="3" name="ilCapo6" chips="380" dealer="0" win="0" bet="20" muck="1" rebuy="0" addon="0" merge="0" rebuychips="0" reg_code="5087857788"/>
<player seat="6" name="M1ky3ste92" chips="480" dealer="1" win="0" bet="0" muck="1" rebuy="0" addon="0" merge="0" rebuychips="0" reg_code="5087860453"/>
<player seat="10" name="CaonimaB" chips="640" dealer="0" win="40" bet="40" muck="1" rebuy="0" addon="0" merge="0" rebuychips="0" reg_code="5087860464"/>
</players>
</general>
<round no="0"><action no="1" player="CaonimaB" type="1" discard="1" dealt="1" sum="10"/>
<action no="2" player="ilCapo6" type="2" discard="1" dealt="1" sum="20"/>
</round>
<round no="1"><cards type="Pocket" player="ilCapo6">X X</cards>
<cards type="Pocket" player="M1ky3ste92">C5 D8</cards>
<cards type="Pocket" player="CaonimaB">X X</cards>
<action no="3" player="M1ky3ste92" type="0" sum="0"/>
<action no="4" player="CaonimaB" type="3" discard="1" dealt="1" sum="10"/>
<action no="5" player="ilCapo6" type="4" discard="1" dealt="1" sum="0"/>
</round>
<round no="2"><cards type="Flop">C9 HQ H4</cards>
<action no="6" player="CaonimaB" type="5" discard="1" dealt="1" sum="20"/>
<action no="7" player="ilCapo6" type="0" discard="1" dealt="1" sum="0"/>
</round>
</game>
<game gamecode="6588665981"><general>
<startdate>2026-01-09 19:04:37</startdate>
<round>1</round>
<failsafecounter/>
<players><player seat="6" name="M1ky3ste92" chips="480" dealer="0" win="995" bet="480" muck="0" rebuy="0" addon="0" merge="0" rebuychips="0" reg_code="5087860453"/>
<player seat="10" name="CaonimaB" chips="660" dealer="1" win="0" bet="660" muck="0" rebuy="0" addon="0" merge="0" rebuychips="0" reg_code="5087860464"/>
<player seat="3" name="ilCapo6" chips="360" dealer="0" win="0" bet="35" muck="1" rebuy="0" addon="0" merge="0" rebuychips="0" reg_code="5087857788"/>
</players>
</general>
<round no="0"><action no="1" player="ilCapo6" type="15" discard="1" dealt="1" sum="5"/>
<action no="2" player="M1ky3ste92" type="15" sum="5"/>
<action no="3" player="CaonimaB" type="15" discard="1" dealt="1" sum="5"/>
<action no="4" player="ilCapo6" type="1" discard="1" dealt="1" sum="15"/>
<action no="5" player="M1ky3ste92" type="2" sum="30"/>
</round>
<round no="1"><cards type="Pocket" player="ilCapo6">X X</cards>
<cards type="Pocket" player="M1ky3ste92">H5 D6</cards>
<cards type="Pocket" player="CaonimaB">CA HA</cards>
<action no="6" player="CaonimaB" type="3" discard="1" dealt="1" sum="30"/>
<action no="7" player="ilCapo6" type="3" discard="1" dealt="1" sum="15"/>
<action no="8" player="M1ky3ste92" type="23" sum="475"/>
<action no="9" player="CaonimaB" type="7" discard="1" dealt="1" sum="625"/>
<action no="10" player="ilCapo6" type="0" discard="1" dealt="1" sum="0"/>
</round>
<round no="2"><cards type="Flop">D8 D3 D10</cards>
</round>
<round no="3"><cards type="Turn">D5</cards>
</round>
<round no="4"><cards type="River">C6</cards>
</round>
</game>
<game gamecode="6588666215"><general>
<startdate>2026-01-09 19:05:12</startdate>
<round>1</round>
<failsafecounter/>
<players><player seat="10" name="CaonimaB" chips="180" dealer="0" win="0" bet="35" muck="1" rebuy="0" addon="0" merge="0" rebuychips="0" reg_code="5087860464"/>
<player seat="3" name="ilCapo6" chips="325" dealer="1" win="0" bet="5" muck="1" rebuy="0" addon="0" merge="0" rebuychips="0" reg_code="5087857788"/>
<player seat="6" name="M1ky3ste92" chips="995" dealer="0" win="75" bet="995" muck="1" rebuy="0" addon="0" merge="0" rebuychips="0" reg_code="5087860453"/>
</players>
</general>
<round no="0"><action no="1" player="M1ky3ste92" type="15" sum="5"/>
<action no="2" player="CaonimaB" type="15" discard="1" dealt="1" sum="5"/>
<action no="3" player="ilCapo6" type="15" discard="1" dealt="1" sum="5"/>
<action no="4" player="M1ky3ste92" type="1" sum="15"/>
<action no="5" player="CaonimaB" type="2" discard="1" dealt="1" sum="30"/>
</round>
<round no="1"><cards type="Pocket" player="ilCapo6">X X</cards>
<cards type="Pocket" player="M1ky3ste92">C4 HA</cards>
<cards type="Pocket" player="CaonimaB">X X</cards>
<action no="6" player="ilCapo6" type="0" discard="1" dealt="1" sum="0"/>
<action no="7" player="M1ky3ste92" type="23" sum="990"/>
<action no="8" player="CaonimaB" type="0" discard="1" dealt="1" sum="0"/>
</round>
</game>
<game gamecode="6588666299"><general>
<startdate>2026-01-09 19:05:21</startdate>
<round>1</round>
<failsafecounter/>
<players><player seat="3" name="ilCapo6" chips="320" dealer="0" win="660" bet="320" muck="0" rebuy="0" addon="0" merge="0" rebuychips="0" reg_code="5087857788"/>
<player seat="6" name="M1ky3ste92" chips="1,035" dealer="1" win="0" bet="1,035" muck="1" rebuy="0" addon="0" merge="0" rebuychips="0" reg_code="5087860453"/>
<player seat="10" name="CaonimaB" chips="145" dealer="0" win="0" bet="20" muck="1" rebuy="0" addon="0" merge="0" rebuychips="0" reg_code="5087860464"/>
</players>
</general>
<round no="0"><action no="1" player="CaonimaB" type="15" discard="1" dealt="1" sum="5"/>
<action no="2" player="ilCapo6" type="15" discard="1" dealt="1" sum="5"/>
<action no="3" player="M1ky3ste92" type="15" sum="5"/>
<action no="4" player="CaonimaB" type="1" discard="1" dealt="1" sum="15"/>
<action no="5" player="ilCapo6" type="2" discard="1" dealt="1" sum="30"/>
</round>
<round no="1"><cards type="Pocket" player="M1ky3ste92">D3 D8</cards>
<cards type="Pocket" player="ilCapo6">D10 DA</cards>
<cards type="Pocket" player="CaonimaB">X X</cards>
<action no="6" player="M1ky3ste92" type="23" sum="1,030"/>
<action no="7" player="CaonimaB" type="0" discard="1" dealt="1" sum="0"/>
<action no="8" player="ilCapo6" type="7" discard="1" dealt="1" sum="285"/>
</round>
<round no="2"><cards type="Flop">SK H7 S5</cards>
</round>
<round no="3"><cards type="Turn">S2</cards>
</round>
<round no="4"><cards type="River">HJ</cards>
</round>
</game>
<game gamecode="6588666408"><general>
<startdate>2026-01-09 19:05:39</startdate>
<round>1</round>
<failsafecounter/>
<players><player seat="6" name="M1ky3ste92" chips="715" dealer="0" win="285" bet="715" muck="0" rebuy="0" addon="0" merge="0" rebuychips="0" reg_code="5087860453"/>
<player seat="10" name="CaonimaB" chips="125" dealer="1" win="0" bet="125" muck="0" rebuy="0" addon="0" merge="0" rebuychips="0" reg_code="5087860464"/>
<player seat="3" name="ilCapo6" chips="660" dealer="0" win="0" bet="35" muck="1" rebuy="0" addon="0" merge="0" rebuychips="0" reg_code="5087857788"/>
</players>
</general>
<round no="0"><action no="1" player="ilCapo6" type="15" discard="1" dealt="1" sum="5"/>
<action no="2" player="M1ky3ste92" type="15" sum="5"/>
<action no="3" player="CaonimaB" type="15" discard="1" dealt="1" sum="5"/>
<action no="4" player="ilCapo6" type="1" discard="1" dealt="1" sum="15"/>
<action no="5" player="M1ky3ste92" type="2" sum="30"/>
</round>
<round no="1"><cards type="Pocket" player="CaonimaB">HA CK</cards>
<cards type="Pocket" player="M1ky3ste92">D2 S9</cards>
<cards type="Pocket" player="ilCapo6">X X</cards>
<action no="6" player="CaonimaB" type="3" discard="1" dealt="1" sum="30"/>
<action no="7" player="ilCapo6" type="3" discard="1" dealt="1" sum="15"/>
<action no="8" player="M1ky3ste92" type="23" sum="710"/>
<action no="9" player="CaonimaB" type="7" discard="1" dealt="1" sum="90"/>
<action no="10" player="ilCapo6" type="0" discard="1" dealt="1" sum="0"/>
</round>
<round no="2"><cards type="Flop">C3 S8 DJ</cards>
</round>
<round no="3"><cards type="Turn">S3</cards>
</round>
<round no="4"><cards type="River">H2</cards>
</round>
</game>
<game gamecode="6588666565"><general>
<startdate>2026-01-09 19:06:01</startdate>
<round>1</round>
<failsafecounter/>
<players><player seat="6" name="M1ky3ste92" chips="875" dealer="0" win="130" bet="130" muck="1" rebuy="0" addon="0" merge="0" rebuychips="0" reg_code="5087860453"/>
<player seat="3" name="ilCapo6" chips="625" dealer="1" win="0" bet="65" muck="1" rebuy="0" addon="0" merge="0" rebuychips="0" reg_code="5087857788"/>
</players>
</general>
<round no="0"><action no="1" player="ilCapo6" type="15" discard="1" dealt="1" sum="5"/>
<action no="2" player="M1ky3ste92" type="15" sum="5"/>
<action no="3" player="ilCapo6" type="1" discard="1" dealt="1" sum="15"/>
<action no="4" player="M1ky3ste92" type="2" sum="30"/>
</round>
<round no="1"><cards type="Pocket" player="M1ky3ste92">H10 H3</cards>
<cards type="Pocket" player="ilCapo6">X X</cards>
<action no="5" player="ilCapo6" type="3" discard="1" dealt="1" sum="15"/>
<action no="6" player="M1ky3ste92" type="23" sum="60"/>
<action no="7" player="ilCapo6" type="3" discard="1" dealt="1" sum="30"/>
</round>
<round no="2"><cards type="Flop">SQ DJ HQ</cards>
<action no="8" player="M1ky3ste92" type="5" sum="65"/>
<action no="9" player="ilCapo6" type="0" discard="1" dealt="1" sum="0"/>
</round>
</game>
<game gamecode="6588666664"><general>
<startdate>2026-01-09 19:06:15</startdate>
<round>1</round>
<failsafecounter/>
<players><player seat="3" name="ilCapo6" chips="560" dealer="0" win="50" bet="45" muck="1" rebuy="0" addon="0" merge="0" rebuychips="0" reg_code="5087857788"/>
<player seat="6" name="M1ky3ste92" chips="940" dealer="1" win="0" bet="25" muck="1" rebuy="0" addon="0" merge="0" rebuychips="0" reg_code="5087860453"/>
</players>
</general>
<round no="0"><action no="1" player="M1ky3ste92" type="15" sum="5"/>
<action no="2" player="ilCapo6" type="15" discard="1" dealt="1" sum="5"/>
<action no="3" player="M1ky3ste92" type="1" sum="20"/>
<action no="4" player="ilCapo6" type="2" discard="1" dealt="1" sum="40"/>
</round>
<round no="1"><cards type="Pocket" player="ilCapo6">X X</cards>
<cards type="Pocket" player="M1ky3ste92">C2 H5</cards>
<action no="5" player="M1ky3ste92" type="0" sum="0"/>
</round>
</game>
<game gamecode="6588666706"><general>
<startdate>2026-01-09 19:06:20</startdate>
<round>1</round>
<failsafecounter/>
<players><player seat="6" name="M1ky3ste92" chips="915" dealer="0" win="0" bet="585" muck="1" rebuy="0" addon="0" merge="0" rebuychips="0" reg_code="5087860453"/>
<player seat="3" name="ilCapo6" chips="585" dealer="1" win="1,170" bet="585" muck="0" rebuy="0" addon="0" merge="0" rebuychips="0" reg_code="5087857788"/>
</players>
</general>
<round no="0"><action no="1" player="ilCapo6" type="15" discard="1" dealt="1" sum="5"/>
<action no="2" player="M1ky3ste92" type="15" sum="5"/>
<action no="3" player="ilCapo6" type="1" discard="1" dealt="1" sum="20"/>
<action no="4" player="M1ky3ste92" type="2" sum="40"/>
</round>
<round no="1"><cards type="Pocket" player="M1ky3ste92">H8 C10</cards>
<cards type="Pocket" player="ilCapo6">DA CQ</cards>
<action no="5" player="ilCapo6" type="3" discard="1" dealt="1" sum="20"/>
<action no="6" player="M1ky3ste92" type="23" sum="120"/>
<action no="7" player="ilCapo6" type="23" discard="1" dealt="1" sum="580"/>
<action no="8" player="M1ky3ste92" type="3" sum="460"/>
</round>
<round no="2"><cards type="Flop">DQ S2 S6</cards>
</round>
<round no="3"><cards type="Turn">S9</cards>
</round>
<round no="4"><cards type="River">H5</cards>
</round>
</game>
<game gamecode="6588666895"><general>
<startdate>2026-01-09 19:06:45</startdate>
<round>1</round>
<failsafecounter/>
<players><player seat="3" name="ilCapo6" chips="1,170" dealer="0" win="0" bet="45" muck="1" rebuy="0" addon="0" merge="0" rebuychips="0" reg_code="5087857788"/>
<player seat="6" name="M1ky3ste92" chips="330" dealer="1" win="90" bet="330" muck="1" rebuy="0" addon="0" merge="0" rebuychips="0" reg_code="5087860453"/>
</players>
</general>
<round no="0"><action no="1" player="M1ky3ste92" type="15" sum="5"/>
<action no="2" player="ilCapo6" type="15" discard="1" dealt="1" sum="5"/>
<action no="3" player="M1ky3ste92" type="1" sum="20"/>
<action no="4" player="ilCapo6" type="2" discard="1" dealt="1" sum="40"/>
</round>
<round no="1"><cards type="Pocket" player="ilCapo6">X X</cards>
<cards type="Pocket" player="M1ky3ste92">S7 HA</cards>
<action no="5" player="M1ky3ste92" type="23" sum="325"/>
<action no="6" player="ilCapo6" type="0" discard="1" dealt="1" sum="0"/>
</round>
</game>
<game gamecode="6588666949"><general>
<startdate>2026-01-09 19:06:53</startdate>
<round>1</round>
<failsafecounter/>
<players><player seat="6" name="M1ky3ste92" chips="375" dealer="0" win="0" bet="45" muck="1" rebuy="0" addon="0" merge="0" rebuychips="0" reg_code="5087860453"/>
<player seat="3" name="ilCapo6" chips="1,125" dealer="1" win="90" bet="90" muck="1" rebuy="0" addon="0" merge="0" rebuychips="0" reg_code="5087857788"/>
</players>
</general>
<round no="0"><action no="1" player="ilCapo6" type="15" discard="1" dealt="1" sum="5"/>
<action no="2" player="M1ky3ste92" type="15" sum="5"/>
<action no="3" player="ilCapo6" type="1" discard="1" dealt="1" sum="20"/>
<action no="4" player="M1ky3ste92" type="2" sum="40"/>
</round>
<round no="1"><cards type="Pocket" player="M1ky3ste92">SQ D2</cards>
<cards type="Pocket" player="ilCapo6">X X</cards>
<action no="5" player="ilCapo6" type="3" discard="1" dealt="1" sum="20"/>
<action no="6" player="M1ky3ste92" type="4" sum="0"/>
</round>
<round no="2"><cards type="Flop">HJ S5 H3</cards>
<action no="7" player="M1ky3ste92" type="4" sum="0"/>
<action no="8" player="ilCapo6" type="5" discard="1" dealt="1" sum="45"/>
<action no="9" player="M1ky3ste92" type="0" sum="0"/>
</round>
</game>
<game gamecode="6588667030"><general>
<startdate>2026-01-09 19:07:04</startdate>
<round>1</round>
<failsafecounter/>
<players><player seat="3" name="ilCapo6" chips="1,170" dealer="0" win="0" bet="45" muck="1" rebuy="0" addon="0" merge="0" rebuychips="0" reg_code="5087857788"/>
<player seat="6" name="M1ky3ste92" chips="330" dealer="1" win="90" bet="330" muck="1" rebuy="0" addon="0" merge="0" rebuychips="0" reg_code="5087860453"/>
</players>
</general>
<round no="0"><action no="1" player="M1ky3ste92" type="15" sum="5"/>
<action no="2" player="ilCapo6" type="15" discard="1" dealt="1" sum="5"/>
<action no="3" player="M1ky3ste92" type="1" sum="20"/>
<action no="4" player="ilCapo6" type="2" discard="1" dealt="1" sum="40"/>
</round>
<round no="1"><cards type="Pocket" player="ilCapo6">X X</cards>
<cards type="Pocket" player="M1ky3ste92">DK C10</cards>
<action no="5" player="M1ky3ste92" type="23" sum="325"/>
<action no="6" player="ilCapo6" type="0" discard="1" dealt="1" sum="0"/>
</round>
</game>
<game gamecode="6588667089"><general>
<startdate>2026-01-09 19:07:13</startdate>
<round>1</round>
<failsafecounter/>
<players><player seat="6" name="M1ky3ste92" chips="375" dealer="0" win="0" bet="375" muck="1" rebuy="0" addon="0" merge="0" rebuychips="0" reg_code="5087860453"/>
<player seat="3" name="ilCapo6" chips="1,125" dealer="1" win="750" bet="1,125" muck="0" rebuy="0" addon="0" merge="0" rebuychips="0" reg_code="5087857788"/>
</players>
</general>
<round no="0"><action no="1" player="ilCapo6" type="15" discard="1" dealt="1" sum="5"/>
<action no="2" player="M1ky3ste92" type="15" sum="5"/>
<action no="3" player="ilCapo6" type="1" discard="1" dealt="1" sum="20"/>
<action no="4" player="M1ky3ste92" type="2" sum="40"/>
</round>
<round no="1"><cards type="Pocket" player="M1ky3ste92">C9 H8</cards>
<cards type="Pocket" player="ilCapo6">HQ DJ</cards>
<action no="5" player="ilCapo6" type="23" discard="1" dealt="1" sum="1,120"/>
<action no="6" player="M1ky3ste92" type="7" sum="330"/>
</round>
<round no="2"><cards type="Flop">H4 H5 H3</cards>
</round>
<round no="3"><cards type="Turn">HK</cards>
</round>
<round no="4"><cards type="River">HJ</cards>
</round>
</game>
</session>
