<?xml version="1.0" encoding="UTF-8"?>
<session sessioncode="5087395819">
<general>
<client_version>24.7.1.18</client_version>
<mode>real</mode>
<gametype>Holdem NL</gametype>
<tablename>Twister €100 SNG, 825907390</tablename>
<tournamentcode>825907389</tournamentcode>
<tournamentname>Twister €100 SNG</tournamentname>
<buyin>€0 + €7 + €93</buyin>
<totalbuyin>€100</totalbuyin>
<rewarddrawn>€400</rewarddrawn>
<tournamentcurrency>EUR</tournamentcurrency>
<currency>EUR</currency>
<nickname>M1ky3ste92</nickname>
<gamecount>19</gamecount>
<startdate>2026-01-07 23:54:47</startdate>
<place>1</place>
<win>€400</win>
<tablesize>3</tablesize>
</general>
<game gamecode="6586925352"><general>
<startdate>2026-01-07 23:55:02</startdate>
<round>1</round>
<failsafecounter/>
<players><player seat="3" name="M1ky3ste92" chips="500" dealer="0" win="20" bet="20" muck="1" rebuy="0" addon="0" merge="0" rebuychips="0" reg_code="5087395819"/>
<player seat="6" name="FanteDiDenari" chips="500" dealer="1" win="0" bet="0" muck="1" rebuy="0" addon="0" merge="0" rebuychips="0" reg_code="5087395883"/>
<player seat="10" name="Ninoolly1" chips="500" dealer="0" win="0" bet="10" muck="1" rebuy="0" addon="0" merge="0" rebuychips="0" reg_code="5087395888"/>
</players>
</general>
<round no="0"><action no="1" player="Ninoolly1" type="1" discard="1" dealt="1" sum="10"/>
<action no="2" player="M1ky3ste92" type="2" sum="20"/>
</round>
<round no="1"><cards type="Pocket" player="M1ky3ste92">D4 DA</cards>
<cards type="Pocket" player="FanteDiDenari">X X</cards>
<cards type="Pocket" player="Ninoolly1">X X</cards>
<action no="3" player="FanteDiDenari" type="0" discard="1" dealt="1" sum="0"/>
<action no="4" player="Ninoolly1" type="0" discard="1" dealt="1" sum="0"/>
</round>
</game>
<game gamecode="6586925462"><general>
<startdate>2026-01-07 23:55:15</startdate>
<round>1</round>
<failsafecounter/>
<players><player seat="6" name="FanteDiDenari" chips="500" dealer="0" win="20" bet="20" muck="1" rebuy="0" addon="0" merge="0" rebuychips="0" reg_code="5087395883"/>
<player seat="10" name="Ninoolly1" chips="490" dealer="1" win="0" bet="0" muck="1" rebuy="0" addon="0" merge="0" rebuychips="0" reg_code="5087395888"/>
<player seat="3" name="M1ky3ste92" chips="510" dealer="0" win="0" bet="10" muck="1" rebuy="0" addon="0" merge="0" rebuychips="0" reg_code="5087395819"/>
</players>
</general>
<round no="0"><action no="1" player="M1ky3ste92" type="1" sum="10"/>
<action no="2" player="FanteDiDenari" type="2" discard="1" dealt="1" sum="20"/>
</round>
<round no="1"><cards type="Pocket" player="M1ky3ste92">D4 H6</cards>
<cards type="Pocket" player="FanteDiDenari">X X</cards>
<cards type="Pocket" player="Ninoolly1">X X</cards>
<action no="3" player="Ninoolly1" type="0" discard="1" dealt="1" sum="0"/>
<action no="4" player="M1ky3ste92" type="0" sum="0"/>
</round>
</game>
<game gamecode="6586925517"><general>
<startdate>2026-01-07 23:55:24</startdate>
<round>1</round>
<failsafecounter/>
<players><player seat="10" name="Ninoolly1" chips="490" dealer="0" win="20" bet="20" muck="1" rebuy="0" addon="0" merge="0" rebuychips="0" reg_code="5087395888"/>
<player seat="3" name="M1ky3ste92" chips="500" dealer="1" win="0" bet="0" muck="1" rebuy="0" addon="0" merge="0" rebuychips="0" reg_code="5087395819"/>
<player seat="6" name="FanteDiDenari" chips="510" dealer="0" win="0" bet="10" muck="1" rebuy="0" addon="0" merge="0" rebuychips="0" reg_code="5087395883"/>
</players>
</general>
<round no="0"><action no="1" player="FanteDiDenari" type="1" discard="1" dealt="1" sum="10"/>
<action no="2" player="Ninoolly1" type="2" discard="1" dealt="1" sum="20"/>
</round>
<round no="1"><cards type="Pocket" player="Ninoolly1">X X</cards>
<cards type="Pocket" player="FanteDiDenari">X X</cards>
<cards type="Pocket" player="M1ky3ste92">C2 C3</cards>
<action no="3" player="M1ky3ste92" type="0" sum="0"/>
<action no="4" player="FanteDiDenari" type="0" discard="1" dealt="1" sum="0"/>
</round>
</game>
<game gamecode="6586925623"><general>
<startdate>2026-01-07 23:55:39</startdate>
<round>1</round>
<failsafecounter/>
<players><player seat="3" name="M1ky3ste92" chips="500" dealer="0" win="20" bet="20" muck="1" rebuy="0" addon="0" merge="0" rebuychips="0" reg_code="5087395819"/>
<player seat="6" name="FanteDiDenari" chips="500" dealer="1" win="0" bet="0" muck="1" rebuy="0" addon="0" merge="0" rebuychips="0" reg_code="5087395883"/>
<player seat="10" name="Ninoolly1" chips="500" dealer="0" win="0" bet="10" muck="1" rebuy="0" addon="0" merge="0" rebuychips="0" reg_code="5087395888"/>
</players>
</general>
<round no="0"><action no="1" player="Ninoolly1" type="1" discard="1" dealt="1" sum="10"/>
<action no="2" player="M1ky3ste92" type="2" sum="20"/>
</round>
<round no="1"><cards type="Pocket" player="FanteDiDenari">X X</cards>
<cards type="Pocket" player="Ninoolly1">X X</cards>
<cards type="Pocket" player="M1ky3ste92">CJ SQ</cards>
<action no="3" player="FanteDiDenari" type="0" discard="1" dealt="1" sum="0"/>
<action no="4" player="Ninoolly1" type="0" discard="1" dealt="1" sum="0"/>
</round>
</game>
<game gamecode="6586925687"><general>
<startdate>2026-01-07 23:55:47</startdate>
<round>1</round>
<failsafecounter/>
<players><player seat="6" name="FanteDiDenari" chips="500" dealer="0" win="20" bet="20" muck="1" rebuy="0" addon="0" merge="0" rebuychips="0" reg_code="5087395883"/>
<player seat="10" name="Ninoolly1" chips="490" dealer="1" win="0" bet="0" muck="1" rebuy="0" addon="0" merge="0" rebuychips="0" reg_code="5087395888"/>
<player seat="3" name="M1ky3ste92" chips="510" dealer="0" win="0" bet="10" muck="1" rebuy="0" addon="0" merge="0" rebuychips="0" reg_code="5087395819"/>
</players>
</general>
<round no="0"><action no="1" player="M1ky3ste92" type="1" sum="10"/>
<action no="2" player="FanteDiDenari" type="2" discard="1" dealt="1" sum="20"/>
</round>
<round no="1"><cards type="Pocket" player="FanteDiDenari">X X</cards>
<cards type="Pocket" player="M1ky3ste92">H3 D9</cards>
<cards type="Pocket" player="Ninoolly1">X X</cards>
<action no="3" player="Ninoolly1" type="0" discard="1" dealt="1" sum="0"/>
<action no="4" player="M1ky3ste92" type="0" sum="0"/>
</round>
</game>
<game gamecode="6586925731"><general>
<startdate>2026-01-07 23:55:54</startdate>
<round>1</round>
<failsafecounter/>
<players><player seat="10" name="Ninoolly1" chips="490" dealer="0" win="0" bet="20" muck="1" rebuy="0" addon="0" merge="0" rebuychips="0" reg_code="5087395888"/>
<player seat="3" name="M1ky3ste92" chips="500" dealer="1" win="0" bet="0" muck="1" rebuy="0" addon="0" merge="0" rebuychips="0" reg_code="5087395819"/>
<player seat="6" name="FanteDiDenari" chips="510" dealer="0" win="40" bet="60" muck="1" rebuy="0" addon="0" merge="0" rebuychips="0" reg_code="5087395883"/>
</players>
</general>
<round no="0"><action no="1" player="FanteDiDenari" type="1" discard="1" dealt="1" sum="10"/>
<action no="2" player="Ninoolly1" type="2" discard="1" dealt="1" sum="20"/>
</round>
<round no="1"><cards type="Pocket" player="FanteDiDenari">X X</cards>
<cards type="Pocket" player="M1ky3ste92">C5 C10</cards>
<cards type="Pocket" player="Ninoolly1">X X</cards>
<action no="3" player="M1ky3ste92" type="0" sum="0"/>
<action no="4" player="FanteDiDenari" type="23" discard="1" dealt="1" sum="60"/>
<action no="5" player="Ninoolly1" type="0" discard="1" dealt="1" sum="0"/>
</round>
</game>
<game gamecode="6586925808"><general>
<startdate>2026-01-07 23:56:05</startdate>
<round>1</round>
<failsafecounter/>
<players><player seat="3" name="M1ky3ste92" chips="500" dealer="0" win="0" bet="20" muck="1" rebuy="0" addon="0" merge="0" rebuychips="0" reg_code="5087395819"/>
<player seat="6" name="FanteDiDenari" chips="530" dealer="1" win="0" bet="0" muck="1" rebuy="0" addon="0" merge="0" rebuychips="0" reg_code="5087395883"/>
<player seat="10" name="Ninoolly1" chips="470" dealer="0" win="40" bet="470" muck="1" rebuy="0" addon="0" merge="0" rebuychips="0" reg_code="5087395888"/>
</players>
</general>
<round no="0"><action no="1" player="Ninoolly1" type="1" discard="1" dealt="1" sum="10"/>
<action no="2" player="M1ky3ste92" type="2" sum="20"/>
</round>
<round no="1"><cards type="Pocket" player="FanteDiDenari">X X</cards>
<cards type="Pocket" player="Ninoolly1">X X</cards>
<cards type="Pocket" player="M1ky3ste92">S4 D10</cards>
<action no="3" player="FanteDiDenari" type="0" discard="1" dealt="1" sum="0"/>
<action no="4" player="Ninoolly1" type="23" discard="1" dealt="1" sum="470"/>
<action no="5" player="M1ky3ste92" type="0" sum="0"/>
</round>
</game>
<game gamecode="6586925875"><general>
<startdate>2026-01-07 23:56:14</startdate>
<round>1</round>
<failsafecounter/>
<players><player seat="6" name="FanteDiDenari" chips="530" dealer="0" win="0" bet="20" muck="1" rebuy="0" addon="0" merge="0" rebuychips="0" reg_code="5087395883"/>
<player seat="10" name="Ninoolly1" chips="490" dealer="1" win="0" bet="40" muck="1" rebuy="0" addon="0" merge="0" rebuychips="0" reg_code="5087395888"/>
<player seat="3" name="M1ky3ste92" chips="480" dealer="0" win="100" bet="90" muck="1" rebuy="0" addon="0" merge="0" rebuychips="0" reg_code="5087395819"/>
</players>
</general>
<round no="0"><action no="1" player="M1ky3ste92" type="1" sum="10"/>
<action no="2" player="FanteDiDenari" type="2" discard="1" dealt="1" sum="20"/>
</round>
<round no="1"><cards type="Pocket" player="M1ky3ste92">S2 CA</cards>
<cards type="Pocket" player="FanteDiDenari">X X</cards>
<cards type="Pocket" player="Ninoolly1">X X</cards>
<action no="3" player="Ninoolly1" type="3" discard="1" dealt="1" sum="20"/>
<action no="4" player="M1ky3ste92" type="3" sum="10"/>
<action no="5" player="FanteDiDenari" type="4" discard="1" dealt="1" sum="0"/>
</round>
<round no="2"><cards type="Flop">D10 HA D8</cards>
<action no="6" player="M1ky3ste92" type="5" sum="20"/>
<action no="7" player="FanteDiDenari" type="0" discard="1" dealt="1" sum="0"/>
<action no="8" player="Ninoolly1" type="3" discard="1" dealt="1" sum="20"/>
</round>
<round no="3"><cards type="Turn">H4</cards>
<action no="9" player="M1ky3ste92" type="5" sum="50"/>
<action no="10" player="Ninoolly1" type="0" discard="1" dealt="1" sum="0"/>
</round>
</game>
<game gamecode="6586926113"><general>
<startdate>2026-01-07 23:56:49</startdate>
<round>1</round>
<failsafecounter/>
<players><player seat="10" name="Ninoolly1" chips="450" dealer="0" win="90" bet="450" muck="1" rebuy="0" addon="0" merge="0" rebuychips="0" reg_code="5087395888"/>
<player seat="3" name="M1ky3ste92" chips="540" dealer="1" win="0" bet="40" muck="1" rebuy="0" addon="0" merge="0" rebuychips="0" reg_code="5087395819"/>
<player seat="6" name="FanteDiDenari" chips="510" dealer="0" win="0" bet="10" muck="1" rebuy="0" addon="0" merge="0" rebuychips="0" reg_code="5087395883"/>
</players>
</general>
<round no="0"><action no="1" player="FanteDiDenari" type="1" discard="1" dealt="1" sum="10"/>
<action no="2" player="Ninoolly1" type="2" discard="1" dealt="1" sum="20"/>
</round>
<round no="1"><cards type="Pocket" player="FanteDiDenari">X X</cards>
<cards type="Pocket" player="Ninoolly1">X X</cards>
<cards type="Pocket" player="M1ky3ste92">CJ CK</cards>
<action no="3" player="M1ky3ste92" type="23" sum="40"/>
<action no="4" player="FanteDiDenari" type="0" discard="1" dealt="1" sum="0"/>
<action no="5" player="Ninoolly1" type="23" discard="1" dealt="1" sum="450"/>
<action no="6" player="M1ky3ste92" type="0" sum="0"/>
</round>
</game>
<game gamecode="6586926252"><general>
<startdate>2026-01-07 23:57:08</startdate>
<round>1</round>
<failsafecounter/>
<players><player seat="3" name="M1ky3ste92" chips="500" dealer="0" win="45" bet="35" muck="1" rebuy="0" addon="0" merge="0" rebuychips="0" reg_code="5087395819"/>
<player seat="6" name="FanteDiDenari" chips="500" dealer="1" win="0" bet="5" muck="1" rebuy="0" addon="0" merge="0" rebuychips="0" reg_code="5087395883"/>
<player seat="10" name="Ninoolly1" chips="500" dealer="0" win="0" bet="20" muck="1" rebuy="0" addon="0" merge="0" rebuychips="0" reg_code="5087395888"/>
</players>
</general>
<round no="0"><action no="1" player="Ninoolly1" type="15" discard="1" dealt="1" sum="5"/>
<action no="2" player="M1ky3ste92" type="15" sum="5"/>
<action no="3" player="FanteDiDenari" type="15" discard="1" dealt="1" sum="5"/>
<action no="4" player="Ninoolly1" type="1" discard="1" dealt="1" sum="15"/>
<action no="5" player="M1ky3ste92" type="2" sum="30"/>
</round>
<round no="1"><cards type="Pocket" player="M1ky3ste92">D6 D9</cards>
<cards type="Pocket" player="FanteDiDenari">X X</cards>
<cards type="Pocket" player="Ninoolly1">X X</cards>
<action no="6" player="FanteDiDenari" type="0" discard="1" dealt="1" sum="0"/>
<action no="7" player="Ninoolly1" type="0" discard="1" dealt="1" sum="0"/>
</round>
</game>
<game gamecode="6586926326"><general>
<startdate>2026-01-07 23:57:17</startdate>
<round>1</round>
<failsafecounter/>
<players><player seat="6" name="FanteDiDenari" chips="495" dealer="0" win="105" bet="120" muck="1" rebuy="0" addon="0" merge="0" rebuychips="0" reg_code="5087395883"/>
<player seat="10" name="Ninoolly1" chips="480" dealer="1" win="0" bet="35" muck="1" rebuy="0" addon="0" merge="0" rebuychips="0" reg_code="5087395888"/>
<player seat="3" name="M1ky3ste92" chips="525" dealer="0" win="0" bet="35" muck="1" rebuy="0" addon="0" merge="0" rebuychips="0" reg_code="5087395819"/>
</players>
</general>
<round no="0"><action no="1" player="M1ky3ste92" type="15" sum="5"/>
<action no="2" player="FanteDiDenari" type="15" discard="1" dealt="1" sum="5"/>
<action no="3" player="Ninoolly1" type="15" discard="1" dealt="1" sum="5"/>
<action no="4" player="M1ky3ste92" type="1" sum="15"/>
<action no="5" player="FanteDiDenari" type="2" discard="1" dealt="1" sum="30"/>
</round>
<round no="1"><cards type="Pocket" player="M1ky3ste92">H10 S7</cards>
<cards type="Pocket" player="Ninoolly1">X X</cards>
<cards type="Pocket" player="FanteDiDenari">X X</cards>
<action no="6" player="Ninoolly1" type="3" discard="1" dealt="1" sum="30"/>
<action no="7" player="M1ky3ste92" type="3" sum="15"/>
<action no="8" player="FanteDiDenari" type="4" discard="1" dealt="1" sum="0"/>
</round>
<round no="2"><cards type="Flop">D2 S6 HJ</cards>
<action no="9" player="M1ky3ste92" type="4" sum="0"/>
<action no="10" player="FanteDiDenari" type="4" discard="1" dealt="1" sum="0"/>
<action no="11" player="Ninoolly1" type="4" discard="1" dealt="1" sum="0"/>
</round>
<round no="3"><cards type="Turn">C3</cards>
<action no="12" player="M1ky3ste92" type="4" sum="0"/>
<action no="13" player="FanteDiDenari" type="5" discard="1" dealt="1" sum="85"/>
<action no="14" player="Ninoolly1" type="0" discard="1" dealt="1" sum="0"/>
<action no="15" player="M1ky3ste92" type="0" sum="0"/>
</round>
</game>
<game gamecode="6586926538"><general>
<startdate>2026-01-07 23:57:49</startdate>
<round>1</round>
<failsafecounter/>
<players><player seat="10" name="Ninoolly1" chips="445" dealer="0" win="45" bet="35" muck="1" rebuy="0" addon="0" merge="0" rebuychips="0" reg_code="5087395888"/>
<player seat="3" name="M1ky3ste92" chips="490" dealer="1" win="0" bet="5" muck="1" rebuy="0" addon="0" merge="0" rebuychips="0" reg_code="5087395819"/>
<player seat="6" name="FanteDiDenari" chips="565" dealer="0" win="0" bet="20" muck="1" rebuy="0" addon="0" merge="0" rebuychips="0" reg_code="5087395883"/>
</players>
</general>
<round no="0"><action no="1" player="FanteDiDenari" type="15" discard="1" dealt="1" sum="5"/>
<action no="2" player="Ninoolly1" type="15" discard="1" dealt="1" sum="5"/>
<action no="3" player="M1ky3ste92" type="15" sum="5"/>
<action no="4" player="FanteDiDenari" type="1" discard="1" dealt="1" sum="15"/>
<action no="5" player="Ninoolly1" type="2" discard="1" dealt="1" sum="30"/>
</round>
<round no="1"><cards type="Pocket" player="Ninoolly1">X X</cards>
<cards type="Pocket" player="M1ky3ste92">D4 H10</cards>
<cards type="Pocket" player="FanteDiDenari">X X</cards>
<action no="6" player="M1ky3ste92" type="0" sum="0"/>
<action no="7" player="FanteDiDenari" type="0" discard="1" dealt="1" sum="0"/>
</round>
</game>
<game gamecode="6586926619"><general>
<startdate>2026-01-07 23:57:58</startdate>
<round>1</round>
<failsafecounter/>
<players><player seat="3" name="M1ky3ste92" chips="485" dealer="0" win="45" bet="35" muck="1" rebuy="0" addon="0" merge="0" rebuychips="0" reg_code="5087395819"/>
<player seat="6" name="FanteDiDenari" chips="545" dealer="1" win="0" bet="5" muck="1" rebuy="0" addon="0" merge="0" rebuychips="0" reg_code="5087395883"/>
<player seat="10" name="Ninoolly1" chips="470" dealer="0" win="0" bet="20" muck="1" rebuy="0" addon="0" merge="0" rebuychips="0" reg_code="5087395888"/>
</players>
</general>
<round no="0"><action no="1" player="Ninoolly1" type="15" discard="1" dealt="1" sum="5"/>
<action no="2" player="M1ky3ste92" type="15" sum="5"/>
<action no="3" player="FanteDiDenari" type="15" discard="1" dealt="1" sum="5"/>
<action no="4" player="Ninoolly1" type="1" discard="1" dealt="1" sum="15"/>
<action no="5" player="M1ky3ste92" type="2" sum="30"/>
</round>
<round no="1"><cards type="Pocket" player="M1ky3ste92">H7 S3</cards>
<cards type="Pocket" player="FanteDiDenari">X X</cards>
<cards type="Pocket" player="Ninoolly1">X X</cards>
<action no="6" player="FanteDiDenari" type="0" discard="1" dealt="1" sum="0"/>
<action no="7" player="Ninoolly1" type="0" discard="1" dealt="1" sum="0"/>
</round>
</game>
<game gamecode="6586926677"><general>
<startdate>2026-01-07 23:58:06</startdate>
<round>1</round>
<failsafecounter/>
<players><player seat="6" name="FanteDiDenari" chips="540" dealer="0" win="0" bet="65" muck="1" rebuy="0" addon="0" merge="0" rebuychips="0" reg_code="5087395883"/>
<player seat="10" name="Ninoolly1" chips="450" dealer="1" win="0" bet="5" muck="1" rebuy="0" addon="0" merge="0" rebuychips="0" reg_code="5087395888"/>
<player seat="3" name="M1ky3ste92" chips="510" dealer="0" win="135" bet="132" muck="1" rebuy="0" addon="0" merge="0" rebuychips="0" reg_code="5087395819"/>
</players>
</general>
<round no="0"><action no="1" player="M1ky3ste92" type="15" sum="5"/>
<action no="2" player="FanteDiDenari" type="15" discard="1" dealt="1" sum="5"/>
<action no="3" player="Ninoolly1" type="15" discard="1" dealt="1" sum="5"/>
<action no="4" player="M1ky3ste92" type="1" sum="15"/>
<action no="5" player="FanteDiDenari" type="2" discard="1" dealt="1" sum="30"/>
</round>
<round no="1"><cards type="Pocket" player="Ninoolly1">X X</cards>
<cards type="Pocket" player="FanteDiDenari">X X</cards>
<cards type="Pocket" player="M1ky3ste92">S5 S2</cards>
<action no="6" player="Ninoolly1" type="0" discard="1" dealt="1" sum="0"/>
<action no="7" player="M1ky3ste92" type="3" sum="15"/>
<action no="8" player="FanteDiDenari" type="4" discard="1" dealt="1" sum="0"/>
</round>
<round no="2"><cards type="Flop">H9 D4 SA</cards>
<action no="9" player="M1ky3ste92" type="5" sum="30"/>
<action no="10" player="FanteDiDenari" type="3" discard="1" dealt="1" sum="30"/>
</round>
<round no="3"><cards type="Turn">C6</cards>
<action no="11" player="M1ky3ste92" type="5" sum="67"/>
<action no="12" player="FanteDiDenari" type="0" discard="1" dealt="1" sum="0"/>
</round>
</game>
<game gamecode="6586933395"><general>
<startdate>2026-01-07 23:58:41</startdate>
<round>1</round>
<failsafecounter/>
<players><player seat="10" name="Ninoolly1" chips="445" dealer="0" win="0" bet="35" muck="1" rebuy="0" addon="0" merge="0" rebuychips="0" reg_code="5087395888"/>
<player seat="3" name="M1ky3ste92" chips="580" dealer="1" win="0" bet="5" muck="1" rebuy="0" addon="0" merge="0" rebuychips="0" reg_code="5087395819"/>
<player seat="6" name="FanteDiDenari" chips="475" dealer="0" win="75" bet="475" muck="1" rebuy="0" addon="0" merge="0" rebuychips="0" reg_code="5087395883"/>
</players>
</general>
<round no="0"><action no="1" player="FanteDiDenari" type="15" discard="1" dealt="1" sum="5"/>
<action no="2" player="Ninoolly1" type="15" discard="1" dealt="1" sum="5"/>
<action no="3" player="M1ky3ste92" type="15" sum="5"/>
<action no="4" player="FanteDiDenari" type="1" discard="1" dealt="1" sum="15"/>
<action no="5" player="Ninoolly1" type="2" discard="1" dealt="1" sum="30"/>
</round>
<round no="1"><cards type="Pocket" player="M1ky3ste92">DJ D6</cards>
<cards type="Pocket" player="Ninoolly1">X X</cards>
<cards type="Pocket" player="FanteDiDenari">X X</cards>
<action no="6" player="M1ky3ste92" type="0" sum="0"/>
<action no="7" player="FanteDiDenari" type="23" discard="1" dealt="1" sum="470"/>
<action no="8" player="Ninoolly1" type="0" discard="1" dealt="1" sum="0"/>
</round>
</game>
<game gamecode="6586933468"><general>
<startdate>2026-01-07 23:58:52</startdate>
<round>1</round>
<failsafecounter/>
<players><player seat="3" name="M1ky3ste92" chips="575" dealer="0" win="45" bet="35" muck="1" rebuy="0" addon="0" merge="0" rebuychips="0" reg_code="5087395819"/>
<player seat="6" name="FanteDiDenari" chips="515" dealer="1" win="0" bet="5" muck="1" rebuy="0" addon="0" merge="0" rebuychips="0" reg_code="5087395883"/>
<player seat="10" name="Ninoolly1" chips="410" dealer="0" win="0" bet="20" muck="1" rebuy="0" addon="0" merge="0" rebuychips="0" reg_code="5087395888"/>
</players>
</general>
<round no="0"><action no="1" player="Ninoolly1" type="15" discard="1" dealt="1" sum="5"/>
<action no="2" player="M1ky3ste92" type="15" sum="5"/>
<action no="3" player="FanteDiDenari" type="15" discard="1" dealt="1" sum="5"/>
<action no="4" player="Ninoolly1" type="1" discard="1" dealt="1" sum="15"/>
<action no="5" player="M1ky3ste92" type="2" sum="30"/>
</round>
<round no="1"><cards type="Pocket" player="M1ky3ste92">D4 DK</cards>
<cards type="Pocket" player="FanteDiDenari">X X</cards>
<cards type="Pocket" player="Ninoolly1">X X</cards>
<action no="6" player="FanteDiDenari" type="0" discard="1" dealt="1" sum="0"/>
<action no="7" player="Ninoolly1" type="0" discard="1" dealt="1" sum="0"/>
</round>
</game>
<game gamecode="6586933509"><general>
<startdate>2026-01-07 23:58:59</startdate>
<round>1</round>
<failsafecounter/>
<players><player seat="6" name="FanteDiDenari" chips="510" dealer="0" win="75" bet="95" muck="1" rebuy="0" addon="0" merge="0" rebuychips="0" reg_code="5087395883"/>
<player seat="10" name="Ninoolly1" chips="390" dealer="1" win="0" bet="5" muck="1" rebuy="0" addon="0" merge="0" rebuychips="0" reg_code="5087395888"/>
<player seat="3" name="M1ky3ste92" chips="600" dealer="0" win="0" bet="35" muck="1" rebuy="0" addon="0" merge="0" rebuychips="0" reg_code="5087395819"/>
</players>
</general>
<round no="0"><action no="1" player="M1ky3ste92" type="15" sum="5"/>
<action no="2" player="FanteDiDenari" type="15" discard="1" dealt="1" sum="5"/>
<action no="3" player="Ninoolly1" type="15" discard="1" dealt="1" sum="5"/>
<action no="4" player="M1ky3ste92" type="1" sum="15"/>
<action no="5" player="FanteDiDenari" type="2" discard="1" dealt="1" sum="30"/>
</round>
<round no="1"><cards type="Pocket" player="Ninoolly1">X X</cards>
<cards type="Pocket" player="FanteDiDenari">X X</cards>
<cards type="Pocket" player="M1ky3ste92">CQ D5</cards>
<action no="6" player="Ninoolly1" type="0" discard="1" dealt="1" sum="0"/>
<action no="7" player="M1ky3ste92" type="3" sum="15"/>
<action no="8" player="FanteDiDenari" type="23" discard="1" dealt="1" sum="90"/>
<action no="9" player="M1ky3ste92" type="0" sum="0"/>
</round>
</game>
<game gamecode="6586933709"><general>
<startdate>2026-01-07 23:59:30</startdate>
<round>1</round>
<failsafecounter/>
<players><player seat="10" name="Ninoolly1" chips="385" dealer="0" win="0" bet="45" muck="1" rebuy="0" addon="0" merge="0" rebuychips="0" reg_code="5087395888"/>
<player seat="3" name="M1ky3ste92" chips="565" dealer="1" win="1,145" bet="550" muck="0" rebuy="0" addon="0" merge="0" rebuychips="0" reg_code="5087395819"/>
<player seat="6" name="FanteDiDenari" chips="550" dealer="0" win="0" bet="550" muck="0" rebuy="0" addon="0" merge="0" rebuychips="0" reg_code="5087395883"/>
</players>
</general>
<round no="0"><action no="1" player="FanteDiDenari" type="15" discard="1" dealt="1" sum="5"/>
<action no="2" player="Ninoolly1" type="15" discard="1" dealt="1" sum="5"/>
<action no="3" player="M1ky3ste92" type="15" sum="5"/>
<action no="4" player="FanteDiDenari" type="1" discard="1" dealt="1" sum="20"/>
<action no="5" player="Ninoolly1" type="2" discard="1" dealt="1" sum="40"/>
</round>
<round no="1"><cards type="Pocket" player="FanteDiDenari">S6 HA</cards>
<cards type="Pocket" player="Ninoolly1">X X</cards>
<cards type="Pocket" player="M1ky3ste92">S10 C10</cards>
<action no="6" player="M1ky3ste92" type="23" sum="80"/>
<action no="7" player="FanteDiDenari" type="23" discard="1" dealt="1" sum="545"/>
<action no="8" player="Ninoolly1" type="0" discard="1" dealt="1" sum="0"/>
<action no="9" player="M1ky3ste92" type="3" sum="465"/>
</round>
<round no="2"><cards type="Flop">C6 S9 S4</cards>
</round>
<round no="3"><cards type="Turn">DQ</cards>
</round>
<round no="4"><cards type="River">S7</cards>
</round>
</game>
<game gamecode="6586933929"><general>
<startdate>2026-01-08 00:00:01</startdate>
<round>1</round>
<failsafecounter/>
<players><player seat="3" name="M1ky3ste92" chips="1,160" dealer="0" win="680" bet="340" muck="0" rebuy="0" addon="0" merge="0" rebuychips="0" reg_code="5087395819"/>
<player seat="10" name="Ninoolly1" chips="340" dealer="1" win="0" bet="340" muck="0" rebuy="0" addon="0" merge="0" rebuychips="0" reg_code="5087395888"/>
</players>
</general>
<round no="0"><action no="1" player="Ninoolly1" type="15" discard="1" dealt="1" sum="5"/>
<action no="2" player="M1ky3ste92" type="15" sum="5"/>
<action no="3" player="Ninoolly1" type="1" discard="1" dealt="1" sum="20"/>
<action no="4" player="M1ky3ste92" type="2" sum="40"/>
</round>
<round no="1"><cards type="Pocket" player="Ninoolly1">D3 CK</cards>
<cards type="Pocket" player="M1ky3ste92">C5 HA</cards>
<action no="5" player="Ninoolly1" type="23" discard="1" dealt="1" sum="335"/>
<action no="6" player="M1ky3ste92" type="3" sum="295"/>
</round>
<round no="2"><cards type="Flop">D5 H2 H6</cards>
</round>
<round no="3"><cards type="Turn">SA</cards>
</round>
<round no="4"><cards type="River">CQ</cards>
</round>
</game>
</session>
