<?xml version="1.0" encoding="UTF-8"?>
<session sessioncode="5087389998">
<general>
<client_version>24.7.1.18</client_version>
<mode>real</mode>
<gametype>Holdem NL</gametype>
<tablename>Twister €100 SNG, 825906070</tablename>
<tournamentcode>825906068</tournamentcode>
<tournamentname>Twister €100 SNG</tournamentname>
<buyin>€0 + €7 + €93</buyin>
<totalbuyin>€100</totalbuyin>
<rewarddrawn>€200</rewarddrawn>
<tournamentcurrency>EUR</tournamentcurrency>
<currency>EUR</currency>
<nickname>M1ky3ste92</nickname>
<gamecount>26</gamecount>
<startdate>2026-01-07 23:39:27</startdate>
<place>1</place>
<win>€200</win>
<tablesize>3</tablesize>
</general>
<game gamecode="6586901060"><general>
<startdate>2026-01-07 23:39:42</startdate>
<round>1</round>
<failsafecounter/>
<players><player seat="6" name="M1ky3ste92" chips="500" dealer="0" win="0" bet="20" muck="1" rebuy="0" addon="0" merge="0" rebuychips="0" reg_code="5087389998"/>
<player seat="10" name="SVmariolinos" chips="500" dealer="1" win="50" bet="180" muck="1" rebuy="0" addon="0" merge="0" rebuychips="0" reg_code="5087390015"/>
<player seat="3" name="Thechosenoonee" chips="500" dealer="0" win="0" bet="10" muck="1" rebuy="0" addon="0" merge="0" rebuychips="0" reg_code="5087389807"/>
</players>
</general>
<round no="0"><action no="1" player="Thechosenoonee" type="1" discard="1" dealt="1" sum="10"/>
<action no="2" player="M1ky3ste92" type="2" sum="20"/>
</round>
<round no="1"><cards type="Pocket" player="Thechosenoonee">X X</cards>
<cards type="Pocket" player="SVmariolinos">X X</cards>
<cards type="Pocket" player="M1ky3ste92">H9 D6</cards>
<action no="3" player="SVmariolinos" type="23" discard="1" dealt="1" sum="180"/>
<action no="4" player="Thechosenoonee" type="0" discard="1" dealt="1" sum="0"/>
<action no="5" player="M1ky3ste92" type="0" sum="0"/>
</round>
</game>
<game gamecode="6586901239"><general>
<startdate>2026-01-07 23:40:05</startdate>
<round>1</round>
<failsafecounter/>
<players><player seat="10" name="SVmariolinos" chips="530" dealer="0" win="0" bet="40" muck="1" rebuy="0" addon="0" merge="0" rebuychips="0" reg_code="5087390015"/>
<player seat="3" name="Thechosenoonee" chips="490" dealer="1" win="90" bet="60" muck="1" rebuy="0" addon="0" merge="0" rebuychips="0" reg_code="5087389807"/>
<player seat="6" name="M1ky3ste92" chips="480" dealer="0" win="0" bet="10" muck="1" rebuy="0" addon="0" merge="0" rebuychips="0" reg_code="5087389998"/>
</players>
</general>
<round no="0"><action no="1" player="M1ky3ste92" type="1" sum="10"/>
<action no="2" player="SVmariolinos" type="2" discard="1" dealt="1" sum="20"/>
</round>
<round no="1"><cards type="Pocket" player="SVmariolinos">X X</cards>
<cards type="Pocket" player="Thechosenoonee">X X</cards>
<cards type="Pocket" player="M1ky3ste92">HA S9</cards>
<action no="3" player="Thechosenoonee" type="23" discard="1" dealt="1" sum="40"/>
<action no="4" player="M1ky3ste92" type="0" sum="0"/>
<action no="5" player="SVmariolinos" type="3" discard="1" dealt="1" sum="20"/>
</round>
<round no="2"><cards type="Flop">S10 H10 H8</cards>
<action no="6" player="SVmariolinos" type="4" discard="1" dealt="1" sum="0"/>
<action no="7" player="Thechosenoonee" type="5" discard="1" dealt="1" sum="20"/>
<action no="8" player="SVmariolinos" type="0" discard="1" dealt="1" sum="0"/>
</round>
</game>
<game gamecode="6586901495"><general>
<startdate>2026-01-07 23:40:41</startdate>
<round>1</round>
<failsafecounter/>
<players><player seat="3" name="Thechosenoonee" chips="540" dealer="0" win="0" bet="20" muck="1" rebuy="0" addon="0" merge="0" rebuychips="0" reg_code="5087389807"/>
<player seat="6" name="M1ky3ste92" chips="470" dealer="1" win="0" bet="0" muck="1" rebuy="0" addon="0" merge="0" rebuychips="0" reg_code="5087389998"/>
<player seat="10" name="SVmariolinos" chips="490" dealer="0" win="40" bet="240" muck="1" rebuy="0" addon="0" merge="0" rebuychips="0" reg_code="5087390015"/>
</players>
</general>
<round no="0"><action no="1" player="SVmariolinos" type="1" discard="1" dealt="1" sum="10"/>
<action no="2" player="Thechosenoonee" type="2" discard="1" dealt="1" sum="20"/>
</round>
<round no="1"><cards type="Pocket" player="M1ky3ste92">C3 HJ</cards>
<cards type="Pocket" player="SVmariolinos">X X</cards>
<cards type="Pocket" player="Thechosenoonee">X X</cards>
<action no="3" player="M1ky3ste92" type="0" sum="0"/>
<action no="4" player="SVmariolinos" type="23" discard="1" dealt="1" sum="240"/>
<action no="5" player="Thechosenoonee" type="0" discard="1" dealt="1" sum="0"/>
</round>
</game>
<game gamecode="6586901671"><general>
<startdate>2026-01-07 23:41:01</startdate>
<round>1</round>
<failsafecounter/>
<players><player seat="6" name="M1ky3ste92" chips="470" dealer="0" win="0" bet="20" muck="1" rebuy="0" addon="0" merge="0" rebuychips="0" reg_code="5087389998"/>
<player seat="10" name="SVmariolinos" chips="510" dealer="1" win="50" bet="60" muck="1" rebuy="0" addon="0" merge="0" rebuychips="0" reg_code="5087390015"/>
<player seat="3" name="Thechosenoonee" chips="520" dealer="0" win="0" bet="10" muck="1" rebuy="0" addon="0" merge="0" rebuychips="0" reg_code="5087389807"/>
</players>
</general>
<round no="0"><action no="1" player="Thechosenoonee" type="1" discard="1" dealt="1" sum="10"/>
<action no="2" player="M1ky3ste92" type="2" sum="20"/>
</round>
<round no="1"><cards type="Pocket" player="M1ky3ste92">SA C2</cards>
<cards type="Pocket" player="SVmariolinos">X X</cards>
<cards type="Pocket" player="Thechosenoonee">X X</cards>
<action no="3" player="SVmariolinos" type="23" discard="1" dealt="1" sum="60"/>
<action no="4" player="Thechosenoonee" type="0" discard="1" dealt="1" sum="0"/>
<action no="5" player="M1ky3ste92" type="0" sum="0"/>
</round>
</game>
<game gamecode="6586907120"><general>
<startdate>2026-01-07 23:41:18</startdate>
<round>1</round>
<failsafecounter/>
<players><player seat="10" name="SVmariolinos" chips="540" dealer="0" win="0" bet="257" muck="1" rebuy="0" addon="0" merge="0" rebuychips="0" reg_code="5087390015"/>
<player seat="3" name="Thechosenoonee" chips="510" dealer="1" win="524" bet="257" muck="0" rebuy="0" addon="0" merge="0" rebuychips="0" reg_code="5087389807"/>
<player seat="6" name="M1ky3ste92" chips="450" dealer="0" win="0" bet="10" muck="1" rebuy="0" addon="0" merge="0" rebuychips="0" reg_code="5087389998"/>
</players>
</general>
<round no="0"><action no="1" player="M1ky3ste92" type="1" sum="10"/>
<action no="2" player="SVmariolinos" type="2" discard="1" dealt="1" sum="20"/>
</round>
<round no="1"><cards type="Pocket" player="SVmariolinos">H10 H6</cards>
<cards type="Pocket" player="M1ky3ste92">HJ C2</cards>
<cards type="Pocket" player="Thechosenoonee">SQ CK</cards>
<action no="3" player="Thechosenoonee" type="23" discard="1" dealt="1" sum="40"/>
<action no="4" player="M1ky3ste92" type="0" sum="0"/>
<action no="5" player="SVmariolinos" type="3" discard="1" dealt="1" sum="20"/>
</round>
<round no="2"><cards type="Flop">C5 D5 DQ</cards>
<action no="6" player="SVmariolinos" type="4" discard="1" dealt="1" sum="0"/>
<action no="7" player="Thechosenoonee" type="4" discard="1" dealt="1" sum="0"/>
</round>
<round no="3"><cards type="Turn">C8</cards>
<action no="8" player="SVmariolinos" type="5" discard="1" dealt="1" sum="60"/>
<action no="9" player="Thechosenoonee" type="3" discard="1" dealt="1" sum="60"/>
</round>
<round no="4"><cards type="River">S10</cards>
<action no="10" player="SVmariolinos" type="4" discard="1" dealt="1" sum="0"/>
<action no="11" player="Thechosenoonee" type="5" discard="1" dealt="1" sum="157"/>
<action no="12" player="SVmariolinos" type="3" discard="1" dealt="1" sum="157"/>
</round>
</game>
<game gamecode="6586907403"><general>
<startdate>2026-01-07 23:41:52</startdate>
<round>1</round>
<failsafecounter/>
<players><player seat="3" name="Thechosenoonee" chips="777" dealer="0" win="0" bet="35" muck="1" rebuy="0" addon="0" merge="0" rebuychips="0" reg_code="5087389807"/>
<player seat="6" name="M1ky3ste92" chips="440" dealer="1" win="0" bet="5" muck="1" rebuy="0" addon="0" merge="0" rebuychips="0" reg_code="5087389998"/>
<player seat="10" name="SVmariolinos" chips="283" dealer="0" win="75" bet="283" muck="1" rebuy="0" addon="0" merge="0" rebuychips="0" reg_code="5087390015"/>
</players>
</general>
<round no="0"><action no="1" player="SVmariolinos" type="15" discard="1" dealt="1" sum="5"/>
<action no="2" player="Thechosenoonee" type="15" discard="1" dealt="1" sum="5"/>
<action no="3" player="M1ky3ste92" type="15" sum="5"/>
<action no="4" player="SVmariolinos" type="1" discard="1" dealt="1" sum="15"/>
<action no="5" player="Thechosenoonee" type="2" discard="1" dealt="1" sum="30"/>
</round>
<round no="1"><cards type="Pocket" player="SVmariolinos">X X</cards>
<cards type="Pocket" player="M1ky3ste92">S3 C10</cards>
<cards type="Pocket" player="Thechosenoonee">X X</cards>
<action no="6" player="M1ky3ste92" type="0" sum="0"/>
<action no="7" player="SVmariolinos" type="23" discard="1" dealt="1" sum="278"/>
<action no="8" player="Thechosenoonee" type="0" discard="1" dealt="1" sum="0"/>
</round>
</game>
<game gamecode="6586907504"><general>
<startdate>2026-01-07 23:42:04</startdate>
<round>1</round>
<failsafecounter/>
<players><player seat="6" name="M1ky3ste92" chips="435" dealer="0" win="45" bet="35" muck="1" rebuy="0" addon="0" merge="0" rebuychips="0" reg_code="5087389998"/>
<player seat="10" name="SVmariolinos" chips="323" dealer="1" win="0" bet="5" muck="1" rebuy="0" addon="0" merge="0" rebuychips="0" reg_code="5087390015"/>
<player seat="3" name="Thechosenoonee" chips="742" dealer="0" win="0" bet="20" muck="1" rebuy="0" addon="0" merge="0" rebuychips="0" reg_code="5087389807"/>
</players>
</general>
<round no="0"><action no="1" player="Thechosenoonee" type="15" discard="1" dealt="1" sum="5"/>
<action no="2" player="M1ky3ste92" type="15" sum="5"/>
<action no="3" player="SVmariolinos" type="15" discard="1" dealt="1" sum="5"/>
<action no="4" player="Thechosenoonee" type="1" discard="1" dealt="1" sum="15"/>
<action no="5" player="M1ky3ste92" type="2" sum="30"/>
</round>
<round no="1"><cards type="Pocket" player="Thechosenoonee">X X</cards>
<cards type="Pocket" player="M1ky3ste92">CQ D2</cards>
<cards type="Pocket" player="SVmariolinos">X X</cards>
<action no="6" player="SVmariolinos" type="0" discard="1" dealt="1" sum="0"/>
<action no="7" player="Thechosenoonee" type="0" discard="1" dealt="1" sum="0"/>
</round>
</game>
<game gamecode="6586907575"><general>
<startdate>2026-01-07 23:42:12</startdate>
<round>1</round>
<failsafecounter/>
<players><player seat="10" name="SVmariolinos" chips="318" dealer="0" win="0" bet="65" muck="1" rebuy="0" addon="0" merge="0" rebuychips="0" reg_code="5087390015"/>
<player seat="3" name="Thechosenoonee" chips="722" dealer="1" win="150" bet="95" muck="1" rebuy="0" addon="0" merge="0" rebuychips="0" reg_code="5087389807"/>
<player seat="6" name="M1ky3ste92" chips="460" dealer="0" win="0" bet="20" muck="1" rebuy="0" addon="0" merge="0" rebuychips="0" reg_code="5087389998"/>
</players>
</general>
<round no="0"><action no="1" player="M1ky3ste92" type="15" sum="5"/>
<action no="2" player="SVmariolinos" type="15" discard="1" dealt="1" sum="5"/>
<action no="3" player="Thechosenoonee" type="15" discard="1" dealt="1" sum="5"/>
<action no="4" player="M1ky3ste92" type="1" sum="15"/>
<action no="5" player="SVmariolinos" type="2" discard="1" dealt="1" sum="30"/>
</round>
<round no="1"><cards type="Pocket" player="M1ky3ste92">S9 C3</cards>
<cards type="Pocket" player="SVmariolinos">X X</cards>
<cards type="Pocket" player="Thechosenoonee">X X</cards>
<action no="6" player="Thechosenoonee" type="23" discard="1" dealt="1" sum="60"/>
<action no="7" player="M1ky3ste92" type="0" sum="0"/>
<action no="8" player="SVmariolinos" type="3" discard="1" dealt="1" sum="30"/>
</round>
<round no="2"><cards type="Flop">H3 C4 H9</cards>
<action no="9" player="SVmariolinos" type="4" discard="1" dealt="1" sum="0"/>
<action no="10" player="Thechosenoonee" type="5" discard="1" dealt="1" sum="30"/>
<action no="11" player="SVmariolinos" type="0" discard="1" dealt="1" sum="0"/>
</round>
</game>
<game gamecode="6586907739"><general>
<startdate>2026-01-07 23:42:32</startdate>
<round>1</round>
<failsafecounter/>
<players><player seat="3" name="Thechosenoonee" chips="807" dealer="0" win="0" bet="35" muck="1" rebuy="0" addon="0" merge="0" rebuychips="0" reg_code="5087389807"/>
<player seat="6" name="M1ky3ste92" chips="440" dealer="1" win="0" bet="253" muck="1" rebuy="0" addon="0" merge="0" rebuychips="0" reg_code="5087389998"/>
<player seat="10" name="SVmariolinos" chips="253" dealer="0" win="541" bet="253" muck="0" rebuy="0" addon="0" merge="0" rebuychips="0" reg_code="5087390015"/>
</players>
</general>
<round no="0"><action no="1" player="SVmariolinos" type="15" discard="1" dealt="1" sum="5"/>
<action no="2" player="Thechosenoonee" type="15" discard="1" dealt="1" sum="5"/>
<action no="3" player="M1ky3ste92" type="15" sum="5"/>
<action no="4" player="SVmariolinos" type="1" discard="1" dealt="1" sum="15"/>
<action no="5" player="Thechosenoonee" type="2" discard="1" dealt="1" sum="30"/>
</round>
<round no="1"><cards type="Pocket" player="Thechosenoonee">X X</cards>
<cards type="Pocket" player="SVmariolinos">HA HK</cards>
<cards type="Pocket" player="M1ky3ste92">SK SJ</cards>
<action no="6" player="M1ky3ste92" type="23" sum="60"/>
<action no="7" player="SVmariolinos" type="23" discard="1" dealt="1" sum="248"/>
<action no="8" player="Thechosenoonee" type="0" discard="1" dealt="1" sum="0"/>
<action no="9" player="M1ky3ste92" type="3" sum="188"/>
</round>
<round no="2"><cards type="Flop">H3 D3 S6</cards>
</round>
<round no="3"><cards type="Turn">H5</cards>
</round>
<round no="4"><cards type="River">SA</cards>
</round>
</game>
<game gamecode="6586907966"><general>
<startdate>2026-01-07 23:43:01</startdate>
<round>1</round>
<failsafecounter/>
<players><player seat="6" name="M1ky3ste92" chips="187" dealer="0" win="0" bet="35" muck="1" rebuy="0" addon="0" merge="0" rebuychips="0" reg_code="5087389998"/>
<player seat="10" name="SVmariolinos" chips="541" dealer="1" win="0" bet="5" muck="1" rebuy="0" addon="0" merge="0" rebuychips="0" reg_code="5087390015"/>
<player seat="3" name="Thechosenoonee" chips="772" dealer="0" win="75" bet="772" muck="1" rebuy="0" addon="0" merge="0" rebuychips="0" reg_code="5087389807"/>
</players>
</general>
<round no="0"><action no="1" player="Thechosenoonee" type="15" discard="1" dealt="1" sum="5"/>
<action no="2" player="M1ky3ste92" type="15" sum="5"/>
<action no="3" player="SVmariolinos" type="15" discard="1" dealt="1" sum="5"/>
<action no="4" player="Thechosenoonee" type="1" discard="1" dealt="1" sum="15"/>
<action no="5" player="M1ky3ste92" type="2" sum="30"/>
</round>
<round no="1"><cards type="Pocket" player="M1ky3ste92">C6 D2</cards>
<cards type="Pocket" player="SVmariolinos">X X</cards>
<cards type="Pocket" player="Thechosenoonee">X X</cards>
<action no="6" player="SVmariolinos" type="0" discard="1" dealt="1" sum="0"/>
<action no="7" player="Thechosenoonee" type="23" discard="1" dealt="1" sum="767"/>
<action no="8" player="M1ky3ste92" type="0" sum="0"/>
</round>
</game>
<game gamecode="6586908080"><general>
<startdate>2026-01-07 23:43:14</startdate>
<round>1</round>
<failsafecounter/>
<players><player seat="10" name="SVmariolinos" chips="536" dealer="0" win="0" bet="45" muck="1" rebuy="0" addon="0" merge="0" rebuychips="0" reg_code="5087390015"/>
<player seat="3" name="Thechosenoonee" chips="812" dealer="1" win="0" bet="152" muck="1" rebuy="0" addon="0" merge="0" rebuychips="0" reg_code="5087389807"/>
<player seat="6" name="M1ky3ste92" chips="152" dealer="0" win="349" bet="152" muck="0" rebuy="0" addon="0" merge="0" rebuychips="0" reg_code="5087389998"/>
</players>
</general>
<round no="0"><action no="1" player="M1ky3ste92" type="15" sum="5"/>
<action no="2" player="SVmariolinos" type="15" discard="1" dealt="1" sum="5"/>
<action no="3" player="Thechosenoonee" type="15" discard="1" dealt="1" sum="5"/>
<action no="4" player="M1ky3ste92" type="1" sum="20"/>
<action no="5" player="SVmariolinos" type="2" discard="1" dealt="1" sum="40"/>
</round>
<round no="1"><cards type="Pocket" player="Thechosenoonee">DK C9</cards>
<cards type="Pocket" player="SVmariolinos">X X</cards>
<cards type="Pocket" player="M1ky3ste92">SA D8</cards>
<action no="6" player="Thechosenoonee" type="23" discard="1" dealt="1" sum="80"/>
<action no="7" player="M1ky3ste92" type="23" sum="147"/>
<action no="8" player="SVmariolinos" type="0" discard="1" dealt="1" sum="0"/>
<action no="9" player="Thechosenoonee" type="3" discard="1" dealt="1" sum="67"/>
</round>
<round no="2"><cards type="Flop">HK C2 HA</cards>
</round>
<round no="3"><cards type="Turn">H5</cards>
</round>
<round no="4"><cards type="River">S7</cards>
</round>
</game>
<game gamecode="6586908264"><general>
<startdate>2026-01-07 23:43:38</startdate>
<round>1</round>
<failsafecounter/>
<players><player seat="3" name="Thechosenoonee" chips="660" dealer="0" win="0" bet="45" muck="1" rebuy="0" addon="0" merge="0" rebuychips="0" reg_code="5087389807"/>
<player seat="6" name="M1ky3ste92" chips="349" dealer="1" win="115" bet="349" muck="1" rebuy="0" addon="0" merge="0" rebuychips="0" reg_code="5087389998"/>
<player seat="10" name="SVmariolinos" chips="491" dealer="0" win="0" bet="25" muck="1" rebuy="0" addon="0" merge="0" rebuychips="0" reg_code="5087390015"/>
</players>
</general>
<round no="0"><action no="1" player="SVmariolinos" type="15" discard="1" dealt="1" sum="5"/>
<action no="2" player="Thechosenoonee" type="15" discard="1" dealt="1" sum="5"/>
<action no="3" player="M1ky3ste92" type="15" sum="5"/>
<action no="4" player="SVmariolinos" type="1" discard="1" dealt="1" sum="20"/>
<action no="5" player="Thechosenoonee" type="2" discard="1" dealt="1" sum="40"/>
</round>
<round no="1"><cards type="Pocket" player="Thechosenoonee">X X</cards>
<cards type="Pocket" player="SVmariolinos">X X</cards>
<cards type="Pocket" player="M1ky3ste92">CJ DJ</cards>
<action no="6" player="M1ky3ste92" type="23" sum="344"/>
<action no="7" player="SVmariolinos" type="0" discard="1" dealt="1" sum="0"/>
<action no="8" player="Thechosenoonee" type="0" discard="1" dealt="1" sum="0"/>
</round>
</game>
<game gamecode="6586908394"><general>
<startdate>2026-01-07 23:43:54</startdate>
<round>1</round>
<failsafecounter/>
<players><player seat="6" name="M1ky3ste92" chips="419" dealer="0" win="0" bet="45" muck="1" rebuy="0" addon="0" merge="0" rebuychips="0" reg_code="5087389998"/>
<player seat="10" name="SVmariolinos" chips="466" dealer="1" win="115" bet="245" muck="1" rebuy="0" addon="0" merge="0" rebuychips="0" reg_code="5087390015"/>
<player seat="3" name="Thechosenoonee" chips="615" dealer="0" win="0" bet="25" muck="1" rebuy="0" addon="0" merge="0" rebuychips="0" reg_code="5087389807"/>
</players>
</general>
<round no="0"><action no="1" player="Thechosenoonee" type="15" discard="1" dealt="1" sum="5"/>
<action no="2" player="M1ky3ste92" type="15" sum="5"/>
<action no="3" player="SVmariolinos" type="15" discard="1" dealt="1" sum="5"/>
<action no="4" player="Thechosenoonee" type="1" discard="1" dealt="1" sum="20"/>
<action no="5" player="M1ky3ste92" type="2" sum="40"/>
</round>
<round no="1"><cards type="Pocket" player="SVmariolinos">X X</cards>
<cards type="Pocket" player="M1ky3ste92">D5 S8</cards>
<cards type="Pocket" player="Thechosenoonee">X X</cards>
<action no="6" player="SVmariolinos" type="23" discard="1" dealt="1" sum="240"/>
<action no="7" player="Thechosenoonee" type="0" discard="1" dealt="1" sum="0"/>
<action no="8" player="M1ky3ste92" type="0" sum="0"/>
</round>
</game>
<game gamecode="6586908505"><general>
<startdate>2026-01-07 23:44:10</startdate>
<round>1</round>
<failsafecounter/>
<players><player seat="10" name="SVmariolinos" chips="536" dealer="0" win="0" bet="45" muck="1" rebuy="0" addon="0" merge="0" rebuychips="0" reg_code="5087390015"/>
<player seat="3" name="Thechosenoonee" chips="590" dealer="1" win="0" bet="5" muck="1" rebuy="0" addon="0" merge="0" rebuychips="0" reg_code="5087389807"/>
<player seat="6" name="M1ky3ste92" chips="374" dealer="0" win="95" bet="374" muck="1" rebuy="0" addon="0" merge="0" rebuychips="0" reg_code="5087389998"/>
</players>
</general>
<round no="0"><action no="1" player="M1ky3ste92" type="15" sum="5"/>
<action no="2" player="SVmariolinos" type="15" discard="1" dealt="1" sum="5"/>
<action no="3" player="Thechosenoonee" type="15" discard="1" dealt="1" sum="5"/>
<action no="4" player="M1ky3ste92" type="1" sum="20"/>
<action no="5" player="SVmariolinos" type="2" discard="1" dealt="1" sum="40"/>
</round>
<round no="1"><cards type="Pocket" player="Thechosenoonee">X X</cards>
<cards type="Pocket" player="M1ky3ste92">SK D4</cards>
<cards type="Pocket" player="SVmariolinos">X X</cards>
<action no="6" player="Thechosenoonee" type="0" discard="1" dealt="1" sum="0"/>
<action no="7" player="M1ky3ste92" type="23" sum="369"/>
<action no="8" player="SVmariolinos" type="0" discard="1" dealt="1" sum="0"/>
</round>
</game>
<game gamecode="6586908623"><general>
<startdate>2026-01-07 23:44:25</startdate>
<round>1</round>
<failsafecounter/>
<players><player seat="3" name="Thechosenoonee" chips="585" dealer="0" win="0" bet="45" muck="1" rebuy="0" addon="0" merge="0" rebuychips="0" reg_code="5087389807"/>
<player seat="6" name="M1ky3ste92" chips="424" dealer="1" win="115" bet="424" muck="1" rebuy="0" addon="0" merge="0" rebuychips="0" reg_code="5087389998"/>
<player seat="10" name="SVmariolinos" chips="491" dealer="0" win="0" bet="25" muck="1" rebuy="0" addon="0" merge="0" rebuychips="0" reg_code="5087390015"/>
</players>
</general>
<round no="0"><action no="1" player="SVmariolinos" type="15" discard="1" dealt="1" sum="5"/>
<action no="2" player="Thechosenoonee" type="15" discard="1" dealt="1" sum="5"/>
<action no="3" player="M1ky3ste92" type="15" sum="5"/>
<action no="4" player="SVmariolinos" type="1" discard="1" dealt="1" sum="20"/>
<action no="5" player="Thechosenoonee" type="2" discard="1" dealt="1" sum="40"/>
</round>
<round no="1"><cards type="Pocket" player="SVmariolinos">X X</cards>
<cards type="Pocket" player="M1ky3ste92">CK HJ</cards>
<cards type="Pocket" player="Thechosenoonee">X X</cards>
<action no="6" player="M1ky3ste92" type="23" sum="419"/>
<action no="7" player="SVmariolinos" type="0" discard="1" dealt="1" sum="0"/>
<action no="8" player="Thechosenoonee" type="0" discard="1" dealt="1" sum="0"/>
</round>
</game>
<game gamecode="6586908795"><general>
<startdate>2026-01-07 23:44:48</startdate>
<round>1</round>
<failsafecounter/>
<players><player seat="6" name="M1ky3ste92" chips="494" dealer="0" win="993" bet="494" muck="0" rebuy="0" addon="0" merge="0" rebuychips="0" reg_code="5087389998"/>
<player seat="10" name="SVmariolinos" chips="466" dealer="1" win="0" bet="5" muck="1" rebuy="0" addon="0" merge="0" rebuychips="0" reg_code="5087390015"/>
<player seat="3" name="Thechosenoonee" chips="540" dealer="0" win="0" bet="540" muck="0" rebuy="0" addon="0" merge="0" rebuychips="0" reg_code="5087389807"/>
</players>
</general>
<round no="0"><action no="1" player="Thechosenoonee" type="15" discard="1" dealt="1" sum="5"/>
<action no="2" player="M1ky3ste92" type="15" sum="5"/>
<action no="3" player="SVmariolinos" type="15" discard="1" dealt="1" sum="5"/>
<action no="4" player="Thechosenoonee" type="1" discard="1" dealt="1" sum="30"/>
<action no="5" player="M1ky3ste92" type="2" sum="60"/>
</round>
<round no="1"><cards type="Pocket" player="SVmariolinos">X X</cards>
<cards type="Pocket" player="Thechosenoonee">C7 HK</cards>
<cards type="Pocket" player="M1ky3ste92">CK S9</cards>
<action no="6" player="SVmariolinos" type="0" discard="1" dealt="1" sum="0"/>
<action no="7" player="Thechosenoonee" type="23" discard="1" dealt="1" sum="535"/>
<action no="8" player="M1ky3ste92" type="7" sum="429"/>
</round>
<round no="2"><cards type="Flop">HA HQ D6</cards>
</round>
<round no="3"><cards type="Turn">CA</cards>
</round>
<round no="4"><cards type="River">S2</cards>
</round>
</game>
<game gamecode="6586908920"><general>
<startdate>2026-01-07 23:45:04</startdate>
<round>1</round>
<failsafecounter/>
<players><player seat="10" name="SVmariolinos" chips="461" dealer="0" win="0" bet="65" muck="0" rebuy="0" addon="0" merge="0" rebuychips="0" reg_code="5087390015"/>
<player seat="3" name="Thechosenoonee" chips="46" dealer="1" win="127" bet="46" muck="0" rebuy="0" addon="0" merge="0" rebuychips="0" reg_code="5087389807"/>
<player seat="6" name="M1ky3ste92" chips="993" dealer="0" win="0" bet="35" muck="1" rebuy="0" addon="0" merge="0" rebuychips="0" reg_code="5087389998"/>
</players>
</general>
<round no="0"><action no="1" player="M1ky3ste92" type="15" sum="5"/>
<action no="2" player="SVmariolinos" type="15" discard="1" dealt="1" sum="5"/>
<action no="3" player="Thechosenoonee" type="15" discard="1" dealt="1" sum="5"/>
<action no="4" player="M1ky3ste92" type="1" sum="30"/>
<action no="5" player="SVmariolinos" type="2" discard="1" dealt="1" sum="60"/>
</round>
<round no="1"><cards type="Pocket" player="Thechosenoonee">CA HA</cards>
<cards type="Pocket" player="SVmariolinos">SA D6</cards>
<cards type="Pocket" player="M1ky3ste92">H2 D3</cards>
<action no="6" player="Thechosenoonee" type="7" discard="1" dealt="1" sum="41"/>
<action no="7" player="M1ky3ste92" type="0" sum="0"/>
</round>
<round no="2"><cards type="Flop">C8 C9 CQ</cards>
</round>
<round no="3"><cards type="Turn">C2</cards>
</round>
<round no="4"><cards type="River">HQ</cards>
</round>
</game>
<game gamecode="6586909048"><general>
<startdate>2026-01-07 23:45:22</startdate>
<round>1</round>
<failsafecounter/>
<players><player seat="3" name="Thechosenoonee" chips="127" dealer="0" win="0" bet="127" muck="0" rebuy="0" addon="0" merge="0" rebuychips="0" reg_code="5087389807"/>
<player seat="6" name="M1ky3ste92" chips="958" dealer="1" win="289" bet="958" muck="0" rebuy="0" addon="0" merge="0" rebuychips="0" reg_code="5087389998"/>
<player seat="10" name="SVmariolinos" chips="415" dealer="0" win="0" bet="35" muck="1" rebuy="0" addon="0" merge="0" rebuychips="0" reg_code="5087390015"/>
</players>
</general>
<round no="0"><action no="1" player="SVmariolinos" type="15" discard="1" dealt="1" sum="5"/>
<action no="2" player="Thechosenoonee" type="15" discard="1" dealt="1" sum="5"/>
<action no="3" player="M1ky3ste92" type="15" sum="5"/>
<action no="4" player="SVmariolinos" type="1" discard="1" dealt="1" sum="30"/>
<action no="5" player="Thechosenoonee" type="2" discard="1" dealt="1" sum="60"/>
</round>
<round no="1"><cards type="Pocket" player="M1ky3ste92">C10 CJ</cards>
<cards type="Pocket" player="SVmariolinos">X X</cards>
<cards type="Pocket" player="Thechosenoonee">C9 H7</cards>
<action no="6" player="M1ky3ste92" type="23" sum="953"/>
<action no="7" player="SVmariolinos" type="0" discard="1" dealt="1" sum="0"/>
<action no="8" player="Thechosenoonee" type="7" discard="1" dealt="1" sum="62"/>
</round>
<round no="2"><cards type="Flop">S2 C2 C4</cards>
</round>
<round no="3"><cards type="Turn">H10</cards>
</round>
<round no="4"><cards type="River">C6</cards>
</round>
</game>
<game gamecode="6586909202"><general>
<startdate>2026-01-07 23:45:40</startdate>
<round>1</round>
<failsafecounter/>
<players><player seat="6" name="M1ky3ste92" chips="1,120" dealer="0" win="130" bet="1,120" muck="1" rebuy="0" addon="0" merge="0" rebuychips="0" reg_code="5087389998"/>
<player seat="10" name="SVmariolinos" chips="380" dealer="1" win="0" bet="65" muck="1" rebuy="0" addon="0" merge="0" rebuychips="0" reg_code="5087390015"/>
</players>
</general>
<round no="0"><action no="1" player="SVmariolinos" type="15" discard="1" dealt="1" sum="5"/>
<action no="2" player="M1ky3ste92" type="15" sum="5"/>
<action no="3" player="SVmariolinos" type="1" discard="1" dealt="1" sum="30"/>
<action no="4" player="M1ky3ste92" type="2" sum="60"/>
</round>
<round no="1"><cards type="Pocket" player="M1ky3ste92">H5 HA</cards>
<cards type="Pocket" player="SVmariolinos">X X</cards>
<action no="5" player="SVmariolinos" type="3" discard="1" dealt="1" sum="30"/>
<action no="6" player="M1ky3ste92" type="23" sum="1,115"/>
<action no="7" player="SVmariolinos" type="0" discard="1" dealt="1" sum="0"/>
</round>
</game>
<game gamecode="6586909277"><general>
<startdate>2026-01-07 23:45:50</startdate>
<round>1</round>
<failsafecounter/>
<players><player seat="10" name="SVmariolinos" chips="315" dealer="0" win="630" bet="315" muck="0" rebuy="0" addon="0" merge="0" rebuychips="0" reg_code="5087390015"/>
<player seat="6" name="M1ky3ste92" chips="1,185" dealer="1" win="0" bet="1,185" muck="1" rebuy="0" addon="0" merge="0" rebuychips="0" reg_code="5087389998"/>
</players>
</general>
<round no="0"><action no="1" player="M1ky3ste92" type="15" sum="5"/>
<action no="2" player="SVmariolinos" type="15" discard="1" dealt="1" sum="5"/>
<action no="3" player="M1ky3ste92" type="1" sum="30"/>
<action no="4" player="SVmariolinos" type="2" discard="1" dealt="1" sum="60"/>
</round>
<round no="1"><cards type="Pocket" player="M1ky3ste92">D9 CJ</cards>
<cards type="Pocket" player="SVmariolinos">S4 SQ</cards>
<action no="5" player="M1ky3ste92" type="23" sum="1,180"/>
<action no="6" player="SVmariolinos" type="7" discard="1" dealt="1" sum="250"/>
</round>
<round no="2"><cards type="Flop">HA S8 H4</cards>
</round>
<round no="3"><cards type="Turn">D4</cards>
</round>
<round no="4"><cards type="River">CQ</cards>
</round>
</game>
<game gamecode="6586909388"><general>
<startdate>2026-01-07 23:46:06</startdate>
<round>1</round>
<failsafecounter/>
<players><player seat="6" name="M1ky3ste92" chips="870" dealer="0" win="0" bet="65" muck="1" rebuy="0" addon="0" merge="0" rebuychips="0" reg_code="5087389998"/>
<player seat="10" name="SVmariolinos" chips="630" dealer="1" win="130" bet="275" muck="1" rebuy="0" addon="0" merge="0" rebuychips="0" reg_code="5087390015"/>
</players>
</general>
<round no="0"><action no="1" player="SVmariolinos" type="15" discard="1" dealt="1" sum="5"/>
<action no="2" player="M1ky3ste92" type="15" sum="5"/>
<action no="3" player="SVmariolinos" type="1" discard="1" dealt="1" sum="30"/>
<action no="4" player="M1ky3ste92" type="2" sum="60"/>
</round>
<round no="1"><cards type="Pocket" player="M1ky3ste92">SJ D5</cards>
<cards type="Pocket" player="SVmariolinos">X X</cards>
<action no="5" player="SVmariolinos" type="23" discard="1" dealt="1" sum="270"/>
<action no="6" player="M1ky3ste92" type="0" sum="0"/>
</round>
</game>
<game gamecode="6586909484"><general>
<startdate>2026-01-07 23:46:20</startdate>
<round>1</round>
<failsafecounter/>
<players><player seat="10" name="SVmariolinos" chips="695" dealer="0" win="0" bet="65" muck="1" rebuy="0" addon="0" merge="0" rebuychips="0" reg_code="5087390015"/>
<player seat="6" name="M1ky3ste92" chips="805" dealer="1" win="130" bet="125" muck="1" rebuy="0" addon="0" merge="0" rebuychips="0" reg_code="5087389998"/>
</players>
</general>
<round no="0"><action no="1" player="M1ky3ste92" type="15" sum="5"/>
<action no="2" player="SVmariolinos" type="15" discard="1" dealt="1" sum="5"/>
<action no="3" player="M1ky3ste92" type="1" sum="30"/>
<action no="4" player="SVmariolinos" type="2" discard="1" dealt="1" sum="60"/>
</round>
<round no="1"><cards type="Pocket" player="M1ky3ste92">DQ S4</cards>
<cards type="Pocket" player="SVmariolinos">X X</cards>
<action no="5" player="M1ky3ste92" type="3" sum="30"/>
<action no="6" player="SVmariolinos" type="4" discard="1" dealt="1" sum="0"/>
</round>
<round no="2"><cards type="Flop">HK D8 S8</cards>
<action no="7" player="SVmariolinos" type="4" discard="1" dealt="1" sum="0"/>
<action no="8" player="M1ky3ste92" type="5" sum="60"/>
<action no="9" player="SVmariolinos" type="0" discard="1" dealt="1" sum="0"/>
</round>
</game>
<game gamecode="6586909581"><general>
<startdate>2026-01-07 23:46:34</startdate>
<round>1</round>
<failsafecounter/>
<players><player seat="6" name="M1ky3ste92" chips="870" dealer="0" win="96" bet="88" muck="1" rebuy="0" addon="0" merge="0" rebuychips="0" reg_code="5087389998"/>
<player seat="10" name="SVmariolinos" chips="630" dealer="1" win="0" bet="48" muck="1" rebuy="0" addon="0" merge="0" rebuychips="0" reg_code="5087390015"/>
</players>
</general>
<round no="0"><action no="1" player="SVmariolinos" type="15" discard="1" dealt="1" sum="8"/>
<action no="2" player="M1ky3ste92" type="15" sum="8"/>
<action no="3" player="SVmariolinos" type="1" discard="1" dealt="1" sum="40"/>
<action no="4" player="M1ky3ste92" type="2" sum="80"/>
</round>
<round no="1"><cards type="Pocket" player="M1ky3ste92">D4 H10</cards>
<cards type="Pocket" player="SVmariolinos">X X</cards>
<action no="5" player="SVmariolinos" type="0" discard="1" dealt="1" sum="0"/>
</round>
</game>
<game gamecode="6586909627"><general>
<startdate>2026-01-07 23:46:39</startdate>
<round>1</round>
<failsafecounter/>
<players><player seat="10" name="SVmariolinos" chips="582" dealer="0" win="0" bet="88" muck="1" rebuy="0" addon="0" merge="0" rebuychips="0" reg_code="5087390015"/>
<player seat="6" name="M1ky3ste92" chips="918" dealer="1" win="176" bet="918" muck="1" rebuy="0" addon="0" merge="0" rebuychips="0" reg_code="5087389998"/>
</players>
</general>
<round no="0"><action no="1" player="M1ky3ste92" type="15" sum="8"/>
<action no="2" player="SVmariolinos" type="15" discard="1" dealt="1" sum="8"/>
<action no="3" player="M1ky3ste92" type="1" sum="40"/>
<action no="4" player="SVmariolinos" type="2" discard="1" dealt="1" sum="80"/>
</round>
<round no="1"><cards type="Pocket" player="SVmariolinos">X X</cards>
<cards type="Pocket" player="M1ky3ste92">SJ H10</cards>
<action no="5" player="M1ky3ste92" type="23" sum="910"/>
<action no="6" player="SVmariolinos" type="0" discard="1" dealt="1" sum="0"/>
</round>
</game>
<game gamecode="6586916879"><general>
<startdate>2026-01-07 23:46:54</startdate>
<round>1</round>
<failsafecounter/>
<players><player seat="6" name="M1ky3ste92" chips="1,006" dealer="0" win="0" bet="88" muck="1" rebuy="0" addon="0" merge="0" rebuychips="0" reg_code="5087389998"/>
<player seat="10" name="SVmariolinos" chips="494" dealer="1" win="176" bet="368" muck="1" rebuy="0" addon="0" merge="0" rebuychips="0" reg_code="5087390015"/>
</players>
</general>
<round no="0"><action no="1" player="SVmariolinos" type="15" discard="1" dealt="1" sum="8"/>
<action no="2" player="M1ky3ste92" type="15" sum="8"/>
<action no="3" player="SVmariolinos" type="1" discard="1" dealt="1" sum="40"/>
<action no="4" player="M1ky3ste92" type="2" sum="80"/>
</round>
<round no="1"><cards type="Pocket" player="M1ky3ste92">C4 CQ</cards>
<cards type="Pocket" player="SVmariolinos">X X</cards>
<action no="5" player="SVmariolinos" type="23" discard="1" dealt="1" sum="360"/>
<action no="6" player="M1ky3ste92" type="0" sum="0"/>
</round>
</game>
<game gamecode="6586916947"><general>
<startdate>2026-01-07 23:47:03</startdate>
<round>1</round>
<failsafecounter/>
<players><player seat="10" name="SVmariolinos" chips="582" dealer="0" win="0" bet="582" muck="0" rebuy="0" addon="0" merge="0" rebuychips="0" reg_code="5087390015"/>
<player seat="6" name="M1ky3ste92" chips="918" dealer="1" win="1,164" bet="918" muck="0" rebuy="0" addon="0" merge="0" rebuychips="0" reg_code="5087389998"/>
</players>
</general>
<round no="0"><action no="1" player="M1ky3ste92" type="15" sum="8"/>
<action no="2" player="SVmariolinos" type="15" discard="1" dealt="1" sum="8"/>
<action no="3" player="M1ky3ste92" type="1" sum="40"/>
<action no="4" player="SVmariolinos" type="2" discard="1" dealt="1" sum="80"/>
</round>
<round no="1"><cards type="Pocket" player="SVmariolinos">DQ SJ</cards>
<cards type="Pocket" player="M1ky3ste92">HK C6</cards>
<action no="5" player="M1ky3ste92" type="23" sum="910"/>
<action no="6" player="SVmariolinos" type="7" discard="1" dealt="1" sum="494"/>
</round>
<round no="2"><cards type="Flop">S5 H10 CQ</cards>
</round>
<round no="3"><cards type="Turn">SK</cards>
</round>
<round no="4"><cards type="River">CK</cards>
</round>
</game>
</session>
