<?xml version="1.0" encoding="UTF-8"?>
<session sessioncode="5087686250">
<general>
<client_version>24.7.1.18</client_version>
<mode>real</mode>
<gametype>Holdem NL</gametype>
<tablename>Twister €100 SNG, 825979242</tablename>
<tournamentcode>825979241</tournamentcode>
<tournamentname>Twister €100 SNG</tournamentname>
<buyin>€0 + €7 + €93</buyin>
<totalbuyin>€100</totalbuyin>
<rewarddrawn>€200</rewarddrawn>
<tournamentcurrency>EUR</tournamentcurrency>
<currency>EUR</currency>
<nickname>M1ky3ste92</nickname>
<gamecount>21</gamecount>
<startdate>2026-01-09 00:16:35</startdate>
<place>2</place>
<win>€0</win>
<tablesize>3</tablesize>
</general>
<game gamecode="6588009274"><general>
<startdate>2026-01-09 00:16:50</startdate>
<round>1</round>
<failsafecounter/>
<players><player seat="10" name="Tiuualex" chips="500" dealer="0" win="0" bet="20" muck="1" rebuy="0" addon="0" merge="0" rebuychips="0" reg_code="5087686252"/>
<player seat="3" name="Thechosenoonee" chips="500" dealer="1" win="140" bet="165" muck="1" rebuy="0" addon="0" merge="0" rebuychips="0" reg_code="5087686197"/>
<player seat="6" name="M1ky3ste92" chips="500" dealer="0" win="0" bet="60" muck="1" rebuy="0" addon="0" merge="0" rebuychips="0" reg_code="5087686250"/>
</players>
</general>
<round no="0"><action no="1" player="M1ky3ste92" type="1" sum="10"/>
<action no="2" player="Tiuualex" type="2" discard="1" dealt="1" sum="20"/>
</round>
<round no="1"><cards type="Pocket" player="M1ky3ste92">C6 C5</cards>
<cards type="Pocket" player="Tiuualex">X X</cards>
<cards type="Pocket" player="Thechosenoonee">X X</cards>
<action no="3" player="Thechosenoonee" type="23" discard="1" dealt="1" sum="40"/>
<action no="4" player="M1ky3ste92" type="3" sum="30"/>
<action no="5" player="Tiuualex" type="0" discard="1" dealt="1" sum="0"/>
</round>
<round no="2"><cards type="Flop">DA C9 D9</cards>
<action no="6" player="M1ky3ste92" type="4" sum="0"/>
<action no="7" player="Thechosenoonee" type="5" discard="1" dealt="1" sum="20"/>
<action no="8" player="M1ky3ste92" type="3" sum="20"/>
</round>
<round no="3"><cards type="Turn">D8</cards>
<action no="9" player="M1ky3ste92" type="4" sum="0"/>
<action no="10" player="Thechosenoonee" type="5" discard="1" dealt="1" sum="105"/>
<action no="11" player="M1ky3ste92" type="0" sum="0"/>
</round>
</game>
<game gamecode="6588009480"><general>
<startdate>2026-01-09 00:17:25</startdate>
<round>1</round>
<failsafecounter/>
<players><player seat="3" name="Thechosenoonee" chips="580" dealer="0" win="0" bet="40" muck="1" rebuy="0" addon="0" merge="0" rebuychips="0" reg_code="5087686197"/>
<player seat="6" name="M1ky3ste92" chips="440" dealer="1" win="90" bet="60" muck="1" rebuy="0" addon="0" merge="0" rebuychips="0" reg_code="5087686250"/>
<player seat="10" name="Tiuualex" chips="480" dealer="0" win="0" bet="10" muck="1" rebuy="0" addon="0" merge="0" rebuychips="0" reg_code="5087686252"/>
</players>
</general>
<round no="0"><action no="1" player="Tiuualex" type="1" discard="1" dealt="1" sum="10"/>
<action no="2" player="Thechosenoonee" type="2" discard="1" dealt="1" sum="20"/>
</round>
<round no="1"><cards type="Pocket" player="Tiuualex">X X</cards>
<cards type="Pocket" player="M1ky3ste92">HQ H3</cards>
<cards type="Pocket" player="Thechosenoonee">X X</cards>
<action no="3" player="M1ky3ste92" type="23" sum="40"/>
<action no="4" player="Tiuualex" type="0" discard="1" dealt="1" sum="0"/>
<action no="5" player="Thechosenoonee" type="3" discard="1" dealt="1" sum="20"/>
</round>
<round no="2"><cards type="Flop">HA S8 DK</cards>
<action no="6" player="Thechosenoonee" type="4" discard="1" dealt="1" sum="0"/>
<action no="7" player="M1ky3ste92" type="5" sum="20"/>
<action no="8" player="Thechosenoonee" type="0" discard="1" dealt="1" sum="0"/>
</round>
</game>
<game gamecode="6588009567"><general>
<startdate>2026-01-09 00:17:39</startdate>
<round>1</round>
<failsafecounter/>
<players><player seat="6" name="M1ky3ste92" chips="490" dealer="0" win="80" bet="80" muck="1" rebuy="0" addon="0" merge="0" rebuychips="0" reg_code="5087686250"/>
<player seat="10" name="Tiuualex" chips="470" dealer="1" win="0" bet="0" muck="1" rebuy="0" addon="0" merge="0" rebuychips="0" reg_code="5087686252"/>
<player seat="3" name="Thechosenoonee" chips="540" dealer="0" win="0" bet="40" muck="1" rebuy="0" addon="0" merge="0" rebuychips="0" reg_code="5087686197"/>
</players>
</general>
<round no="0"><action no="1" player="Thechosenoonee" type="1" discard="1" dealt="1" sum="10"/>
<action no="2" player="M1ky3ste92" type="2" sum="20"/>
</round>
<round no="1"><cards type="Pocket" player="M1ky3ste92">H5 D2</cards>
<cards type="Pocket" player="Thechosenoonee">X X</cards>
<cards type="Pocket" player="Tiuualex">X X</cards>
<action no="3" player="Tiuualex" type="0" discard="1" dealt="1" sum="0"/>
<action no="4" player="Thechosenoonee" type="3" discard="1" dealt="1" sum="10"/>
<action no="5" player="M1ky3ste92" type="4" sum="0"/>
</round>
<round no="2"><cards type="Flop">S2 H8 HA</cards>
<action no="6" player="Thechosenoonee" type="5" discard="1" dealt="1" sum="20"/>
<action no="7" player="M1ky3ste92" type="23" sum="60"/>
<action no="8" player="Thechosenoonee" type="0" discard="1" dealt="1" sum="0"/>
</round>
</game>
<game gamecode="6588009697"><general>
<startdate>2026-01-09 00:18:01</startdate>
<round>1</round>
<failsafecounter/>
<players><player seat="10" name="Tiuualex" chips="470" dealer="0" win="0" bet="20" muck="1" rebuy="0" addon="0" merge="0" rebuychips="0" reg_code="5087686252"/>
<player seat="3" name="Thechosenoonee" chips="500" dealer="1" win="0" bet="0" muck="1" rebuy="0" addon="0" merge="0" rebuychips="0" reg_code="5087686197"/>
<player seat="6" name="M1ky3ste92" chips="530" dealer="0" win="40" bet="60" muck="1" rebuy="0" addon="0" merge="0" rebuychips="0" reg_code="5087686250"/>
</players>
</general>
<round no="0"><action no="1" player="M1ky3ste92" type="1" sum="10"/>
<action no="2" player="Tiuualex" type="2" discard="1" dealt="1" sum="20"/>
</round>
<round no="1"><cards type="Pocket" player="Thechosenoonee">X X</cards>
<cards type="Pocket" player="Tiuualex">X X</cards>
<cards type="Pocket" player="M1ky3ste92">C2 HJ</cards>
<action no="3" player="Thechosenoonee" type="0" discard="1" dealt="1" sum="0"/>
<action no="4" player="M1ky3ste92" type="23" sum="60"/>
<action no="5" player="Tiuualex" type="0" discard="1" dealt="1" sum="0"/>
</round>
</game>
<game gamecode="6588009765"><general>
<startdate>2026-01-09 00:18:12</startdate>
<round>1</round>
<failsafecounter/>
<players><player seat="3" name="Thechosenoonee" chips="500" dealer="0" win="0" bet="100" muck="1" rebuy="0" addon="0" merge="0" rebuychips="0" reg_code="5087686197"/>
<player seat="6" name="M1ky3ste92" chips="550" dealer="1" win="240" bet="220" muck="1" rebuy="0" addon="0" merge="0" rebuychips="0" reg_code="5087686250"/>
<player seat="10" name="Tiuualex" chips="450" dealer="0" win="0" bet="40" muck="1" rebuy="0" addon="0" merge="0" rebuychips="0" reg_code="5087686252"/>
</players>
</general>
<round no="0"><action no="1" player="Tiuualex" type="1" discard="1" dealt="1" sum="10"/>
<action no="2" player="Thechosenoonee" type="2" discard="1" dealt="1" sum="20"/>
</round>
<round no="1"><cards type="Pocket" player="M1ky3ste92">C6 D6</cards>
<cards type="Pocket" player="Tiuualex">X X</cards>
<cards type="Pocket" player="Thechosenoonee">X X</cards>
<action no="3" player="M1ky3ste92" type="23" sum="40"/>
<action no="4" player="Tiuualex" type="3" discard="1" dealt="1" sum="30"/>
<action no="5" player="Thechosenoonee" type="3" discard="1" dealt="1" sum="20"/>
</round>
<round no="2"><cards type="Flop">D5 SQ HK</cards>
<action no="6" player="Tiuualex" type="4" discard="1" dealt="1" sum="0"/>
<action no="7" player="Thechosenoonee" type="4" discard="1" dealt="1" sum="0"/>
<action no="8" player="M1ky3ste92" type="4" sum="0"/>
</round>
<round no="3"><cards type="Turn">D7</cards>
<action no="9" player="Tiuualex" type="4" discard="1" dealt="1" sum="0"/>
<action no="10" player="Thechosenoonee" type="4" discard="1" dealt="1" sum="0"/>
<action no="11" player="M1ky3ste92" type="4" sum="0"/>
</round>
<round no="4"><cards type="River">S4</cards>
<action no="12" player="Tiuualex" type="4" discard="1" dealt="1" sum="0"/>
<action no="13" player="Thechosenoonee" type="5" discard="1" dealt="1" sum="60"/>
<action no="14" player="M1ky3ste92" type="23" sum="180"/>
<action no="15" player="Tiuualex" type="0" discard="1" dealt="1" sum="0"/>
<action no="16" player="Thechosenoonee" type="0" discard="1" dealt="1" sum="0"/>
</round>
</game>
<game gamecode="6588010075"><general>
<startdate>2026-01-09 00:19:04</startdate>
<round>1</round>
<failsafecounter/>
<players><player seat="6" name="M1ky3ste92" chips="690" dealer="0" win="45" bet="35" muck="1" rebuy="0" addon="0" merge="0" rebuychips="0" reg_code="5087686250"/>
<player seat="10" name="Tiuualex" chips="410" dealer="1" win="0" bet="5" muck="1" rebuy="0" addon="0" merge="0" rebuychips="0" reg_code="5087686252"/>
<player seat="3" name="Thechosenoonee" chips="400" dealer="0" win="0" bet="20" muck="1" rebuy="0" addon="0" merge="0" rebuychips="0" reg_code="5087686197"/>
</players>
</general>
<round no="0"><action no="1" player="Thechosenoonee" type="15" discard="1" dealt="1" sum="5"/>
<action no="2" player="M1ky3ste92" type="15" sum="5"/>
<action no="3" player="Tiuualex" type="15" discard="1" dealt="1" sum="5"/>
<action no="4" player="Thechosenoonee" type="1" discard="1" dealt="1" sum="15"/>
<action no="5" player="M1ky3ste92" type="2" sum="30"/>
</round>
<round no="1"><cards type="Pocket" player="Thechosenoonee">X X</cards>
<cards type="Pocket" player="Tiuualex">X X</cards>
<cards type="Pocket" player="M1ky3ste92">SJ S10</cards>
<action no="6" player="Tiuualex" type="0" discard="1" dealt="1" sum="0"/>
<action no="7" player="Thechosenoonee" type="0" discard="1" dealt="1" sum="0"/>
</round>
</game>
<game gamecode="6588010124"><general>
<startdate>2026-01-09 00:19:12</startdate>
<round>1</round>
<failsafecounter/>
<players><player seat="10" name="Tiuualex" chips="405" dealer="0" win="0" bet="405" muck="0" rebuy="0" addon="0" merge="0" rebuychips="0" reg_code="5087686252"/>
<player seat="3" name="Thechosenoonee" chips="380" dealer="1" win="0" bet="5" muck="1" rebuy="0" addon="0" merge="0" rebuychips="0" reg_code="5087686197"/>
<player seat="6" name="M1ky3ste92" chips="715" dealer="0" win="815" bet="405" muck="0" rebuy="0" addon="0" merge="0" rebuychips="0" reg_code="5087686250"/>
</players>
</general>
<round no="0"><action no="1" player="M1ky3ste92" type="15" sum="5"/>
<action no="2" player="Tiuualex" type="15" discard="1" dealt="1" sum="5"/>
<action no="3" player="Thechosenoonee" type="15" discard="1" dealt="1" sum="5"/>
<action no="4" player="M1ky3ste92" type="1" sum="15"/>
<action no="5" player="Tiuualex" type="2" discard="1" dealt="1" sum="30"/>
</round>
<round no="1"><cards type="Pocket" player="M1ky3ste92">S5 S8</cards>
<cards type="Pocket" player="Tiuualex">HJ SQ</cards>
<cards type="Pocket" player="Thechosenoonee">X X</cards>
<action no="6" player="Thechosenoonee" type="0" discard="1" dealt="1" sum="0"/>
<action no="7" player="M1ky3ste92" type="3" sum="15"/>
<action no="8" player="Tiuualex" type="23" discard="1" dealt="1" sum="75"/>
<action no="9" player="M1ky3ste92" type="3" sum="45"/>
</round>
<round no="2"><cards type="Flop">C3 C5 H10</cards>
<action no="10" player="M1ky3ste92" type="4" sum="0"/>
<action no="11" player="Tiuualex" type="4" discard="1" dealt="1" sum="0"/>
</round>
<round no="3"><cards type="Turn">C7</cards>
<action no="12" player="M1ky3ste92" type="5" sum="30"/>
<action no="13" player="Tiuualex" type="3" discard="1" dealt="1" sum="30"/>
</round>
<round no="4"><cards type="River">D9</cards>
<action no="14" player="M1ky3ste92" type="5" sum="30"/>
<action no="15" player="Tiuualex" type="23" discard="1" dealt="1" sum="295"/>
<action no="16" player="M1ky3ste92" type="3" sum="265"/>
</round>
</game>
<game gamecode="6588010413"><general>
<startdate>2026-01-09 00:20:01</startdate>
<round>1</round>
<failsafecounter/>
<players><player seat="3" name="Thechosenoonee" chips="375" dealer="0" win="0" bet="35" muck="1" rebuy="0" addon="0" merge="0" rebuychips="0" reg_code="5087686197"/>
<player seat="6" name="M1ky3ste92" chips="1,125" dealer="1" win="70" bet="1,125" muck="1" rebuy="0" addon="0" merge="0" rebuychips="0" reg_code="5087686250"/>
</players>
</general>
<round no="0"><action no="1" player="M1ky3ste92" type="15" sum="5"/>
<action no="2" player="Thechosenoonee" type="15" discard="1" dealt="1" sum="5"/>
<action no="3" player="M1ky3ste92" type="1" sum="15"/>
<action no="4" player="Thechosenoonee" type="2" discard="1" dealt="1" sum="30"/>
</round>
<round no="1"><cards type="Pocket" player="M1ky3ste92">CA H3</cards>
<cards type="Pocket" player="Thechosenoonee">X X</cards>
<action no="5" player="M1ky3ste92" type="23" sum="1,120"/>
<action no="6" player="Thechosenoonee" type="0" discard="1" dealt="1" sum="0"/>
</round>
</game>
<game gamecode="6588010488"><general>
<startdate>2026-01-09 00:20:14</startdate>
<round>1</round>
<failsafecounter/>
<players><player seat="6" name="M1ky3ste92" chips="1,160" dealer="0" win="0" bet="340" muck="1" rebuy="0" addon="0" merge="0" rebuychips="0" reg_code="5087686250"/>
<player seat="3" name="Thechosenoonee" chips="340" dealer="1" win="680" bet="340" muck="0" rebuy="0" addon="0" merge="0" rebuychips="0" reg_code="5087686197"/>
</players>
</general>
<round no="0"><action no="1" player="Thechosenoonee" type="15" discard="1" dealt="1" sum="5"/>
<action no="2" player="M1ky3ste92" type="15" sum="5"/>
<action no="3" player="Thechosenoonee" type="1" discard="1" dealt="1" sum="20"/>
<action no="4" player="M1ky3ste92" type="2" sum="40"/>
</round>
<round no="1"><cards type="Pocket" player="Thechosenoonee">DQ C7</cards>
<cards type="Pocket" player="M1ky3ste92">S9 S10</cards>
<action no="5" player="Thechosenoonee" type="23" discard="1" dealt="1" sum="335"/>
<action no="6" player="M1ky3ste92" type="3" sum="295"/>
</round>
<round no="2"><cards type="Flop">SJ S7 H4</cards>
</round>
<round no="3"><cards type="Turn">H3</cards>
</round>
<round no="4"><cards type="River">D7</cards>
</round>
</game>
<game gamecode="6588010594"><general>
<startdate>2026-01-09 00:20:35</startdate>
<round>1</round>
<failsafecounter/>
<players><player seat="3" name="Thechosenoonee" chips="680" dealer="0" win="0" bet="45" muck="1" rebuy="0" addon="0" merge="0" rebuychips="0" reg_code="5087686197"/>
<player seat="6" name="M1ky3ste92" chips="820" dealer="1" win="90" bet="85" muck="1" rebuy="0" addon="0" merge="0" rebuychips="0" reg_code="5087686250"/>
</players>
</general>
<round no="0"><action no="1" player="M1ky3ste92" type="15" sum="5"/>
<action no="2" player="Thechosenoonee" type="15" discard="1" dealt="1" sum="5"/>
<action no="3" player="M1ky3ste92" type="1" sum="20"/>
<action no="4" player="Thechosenoonee" type="2" discard="1" dealt="1" sum="40"/>
</round>
<round no="1"><cards type="Pocket" player="M1ky3ste92">C10 D5</cards>
<cards type="Pocket" player="Thechosenoonee">X X</cards>
<action no="5" player="M1ky3ste92" type="3" sum="20"/>
<action no="6" player="Thechosenoonee" type="4" discard="1" dealt="1" sum="0"/>
</round>
<round no="2"><cards type="Flop">H4 CK S2</cards>
<action no="7" player="Thechosenoonee" type="4" discard="1" dealt="1" sum="0"/>
<action no="8" player="M1ky3ste92" type="5" sum="40"/>
<action no="9" player="Thechosenoonee" type="0" discard="1" dealt="1" sum="0"/>
</round>
</game>
<game gamecode="6588010719"><general>
<startdate>2026-01-09 00:20:57</startdate>
<round>1</round>
<failsafecounter/>
<players><player seat="6" name="M1ky3ste92" chips="865" dealer="0" win="0" bet="125" muck="1" rebuy="0" addon="0" merge="0" rebuychips="0" reg_code="5087686250"/>
<player seat="3" name="Thechosenoonee" chips="635" dealer="1" win="250" bet="125" muck="0" rebuy="0" addon="0" merge="0" rebuychips="0" reg_code="5087686197"/>
</players>
</general>
<round no="0"><action no="1" player="Thechosenoonee" type="15" discard="1" dealt="1" sum="5"/>
<action no="2" player="M1ky3ste92" type="15" sum="5"/>
<action no="3" player="Thechosenoonee" type="1" discard="1" dealt="1" sum="20"/>
<action no="4" player="M1ky3ste92" type="2" sum="40"/>
</round>
<round no="1"><cards type="Pocket" player="M1ky3ste92">H10 S6</cards>
<cards type="Pocket" player="Thechosenoonee">SJ D3</cards>
<action no="5" player="Thechosenoonee" type="3" discard="1" dealt="1" sum="20"/>
<action no="6" player="M1ky3ste92" type="4" sum="0"/>
</round>
<round no="2"><cards type="Flop">S7 DJ C10</cards>
<action no="7" player="M1ky3ste92" type="4" sum="0"/>
<action no="8" player="Thechosenoonee" type="4" discard="1" dealt="1" sum="0"/>
</round>
<round no="3"><cards type="Turn">D5</cards>
<action no="9" player="M1ky3ste92" type="5" sum="40"/>
<action no="10" player="Thechosenoonee" type="3" discard="1" dealt="1" sum="40"/>
</round>
<round no="4"><cards type="River">S8</cards>
<action no="11" player="M1ky3ste92" type="4" sum="0"/>
<action no="12" player="Thechosenoonee" type="5" discard="1" dealt="1" sum="40"/>
<action no="13" player="M1ky3ste92" type="3" sum="40"/>
</round>
</game>
<game gamecode="6588010818"><general>
<startdate>2026-01-09 00:21:15</startdate>
<round>1</round>
<failsafecounter/>
<players><player seat="3" name="Thechosenoonee" chips="760" dealer="0" win="170" bet="760" muck="1" rebuy="0" addon="0" merge="0" rebuychips="0" reg_code="5087686197"/>
<player seat="6" name="M1ky3ste92" chips="740" dealer="1" win="0" bet="85" muck="1" rebuy="0" addon="0" merge="0" rebuychips="0" reg_code="5087686250"/>
</players>
</general>
<round no="0"><action no="1" player="M1ky3ste92" type="15" sum="5"/>
<action no="2" player="Thechosenoonee" type="15" discard="1" dealt="1" sum="5"/>
<action no="3" player="M1ky3ste92" type="1" sum="20"/>
<action no="4" player="Thechosenoonee" type="2" discard="1" dealt="1" sum="40"/>
</round>
<round no="1"><cards type="Pocket" player="M1ky3ste92">C4 H5</cards>
<cards type="Pocket" player="Thechosenoonee">X X</cards>
<action no="5" player="M1ky3ste92" type="23" sum="80"/>
<action no="6" player="Thechosenoonee" type="23" discard="1" dealt="1" sum="755"/>
<action no="7" player="M1ky3ste92" type="0" sum="0"/>
</round>
</game>
<game gamecode="6588010869"><general>
<startdate>2026-01-09 00:21:25</startdate>
<round>1</round>
<failsafecounter/>
<players><player seat="6" name="M1ky3ste92" chips="655" dealer="0" win="0" bet="45" muck="1" rebuy="0" addon="0" merge="0" rebuychips="0" reg_code="5087686250"/>
<player seat="3" name="Thechosenoonee" chips="845" dealer="1" win="90" bet="85" muck="1" rebuy="0" addon="0" merge="0" rebuychips="0" reg_code="5087686197"/>
</players>
</general>
<round no="0"><action no="1" player="Thechosenoonee" type="15" discard="1" dealt="1" sum="5"/>
<action no="2" player="M1ky3ste92" type="15" sum="5"/>
<action no="3" player="Thechosenoonee" type="1" discard="1" dealt="1" sum="20"/>
<action no="4" player="M1ky3ste92" type="2" sum="40"/>
</round>
<round no="1"><cards type="Pocket" player="M1ky3ste92">H2 SK</cards>
<cards type="Pocket" player="Thechosenoonee">X X</cards>
<action no="5" player="Thechosenoonee" type="3" discard="1" dealt="1" sum="20"/>
<action no="6" player="M1ky3ste92" type="4" sum="0"/>
</round>
<round no="2"><cards type="Flop">D3 C10 DA</cards>
<action no="7" player="M1ky3ste92" type="4" sum="0"/>
<action no="8" player="Thechosenoonee" type="5" discard="1" dealt="1" sum="40"/>
<action no="9" player="M1ky3ste92" type="0" sum="0"/>
</round>
</game>
<game gamecode="6588010943"><general>
<startdate>2026-01-09 00:21:38</startdate>
<round>1</round>
<failsafecounter/>
<players><player seat="3" name="Thechosenoonee" chips="890" dealer="0" win="50" bet="45" muck="1" rebuy="0" addon="0" merge="0" rebuychips="0" reg_code="5087686197"/>
<player seat="6" name="M1ky3ste92" chips="610" dealer="1" win="0" bet="25" muck="1" rebuy="0" addon="0" merge="0" rebuychips="0" reg_code="5087686250"/>
</players>
</general>
<round no="0"><action no="1" player="M1ky3ste92" type="15" sum="5"/>
<action no="2" player="Thechosenoonee" type="15" discard="1" dealt="1" sum="5"/>
<action no="3" player="M1ky3ste92" type="1" sum="20"/>
<action no="4" player="Thechosenoonee" type="2" discard="1" dealt="1" sum="40"/>
</round>
<round no="1"><cards type="Pocket" player="M1ky3ste92">D2 S4</cards>
<cards type="Pocket" player="Thechosenoonee">X X</cards>
<action no="5" player="M1ky3ste92" type="0" sum="0"/>
</round>
</game>
<game gamecode="6588010974"><general>
<startdate>2026-01-09 00:21:44</startdate>
<round>1</round>
<failsafecounter/>
<players><player seat="6" name="M1ky3ste92" chips="585" dealer="0" win="0" bet="45" muck="1" rebuy="0" addon="0" merge="0" rebuychips="0" reg_code="5087686250"/>
<player seat="3" name="Thechosenoonee" chips="915" dealer="1" win="90" bet="85" muck="1" rebuy="0" addon="0" merge="0" rebuychips="0" reg_code="5087686197"/>
</players>
</general>
<round no="0"><action no="1" player="Thechosenoonee" type="15" discard="1" dealt="1" sum="5"/>
<action no="2" player="M1ky3ste92" type="15" sum="5"/>
<action no="3" player="Thechosenoonee" type="1" discard="1" dealt="1" sum="20"/>
<action no="4" player="M1ky3ste92" type="2" sum="40"/>
</round>
<round no="1"><cards type="Pocket" player="M1ky3ste92">CJ C3</cards>
<cards type="Pocket" player="Thechosenoonee">X X</cards>
<action no="5" player="Thechosenoonee" type="3" discard="1" dealt="1" sum="20"/>
<action no="6" player="M1ky3ste92" type="4" sum="0"/>
</round>
<round no="2"><cards type="Flop">H4 C8 D8</cards>
<action no="7" player="M1ky3ste92" type="4" sum="0"/>
<action no="8" player="Thechosenoonee" type="4" discard="1" dealt="1" sum="0"/>
</round>
<round no="3"><cards type="Turn">D4</cards>
<action no="9" player="M1ky3ste92" type="4" sum="0"/>
<action no="10" player="Thechosenoonee" type="5" discard="1" dealt="1" sum="40"/>
<action no="11" player="M1ky3ste92" type="0" sum="0"/>
</round>
</game>
<game gamecode="6588016528"><general>
<startdate>2026-01-09 00:22:14</startdate>
<round>1</round>
<failsafecounter/>
<players><player seat="3" name="Thechosenoonee" chips="960" dealer="0" win="0" bet="65" muck="1" rebuy="0" addon="0" merge="0" rebuychips="0" reg_code="5087686197"/>
<player seat="6" name="M1ky3ste92" chips="540" dealer="1" win="130" bet="540" muck="1" rebuy="0" addon="0" merge="0" rebuychips="0" reg_code="5087686250"/>
</players>
</general>
<round no="0"><action no="1" player="M1ky3ste92" type="15" sum="5"/>
<action no="2" player="Thechosenoonee" type="15" discard="1" dealt="1" sum="5"/>
<action no="3" player="M1ky3ste92" type="1" sum="30"/>
<action no="4" player="Thechosenoonee" type="2" discard="1" dealt="1" sum="60"/>
</round>
<round no="1"><cards type="Pocket" player="Thechosenoonee">X X</cards>
<cards type="Pocket" player="M1ky3ste92">S10 D9</cards>
<action no="5" player="M1ky3ste92" type="23" sum="535"/>
<action no="6" player="Thechosenoonee" type="0" discard="1" dealt="1" sum="0"/>
</round>
</game>
<game gamecode="6588016576"><general>
<startdate>2026-01-09 00:22:24</startdate>
<round>1</round>
<failsafecounter/>
<players><player seat="6" name="M1ky3ste92" chips="605" dealer="0" win="0" bet="65" muck="1" rebuy="0" addon="0" merge="0" rebuychips="0" reg_code="5087686250"/>
<player seat="3" name="Thechosenoonee" chips="895" dealer="1" win="130" bet="125" muck="1" rebuy="0" addon="0" merge="0" rebuychips="0" reg_code="5087686197"/>
</players>
</general>
<round no="0"><action no="1" player="Thechosenoonee" type="15" discard="1" dealt="1" sum="5"/>
<action no="2" player="M1ky3ste92" type="15" sum="5"/>
<action no="3" player="Thechosenoonee" type="1" discard="1" dealt="1" sum="30"/>
<action no="4" player="M1ky3ste92" type="2" sum="60"/>
</round>
<round no="1"><cards type="Pocket" player="M1ky3ste92">H4 D8</cards>
<cards type="Pocket" player="Thechosenoonee">X X</cards>
<action no="5" player="Thechosenoonee" type="3" discard="1" dealt="1" sum="30"/>
<action no="6" player="M1ky3ste92" type="4" sum="0"/>
</round>
<round no="2"><cards type="Flop">D2 DA S7</cards>
<action no="7" player="M1ky3ste92" type="4" sum="0"/>
<action no="8" player="Thechosenoonee" type="5" discard="1" dealt="1" sum="60"/>
<action no="9" player="M1ky3ste92" type="0" sum="0"/>
</round>
</game>
<game gamecode="6588016649"><general>
<startdate>2026-01-09 00:22:38</startdate>
<round>1</round>
<failsafecounter/>
<players><player seat="3" name="Thechosenoonee" chips="960" dealer="0" win="0" bet="65" muck="1" rebuy="0" addon="0" merge="0" rebuychips="0" reg_code="5087686197"/>
<player seat="6" name="M1ky3ste92" chips="540" dealer="1" win="130" bet="540" muck="1" rebuy="0" addon="0" merge="0" rebuychips="0" reg_code="5087686250"/>
</players>
</general>
<round no="0"><action no="1" player="M1ky3ste92" type="15" sum="5"/>
<action no="2" player="Thechosenoonee" type="15" discard="1" dealt="1" sum="5"/>
<action no="3" player="M1ky3ste92" type="1" sum="30"/>
<action no="4" player="Thechosenoonee" type="2" discard="1" dealt="1" sum="60"/>
</round>
<round no="1"><cards type="Pocket" player="Thechosenoonee">X X</cards>
<cards type="Pocket" player="M1ky3ste92">DA S4</cards>
<action no="5" player="M1ky3ste92" type="23" sum="535"/>
<action no="6" player="Thechosenoonee" type="0" discard="1" dealt="1" sum="0"/>
</round>
</game>
<game gamecode="6588016702"><general>
<startdate>2026-01-09 00:22:48</startdate>
<round>1</round>
<failsafecounter/>
<players><player seat="6" name="M1ky3ste92" chips="605" dealer="0" win="0" bet="65" muck="1" rebuy="0" addon="0" merge="0" rebuychips="0" reg_code="5087686250"/>
<player seat="3" name="Thechosenoonee" chips="895" dealer="1" win="130" bet="895" muck="1" rebuy="0" addon="0" merge="0" rebuychips="0" reg_code="5087686197"/>
</players>
</general>
<round no="0"><action no="1" player="Thechosenoonee" type="15" discard="1" dealt="1" sum="5"/>
<action no="2" player="M1ky3ste92" type="15" sum="5"/>
<action no="3" player="Thechosenoonee" type="1" discard="1" dealt="1" sum="30"/>
<action no="4" player="M1ky3ste92" type="2" sum="60"/>
</round>
<round no="1"><cards type="Pocket" player="M1ky3ste92">H8 S2</cards>
<cards type="Pocket" player="Thechosenoonee">X X</cards>
<action no="5" player="Thechosenoonee" type="23" discard="1" dealt="1" sum="890"/>
<action no="6" player="M1ky3ste92" type="0" sum="0"/>
</round>
</game>
<game gamecode="6588016773"><general>
<startdate>2026-01-09 00:23:01</startdate>
<round>1</round>
<failsafecounter/>
<players><player seat="3" name="Thechosenoonee" chips="960" dealer="0" win="0" bet="65" muck="1" rebuy="0" addon="0" merge="0" rebuychips="0" reg_code="5087686197"/>
<player seat="6" name="M1ky3ste92" chips="540" dealer="1" win="130" bet="540" muck="1" rebuy="0" addon="0" merge="0" rebuychips="0" reg_code="5087686250"/>
</players>
</general>
<round no="0"><action no="1" player="M1ky3ste92" type="15" sum="5"/>
<action no="2" player="Thechosenoonee" type="15" discard="1" dealt="1" sum="5"/>
<action no="3" player="M1ky3ste92" type="1" sum="30"/>
<action no="4" player="Thechosenoonee" type="2" discard="1" dealt="1" sum="60"/>
</round>
<round no="1"><cards type="Pocket" player="Thechosenoonee">X X</cards>
<cards type="Pocket" player="M1ky3ste92">SK H9</cards>
<action no="5" player="M1ky3ste92" type="23" sum="535"/>
<action no="6" player="Thechosenoonee" type="0" discard="1" dealt="1" sum="0"/>
</round>
</game>
<game gamecode="6588016818"><general>
<startdate>2026-01-09 00:23:09</startdate>
<round>1</round>
<failsafecounter/>
<players><player seat="6" name="M1ky3ste92" chips="605" dealer="0" win="0" bet="605" muck="1" rebuy="0" addon="0" merge="0" rebuychips="0" reg_code="5087686250"/>
<player seat="3" name="Thechosenoonee" chips="895" dealer="1" win="1,210" bet="895" muck="0" rebuy="0" addon="0" merge="0" rebuychips="0" reg_code="5087686197"/>
</players>
</general>
<round no="0"><action no="1" player="Thechosenoonee" type="15" discard="1" dealt="1" sum="5"/>
<action no="2" player="M1ky3ste92" type="15" sum="5"/>
<action no="3" player="Thechosenoonee" type="1" discard="1" dealt="1" sum="30"/>
<action no="4" player="M1ky3ste92" type="2" sum="60"/>
</round>
<round no="1"><cards type="Pocket" player="Thechosenoonee">CQ SA</cards>
<cards type="Pocket" player="M1ky3ste92">HQ CK</cards>
<action no="5" player="Thechosenoonee" type="23" discard="1" dealt="1" sum="890"/>
<action no="6" player="M1ky3ste92" type="7" sum="540"/>
</round>
<round no="2"><cards type="Flop">D8 C7 H5</cards>
</round>
<round no="3"><cards type="Turn">C4</cards>
</round>
<round no="4"><cards type="River">D9</cards>
</round>
</game>
</session>
