<?xml version="1.0" encoding="UTF-8"?>
<session sessioncode="5087806133">
<general>
<client_version>24.7.1.18</client_version>
<mode>real</mode>
<gametype>Holdem NL</gametype>
<tablename>Twister €100 SNG, 826009459</tablename>
<tournamentcode>826009458</tournamentcode>
<tournamentname>Twister €100 SNG</tournamentname>
<buyin>€0 + €7 + €93</buyin>
<totalbuyin>€100</totalbuyin>
<rewarddrawn>€200</rewarddrawn>
<tournamentcurrency>EUR</tournamentcurrency>
<currency>EUR</currency>
<nickname>M1ky3ste92</nickname>
<gamecount>13</gamecount>
<startdate>2026-01-09 15:49:30</startdate>
<place>1</place>
<win>€200</win>
<tablesize>3</tablesize>
</general>
<game gamecode="6588455868"><general>
<startdate>2026-01-09 15:49:45</startdate>
<round>1</round>
<failsafecounter/>
<players><player seat="10" name="M1ky3ste92" chips="500" dealer="0" win="0" bet="20" muck="1" rebuy="0" addon="0" merge="0" rebuychips="0" reg_code="5087806133"/>
<player seat="3" name="Tiuualex" chips="500" dealer="1" win="50" bet="40" muck="1" rebuy="0" addon="0" merge="0" rebuychips="0" reg_code="5087805184"/>
<player seat="6" name="mocciolocaldo" chips="500" dealer="0" win="0" bet="10" muck="1" rebuy="0" addon="0" merge="0" rebuychips="0" reg_code="5087805736"/>
</players>
</general>
<round no="0"><action no="1" player="mocciolocaldo" type="1" discard="1" dealt="1" sum="10"/>
<action no="2" player="M1ky3ste92" type="2" sum="20"/>
</round>
<round no="1"><cards type="Pocket" player="Tiuualex">X X</cards>
<cards type="Pocket" player="M1ky3ste92">D5 S2</cards>
<cards type="Pocket" player="mocciolocaldo">X X</cards>
<action no="3" player="Tiuualex" type="23" discard="1" dealt="1" sum="40"/>
<action no="4" player="mocciolocaldo" type="0" discard="1" dealt="1" sum="0"/>
<action no="5" player="M1ky3ste92" type="0" sum="0"/>
</round>
</game>
<game gamecode="6588455978"><general>
<startdate>2026-01-09 15:50:05</startdate>
<round>1</round>
<failsafecounter/>
<players><player seat="3" name="Tiuualex" chips="530" dealer="0" win="0" bet="20" muck="1" rebuy="0" addon="0" merge="0" rebuychips="0" reg_code="5087805184"/>
<player seat="6" name="mocciolocaldo" chips="490" dealer="1" win="0" bet="40" muck="1" rebuy="0" addon="0" merge="0" rebuychips="0" reg_code="5087805736"/>
<player seat="10" name="M1ky3ste92" chips="480" dealer="0" win="100" bet="480" muck="1" rebuy="0" addon="0" merge="0" rebuychips="0" reg_code="5087806133"/>
</players>
</general>
<round no="0"><action no="1" player="M1ky3ste92" type="1" sum="10"/>
<action no="2" player="Tiuualex" type="2" discard="1" dealt="1" sum="20"/>
</round>
<round no="1"><cards type="Pocket" player="M1ky3ste92">H9 CA</cards>
<cards type="Pocket" player="mocciolocaldo">X X</cards>
<cards type="Pocket" player="Tiuualex">X X</cards>
<action no="3" player="mocciolocaldo" type="23" discard="1" dealt="1" sum="40"/>
<action no="4" player="M1ky3ste92" type="23" sum="480"/>
<action no="5" player="Tiuualex" type="0" discard="1" dealt="1" sum="0"/>
<action no="6" player="mocciolocaldo" type="0" discard="1" dealt="1" sum="0"/>
</round>
</game>
<game gamecode="6588456052"><general>
<startdate>2026-01-09 15:50:19</startdate>
<round>1</round>
<failsafecounter/>
<players><player seat="6" name="mocciolocaldo" chips="450" dealer="0" win="40" bet="40" muck="1" rebuy="0" addon="0" merge="0" rebuychips="0" reg_code="5087805736"/>
<player seat="10" name="M1ky3ste92" chips="540" dealer="1" win="0" bet="0" muck="1" rebuy="0" addon="0" merge="0" rebuychips="0" reg_code="5087806133"/>
<player seat="3" name="Tiuualex" chips="510" dealer="0" win="0" bet="20" muck="1" rebuy="0" addon="0" merge="0" rebuychips="0" reg_code="5087805184"/>
</players>
</general>
<round no="0"><action no="1" player="Tiuualex" type="1" discard="1" dealt="1" sum="10"/>
<action no="2" player="mocciolocaldo" type="2" discard="1" dealt="1" sum="20"/>
</round>
<round no="1"><cards type="Pocket" player="mocciolocaldo">X X</cards>
<cards type="Pocket" player="M1ky3ste92">H2 H9</cards>
<cards type="Pocket" player="Tiuualex">X X</cards>
<action no="3" player="M1ky3ste92" type="0" sum="0"/>
<action no="4" player="Tiuualex" type="3" discard="1" dealt="1" sum="10"/>
<action no="5" player="mocciolocaldo" type="4" discard="1" dealt="1" sum="0"/>
</round>
<round no="2"><cards type="Flop">H3 DK H5</cards>
<action no="6" player="Tiuualex" type="4" discard="1" dealt="1" sum="0"/>
<action no="7" player="mocciolocaldo" type="5" discard="1" dealt="1" sum="20"/>
<action no="8" player="Tiuualex" type="0" discard="1" dealt="1" sum="0"/>
</round>
</game>
<game gamecode="6588456204"><general>
<startdate>2026-01-09 15:50:48</startdate>
<round>1</round>
<failsafecounter/>
<players><player seat="10" name="M1ky3ste92" chips="540" dealer="0" win="40" bet="100" muck="1" rebuy="0" addon="0" merge="0" rebuychips="0" reg_code="5087806133"/>
<player seat="3" name="Tiuualex" chips="490" dealer="1" win="0" bet="0" muck="1" rebuy="0" addon="0" merge="0" rebuychips="0" reg_code="5087805184"/>
<player seat="6" name="mocciolocaldo" chips="470" dealer="0" win="0" bet="20" muck="1" rebuy="0" addon="0" merge="0" rebuychips="0" reg_code="5087805736"/>
</players>
</general>
<round no="0"><action no="1" player="mocciolocaldo" type="1" discard="1" dealt="1" sum="10"/>
<action no="2" player="M1ky3ste92" type="2" sum="20"/>
</round>
<round no="1"><cards type="Pocket" player="M1ky3ste92">S8 D10</cards>
<cards type="Pocket" player="mocciolocaldo">X X</cards>
<cards type="Pocket" player="Tiuualex">X X</cards>
<action no="3" player="Tiuualex" type="0" discard="1" dealt="1" sum="0"/>
<action no="4" player="mocciolocaldo" type="3" discard="1" dealt="1" sum="10"/>
<action no="5" player="M1ky3ste92" type="23" sum="100"/>
<action no="6" player="mocciolocaldo" type="0" discard="1" dealt="1" sum="0"/>
</round>
</game>
<game gamecode="6588456328"><general>
<startdate>2026-01-09 15:51:10</startdate>
<round>1</round>
<failsafecounter/>
<players><player seat="3" name="Tiuualex" chips="490" dealer="0" win="0" bet="115" muck="1" rebuy="0" addon="0" merge="0" rebuychips="0" reg_code="5087805184"/>
<player seat="6" name="mocciolocaldo" chips="450" dealer="1" win="240" bet="194" muck="1" rebuy="0" addon="0" merge="0" rebuychips="0" reg_code="5087805736"/>
<player seat="10" name="M1ky3ste92" chips="560" dealer="0" win="0" bet="10" muck="1" rebuy="0" addon="0" merge="0" rebuychips="0" reg_code="5087806133"/>
</players>
</general>
<round no="0"><action no="1" player="M1ky3ste92" type="1" sum="10"/>
<action no="2" player="Tiuualex" type="2" discard="1" dealt="1" sum="20"/>
</round>
<round no="1"><cards type="Pocket" player="M1ky3ste92">D4 H7</cards>
<cards type="Pocket" player="mocciolocaldo">X X</cards>
<cards type="Pocket" player="Tiuualex">X X</cards>
<action no="3" player="mocciolocaldo" type="23" discard="1" dealt="1" sum="40"/>
<action no="4" player="M1ky3ste92" type="0" sum="0"/>
<action no="5" player="Tiuualex" type="3" discard="1" dealt="1" sum="20"/>
</round>
<round no="2"><cards type="Flop">D2 D10 D5</cards>
<action no="6" player="Tiuualex" type="4" discard="1" dealt="1" sum="0"/>
<action no="7" player="mocciolocaldo" type="5" discard="1" dealt="1" sum="20"/>
<action no="8" player="Tiuualex" type="23" discard="1" dealt="1" sum="75"/>
<action no="9" player="mocciolocaldo" type="3" discard="1" dealt="1" sum="55"/>
</round>
<round no="3"><cards type="Turn">D3</cards>
<action no="10" player="Tiuualex" type="4" discard="1" dealt="1" sum="0"/>
<action no="11" player="mocciolocaldo" type="5" discard="1" dealt="1" sum="79"/>
<action no="12" player="Tiuualex" type="0" discard="1" dealt="1" sum="0"/>
</round>
</game>
<game gamecode="6588460416"><general>
<startdate>2026-01-09 15:52:17</startdate>
<round>1</round>
<failsafecounter/>
<players><player seat="6" name="mocciolocaldo" chips="575" dealer="0" win="0" bet="35" muck="1" rebuy="0" addon="0" merge="0" rebuychips="0" reg_code="5087805736"/>
<player seat="10" name="M1ky3ste92" chips="550" dealer="1" win="90" bet="550" muck="1" rebuy="0" addon="0" merge="0" rebuychips="0" reg_code="5087806133"/>
<player seat="3" name="Tiuualex" chips="375" dealer="0" win="0" bet="20" muck="1" rebuy="0" addon="0" merge="0" rebuychips="0" reg_code="5087805184"/>
</players>
</general>
<round no="0"><action no="1" player="Tiuualex" type="15" discard="1" dealt="1" sum="5"/>
<action no="2" player="mocciolocaldo" type="15" discard="1" dealt="1" sum="5"/>
<action no="3" player="M1ky3ste92" type="15" sum="5"/>
<action no="4" player="Tiuualex" type="1" discard="1" dealt="1" sum="15"/>
<action no="5" player="mocciolocaldo" type="2" discard="1" dealt="1" sum="30"/>
</round>
<round no="1"><cards type="Pocket" player="mocciolocaldo">X X</cards>
<cards type="Pocket" player="M1ky3ste92">D6 S6</cards>
<cards type="Pocket" player="Tiuualex">X X</cards>
<action no="6" player="M1ky3ste92" type="23" sum="545"/>
<action no="7" player="Tiuualex" type="0" discard="1" dealt="1" sum="0"/>
<action no="8" player="mocciolocaldo" type="0" discard="1" dealt="1" sum="0"/>
</round>
</game>
<game gamecode="6588460512"><general>
<startdate>2026-01-09 15:52:38</startdate>
<round>1</round>
<failsafecounter/>
<players><player seat="10" name="M1ky3ste92" chips="605" dealer="0" win="0" bet="35" muck="1" rebuy="0" addon="0" merge="0" rebuychips="0" reg_code="5087806133"/>
<player seat="3" name="Tiuualex" chips="355" dealer="1" win="90" bet="65" muck="1" rebuy="0" addon="0" merge="0" rebuychips="0" reg_code="5087805184"/>
<player seat="6" name="mocciolocaldo" chips="540" dealer="0" win="0" bet="20" muck="1" rebuy="0" addon="0" merge="0" rebuychips="0" reg_code="5087805736"/>
</players>
</general>
<round no="0"><action no="1" player="mocciolocaldo" type="15" discard="1" dealt="1" sum="5"/>
<action no="2" player="M1ky3ste92" type="15" sum="5"/>
<action no="3" player="Tiuualex" type="15" discard="1" dealt="1" sum="5"/>
<action no="4" player="mocciolocaldo" type="1" discard="1" dealt="1" sum="15"/>
<action no="5" player="M1ky3ste92" type="2" sum="30"/>
</round>
<round no="1"><cards type="Pocket" player="mocciolocaldo">X X</cards>
<cards type="Pocket" player="Tiuualex">X X</cards>
<cards type="Pocket" player="M1ky3ste92">D10 S2</cards>
<action no="6" player="Tiuualex" type="23" discard="1" dealt="1" sum="60"/>
<action no="7" player="mocciolocaldo" type="0" discard="1" dealt="1" sum="0"/>
<action no="8" player="M1ky3ste92" type="0" sum="0"/>
</round>
</game>
<game gamecode="6588460643"><general>
<startdate>2026-01-09 15:53:03</startdate>
<round>1</round>
<failsafecounter/>
<players><player seat="3" name="Tiuualex" chips="410" dealer="0" win="0" bet="45" muck="1" rebuy="0" addon="0" merge="0" rebuychips="0" reg_code="5087805184"/>
<player seat="6" name="mocciolocaldo" chips="520" dealer="1" win="0" bet="5" muck="1" rebuy="0" addon="0" merge="0" rebuychips="0" reg_code="5087805736"/>
<player seat="10" name="M1ky3ste92" chips="570" dealer="0" win="95" bet="570" muck="1" rebuy="0" addon="0" merge="0" rebuychips="0" reg_code="5087806133"/>
</players>
</general>
<round no="0"><action no="1" player="M1ky3ste92" type="15" sum="5"/>
<action no="2" player="Tiuualex" type="15" discard="1" dealt="1" sum="5"/>
<action no="3" player="mocciolocaldo" type="15" discard="1" dealt="1" sum="5"/>
<action no="4" player="M1ky3ste92" type="1" sum="20"/>
<action no="5" player="Tiuualex" type="2" discard="1" dealt="1" sum="40"/>
</round>
<round no="1"><cards type="Pocket" player="M1ky3ste92">C8 CQ</cards>
<cards type="Pocket" player="mocciolocaldo">X X</cards>
<cards type="Pocket" player="Tiuualex">X X</cards>
<action no="6" player="mocciolocaldo" type="0" discard="1" dealt="1" sum="0"/>
<action no="7" player="M1ky3ste92" type="23" sum="565"/>
<action no="8" player="Tiuualex" type="0" discard="1" dealt="1" sum="0"/>
</round>
</game>
<game gamecode="6588460699"><general>
<startdate>2026-01-09 15:53:14</startdate>
<round>1</round>
<failsafecounter/>
<players><player seat="6" name="mocciolocaldo" chips="515" dealer="0" win="0" bet="45" muck="1" rebuy="0" addon="0" merge="0" rebuychips="0" reg_code="5087805736"/>
<player seat="10" name="M1ky3ste92" chips="620" dealer="1" win="115" bet="620" muck="1" rebuy="0" addon="0" merge="0" rebuychips="0" reg_code="5087806133"/>
<player seat="3" name="Tiuualex" chips="365" dealer="0" win="0" bet="25" muck="1" rebuy="0" addon="0" merge="0" rebuychips="0" reg_code="5087805184"/>
</players>
</general>
<round no="0"><action no="1" player="Tiuualex" type="15" discard="1" dealt="1" sum="5"/>
<action no="2" player="mocciolocaldo" type="15" discard="1" dealt="1" sum="5"/>
<action no="3" player="M1ky3ste92" type="15" sum="5"/>
<action no="4" player="Tiuualex" type="1" discard="1" dealt="1" sum="20"/>
<action no="5" player="mocciolocaldo" type="2" discard="1" dealt="1" sum="40"/>
</round>
<round no="1"><cards type="Pocket" player="mocciolocaldo">X X</cards>
<cards type="Pocket" player="M1ky3ste92">DA H2</cards>
<cards type="Pocket" player="Tiuualex">X X</cards>
<action no="6" player="M1ky3ste92" type="23" sum="615"/>
<action no="7" player="Tiuualex" type="0" discard="1" dealt="1" sum="0"/>
<action no="8" player="mocciolocaldo" type="0" discard="1" dealt="1" sum="0"/>
</round>
</game>
<game gamecode="6588460738"><general>
<startdate>2026-01-09 15:53:22</startdate>
<round>1</round>
<failsafecounter/>
<players><player seat="10" name="M1ky3ste92" chips="690" dealer="0" win="0" bet="45" muck="1" rebuy="0" addon="0" merge="0" rebuychips="0" reg_code="5087806133"/>
<player seat="3" name="Tiuualex" chips="340" dealer="1" win="115" bet="340" muck="1" rebuy="0" addon="0" merge="0" rebuychips="0" reg_code="5087805184"/>
<player seat="6" name="mocciolocaldo" chips="470" dealer="0" win="0" bet="25" muck="1" rebuy="0" addon="0" merge="0" rebuychips="0" reg_code="5087805736"/>
</players>
</general>
<round no="0"><action no="1" player="mocciolocaldo" type="15" discard="1" dealt="1" sum="5"/>
<action no="2" player="M1ky3ste92" type="15" sum="5"/>
<action no="3" player="Tiuualex" type="15" discard="1" dealt="1" sum="5"/>
<action no="4" player="mocciolocaldo" type="1" discard="1" dealt="1" sum="20"/>
<action no="5" player="M1ky3ste92" type="2" sum="40"/>
</round>
<round no="1"><cards type="Pocket" player="mocciolocaldo">X X</cards>
<cards type="Pocket" player="M1ky3ste92">C3 CK</cards>
<cards type="Pocket" player="Tiuualex">X X</cards>
<action no="6" player="Tiuualex" type="23" discard="1" dealt="1" sum="335"/>
<action no="7" player="mocciolocaldo" type="0" discard="1" dealt="1" sum="0"/>
<action no="8" player="M1ky3ste92" type="0" sum="0"/>
</round>
</game>
<game gamecode="6588460791"><general>
<startdate>2026-01-09 15:53:32</startdate>
<round>1</round>
<failsafecounter/>
<players><player seat="3" name="Tiuualex" chips="410" dealer="0" win="55" bet="45" muck="1" rebuy="0" addon="0" merge="0" rebuychips="0" reg_code="5087805184"/>
<player seat="6" name="mocciolocaldo" chips="445" dealer="1" win="0" bet="5" muck="1" rebuy="0" addon="0" merge="0" rebuychips="0" reg_code="5087805736"/>
<player seat="10" name="M1ky3ste92" chips="645" dealer="0" win="0" bet="25" muck="1" rebuy="0" addon="0" merge="0" rebuychips="0" reg_code="5087806133"/>
</players>
</general>
<round no="0"><action no="1" player="M1ky3ste92" type="15" sum="5"/>
<action no="2" player="Tiuualex" type="15" discard="1" dealt="1" sum="5"/>
<action no="3" player="mocciolocaldo" type="15" discard="1" dealt="1" sum="5"/>
<action no="4" player="M1ky3ste92" type="1" sum="20"/>
<action no="5" player="Tiuualex" type="2" discard="1" dealt="1" sum="40"/>
</round>
<round no="1"><cards type="Pocket" player="M1ky3ste92">D8 C3</cards>
<cards type="Pocket" player="mocciolocaldo">X X</cards>
<cards type="Pocket" player="Tiuualex">X X</cards>
<action no="6" player="mocciolocaldo" type="0" discard="1" dealt="1" sum="0"/>
<action no="7" player="M1ky3ste92" type="0" sum="0"/>
</round>
</game>
<game gamecode="6588460833"><general>
<startdate>2026-01-09 15:53:41</startdate>
<round>1</round>
<failsafecounter/>
<players><player seat="6" name="mocciolocaldo" chips="440" dealer="0" win="0" bet="440" muck="1" rebuy="0" addon="0" merge="0" rebuychips="0" reg_code="5087805736"/>
<player seat="10" name="M1ky3ste92" chips="620" dealer="1" win="905" bet="620" muck="0" rebuy="0" addon="0" merge="0" rebuychips="0" reg_code="5087806133"/>
<player seat="3" name="Tiuualex" chips="440" dealer="0" win="0" bet="25" muck="1" rebuy="0" addon="0" merge="0" rebuychips="0" reg_code="5087805184"/>
</players>
</general>
<round no="0"><action no="1" player="Tiuualex" type="15" discard="1" dealt="1" sum="5"/>
<action no="2" player="mocciolocaldo" type="15" discard="1" dealt="1" sum="5"/>
<action no="3" player="M1ky3ste92" type="15" sum="5"/>
<action no="4" player="Tiuualex" type="1" discard="1" dealt="1" sum="20"/>
<action no="5" player="mocciolocaldo" type="2" discard="1" dealt="1" sum="40"/>
</round>
<round no="1"><cards type="Pocket" player="mocciolocaldo">DJ D10</cards>
<cards type="Pocket" player="Tiuualex">X X</cards>
<cards type="Pocket" player="M1ky3ste92">SJ SA</cards>
<action no="6" player="M1ky3ste92" type="23" sum="615"/>
<action no="7" player="Tiuualex" type="0" discard="1" dealt="1" sum="0"/>
<action no="8" player="mocciolocaldo" type="7" discard="1" dealt="1" sum="395"/>
</round>
<round no="2"><cards type="Flop">H9 SK C8</cards>
</round>
<round no="3"><cards type="Turn">H2</cards>
</round>
<round no="4"><cards type="River">DA</cards>
</round>
</game>
<game gamecode="6588460929"><general>
<startdate>2026-01-09 15:54:01</startdate>
<round>1</round>
<failsafecounter/>
<players><player seat="10" name="M1ky3ste92" chips="1,085" dealer="0" win="830" bet="415" muck="0" rebuy="0" addon="0" merge="0" rebuychips="0" reg_code="5087806133"/>
<player seat="3" name="Tiuualex" chips="415" dealer="1" win="0" bet="415" muck="0" rebuy="0" addon="0" merge="0" rebuychips="0" reg_code="5087805184"/>
</players>
</general>
<round no="0"><action no="1" player="Tiuualex" type="15" discard="1" dealt="1" sum="5"/>
<action no="2" player="M1ky3ste92" type="15" sum="5"/>
<action no="3" player="Tiuualex" type="1" discard="1" dealt="1" sum="20"/>
<action no="4" player="M1ky3ste92" type="2" sum="40"/>
</round>
<round no="1"><cards type="Pocket" player="M1ky3ste92">DJ S10</cards>
<cards type="Pocket" player="Tiuualex">D8 H7</cards>
<action no="5" player="Tiuualex" type="3" discard="1" dealt="1" sum="20"/>
<action no="6" player="M1ky3ste92" type="4" sum="0"/>
</round>
<round no="2"><cards type="Flop">H5 C2 C10</cards>
<action no="7" player="M1ky3ste92" type="4" sum="0"/>
<action no="8" player="Tiuualex" type="4" discard="1" dealt="1" sum="0"/>
</round>
<round no="3"><cards type="Turn">SA</cards>
<action no="9" player="M1ky3ste92" type="4" sum="0"/>
<action no="10" player="Tiuualex" type="5" discard="1" dealt="1" sum="86"/>
<action no="11" player="M1ky3ste92" type="3" sum="86"/>
</round>
<round no="4"><cards type="River">D5</cards>
<action no="12" player="M1ky3ste92" type="4" sum="0"/>
<action no="13" player="Tiuualex" type="5" discard="1" dealt="1" sum="284"/>
<action no="14" player="M1ky3ste92" type="3" sum="284"/>
</round>
</game>
</session>
