<?xml version="1.0" encoding="UTF-8"?>
<session sessioncode="5087102405">
<general>
<client_version>24.7.1.18</client_version>
<mode>real</mode>
<gametype>Holdem NL</gametype>
<tablename>Twister €100 SNG, 825835588</tablename>
<tournamentcode>825835587</tournamentcode>
<tournamentname>Twister €100 SNG</tournamentname>
<buyin>€0 + €7 + €93</buyin>
<totalbuyin>€100</totalbuyin>
<rewarddrawn>€200</rewarddrawn>
<tournamentcurrency>EUR</tournamentcurrency>
<currency>EUR</currency>
<nickname>M1ky3ste92</nickname>
<gamecount>16</gamecount>
<startdate>2026-01-07 00:39:26</startdate>
<place>2</place>
<win>€0</win>
<tablesize>3</tablesize>
</general>
<game gamecode="6585869989"><general>
<startdate>2026-01-07 00:39:41</startdate>
<round>1</round>
<failsafecounter/>
<players><player seat="6" name="M1ky3ste92" chips="500" dealer="0" win="0" bet="40" muck="1" rebuy="0" addon="0" merge="0" rebuychips="0" reg_code="5087102405"/>
<player seat="10" name="OndaBianca1" chips="500" dealer="1" win="0" bet="0" muck="1" rebuy="0" addon="0" merge="0" rebuychips="0" reg_code="5087102423"/>
<player seat="3" name="BellagioLV" chips="500" dealer="0" win="80" bet="70" muck="1" rebuy="0" addon="0" merge="0" rebuychips="0" reg_code="5087102046"/>
</players>
</general>
<round no="0"><action no="1" player="BellagioLV" type="1" discard="1" dealt="1" sum="10"/>
<action no="2" player="M1ky3ste92" type="2" sum="20"/>
</round>
<round no="1"><cards type="Pocket" player="OndaBianca1">X X</cards>
<cards type="Pocket" player="M1ky3ste92">C4 D6</cards>
<cards type="Pocket" player="BellagioLV">X X</cards>
<action no="3" player="OndaBianca1" type="0" discard="1" dealt="1" sum="0"/>
<action no="4" player="BellagioLV" type="23" discard="1" dealt="1" sum="40"/>
<action no="5" player="M1ky3ste92" type="3" sum="20"/>
</round>
<round no="2"><cards type="Flop">CQ C10 SQ</cards>
<action no="6" player="BellagioLV" type="5" discard="1" dealt="1" sum="30"/>
<action no="7" player="M1ky3ste92" type="0" sum="0"/>
</round>
</game>
<game gamecode="6585870061"><general>
<startdate>2026-01-07 00:39:54</startdate>
<round>1</round>
<failsafecounter/>
<players><player seat="10" name="OndaBianca1" chips="500" dealer="0" win="20" bet="20" muck="1" rebuy="0" addon="0" merge="0" rebuychips="0" reg_code="5087102423"/>
<player seat="3" name="BellagioLV" chips="540" dealer="1" win="0" bet="0" muck="1" rebuy="0" addon="0" merge="0" rebuychips="0" reg_code="5087102046"/>
<player seat="6" name="M1ky3ste92" chips="460" dealer="0" win="0" bet="10" muck="1" rebuy="0" addon="0" merge="0" rebuychips="0" reg_code="5087102405"/>
</players>
</general>
<round no="0"><action no="1" player="M1ky3ste92" type="1" sum="10"/>
<action no="2" player="OndaBianca1" type="2" discard="1" dealt="1" sum="20"/>
</round>
<round no="1"><cards type="Pocket" player="M1ky3ste92">C4 HJ</cards>
<cards type="Pocket" player="OndaBianca1">X X</cards>
<cards type="Pocket" player="BellagioLV">X X</cards>
<action no="3" player="BellagioLV" type="0" discard="1" dealt="1" sum="0"/>
<action no="4" player="M1ky3ste92" type="0" sum="0"/>
</round>
</game>
<game gamecode="6585870113"><general>
<startdate>2026-01-07 00:40:03</startdate>
<round>1</round>
<failsafecounter/>
<players><player seat="3" name="BellagioLV" chips="540" dealer="0" win="40" bet="70" muck="1" rebuy="0" addon="0" merge="0" rebuychips="0" reg_code="5087102046"/>
<player seat="6" name="M1ky3ste92" chips="450" dealer="1" win="0" bet="0" muck="1" rebuy="0" addon="0" merge="0" rebuychips="0" reg_code="5087102405"/>
<player seat="10" name="OndaBianca1" chips="510" dealer="0" win="0" bet="20" muck="1" rebuy="0" addon="0" merge="0" rebuychips="0" reg_code="5087102423"/>
</players>
</general>
<round no="0"><action no="1" player="OndaBianca1" type="1" discard="1" dealt="1" sum="10"/>
<action no="2" player="BellagioLV" type="2" discard="1" dealt="1" sum="20"/>
</round>
<round no="1"><cards type="Pocket" player="M1ky3ste92">H6 C9</cards>
<cards type="Pocket" player="BellagioLV">X X</cards>
<cards type="Pocket" player="OndaBianca1">X X</cards>
<action no="3" player="M1ky3ste92" type="0" sum="0"/>
<action no="4" player="OndaBianca1" type="3" discard="1" dealt="1" sum="10"/>
<action no="5" player="BellagioLV" type="23" discard="1" dealt="1" sum="70"/>
<action no="6" player="OndaBianca1" type="0" discard="1" dealt="1" sum="0"/>
</round>
</game>
<game gamecode="6585870199"><general>
<startdate>2026-01-07 00:40:19</startdate>
<round>1</round>
<failsafecounter/>
<players><player seat="6" name="M1ky3ste92" chips="450" dealer="0" win="0" bet="20" muck="1" rebuy="0" addon="0" merge="0" rebuychips="0" reg_code="5087102405"/>
<player seat="10" name="OndaBianca1" chips="490" dealer="1" win="0" bet="0" muck="1" rebuy="0" addon="0" merge="0" rebuychips="0" reg_code="5087102423"/>
<player seat="3" name="BellagioLV" chips="560" dealer="0" win="40" bet="60" muck="1" rebuy="0" addon="0" merge="0" rebuychips="0" reg_code="5087102046"/>
</players>
</general>
<round no="0"><action no="1" player="BellagioLV" type="1" discard="1" dealt="1" sum="10"/>
<action no="2" player="M1ky3ste92" type="2" sum="20"/>
</round>
<round no="1"><cards type="Pocket" player="BellagioLV">X X</cards>
<cards type="Pocket" player="M1ky3ste92">D6 S9</cards>
<cards type="Pocket" player="OndaBianca1">X X</cards>
<action no="3" player="OndaBianca1" type="0" discard="1" dealt="1" sum="0"/>
<action no="4" player="BellagioLV" type="23" discard="1" dealt="1" sum="60"/>
<action no="5" player="M1ky3ste92" type="0" sum="0"/>
</round>
</game>
<game gamecode="6585870276"><general>
<startdate>2026-01-07 00:40:30</startdate>
<round>1</round>
<failsafecounter/>
<players><player seat="10" name="OndaBianca1" chips="490" dealer="0" win="80" bet="80" muck="1" rebuy="0" addon="0" merge="0" rebuychips="0" reg_code="5087102423"/>
<player seat="3" name="BellagioLV" chips="580" dealer="1" win="0" bet="0" muck="1" rebuy="0" addon="0" merge="0" rebuychips="0" reg_code="5087102046"/>
<player seat="6" name="M1ky3ste92" chips="430" dealer="0" win="0" bet="40" muck="1" rebuy="0" addon="0" merge="0" rebuychips="0" reg_code="5087102405"/>
</players>
</general>
<round no="0"><action no="1" player="M1ky3ste92" type="1" sum="10"/>
<action no="2" player="OndaBianca1" type="2" discard="1" dealt="1" sum="20"/>
</round>
<round no="1"><cards type="Pocket" player="OndaBianca1">X X</cards>
<cards type="Pocket" player="M1ky3ste92">H5 H10</cards>
<cards type="Pocket" player="BellagioLV">X X</cards>
<action no="3" player="BellagioLV" type="0" discard="1" dealt="1" sum="0"/>
<action no="4" player="M1ky3ste92" type="23" sum="40"/>
<action no="5" player="OndaBianca1" type="3" discard="1" dealt="1" sum="20"/>
</round>
<round no="2"><cards type="Flop">C2 C7 S3</cards>
<action no="6" player="M1ky3ste92" type="4" sum="0"/>
<action no="7" player="OndaBianca1" type="5" discard="1" dealt="1" sum="40"/>
<action no="8" player="M1ky3ste92" type="0" sum="0"/>
</round>
</game>
<game gamecode="6585870384"><general>
<startdate>2026-01-07 00:40:48</startdate>
<round>1</round>
<failsafecounter/>
<players><player seat="3" name="BellagioLV" chips="580" dealer="0" win="0" bet="140" muck="1" rebuy="0" addon="0" merge="0" rebuychips="0" reg_code="5087102046"/>
<player seat="6" name="M1ky3ste92" chips="390" dealer="1" win="0" bet="0" muck="1" rebuy="0" addon="0" merge="0" rebuychips="0" reg_code="5087102405"/>
<player seat="10" name="OndaBianca1" chips="530" dealer="0" win="280" bet="140" muck="0" rebuy="0" addon="0" merge="0" rebuychips="0" reg_code="5087102423"/>
</players>
</general>
<round no="0"><action no="1" player="OndaBianca1" type="1" discard="1" dealt="1" sum="10"/>
<action no="2" player="BellagioLV" type="2" discard="1" dealt="1" sum="20"/>
</round>
<round no="1"><cards type="Pocket" player="BellagioLV">CJ S3</cards>
<cards type="Pocket" player="OndaBianca1">D10 D8</cards>
<cards type="Pocket" player="M1ky3ste92">S7 C5</cards>
<action no="3" player="M1ky3ste92" type="0" sum="0"/>
<action no="4" player="OndaBianca1" type="3" discard="1" dealt="1" sum="10"/>
<action no="5" player="BellagioLV" type="23" discard="1" dealt="1" sum="70"/>
<action no="6" player="OndaBianca1" type="3" discard="1" dealt="1" sum="50"/>
</round>
<round no="2"><cards type="Flop">C8 C7 DK</cards>
<action no="7" player="OndaBianca1" type="4" discard="1" dealt="1" sum="0"/>
<action no="8" player="BellagioLV" type="4" discard="1" dealt="1" sum="0"/>
</round>
<round no="3"><cards type="Turn">CQ</cards>
<action no="9" player="OndaBianca1" type="4" discard="1" dealt="1" sum="0"/>
<action no="10" player="BellagioLV" type="5" discard="1" dealt="1" sum="70"/>
<action no="11" player="OndaBianca1" type="3" discard="1" dealt="1" sum="70"/>
</round>
<round no="4"><cards type="River">H9</cards>
<action no="12" player="OndaBianca1" type="4" discard="1" dealt="1" sum="0"/>
<action no="13" player="BellagioLV" type="4" discard="1" dealt="1" sum="0"/>
</round>
</game>
<game gamecode="6585875435"><general>
<startdate>2026-01-07 00:41:44</startdate>
<round>1</round>
<failsafecounter/>
<players><player seat="6" name="M1ky3ste92" chips="390" dealer="0" win="75" bet="390" muck="1" rebuy="0" addon="0" merge="0" rebuychips="0" reg_code="5087102405"/>
<player seat="10" name="OndaBianca1" chips="670" dealer="1" win="0" bet="5" muck="1" rebuy="0" addon="0" merge="0" rebuychips="0" reg_code="5087102423"/>
<player seat="3" name="BellagioLV" chips="440" dealer="0" win="0" bet="35" muck="1" rebuy="0" addon="0" merge="0" rebuychips="0" reg_code="5087102046"/>
</players>
</general>
<round no="0"><action no="1" player="BellagioLV" type="15" discard="1" dealt="1" sum="5"/>
<action no="2" player="M1ky3ste92" type="15" sum="5"/>
<action no="3" player="OndaBianca1" type="15" discard="1" dealt="1" sum="5"/>
<action no="4" player="BellagioLV" type="1" discard="1" dealt="1" sum="15"/>
<action no="5" player="M1ky3ste92" type="2" sum="30"/>
</round>
<round no="1"><cards type="Pocket" player="OndaBianca1">X X</cards>
<cards type="Pocket" player="BellagioLV">X X</cards>
<cards type="Pocket" player="M1ky3ste92">H5 CK</cards>
<action no="6" player="OndaBianca1" type="0" discard="1" dealt="1" sum="0"/>
<action no="7" player="BellagioLV" type="3" discard="1" dealt="1" sum="15"/>
<action no="8" player="M1ky3ste92" type="23" sum="385"/>
<action no="9" player="BellagioLV" type="0" discard="1" dealt="1" sum="0"/>
</round>
</game>
<game gamecode="6585875535"><general>
<startdate>2026-01-07 00:42:00</startdate>
<round>1</round>
<failsafecounter/>
<players><player seat="10" name="OndaBianca1" chips="665" dealer="0" win="0" bet="405" muck="1" rebuy="0" addon="0" merge="0" rebuychips="0" reg_code="5087102423"/>
<player seat="3" name="BellagioLV" chips="405" dealer="1" win="830" bet="405" muck="0" rebuy="0" addon="0" merge="0" rebuychips="0" reg_code="5087102046"/>
<player seat="6" name="M1ky3ste92" chips="430" dealer="0" win="0" bet="20" muck="1" rebuy="0" addon="0" merge="0" rebuychips="0" reg_code="5087102405"/>
</players>
</general>
<round no="0"><action no="1" player="M1ky3ste92" type="15" sum="5"/>
<action no="2" player="OndaBianca1" type="15" discard="1" dealt="1" sum="5"/>
<action no="3" player="BellagioLV" type="15" discard="1" dealt="1" sum="5"/>
<action no="4" player="M1ky3ste92" type="1" sum="15"/>
<action no="5" player="OndaBianca1" type="2" discard="1" dealt="1" sum="30"/>
</round>
<round no="1"><cards type="Pocket" player="OndaBianca1">SK SJ</cards>
<cards type="Pocket" player="BellagioLV">D8 DA</cards>
<cards type="Pocket" player="M1ky3ste92">S3 C4</cards>
<action no="6" player="BellagioLV" type="23" discard="1" dealt="1" sum="400"/>
<action no="7" player="M1ky3ste92" type="0" sum="0"/>
<action no="8" player="OndaBianca1" type="3" discard="1" dealt="1" sum="370"/>
</round>
<round no="2"><cards type="Flop">H3 C5 C2</cards>
</round>
<round no="3"><cards type="Turn">S6</cards>
</round>
<round no="4"><cards type="River">D6</cards>
</round>
</game>
<game gamecode="6585875651"><general>
<startdate>2026-01-07 00:42:20</startdate>
<round>1</round>
<failsafecounter/>
<players><player seat="3" name="BellagioLV" chips="830" dealer="0" win="0" bet="35" muck="1" rebuy="0" addon="0" merge="0" rebuychips="0" reg_code="5087102046"/>
<player seat="6" name="M1ky3ste92" chips="410" dealer="1" win="90" bet="410" muck="1" rebuy="0" addon="0" merge="0" rebuychips="0" reg_code="5087102405"/>
<player seat="10" name="OndaBianca1" chips="260" dealer="0" win="0" bet="20" muck="1" rebuy="0" addon="0" merge="0" rebuychips="0" reg_code="5087102423"/>
</players>
</general>
<round no="0"><action no="1" player="OndaBianca1" type="15" discard="1" dealt="1" sum="5"/>
<action no="2" player="BellagioLV" type="15" discard="1" dealt="1" sum="5"/>
<action no="3" player="M1ky3ste92" type="15" sum="5"/>
<action no="4" player="OndaBianca1" type="1" discard="1" dealt="1" sum="15"/>
<action no="5" player="BellagioLV" type="2" discard="1" dealt="1" sum="30"/>
</round>
<round no="1"><cards type="Pocket" player="BellagioLV">X X</cards>
<cards type="Pocket" player="OndaBianca1">X X</cards>
<cards type="Pocket" player="M1ky3ste92">CQ HJ</cards>
<action no="6" player="M1ky3ste92" type="23" sum="405"/>
<action no="7" player="OndaBianca1" type="0" discard="1" dealt="1" sum="0"/>
<action no="8" player="BellagioLV" type="0" discard="1" dealt="1" sum="0"/>
</round>
</game>
<game gamecode="6585875712"><general>
<startdate>2026-01-07 00:42:31</startdate>
<round>1</round>
<failsafecounter/>
<players><player seat="6" name="M1ky3ste92" chips="465" dealer="0" win="500" bet="240" muck="0" rebuy="0" addon="0" merge="0" rebuychips="0" reg_code="5087102405"/>
<player seat="10" name="OndaBianca1" chips="240" dealer="1" win="0" bet="240" muck="0" rebuy="0" addon="0" merge="0" rebuychips="0" reg_code="5087102423"/>
<player seat="3" name="BellagioLV" chips="795" dealer="0" win="0" bet="20" muck="1" rebuy="0" addon="0" merge="0" rebuychips="0" reg_code="5087102046"/>
</players>
</general>
<round no="0"><action no="1" player="BellagioLV" type="15" discard="1" dealt="1" sum="5"/>
<action no="2" player="M1ky3ste92" type="15" sum="5"/>
<action no="3" player="OndaBianca1" type="15" discard="1" dealt="1" sum="5"/>
<action no="4" player="BellagioLV" type="1" discard="1" dealt="1" sum="15"/>
<action no="5" player="M1ky3ste92" type="2" sum="30"/>
</round>
<round no="1"><cards type="Pocket" player="OndaBianca1">DA C9</cards>
<cards type="Pocket" player="BellagioLV">X X</cards>
<cards type="Pocket" player="M1ky3ste92">SA CQ</cards>
<action no="6" player="OndaBianca1" type="23" discard="1" dealt="1" sum="235"/>
<action no="7" player="BellagioLV" type="0" discard="1" dealt="1" sum="0"/>
<action no="8" player="M1ky3ste92" type="3" sum="205"/>
</round>
<round no="2"><cards type="Flop">D6 HA D7</cards>
</round>
<round no="3"><cards type="Turn">H2</cards>
</round>
<round no="4"><cards type="River">SK</cards>
</round>
</game>
<game gamecode="6585875871"><general>
<startdate>2026-01-07 00:42:57</startdate>
<round>1</round>
<failsafecounter/>
<players><player seat="6" name="M1ky3ste92" chips="725" dealer="0" win="130" bet="65" muck="0" rebuy="0" addon="0" merge="0" rebuychips="0" reg_code="5087102405"/>
<player seat="3" name="BellagioLV" chips="775" dealer="1" win="0" bet="65" muck="1" rebuy="0" addon="0" merge="0" rebuychips="0" reg_code="5087102046"/>
</players>
</general>
<round no="0"><action no="1" player="BellagioLV" type="15" discard="1" dealt="1" sum="5"/>
<action no="2" player="M1ky3ste92" type="15" sum="5"/>
<action no="3" player="BellagioLV" type="1" discard="1" dealt="1" sum="15"/>
<action no="4" player="M1ky3ste92" type="2" sum="30"/>
</round>
<round no="1"><cards type="Pocket" player="M1ky3ste92">S7 HA</cards>
<cards type="Pocket" player="BellagioLV">S10 C8</cards>
<action no="5" player="BellagioLV" type="3" discard="1" dealt="1" sum="15"/>
<action no="6" player="M1ky3ste92" type="4" sum="0"/>
</round>
<round no="2"><cards type="Flop">S5 H9 C9</cards>
<action no="7" player="M1ky3ste92" type="4" sum="0"/>
<action no="8" player="BellagioLV" type="5" discard="1" dealt="1" sum="30"/>
<action no="9" player="M1ky3ste92" type="3" sum="30"/>
</round>
<round no="3"><cards type="Turn">S6</cards>
<action no="10" player="M1ky3ste92" type="4" sum="0"/>
<action no="11" player="BellagioLV" type="4" discard="1" dealt="1" sum="0"/>
</round>
<round no="4"><cards type="River">D3</cards>
<action no="12" player="M1ky3ste92" type="4" sum="0"/>
<action no="13" player="BellagioLV" type="4" discard="1" dealt="1" sum="0"/>
</round>
</game>
<game gamecode="6585876140"><general>
<startdate>2026-01-07 00:43:40</startdate>
<round>1</round>
<failsafecounter/>
<players><player seat="3" name="BellagioLV" chips="710" dealer="0" win="0" bet="45" muck="1" rebuy="0" addon="0" merge="0" rebuychips="0" reg_code="5087102046"/>
<player seat="6" name="M1ky3ste92" chips="790" dealer="1" win="90" bet="85" muck="1" rebuy="0" addon="0" merge="0" rebuychips="0" reg_code="5087102405"/>
</players>
</general>
<round no="0"><action no="1" player="M1ky3ste92" type="15" sum="5"/>
<action no="2" player="BellagioLV" type="15" discard="1" dealt="1" sum="5"/>
<action no="3" player="M1ky3ste92" type="1" sum="20"/>
<action no="4" player="BellagioLV" type="2" discard="1" dealt="1" sum="40"/>
</round>
<round no="1"><cards type="Pocket" player="BellagioLV">X X</cards>
<cards type="Pocket" player="M1ky3ste92">CK C6</cards>
<action no="5" player="M1ky3ste92" type="23" sum="80"/>
<action no="6" player="BellagioLV" type="0" discard="1" dealt="1" sum="0"/>
</round>
</game>
<game gamecode="6585876187"><general>
<startdate>2026-01-07 00:43:48</startdate>
<round>1</round>
<failsafecounter/>
<players><player seat="6" name="M1ky3ste92" chips="835" dealer="0" win="90" bet="835" muck="1" rebuy="0" addon="0" merge="0" rebuychips="0" reg_code="5087102405"/>
<player seat="3" name="BellagioLV" chips="665" dealer="1" win="0" bet="45" muck="1" rebuy="0" addon="0" merge="0" rebuychips="0" reg_code="5087102046"/>
</players>
</general>
<round no="0"><action no="1" player="BellagioLV" type="15" discard="1" dealt="1" sum="5"/>
<action no="2" player="M1ky3ste92" type="15" sum="5"/>
<action no="3" player="BellagioLV" type="1" discard="1" dealt="1" sum="20"/>
<action no="4" player="M1ky3ste92" type="2" sum="40"/>
</round>
<round no="1"><cards type="Pocket" player="BellagioLV">X X</cards>
<cards type="Pocket" player="M1ky3ste92">SA D2</cards>
<action no="5" player="BellagioLV" type="3" discard="1" dealt="1" sum="20"/>
<action no="6" player="M1ky3ste92" type="23" sum="830"/>
<action no="7" player="BellagioLV" type="0" discard="1" dealt="1" sum="0"/>
</round>
</game>
<game gamecode="6585876243"><general>
<startdate>2026-01-07 00:43:58</startdate>
<round>1</round>
<failsafecounter/>
<players><player seat="3" name="BellagioLV" chips="620" dealer="0" win="170" bet="297" muck="1" rebuy="0" addon="0" merge="0" rebuychips="0" reg_code="5087102046"/>
<player seat="6" name="M1ky3ste92" chips="880" dealer="1" win="0" bet="85" muck="1" rebuy="0" addon="0" merge="0" rebuychips="0" reg_code="5087102405"/>
</players>
</general>
<round no="0"><action no="1" player="M1ky3ste92" type="15" sum="5"/>
<action no="2" player="BellagioLV" type="15" discard="1" dealt="1" sum="5"/>
<action no="3" player="M1ky3ste92" type="1" sum="20"/>
<action no="4" player="BellagioLV" type="2" discard="1" dealt="1" sum="40"/>
</round>
<round no="1"><cards type="Pocket" player="BellagioLV">X X</cards>
<cards type="Pocket" player="M1ky3ste92">CK D7</cards>
<action no="5" player="M1ky3ste92" type="3" sum="20"/>
<action no="6" player="BellagioLV" type="4" discard="1" dealt="1" sum="0"/>
</round>
<round no="2"><cards type="Flop">DK HA C6</cards>
<action no="7" player="BellagioLV" type="4" discard="1" dealt="1" sum="0"/>
<action no="8" player="M1ky3ste92" type="4" sum="0"/>
</round>
<round no="3"><cards type="Turn">D2</cards>
<action no="9" player="BellagioLV" type="5" discard="1" dealt="1" sum="40"/>
<action no="10" player="M1ky3ste92" type="3" sum="40"/>
</round>
<round no="4"><cards type="River">H2</cards>
<action no="11" player="BellagioLV" type="5" discard="1" dealt="1" sum="212"/>
<action no="12" player="M1ky3ste92" type="0" sum="0"/>
</round>
</game>
<game gamecode="6585876484"><general>
<startdate>2026-01-07 00:44:37</startdate>
<round>1</round>
<failsafecounter/>
<players><player seat="6" name="M1ky3ste92" chips="795" dealer="0" win="0" bet="45" muck="1" rebuy="0" addon="0" merge="0" rebuychips="0" reg_code="5087102405"/>
<player seat="3" name="BellagioLV" chips="705" dealer="1" win="90" bet="85" muck="1" rebuy="0" addon="0" merge="0" rebuychips="0" reg_code="5087102046"/>
</players>
</general>
<round no="0"><action no="1" player="BellagioLV" type="15" discard="1" dealt="1" sum="5"/>
<action no="2" player="M1ky3ste92" type="15" sum="5"/>
<action no="3" player="BellagioLV" type="1" discard="1" dealt="1" sum="20"/>
<action no="4" player="M1ky3ste92" type="2" sum="40"/>
</round>
<round no="1"><cards type="Pocket" player="M1ky3ste92">S9 C7</cards>
<cards type="Pocket" player="BellagioLV">X X</cards>
<action no="5" player="BellagioLV" type="3" discard="1" dealt="1" sum="20"/>
<action no="6" player="M1ky3ste92" type="4" sum="0"/>
</round>
<round no="2"><cards type="Flop">S5 C4 D2</cards>
<action no="7" player="M1ky3ste92" type="4" sum="0"/>
<action no="8" player="BellagioLV" type="5" discard="1" dealt="1" sum="40"/>
<action no="9" player="M1ky3ste92" type="0" sum="0"/>
</round>
</game>
<game gamecode="6585876638"><general>
<startdate>2026-01-07 00:45:03</startdate>
<round>1</round>
<failsafecounter/>
<players><player seat="3" name="BellagioLV" chips="750" dealer="0" win="1,500" bet="750" muck="0" rebuy="0" addon="0" merge="0" rebuychips="0" reg_code="5087102046"/>
<player seat="6" name="M1ky3ste92" chips="750" dealer="1" win="0" bet="750" muck="1" rebuy="0" addon="0" merge="0" rebuychips="0" reg_code="5087102405"/>
</players>
</general>
<round no="0"><action no="1" player="M1ky3ste92" type="15" sum="5"/>
<action no="2" player="BellagioLV" type="15" discard="1" dealt="1" sum="5"/>
<action no="3" player="M1ky3ste92" type="1" sum="30"/>
<action no="4" player="BellagioLV" type="2" discard="1" dealt="1" sum="60"/>
</round>
<round no="1"><cards type="Pocket" player="M1ky3ste92">S10 SQ</cards>
<cards type="Pocket" player="BellagioLV">C6 SA</cards>
<action no="5" player="M1ky3ste92" type="3" sum="30"/>
<action no="6" player="BellagioLV" type="23" discard="1" dealt="1" sum="745"/>
<action no="7" player="M1ky3ste92" type="7" sum="685"/>
</round>
<round no="2"><cards type="Flop">D9 H8 C10</cards>
</round>
<round no="3"><cards type="Turn">D10</cards>
</round>
<round no="4"><cards type="River">D7</cards>
</round>
</game>
</session>
