<?xml version="1.0" encoding="UTF-8"?>
<session sessioncode="5087804245">
<general>
<client_version>24.7.1.18</client_version>
<mode>real</mode>
<gametype>Holdem NL</gametype>
<tablename>Twister €100 SNG, 826007839</tablename>
<tournamentcode>826007838</tournamentcode>
<tournamentname>Twister €100 SNG</tournamentname>
<buyin>€0 + €7 + €93</buyin>
<totalbuyin>€100</totalbuyin>
<rewarddrawn>€300</rewarddrawn>
<tournamentcurrency>EUR</tournamentcurrency>
<currency>EUR</currency>
<nickname>M1ky3ste92</nickname>
<gamecount>10</gamecount>
<startdate>2026-01-09 15:44:56</startdate>
<place>2</place>
<win>€0</win>
<tablesize>3</tablesize>
</general>
<game gamecode="6588454467"><general>
<startdate>2026-01-09 15:45:11</startdate>
<round>1</round>
<failsafecounter/>
<players><player seat="6" name="M1ky3ste92" chips="500" dealer="0" win="0" bet="90" muck="1" rebuy="0" addon="0" merge="0" rebuychips="0" reg_code="5087804245"/>
<player seat="10" name="Dominance" chips="500" dealer="1" win="0" bet="0" muck="1" rebuy="0" addon="0" merge="0" rebuychips="0" reg_code="5087804961"/>
<player seat="3" name="mocciolocaldo" chips="500" dealer="0" win="180" bet="238" muck="1" rebuy="0" addon="0" merge="0" rebuychips="0" reg_code="5087803441"/>
</players>
</general>
<round no="0"><action no="1" player="mocciolocaldo" type="1" discard="1" dealt="1" sum="10"/>
<action no="2" player="M1ky3ste92" type="2" sum="20"/>
</round>
<round no="1"><cards type="Pocket" player="Dominance">X X</cards>
<cards type="Pocket" player="M1ky3ste92">D6 D3</cards>
<cards type="Pocket" player="mocciolocaldo">X X</cards>
<action no="3" player="Dominance" type="0" discard="1" dealt="1" sum="0"/>
<action no="4" player="mocciolocaldo" type="23" discard="1" dealt="1" sum="60"/>
<action no="5" player="M1ky3ste92" type="3" sum="40"/>
</round>
<round no="2"><cards type="Flop">CK C9 S3</cards>
<action no="6" player="mocciolocaldo" type="5" discard="1" dealt="1" sum="30"/>
<action no="7" player="M1ky3ste92" type="3" sum="30"/>
</round>
<round no="3"><cards type="Turn">HA</cards>
<action no="8" player="mocciolocaldo" type="5" discard="1" dealt="1" sum="148"/>
<action no="9" player="M1ky3ste92" type="0" sum="0"/>
</round>
</game>
<game gamecode="6588454565"><general>
<startdate>2026-01-09 15:45:32</startdate>
<round>1</round>
<failsafecounter/>
<players><player seat="10" name="Dominance" chips="500" dealer="0" win="20" bet="20" muck="1" rebuy="0" addon="0" merge="0" rebuychips="0" reg_code="5087804961"/>
<player seat="3" name="mocciolocaldo" chips="590" dealer="1" win="0" bet="0" muck="1" rebuy="0" addon="0" merge="0" rebuychips="0" reg_code="5087803441"/>
<player seat="6" name="M1ky3ste92" chips="410" dealer="0" win="0" bet="10" muck="1" rebuy="0" addon="0" merge="0" rebuychips="0" reg_code="5087804245"/>
</players>
</general>
<round no="0"><action no="1" player="M1ky3ste92" type="1" sum="10"/>
<action no="2" player="Dominance" type="2" discard="1" dealt="1" sum="20"/>
</round>
<round no="1"><cards type="Pocket" player="Dominance">X X</cards>
<cards type="Pocket" player="mocciolocaldo">X X</cards>
<cards type="Pocket" player="M1ky3ste92">SK H2</cards>
<action no="3" player="mocciolocaldo" type="0" discard="1" dealt="1" sum="0"/>
<action no="4" player="M1ky3ste92" type="0" sum="0"/>
</round>
</game>
<game gamecode="6588454602"><general>
<startdate>2026-01-09 15:45:38</startdate>
<round>1</round>
<failsafecounter/>
<players><player seat="3" name="mocciolocaldo" chips="590" dealer="0" win="0" bet="20" muck="1" rebuy="0" addon="0" merge="0" rebuychips="0" reg_code="5087803441"/>
<player seat="6" name="M1ky3ste92" chips="400" dealer="1" win="0" bet="0" muck="1" rebuy="0" addon="0" merge="0" rebuychips="0" reg_code="5087804245"/>
<player seat="10" name="Dominance" chips="510" dealer="0" win="40" bet="50" muck="1" rebuy="0" addon="0" merge="0" rebuychips="0" reg_code="5087804961"/>
</players>
</general>
<round no="0"><action no="1" player="Dominance" type="1" discard="1" dealt="1" sum="10"/>
<action no="2" player="mocciolocaldo" type="2" discard="1" dealt="1" sum="20"/>
</round>
<round no="1"><cards type="Pocket" player="mocciolocaldo">X X</cards>
<cards type="Pocket" player="Dominance">X X</cards>
<cards type="Pocket" player="M1ky3ste92">SK H6</cards>
<action no="3" player="M1ky3ste92" type="0" sum="0"/>
<action no="4" player="Dominance" type="23" discard="1" dealt="1" sum="50"/>
<action no="5" player="mocciolocaldo" type="0" discard="1" dealt="1" sum="0"/>
</round>
</game>
<game gamecode="6588454700"><general>
<startdate>2026-01-09 15:45:58</startdate>
<round>1</round>
<failsafecounter/>
<players><player seat="6" name="M1ky3ste92" chips="400" dealer="0" win="90" bet="120" muck="1" rebuy="0" addon="0" merge="0" rebuychips="0" reg_code="5087804245"/>
<player seat="10" name="Dominance" chips="530" dealer="1" win="0" bet="40" muck="1" rebuy="0" addon="0" merge="0" rebuychips="0" reg_code="5087804961"/>
<player seat="3" name="mocciolocaldo" chips="570" dealer="0" win="0" bet="10" muck="1" rebuy="0" addon="0" merge="0" rebuychips="0" reg_code="5087803441"/>
</players>
</general>
<round no="0"><action no="1" player="mocciolocaldo" type="1" discard="1" dealt="1" sum="10"/>
<action no="2" player="M1ky3ste92" type="2" sum="20"/>
</round>
<round no="1"><cards type="Pocket" player="M1ky3ste92">DA SA</cards>
<cards type="Pocket" player="mocciolocaldo">X X</cards>
<cards type="Pocket" player="Dominance">X X</cards>
<action no="3" player="Dominance" type="23" discard="1" dealt="1" sum="40"/>
<action no="4" player="mocciolocaldo" type="0" discard="1" dealt="1" sum="0"/>
<action no="5" player="M1ky3ste92" type="23" sum="120"/>
<action no="6" player="Dominance" type="0" discard="1" dealt="1" sum="0"/>
</round>
</game>
<game gamecode="6588454804"><general>
<startdate>2026-01-09 15:46:20</startdate>
<round>1</round>
<failsafecounter/>
<players><player seat="10" name="Dominance" chips="490" dealer="0" win="20" bet="20" muck="1" rebuy="0" addon="0" merge="0" rebuychips="0" reg_code="5087804961"/>
<player seat="3" name="mocciolocaldo" chips="560" dealer="1" win="0" bet="0" muck="1" rebuy="0" addon="0" merge="0" rebuychips="0" reg_code="5087803441"/>
<player seat="6" name="M1ky3ste92" chips="450" dealer="0" win="0" bet="10" muck="1" rebuy="0" addon="0" merge="0" rebuychips="0" reg_code="5087804245"/>
</players>
</general>
<round no="0"><action no="1" player="M1ky3ste92" type="1" sum="10"/>
<action no="2" player="Dominance" type="2" discard="1" dealt="1" sum="20"/>
</round>
<round no="1"><cards type="Pocket" player="mocciolocaldo">X X</cards>
<cards type="Pocket" player="M1ky3ste92">C9 D5</cards>
<cards type="Pocket" player="Dominance">X X</cards>
<action no="3" player="mocciolocaldo" type="0" discard="1" dealt="1" sum="0"/>
<action no="4" player="M1ky3ste92" type="0" sum="0"/>
</round>
</game>
<game gamecode="6588454856"><general>
<startdate>2026-01-09 15:46:30</startdate>
<round>1</round>
<failsafecounter/>
<players><player seat="3" name="mocciolocaldo" chips="560" dealer="0" win="0" bet="70" muck="1" rebuy="0" addon="0" merge="0" rebuychips="0" reg_code="5087803441"/>
<player seat="6" name="M1ky3ste92" chips="440" dealer="1" win="150" bet="175" muck="1" rebuy="0" addon="0" merge="0" rebuychips="0" reg_code="5087804245"/>
<player seat="10" name="Dominance" chips="500" dealer="0" win="0" bet="10" muck="1" rebuy="0" addon="0" merge="0" rebuychips="0" reg_code="5087804961"/>
</players>
</general>
<round no="0"><action no="1" player="Dominance" type="1" discard="1" dealt="1" sum="10"/>
<action no="2" player="mocciolocaldo" type="2" discard="1" dealt="1" sum="20"/>
</round>
<round no="1"><cards type="Pocket" player="Dominance">X X</cards>
<cards type="Pocket" player="mocciolocaldo">X X</cards>
<cards type="Pocket" player="M1ky3ste92">HQ HA</cards>
<action no="3" player="M1ky3ste92" type="23" sum="40"/>
<action no="4" player="Dominance" type="0" discard="1" dealt="1" sum="0"/>
<action no="5" player="mocciolocaldo" type="3" discard="1" dealt="1" sum="20"/>
</round>
<round no="2"><cards type="Flop">SJ H5 DQ</cards>
<action no="6" player="mocciolocaldo" type="4" discard="1" dealt="1" sum="0"/>
<action no="7" player="M1ky3ste92" type="5" sum="30"/>
<action no="8" player="mocciolocaldo" type="3" discard="1" dealt="1" sum="30"/>
</round>
<round no="3"><cards type="Turn">D7</cards>
<action no="9" player="mocciolocaldo" type="4" discard="1" dealt="1" sum="0"/>
<action no="10" player="M1ky3ste92" type="5" sum="105"/>
<action no="11" player="mocciolocaldo" type="0" discard="1" dealt="1" sum="0"/>
</round>
</game>
<game gamecode="6588455107"><general>
<startdate>2026-01-09 15:47:19</startdate>
<round>1</round>
<failsafecounter/>
<players><player seat="6" name="M1ky3ste92" chips="520" dealer="0" win="357" bet="176" muck="0" rebuy="0" addon="0" merge="0" rebuychips="0" reg_code="5087804245"/>
<player seat="10" name="Dominance" chips="490" dealer="1" win="0" bet="5" muck="1" rebuy="0" addon="0" merge="0" rebuychips="0" reg_code="5087804961"/>
<player seat="3" name="mocciolocaldo" chips="490" dealer="0" win="0" bet="176" muck="0" rebuy="0" addon="0" merge="0" rebuychips="0" reg_code="5087803441"/>
</players>
</general>
<round no="0"><action no="1" player="mocciolocaldo" type="15" discard="1" dealt="1" sum="5"/>
<action no="2" player="M1ky3ste92" type="15" sum="5"/>
<action no="3" player="Dominance" type="15" discard="1" dealt="1" sum="5"/>
<action no="4" player="mocciolocaldo" type="1" discard="1" dealt="1" sum="15"/>
<action no="5" player="M1ky3ste92" type="2" sum="30"/>
</round>
<round no="1"><cards type="Pocket" player="M1ky3ste92">S7 S5</cards>
<cards type="Pocket" player="mocciolocaldo">SQ C7</cards>
<cards type="Pocket" player="Dominance">X X</cards>
<action no="6" player="Dominance" type="0" discard="1" dealt="1" sum="0"/>
<action no="7" player="mocciolocaldo" type="3" discard="1" dealt="1" sum="15"/>
<action no="8" player="M1ky3ste92" type="4" sum="0"/>
</round>
<round no="2"><cards type="Flop">C9 C6 HJ</cards>
<action no="9" player="mocciolocaldo" type="5" discard="1" dealt="1" sum="30"/>
<action no="10" player="M1ky3ste92" type="3" sum="30"/>
</round>
<round no="3"><cards type="Turn">CJ</cards>
<action no="11" player="mocciolocaldo" type="4" discard="1" dealt="1" sum="0"/>
<action no="12" player="M1ky3ste92" type="4" sum="0"/>
</round>
<round no="4"><cards type="River">H8</cards>
<action no="13" player="mocciolocaldo" type="5" discard="1" dealt="1" sum="111"/>
<action no="14" player="M1ky3ste92" type="3" sum="111"/>
</round>
</game>
<game gamecode="6588455270"><general>
<startdate>2026-01-09 15:47:52</startdate>
<round>1</round>
<failsafecounter/>
<players><player seat="10" name="Dominance" chips="485" dealer="0" win="0" bet="35" muck="1" rebuy="0" addon="0" merge="0" rebuychips="0" reg_code="5087804961"/>
<player seat="3" name="mocciolocaldo" chips="314" dealer="1" win="663" bet="314" muck="0" rebuy="0" addon="0" merge="0" rebuychips="0" reg_code="5087803441"/>
<player seat="6" name="M1ky3ste92" chips="701" dealer="0" win="0" bet="593" muck="1" rebuy="0" addon="0" merge="0" rebuychips="0" reg_code="5087804245"/>
</players>
</general>
<round no="0"><action no="1" player="M1ky3ste92" type="15" sum="5"/>
<action no="2" player="Dominance" type="15" discard="1" dealt="1" sum="5"/>
<action no="3" player="mocciolocaldo" type="15" discard="1" dealt="1" sum="5"/>
<action no="4" player="M1ky3ste92" type="1" sum="15"/>
<action no="5" player="Dominance" type="2" discard="1" dealt="1" sum="30"/>
</round>
<round no="1"><cards type="Pocket" player="mocciolocaldo">HK H6</cards>
<cards type="Pocket" player="M1ky3ste92">DA C9</cards>
<cards type="Pocket" player="Dominance">X X</cards>
<action no="6" player="mocciolocaldo" type="23" discard="1" dealt="1" sum="309"/>
<action no="7" player="M1ky3ste92" type="23" sum="588"/>
<action no="8" player="Dominance" type="0" discard="1" dealt="1" sum="0"/>
</round>
<round no="2"><cards type="Flop">CK CQ SQ</cards>
</round>
<round no="3"><cards type="Turn">DK</cards>
</round>
<round no="4"><cards type="River">HJ</cards>
</round>
</game>
<game gamecode="6588455417"><general>
<startdate>2026-01-09 15:48:17</startdate>
<round>1</round>
<failsafecounter/>
<players><player seat="3" name="mocciolocaldo" chips="663" dealer="0" win="905" bet="450" muck="0" rebuy="0" addon="0" merge="0" rebuychips="0" reg_code="5087803441"/>
<player seat="6" name="M1ky3ste92" chips="387" dealer="1" win="0" bet="5" muck="1" rebuy="0" addon="0" merge="0" rebuychips="0" reg_code="5087804245"/>
<player seat="10" name="Dominance" chips="450" dealer="0" win="0" bet="450" muck="0" rebuy="0" addon="0" merge="0" rebuychips="0" reg_code="5087804961"/>
</players>
</general>
<round no="0"><action no="1" player="Dominance" type="15" discard="1" dealt="1" sum="5"/>
<action no="2" player="mocciolocaldo" type="15" discard="1" dealt="1" sum="5"/>
<action no="3" player="M1ky3ste92" type="15" sum="5"/>
<action no="4" player="Dominance" type="1" discard="1" dealt="1" sum="15"/>
<action no="5" player="mocciolocaldo" type="2" discard="1" dealt="1" sum="30"/>
</round>
<round no="1"><cards type="Pocket" player="mocciolocaldo">DQ DA</cards>
<cards type="Pocket" player="M1ky3ste92">H5 S3</cards>
<cards type="Pocket" player="Dominance">CJ SA</cards>
<action no="6" player="M1ky3ste92" type="0" sum="0"/>
<action no="7" player="Dominance" type="23" discard="1" dealt="1" sum="445"/>
<action no="8" player="mocciolocaldo" type="3" discard="1" dealt="1" sum="415"/>
</round>
<round no="2"><cards type="Flop">HQ H9 S2</cards>
</round>
<round no="3"><cards type="Turn">S4</cards>
</round>
<round no="4"><cards type="River">H10</cards>
</round>
</game>
<game gamecode="6588455534"><general>
<startdate>2026-01-09 15:48:40</startdate>
<round>1</round>
<failsafecounter/>
<players><player seat="6" name="M1ky3ste92" chips="382" dealer="0" win="0" bet="382" muck="1" rebuy="0" addon="0" merge="0" rebuychips="0" reg_code="5087804245"/>
<player seat="3" name="mocciolocaldo" chips="1,118" dealer="1" win="764" bet="551" muck="0" rebuy="0" addon="0" merge="0" rebuychips="0" reg_code="5087803441"/>
</players>
</general>
<round no="0"><action no="1" player="mocciolocaldo" type="15" discard="1" dealt="1" sum="5"/>
<action no="2" player="M1ky3ste92" type="15" sum="5"/>
<action no="3" player="mocciolocaldo" type="1" discard="1" dealt="1" sum="20"/>
<action no="4" player="M1ky3ste92" type="2" sum="40"/>
</round>
<round no="1"><cards type="Pocket" player="M1ky3ste92">C9 CK</cards>
<cards type="Pocket" player="mocciolocaldo">H8 H10</cards>
<action no="5" player="mocciolocaldo" type="3" discard="1" dealt="1" sum="20"/>
<action no="6" player="M1ky3ste92" type="23" sum="100"/>
<action no="7" player="mocciolocaldo" type="3" discard="1" dealt="1" sum="60"/>
</round>
<round no="2"><cards type="Flop">H6 H7 SJ</cards>
<action no="8" player="M1ky3ste92" type="4" sum="0"/>
<action no="9" player="mocciolocaldo" type="5" discard="1" dealt="1" sum="40"/>
<action no="10" player="M1ky3ste92" type="3" sum="40"/>
</round>
<round no="3"><cards type="Turn">C10</cards>
<action no="11" player="M1ky3ste92" type="4" sum="0"/>
<action no="12" player="mocciolocaldo" type="4" discard="1" dealt="1" sum="0"/>
</round>
<round no="4"><cards type="River">D10</cards>
<action no="13" player="M1ky3ste92" type="5" sum="203"/>
<action no="14" player="mocciolocaldo" type="23" discard="1" dealt="1" sum="406"/>
<action no="15" player="M1ky3ste92" type="7" sum="34"/>
</round>
</game>
</session>
