<?xml version="1.0" encoding="UTF-8"?>
<session sessioncode="5087683058">
<general>
<client_version>24.7.1.18</client_version>
<mode>real</mode>
<gametype>Holdem NL</gametype>
<tablename>Twister €100 SNG, 825978902</tablename>
<tournamentcode>825978901</tournamentcode>
<tournamentname>Twister €100 SNG</tournamentname>
<buyin>€0 + €7 + €93</buyin>
<totalbuyin>€100</totalbuyin>
<rewarddrawn>€200</rewarddrawn>
<tournamentcurrency>EUR</tournamentcurrency>
<currency>EUR</currency>
<nickname>M1ky3ste92</nickname>
<gamecount>19</gamecount>
<startdate>2026-01-09 00:07:26</startdate>
<place>2</place>
<win>€0</win>
<tablesize>3</tablesize>
</general>
<game gamecode="6587995464"><general>
<startdate>2026-01-09 00:07:42</startdate>
<round>1</round>
<failsafecounter/>
<players><player seat="3" name="M1ky3ste92" chips="500" dealer="0" win="0" bet="20" muck="1" rebuy="0" addon="0" merge="0" rebuychips="0" reg_code="5087683058"/>
<player seat="6" name="Andreamme98" chips="500" dealer="1" win="50" bet="40" muck="1" rebuy="0" addon="0" merge="0" rebuychips="0" reg_code="5087683136"/>
<player seat="10" name="Aomanuahi" chips="500" dealer="0" win="0" bet="10" muck="1" rebuy="0" addon="0" merge="0" rebuychips="0" reg_code="5087683245"/>
</players>
</general>
<round no="0"><action no="1" player="Aomanuahi" type="1" discard="1" dealt="1" sum="10"/>
<action no="2" player="M1ky3ste92" type="2" sum="20"/>
</round>
<round no="1"><cards type="Pocket" player="Andreamme98">X X</cards>
<cards type="Pocket" player="M1ky3ste92">D2 H10</cards>
<cards type="Pocket" player="Aomanuahi">X X</cards>
<action no="3" player="Andreamme98" type="23" discard="1" dealt="1" sum="40"/>
<action no="4" player="Aomanuahi" type="0" discard="1" dealt="1" sum="0"/>
<action no="5" player="M1ky3ste92" type="0" sum="0"/>
</round>
</game>
<game gamecode="6587995520"><general>
<startdate>2026-01-09 00:07:51</startdate>
<round>1</round>
<failsafecounter/>
<players><player seat="6" name="Andreamme98" chips="530" dealer="0" win="0" bet="20" muck="1" rebuy="0" addon="0" merge="0" rebuychips="0" reg_code="5087683136"/>
<player seat="10" name="Aomanuahi" chips="490" dealer="1" win="0" bet="40" muck="1" rebuy="0" addon="0" merge="0" rebuychips="0" reg_code="5087683245"/>
<player seat="3" name="M1ky3ste92" chips="480" dealer="0" win="100" bet="480" muck="1" rebuy="0" addon="0" merge="0" rebuychips="0" reg_code="5087683058"/>
</players>
</general>
<round no="0"><action no="1" player="M1ky3ste92" type="1" sum="10"/>
<action no="2" player="Andreamme98" type="2" discard="1" dealt="1" sum="20"/>
</round>
<round no="1"><cards type="Pocket" player="Aomanuahi">X X</cards>
<cards type="Pocket" player="M1ky3ste92">D6 H6</cards>
<cards type="Pocket" player="Andreamme98">X X</cards>
<action no="3" player="Aomanuahi" type="23" discard="1" dealt="1" sum="40"/>
<action no="4" player="M1ky3ste92" type="23" sum="480"/>
<action no="5" player="Andreamme98" type="0" discard="1" dealt="1" sum="0"/>
<action no="6" player="Aomanuahi" type="0" discard="1" dealt="1" sum="0"/>
</round>
</game>
<game gamecode="6587995580"><general>
<startdate>2026-01-09 00:08:01</startdate>
<round>1</round>
<failsafecounter/>
<players><player seat="10" name="Aomanuahi" chips="450" dealer="0" win="0" bet="20" muck="1" rebuy="0" addon="0" merge="0" rebuychips="0" reg_code="5087683245"/>
<player seat="3" name="M1ky3ste92" chips="540" dealer="1" win="0" bet="40" muck="1" rebuy="0" addon="0" merge="0" rebuychips="0" reg_code="5087683058"/>
<player seat="6" name="Andreamme98" chips="510" dealer="0" win="100" bet="100" muck="1" rebuy="0" addon="0" merge="0" rebuychips="0" reg_code="5087683136"/>
</players>
</general>
<round no="0"><action no="1" player="Andreamme98" type="1" discard="1" dealt="1" sum="10"/>
<action no="2" player="Aomanuahi" type="2" discard="1" dealt="1" sum="20"/>
</round>
<round no="1"><cards type="Pocket" player="M1ky3ste92">H4 HA</cards>
<cards type="Pocket" player="Andreamme98">X X</cards>
<cards type="Pocket" player="Aomanuahi">X X</cards>
<action no="3" player="M1ky3ste92" type="23" sum="40"/>
<action no="4" player="Andreamme98" type="3" discard="1" dealt="1" sum="30"/>
<action no="5" player="Aomanuahi" type="0" discard="1" dealt="1" sum="0"/>
</round>
<round no="2"><cards type="Flop">C9 CQ C6</cards>
<action no="6" player="Andreamme98" type="4" discard="1" dealt="1" sum="0"/>
<action no="7" player="M1ky3ste92" type="4" sum="0"/>
</round>
<round no="3"><cards type="Turn">H3</cards>
<action no="8" player="Andreamme98" type="5" discard="1" dealt="1" sum="60"/>
<action no="9" player="M1ky3ste92" type="0" sum="0"/>
</round>
</game>
<game gamecode="6587995675"><general>
<startdate>2026-01-09 00:08:19</startdate>
<round>1</round>
<failsafecounter/>
<players><player seat="3" name="M1ky3ste92" chips="500" dealer="0" win="160" bet="140" muck="1" rebuy="0" addon="0" merge="0" rebuychips="0" reg_code="5087683058"/>
<player seat="6" name="Andreamme98" chips="570" dealer="1" win="0" bet="0" muck="1" rebuy="0" addon="0" merge="0" rebuychips="0" reg_code="5087683136"/>
<player seat="10" name="Aomanuahi" chips="430" dealer="0" win="0" bet="80" muck="1" rebuy="0" addon="0" merge="0" rebuychips="0" reg_code="5087683245"/>
</players>
</general>
<round no="0"><action no="1" player="Aomanuahi" type="1" discard="1" dealt="1" sum="10"/>
<action no="2" player="M1ky3ste92" type="2" sum="20"/>
</round>
<round no="1"><cards type="Pocket" player="Andreamme98">X X</cards>
<cards type="Pocket" player="Aomanuahi">X X</cards>
<cards type="Pocket" player="M1ky3ste92">C8 DA</cards>
<action no="3" player="Andreamme98" type="0" discard="1" dealt="1" sum="0"/>
<action no="4" player="Aomanuahi" type="23" discard="1" dealt="1" sum="50"/>
<action no="5" player="M1ky3ste92" type="3" sum="30"/>
</round>
<round no="2"><cards type="Flop">HA D9 H10</cards>
<action no="6" player="Aomanuahi" type="5" discard="1" dealt="1" sum="30"/>
<action no="7" player="M1ky3ste92" type="3" sum="30"/>
</round>
<round no="3"><cards type="Turn">H8</cards>
<action no="8" player="Aomanuahi" type="4" discard="1" dealt="1" sum="0"/>
<action no="9" player="M1ky3ste92" type="5" sum="60"/>
<action no="10" player="Aomanuahi" type="0" discard="1" dealt="1" sum="0"/>
</round>
</game>
<game gamecode="6587995843"><general>
<startdate>2026-01-09 00:08:47</startdate>
<round>1</round>
<failsafecounter/>
<players><player seat="6" name="Andreamme98" chips="570" dealer="0" win="0" bet="192" muck="1" rebuy="0" addon="0" merge="0" rebuychips="0" reg_code="5087683136"/>
<player seat="10" name="Aomanuahi" chips="350" dealer="1" win="0" bet="0" muck="1" rebuy="0" addon="0" merge="0" rebuychips="0" reg_code="5087683245"/>
<player seat="3" name="M1ky3ste92" chips="580" dealer="0" win="384" bet="192" muck="0" rebuy="0" addon="0" merge="0" rebuychips="0" reg_code="5087683058"/>
</players>
</general>
<round no="0"><action no="1" player="M1ky3ste92" type="1" sum="10"/>
<action no="2" player="Andreamme98" type="2" discard="1" dealt="1" sum="20"/>
</round>
<round no="1"><cards type="Pocket" player="Andreamme98">HK D10</cards>
<cards type="Pocket" player="Aomanuahi">X X</cards>
<cards type="Pocket" player="M1ky3ste92">HJ D8</cards>
<action no="3" player="Aomanuahi" type="0" discard="1" dealt="1" sum="0"/>
<action no="4" player="M1ky3ste92" type="3" sum="10"/>
<action no="5" player="Andreamme98" type="23" discard="1" dealt="1" sum="40"/>
<action no="6" player="M1ky3ste92" type="3" sum="20"/>
</round>
<round no="2"><cards type="Flop">S9 HQ S2</cards>
<action no="7" player="M1ky3ste92" type="4" sum="0"/>
<action no="8" player="Andreamme98" type="4" discard="1" dealt="1" sum="0"/>
</round>
<round no="3"><cards type="Turn">H10</cards>
<action no="9" player="M1ky3ste92" type="5" sum="40"/>
<action no="10" player="Andreamme98" type="3" discard="1" dealt="1" sum="40"/>
</round>
<round no="4"><cards type="River">S3</cards>
<action no="11" player="M1ky3ste92" type="5" sum="112"/>
<action no="12" player="Andreamme98" type="3" discard="1" dealt="1" sum="112"/>
</round>
</game>
<game gamecode="6587996008"><general>
<startdate>2026-01-09 00:09:16</startdate>
<round>1</round>
<failsafecounter/>
<players><player seat="10" name="Aomanuahi" chips="350" dealer="0" win="120" bet="96" muck="1" rebuy="0" addon="0" merge="0" rebuychips="0" reg_code="5087683245"/>
<player seat="3" name="M1ky3ste92" chips="772" dealer="1" win="0" bet="0" muck="1" rebuy="0" addon="0" merge="0" rebuychips="0" reg_code="5087683058"/>
<player seat="6" name="Andreamme98" chips="378" dealer="0" win="0" bet="60" muck="1" rebuy="0" addon="0" merge="0" rebuychips="0" reg_code="5087683136"/>
</players>
</general>
<round no="0"><action no="1" player="Andreamme98" type="1" discard="1" dealt="1" sum="10"/>
<action no="2" player="Aomanuahi" type="2" discard="1" dealt="1" sum="20"/>
</round>
<round no="1"><cards type="Pocket" player="Aomanuahi">X X</cards>
<cards type="Pocket" player="Andreamme98">X X</cards>
<cards type="Pocket" player="M1ky3ste92">H3 C2</cards>
<action no="3" player="M1ky3ste92" type="0" sum="0"/>
<action no="4" player="Andreamme98" type="3" discard="1" dealt="1" sum="10"/>
<action no="5" player="Aomanuahi" type="23" discard="1" dealt="1" sum="60"/>
<action no="6" player="Andreamme98" type="3" discard="1" dealt="1" sum="40"/>
</round>
<round no="2"><cards type="Flop">S10 D3 CK</cards>
<action no="7" player="Andreamme98" type="4" discard="1" dealt="1" sum="0"/>
<action no="8" player="Aomanuahi" type="5" discard="1" dealt="1" sum="36"/>
<action no="9" player="Andreamme98" type="0" discard="1" dealt="1" sum="0"/>
</round>
</game>
<game gamecode="6588000358"><general>
<startdate>2026-01-09 00:09:35</startdate>
<round>1</round>
<failsafecounter/>
<players><player seat="3" name="M1ky3ste92" chips="772" dealer="0" win="0" bet="772" muck="0" rebuy="0" addon="0" merge="0" rebuychips="0" reg_code="5087683058"/>
<player seat="6" name="Andreamme98" chips="318" dealer="1" win="656" bet="318" muck="0" rebuy="0" addon="0" merge="0" rebuychips="0" reg_code="5087683136"/>
<player seat="10" name="Aomanuahi" chips="410" dealer="0" win="0" bet="20" muck="1" rebuy="0" addon="0" merge="0" rebuychips="0" reg_code="5087683245"/>
</players>
</general>
<round no="0"><action no="1" player="Aomanuahi" type="15" discard="1" dealt="1" sum="5"/>
<action no="2" player="M1ky3ste92" type="15" sum="5"/>
<action no="3" player="Andreamme98" type="15" discard="1" dealt="1" sum="5"/>
<action no="4" player="Aomanuahi" type="1" discard="1" dealt="1" sum="15"/>
<action no="5" player="M1ky3ste92" type="2" sum="30"/>
</round>
<round no="1"><cards type="Pocket" player="Andreamme98">D9 S9</cards>
<cards type="Pocket" player="M1ky3ste92">DA D10</cards>
<cards type="Pocket" player="Aomanuahi">X X</cards>
<action no="6" player="Andreamme98" type="23" discard="1" dealt="1" sum="60"/>
<action no="7" player="Aomanuahi" type="0" discard="1" dealt="1" sum="0"/>
<action no="8" player="M1ky3ste92" type="23" sum="767"/>
<action no="9" player="Andreamme98" type="7" discard="1" dealt="1" sum="253"/>
</round>
<round no="2"><cards type="Flop">SK S6 C3</cards>
</round>
<round no="3"><cards type="Turn">C9</cards>
</round>
<round no="4"><cards type="River">H9</cards>
</round>
</game>
<game gamecode="6588000473"><general>
<startdate>2026-01-09 00:09:54</startdate>
<round>1</round>
<failsafecounter/>
<players><player seat="6" name="Andreamme98" chips="656" dealer="0" win="0" bet="35" muck="1" rebuy="0" addon="0" merge="0" rebuychips="0" reg_code="5087683136"/>
<player seat="10" name="Aomanuahi" chips="390" dealer="1" win="90" bet="390" muck="1" rebuy="0" addon="0" merge="0" rebuychips="0" reg_code="5087683245"/>
<player seat="3" name="M1ky3ste92" chips="454" dealer="0" win="0" bet="20" muck="1" rebuy="0" addon="0" merge="0" rebuychips="0" reg_code="5087683058"/>
</players>
</general>
<round no="0"><action no="1" player="M1ky3ste92" type="15" sum="5"/>
<action no="2" player="Andreamme98" type="15" discard="1" dealt="1" sum="5"/>
<action no="3" player="Aomanuahi" type="15" discard="1" dealt="1" sum="5"/>
<action no="4" player="M1ky3ste92" type="1" sum="15"/>
<action no="5" player="Andreamme98" type="2" discard="1" dealt="1" sum="30"/>
</round>
<round no="1"><cards type="Pocket" player="Andreamme98">X X</cards>
<cards type="Pocket" player="Aomanuahi">X X</cards>
<cards type="Pocket" player="M1ky3ste92">D9 C8</cards>
<action no="6" player="Aomanuahi" type="23" discard="1" dealt="1" sum="385"/>
<action no="7" player="M1ky3ste92" type="0" sum="0"/>
<action no="8" player="Andreamme98" type="0" discard="1" dealt="1" sum="0"/>
</round>
</game>
<game gamecode="6588000518"><general>
<startdate>2026-01-09 00:10:03</startdate>
<round>1</round>
<failsafecounter/>
<players><player seat="10" name="Aomanuahi" chips="445" dealer="0" win="0" bet="35" muck="1" rebuy="0" addon="0" merge="0" rebuychips="0" reg_code="5087683245"/>
<player seat="3" name="M1ky3ste92" chips="434" dealer="1" win="0" bet="5" muck="1" rebuy="0" addon="0" merge="0" rebuychips="0" reg_code="5087683058"/>
<player seat="6" name="Andreamme98" chips="621" dealer="0" win="75" bet="95" muck="1" rebuy="0" addon="0" merge="0" rebuychips="0" reg_code="5087683136"/>
</players>
</general>
<round no="0"><action no="1" player="Andreamme98" type="15" discard="1" dealt="1" sum="5"/>
<action no="2" player="Aomanuahi" type="15" discard="1" dealt="1" sum="5"/>
<action no="3" player="M1ky3ste92" type="15" sum="5"/>
<action no="4" player="Andreamme98" type="1" discard="1" dealt="1" sum="15"/>
<action no="5" player="Aomanuahi" type="2" discard="1" dealt="1" sum="30"/>
</round>
<round no="1"><cards type="Pocket" player="M1ky3ste92">D6 C10</cards>
<cards type="Pocket" player="Andreamme98">X X</cards>
<cards type="Pocket" player="Aomanuahi">X X</cards>
<action no="6" player="M1ky3ste92" type="0" sum="0"/>
<action no="7" player="Andreamme98" type="3" discard="1" dealt="1" sum="15"/>
<action no="8" player="Aomanuahi" type="4" discard="1" dealt="1" sum="0"/>
</round>
<round no="2"><cards type="Flop">S5 DJ C8</cards>
<action no="9" player="Andreamme98" type="5" discard="1" dealt="1" sum="60"/>
<action no="10" player="Aomanuahi" type="0" discard="1" dealt="1" sum="0"/>
</round>
</game>
<game gamecode="6588000617"><general>
<startdate>2026-01-09 00:10:22</startdate>
<round>1</round>
<failsafecounter/>
<players><player seat="3" name="M1ky3ste92" chips="429" dealer="0" win="390" bet="185" muck="0" rebuy="0" addon="0" merge="0" rebuychips="0" reg_code="5087683058"/>
<player seat="6" name="Andreamme98" chips="661" dealer="1" win="0" bet="185" muck="1" rebuy="0" addon="0" merge="0" rebuychips="0" reg_code="5087683136"/>
<player seat="10" name="Aomanuahi" chips="410" dealer="0" win="0" bet="20" muck="1" rebuy="0" addon="0" merge="0" rebuychips="0" reg_code="5087683245"/>
</players>
</general>
<round no="0"><action no="1" player="Aomanuahi" type="15" discard="1" dealt="1" sum="5"/>
<action no="2" player="M1ky3ste92" type="15" sum="5"/>
<action no="3" player="Andreamme98" type="15" discard="1" dealt="1" sum="5"/>
<action no="4" player="Aomanuahi" type="1" discard="1" dealt="1" sum="15"/>
<action no="5" player="M1ky3ste92" type="2" sum="30"/>
</round>
<round no="1"><cards type="Pocket" player="Andreamme98">S10 C10</cards>
<cards type="Pocket" player="Aomanuahi">X X</cards>
<cards type="Pocket" player="M1ky3ste92">HK D7</cards>
<action no="6" player="Andreamme98" type="23" discard="1" dealt="1" sum="60"/>
<action no="7" player="Aomanuahi" type="0" discard="1" dealt="1" sum="0"/>
<action no="8" player="M1ky3ste92" type="3" sum="30"/>
</round>
<round no="2"><cards type="Flop">DK S5 H2</cards>
<action no="9" player="M1ky3ste92" type="4" sum="0"/>
<action no="10" player="Andreamme98" type="5" discard="1" dealt="1" sum="120"/>
<action no="11" player="M1ky3ste92" type="3" sum="120"/>
</round>
<round no="3"><cards type="Turn">HJ</cards>
<action no="12" player="M1ky3ste92" type="4" sum="0"/>
<action no="13" player="Andreamme98" type="4" discard="1" dealt="1" sum="0"/>
</round>
<round no="4"><cards type="River">SJ</cards>
<action no="14" player="M1ky3ste92" type="4" sum="0"/>
<action no="15" player="Andreamme98" type="4" discard="1" dealt="1" sum="0"/>
</round>
</game>
<game gamecode="6588000768"><general>
<startdate>2026-01-09 00:10:52</startdate>
<round>1</round>
<failsafecounter/>
<players><player seat="6" name="Andreamme98" chips="476" dealer="0" win="0" bet="35" muck="1" rebuy="0" addon="0" merge="0" rebuychips="0" reg_code="5087683136"/>
<player seat="10" name="Aomanuahi" chips="390" dealer="1" win="90" bet="390" muck="1" rebuy="0" addon="0" merge="0" rebuychips="0" reg_code="5087683245"/>
<player seat="3" name="M1ky3ste92" chips="634" dealer="0" win="0" bet="20" muck="1" rebuy="0" addon="0" merge="0" rebuychips="0" reg_code="5087683058"/>
</players>
</general>
<round no="0"><action no="1" player="M1ky3ste92" type="15" sum="5"/>
<action no="2" player="Andreamme98" type="15" discard="1" dealt="1" sum="5"/>
<action no="3" player="Aomanuahi" type="15" discard="1" dealt="1" sum="5"/>
<action no="4" player="M1ky3ste92" type="1" sum="15"/>
<action no="5" player="Andreamme98" type="2" discard="1" dealt="1" sum="30"/>
</round>
<round no="1"><cards type="Pocket" player="Aomanuahi">X X</cards>
<cards type="Pocket" player="Andreamme98">X X</cards>
<cards type="Pocket" player="M1ky3ste92">DQ S4</cards>
<action no="6" player="Aomanuahi" type="23" discard="1" dealt="1" sum="385"/>
<action no="7" player="M1ky3ste92" type="0" sum="0"/>
<action no="8" player="Andreamme98" type="0" discard="1" dealt="1" sum="0"/>
</round>
</game>
<game gamecode="6588000830"><general>
<startdate>2026-01-09 00:11:03</startdate>
<round>1</round>
<failsafecounter/>
<players><player seat="10" name="Aomanuahi" chips="445" dealer="0" win="0" bet="445" muck="0" rebuy="0" addon="0" merge="0" rebuychips="0" reg_code="5087683245"/>
<player seat="3" name="M1ky3ste92" chips="614" dealer="1" win="0" bet="5" muck="1" rebuy="0" addon="0" merge="0" rebuychips="0" reg_code="5087683058"/>
<player seat="6" name="Andreamme98" chips="441" dealer="0" win="887" bet="441" muck="0" rebuy="0" addon="0" merge="0" rebuychips="0" reg_code="5087683136"/>
</players>
</general>
<round no="0"><action no="1" player="Andreamme98" type="15" discard="1" dealt="1" sum="5"/>
<action no="2" player="Aomanuahi" type="15" discard="1" dealt="1" sum="5"/>
<action no="3" player="M1ky3ste92" type="15" sum="5"/>
<action no="4" player="Andreamme98" type="1" discard="1" dealt="1" sum="20"/>
<action no="5" player="Aomanuahi" type="2" discard="1" dealt="1" sum="40"/>
</round>
<round no="1"><cards type="Pocket" player="Andreamme98">S10 HA</cards>
<cards type="Pocket" player="M1ky3ste92">H7 SK</cards>
<cards type="Pocket" player="Aomanuahi">HQ C2</cards>
<action no="6" player="M1ky3ste92" type="0" sum="0"/>
<action no="7" player="Andreamme98" type="3" discard="1" dealt="1" sum="20"/>
<action no="8" player="Aomanuahi" type="23" discard="1" dealt="1" sum="440"/>
<action no="9" player="Andreamme98" type="7" discard="1" dealt="1" sum="396"/>
</round>
<round no="2"><cards type="Flop">S2 C5 DA</cards>
</round>
<round no="3"><cards type="Turn">H5</cards>
</round>
<round no="4"><cards type="River">CJ</cards>
</round>
</game>
<game gamecode="6588000943"><general>
<startdate>2026-01-09 00:11:23</startdate>
<round>1</round>
<failsafecounter/>
<players><player seat="3" name="M1ky3ste92" chips="609" dealer="0" win="14" bet="45" muck="0" rebuy="0" addon="0" merge="0" rebuychips="0" reg_code="5087683058"/>
<player seat="6" name="Andreamme98" chips="887" dealer="1" win="0" bet="5" muck="1" rebuy="0" addon="0" merge="0" rebuychips="0" reg_code="5087683136"/>
<player seat="10" name="Aomanuahi" chips="4" dealer="0" win="0" bet="4" muck="1" rebuy="0" addon="0" merge="0" rebuychips="0" reg_code="5087683245"/>
</players>
</general>
<round no="0"><action no="1" player="Aomanuahi" type="15" discard="1" dealt="1" sum="4"/>
<action no="2" player="M1ky3ste92" type="15" sum="5"/>
<action no="3" player="Andreamme98" type="15" discard="1" dealt="1" sum="5"/>
<action no="4" player="M1ky3ste92" type="2" sum="40"/>
</round>
<round no="1"><cards type="Pocket" player="Andreamme98">X X</cards>
<cards type="Pocket" player="Aomanuahi">H8 C4</cards>
<cards type="Pocket" player="M1ky3ste92">D6 H7</cards>
<action no="5" player="Andreamme98" type="0" discard="1" dealt="1" sum="0"/>
</round>
<round no="2"><cards type="Flop">D9 SA H6</cards>
</round>
<round no="3"><cards type="Turn">SJ</cards>
</round>
<round no="4"><cards type="River">HK</cards>
</round>
</game>
<game gamecode="6588001023"><general>
<startdate>2026-01-09 00:11:37</startdate>
<round>1</round>
<failsafecounter/>
<players><player seat="6" name="Andreamme98" chips="882" dealer="0" win="0" bet="125" muck="0" rebuy="0" addon="0" merge="0" rebuychips="0" reg_code="5087683136"/>
<player seat="3" name="M1ky3ste92" chips="618" dealer="1" win="250" bet="125" muck="0" rebuy="0" addon="0" merge="0" rebuychips="0" reg_code="5087683058"/>
</players>
</general>
<round no="0"><action no="1" player="M1ky3ste92" type="15" sum="5"/>
<action no="2" player="Andreamme98" type="15" discard="1" dealt="1" sum="5"/>
<action no="3" player="M1ky3ste92" type="1" sum="20"/>
<action no="4" player="Andreamme98" type="2" discard="1" dealt="1" sum="40"/>
</round>
<round no="1"><cards type="Pocket" player="M1ky3ste92">H6 S8</cards>
<cards type="Pocket" player="Andreamme98">SK S4</cards>
<action no="5" player="M1ky3ste92" type="3" sum="20"/>
<action no="6" player="Andreamme98" type="4" discard="1" dealt="1" sum="0"/>
</round>
<round no="2"><cards type="Flop">H5 C8 D5</cards>
<action no="7" player="Andreamme98" type="4" discard="1" dealt="1" sum="0"/>
<action no="8" player="M1ky3ste92" type="4" sum="0"/>
</round>
<round no="3"><cards type="Turn">H4</cards>
<action no="9" player="Andreamme98" type="5" discard="1" dealt="1" sum="40"/>
<action no="10" player="M1ky3ste92" type="3" sum="40"/>
</round>
<round no="4"><cards type="River">CJ</cards>
<action no="11" player="Andreamme98" type="5" discard="1" dealt="1" sum="40"/>
<action no="12" player="M1ky3ste92" type="3" sum="40"/>
</round>
</game>
<game gamecode="6588001118"><general>
<startdate>2026-01-09 00:11:55</startdate>
<round>1</round>
<failsafecounter/>
<players><player seat="3" name="M1ky3ste92" chips="743" dealer="0" win="0" bet="45" muck="1" rebuy="0" addon="0" merge="0" rebuychips="0" reg_code="5087683058"/>
<player seat="6" name="Andreamme98" chips="757" dealer="1" win="90" bet="85" muck="1" rebuy="0" addon="0" merge="0" rebuychips="0" reg_code="5087683136"/>
</players>
</general>
<round no="0"><action no="1" player="Andreamme98" type="15" discard="1" dealt="1" sum="5"/>
<action no="2" player="M1ky3ste92" type="15" sum="5"/>
<action no="3" player="Andreamme98" type="1" discard="1" dealt="1" sum="20"/>
<action no="4" player="M1ky3ste92" type="2" sum="40"/>
</round>
<round no="1"><cards type="Pocket" player="Andreamme98">X X</cards>
<cards type="Pocket" player="M1ky3ste92">C9 D3</cards>
<action no="5" player="Andreamme98" type="3" discard="1" dealt="1" sum="20"/>
<action no="6" player="M1ky3ste92" type="4" sum="0"/>
</round>
<round no="2"><cards type="Flop">S6 C10 HJ</cards>
<action no="7" player="M1ky3ste92" type="4" sum="0"/>
<action no="8" player="Andreamme98" type="5" discard="1" dealt="1" sum="40"/>
<action no="9" player="M1ky3ste92" type="0" sum="0"/>
</round>
</game>
<game gamecode="6588001171"><general>
<startdate>2026-01-09 00:12:04</startdate>
<round>1</round>
<failsafecounter/>
<players><player seat="6" name="Andreamme98" chips="802" dealer="0" win="170" bet="165" muck="1" rebuy="0" addon="0" merge="0" rebuychips="0" reg_code="5087683136"/>
<player seat="3" name="M1ky3ste92" chips="698" dealer="1" win="0" bet="85" muck="1" rebuy="0" addon="0" merge="0" rebuychips="0" reg_code="5087683058"/>
</players>
</general>
<round no="0"><action no="1" player="M1ky3ste92" type="15" sum="5"/>
<action no="2" player="Andreamme98" type="15" discard="1" dealt="1" sum="5"/>
<action no="3" player="M1ky3ste92" type="1" sum="20"/>
<action no="4" player="Andreamme98" type="2" discard="1" dealt="1" sum="40"/>
</round>
<round no="1"><cards type="Pocket" player="Andreamme98">X X</cards>
<cards type="Pocket" player="M1ky3ste92">S10 C3</cards>
<action no="5" player="M1ky3ste92" type="3" sum="20"/>
<action no="6" player="Andreamme98" type="4" discard="1" dealt="1" sum="0"/>
</round>
<round no="2"><cards type="Flop">HA D8 H4</cards>
<action no="7" player="Andreamme98" type="4" discard="1" dealt="1" sum="0"/>
<action no="8" player="M1ky3ste92" type="5" sum="40"/>
<action no="9" player="Andreamme98" type="3" discard="1" dealt="1" sum="40"/>
</round>
<round no="3"><cards type="Turn">C7</cards>
<action no="10" player="Andreamme98" type="4" discard="1" dealt="1" sum="0"/>
<action no="11" player="M1ky3ste92" type="4" sum="0"/>
</round>
<round no="4"><cards type="River">CQ</cards>
<action no="12" player="Andreamme98" type="5" discard="1" dealt="1" sum="80"/>
<action no="13" player="M1ky3ste92" type="0" sum="0"/>
</round>
</game>
<game gamecode="6588001243"><general>
<startdate>2026-01-09 00:12:19</startdate>
<round>1</round>
<failsafecounter/>
<players><player seat="3" name="M1ky3ste92" chips="613" dealer="0" win="50" bet="45" muck="1" rebuy="0" addon="0" merge="0" rebuychips="0" reg_code="5087683058"/>
<player seat="6" name="Andreamme98" chips="887" dealer="1" win="0" bet="25" muck="1" rebuy="0" addon="0" merge="0" rebuychips="0" reg_code="5087683136"/>
</players>
</general>
<round no="0"><action no="1" player="Andreamme98" type="15" discard="1" dealt="1" sum="5"/>
<action no="2" player="M1ky3ste92" type="15" sum="5"/>
<action no="3" player="Andreamme98" type="1" discard="1" dealt="1" sum="20"/>
<action no="4" player="M1ky3ste92" type="2" sum="40"/>
</round>
<round no="1"><cards type="Pocket" player="Andreamme98">X X</cards>
<cards type="Pocket" player="M1ky3ste92">H10 HQ</cards>
<action no="5" player="Andreamme98" type="0" discard="1" dealt="1" sum="0"/>
</round>
</game>
<game gamecode="6588001270"><general>
<startdate>2026-01-09 00:12:25</startdate>
<round>1</round>
<failsafecounter/>
<players><player seat="6" name="Andreamme98" chips="862" dealer="0" win="170" bet="165" muck="1" rebuy="0" addon="0" merge="0" rebuychips="0" reg_code="5087683136"/>
<player seat="3" name="M1ky3ste92" chips="638" dealer="1" win="0" bet="85" muck="1" rebuy="0" addon="0" merge="0" rebuychips="0" reg_code="5087683058"/>
</players>
</general>
<round no="0"><action no="1" player="M1ky3ste92" type="15" sum="5"/>
<action no="2" player="Andreamme98" type="15" discard="1" dealt="1" sum="5"/>
<action no="3" player="M1ky3ste92" type="1" sum="20"/>
<action no="4" player="Andreamme98" type="2" discard="1" dealt="1" sum="40"/>
</round>
<round no="1"><cards type="Pocket" player="M1ky3ste92">D8 DK</cards>
<cards type="Pocket" player="Andreamme98">X X</cards>
<action no="5" player="M1ky3ste92" type="3" sum="20"/>
<action no="6" player="Andreamme98" type="4" discard="1" dealt="1" sum="0"/>
</round>
<round no="2"><cards type="Flop">HQ S10 HA</cards>
<action no="7" player="Andreamme98" type="4" discard="1" dealt="1" sum="0"/>
<action no="8" player="M1ky3ste92" type="5" sum="40"/>
<action no="9" player="Andreamme98" type="3" discard="1" dealt="1" sum="40"/>
</round>
<round no="3"><cards type="Turn">H6</cards>
<action no="10" player="Andreamme98" type="4" discard="1" dealt="1" sum="0"/>
<action no="11" player="M1ky3ste92" type="4" sum="0"/>
</round>
<round no="4"><cards type="River">SK</cards>
<action no="12" player="Andreamme98" type="5" discard="1" dealt="1" sum="80"/>
<action no="13" player="M1ky3ste92" type="0" sum="0"/>
</round>
</game>
<game gamecode="6588001371"><general>
<startdate>2026-01-09 00:12:41</startdate>
<round>1</round>
<failsafecounter/>
<players><player seat="3" name="M1ky3ste92" chips="553" dealer="0" win="0" bet="553" muck="0" rebuy="0" addon="0" merge="0" rebuychips="0" reg_code="5087683058"/>
<player seat="6" name="Andreamme98" chips="947" dealer="1" win="1,106" bet="947" muck="0" rebuy="0" addon="0" merge="0" rebuychips="0" reg_code="5087683136"/>
</players>
</general>
<round no="0"><action no="1" player="Andreamme98" type="15" discard="1" dealt="1" sum="5"/>
<action no="2" player="M1ky3ste92" type="15" sum="5"/>
<action no="3" player="Andreamme98" type="1" discard="1" dealt="1" sum="30"/>
<action no="4" player="M1ky3ste92" type="2" sum="60"/>
</round>
<round no="1"><cards type="Pocket" player="Andreamme98">C7 CA</cards>
<cards type="Pocket" player="M1ky3ste92">CK DQ</cards>
<action no="5" player="Andreamme98" type="3" discard="1" dealt="1" sum="30"/>
<action no="6" player="M1ky3ste92" type="23" sum="180"/>
<action no="7" player="Andreamme98" type="3" discard="1" dealt="1" sum="120"/>
</round>
<round no="2"><cards type="Flop">DA C10 SQ</cards>
<action no="8" player="M1ky3ste92" type="5" sum="60"/>
<action no="9" player="Andreamme98" type="23" discard="1" dealt="1" sum="762"/>
<action no="10" player="M1ky3ste92" type="7" sum="308"/>
</round>
<round no="3"><cards type="Turn">D7</cards>
</round>
<round no="4"><cards type="River">S9</cards>
</round>
</game>
</session>
