<?xml version="1.0" encoding="UTF-8"?>
<session sessioncode="5087680918">
<general>
<client_version>24.7.1.18</client_version>
<mode>real</mode>
<gametype>Holdem NL</gametype>
<tablename>Twister €100 SNG, 825977515</tablename>
<tournamentcode>825977514</tournamentcode>
<tournamentname>Twister €100 SNG</tournamentname>
<buyin>€0 + €7 + €93</buyin>
<totalbuyin>€100</totalbuyin>
<rewarddrawn>€300</rewarddrawn>
<tournamentcurrency>EUR</tournamentcurrency>
<currency>EUR</currency>
<nickname>M1ky3ste92</nickname>
<gamecount>18</gamecount>
<startdate>2026-01-09 00:00:40</startdate>
<place>1</place>
<win>€300</win>
<tablesize>3</tablesize>
</general>
<game gamecode="6587988263"><general>
<startdate>2026-01-09 00:00:55</startdate>
<round>1</round>
<failsafecounter/>
<players><player seat="3" name="Tiuualex" chips="500" dealer="0" win="20" bet="20" muck="1" rebuy="0" addon="0" merge="0" rebuychips="0" reg_code="5087680740"/>
<player seat="6" name="M1ky3ste92" chips="500" dealer="1" win="0" bet="0" muck="1" rebuy="0" addon="0" merge="0" rebuychips="0" reg_code="5087680918"/>
<player seat="10" name="Aomanuahi" chips="500" dealer="0" win="0" bet="10" muck="1" rebuy="0" addon="0" merge="0" rebuychips="0" reg_code="5087680970"/>
</players>
</general>
<round no="0"><action no="1" player="Aomanuahi" type="1" discard="1" dealt="1" sum="10"/>
<action no="2" player="Tiuualex" type="2" discard="1" dealt="1" sum="20"/>
</round>
<round no="1"><cards type="Pocket" player="M1ky3ste92">C5 C9</cards>
<cards type="Pocket" player="Aomanuahi">X X</cards>
<cards type="Pocket" player="Tiuualex">X X</cards>
<action no="3" player="M1ky3ste92" type="0" sum="0"/>
<action no="4" player="Aomanuahi" type="0" discard="1" dealt="1" sum="0"/>
</round>
</game>
<game gamecode="6587988321"><general>
<startdate>2026-01-09 00:01:04</startdate>
<round>1</round>
<failsafecounter/>
<players><player seat="6" name="M1ky3ste92" chips="500" dealer="0" win="0" bet="40" muck="1" rebuy="0" addon="0" merge="0" rebuychips="0" reg_code="5087680918"/>
<player seat="10" name="Aomanuahi" chips="490" dealer="1" win="90" bet="117" muck="1" rebuy="0" addon="0" merge="0" rebuychips="0" reg_code="5087680970"/>
<player seat="3" name="Tiuualex" chips="510" dealer="0" win="0" bet="10" muck="1" rebuy="0" addon="0" merge="0" rebuychips="0" reg_code="5087680740"/>
</players>
</general>
<round no="0"><action no="1" player="Tiuualex" type="1" discard="1" dealt="1" sum="10"/>
<action no="2" player="M1ky3ste92" type="2" sum="20"/>
</round>
<round no="1"><cards type="Pocket" player="M1ky3ste92">H9 S7</cards>
<cards type="Pocket" player="Tiuualex">X X</cards>
<cards type="Pocket" player="Aomanuahi">X X</cards>
<action no="3" player="Aomanuahi" type="23" discard="1" dealt="1" sum="40"/>
<action no="4" player="Tiuualex" type="0" discard="1" dealt="1" sum="0"/>
<action no="5" player="M1ky3ste92" type="3" sum="20"/>
</round>
<round no="2"><cards type="Flop">H3 D9 H10</cards>
<action no="6" player="M1ky3ste92" type="4" sum="0"/>
<action no="7" player="Aomanuahi" type="5" discard="1" dealt="1" sum="77"/>
<action no="8" player="M1ky3ste92" type="0" sum="0"/>
</round>
</game>
<game gamecode="6587988436"><general>
<startdate>2026-01-09 00:01:23</startdate>
<round>1</round>
<failsafecounter/>
<players><player seat="10" name="Aomanuahi" chips="540" dealer="0" win="20" bet="20" muck="1" rebuy="0" addon="0" merge="0" rebuychips="0" reg_code="5087680970"/>
<player seat="3" name="Tiuualex" chips="500" dealer="1" win="0" bet="0" muck="1" rebuy="0" addon="0" merge="0" rebuychips="0" reg_code="5087680740"/>
<player seat="6" name="M1ky3ste92" chips="460" dealer="0" win="0" bet="10" muck="1" rebuy="0" addon="0" merge="0" rebuychips="0" reg_code="5087680918"/>
</players>
</general>
<round no="0"><action no="1" player="M1ky3ste92" type="1" sum="10"/>
<action no="2" player="Aomanuahi" type="2" discard="1" dealt="1" sum="20"/>
</round>
<round no="1"><cards type="Pocket" player="M1ky3ste92">HJ D6</cards>
<cards type="Pocket" player="Aomanuahi">X X</cards>
<cards type="Pocket" player="Tiuualex">X X</cards>
<action no="3" player="Tiuualex" type="0" discard="1" dealt="1" sum="0"/>
<action no="4" player="M1ky3ste92" type="0" sum="0"/>
</round>
</game>
<game gamecode="6587988483"><general>
<startdate>2026-01-09 00:01:29</startdate>
<round>1</round>
<failsafecounter/>
<players><player seat="3" name="Tiuualex" chips="500" dealer="0" win="90" bet="500" muck="1" rebuy="0" addon="0" merge="0" rebuychips="0" reg_code="5087680740"/>
<player seat="6" name="M1ky3ste92" chips="450" dealer="1" win="0" bet="40" muck="1" rebuy="0" addon="0" merge="0" rebuychips="0" reg_code="5087680918"/>
<player seat="10" name="Aomanuahi" chips="550" dealer="0" win="0" bet="10" muck="1" rebuy="0" addon="0" merge="0" rebuychips="0" reg_code="5087680970"/>
</players>
</general>
<round no="0"><action no="1" player="Aomanuahi" type="1" discard="1" dealt="1" sum="10"/>
<action no="2" player="Tiuualex" type="2" discard="1" dealt="1" sum="20"/>
</round>
<round no="1"><cards type="Pocket" player="Tiuualex">X X</cards>
<cards type="Pocket" player="M1ky3ste92">DK D3</cards>
<cards type="Pocket" player="Aomanuahi">X X</cards>
<action no="3" player="M1ky3ste92" type="23" sum="40"/>
<action no="4" player="Aomanuahi" type="0" discard="1" dealt="1" sum="0"/>
<action no="5" player="Tiuualex" type="23" discard="1" dealt="1" sum="500"/>
<action no="6" player="M1ky3ste92" type="0" sum="0"/>
</round>
</game>
<game gamecode="6587988593"><general>
<startdate>2026-01-09 00:01:48</startdate>
<round>1</round>
<failsafecounter/>
<players><player seat="6" name="M1ky3ste92" chips="410" dealer="0" win="0" bet="20" muck="1" rebuy="0" addon="0" merge="0" rebuychips="0" reg_code="5087680918"/>
<player seat="10" name="Aomanuahi" chips="540" dealer="1" win="50" bet="40" muck="1" rebuy="0" addon="0" merge="0" rebuychips="0" reg_code="5087680970"/>
<player seat="3" name="Tiuualex" chips="550" dealer="0" win="0" bet="10" muck="1" rebuy="0" addon="0" merge="0" rebuychips="0" reg_code="5087680740"/>
</players>
</general>
<round no="0"><action no="1" player="Tiuualex" type="1" discard="1" dealt="1" sum="10"/>
<action no="2" player="M1ky3ste92" type="2" sum="20"/>
</round>
<round no="1"><cards type="Pocket" player="M1ky3ste92">C2 HQ</cards>
<cards type="Pocket" player="Tiuualex">X X</cards>
<cards type="Pocket" player="Aomanuahi">X X</cards>
<action no="3" player="Aomanuahi" type="23" discard="1" dealt="1" sum="40"/>
<action no="4" player="Tiuualex" type="0" discard="1" dealt="1" sum="0"/>
<action no="5" player="M1ky3ste92" type="0" sum="0"/>
</round>
</game>
<game gamecode="6587988665"><general>
<startdate>2026-01-09 00:01:58</startdate>
<round>1</round>
<failsafecounter/>
<players><player seat="10" name="Aomanuahi" chips="570" dealer="0" win="20" bet="20" muck="1" rebuy="0" addon="0" merge="0" rebuychips="0" reg_code="5087680970"/>
<player seat="3" name="Tiuualex" chips="540" dealer="1" win="0" bet="0" muck="1" rebuy="0" addon="0" merge="0" rebuychips="0" reg_code="5087680740"/>
<player seat="6" name="M1ky3ste92" chips="390" dealer="0" win="0" bet="10" muck="1" rebuy="0" addon="0" merge="0" rebuychips="0" reg_code="5087680918"/>
</players>
</general>
<round no="0"><action no="1" player="M1ky3ste92" type="1" sum="10"/>
<action no="2" player="Aomanuahi" type="2" discard="1" dealt="1" sum="20"/>
</round>
<round no="1"><cards type="Pocket" player="Aomanuahi">X X</cards>
<cards type="Pocket" player="Tiuualex">X X</cards>
<cards type="Pocket" player="M1ky3ste92">D8 H4</cards>
<action no="3" player="Tiuualex" type="0" discard="1" dealt="1" sum="0"/>
<action no="4" player="M1ky3ste92" type="0" sum="0"/>
</round>
</game>
<game gamecode="6587988695"><general>
<startdate>2026-01-09 00:02:04</startdate>
<round>1</round>
<failsafecounter/>
<players><player seat="3" name="Tiuualex" chips="540" dealer="0" win="0" bet="80" muck="1" rebuy="0" addon="0" merge="0" rebuychips="0" reg_code="5087680740"/>
<player seat="6" name="M1ky3ste92" chips="380" dealer="1" win="170" bet="130" muck="1" rebuy="0" addon="0" merge="0" rebuychips="0" reg_code="5087680918"/>
<player seat="10" name="Aomanuahi" chips="580" dealer="0" win="0" bet="10" muck="1" rebuy="0" addon="0" merge="0" rebuychips="0" reg_code="5087680970"/>
</players>
</general>
<round no="0"><action no="1" player="Aomanuahi" type="1" discard="1" dealt="1" sum="10"/>
<action no="2" player="Tiuualex" type="2" discard="1" dealt="1" sum="20"/>
</round>
<round no="1"><cards type="Pocket" player="Tiuualex">X X</cards>
<cards type="Pocket" player="Aomanuahi">X X</cards>
<cards type="Pocket" player="M1ky3ste92">DK HK</cards>
<action no="3" player="M1ky3ste92" type="23" sum="40"/>
<action no="4" player="Aomanuahi" type="0" discard="1" dealt="1" sum="0"/>
<action no="5" player="Tiuualex" type="3" discard="1" dealt="1" sum="20"/>
</round>
<round no="2"><cards type="Flop">H10 C6 C2</cards>
<action no="6" player="Tiuualex" type="4" discard="1" dealt="1" sum="0"/>
<action no="7" player="M1ky3ste92" type="5" sum="40"/>
<action no="8" player="Tiuualex" type="3" discard="1" dealt="1" sum="40"/>
</round>
<round no="3"><cards type="Turn">CJ</cards>
<action no="9" player="Tiuualex" type="4" discard="1" dealt="1" sum="0"/>
<action no="10" player="M1ky3ste92" type="4" sum="0"/>
</round>
<round no="4"><cards type="River">D10</cards>
<action no="11" player="Tiuualex" type="4" discard="1" dealt="1" sum="0"/>
<action no="12" player="M1ky3ste92" type="5" sum="50"/>
<action no="13" player="Tiuualex" type="0" discard="1" dealt="1" sum="0"/>
</round>
</game>
<game gamecode="6587993986"><general>
<startdate>2026-01-09 00:03:17</startdate>
<round>1</round>
<failsafecounter/>
<players><player seat="6" name="M1ky3ste92" chips="470" dealer="0" win="45" bet="35" muck="1" rebuy="0" addon="0" merge="0" rebuychips="0" reg_code="5087680918"/>
<player seat="10" name="Aomanuahi" chips="570" dealer="1" win="0" bet="5" muck="1" rebuy="0" addon="0" merge="0" rebuychips="0" reg_code="5087680970"/>
<player seat="3" name="Tiuualex" chips="460" dealer="0" win="0" bet="20" muck="1" rebuy="0" addon="0" merge="0" rebuychips="0" reg_code="5087680740"/>
</players>
</general>
<round no="0"><action no="1" player="Tiuualex" type="15" discard="1" dealt="1" sum="5"/>
<action no="2" player="M1ky3ste92" type="15" sum="5"/>
<action no="3" player="Aomanuahi" type="15" discard="1" dealt="1" sum="5"/>
<action no="4" player="Tiuualex" type="1" discard="1" dealt="1" sum="15"/>
<action no="5" player="M1ky3ste92" type="2" sum="30"/>
</round>
<round no="1"><cards type="Pocket" player="Tiuualex">X X</cards>
<cards type="Pocket" player="M1ky3ste92">C3 CA</cards>
<cards type="Pocket" player="Aomanuahi">X X</cards>
<action no="6" player="Aomanuahi" type="0" discard="1" dealt="1" sum="0"/>
<action no="7" player="Tiuualex" type="0" discard="1" dealt="1" sum="0"/>
</round>
</game>
<game gamecode="6587994042"><general>
<startdate>2026-01-09 00:03:29</startdate>
<round>1</round>
<failsafecounter/>
<players><player seat="10" name="Aomanuahi" chips="565" dealer="0" win="0" bet="565" muck="0" rebuy="0" addon="0" merge="0" rebuychips="0" reg_code="5087680970"/>
<player seat="3" name="Tiuualex" chips="440" dealer="1" win="0" bet="5" muck="1" rebuy="0" addon="0" merge="0" rebuychips="0" reg_code="5087680740"/>
<player seat="6" name="M1ky3ste92" chips="495" dealer="0" win="995" bet="495" muck="0" rebuy="0" addon="0" merge="0" rebuychips="0" reg_code="5087680918"/>
</players>
</general>
<round no="0"><action no="1" player="M1ky3ste92" type="15" sum="5"/>
<action no="2" player="Aomanuahi" type="15" discard="1" dealt="1" sum="5"/>
<action no="3" player="Tiuualex" type="15" discard="1" dealt="1" sum="5"/>
<action no="4" player="M1ky3ste92" type="1" sum="15"/>
<action no="5" player="Aomanuahi" type="2" discard="1" dealt="1" sum="30"/>
</round>
<round no="1"><cards type="Pocket" player="M1ky3ste92">DK DJ</cards>
<cards type="Pocket" player="Tiuualex">X X</cards>
<cards type="Pocket" player="Aomanuahi">SA D5</cards>
<action no="6" player="Tiuualex" type="0" discard="1" dealt="1" sum="0"/>
<action no="7" player="M1ky3ste92" type="3" sum="15"/>
<action no="8" player="Aomanuahi" type="23" discard="1" dealt="1" sum="560"/>
<action no="9" player="M1ky3ste92" type="7" sum="460"/>
</round>
<round no="2"><cards type="Flop">SJ S8 C6</cards>
</round>
<round no="3"><cards type="Turn">D8</cards>
</round>
<round no="4"><cards type="River">S5</cards>
</round>
</game>
<game gamecode="6587994184"><general>
<startdate>2026-01-09 00:03:57</startdate>
<round>1</round>
<failsafecounter/>
<players><player seat="3" name="Tiuualex" chips="435" dealer="0" win="0" bet="70" muck="1" rebuy="0" addon="0" merge="0" rebuychips="0" reg_code="5087680740"/>
<player seat="6" name="M1ky3ste92" chips="995" dealer="1" win="0" bet="5" muck="1" rebuy="0" addon="0" merge="0" rebuychips="0" reg_code="5087680918"/>
<player seat="10" name="Aomanuahi" chips="70" dealer="0" win="145" bet="70" muck="0" rebuy="0" addon="0" merge="0" rebuychips="0" reg_code="5087680970"/>
</players>
</general>
<round no="0"><action no="1" player="Aomanuahi" type="15" discard="1" dealt="1" sum="5"/>
<action no="2" player="Tiuualex" type="15" discard="1" dealt="1" sum="5"/>
<action no="3" player="M1ky3ste92" type="15" sum="5"/>
<action no="4" player="Aomanuahi" type="1" discard="1" dealt="1" sum="15"/>
<action no="5" player="Tiuualex" type="2" discard="1" dealt="1" sum="30"/>
</round>
<round no="1"><cards type="Pocket" player="M1ky3ste92">H2 D8</cards>
<cards type="Pocket" player="Tiuualex">D7 C2</cards>
<cards type="Pocket" player="Aomanuahi">DK HJ</cards>
<action no="6" player="M1ky3ste92" type="0" sum="0"/>
<action no="7" player="Aomanuahi" type="23" discard="1" dealt="1" sum="65"/>
<action no="8" player="Tiuualex" type="3" discard="1" dealt="1" sum="35"/>
</round>
<round no="2"><cards type="Flop">S3 D5 D2</cards>
</round>
<round no="3"><cards type="Turn">DA</cards>
</round>
<round no="4"><cards type="River">DQ</cards>
</round>
</game>
<game gamecode="6587994294"><general>
<startdate>2026-01-09 00:04:17</startdate>
<round>1</round>
<failsafecounter/>
<players><player seat="6" name="M1ky3ste92" chips="990" dealer="0" win="95" bet="990" muck="1" rebuy="0" addon="0" merge="0" rebuychips="0" reg_code="5087680918"/>
<player seat="10" name="Aomanuahi" chips="145" dealer="1" win="0" bet="5" muck="1" rebuy="0" addon="0" merge="0" rebuychips="0" reg_code="5087680970"/>
<player seat="3" name="Tiuualex" chips="365" dealer="0" win="0" bet="45" muck="1" rebuy="0" addon="0" merge="0" rebuychips="0" reg_code="5087680740"/>
</players>
</general>
<round no="0"><action no="1" player="Tiuualex" type="15" discard="1" dealt="1" sum="5"/>
<action no="2" player="M1ky3ste92" type="15" sum="5"/>
<action no="3" player="Aomanuahi" type="15" discard="1" dealt="1" sum="5"/>
<action no="4" player="Tiuualex" type="1" discard="1" dealt="1" sum="20"/>
<action no="5" player="M1ky3ste92" type="2" sum="40"/>
</round>
<round no="1"><cards type="Pocket" player="Tiuualex">X X</cards>
<cards type="Pocket" player="M1ky3ste92">D5 HK</cards>
<cards type="Pocket" player="Aomanuahi">X X</cards>
<action no="6" player="Aomanuahi" type="0" discard="1" dealt="1" sum="0"/>
<action no="7" player="Tiuualex" type="3" discard="1" dealt="1" sum="20"/>
<action no="8" player="M1ky3ste92" type="23" sum="985"/>
<action no="9" player="Tiuualex" type="0" discard="1" dealt="1" sum="0"/>
</round>
</game>
<game gamecode="6587994365"><general>
<startdate>2026-01-09 00:04:30</startdate>
<round>1</round>
<failsafecounter/>
<players><player seat="10" name="Aomanuahi" chips="140" dealer="0" win="305" bet="140" muck="0" rebuy="0" addon="0" merge="0" rebuychips="0" reg_code="5087680970"/>
<player seat="3" name="Tiuualex" chips="320" dealer="1" win="0" bet="320" muck="1" rebuy="0" addon="0" merge="0" rebuychips="0" reg_code="5087680740"/>
<player seat="6" name="M1ky3ste92" chips="1,040" dealer="0" win="0" bet="25" muck="1" rebuy="0" addon="0" merge="0" rebuychips="0" reg_code="5087680918"/>
</players>
</general>
<round no="0"><action no="1" player="M1ky3ste92" type="15" sum="5"/>
<action no="2" player="Aomanuahi" type="15" discard="1" dealt="1" sum="5"/>
<action no="3" player="Tiuualex" type="15" discard="1" dealt="1" sum="5"/>
<action no="4" player="M1ky3ste92" type="1" sum="20"/>
<action no="5" player="Aomanuahi" type="2" discard="1" dealt="1" sum="40"/>
</round>
<round no="1"><cards type="Pocket" player="Tiuualex">C8 C10</cards>
<cards type="Pocket" player="M1ky3ste92">HK C2</cards>
<cards type="Pocket" player="Aomanuahi">CK SA</cards>
<action no="6" player="Tiuualex" type="23" discard="1" dealt="1" sum="315"/>
<action no="7" player="M1ky3ste92" type="0" sum="0"/>
<action no="8" player="Aomanuahi" type="7" discard="1" dealt="1" sum="95"/>
</round>
<round no="2"><cards type="Flop">H2 HJ S4</cards>
</round>
<round no="3"><cards type="Turn">D3</cards>
</round>
<round no="4"><cards type="River">CJ</cards>
</round>
</game>
<game gamecode="6587994495"><general>
<startdate>2026-01-09 00:04:52</startdate>
<round>1</round>
<failsafecounter/>
<players><player seat="3" name="Tiuualex" chips="180" dealer="0" win="0" bet="180" muck="0" rebuy="0" addon="0" merge="0" rebuychips="0" reg_code="5087680740"/>
<player seat="6" name="M1ky3ste92" chips="1,015" dealer="1" win="0" bet="5" muck="1" rebuy="0" addon="0" merge="0" rebuychips="0" reg_code="5087680918"/>
<player seat="10" name="Aomanuahi" chips="305" dealer="0" win="365" bet="305" muck="0" rebuy="0" addon="0" merge="0" rebuychips="0" reg_code="5087680970"/>
</players>
</general>
<round no="0"><action no="1" player="Aomanuahi" type="15" discard="1" dealt="1" sum="5"/>
<action no="2" player="Tiuualex" type="15" discard="1" dealt="1" sum="5"/>
<action no="3" player="M1ky3ste92" type="15" sum="5"/>
<action no="4" player="Aomanuahi" type="1" discard="1" dealt="1" sum="20"/>
<action no="5" player="Tiuualex" type="2" discard="1" dealt="1" sum="40"/>
</round>
<round no="1"><cards type="Pocket" player="Tiuualex">SQ H6</cards>
<cards type="Pocket" player="M1ky3ste92">C2 D7</cards>
<cards type="Pocket" player="Aomanuahi">S10 SA</cards>
<action no="6" player="M1ky3ste92" type="0" sum="0"/>
<action no="7" player="Aomanuahi" type="23" discard="1" dealt="1" sum="300"/>
<action no="8" player="Tiuualex" type="7" discard="1" dealt="1" sum="135"/>
</round>
<round no="2"><cards type="Flop">DQ CJ CK</cards>
</round>
<round no="3"><cards type="Turn">S9</cards>
</round>
<round no="4"><cards type="River">CQ</cards>
</round>
</game>
<game gamecode="6587994605"><general>
<startdate>2026-01-09 00:05:12</startdate>
<round>1</round>
<failsafecounter/>
<players><player seat="6" name="M1ky3ste92" chips="1,010" dealer="0" win="0" bet="45" muck="1" rebuy="0" addon="0" merge="0" rebuychips="0" reg_code="5087680918"/>
<player seat="10" name="Aomanuahi" chips="490" dealer="1" win="90" bet="490" muck="1" rebuy="0" addon="0" merge="0" rebuychips="0" reg_code="5087680970"/>
</players>
</general>
<round no="0"><action no="1" player="Aomanuahi" type="15" discard="1" dealt="1" sum="5"/>
<action no="2" player="M1ky3ste92" type="15" sum="5"/>
<action no="3" player="Aomanuahi" type="1" discard="1" dealt="1" sum="20"/>
<action no="4" player="M1ky3ste92" type="2" sum="40"/>
</round>
<round no="1"><cards type="Pocket" player="M1ky3ste92">DJ C9</cards>
<cards type="Pocket" player="Aomanuahi">X X</cards>
<action no="5" player="Aomanuahi" type="23" discard="1" dealt="1" sum="485"/>
<action no="6" player="M1ky3ste92" type="0" sum="0"/>
</round>
</game>
<game gamecode="6587994646"><general>
<startdate>2026-01-09 00:05:18</startdate>
<round>1</round>
<failsafecounter/>
<players><player seat="10" name="Aomanuahi" chips="535" dealer="0" win="90" bet="535" muck="1" rebuy="0" addon="0" merge="0" rebuychips="0" reg_code="5087680970"/>
<player seat="6" name="M1ky3ste92" chips="965" dealer="1" win="0" bet="45" muck="1" rebuy="0" addon="0" merge="0" rebuychips="0" reg_code="5087680918"/>
</players>
</general>
<round no="0"><action no="1" player="M1ky3ste92" type="15" sum="5"/>
<action no="2" player="Aomanuahi" type="15" discard="1" dealt="1" sum="5"/>
<action no="3" player="M1ky3ste92" type="1" sum="20"/>
<action no="4" player="Aomanuahi" type="2" discard="1" dealt="1" sum="40"/>
</round>
<round no="1"><cards type="Pocket" player="M1ky3ste92">H8 CK</cards>
<cards type="Pocket" player="Aomanuahi">X X</cards>
<action no="5" player="M1ky3ste92" type="3" sum="20"/>
<action no="6" player="Aomanuahi" type="23" discard="1" dealt="1" sum="530"/>
<action no="7" player="M1ky3ste92" type="0" sum="0"/>
</round>
</game>
<game gamecode="6587994698"><general>
<startdate>2026-01-09 00:05:27</startdate>
<round>1</round>
<failsafecounter/>
<players><player seat="6" name="M1ky3ste92" chips="920" dealer="0" win="0" bet="196" muck="1" rebuy="0" addon="0" merge="0" rebuychips="0" reg_code="5087680918"/>
<player seat="10" name="Aomanuahi" chips="580" dealer="1" win="392" bet="196" muck="0" rebuy="0" addon="0" merge="0" rebuychips="0" reg_code="5087680970"/>
</players>
</general>
<round no="0"><action no="1" player="Aomanuahi" type="15" discard="1" dealt="1" sum="5"/>
<action no="2" player="M1ky3ste92" type="15" sum="5"/>
<action no="3" player="Aomanuahi" type="1" discard="1" dealt="1" sum="20"/>
<action no="4" player="M1ky3ste92" type="2" sum="40"/>
</round>
<round no="1"><cards type="Pocket" player="Aomanuahi">H5 S8</cards>
<cards type="Pocket" player="M1ky3ste92">D7 DK</cards>
<action no="5" player="Aomanuahi" type="3" discard="1" dealt="1" sum="20"/>
<action no="6" player="M1ky3ste92" type="4" sum="0"/>
</round>
<round no="2"><cards type="Flop">S10 D10 C5</cards>
<action no="7" player="M1ky3ste92" type="4" sum="0"/>
<action no="8" player="Aomanuahi" type="5" discard="1" dealt="1" sum="40"/>
<action no="9" player="M1ky3ste92" type="3" sum="40"/>
</round>
<round no="3"><cards type="Turn">H2</cards>
<action no="10" player="M1ky3ste92" type="4" sum="0"/>
<action no="11" player="Aomanuahi" type="4" discard="1" dealt="1" sum="0"/>
</round>
<round no="4"><cards type="River">CA</cards>
<action no="12" player="M1ky3ste92" type="4" sum="0"/>
<action no="13" player="Aomanuahi" type="5" discard="1" dealt="1" sum="111"/>
<action no="14" player="M1ky3ste92" type="3" sum="111"/>
</round>
</game>
<game gamecode="6587994893"><general>
<startdate>2026-01-09 00:06:01</startdate>
<round>1</round>
<failsafecounter/>
<players><player seat="10" name="Aomanuahi" chips="776" dealer="0" win="0" bet="125" muck="1" rebuy="0" addon="0" merge="0" rebuychips="0" reg_code="5087680970"/>
<player seat="6" name="M1ky3ste92" chips="724" dealer="1" win="250" bet="245" muck="1" rebuy="0" addon="0" merge="0" rebuychips="0" reg_code="5087680918"/>
</players>
</general>
<round no="0"><action no="1" player="M1ky3ste92" type="15" sum="5"/>
<action no="2" player="Aomanuahi" type="15" discard="1" dealt="1" sum="5"/>
<action no="3" player="M1ky3ste92" type="1" sum="30"/>
<action no="4" player="Aomanuahi" type="2" discard="1" dealt="1" sum="60"/>
</round>
<round no="1"><cards type="Pocket" player="M1ky3ste92">S7 H9</cards>
<cards type="Pocket" player="Aomanuahi">X X</cards>
<action no="5" player="M1ky3ste92" type="3" sum="30"/>
<action no="6" player="Aomanuahi" type="4" discard="1" dealt="1" sum="0"/>
</round>
<round no="2"><cards type="Flop">SJ D10 D2</cards>
<action no="7" player="Aomanuahi" type="4" discard="1" dealt="1" sum="0"/>
<action no="8" player="M1ky3ste92" type="5" sum="60"/>
<action no="9" player="Aomanuahi" type="3" discard="1" dealt="1" sum="60"/>
</round>
<round no="3"><cards type="Turn">SA</cards>
<action no="10" player="Aomanuahi" type="4" discard="1" dealt="1" sum="0"/>
<action no="11" player="M1ky3ste92" type="5" sum="120"/>
<action no="12" player="Aomanuahi" type="0" discard="1" dealt="1" sum="0"/>
</round>
</game>
<game gamecode="6587995087"><general>
<startdate>2026-01-09 00:06:34</startdate>
<round>1</round>
<failsafecounter/>
<players><player seat="6" name="M1ky3ste92" chips="849" dealer="0" win="1,302" bet="849" muck="0" rebuy="0" addon="0" merge="0" rebuychips="0" reg_code="5087680918"/>
<player seat="10" name="Aomanuahi" chips="651" dealer="1" win="0" bet="651" muck="1" rebuy="0" addon="0" merge="0" rebuychips="0" reg_code="5087680970"/>
</players>
</general>
<round no="0"><action no="1" player="Aomanuahi" type="15" discard="1" dealt="1" sum="5"/>
<action no="2" player="M1ky3ste92" type="15" sum="5"/>
<action no="3" player="Aomanuahi" type="1" discard="1" dealt="1" sum="30"/>
<action no="4" player="M1ky3ste92" type="2" sum="60"/>
</round>
<round no="1"><cards type="Pocket" player="M1ky3ste92">D8 HA</cards>
<cards type="Pocket" player="Aomanuahi">CA C6</cards>
<action no="5" player="Aomanuahi" type="3" discard="1" dealt="1" sum="30"/>
<action no="6" player="M1ky3ste92" type="23" sum="844"/>
<action no="7" player="Aomanuahi" type="7" discard="1" dealt="1" sum="586"/>
</round>
<round no="2"><cards type="Flop">C8 S2 H7</cards>
</round>
<round no="3"><cards type="Turn">C2</cards>
</round>
<round no="4"><cards type="River">D2</cards>
</round>
</game>
</session>
