<?xml version="1.0" encoding="UTF-8"?>
<session sessioncode="5087004478">
<general>
<client_version>24.7.1.18</client_version>
<mode>real</mode>
<gametype>Holdem NL</gametype>
<tablename>Twister €100 SNG, 825806085</tablename>
<tournamentcode>825806084</tournamentcode>
<tournamentname>Twister €100 SNG</tournamentname>
<buyin>€0 + €7 + €93</buyin>
<totalbuyin>€100</totalbuyin>
<rewarddrawn>€400</rewarddrawn>
<tournamentcurrency>EUR</tournamentcurrency>
<currency>EUR</currency>
<nickname>M1ky3ste92</nickname>
<gamecount>21</gamecount>
<startdate>2026-01-06 19:41:08</startdate>
<place>2</place>
<win>€0</win>
<tablesize>3</tablesize>
</general>
<game gamecode="6585466310"><general>
<startdate>2026-01-06 19:41:23</startdate>
<round>1</round>
<failsafecounter/>
<players><player seat="3" name="Tiuualex" chips="500" dealer="0" win="0" bet="90" muck="1" rebuy="0" addon="0" merge="0" rebuychips="0" reg_code="5087003522"/>
<player seat="6" name="Abate89" chips="500" dealer="1" win="200" bet="190" muck="1" rebuy="0" addon="0" merge="0" rebuychips="0" reg_code="5087004111"/>
<player seat="10" name="M1ky3ste92" chips="500" dealer="0" win="0" bet="20" muck="1" rebuy="0" addon="0" merge="0" rebuychips="0" reg_code="5087004478"/>
</players>
</general>
<round no="0"><action no="1" player="M1ky3ste92" type="1" sum="10"/>
<action no="2" player="Tiuualex" type="2" discard="1" dealt="1" sum="20"/>
</round>
<round no="1"><cards type="Pocket" player="M1ky3ste92">H2 SK</cards>
<cards type="Pocket" player="Abate89">X X</cards>
<cards type="Pocket" player="Tiuualex">X X</cards>
<action no="3" player="Abate89" type="3" discard="1" dealt="1" sum="20"/>
<action no="4" player="M1ky3ste92" type="3" sum="10"/>
<action no="5" player="Tiuualex" type="4" discard="1" dealt="1" sum="0"/>
</round>
<round no="2"><cards type="Flop">D4 H10 S8</cards>
<action no="6" player="M1ky3ste92" type="4" sum="0"/>
<action no="7" player="Tiuualex" type="4" discard="1" dealt="1" sum="0"/>
<action no="8" player="Abate89" type="5" discard="1" dealt="1" sum="20"/>
<action no="9" player="M1ky3ste92" type="0" sum="0"/>
<action no="10" player="Tiuualex" type="3" discard="1" dealt="1" sum="20"/>
</round>
<round no="3"><cards type="Turn">SA</cards>
<action no="11" player="Tiuualex" type="4" discard="1" dealt="1" sum="0"/>
<action no="12" player="Abate89" type="5" discard="1" dealt="1" sum="50"/>
<action no="13" player="Tiuualex" type="3" discard="1" dealt="1" sum="50"/>
</round>
<round no="4"><cards type="River">D2</cards>
<action no="14" player="Tiuualex" type="4" discard="1" dealt="1" sum="0"/>
<action no="15" player="Abate89" type="5" discard="1" dealt="1" sum="100"/>
<action no="16" player="Tiuualex" type="0" discard="1" dealt="1" sum="0"/>
</round>
</game>
<game gamecode="6585466680"><general>
<startdate>2026-01-06 19:42:16</startdate>
<round>1</round>
<failsafecounter/>
<players><player seat="6" name="Abate89" chips="610" dealer="0" win="20" bet="20" muck="1" rebuy="0" addon="0" merge="0" rebuychips="0" reg_code="5087004111"/>
<player seat="10" name="M1ky3ste92" chips="480" dealer="1" win="0" bet="0" muck="1" rebuy="0" addon="0" merge="0" rebuychips="0" reg_code="5087004478"/>
<player seat="3" name="Tiuualex" chips="410" dealer="0" win="0" bet="10" muck="1" rebuy="0" addon="0" merge="0" rebuychips="0" reg_code="5087003522"/>
</players>
</general>
<round no="0"><action no="1" player="Tiuualex" type="1" discard="1" dealt="1" sum="10"/>
<action no="2" player="Abate89" type="2" discard="1" dealt="1" sum="20"/>
</round>
<round no="1"><cards type="Pocket" player="M1ky3ste92">HK S5</cards>
<cards type="Pocket" player="Tiuualex">X X</cards>
<cards type="Pocket" player="Abate89">X X</cards>
<action no="3" player="M1ky3ste92" type="0" sum="0"/>
<action no="4" player="Tiuualex" type="0" discard="1" dealt="1" sum="0"/>
</round>
</game>
<game gamecode="6585466720"><general>
<startdate>2026-01-06 19:42:22</startdate>
<round>1</round>
<failsafecounter/>
<players><player seat="10" name="M1ky3ste92" chips="480" dealer="0" win="0" bet="240" muck="1" rebuy="0" addon="0" merge="0" rebuychips="0" reg_code="5087004478"/>
<player seat="3" name="Tiuualex" chips="400" dealer="1" win="0" bet="0" muck="1" rebuy="0" addon="0" merge="0" rebuychips="0" reg_code="5087003522"/>
<player seat="6" name="Abate89" chips="620" dealer="0" win="480" bet="620" muck="1" rebuy="0" addon="0" merge="0" rebuychips="0" reg_code="5087004111"/>
</players>
</general>
<round no="0"><action no="1" player="Abate89" type="1" discard="1" dealt="1" sum="10"/>
<action no="2" player="M1ky3ste92" type="2" sum="20"/>
</round>
<round no="1"><cards type="Pocket" player="Tiuualex">X X</cards>
<cards type="Pocket" player="M1ky3ste92">C8 H8</cards>
<cards type="Pocket" player="Abate89">X X</cards>
<action no="3" player="Tiuualex" type="0" discard="1" dealt="1" sum="0"/>
<action no="4" player="Abate89" type="3" discard="1" dealt="1" sum="10"/>
<action no="5" player="M1ky3ste92" type="23" sum="60"/>
<action no="6" player="Abate89" type="3" discard="1" dealt="1" sum="40"/>
</round>
<round no="2"><cards type="Flop">C5 S8 D7</cards>
<action no="7" player="Abate89" type="4" discard="1" dealt="1" sum="0"/>
<action no="8" player="M1ky3ste92" type="5" sum="60"/>
<action no="9" player="Abate89" type="3" discard="1" dealt="1" sum="60"/>
</round>
<round no="3"><cards type="Turn">S9</cards>
<action no="10" player="Abate89" type="4" discard="1" dealt="1" sum="0"/>
<action no="11" player="M1ky3ste92" type="4" sum="0"/>
</round>
<round no="4"><cards type="River">HK</cards>
<action no="12" player="Abate89" type="4" discard="1" dealt="1" sum="0"/>
<action no="13" player="M1ky3ste92" type="5" sum="120"/>
<action no="14" player="Abate89" type="23" discard="1" dealt="1" sum="500"/>
<action no="15" player="M1ky3ste92" type="0" sum="0"/>
</round>
</game>
<game gamecode="6585471310"><general>
<startdate>2026-01-06 19:43:24</startdate>
<round>1</round>
<failsafecounter/>
<players><player seat="3" name="Tiuualex" chips="400" dealer="0" win="0" bet="400" muck="0" rebuy="0" addon="0" merge="0" rebuychips="0" reg_code="5087003522"/>
<player seat="6" name="Abate89" chips="860" dealer="1" win="320" bet="400" muck="0" rebuy="0" addon="0" merge="0" rebuychips="0" reg_code="5087004111"/>
<player seat="10" name="M1ky3ste92" chips="240" dealer="0" win="720" bet="240" muck="0" rebuy="0" addon="0" merge="0" rebuychips="0" reg_code="5087004478"/>
</players>
</general>
<round no="0"><action no="1" player="M1ky3ste92" type="15" sum="5"/>
<action no="2" player="Tiuualex" type="15" discard="1" dealt="1" sum="5"/>
<action no="3" player="Abate89" type="15" discard="1" dealt="1" sum="5"/>
<action no="4" player="M1ky3ste92" type="1" sum="15"/>
<action no="5" player="Tiuualex" type="2" discard="1" dealt="1" sum="30"/>
</round>
<round no="1"><cards type="Pocket" player="Abate89">DJ D3</cards>
<cards type="Pocket" player="Tiuualex">C7 HA</cards>
<cards type="Pocket" player="M1ky3ste92">C10 SA</cards>
<action no="6" player="Abate89" type="3" discard="1" dealt="1" sum="30"/>
<action no="7" player="M1ky3ste92" type="23" sum="235"/>
<action no="8" player="Tiuualex" type="7" discard="1" dealt="1" sum="365"/>
<action no="9" player="Abate89" type="3" discard="1" dealt="1" sum="365"/>
</round>
<round no="2"><cards type="Flop">H4 S3 HK</cards>
</round>
<round no="3"><cards type="Turn">H6</cards>
</round>
<round no="4"><cards type="River">D10</cards>
</round>
</game>
<game gamecode="6585471467"><general>
<startdate>2026-01-06 19:43:46</startdate>
<round>1</round>
<failsafecounter/>
<players><player seat="6" name="Abate89" chips="780" dealer="0" win="40" bet="35" muck="1" rebuy="0" addon="0" merge="0" rebuychips="0" reg_code="5087004111"/>
<player seat="10" name="M1ky3ste92" chips="720" dealer="1" win="0" bet="20" muck="1" rebuy="0" addon="0" merge="0" rebuychips="0" reg_code="5087004478"/>
</players>
</general>
<round no="0"><action no="1" player="M1ky3ste92" type="15" sum="5"/>
<action no="2" player="Abate89" type="15" discard="1" dealt="1" sum="5"/>
<action no="3" player="M1ky3ste92" type="1" sum="15"/>
<action no="4" player="Abate89" type="2" discard="1" dealt="1" sum="30"/>
</round>
<round no="1"><cards type="Pocket" player="Abate89">X X</cards>
<cards type="Pocket" player="M1ky3ste92">C3 D7</cards>
<action no="5" player="M1ky3ste92" type="0" sum="0"/>
</round>
</game>
<game gamecode="6585471503"><general>
<startdate>2026-01-06 19:43:51</startdate>
<round>1</round>
<failsafecounter/>
<players><player seat="10" name="M1ky3ste92" chips="700" dealer="0" win="0" bet="35" muck="1" rebuy="0" addon="0" merge="0" rebuychips="0" reg_code="5087004478"/>
<player seat="6" name="Abate89" chips="800" dealer="1" win="70" bet="65" muck="1" rebuy="0" addon="0" merge="0" rebuychips="0" reg_code="5087004111"/>
</players>
</general>
<round no="0"><action no="1" player="Abate89" type="15" discard="1" dealt="1" sum="5"/>
<action no="2" player="M1ky3ste92" type="15" sum="5"/>
<action no="3" player="Abate89" type="1" discard="1" dealt="1" sum="15"/>
<action no="4" player="M1ky3ste92" type="2" sum="30"/>
</round>
<round no="1"><cards type="Pocket" player="M1ky3ste92">HK H2</cards>
<cards type="Pocket" player="Abate89">X X</cards>
<action no="5" player="Abate89" type="3" discard="1" dealt="1" sum="15"/>
<action no="6" player="M1ky3ste92" type="4" sum="0"/>
</round>
<round no="2"><cards type="Flop">DQ H6 SA</cards>
<action no="7" player="M1ky3ste92" type="4" sum="0"/>
<action no="8" player="Abate89" type="4" discard="1" dealt="1" sum="0"/>
</round>
<round no="3"><cards type="Turn">S5</cards>
<action no="9" player="M1ky3ste92" type="4" sum="0"/>
<action no="10" player="Abate89" type="4" discard="1" dealt="1" sum="0"/>
</round>
<round no="4"><cards type="River">S9</cards>
<action no="11" player="M1ky3ste92" type="4" sum="0"/>
<action no="12" player="Abate89" type="5" discard="1" dealt="1" sum="30"/>
<action no="13" player="M1ky3ste92" type="0" sum="0"/>
</round>
</game>
<game gamecode="6585471606"><general>
<startdate>2026-01-06 19:44:06</startdate>
<round>1</round>
<failsafecounter/>
<players><player seat="6" name="Abate89" chips="835" dealer="0" win="380" bet="190" muck="0" rebuy="0" addon="0" merge="0" rebuychips="0" reg_code="5087004111"/>
<player seat="10" name="M1ky3ste92" chips="665" dealer="1" win="0" bet="190" muck="1" rebuy="0" addon="0" merge="0" rebuychips="0" reg_code="5087004478"/>
</players>
</general>
<round no="0"><action no="1" player="M1ky3ste92" type="15" sum="5"/>
<action no="2" player="Abate89" type="15" discard="1" dealt="1" sum="5"/>
<action no="3" player="M1ky3ste92" type="1" sum="15"/>
<action no="4" player="Abate89" type="2" discard="1" dealt="1" sum="30"/>
</round>
<round no="1"><cards type="Pocket" player="M1ky3ste92">SQ S9</cards>
<cards type="Pocket" player="Abate89">SK D9</cards>
<action no="5" player="M1ky3ste92" type="23" sum="60"/>
<action no="6" player="Abate89" type="3" discard="1" dealt="1" sum="30"/>
</round>
<round no="2"><cards type="Flop">D3 H8 H6</cards>
<action no="7" player="Abate89" type="4" discard="1" dealt="1" sum="0"/>
<action no="8" player="M1ky3ste92" type="4" sum="0"/>
</round>
<round no="3"><cards type="Turn">CQ</cards>
<action no="9" player="Abate89" type="5" discard="1" dealt="1" sum="30"/>
<action no="10" player="M1ky3ste92" type="3" sum="30"/>
</round>
<round no="4"><cards type="River">CK</cards>
<action no="11" player="Abate89" type="5" discard="1" dealt="1" sum="95"/>
<action no="12" player="M1ky3ste92" type="3" sum="95"/>
</round>
</game>
<game gamecode="6585471743"><general>
<startdate>2026-01-06 19:44:24</startdate>
<round>1</round>
<failsafecounter/>
<players><player seat="10" name="M1ky3ste92" chips="475" dealer="0" win="140" bet="140" muck="0" rebuy="0" addon="0" merge="0" rebuychips="0" reg_code="5087004478"/>
<player seat="6" name="Abate89" chips="1,025" dealer="1" win="140" bet="140" muck="0" rebuy="0" addon="0" merge="0" rebuychips="0" reg_code="5087004111"/>
</players>
</general>
<round no="0"><action no="1" player="Abate89" type="15" discard="1" dealt="1" sum="5"/>
<action no="2" player="M1ky3ste92" type="15" sum="5"/>
<action no="3" player="Abate89" type="1" discard="1" dealt="1" sum="15"/>
<action no="4" player="M1ky3ste92" type="2" sum="30"/>
</round>
<round no="1"><cards type="Pocket" player="M1ky3ste92">D10 S5</cards>
<cards type="Pocket" player="Abate89">C10 H5</cards>
<action no="5" player="Abate89" type="3" discard="1" dealt="1" sum="15"/>
<action no="6" player="M1ky3ste92" type="4" sum="0"/>
</round>
<round no="2"><cards type="Flop">S9 SK S8</cards>
<action no="7" player="M1ky3ste92" type="4" sum="0"/>
<action no="8" player="Abate89" type="4" discard="1" dealt="1" sum="0"/>
</round>
<round no="3"><cards type="Turn">H10</cards>
<action no="9" player="M1ky3ste92" type="4" sum="0"/>
<action no="10" player="Abate89" type="5" discard="1" dealt="1" sum="35"/>
<action no="11" player="M1ky3ste92" type="3" sum="35"/>
</round>
<round no="4"><cards type="River">D8</cards>
<action no="12" player="M1ky3ste92" type="4" sum="0"/>
<action no="13" player="Abate89" type="5" discard="1" dealt="1" sum="70"/>
<action no="14" player="M1ky3ste92" type="3" sum="70"/>
</round>
</game>
<game gamecode="6585471863"><general>
<startdate>2026-01-06 19:44:41</startdate>
<round>1</round>
<failsafecounter/>
<players><player seat="6" name="Abate89" chips="1,025" dealer="0" win="0" bet="65" muck="1" rebuy="0" addon="0" merge="0" rebuychips="0" reg_code="5087004111"/>
<player seat="10" name="M1ky3ste92" chips="475" dealer="1" win="130" bet="125" muck="1" rebuy="0" addon="0" merge="0" rebuychips="0" reg_code="5087004478"/>
</players>
</general>
<round no="0"><action no="1" player="M1ky3ste92" type="15" sum="5"/>
<action no="2" player="Abate89" type="15" discard="1" dealt="1" sum="5"/>
<action no="3" player="M1ky3ste92" type="1" sum="15"/>
<action no="4" player="Abate89" type="2" discard="1" dealt="1" sum="30"/>
</round>
<round no="1"><cards type="Pocket" player="Abate89">X X</cards>
<cards type="Pocket" player="M1ky3ste92">D9 D5</cards>
<action no="5" player="M1ky3ste92" type="3" sum="15"/>
<action no="6" player="Abate89" type="4" discard="1" dealt="1" sum="0"/>
</round>
<round no="2"><cards type="Flop">H4 D7 S2</cards>
<action no="7" player="Abate89" type="4" discard="1" dealt="1" sum="0"/>
<action no="8" player="M1ky3ste92" type="4" sum="0"/>
</round>
<round no="3"><cards type="Turn">S9</cards>
<action no="9" player="Abate89" type="5" discard="1" dealt="1" sum="30"/>
<action no="10" player="M1ky3ste92" type="3" sum="30"/>
</round>
<round no="4"><cards type="River">SQ</cards>
<action no="11" player="Abate89" type="4" discard="1" dealt="1" sum="0"/>
<action no="12" player="M1ky3ste92" type="5" sum="60"/>
<action no="13" player="Abate89" type="0" discard="1" dealt="1" sum="0"/>
</round>
</game>
<game gamecode="6585471994"><general>
<startdate>2026-01-06 19:44:59</startdate>
<round>1</round>
<failsafecounter/>
<players><player seat="10" name="M1ky3ste92" chips="540" dealer="0" win="0" bet="210" muck="1" rebuy="0" addon="0" merge="0" rebuychips="0" reg_code="5087004478"/>
<player seat="6" name="Abate89" chips="960" dealer="1" win="420" bet="210" muck="0" rebuy="0" addon="0" merge="0" rebuychips="0" reg_code="5087004111"/>
</players>
</general>
<round no="0"><action no="1" player="Abate89" type="15" discard="1" dealt="1" sum="5"/>
<action no="2" player="M1ky3ste92" type="15" sum="5"/>
<action no="3" player="Abate89" type="1" discard="1" dealt="1" sum="15"/>
<action no="4" player="M1ky3ste92" type="2" sum="30"/>
</round>
<round no="1"><cards type="Pocket" player="M1ky3ste92">S9 S6</cards>
<cards type="Pocket" player="Abate89">C9 DJ</cards>
<action no="5" player="Abate89" type="3" discard="1" dealt="1" sum="15"/>
<action no="6" player="M1ky3ste92" type="4" sum="0"/>
</round>
<round no="2"><cards type="Flop">DA D9 S3</cards>
<action no="7" player="M1ky3ste92" type="4" sum="0"/>
<action no="8" player="Abate89" type="4" discard="1" dealt="1" sum="0"/>
</round>
<round no="3"><cards type="Turn">D8</cards>
<action no="9" player="M1ky3ste92" type="4" sum="0"/>
<action no="10" player="Abate89" type="5" discard="1" dealt="1" sum="70"/>
<action no="11" player="M1ky3ste92" type="3" sum="70"/>
</round>
<round no="4"><cards type="River">SA</cards>
<action no="12" player="M1ky3ste92" type="4" sum="0"/>
<action no="13" player="Abate89" type="5" discard="1" dealt="1" sum="105"/>
<action no="14" player="M1ky3ste92" type="3" sum="105"/>
</round>
</game>
<game gamecode="6585472163"><general>
<startdate>2026-01-06 19:45:25</startdate>
<round>1</round>
<failsafecounter/>
<players><player seat="6" name="Abate89" chips="1,170" dealer="0" win="0" bet="330" muck="1" rebuy="0" addon="0" merge="0" rebuychips="0" reg_code="5087004111"/>
<player seat="10" name="M1ky3ste92" chips="330" dealer="1" win="660" bet="330" muck="0" rebuy="0" addon="0" merge="0" rebuychips="0" reg_code="5087004478"/>
</players>
</general>
<round no="0"><action no="1" player="M1ky3ste92" type="15" sum="5"/>
<action no="2" player="Abate89" type="15" discard="1" dealt="1" sum="5"/>
<action no="3" player="M1ky3ste92" type="1" sum="20"/>
<action no="4" player="Abate89" type="2" discard="1" dealt="1" sum="40"/>
</round>
<round no="1"><cards type="Pocket" player="Abate89">S7 CK</cards>
<cards type="Pocket" player="M1ky3ste92">SQ CJ</cards>
<action no="5" player="M1ky3ste92" type="23" sum="325"/>
<action no="6" player="Abate89" type="3" discard="1" dealt="1" sum="285"/>
</round>
<round no="2"><cards type="Flop">D2 C7 CA</cards>
</round>
<round no="3"><cards type="Turn">DJ</cards>
</round>
<round no="4"><cards type="River">D6</cards>
</round>
</game>
<game gamecode="6585472277"><general>
<startdate>2026-01-06 19:45:41</startdate>
<round>1</round>
<failsafecounter/>
<players><player seat="10" name="M1ky3ste92" chips="660" dealer="0" win="340" bet="170" muck="0" rebuy="0" addon="0" merge="0" rebuychips="0" reg_code="5087004478"/>
<player seat="6" name="Abate89" chips="840" dealer="1" win="0" bet="170" muck="0" rebuy="0" addon="0" merge="0" rebuychips="0" reg_code="5087004111"/>
</players>
</general>
<round no="0"><action no="1" player="Abate89" type="15" discard="1" dealt="1" sum="5"/>
<action no="2" player="M1ky3ste92" type="15" sum="5"/>
<action no="3" player="Abate89" type="1" discard="1" dealt="1" sum="20"/>
<action no="4" player="M1ky3ste92" type="2" sum="40"/>
</round>
<round no="1"><cards type="Pocket" player="Abate89">H3 D8</cards>
<cards type="Pocket" player="M1ky3ste92">HK C7</cards>
<action no="5" player="Abate89" type="3" discard="1" dealt="1" sum="20"/>
<action no="6" player="M1ky3ste92" type="4" sum="0"/>
</round>
<round no="2"><cards type="Flop">SK DQ S6</cards>
<action no="7" player="M1ky3ste92" type="4" sum="0"/>
<action no="8" player="Abate89" type="4" discard="1" dealt="1" sum="0"/>
</round>
<round no="3"><cards type="Turn">CA</cards>
<action no="9" player="M1ky3ste92" type="4" sum="0"/>
<action no="10" player="Abate89" type="5" discard="1" dealt="1" sum="40"/>
<action no="11" player="M1ky3ste92" type="3" sum="40"/>
</round>
<round no="4"><cards type="River">SQ</cards>
<action no="12" player="M1ky3ste92" type="4" sum="0"/>
<action no="13" player="Abate89" type="5" discard="1" dealt="1" sum="85"/>
<action no="14" player="M1ky3ste92" type="3" sum="85"/>
</round>
</game>
<game gamecode="6585472408"><general>
<startdate>2026-01-06 19:46:01</startdate>
<round>1</round>
<failsafecounter/>
<players><player seat="6" name="Abate89" chips="670" dealer="0" win="0" bet="45" muck="1" rebuy="0" addon="0" merge="0" rebuychips="0" reg_code="5087004111"/>
<player seat="10" name="M1ky3ste92" chips="830" dealer="1" win="90" bet="830" muck="1" rebuy="0" addon="0" merge="0" rebuychips="0" reg_code="5087004478"/>
</players>
</general>
<round no="0"><action no="1" player="M1ky3ste92" type="15" sum="5"/>
<action no="2" player="Abate89" type="15" discard="1" dealt="1" sum="5"/>
<action no="3" player="M1ky3ste92" type="1" sum="20"/>
<action no="4" player="Abate89" type="2" discard="1" dealt="1" sum="40"/>
</round>
<round no="1"><cards type="Pocket" player="Abate89">X X</cards>
<cards type="Pocket" player="M1ky3ste92">DA S8</cards>
<action no="5" player="M1ky3ste92" type="23" sum="825"/>
<action no="6" player="Abate89" type="0" discard="1" dealt="1" sum="0"/>
</round>
</game>
<game gamecode="6585472477"><general>
<startdate>2026-01-06 19:46:10</startdate>
<round>1</round>
<failsafecounter/>
<players><player seat="10" name="M1ky3ste92" chips="875" dealer="0" win="0" bet="45" muck="1" rebuy="0" addon="0" merge="0" rebuychips="0" reg_code="5087004478"/>
<player seat="6" name="Abate89" chips="625" dealer="1" win="90" bet="85" muck="1" rebuy="0" addon="0" merge="0" rebuychips="0" reg_code="5087004111"/>
</players>
</general>
<round no="0"><action no="1" player="Abate89" type="15" discard="1" dealt="1" sum="5"/>
<action no="2" player="M1ky3ste92" type="15" sum="5"/>
<action no="3" player="Abate89" type="1" discard="1" dealt="1" sum="20"/>
<action no="4" player="M1ky3ste92" type="2" sum="40"/>
</round>
<round no="1"><cards type="Pocket" player="Abate89">X X</cards>
<cards type="Pocket" player="M1ky3ste92">H7 DQ</cards>
<action no="5" player="Abate89" type="23" discard="1" dealt="1" sum="80"/>
<action no="6" player="M1ky3ste92" type="0" sum="0"/>
</round>
</game>
<game gamecode="6585472528"><general>
<startdate>2026-01-06 19:46:18</startdate>
<round>1</round>
<failsafecounter/>
<players><player seat="6" name="Abate89" chips="670" dealer="0" win="50" bet="45" muck="1" rebuy="0" addon="0" merge="0" rebuychips="0" reg_code="5087004111"/>
<player seat="10" name="M1ky3ste92" chips="830" dealer="1" win="0" bet="25" muck="1" rebuy="0" addon="0" merge="0" rebuychips="0" reg_code="5087004478"/>
</players>
</general>
<round no="0"><action no="1" player="M1ky3ste92" type="15" sum="5"/>
<action no="2" player="Abate89" type="15" discard="1" dealt="1" sum="5"/>
<action no="3" player="M1ky3ste92" type="1" sum="20"/>
<action no="4" player="Abate89" type="2" discard="1" dealt="1" sum="40"/>
</round>
<round no="1"><cards type="Pocket" player="Abate89">X X</cards>
<cards type="Pocket" player="M1ky3ste92">C4 S9</cards>
<action no="5" player="M1ky3ste92" type="0" sum="0"/>
</round>
</game>
<game gamecode="6585472563"><general>
<startdate>2026-01-06 19:46:24</startdate>
<round>1</round>
<failsafecounter/>
<players><player seat="10" name="M1ky3ste92" chips="805" dealer="0" win="0" bet="805" muck="0" rebuy="0" addon="0" merge="0" rebuychips="0" reg_code="5087004478"/>
<player seat="6" name="Abate89" chips="695" dealer="1" win="1,390" bet="695" muck="0" rebuy="0" addon="0" merge="0" rebuychips="0" reg_code="5087004111"/>
</players>
</general>
<round no="0"><action no="1" player="Abate89" type="15" discard="1" dealt="1" sum="5"/>
<action no="2" player="M1ky3ste92" type="15" sum="5"/>
<action no="3" player="Abate89" type="1" discard="1" dealt="1" sum="20"/>
<action no="4" player="M1ky3ste92" type="2" sum="40"/>
</round>
<round no="1"><cards type="Pocket" player="Abate89">DJ SQ</cards>
<cards type="Pocket" player="M1ky3ste92">C10 D10</cards>
<action no="5" player="Abate89" type="23" discard="1" dealt="1" sum="80"/>
<action no="6" player="M1ky3ste92" type="23" sum="800"/>
<action no="7" player="Abate89" type="7" discard="1" dealt="1" sum="610"/>
</round>
<round no="2"><cards type="Flop">S4 H9 C2</cards>
</round>
<round no="3"><cards type="Turn">HQ</cards>
</round>
<round no="4"><cards type="River">CK</cards>
</round>
</game>
<game gamecode="6585472686"><general>
<startdate>2026-01-06 19:46:42</startdate>
<round>1</round>
<failsafecounter/>
<players><player seat="6" name="Abate89" chips="1,390" dealer="0" win="0" bet="110" muck="1" rebuy="0" addon="0" merge="0" rebuychips="0" reg_code="5087004111"/>
<player seat="10" name="M1ky3ste92" chips="110" dealer="1" win="220" bet="110" muck="0" rebuy="0" addon="0" merge="0" rebuychips="0" reg_code="5087004478"/>
</players>
</general>
<round no="0"><action no="1" player="M1ky3ste92" type="15" sum="5"/>
<action no="2" player="Abate89" type="15" discard="1" dealt="1" sum="5"/>
<action no="3" player="M1ky3ste92" type="1" sum="20"/>
<action no="4" player="Abate89" type="2" discard="1" dealt="1" sum="40"/>
</round>
<round no="1"><cards type="Pocket" player="Abate89">S3 H10</cards>
<cards type="Pocket" player="M1ky3ste92">S7 C9</cards>
<action no="5" player="M1ky3ste92" type="23" sum="105"/>
<action no="6" player="Abate89" type="3" discard="1" dealt="1" sum="65"/>
</round>
<round no="2"><cards type="Flop">HQ C2 H2</cards>
</round>
<round no="3"><cards type="Turn">DQ</cards>
</round>
<round no="4"><cards type="River">D9</cards>
</round>
</game>
<game gamecode="6585472782"><general>
<startdate>2026-01-06 19:46:57</startdate>
<round>1</round>
<failsafecounter/>
<players><player seat="10" name="M1ky3ste92" chips="220" dealer="0" win="0" bet="45" muck="1" rebuy="0" addon="0" merge="0" rebuychips="0" reg_code="5087004478"/>
<player seat="6" name="Abate89" chips="1,280" dealer="1" win="90" bet="85" muck="1" rebuy="0" addon="0" merge="0" rebuychips="0" reg_code="5087004111"/>
</players>
</general>
<round no="0"><action no="1" player="Abate89" type="15" discard="1" dealt="1" sum="5"/>
<action no="2" player="M1ky3ste92" type="15" sum="5"/>
<action no="3" player="Abate89" type="1" discard="1" dealt="1" sum="20"/>
<action no="4" player="M1ky3ste92" type="2" sum="40"/>
</round>
<round no="1"><cards type="Pocket" player="M1ky3ste92">H4 H9</cards>
<cards type="Pocket" player="Abate89">X X</cards>
<action no="5" player="Abate89" type="3" discard="1" dealt="1" sum="20"/>
<action no="6" player="M1ky3ste92" type="4" sum="0"/>
</round>
<round no="2"><cards type="Flop">SQ H10 DA</cards>
<action no="7" player="M1ky3ste92" type="4" sum="0"/>
<action no="8" player="Abate89" type="4" discard="1" dealt="1" sum="0"/>
</round>
<round no="3"><cards type="Turn">DQ</cards>
<action no="9" player="M1ky3ste92" type="4" sum="0"/>
<action no="10" player="Abate89" type="5" discard="1" dealt="1" sum="40"/>
<action no="11" player="M1ky3ste92" type="0" sum="0"/>
</round>
</game>
<game gamecode="6585472866"><general>
<startdate>2026-01-06 19:47:09</startdate>
<round>1</round>
<failsafecounter/>
<players><player seat="6" name="Abate89" chips="1,325" dealer="0" win="50" bet="45" muck="1" rebuy="0" addon="0" merge="0" rebuychips="0" reg_code="5087004111"/>
<player seat="10" name="M1ky3ste92" chips="175" dealer="1" win="0" bet="25" muck="1" rebuy="0" addon="0" merge="0" rebuychips="0" reg_code="5087004478"/>
</players>
</general>
<round no="0"><action no="1" player="M1ky3ste92" type="15" sum="5"/>
<action no="2" player="Abate89" type="15" discard="1" dealt="1" sum="5"/>
<action no="3" player="M1ky3ste92" type="1" sum="20"/>
<action no="4" player="Abate89" type="2" discard="1" dealt="1" sum="40"/>
</round>
<round no="1"><cards type="Pocket" player="Abate89">X X</cards>
<cards type="Pocket" player="M1ky3ste92">D7 S2</cards>
<action no="5" player="M1ky3ste92" type="0" sum="0"/>
</round>
</game>
<game gamecode="6585472897"><general>
<startdate>2026-01-06 19:47:14</startdate>
<round>1</round>
<failsafecounter/>
<players><player seat="10" name="M1ky3ste92" chips="150" dealer="0" win="300" bet="150" muck="0" rebuy="0" addon="0" merge="0" rebuychips="0" reg_code="5087004478"/>
<player seat="6" name="Abate89" chips="1,350" dealer="1" win="0" bet="150" muck="1" rebuy="0" addon="0" merge="0" rebuychips="0" reg_code="5087004111"/>
</players>
</general>
<round no="0"><action no="1" player="Abate89" type="15" discard="1" dealt="1" sum="5"/>
<action no="2" player="M1ky3ste92" type="15" sum="5"/>
<action no="3" player="Abate89" type="1" discard="1" dealt="1" sum="20"/>
<action no="4" player="M1ky3ste92" type="2" sum="40"/>
</round>
<round no="1"><cards type="Pocket" player="Abate89">DJ SK</cards>
<cards type="Pocket" player="M1ky3ste92">HA H4</cards>
<action no="5" player="Abate89" type="23" discard="1" dealt="1" sum="80"/>
<action no="6" player="M1ky3ste92" type="23" sum="145"/>
<action no="7" player="Abate89" type="3" discard="1" dealt="1" sum="65"/>
</round>
<round no="2"><cards type="Flop">C9 S6 SA</cards>
</round>
<round no="3"><cards type="Turn">D8</cards>
</round>
<round no="4"><cards type="River">D9</cards>
</round>
</game>
<game gamecode="6585473006"><general>
<startdate>2026-01-06 19:47:31</startdate>
<round>1</round>
<failsafecounter/>
<players><player seat="6" name="Abate89" chips="1,200" dealer="0" win="600" bet="300" muck="0" rebuy="0" addon="0" merge="0" rebuychips="0" reg_code="5087004111"/>
<player seat="10" name="M1ky3ste92" chips="300" dealer="1" win="0" bet="300" muck="0" rebuy="0" addon="0" merge="0" rebuychips="0" reg_code="5087004478"/>
</players>
</general>
<round no="0"><action no="1" player="M1ky3ste92" type="15" sum="5"/>
<action no="2" player="Abate89" type="15" discard="1" dealt="1" sum="5"/>
<action no="3" player="M1ky3ste92" type="1" sum="30"/>
<action no="4" player="Abate89" type="2" discard="1" dealt="1" sum="60"/>
</round>
<round no="1"><cards type="Pocket" player="Abate89">SA CJ</cards>
<cards type="Pocket" player="M1ky3ste92">CK S2</cards>
<action no="5" player="M1ky3ste92" type="23" sum="295"/>
<action no="6" player="Abate89" type="3" discard="1" dealt="1" sum="235"/>
</round>
<round no="2"><cards type="Flop">SK D10 D6</cards>
</round>
<round no="3"><cards type="Turn">DQ</cards>
</round>
<round no="4"><cards type="River">C8</cards>
</round>
</game>
</session>
