<?xml version="1.0" encoding="UTF-8"?>
<session sessioncode="5087393052">
<general>
<client_version>24.7.1.18</client_version>
<mode>real</mode>
<gametype>Holdem NL</gametype>
<tablename>Twister €100 SNG, 825906745</tablename>
<tournamentcode>825906742</tournamentcode>
<tournamentname>Twister €100 SNG</tournamentname>
<buyin>€0 + €7 + €93</buyin>
<totalbuyin>€100</totalbuyin>
<rewarddrawn>€200</rewarddrawn>
<tournamentcurrency>EUR</tournamentcurrency>
<currency>EUR</currency>
<nickname>M1ky3ste92</nickname>
<gamecount>24</gamecount>
<startdate>2026-01-07 23:47:56</startdate>
<place>2</place>
<win>€0</win>
<tablesize>3</tablesize>
</general>
<game gamecode="6586917476"><general>
<startdate>2026-01-07 23:48:12</startdate>
<round>1</round>
<failsafecounter/>
<players><player seat="10" name="Gazza75" chips="500" dealer="0" win="120" bet="120" muck="1" rebuy="0" addon="0" merge="0" rebuychips="0" reg_code="5087393323"/>
<player seat="3" name="Thechosenoonee" chips="500" dealer="1" win="0" bet="0" muck="1" rebuy="0" addon="0" merge="0" rebuychips="0" reg_code="5087392619"/>
<player seat="6" name="M1ky3ste92" chips="500" dealer="0" win="0" bet="60" muck="1" rebuy="0" addon="0" merge="0" rebuychips="0" reg_code="5087393052"/>
</players>
</general>
<round no="0"><action no="1" player="M1ky3ste92" type="1" sum="10"/>
<action no="2" player="Gazza75" type="2" discard="1" dealt="1" sum="20"/>
</round>
<round no="1"><cards type="Pocket" player="Thechosenoonee">X X</cards>
<cards type="Pocket" player="M1ky3ste92">S5 H4</cards>
<cards type="Pocket" player="Gazza75">X X</cards>
<action no="3" player="Thechosenoonee" type="0" discard="1" dealt="1" sum="0"/>
<action no="4" player="M1ky3ste92" type="3" sum="10"/>
<action no="5" player="Gazza75" type="23" discard="1" dealt="1" sum="60"/>
<action no="6" player="M1ky3ste92" type="3" sum="40"/>
</round>
<round no="2"><cards type="Flop">DJ HJ S3</cards>
<action no="7" player="M1ky3ste92" type="4" sum="0"/>
<action no="8" player="Gazza75" type="4" discard="1" dealt="1" sum="0"/>
</round>
<round no="3"><cards type="Turn">H3</cards>
<action no="9" player="M1ky3ste92" type="4" sum="0"/>
<action no="10" player="Gazza75" type="5" discard="1" dealt="1" sum="60"/>
<action no="11" player="M1ky3ste92" type="0" sum="0"/>
</round>
</game>
<game gamecode="6586917577"><general>
<startdate>2026-01-07 23:48:28</startdate>
<round>1</round>
<failsafecounter/>
<players><player seat="3" name="Thechosenoonee" chips="500" dealer="0" win="0" bet="60" muck="1" rebuy="0" addon="0" merge="0" rebuychips="0" reg_code="5087392619"/>
<player seat="6" name="M1ky3ste92" chips="440" dealer="1" win="0" bet="0" muck="1" rebuy="0" addon="0" merge="0" rebuychips="0" reg_code="5087393052"/>
<player seat="10" name="Gazza75" chips="560" dealer="0" win="120" bet="560" muck="1" rebuy="0" addon="0" merge="0" rebuychips="0" reg_code="5087393323"/>
</players>
</general>
<round no="0"><action no="1" player="Gazza75" type="1" discard="1" dealt="1" sum="10"/>
<action no="2" player="Thechosenoonee" type="2" discard="1" dealt="1" sum="20"/>
</round>
<round no="1"><cards type="Pocket" player="Thechosenoonee">X X</cards>
<cards type="Pocket" player="Gazza75">X X</cards>
<cards type="Pocket" player="M1ky3ste92">H2 C3</cards>
<action no="3" player="M1ky3ste92" type="0" sum="0"/>
<action no="4" player="Gazza75" type="23" discard="1" dealt="1" sum="60"/>
<action no="5" player="Thechosenoonee" type="3" discard="1" dealt="1" sum="40"/>
</round>
<round no="2"><cards type="Flop">S3 D6 D3</cards>
<action no="6" player="Gazza75" type="5" discard="1" dealt="1" sum="500"/>
<action no="7" player="Thechosenoonee" type="0" discard="1" dealt="1" sum="0"/>
</round>
</game>
<game gamecode="6586917679"><general>
<startdate>2026-01-07 23:48:42</startdate>
<round>1</round>
<failsafecounter/>
<players><player seat="6" name="M1ky3ste92" chips="440" dealer="0" win="50" bet="55" muck="1" rebuy="0" addon="0" merge="0" rebuychips="0" reg_code="5087393052"/>
<player seat="10" name="Gazza75" chips="620" dealer="1" win="0" bet="20" muck="1" rebuy="0" addon="0" merge="0" rebuychips="0" reg_code="5087393323"/>
<player seat="3" name="Thechosenoonee" chips="440" dealer="0" win="0" bet="10" muck="1" rebuy="0" addon="0" merge="0" rebuychips="0" reg_code="5087392619"/>
</players>
</general>
<round no="0"><action no="1" player="Thechosenoonee" type="1" discard="1" dealt="1" sum="10"/>
<action no="2" player="M1ky3ste92" type="2" sum="20"/>
</round>
<round no="1"><cards type="Pocket" player="M1ky3ste92">C4 H6</cards>
<cards type="Pocket" player="Thechosenoonee">X X</cards>
<cards type="Pocket" player="Gazza75">X X</cards>
<action no="3" player="Gazza75" type="3" discard="1" dealt="1" sum="20"/>
<action no="4" player="Thechosenoonee" type="0" discard="1" dealt="1" sum="0"/>
<action no="5" player="M1ky3ste92" type="4" sum="0"/>
</round>
<round no="2"><cards type="Flop">S6 H4 DQ</cards>
<action no="6" player="M1ky3ste92" type="4" sum="0"/>
<action no="7" player="Gazza75" type="4" discard="1" dealt="1" sum="0"/>
</round>
<round no="3"><cards type="Turn">HK</cards>
<action no="8" player="M1ky3ste92" type="5" sum="35"/>
<action no="9" player="Gazza75" type="0" discard="1" dealt="1" sum="0"/>
</round>
</game>
<game gamecode="6586917761"><general>
<startdate>2026-01-07 23:48:54</startdate>
<round>1</round>
<failsafecounter/>
<players><player seat="10" name="Gazza75" chips="600" dealer="0" win="0" bet="80" muck="1" rebuy="0" addon="0" merge="0" rebuychips="0" reg_code="5087393323"/>
<player seat="3" name="Thechosenoonee" chips="430" dealer="1" win="0" bet="0" muck="1" rebuy="0" addon="0" merge="0" rebuychips="0" reg_code="5087392619"/>
<player seat="6" name="M1ky3ste92" chips="470" dealer="0" win="160" bet="80" muck="0" rebuy="0" addon="0" merge="0" rebuychips="0" reg_code="5087393052"/>
</players>
</general>
<round no="0"><action no="1" player="M1ky3ste92" type="1" sum="10"/>
<action no="2" player="Gazza75" type="2" discard="1" dealt="1" sum="20"/>
</round>
<round no="1"><cards type="Pocket" player="Gazza75">C4 S5</cards>
<cards type="Pocket" player="Thechosenoonee">X X</cards>
<cards type="Pocket" player="M1ky3ste92">HQ SK</cards>
<action no="3" player="Thechosenoonee" type="0" discard="1" dealt="1" sum="0"/>
<action no="4" player="M1ky3ste92" type="3" sum="10"/>
<action no="5" player="Gazza75" type="4" discard="1" dealt="1" sum="0"/>
</round>
<round no="2"><cards type="Flop">S2 C3 DK</cards>
<action no="6" player="M1ky3ste92" type="5" sum="20"/>
<action no="7" player="Gazza75" type="3" discard="1" dealt="1" sum="20"/>
</round>
<round no="3"><cards type="Turn">D4</cards>
<action no="8" player="M1ky3ste92" type="4" sum="0"/>
<action no="9" player="Gazza75" type="5" discard="1" dealt="1" sum="40"/>
<action no="10" player="M1ky3ste92" type="3" sum="40"/>
</round>
<round no="4"><cards type="River">S7</cards>
<action no="11" player="M1ky3ste92" type="4" sum="0"/>
<action no="12" player="Gazza75" type="4" discard="1" dealt="1" sum="0"/>
</round>
</game>
<game gamecode="6586917882"><general>
<startdate>2026-01-07 23:49:11</startdate>
<round>1</round>
<failsafecounter/>
<players><player seat="3" name="Thechosenoonee" chips="430" dealer="0" win="0" bet="40" muck="1" rebuy="0" addon="0" merge="0" rebuychips="0" reg_code="5087392619"/>
<player seat="6" name="M1ky3ste92" chips="550" dealer="1" win="120" bet="80" muck="1" rebuy="0" addon="0" merge="0" rebuychips="0" reg_code="5087393052"/>
<player seat="10" name="Gazza75" chips="520" dealer="0" win="0" bet="40" muck="1" rebuy="0" addon="0" merge="0" rebuychips="0" reg_code="5087393323"/>
</players>
</general>
<round no="0"><action no="1" player="Gazza75" type="1" discard="1" dealt="1" sum="10"/>
<action no="2" player="Thechosenoonee" type="2" discard="1" dealt="1" sum="20"/>
</round>
<round no="1"><cards type="Pocket" player="Thechosenoonee">X X</cards>
<cards type="Pocket" player="Gazza75">X X</cards>
<cards type="Pocket" player="M1ky3ste92">CK D7</cards>
<action no="3" player="M1ky3ste92" type="23" sum="40"/>
<action no="4" player="Gazza75" type="3" discard="1" dealt="1" sum="30"/>
<action no="5" player="Thechosenoonee" type="3" discard="1" dealt="1" sum="20"/>
</round>
<round no="2"><cards type="Flop">HK H8 H9</cards>
<action no="6" player="Gazza75" type="4" discard="1" dealt="1" sum="0"/>
<action no="7" player="Thechosenoonee" type="4" discard="1" dealt="1" sum="0"/>
<action no="8" player="M1ky3ste92" type="5" sum="40"/>
<action no="9" player="Gazza75" type="0" discard="1" dealt="1" sum="0"/>
<action no="10" player="Thechosenoonee" type="0" discard="1" dealt="1" sum="0"/>
</round>
</game>
<game gamecode="6586917998"><general>
<startdate>2026-01-07 23:49:29</startdate>
<round>1</round>
<failsafecounter/>
<players><player seat="6" name="M1ky3ste92" chips="630" dealer="0" win="80" bet="60" muck="1" rebuy="0" addon="0" merge="0" rebuychips="0" reg_code="5087393052"/>
<player seat="10" name="Gazza75" chips="480" dealer="1" win="0" bet="0" muck="1" rebuy="0" addon="0" merge="0" rebuychips="0" reg_code="5087393323"/>
<player seat="3" name="Thechosenoonee" chips="390" dealer="0" win="0" bet="40" muck="1" rebuy="0" addon="0" merge="0" rebuychips="0" reg_code="5087392619"/>
</players>
</general>
<round no="0"><action no="1" player="Thechosenoonee" type="1" discard="1" dealt="1" sum="10"/>
<action no="2" player="M1ky3ste92" type="2" sum="20"/>
</round>
<round no="1"><cards type="Pocket" player="Thechosenoonee">X X</cards>
<cards type="Pocket" player="Gazza75">X X</cards>
<cards type="Pocket" player="M1ky3ste92">CK H5</cards>
<action no="3" player="Gazza75" type="0" discard="1" dealt="1" sum="0"/>
<action no="4" player="Thechosenoonee" type="3" discard="1" dealt="1" sum="10"/>
<action no="5" player="M1ky3ste92" type="4" sum="0"/>
</round>
<round no="2"><cards type="Flop">D7 C7 SJ</cards>
<action no="6" player="Thechosenoonee" type="4" discard="1" dealt="1" sum="0"/>
<action no="7" player="M1ky3ste92" type="4" sum="0"/>
</round>
<round no="3"><cards type="Turn">HK</cards>
<action no="8" player="Thechosenoonee" type="5" discard="1" dealt="1" sum="20"/>
<action no="9" player="M1ky3ste92" type="3" sum="20"/>
</round>
<round no="4"><cards type="River">H3</cards>
<action no="10" player="Thechosenoonee" type="4" discard="1" dealt="1" sum="0"/>
<action no="11" player="M1ky3ste92" type="5" sum="20"/>
<action no="12" player="Thechosenoonee" type="0" discard="1" dealt="1" sum="0"/>
</round>
</game>
<game gamecode="6586918215"><general>
<startdate>2026-01-07 23:49:58</startdate>
<round>1</round>
<failsafecounter/>
<players><player seat="10" name="Gazza75" chips="480" dealer="0" win="0" bet="65" muck="1" rebuy="0" addon="0" merge="0" rebuychips="0" reg_code="5087393323"/>
<player seat="3" name="Thechosenoonee" chips="350" dealer="1" win="150" bet="95" muck="1" rebuy="0" addon="0" merge="0" rebuychips="0" reg_code="5087392619"/>
<player seat="6" name="M1ky3ste92" chips="670" dealer="0" win="0" bet="20" muck="1" rebuy="0" addon="0" merge="0" rebuychips="0" reg_code="5087393052"/>
</players>
</general>
<round no="0"><action no="1" player="M1ky3ste92" type="15" sum="5"/>
<action no="2" player="Gazza75" type="15" discard="1" dealt="1" sum="5"/>
<action no="3" player="Thechosenoonee" type="15" discard="1" dealt="1" sum="5"/>
<action no="4" player="M1ky3ste92" type="1" sum="15"/>
<action no="5" player="Gazza75" type="2" discard="1" dealt="1" sum="30"/>
</round>
<round no="1"><cards type="Pocket" player="Thechosenoonee">X X</cards>
<cards type="Pocket" player="Gazza75">X X</cards>
<cards type="Pocket" player="M1ky3ste92">H9 DJ</cards>
<action no="6" player="Thechosenoonee" type="23" discard="1" dealt="1" sum="60"/>
<action no="7" player="M1ky3ste92" type="0" sum="0"/>
<action no="8" player="Gazza75" type="3" discard="1" dealt="1" sum="30"/>
</round>
<round no="2"><cards type="Flop">C2 S8 CA</cards>
<action no="9" player="Gazza75" type="4" discard="1" dealt="1" sum="0"/>
<action no="10" player="Thechosenoonee" type="5" discard="1" dealt="1" sum="30"/>
<action no="11" player="Gazza75" type="0" discard="1" dealt="1" sum="0"/>
</round>
</game>
<game gamecode="6586918412"><general>
<startdate>2026-01-07 23:50:25</startdate>
<round>1</round>
<failsafecounter/>
<players><player seat="3" name="Thechosenoonee" chips="435" dealer="0" win="0" bet="35" muck="1" rebuy="0" addon="0" merge="0" rebuychips="0" reg_code="5087392619"/>
<player seat="6" name="M1ky3ste92" chips="650" dealer="1" win="0" bet="5" muck="1" rebuy="0" addon="0" merge="0" rebuychips="0" reg_code="5087393052"/>
<player seat="10" name="Gazza75" chips="415" dealer="0" win="75" bet="65" muck="1" rebuy="0" addon="0" merge="0" rebuychips="0" reg_code="5087393323"/>
</players>
</general>
<round no="0"><action no="1" player="Gazza75" type="15" discard="1" dealt="1" sum="5"/>
<action no="2" player="Thechosenoonee" type="15" discard="1" dealt="1" sum="5"/>
<action no="3" player="M1ky3ste92" type="15" sum="5"/>
<action no="4" player="Gazza75" type="1" discard="1" dealt="1" sum="15"/>
<action no="5" player="Thechosenoonee" type="2" discard="1" dealt="1" sum="30"/>
</round>
<round no="1"><cards type="Pocket" player="M1ky3ste92">H7 D9</cards>
<cards type="Pocket" player="Gazza75">X X</cards>
<cards type="Pocket" player="Thechosenoonee">X X</cards>
<action no="6" player="M1ky3ste92" type="0" sum="0"/>
<action no="7" player="Gazza75" type="3" discard="1" dealt="1" sum="15"/>
<action no="8" player="Thechosenoonee" type="4" discard="1" dealt="1" sum="0"/>
</round>
<round no="2"><cards type="Flop">H2 S9 SK</cards>
<action no="9" player="Gazza75" type="5" discard="1" dealt="1" sum="30"/>
<action no="10" player="Thechosenoonee" type="0" discard="1" dealt="1" sum="0"/>
</round>
</game>
<game gamecode="6586918489"><general>
<startdate>2026-01-07 23:50:39</startdate>
<round>1</round>
<failsafecounter/>
<players><player seat="6" name="M1ky3ste92" chips="645" dealer="0" win="0" bet="35" muck="1" rebuy="0" addon="0" merge="0" rebuychips="0" reg_code="5087393052"/>
<player seat="10" name="Gazza75" chips="455" dealer="1" win="90" bet="65" muck="1" rebuy="0" addon="0" merge="0" rebuychips="0" reg_code="5087393323"/>
<player seat="3" name="Thechosenoonee" chips="400" dealer="0" win="0" bet="20" muck="1" rebuy="0" addon="0" merge="0" rebuychips="0" reg_code="5087392619"/>
</players>
</general>
<round no="0"><action no="1" player="Thechosenoonee" type="15" discard="1" dealt="1" sum="5"/>
<action no="2" player="M1ky3ste92" type="15" sum="5"/>
<action no="3" player="Gazza75" type="15" discard="1" dealt="1" sum="5"/>
<action no="4" player="Thechosenoonee" type="1" discard="1" dealt="1" sum="15"/>
<action no="5" player="M1ky3ste92" type="2" sum="30"/>
</round>
<round no="1"><cards type="Pocket" player="Thechosenoonee">X X</cards>
<cards type="Pocket" player="M1ky3ste92">C2 SQ</cards>
<cards type="Pocket" player="Gazza75">X X</cards>
<action no="6" player="Gazza75" type="3" discard="1" dealt="1" sum="30"/>
<action no="7" player="Thechosenoonee" type="0" discard="1" dealt="1" sum="0"/>
<action no="8" player="M1ky3ste92" type="4" sum="0"/>
</round>
<round no="2"><cards type="Flop">D7 DK H5</cards>
<action no="9" player="M1ky3ste92" type="4" sum="0"/>
<action no="10" player="Gazza75" type="5" discard="1" dealt="1" sum="30"/>
<action no="11" player="M1ky3ste92" type="0" sum="0"/>
</round>
</game>
<game gamecode="6586918576"><general>
<startdate>2026-01-07 23:50:52</startdate>
<round>1</round>
<failsafecounter/>
<players><player seat="10" name="Gazza75" chips="510" dealer="0" win="0" bet="65" muck="1" rebuy="0" addon="0" merge="0" rebuychips="0" reg_code="5087393323"/>
<player seat="3" name="Thechosenoonee" chips="380" dealer="1" win="150" bet="140" muck="1" rebuy="0" addon="0" merge="0" rebuychips="0" reg_code="5087392619"/>
<player seat="6" name="M1ky3ste92" chips="610" dealer="0" win="0" bet="20" muck="1" rebuy="0" addon="0" merge="0" rebuychips="0" reg_code="5087393052"/>
</players>
</general>
<round no="0"><action no="1" player="M1ky3ste92" type="15" sum="5"/>
<action no="2" player="Gazza75" type="15" discard="1" dealt="1" sum="5"/>
<action no="3" player="Thechosenoonee" type="15" discard="1" dealt="1" sum="5"/>
<action no="4" player="M1ky3ste92" type="1" sum="15"/>
<action no="5" player="Gazza75" type="2" discard="1" dealt="1" sum="30"/>
</round>
<round no="1"><cards type="Pocket" player="M1ky3ste92">H9 SK</cards>
<cards type="Pocket" player="Gazza75">X X</cards>
<cards type="Pocket" player="Thechosenoonee">X X</cards>
<action no="6" player="Thechosenoonee" type="23" discard="1" dealt="1" sum="60"/>
<action no="7" player="M1ky3ste92" type="0" sum="0"/>
<action no="8" player="Gazza75" type="3" discard="1" dealt="1" sum="30"/>
</round>
<round no="2"><cards type="Flop">D2 C2 D6</cards>
<action no="9" player="Gazza75" type="4" discard="1" dealt="1" sum="0"/>
<action no="10" player="Thechosenoonee" type="5" discard="1" dealt="1" sum="75"/>
<action no="11" player="Gazza75" type="0" discard="1" dealt="1" sum="0"/>
</round>
</game>
<game gamecode="6586918749"><general>
<startdate>2026-01-07 23:51:17</startdate>
<round>1</round>
<failsafecounter/>
<players><player seat="3" name="Thechosenoonee" chips="465" dealer="0" win="0" bet="35" muck="1" rebuy="0" addon="0" merge="0" rebuychips="0" reg_code="5087392619"/>
<player seat="6" name="M1ky3ste92" chips="590" dealer="1" win="0" bet="5" muck="1" rebuy="0" addon="0" merge="0" rebuychips="0" reg_code="5087393052"/>
<player seat="10" name="Gazza75" chips="445" dealer="0" win="75" bet="65" muck="1" rebuy="0" addon="0" merge="0" rebuychips="0" reg_code="5087393323"/>
</players>
</general>
<round no="0"><action no="1" player="Gazza75" type="15" discard="1" dealt="1" sum="5"/>
<action no="2" player="Thechosenoonee" type="15" discard="1" dealt="1" sum="5"/>
<action no="3" player="M1ky3ste92" type="15" sum="5"/>
<action no="4" player="Gazza75" type="1" discard="1" dealt="1" sum="15"/>
<action no="5" player="Thechosenoonee" type="2" discard="1" dealt="1" sum="30"/>
</round>
<round no="1"><cards type="Pocket" player="M1ky3ste92">D7 H10</cards>
<cards type="Pocket" player="Gazza75">X X</cards>
<cards type="Pocket" player="Thechosenoonee">X X</cards>
<action no="6" player="M1ky3ste92" type="0" sum="0"/>
<action no="7" player="Gazza75" type="23" discard="1" dealt="1" sum="60"/>
<action no="8" player="Thechosenoonee" type="0" discard="1" dealt="1" sum="0"/>
</round>
</game>
<game gamecode="6586918835"><general>
<startdate>2026-01-07 23:51:31</startdate>
<round>1</round>
<failsafecounter/>
<players><player seat="6" name="M1ky3ste92" chips="585" dealer="0" win="0" bet="45" muck="1" rebuy="0" addon="0" merge="0" rebuychips="0" reg_code="5087393052"/>
<player seat="10" name="Gazza75" chips="485" dealer="1" win="0" bet="5" muck="1" rebuy="0" addon="0" merge="0" rebuychips="0" reg_code="5087393323"/>
<player seat="3" name="Thechosenoonee" chips="430" dealer="0" win="95" bet="430" muck="1" rebuy="0" addon="0" merge="0" rebuychips="0" reg_code="5087392619"/>
</players>
</general>
<round no="0"><action no="1" player="Thechosenoonee" type="15" discard="1" dealt="1" sum="5"/>
<action no="2" player="M1ky3ste92" type="15" sum="5"/>
<action no="3" player="Gazza75" type="15" discard="1" dealt="1" sum="5"/>
<action no="4" player="Thechosenoonee" type="1" discard="1" dealt="1" sum="20"/>
<action no="5" player="M1ky3ste92" type="2" sum="40"/>
</round>
<round no="1"><cards type="Pocket" player="Gazza75">X X</cards>
<cards type="Pocket" player="M1ky3ste92">DK S8</cards>
<cards type="Pocket" player="Thechosenoonee">X X</cards>
<action no="6" player="Gazza75" type="0" discard="1" dealt="1" sum="0"/>
<action no="7" player="Thechosenoonee" type="23" discard="1" dealt="1" sum="425"/>
<action no="8" player="M1ky3ste92" type="0" sum="0"/>
</round>
</game>
<game gamecode="6586918943"><general>
<startdate>2026-01-07 23:51:44</startdate>
<round>1</round>
<failsafecounter/>
<players><player seat="10" name="Gazza75" chips="480" dealer="0" win="0" bet="45" muck="1" rebuy="0" addon="0" merge="0" rebuychips="0" reg_code="5087393323"/>
<player seat="3" name="Thechosenoonee" chips="480" dealer="1" win="0" bet="5" muck="1" rebuy="0" addon="0" merge="0" rebuychips="0" reg_code="5087392619"/>
<player seat="6" name="M1ky3ste92" chips="540" dealer="0" win="95" bet="540" muck="1" rebuy="0" addon="0" merge="0" rebuychips="0" reg_code="5087393052"/>
</players>
</general>
<round no="0"><action no="1" player="M1ky3ste92" type="15" sum="5"/>
<action no="2" player="Gazza75" type="15" discard="1" dealt="1" sum="5"/>
<action no="3" player="Thechosenoonee" type="15" discard="1" dealt="1" sum="5"/>
<action no="4" player="M1ky3ste92" type="1" sum="20"/>
<action no="5" player="Gazza75" type="2" discard="1" dealt="1" sum="40"/>
</round>
<round no="1"><cards type="Pocket" player="Thechosenoonee">X X</cards>
<cards type="Pocket" player="M1ky3ste92">DA C3</cards>
<cards type="Pocket" player="Gazza75">X X</cards>
<action no="6" player="Thechosenoonee" type="0" discard="1" dealt="1" sum="0"/>
<action no="7" player="M1ky3ste92" type="23" sum="535"/>
<action no="8" player="Gazza75" type="0" discard="1" dealt="1" sum="0"/>
</round>
</game>
<game gamecode="6586919005"><general>
<startdate>2026-01-07 23:51:53</startdate>
<round>1</round>
<failsafecounter/>
<players><player seat="3" name="Thechosenoonee" chips="475" dealer="0" win="55" bet="45" muck="1" rebuy="0" addon="0" merge="0" rebuychips="0" reg_code="5087392619"/>
<player seat="6" name="M1ky3ste92" chips="590" dealer="1" win="0" bet="5" muck="1" rebuy="0" addon="0" merge="0" rebuychips="0" reg_code="5087393052"/>
<player seat="10" name="Gazza75" chips="435" dealer="0" win="0" bet="25" muck="1" rebuy="0" addon="0" merge="0" rebuychips="0" reg_code="5087393323"/>
</players>
</general>
<round no="0"><action no="1" player="Gazza75" type="15" discard="1" dealt="1" sum="5"/>
<action no="2" player="Thechosenoonee" type="15" discard="1" dealt="1" sum="5"/>
<action no="3" player="M1ky3ste92" type="15" sum="5"/>
<action no="4" player="Gazza75" type="1" discard="1" dealt="1" sum="20"/>
<action no="5" player="Thechosenoonee" type="2" discard="1" dealt="1" sum="40"/>
</round>
<round no="1"><cards type="Pocket" player="Gazza75">X X</cards>
<cards type="Pocket" player="Thechosenoonee">X X</cards>
<cards type="Pocket" player="M1ky3ste92">SK S4</cards>
<action no="6" player="M1ky3ste92" type="0" sum="0"/>
<action no="7" player="Gazza75" type="0" discard="1" dealt="1" sum="0"/>
</round>
</game>
<game gamecode="6586919048"><general>
<startdate>2026-01-07 23:52:00</startdate>
<round>1</round>
<failsafecounter/>
<players><player seat="6" name="M1ky3ste92" chips="585" dealer="0" win="0" bet="45" muck="1" rebuy="0" addon="0" merge="0" rebuychips="0" reg_code="5087393052"/>
<player seat="10" name="Gazza75" chips="410" dealer="1" win="115" bet="85" muck="1" rebuy="0" addon="0" merge="0" rebuychips="0" reg_code="5087393323"/>
<player seat="3" name="Thechosenoonee" chips="505" dealer="0" win="0" bet="25" muck="1" rebuy="0" addon="0" merge="0" rebuychips="0" reg_code="5087392619"/>
</players>
</general>
<round no="0"><action no="1" player="Thechosenoonee" type="15" discard="1" dealt="1" sum="5"/>
<action no="2" player="M1ky3ste92" type="15" sum="5"/>
<action no="3" player="Gazza75" type="15" discard="1" dealt="1" sum="5"/>
<action no="4" player="Thechosenoonee" type="1" discard="1" dealt="1" sum="20"/>
<action no="5" player="M1ky3ste92" type="2" sum="40"/>
</round>
<round no="1"><cards type="Pocket" player="Gazza75">X X</cards>
<cards type="Pocket" player="M1ky3ste92">C8 H9</cards>
<cards type="Pocket" player="Thechosenoonee">X X</cards>
<action no="6" player="Gazza75" type="3" discard="1" dealt="1" sum="40"/>
<action no="7" player="Thechosenoonee" type="0" discard="1" dealt="1" sum="0"/>
<action no="8" player="M1ky3ste92" type="4" sum="0"/>
</round>
<round no="2"><cards type="Flop">CA D3 H3</cards>
<action no="9" player="M1ky3ste92" type="4" sum="0"/>
<action no="10" player="Gazza75" type="5" discard="1" dealt="1" sum="40"/>
<action no="11" player="M1ky3ste92" type="0" sum="0"/>
</round>
</game>
<game gamecode="6586919129"><general>
<startdate>2026-01-07 23:52:12</startdate>
<round>1</round>
<failsafecounter/>
<players><player seat="10" name="Gazza75" chips="480" dealer="0" win="0" bet="45" muck="1" rebuy="0" addon="0" merge="0" rebuychips="0" reg_code="5087393323"/>
<player seat="3" name="Thechosenoonee" chips="480" dealer="1" win="115" bet="480" muck="1" rebuy="0" addon="0" merge="0" rebuychips="0" reg_code="5087392619"/>
<player seat="6" name="M1ky3ste92" chips="540" dealer="0" win="0" bet="25" muck="1" rebuy="0" addon="0" merge="0" rebuychips="0" reg_code="5087393052"/>
</players>
</general>
<round no="0"><action no="1" player="M1ky3ste92" type="15" sum="5"/>
<action no="2" player="Gazza75" type="15" discard="1" dealt="1" sum="5"/>
<action no="3" player="Thechosenoonee" type="15" discard="1" dealt="1" sum="5"/>
<action no="4" player="M1ky3ste92" type="1" sum="20"/>
<action no="5" player="Gazza75" type="2" discard="1" dealt="1" sum="40"/>
</round>
<round no="1"><cards type="Pocket" player="Gazza75">X X</cards>
<cards type="Pocket" player="M1ky3ste92">C10 H7</cards>
<cards type="Pocket" player="Thechosenoonee">X X</cards>
<action no="6" player="Thechosenoonee" type="23" discard="1" dealt="1" sum="475"/>
<action no="7" player="M1ky3ste92" type="0" sum="0"/>
<action no="8" player="Gazza75" type="0" discard="1" dealt="1" sum="0"/>
</round>
</game>
<game gamecode="6586919238"><general>
<startdate>2026-01-07 23:52:26</startdate>
<round>1</round>
<failsafecounter/>
<players><player seat="3" name="Thechosenoonee" chips="550" dealer="0" win="95" bet="85" muck="1" rebuy="0" addon="0" merge="0" rebuychips="0" reg_code="5087392619"/>
<player seat="6" name="M1ky3ste92" chips="515" dealer="1" win="0" bet="5" muck="1" rebuy="0" addon="0" merge="0" rebuychips="0" reg_code="5087393052"/>
<player seat="10" name="Gazza75" chips="435" dealer="0" win="0" bet="45" muck="1" rebuy="0" addon="0" merge="0" rebuychips="0" reg_code="5087393323"/>
</players>
</general>
<round no="0"><action no="1" player="Gazza75" type="15" discard="1" dealt="1" sum="5"/>
<action no="2" player="Thechosenoonee" type="15" discard="1" dealt="1" sum="5"/>
<action no="3" player="M1ky3ste92" type="15" sum="5"/>
<action no="4" player="Gazza75" type="1" discard="1" dealt="1" sum="20"/>
<action no="5" player="Thechosenoonee" type="2" discard="1" dealt="1" sum="40"/>
</round>
<round no="1"><cards type="Pocket" player="Gazza75">X X</cards>
<cards type="Pocket" player="M1ky3ste92">H5 D8</cards>
<cards type="Pocket" player="Thechosenoonee">X X</cards>
<action no="6" player="M1ky3ste92" type="0" sum="0"/>
<action no="7" player="Gazza75" type="3" discard="1" dealt="1" sum="20"/>
<action no="8" player="Thechosenoonee" type="4" discard="1" dealt="1" sum="0"/>
</round>
<round no="2"><cards type="Flop">S6 C2 C9</cards>
<action no="9" player="Gazza75" type="4" discard="1" dealt="1" sum="0"/>
<action no="10" player="Thechosenoonee" type="5" discard="1" dealt="1" sum="40"/>
<action no="11" player="Gazza75" type="0" discard="1" dealt="1" sum="0"/>
</round>
</game>
<game gamecode="6586924384"><general>
<startdate>2026-01-07 23:52:46</startdate>
<round>1</round>
<failsafecounter/>
<players><player seat="6" name="M1ky3ste92" chips="510" dealer="0" win="240" bet="510" muck="0" rebuy="0" addon="0" merge="0" rebuychips="0" reg_code="5087393052"/>
<player seat="10" name="Gazza75" chips="390" dealer="1" win="1,170" bet="390" muck="0" rebuy="0" addon="0" merge="0" rebuychips="0" reg_code="5087393323"/>
<player seat="3" name="Thechosenoonee" chips="600" dealer="0" win="0" bet="600" muck="1" rebuy="0" addon="0" merge="0" rebuychips="0" reg_code="5087392619"/>
</players>
</general>
<round no="0"><action no="1" player="Thechosenoonee" type="15" discard="1" dealt="1" sum="5"/>
<action no="2" player="M1ky3ste92" type="15" sum="5"/>
<action no="3" player="Gazza75" type="15" discard="1" dealt="1" sum="5"/>
<action no="4" player="Thechosenoonee" type="1" discard="1" dealt="1" sum="20"/>
<action no="5" player="M1ky3ste92" type="2" sum="40"/>
</round>
<round no="1"><cards type="Pocket" player="M1ky3ste92">SA H9</cards>
<cards type="Pocket" player="Thechosenoonee">DA C8</cards>
<cards type="Pocket" player="Gazza75">C6 H6</cards>
<action no="6" player="Gazza75" type="23" discard="1" dealt="1" sum="385"/>
<action no="7" player="Thechosenoonee" type="7" discard="1" dealt="1" sum="575"/>
<action no="8" player="M1ky3ste92" type="7" sum="465"/>
</round>
<round no="2"><cards type="Flop">CJ DK SK</cards>
</round>
<round no="3"><cards type="Turn">D2</cards>
</round>
<round no="4"><cards type="River">D3</cards>
</round>
</game>
<game gamecode="6586924521"><general>
<startdate>2026-01-07 23:53:05</startdate>
<round>1</round>
<failsafecounter/>
<players><player seat="10" name="Gazza75" chips="1,170" dealer="0" win="95" bet="1,170" muck="1" rebuy="0" addon="0" merge="0" rebuychips="0" reg_code="5087393323"/>
<player seat="3" name="Thechosenoonee" chips="90" dealer="1" win="0" bet="5" muck="1" rebuy="0" addon="0" merge="0" rebuychips="0" reg_code="5087392619"/>
<player seat="6" name="M1ky3ste92" chips="240" dealer="0" win="0" bet="45" muck="1" rebuy="0" addon="0" merge="0" rebuychips="0" reg_code="5087393052"/>
</players>
</general>
<round no="0"><action no="1" player="M1ky3ste92" type="15" sum="5"/>
<action no="2" player="Gazza75" type="15" discard="1" dealt="1" sum="5"/>
<action no="3" player="Thechosenoonee" type="15" discard="1" dealt="1" sum="5"/>
<action no="4" player="M1ky3ste92" type="1" sum="20"/>
<action no="5" player="Gazza75" type="2" discard="1" dealt="1" sum="40"/>
</round>
<round no="1"><cards type="Pocket" player="Gazza75">X X</cards>
<cards type="Pocket" player="Thechosenoonee">X X</cards>
<cards type="Pocket" player="M1ky3ste92">C8 C5</cards>
<action no="6" player="Thechosenoonee" type="0" discard="1" dealt="1" sum="0"/>
<action no="7" player="M1ky3ste92" type="3" sum="20"/>
<action no="8" player="Gazza75" type="23" discard="1" dealt="1" sum="1,165"/>
<action no="9" player="M1ky3ste92" type="0" sum="0"/>
</round>
</game>
<game gamecode="6586924612"><general>
<startdate>2026-01-07 23:53:17</startdate>
<round>1</round>
<failsafecounter/>
<players><player seat="3" name="Thechosenoonee" chips="85" dealer="0" win="0" bet="85" muck="0" rebuy="0" addon="0" merge="0" rebuychips="0" reg_code="5087392619"/>
<player seat="6" name="M1ky3ste92" chips="195" dealer="1" win="205" bet="195" muck="0" rebuy="0" addon="0" merge="0" rebuychips="0" reg_code="5087393052"/>
<player seat="10" name="Gazza75" chips="1,220" dealer="0" win="0" bet="35" muck="1" rebuy="0" addon="0" merge="0" rebuychips="0" reg_code="5087393323"/>
</players>
</general>
<round no="0"><action no="1" player="Gazza75" type="15" discard="1" dealt="1" sum="5"/>
<action no="2" player="Thechosenoonee" type="15" discard="1" dealt="1" sum="5"/>
<action no="3" player="M1ky3ste92" type="15" sum="5"/>
<action no="4" player="Gazza75" type="1" discard="1" dealt="1" sum="30"/>
<action no="5" player="Thechosenoonee" type="2" discard="1" dealt="1" sum="60"/>
</round>
<round no="1"><cards type="Pocket" player="Thechosenoonee">HJ S4</cards>
<cards type="Pocket" player="M1ky3ste92">HK C10</cards>
<cards type="Pocket" player="Gazza75">X X</cards>
<action no="6" player="M1ky3ste92" type="23" sum="190"/>
<action no="7" player="Gazza75" type="0" discard="1" dealt="1" sum="0"/>
<action no="8" player="Thechosenoonee" type="7" discard="1" dealt="1" sum="20"/>
</round>
<round no="2"><cards type="Flop">SQ S2 SJ</cards>
</round>
<round no="3"><cards type="Turn">H4</cards>
</round>
<round no="4"><cards type="River">D9</cards>
</round>
</game>
<game gamecode="6586924745"><general>
<startdate>2026-01-07 23:53:36</startdate>
<round>1</round>
<failsafecounter/>
<players><player seat="6" name="M1ky3ste92" chips="315" dealer="0" win="0" bet="65" muck="1" rebuy="0" addon="0" merge="0" rebuychips="0" reg_code="5087393052"/>
<player seat="10" name="Gazza75" chips="1,185" dealer="1" win="130" bet="1,185" muck="1" rebuy="0" addon="0" merge="0" rebuychips="0" reg_code="5087393323"/>
</players>
</general>
<round no="0"><action no="1" player="Gazza75" type="15" discard="1" dealt="1" sum="5"/>
<action no="2" player="M1ky3ste92" type="15" sum="5"/>
<action no="3" player="Gazza75" type="1" discard="1" dealt="1" sum="30"/>
<action no="4" player="M1ky3ste92" type="2" sum="60"/>
</round>
<round no="1"><cards type="Pocket" player="M1ky3ste92">C4 D9</cards>
<cards type="Pocket" player="Gazza75">X X</cards>
<action no="5" player="Gazza75" type="23" discard="1" dealt="1" sum="1,180"/>
<action no="6" player="M1ky3ste92" type="0" sum="0"/>
</round>
</game>
<game gamecode="6586924797"><general>
<startdate>2026-01-07 23:53:43</startdate>
<round>1</round>
<failsafecounter/>
<players><player seat="10" name="Gazza75" chips="1,250" dealer="0" win="130" bet="1,250" muck="1" rebuy="0" addon="0" merge="0" rebuychips="0" reg_code="5087393323"/>
<player seat="6" name="M1ky3ste92" chips="250" dealer="1" win="0" bet="65" muck="1" rebuy="0" addon="0" merge="0" rebuychips="0" reg_code="5087393052"/>
</players>
</general>
<round no="0"><action no="1" player="M1ky3ste92" type="15" sum="5"/>
<action no="2" player="Gazza75" type="15" discard="1" dealt="1" sum="5"/>
<action no="3" player="M1ky3ste92" type="1" sum="30"/>
<action no="4" player="Gazza75" type="2" discard="1" dealt="1" sum="60"/>
</round>
<round no="1"><cards type="Pocket" player="M1ky3ste92">D3 D8</cards>
<cards type="Pocket" player="Gazza75">X X</cards>
<action no="5" player="M1ky3ste92" type="3" sum="30"/>
<action no="6" player="Gazza75" type="23" discard="1" dealt="1" sum="1,245"/>
<action no="7" player="M1ky3ste92" type="0" sum="0"/>
</round>
</game>
<game gamecode="6586924873"><general>
<startdate>2026-01-07 23:53:53</startdate>
<round>1</round>
<failsafecounter/>
<players><player seat="6" name="M1ky3ste92" chips="185" dealer="0" win="370" bet="185" muck="0" rebuy="0" addon="0" merge="0" rebuychips="0" reg_code="5087393052"/>
<player seat="10" name="Gazza75" chips="1,315" dealer="1" win="0" bet="1,315" muck="1" rebuy="0" addon="0" merge="0" rebuychips="0" reg_code="5087393323"/>
</players>
</general>
<round no="0"><action no="1" player="Gazza75" type="15" discard="1" dealt="1" sum="5"/>
<action no="2" player="M1ky3ste92" type="15" sum="5"/>
<action no="3" player="Gazza75" type="1" discard="1" dealt="1" sum="30"/>
<action no="4" player="M1ky3ste92" type="2" sum="60"/>
</round>
<round no="1"><cards type="Pocket" player="Gazza75">CA H7</cards>
<cards type="Pocket" player="M1ky3ste92">H5 SQ</cards>
<action no="5" player="Gazza75" type="23" discard="1" dealt="1" sum="1,310"/>
<action no="6" player="M1ky3ste92" type="7" sum="120"/>
</round>
<round no="2"><cards type="Flop">CJ D7 H3</cards>
</round>
<round no="3"><cards type="Turn">DQ</cards>
</round>
<round no="4"><cards type="River">C2</cards>
</round>
</game>
<game gamecode="6586924973"><general>
<startdate>2026-01-07 23:54:08</startdate>
<round>1</round>
<failsafecounter/>
<players><player seat="10" name="Gazza75" chips="1,130" dealer="0" win="740" bet="370" muck="0" rebuy="0" addon="0" merge="0" rebuychips="0" reg_code="5087393323"/>
<player seat="6" name="M1ky3ste92" chips="370" dealer="1" win="0" bet="370" muck="0" rebuy="0" addon="0" merge="0" rebuychips="0" reg_code="5087393052"/>
</players>
</general>
<round no="0"><action no="1" player="M1ky3ste92" type="15" sum="5"/>
<action no="2" player="Gazza75" type="15" discard="1" dealt="1" sum="5"/>
<action no="3" player="M1ky3ste92" type="1" sum="30"/>
<action no="4" player="Gazza75" type="2" discard="1" dealt="1" sum="60"/>
</round>
<round no="1"><cards type="Pocket" player="Gazza75">HK D5</cards>
<cards type="Pocket" player="M1ky3ste92">D9 D10</cards>
<action no="5" player="M1ky3ste92" type="23" sum="365"/>
<action no="6" player="Gazza75" type="3" discard="1" dealt="1" sum="305"/>
</round>
<round no="2"><cards type="Flop">H4 D4 HQ</cards>
</round>
<round no="3"><cards type="Turn">H6</cards>
</round>
<round no="4"><cards type="River">CA</cards>
</round>
</game>
</session>
