<?xml version="1.0" encoding="UTF-8"?>
<session sessioncode="5088857080">
<general>
<client_version>24.7.1.18</client_version>
<mode>real</mode>
<gametype>Holdem NL</gametype>
<tablename>Twister €100 SNG, 826309844</tablename>
<tournamentcode>826309843</tournamentcode>
<tournamentname>Twister €100 SNG</tournamentname>
<buyin>€0 + €7 + €93</buyin>
<totalbuyin>€100</totalbuyin>
<rewarddrawn>€300</rewarddrawn>
<tournamentcurrency>EUR</tournamentcurrency>
<currency>EUR</currency>
<nickname>M1ky3ste92</nickname>
<gamecount>11</gamecount>
<startdate>2026-01-12 23:28:36</startdate>
<place>3</place>
<win>€0</win>
<tablesize>3</tablesize>
</general>
<game gamecode="6592638486"><general>
<startdate>2026-01-12 23:28:51</startdate>
<round>1</round>
<failsafecounter/>
<players><player seat="6" name="Thechosenoonee" chips="500" dealer="0" win="0" bet="40" muck="1" rebuy="0" addon="0" merge="0" rebuychips="0" reg_code="5088856748"/>
<player seat="10" name="Iermando" chips="500" dealer="1" win="90" bet="130" muck="1" rebuy="0" addon="0" merge="0" rebuychips="0" reg_code="5088857185"/>
<player seat="3" name="M1ky3ste92" chips="500" dealer="0" win="0" bet="10" muck="1" rebuy="0" addon="0" merge="0" rebuychips="0" reg_code="5088857080"/>
</players>
</general>
<round no="0"><action no="1" player="M1ky3ste92" type="1" sum="10"/>
<action no="2" player="Thechosenoonee" type="2" discard="1" dealt="1" sum="20"/>
</round>
<round no="1"><cards type="Pocket" player="Thechosenoonee">X X</cards>
<cards type="Pocket" player="M1ky3ste92">C3 CK</cards>
<cards type="Pocket" player="Iermando">X X</cards>
<action no="3" player="Iermando" type="23" discard="1" dealt="1" sum="40"/>
<action no="4" player="M1ky3ste92" type="0" sum="0"/>
<action no="5" player="Thechosenoonee" type="3" discard="1" dealt="1" sum="20"/>
</round>
<round no="2"><cards type="Flop">DA CQ D3</cards>
<action no="6" player="Thechosenoonee" type="4" discard="1" dealt="1" sum="0"/>
<action no="7" player="Iermando" type="5" discard="1" dealt="1" sum="90"/>
<action no="8" player="Thechosenoonee" type="0" discard="1" dealt="1" sum="0"/>
</round>
</game>
<game gamecode="6592638620"><general>
<startdate>2026-01-12 23:29:06</startdate>
<round>1</round>
<failsafecounter/>
<players><player seat="10" name="Iermando" chips="550" dealer="0" win="20" bet="20" muck="1" rebuy="0" addon="0" merge="0" rebuychips="0" reg_code="5088857185"/>
<player seat="3" name="M1ky3ste92" chips="490" dealer="1" win="0" bet="0" muck="1" rebuy="0" addon="0" merge="0" rebuychips="0" reg_code="5088857080"/>
<player seat="6" name="Thechosenoonee" chips="460" dealer="0" win="0" bet="10" muck="1" rebuy="0" addon="0" merge="0" rebuychips="0" reg_code="5088856748"/>
</players>
</general>
<round no="0"><action no="1" player="Thechosenoonee" type="1" discard="1" dealt="1" sum="10"/>
<action no="2" player="Iermando" type="2" discard="1" dealt="1" sum="20"/>
</round>
<round no="1"><cards type="Pocket" player="Thechosenoonee">X X</cards>
<cards type="Pocket" player="Iermando">X X</cards>
<cards type="Pocket" player="M1ky3ste92">C9 D3</cards>
<action no="3" player="M1ky3ste92" type="0" sum="0"/>
<action no="4" player="Thechosenoonee" type="0" discard="1" dealt="1" sum="0"/>
</round>
</game>
<game gamecode="6592638723"><general>
<startdate>2026-01-12 23:29:17</startdate>
<round>1</round>
<failsafecounter/>
<players><player seat="3" name="M1ky3ste92" chips="490" dealer="0" win="20" bet="20" muck="1" rebuy="0" addon="0" merge="0" rebuychips="0" reg_code="5088857080"/>
<player seat="6" name="Thechosenoonee" chips="450" dealer="1" win="0" bet="0" muck="1" rebuy="0" addon="0" merge="0" rebuychips="0" reg_code="5088856748"/>
<player seat="10" name="Iermando" chips="560" dealer="0" win="0" bet="10" muck="1" rebuy="0" addon="0" merge="0" rebuychips="0" reg_code="5088857185"/>
</players>
</general>
<round no="0"><action no="1" player="Iermando" type="1" discard="1" dealt="1" sum="10"/>
<action no="2" player="M1ky3ste92" type="2" sum="20"/>
</round>
<round no="1"><cards type="Pocket" player="Thechosenoonee">X X</cards>
<cards type="Pocket" player="Iermando">X X</cards>
<cards type="Pocket" player="M1ky3ste92">H7 HQ</cards>
<action no="3" player="Thechosenoonee" type="0" discard="1" dealt="1" sum="0"/>
<action no="4" player="Iermando" type="0" discard="1" dealt="1" sum="0"/>
</round>
</game>
<game gamecode="6592638804"><general>
<startdate>2026-01-12 23:29:26</startdate>
<round>1</round>
<failsafecounter/>
<players><player seat="6" name="Thechosenoonee" chips="450" dealer="0" win="20" bet="20" muck="1" rebuy="0" addon="0" merge="0" rebuychips="0" reg_code="5088856748"/>
<player seat="10" name="Iermando" chips="550" dealer="1" win="0" bet="0" muck="1" rebuy="0" addon="0" merge="0" rebuychips="0" reg_code="5088857185"/>
<player seat="3" name="M1ky3ste92" chips="500" dealer="0" win="0" bet="10" muck="1" rebuy="0" addon="0" merge="0" rebuychips="0" reg_code="5088857080"/>
</players>
</general>
<round no="0"><action no="1" player="M1ky3ste92" type="1" sum="10"/>
<action no="2" player="Thechosenoonee" type="2" discard="1" dealt="1" sum="20"/>
</round>
<round no="1"><cards type="Pocket" player="Thechosenoonee">X X</cards>
<cards type="Pocket" player="M1ky3ste92">DQ H5</cards>
<cards type="Pocket" player="Iermando">X X</cards>
<action no="3" player="Iermando" type="0" discard="1" dealt="1" sum="0"/>
<action no="4" player="M1ky3ste92" type="0" sum="0"/>
</round>
</game>
<game gamecode="6592647103"><general>
<startdate>2026-01-12 23:29:36</startdate>
<round>1</round>
<failsafecounter/>
<players><player seat="10" name="Iermando" chips="550" dealer="0" win="0" bet="20" muck="1" rebuy="0" addon="0" merge="0" rebuychips="0" reg_code="5088857185"/>
<player seat="3" name="M1ky3ste92" chips="490" dealer="1" win="360" bet="170" muck="0" rebuy="0" addon="0" merge="0" rebuychips="0" reg_code="5088857080"/>
<player seat="6" name="Thechosenoonee" chips="460" dealer="0" win="0" bet="170" muck="1" rebuy="0" addon="0" merge="0" rebuychips="0" reg_code="5088856748"/>
</players>
</general>
<round no="0"><action no="1" player="Thechosenoonee" type="1" discard="1" dealt="1" sum="10"/>
<action no="2" player="Iermando" type="2" discard="1" dealt="1" sum="20"/>
</round>
<round no="1"><cards type="Pocket" player="Thechosenoonee">H6 HA</cards>
<cards type="Pocket" player="Iermando">X X</cards>
<cards type="Pocket" player="M1ky3ste92">H8 H7</cards>
<action no="3" player="M1ky3ste92" type="23" sum="40"/>
<action no="4" player="Thechosenoonee" type="3" discard="1" dealt="1" sum="30"/>
<action no="5" player="Iermando" type="0" discard="1" dealt="1" sum="0"/>
</round>
<round no="2"><cards type="Flop">HQ D8 H4</cards>
<action no="6" player="Thechosenoonee" type="4" discard="1" dealt="1" sum="0"/>
<action no="7" player="M1ky3ste92" type="5" sum="40"/>
<action no="8" player="Thechosenoonee" type="3" discard="1" dealt="1" sum="40"/>
</round>
<round no="3"><cards type="Turn">C5</cards>
<action no="9" player="Thechosenoonee" type="4" discard="1" dealt="1" sum="0"/>
<action no="10" player="M1ky3ste92" type="5" sum="90"/>
<action no="11" player="Thechosenoonee" type="3" discard="1" dealt="1" sum="90"/>
</round>
<round no="4"><cards type="River">S9</cards>
<action no="12" player="Thechosenoonee" type="4" discard="1" dealt="1" sum="0"/>
<action no="13" player="M1ky3ste92" type="4" sum="0"/>
</round>
</game>
<game gamecode="6592647452"><general>
<startdate>2026-01-12 23:30:15</startdate>
<round>1</round>
<failsafecounter/>
<players><player seat="3" name="M1ky3ste92" chips="680" dealer="0" win="20" bet="20" muck="1" rebuy="0" addon="0" merge="0" rebuychips="0" reg_code="5088857080"/>
<player seat="6" name="Thechosenoonee" chips="290" dealer="1" win="0" bet="0" muck="1" rebuy="0" addon="0" merge="0" rebuychips="0" reg_code="5088856748"/>
<player seat="10" name="Iermando" chips="530" dealer="0" win="0" bet="10" muck="1" rebuy="0" addon="0" merge="0" rebuychips="0" reg_code="5088857185"/>
</players>
</general>
<round no="0"><action no="1" player="Iermando" type="1" discard="1" dealt="1" sum="10"/>
<action no="2" player="M1ky3ste92" type="2" sum="20"/>
</round>
<round no="1"><cards type="Pocket" player="M1ky3ste92">C7 HJ</cards>
<cards type="Pocket" player="Iermando">X X</cards>
<cards type="Pocket" player="Thechosenoonee">X X</cards>
<action no="3" player="Thechosenoonee" type="0" discard="1" dealt="1" sum="0"/>
<action no="4" player="Iermando" type="0" discard="1" dealt="1" sum="0"/>
</round>
</game>
<game gamecode="6592647537"><general>
<startdate>2026-01-12 23:30:25</startdate>
<round>1</round>
<failsafecounter/>
<players><player seat="6" name="Thechosenoonee" chips="290" dealer="0" win="580" bet="290" muck="0" rebuy="0" addon="0" merge="0" rebuychips="0" reg_code="5088856748"/>
<player seat="10" name="Iermando" chips="520" dealer="1" win="0" bet="0" muck="1" rebuy="0" addon="0" merge="0" rebuychips="0" reg_code="5088857185"/>
<player seat="3" name="M1ky3ste92" chips="690" dealer="0" win="0" bet="690" muck="0" rebuy="0" addon="0" merge="0" rebuychips="0" reg_code="5088857080"/>
</players>
</general>
<round no="0"><action no="1" player="M1ky3ste92" type="1" sum="10"/>
<action no="2" player="Thechosenoonee" type="2" discard="1" dealt="1" sum="20"/>
</round>
<round no="1"><cards type="Pocket" player="M1ky3ste92">HA C8</cards>
<cards type="Pocket" player="Thechosenoonee">DA SJ</cards>
<cards type="Pocket" player="Iermando">X X</cards>
<action no="3" player="Iermando" type="0" discard="1" dealt="1" sum="0"/>
<action no="4" player="M1ky3ste92" type="23" sum="690"/>
<action no="5" player="Thechosenoonee" type="7" discard="1" dealt="1" sum="270"/>
</round>
<round no="2"><cards type="Flop">S9 D3 D9</cards>
</round>
<round no="3"><cards type="Turn">D7</cards>
</round>
<round no="4"><cards type="River">CQ</cards>
</round>
</game>
<game gamecode="6592647702"><general>
<startdate>2026-01-12 23:30:44</startdate>
<round>1</round>
<failsafecounter/>
<players><player seat="10" name="Iermando" chips="520" dealer="0" win="0" bet="35" muck="1" rebuy="0" addon="0" merge="0" rebuychips="0" reg_code="5088857185"/>
<player seat="3" name="M1ky3ste92" chips="400" dealer="1" win="0" bet="5" muck="1" rebuy="0" addon="0" merge="0" rebuychips="0" reg_code="5088857080"/>
<player seat="6" name="Thechosenoonee" chips="580" dealer="0" win="75" bet="580" muck="1" rebuy="0" addon="0" merge="0" rebuychips="0" reg_code="5088856748"/>
</players>
</general>
<round no="0"><action no="1" player="Thechosenoonee" type="15" discard="1" dealt="1" sum="5"/>
<action no="2" player="Iermando" type="15" discard="1" dealt="1" sum="5"/>
<action no="3" player="M1ky3ste92" type="15" sum="5"/>
<action no="4" player="Thechosenoonee" type="1" discard="1" dealt="1" sum="15"/>
<action no="5" player="Iermando" type="2" discard="1" dealt="1" sum="30"/>
</round>
<round no="1"><cards type="Pocket" player="M1ky3ste92">C2 C4</cards>
<cards type="Pocket" player="Thechosenoonee">X X</cards>
<cards type="Pocket" player="Iermando">X X</cards>
<action no="6" player="M1ky3ste92" type="0" sum="0"/>
<action no="7" player="Thechosenoonee" type="23" discard="1" dealt="1" sum="575"/>
<action no="8" player="Iermando" type="0" discard="1" dealt="1" sum="0"/>
</round>
</game>
<game gamecode="6592647854"><general>
<startdate>2026-01-12 23:31:00</startdate>
<round>1</round>
<failsafecounter/>
<players><player seat="3" name="M1ky3ste92" chips="395" dealer="0" win="45" bet="35" muck="1" rebuy="0" addon="0" merge="0" rebuychips="0" reg_code="5088857080"/>
<player seat="6" name="Thechosenoonee" chips="620" dealer="1" win="0" bet="5" muck="1" rebuy="0" addon="0" merge="0" rebuychips="0" reg_code="5088856748"/>
<player seat="10" name="Iermando" chips="485" dealer="0" win="0" bet="20" muck="1" rebuy="0" addon="0" merge="0" rebuychips="0" reg_code="5088857185"/>
</players>
</general>
<round no="0"><action no="1" player="Iermando" type="15" discard="1" dealt="1" sum="5"/>
<action no="2" player="M1ky3ste92" type="15" sum="5"/>
<action no="3" player="Thechosenoonee" type="15" discard="1" dealt="1" sum="5"/>
<action no="4" player="Iermando" type="1" discard="1" dealt="1" sum="15"/>
<action no="5" player="M1ky3ste92" type="2" sum="30"/>
</round>
<round no="1"><cards type="Pocket" player="M1ky3ste92">C2 DK</cards>
<cards type="Pocket" player="Iermando">X X</cards>
<cards type="Pocket" player="Thechosenoonee">X X</cards>
<action no="6" player="Thechosenoonee" type="0" discard="1" dealt="1" sum="0"/>
<action no="7" player="Iermando" type="0" discard="1" dealt="1" sum="0"/>
</round>
</game>
<game gamecode="6592647938"><general>
<startdate>2026-01-12 23:31:08</startdate>
<round>1</round>
<failsafecounter/>
<players><player seat="6" name="Thechosenoonee" chips="615" dealer="0" win="45" bet="35" muck="1" rebuy="0" addon="0" merge="0" rebuychips="0" reg_code="5088856748"/>
<player seat="10" name="Iermando" chips="465" dealer="1" win="0" bet="5" muck="1" rebuy="0" addon="0" merge="0" rebuychips="0" reg_code="5088857185"/>
<player seat="3" name="M1ky3ste92" chips="420" dealer="0" win="0" bet="20" muck="1" rebuy="0" addon="0" merge="0" rebuychips="0" reg_code="5088857080"/>
</players>
</general>
<round no="0"><action no="1" player="M1ky3ste92" type="15" sum="5"/>
<action no="2" player="Thechosenoonee" type="15" discard="1" dealt="1" sum="5"/>
<action no="3" player="Iermando" type="15" discard="1" dealt="1" sum="5"/>
<action no="4" player="M1ky3ste92" type="1" sum="15"/>
<action no="5" player="Thechosenoonee" type="2" discard="1" dealt="1" sum="30"/>
</round>
<round no="1"><cards type="Pocket" player="Thechosenoonee">X X</cards>
<cards type="Pocket" player="Iermando">X X</cards>
<cards type="Pocket" player="M1ky3ste92">C3 H8</cards>
<action no="6" player="Iermando" type="0" discard="1" dealt="1" sum="0"/>
<action no="7" player="M1ky3ste92" type="0" sum="0"/>
</round>
</game>
<game gamecode="6592647997"><general>
<startdate>2026-01-12 23:31:16</startdate>
<round>1</round>
<failsafecounter/>
<players><player seat="10" name="Iermando" chips="460" dealer="0" win="0" bet="35" muck="1" rebuy="0" addon="0" merge="0" rebuychips="0" reg_code="5088857185"/>
<player seat="3" name="M1ky3ste92" chips="400" dealer="1" win="0" bet="400" muck="0" rebuy="0" addon="0" merge="0" rebuychips="0" reg_code="5088857080"/>
<player seat="6" name="Thechosenoonee" chips="640" dealer="0" win="835" bet="640" muck="0" rebuy="0" addon="0" merge="0" rebuychips="0" reg_code="5088856748"/>
</players>
</general>
<round no="0"><action no="1" player="Thechosenoonee" type="15" discard="1" dealt="1" sum="5"/>
<action no="2" player="Iermando" type="15" discard="1" dealt="1" sum="5"/>
<action no="3" player="M1ky3ste92" type="15" sum="5"/>
<action no="4" player="Thechosenoonee" type="1" discard="1" dealt="1" sum="15"/>
<action no="5" player="Iermando" type="2" discard="1" dealt="1" sum="30"/>
</round>
<round no="1"><cards type="Pocket" player="M1ky3ste92">SQ S8</cards>
<cards type="Pocket" player="Thechosenoonee">SA DK</cards>
<cards type="Pocket" player="Iermando">X X</cards>
<action no="6" player="M1ky3ste92" type="23" sum="395"/>
<action no="7" player="Thechosenoonee" type="7" discard="1" dealt="1" sum="620"/>
<action no="8" player="Iermando" type="0" discard="1" dealt="1" sum="0"/>
</round>
<round no="2"><cards type="Flop">H4 S4 CJ</cards>
</round>
<round no="3"><cards type="Turn">H7</cards>
</round>
<round no="4"><cards type="River">D7</cards>
</round>
</game>
</session>
