<?xml version="1.0" encoding="UTF-8"?>
<session sessioncode="5088920272">
<general>
<client_version>24.7.1.18</client_version>
<mode>real</mode>
<gametype>Holdem NL</gametype>
<tablename>Twister €100 SNG, 826332181</tablename>
<tournamentcode>826332180</tournamentcode>
<tournamentname>Twister €100 SNG</tournamentname>
<buyin>€0 + €7 + €93</buyin>
<totalbuyin>€100</totalbuyin>
<rewarddrawn>€200</rewarddrawn>
<tournamentcurrency>EUR</tournamentcurrency>
<currency>EUR</currency>
<nickname>M1ky3ste92</nickname>
<gamecount>8</gamecount>
<startdate>2026-01-13 08:16:10</startdate>
<place>1</place>
<win>€200</win>
<tablesize>3</tablesize>
</general>
<game gamecode="6592941206"><general>
<startdate>2026-01-13 08:16:26</startdate>
<round>1</round>
<failsafecounter/>
<players><player seat="6" name="M1ky3ste92" chips="500" dealer="0" win="400" bet="500" muck="1" rebuy="0" addon="0" merge="0" rebuychips="0" reg_code="5088920272"/>
<player seat="10" name="scavin90" chips="500" dealer="1" win="0" bet="0" muck="1" rebuy="0" addon="0" merge="0" rebuychips="0" reg_code="5088920373"/>
<player seat="3" name="Zeeria" chips="500" dealer="0" win="0" bet="200" muck="1" rebuy="0" addon="0" merge="0" rebuychips="0" reg_code="5088918996"/>
</players>
</general>
<round no="0"><action no="1" player="Zeeria" type="1" discard="1" dealt="1" sum="10"/>
<action no="2" player="M1ky3ste92" type="2" sum="20"/>
</round>
<round no="1"><cards type="Pocket" player="M1ky3ste92">H2 HA</cards>
<cards type="Pocket" player="scavin90">X X</cards>
<cards type="Pocket" player="Zeeria">X X</cards>
<action no="3" player="scavin90" type="0" discard="1" dealt="1" sum="0"/>
<action no="4" player="Zeeria" type="23" discard="1" dealt="1" sum="50"/>
<action no="5" player="M1ky3ste92" type="3" sum="30"/>
</round>
<round no="2"><cards type="Flop">CA DA CQ</cards>
<action no="6" player="Zeeria" type="5" discard="1" dealt="1" sum="30"/>
<action no="7" player="M1ky3ste92" type="3" sum="30"/>
</round>
<round no="3"><cards type="Turn">D4</cards>
<action no="8" player="Zeeria" type="5" discard="1" dealt="1" sum="120"/>
<action no="9" player="M1ky3ste92" type="3" sum="120"/>
</round>
<round no="4"><cards type="River">H6</cards>
<action no="10" player="Zeeria" type="4" discard="1" dealt="1" sum="0"/>
<action no="11" player="M1ky3ste92" type="5" sum="300"/>
<action no="12" player="Zeeria" type="0" discard="1" dealt="1" sum="0"/>
</round>
</game>
<game gamecode="6592941233"><general>
<startdate>2026-01-13 08:16:57</startdate>
<round>1</round>
<failsafecounter/>
<players><player seat="10" name="scavin90" chips="500" dealer="0" win="0" bet="500" muck="0" rebuy="0" addon="0" merge="0" rebuychips="0" reg_code="5088920373"/>
<player seat="3" name="Zeeria" chips="300" dealer="1" win="610" bet="300" muck="0" rebuy="0" addon="0" merge="0" rebuychips="0" reg_code="5088918996"/>
<player seat="6" name="M1ky3ste92" chips="700" dealer="0" win="0" bet="10" muck="1" rebuy="0" addon="0" merge="0" rebuychips="0" reg_code="5088920272"/>
</players>
</general>
<round no="0"><action no="1" player="M1ky3ste92" type="1" sum="10"/>
<action no="2" player="scavin90" type="2" discard="1" dealt="1" sum="20"/>
</round>
<round no="1"><cards type="Pocket" player="Zeeria">CA C9</cards>
<cards type="Pocket" player="scavin90">HK DA</cards>
<cards type="Pocket" player="M1ky3ste92">SJ S8</cards>
<action no="3" player="Zeeria" type="23" discard="1" dealt="1" sum="40"/>
<action no="4" player="M1ky3ste92" type="0" sum="0"/>
<action no="5" player="scavin90" type="23" discard="1" dealt="1" sum="500"/>
<action no="6" player="Zeeria" type="7" discard="1" dealt="1" sum="260"/>
</round>
<round no="2"><cards type="Flop">S7 CJ DQ</cards>
</round>
<round no="3"><cards type="Turn">C4</cards>
</round>
<round no="4"><cards type="River">C7</cards>
</round>
</game>
<game gamecode="6592941247"><general>
<startdate>2026-01-13 08:17:15</startdate>
<round>1</round>
<failsafecounter/>
<players><player seat="3" name="Zeeria" chips="610" dealer="0" win="0" bet="200" muck="1" rebuy="0" addon="0" merge="0" rebuychips="0" reg_code="5088918996"/>
<player seat="6" name="M1ky3ste92" chips="690" dealer="1" win="0" bet="0" muck="1" rebuy="0" addon="0" merge="0" rebuychips="0" reg_code="5088920272"/>
<player seat="10" name="scavin90" chips="200" dealer="0" win="400" bet="200" muck="0" rebuy="0" addon="0" merge="0" rebuychips="0" reg_code="5088920373"/>
</players>
</general>
<round no="0"><action no="1" player="scavin90" type="1" discard="1" dealt="1" sum="10"/>
<action no="2" player="Zeeria" type="2" discard="1" dealt="1" sum="20"/>
</round>
<round no="1"><cards type="Pocket" player="Zeeria">D2 SA</cards>
<cards type="Pocket" player="M1ky3ste92">C9 H5</cards>
<cards type="Pocket" player="scavin90">D7 DA</cards>
<action no="3" player="M1ky3ste92" type="0" sum="0"/>
<action no="4" player="scavin90" type="23" discard="1" dealt="1" sum="200"/>
<action no="5" player="Zeeria" type="3" discard="1" dealt="1" sum="180"/>
</round>
<round no="2"><cards type="Flop">S7 H9 S2</cards>
</round>
<round no="3"><cards type="Turn">CA</cards>
</round>
<round no="4"><cards type="River">C3</cards>
</round>
</game>
<game gamecode="6592941264"><general>
<startdate>2026-01-13 08:17:33</startdate>
<round>1</round>
<failsafecounter/>
<players><player seat="6" name="M1ky3ste92" chips="690" dealer="0" win="100" bet="690" muck="1" rebuy="0" addon="0" merge="0" rebuychips="0" reg_code="5088920272"/>
<player seat="10" name="scavin90" chips="400" dealer="1" win="0" bet="0" muck="1" rebuy="0" addon="0" merge="0" rebuychips="0" reg_code="5088920373"/>
<player seat="3" name="Zeeria" chips="410" dealer="0" win="0" bet="50" muck="1" rebuy="0" addon="0" merge="0" rebuychips="0" reg_code="5088918996"/>
</players>
</general>
<round no="0"><action no="1" player="Zeeria" type="1" discard="1" dealt="1" sum="10"/>
<action no="2" player="M1ky3ste92" type="2" sum="20"/>
</round>
<round no="1"><cards type="Pocket" player="scavin90">X X</cards>
<cards type="Pocket" player="Zeeria">X X</cards>
<cards type="Pocket" player="M1ky3ste92">D8 S8</cards>
<action no="3" player="scavin90" type="0" discard="1" dealt="1" sum="0"/>
<action no="4" player="Zeeria" type="23" discard="1" dealt="1" sum="50"/>
<action no="5" player="M1ky3ste92" type="23" sum="690"/>
<action no="6" player="Zeeria" type="0" discard="1" dealt="1" sum="0"/>
</round>
</game>
<game gamecode="6592941277"><general>
<startdate>2026-01-13 08:17:45</startdate>
<round>1</round>
<failsafecounter/>
<players><player seat="10" name="scavin90" chips="400" dealer="0" win="90" bet="400" muck="1" rebuy="0" addon="0" merge="0" rebuychips="0" reg_code="5088920373"/>
<player seat="3" name="Zeeria" chips="360" dealer="1" win="0" bet="40" muck="1" rebuy="0" addon="0" merge="0" rebuychips="0" reg_code="5088918996"/>
<player seat="6" name="M1ky3ste92" chips="740" dealer="0" win="0" bet="10" muck="1" rebuy="0" addon="0" merge="0" rebuychips="0" reg_code="5088920272"/>
</players>
</general>
<round no="0"><action no="1" player="M1ky3ste92" type="1" sum="10"/>
<action no="2" player="scavin90" type="2" discard="1" dealt="1" sum="20"/>
</round>
<round no="1"><cards type="Pocket" player="M1ky3ste92">H8 D7</cards>
<cards type="Pocket" player="scavin90">X X</cards>
<cards type="Pocket" player="Zeeria">X X</cards>
<action no="3" player="Zeeria" type="23" discard="1" dealt="1" sum="40"/>
<action no="4" player="M1ky3ste92" type="0" sum="0"/>
<action no="5" player="scavin90" type="23" discard="1" dealt="1" sum="400"/>
<action no="6" player="Zeeria" type="0" discard="1" dealt="1" sum="0"/>
</round>
</game>
<game gamecode="6592941290"><general>
<startdate>2026-01-13 08:17:56</startdate>
<round>1</round>
<failsafecounter/>
<players><player seat="3" name="Zeeria" chips="320" dealer="0" win="80" bet="80" muck="1" rebuy="0" addon="0" merge="0" rebuychips="0" reg_code="5088918996"/>
<player seat="6" name="M1ky3ste92" chips="730" dealer="1" win="0" bet="0" muck="1" rebuy="0" addon="0" merge="0" rebuychips="0" reg_code="5088920272"/>
<player seat="10" name="scavin90" chips="450" dealer="0" win="0" bet="40" muck="1" rebuy="0" addon="0" merge="0" rebuychips="0" reg_code="5088920373"/>
</players>
</general>
<round no="0"><action no="1" player="scavin90" type="1" discard="1" dealt="1" sum="10"/>
<action no="2" player="Zeeria" type="2" discard="1" dealt="1" sum="20"/>
</round>
<round no="1"><cards type="Pocket" player="M1ky3ste92">H3 C10</cards>
<cards type="Pocket" player="Zeeria">X X</cards>
<cards type="Pocket" player="scavin90">X X</cards>
<action no="3" player="M1ky3ste92" type="0" sum="0"/>
<action no="4" player="scavin90" type="3" discard="1" dealt="1" sum="10"/>
<action no="5" player="Zeeria" type="4" discard="1" dealt="1" sum="0"/>
</round>
<round no="2"><cards type="Flop">CK HJ SJ</cards>
<action no="6" player="scavin90" type="4" discard="1" dealt="1" sum="0"/>
<action no="7" player="Zeeria" type="4" discard="1" dealt="1" sum="0"/>
</round>
<round no="3"><cards type="Turn">HK</cards>
<action no="8" player="scavin90" type="5" discard="1" dealt="1" sum="20"/>
<action no="9" player="Zeeria" type="23" discard="1" dealt="1" sum="60"/>
<action no="10" player="scavin90" type="0" discard="1" dealt="1" sum="0"/>
</round>
</game>
<game gamecode="6592941301"><general>
<startdate>2026-01-13 08:18:11</startdate>
<round>1</round>
<failsafecounter/>
<players><player seat="6" name="M1ky3ste92" chips="730" dealer="0" win="725" bet="360" muck="0" rebuy="0" addon="0" merge="0" rebuychips="0" reg_code="5088920272"/>
<player seat="10" name="scavin90" chips="410" dealer="1" win="0" bet="5" muck="1" rebuy="0" addon="0" merge="0" rebuychips="0" reg_code="5088920373"/>
<player seat="3" name="Zeeria" chips="360" dealer="0" win="0" bet="360" muck="0" rebuy="0" addon="0" merge="0" rebuychips="0" reg_code="5088918996"/>
</players>
</general>
<round no="0"><action no="1" player="Zeeria" type="15" discard="1" dealt="1" sum="5"/>
<action no="2" player="M1ky3ste92" type="15" sum="5"/>
<action no="3" player="scavin90" type="15" discard="1" dealt="1" sum="5"/>
<action no="4" player="Zeeria" type="1" discard="1" dealt="1" sum="15"/>
<action no="5" player="M1ky3ste92" type="2" sum="30"/>
</round>
<round no="1"><cards type="Pocket" player="M1ky3ste92">SK HA</cards>
<cards type="Pocket" player="scavin90">X X</cards>
<cards type="Pocket" player="Zeeria">D2 DA</cards>
<action no="6" player="scavin90" type="0" discard="1" dealt="1" sum="0"/>
<action no="7" player="Zeeria" type="23" discard="1" dealt="1" sum="355"/>
<action no="8" player="M1ky3ste92" type="3" sum="325"/>
</round>
<round no="2"><cards type="Flop">DJ S9 H6</cards>
</round>
<round no="3"><cards type="Turn">D10</cards>
</round>
<round no="4"><cards type="River">SJ</cards>
</round>
</game>
<game gamecode="6592941314"><general>
<startdate>2026-01-13 08:18:27</startdate>
<round>1</round>
<failsafecounter/>
<players><player seat="10" name="scavin90" chips="405" dealer="0" win="0" bet="405" muck="0" rebuy="0" addon="0" merge="0" rebuychips="0" reg_code="5088920373"/>
<player seat="6" name="M1ky3ste92" chips="1,095" dealer="1" win="810" bet="405" muck="0" rebuy="0" addon="0" merge="0" rebuychips="0" reg_code="5088920272"/>
</players>
</general>
<round no="0"><action no="1" player="M1ky3ste92" type="15" sum="5"/>
<action no="2" player="scavin90" type="15" discard="1" dealt="1" sum="5"/>
<action no="3" player="M1ky3ste92" type="1" sum="15"/>
<action no="4" player="scavin90" type="2" discard="1" dealt="1" sum="30"/>
</round>
<round no="1"><cards type="Pocket" player="M1ky3ste92">DK DA</cards>
<cards type="Pocket" player="scavin90">C10 D6</cards>
<action no="5" player="M1ky3ste92" type="3" sum="15"/>
<action no="6" player="scavin90" type="4" discard="1" dealt="1" sum="0"/>
</round>
<round no="2"><cards type="Flop">H10 CA H2</cards>
<action no="7" player="scavin90" type="5" discard="1" dealt="1" sum="30"/>
<action no="8" player="M1ky3ste92" type="23" sum="90"/>
<action no="9" player="scavin90" type="23" discard="1" dealt="1" sum="370"/>
<action no="10" player="M1ky3ste92" type="3" sum="280"/>
</round>
<round no="3"><cards type="Turn">C7</cards>
</round>
<round no="4"><cards type="River">S9</cards>
</round>
</game>
</session>
