<?xml version="1.0" encoding="UTF-8"?>
<session sessioncode="5088174590">
<general>
<client_version>24.7.1.18</client_version>
<mode>real</mode>
<gametype>Holdem NL</gametype>
<tablename>Twister €100 SNG, 826107928</tablename>
<tournamentcode>826107927</tournamentcode>
<tournamentname>Twister €100 SNG</tournamentname>
<buyin>€0 + €7 + €93</buyin>
<totalbuyin>€100</totalbuyin>
<rewarddrawn>€200</rewarddrawn>
<tournamentcurrency>EUR</tournamentcurrency>
<currency>EUR</currency>
<nickname>M1ky3ste92</nickname>
<gamecount>10</gamecount>
<startdate>2026-01-10 19:19:18</startdate>
<place>2</place>
<win>€0</win>
<tablesize>3</tablesize>
</general>
<game gamecode="6589861852"><general>
<startdate>2026-01-10 19:19:34</startdate>
<round>1</round>
<failsafecounter/>
<players><player seat="3" name="Tiuualex" chips="500" dealer="0" win="20" bet="20" muck="1" rebuy="0" addon="0" merge="0" rebuychips="0" reg_code="5088172283"/>
<player seat="6" name="OFiorbe" chips="500" dealer="1" win="0" bet="0" muck="1" rebuy="0" addon="0" merge="0" rebuychips="0" reg_code="5088174140"/>
<player seat="10" name="M1ky3ste92" chips="500" dealer="0" win="0" bet="10" muck="1" rebuy="0" addon="0" merge="0" rebuychips="0" reg_code="5088174590"/>
</players>
</general>
<round no="0"><action no="1" player="M1ky3ste92" type="1" sum="10"/>
<action no="2" player="Tiuualex" type="2" discard="1" dealt="1" sum="20"/>
</round>
<round no="1"><cards type="Pocket" player="OFiorbe">X X</cards>
<cards type="Pocket" player="Tiuualex">X X</cards>
<cards type="Pocket" player="M1ky3ste92">S4 H7</cards>
<action no="3" player="OFiorbe" type="0" discard="1" dealt="1" sum="0"/>
<action no="4" player="M1ky3ste92" type="0" sum="0"/>
</round>
</game>
<game gamecode="6589861887"><general>
<startdate>2026-01-10 19:19:40</startdate>
<round>1</round>
<failsafecounter/>
<players><player seat="6" name="OFiorbe" chips="500" dealer="0" win="0" bet="20" muck="1" rebuy="0" addon="0" merge="0" rebuychips="0" reg_code="5088174140"/>
<player seat="10" name="M1ky3ste92" chips="490" dealer="1" win="50" bet="40" muck="1" rebuy="0" addon="0" merge="0" rebuychips="0" reg_code="5088174590"/>
<player seat="3" name="Tiuualex" chips="510" dealer="0" win="0" bet="10" muck="1" rebuy="0" addon="0" merge="0" rebuychips="0" reg_code="5088172283"/>
</players>
</general>
<round no="0"><action no="1" player="Tiuualex" type="1" discard="1" dealt="1" sum="10"/>
<action no="2" player="OFiorbe" type="2" discard="1" dealt="1" sum="20"/>
</round>
<round no="1"><cards type="Pocket" player="M1ky3ste92">DA HK</cards>
<cards type="Pocket" player="OFiorbe">X X</cards>
<cards type="Pocket" player="Tiuualex">X X</cards>
<action no="3" player="M1ky3ste92" type="23" sum="40"/>
<action no="4" player="Tiuualex" type="0" discard="1" dealt="1" sum="0"/>
<action no="5" player="OFiorbe" type="0" discard="1" dealt="1" sum="0"/>
</round>
</game>
<game gamecode="6589861936"><general>
<startdate>2026-01-10 19:19:49</startdate>
<round>1</round>
<failsafecounter/>
<players><player seat="10" name="M1ky3ste92" chips="520" dealer="0" win="160" bet="140" muck="1" rebuy="0" addon="0" merge="0" rebuychips="0" reg_code="5088174590"/>
<player seat="3" name="Tiuualex" chips="500" dealer="1" win="0" bet="0" muck="1" rebuy="0" addon="0" merge="0" rebuychips="0" reg_code="5088172283"/>
<player seat="6" name="OFiorbe" chips="480" dealer="0" win="0" bet="80" muck="1" rebuy="0" addon="0" merge="0" rebuychips="0" reg_code="5088174140"/>
</players>
</general>
<round no="0"><action no="1" player="OFiorbe" type="1" discard="1" dealt="1" sum="10"/>
<action no="2" player="M1ky3ste92" type="2" sum="20"/>
</round>
<round no="1"><cards type="Pocket" player="Tiuualex">X X</cards>
<cards type="Pocket" player="OFiorbe">X X</cards>
<cards type="Pocket" player="M1ky3ste92">H4 C3</cards>
<action no="3" player="Tiuualex" type="0" discard="1" dealt="1" sum="0"/>
<action no="4" player="OFiorbe" type="3" discard="1" dealt="1" sum="10"/>
<action no="5" player="M1ky3ste92" type="4" sum="0"/>
</round>
<round no="2"><cards type="Flop">HA D5 D6</cards>
<action no="6" player="OFiorbe" type="5" discard="1" dealt="1" sum="20"/>
<action no="7" player="M1ky3ste92" type="3" sum="20"/>
</round>
<round no="3"><cards type="Turn">CA</cards>
<action no="8" player="OFiorbe" type="5" discard="1" dealt="1" sum="40"/>
<action no="9" player="M1ky3ste92" type="23" sum="100"/>
<action no="10" player="OFiorbe" type="0" discard="1" dealt="1" sum="0"/>
</round>
</game>
<game gamecode="6589862180"><general>
<startdate>2026-01-10 19:20:33</startdate>
<round>1</round>
<failsafecounter/>
<players><player seat="3" name="Tiuualex" chips="500" dealer="0" win="120" bet="120" muck="1" rebuy="0" addon="0" merge="0" rebuychips="0" reg_code="5088172283"/>
<player seat="6" name="OFiorbe" chips="400" dealer="1" win="0" bet="0" muck="1" rebuy="0" addon="0" merge="0" rebuychips="0" reg_code="5088174140"/>
<player seat="10" name="M1ky3ste92" chips="600" dealer="0" win="0" bet="60" muck="1" rebuy="0" addon="0" merge="0" rebuychips="0" reg_code="5088174590"/>
</players>
</general>
<round no="0"><action no="1" player="M1ky3ste92" type="1" sum="10"/>
<action no="2" player="Tiuualex" type="2" discard="1" dealt="1" sum="20"/>
</round>
<round no="1"><cards type="Pocket" player="M1ky3ste92">S8 HJ</cards>
<cards type="Pocket" player="Tiuualex">X X</cards>
<cards type="Pocket" player="OFiorbe">X X</cards>
<action no="3" player="OFiorbe" type="0" discard="1" dealt="1" sum="0"/>
<action no="4" player="M1ky3ste92" type="3" sum="10"/>
<action no="5" player="Tiuualex" type="23" discard="1" dealt="1" sum="60"/>
<action no="6" player="M1ky3ste92" type="3" sum="40"/>
</round>
<round no="2"><cards type="Flop">D6 HA CA</cards>
<action no="7" player="M1ky3ste92" type="4" sum="0"/>
<action no="8" player="Tiuualex" type="5" discard="1" dealt="1" sum="60"/>
<action no="9" player="M1ky3ste92" type="0" sum="0"/>
</round>
</game>
<game gamecode="6589862300"><general>
<startdate>2026-01-10 19:20:56</startdate>
<round>1</round>
<failsafecounter/>
<players><player seat="6" name="OFiorbe" chips="400" dealer="0" win="20" bet="20" muck="1" rebuy="0" addon="0" merge="0" rebuychips="0" reg_code="5088174140"/>
<player seat="10" name="M1ky3ste92" chips="540" dealer="1" win="0" bet="0" muck="1" rebuy="0" addon="0" merge="0" rebuychips="0" reg_code="5088174590"/>
<player seat="3" name="Tiuualex" chips="560" dealer="0" win="0" bet="10" muck="1" rebuy="0" addon="0" merge="0" rebuychips="0" reg_code="5088172283"/>
</players>
</general>
<round no="0"><action no="1" player="Tiuualex" type="1" discard="1" dealt="1" sum="10"/>
<action no="2" player="OFiorbe" type="2" discard="1" dealt="1" sum="20"/>
</round>
<round no="1"><cards type="Pocket" player="Tiuualex">X X</cards>
<cards type="Pocket" player="M1ky3ste92">S6 C9</cards>
<cards type="Pocket" player="OFiorbe">X X</cards>
<action no="3" player="M1ky3ste92" type="0" sum="0"/>
<action no="4" player="Tiuualex" type="0" discard="1" dealt="1" sum="0"/>
</round>
</game>
<game gamecode="6589862341"><general>
<startdate>2026-01-10 19:21:03</startdate>
<round>1</round>
<failsafecounter/>
<players><player seat="10" name="M1ky3ste92" chips="540" dealer="0" win="0" bet="50" muck="1" rebuy="0" addon="0" merge="0" rebuychips="0" reg_code="5088174590"/>
<player seat="3" name="Tiuualex" chips="550" dealer="1" win="0" bet="0" muck="1" rebuy="0" addon="0" merge="0" rebuychips="0" reg_code="5088172283"/>
<player seat="6" name="OFiorbe" chips="410" dealer="0" win="100" bet="83" muck="1" rebuy="0" addon="0" merge="0" rebuychips="0" reg_code="5088174140"/>
</players>
</general>
<round no="0"><action no="1" player="OFiorbe" type="1" discard="1" dealt="1" sum="10"/>
<action no="2" player="M1ky3ste92" type="2" sum="20"/>
</round>
<round no="1"><cards type="Pocket" player="M1ky3ste92">H10 CK</cards>
<cards type="Pocket" player="Tiuualex">X X</cards>
<cards type="Pocket" player="OFiorbe">X X</cards>
<action no="3" player="Tiuualex" type="0" discard="1" dealt="1" sum="0"/>
<action no="4" player="OFiorbe" type="23" discard="1" dealt="1" sum="50"/>
<action no="5" player="M1ky3ste92" type="3" sum="30"/>
</round>
<round no="2"><cards type="Flop">C4 S6 DJ</cards>
<action no="6" player="OFiorbe" type="4" discard="1" dealt="1" sum="0"/>
<action no="7" player="M1ky3ste92" type="4" sum="0"/>
</round>
<round no="3"><cards type="Turn">D6</cards>
<action no="8" player="OFiorbe" type="5" discard="1" dealt="1" sum="33"/>
<action no="9" player="M1ky3ste92" type="0" sum="0"/>
</round>
</game>
<game gamecode="6589862518"><general>
<startdate>2026-01-10 19:21:33</startdate>
<round>1</round>
<failsafecounter/>
<players><player seat="3" name="Tiuualex" chips="550" dealer="0" win="0" bet="35" muck="1" rebuy="0" addon="0" merge="0" rebuychips="0" reg_code="5088172283"/>
<player seat="6" name="OFiorbe" chips="460" dealer="1" win="90" bet="460" muck="1" rebuy="0" addon="0" merge="0" rebuychips="0" reg_code="5088174140"/>
<player seat="10" name="M1ky3ste92" chips="490" dealer="0" win="0" bet="20" muck="1" rebuy="0" addon="0" merge="0" rebuychips="0" reg_code="5088174590"/>
</players>
</general>
<round no="0"><action no="1" player="M1ky3ste92" type="15" sum="5"/>
<action no="2" player="Tiuualex" type="15" discard="1" dealt="1" sum="5"/>
<action no="3" player="OFiorbe" type="15" discard="1" dealt="1" sum="5"/>
<action no="4" player="M1ky3ste92" type="1" sum="15"/>
<action no="5" player="Tiuualex" type="2" discard="1" dealt="1" sum="30"/>
</round>
<round no="1"><cards type="Pocket" player="M1ky3ste92">C7 S10</cards>
<cards type="Pocket" player="Tiuualex">X X</cards>
<cards type="Pocket" player="OFiorbe">X X</cards>
<action no="6" player="OFiorbe" type="23" discard="1" dealt="1" sum="455"/>
<action no="7" player="M1ky3ste92" type="0" sum="0"/>
<action no="8" player="Tiuualex" type="0" discard="1" dealt="1" sum="0"/>
</round>
</game>
<game gamecode="6589862571"><general>
<startdate>2026-01-10 19:21:43</startdate>
<round>1</round>
<failsafecounter/>
<players><player seat="6" name="OFiorbe" chips="515" dealer="0" win="135" bet="65" muck="0" rebuy="0" addon="0" merge="0" rebuychips="0" reg_code="5088174140"/>
<player seat="10" name="M1ky3ste92" chips="470" dealer="1" win="0" bet="5" muck="1" rebuy="0" addon="0" merge="0" rebuychips="0" reg_code="5088174590"/>
<player seat="3" name="Tiuualex" chips="515" dealer="0" win="0" bet="65" muck="1" rebuy="0" addon="0" merge="0" rebuychips="0" reg_code="5088172283"/>
</players>
</general>
<round no="0"><action no="1" player="Tiuualex" type="15" discard="1" dealt="1" sum="5"/>
<action no="2" player="OFiorbe" type="15" discard="1" dealt="1" sum="5"/>
<action no="3" player="M1ky3ste92" type="15" sum="5"/>
<action no="4" player="Tiuualex" type="1" discard="1" dealt="1" sum="15"/>
<action no="5" player="OFiorbe" type="2" discard="1" dealt="1" sum="30"/>
</round>
<round no="1"><cards type="Pocket" player="M1ky3ste92">H4 S6</cards>
<cards type="Pocket" player="OFiorbe">CK H2</cards>
<cards type="Pocket" player="Tiuualex">C2 C4</cards>
<action no="6" player="M1ky3ste92" type="0" sum="0"/>
<action no="7" player="Tiuualex" type="3" discard="1" dealt="1" sum="15"/>
<action no="8" player="OFiorbe" type="4" discard="1" dealt="1" sum="0"/>
</round>
<round no="2"><cards type="Flop">C7 HJ D2</cards>
<action no="9" player="Tiuualex" type="5" discard="1" dealt="1" sum="30"/>
<action no="10" player="OFiorbe" type="3" discard="1" dealt="1" sum="30"/>
</round>
<round no="3"><cards type="Turn">D7</cards>
<action no="11" player="Tiuualex" type="4" discard="1" dealt="1" sum="0"/>
<action no="12" player="OFiorbe" type="4" discard="1" dealt="1" sum="0"/>
</round>
<round no="4"><cards type="River">D5</cards>
<action no="13" player="Tiuualex" type="4" discard="1" dealt="1" sum="0"/>
<action no="14" player="OFiorbe" type="4" discard="1" dealt="1" sum="0"/>
</round>
</game>
<game gamecode="6589868308"><general>
<startdate>2026-01-10 19:22:37</startdate>
<round>1</round>
<failsafecounter/>
<players><player seat="10" name="M1ky3ste92" chips="465" dealer="0" win="75" bet="125" muck="1" rebuy="0" addon="0" merge="0" rebuychips="0" reg_code="5088174590"/>
<player seat="3" name="Tiuualex" chips="450" dealer="1" win="0" bet="5" muck="1" rebuy="0" addon="0" merge="0" rebuychips="0" reg_code="5088172283"/>
<player seat="6" name="OFiorbe" chips="585" dealer="0" win="0" bet="35" muck="1" rebuy="0" addon="0" merge="0" rebuychips="0" reg_code="5088174140"/>
</players>
</general>
<round no="0"><action no="1" player="OFiorbe" type="15" discard="1" dealt="1" sum="5"/>
<action no="2" player="M1ky3ste92" type="15" sum="5"/>
<action no="3" player="Tiuualex" type="15" discard="1" dealt="1" sum="5"/>
<action no="4" player="OFiorbe" type="1" discard="1" dealt="1" sum="15"/>
<action no="5" player="M1ky3ste92" type="2" sum="30"/>
</round>
<round no="1"><cards type="Pocket" player="OFiorbe">X X</cards>
<cards type="Pocket" player="Tiuualex">X X</cards>
<cards type="Pocket" player="M1ky3ste92">SA CJ</cards>
<action no="6" player="Tiuualex" type="0" discard="1" dealt="1" sum="0"/>
<action no="7" player="OFiorbe" type="3" discard="1" dealt="1" sum="15"/>
<action no="8" player="M1ky3ste92" type="23" sum="120"/>
<action no="9" player="OFiorbe" type="0" discard="1" dealt="1" sum="0"/>
</round>
</game>
<game gamecode="6589868409"><general>
<startdate>2026-01-10 19:22:54</startdate>
<round>1</round>
<failsafecounter/>
<players><player seat="3" name="Tiuualex" chips="445" dealer="0" win="0" bet="445" muck="0" rebuy="0" addon="0" merge="0" rebuychips="0" reg_code="5088172283"/>
<player seat="6" name="OFiorbe" chips="550" dealer="1" win="1,455" bet="505" muck="0" rebuy="0" addon="0" merge="0" rebuychips="0" reg_code="5088174140"/>
<player seat="10" name="M1ky3ste92" chips="505" dealer="0" win="0" bet="505" muck="1" rebuy="0" addon="0" merge="0" rebuychips="0" reg_code="5088174590"/>
</players>
</general>
<round no="0"><action no="1" player="M1ky3ste92" type="15" sum="5"/>
<action no="2" player="Tiuualex" type="15" discard="1" dealt="1" sum="5"/>
<action no="3" player="OFiorbe" type="15" discard="1" dealt="1" sum="5"/>
<action no="4" player="M1ky3ste92" type="1" sum="20"/>
<action no="5" player="Tiuualex" type="2" discard="1" dealt="1" sum="40"/>
</round>
<round no="1"><cards type="Pocket" player="Tiuualex">SQ HA</cards>
<cards type="Pocket" player="OFiorbe">CK CA</cards>
<cards type="Pocket" player="M1ky3ste92">D10 DA</cards>
<action no="6" player="OFiorbe" type="23" discard="1" dealt="1" sum="80"/>
<action no="7" player="M1ky3ste92" type="23" sum="500"/>
<action no="8" player="Tiuualex" type="7" discard="1" dealt="1" sum="400"/>
<action no="9" player="OFiorbe" type="3" discard="1" dealt="1" sum="420"/>
</round>
<round no="2"><cards type="Flop">S5 S7 S9</cards>
</round>
<round no="3"><cards type="Turn">C5</cards>
</round>
<round no="4"><cards type="River">C3</cards>
</round>
</game>
</session>
