<?xml version="1.0" encoding="UTF-8"?>
<session sessioncode="5088320643">
<general>
<client_version>25.7.1.50</client_version>
<mode>real</mode>
<gametype>Holdem NL</gametype>
<tablename>Twister €100 SNG, 826147333</tablename>
<tournamentcode>826147332</tournamentcode>
<tournamentname>Twister €100 SNG</tournamentname>
<buyin>€0 + €7 + €93</buyin>
<totalbuyin>€100</totalbuyin>
<rewarddrawn>€200</rewarddrawn>
<tournamentcurrency>EUR</tournamentcurrency>
<currency>EUR</currency>
<nickname>M1ky3ste92</nickname>
<gamecount>17</gamecount>
<startdate>2026-01-11 03:52:57</startdate>
<place>3</place>
<win>€0</win>
<tablesize>3</tablesize>
</general>
<game gamecode="6590423287"><general>
<startdate>2026-01-11 03:53:12</startdate>
<round>1</round>
<failsafecounter/>
<players><player seat="6" name="Aomanuahi" chips="500" dealer="0" win="20" bet="20" muck="1" rebuy="0" addon="0" merge="0" rebuychips="0" reg_code="5088320617"/>
<player seat="10" name="M1ky3ste92" chips="500" dealer="1" win="0" bet="0" muck="1" rebuy="0" addon="0" merge="0" rebuychips="0" reg_code="5088320643"/>
<player seat="3" name="Cesare944" chips="500" dealer="0" win="0" bet="10" muck="1" rebuy="0" addon="0" merge="0" rebuychips="0" reg_code="5088319002"/>
</players>
</general>
<round no="0"><action no="1" player="Cesare944" type="1" discard="1" dealt="1" sum="10"/>
<action no="2" player="Aomanuahi" type="2" discard="1" dealt="1" sum="20"/>
</round>
<round no="1"><cards type="Pocket" player="Aomanuahi">X X</cards>
<cards type="Pocket" player="M1ky3ste92">D8 H9</cards>
<cards type="Pocket" player="Cesare944">X X</cards>
<action no="3" player="M1ky3ste92" type="0" sum="0"/>
<action no="4" player="Cesare944" type="0" discard="1" dealt="1" sum="0"/>
</round>
</game>
<game gamecode="6590423323"><general>
<startdate>2026-01-11 03:53:24</startdate>
<round>1</round>
<failsafecounter/>
<players><player seat="10" name="M1ky3ste92" chips="500" dealer="0" win="0" bet="50" muck="1" rebuy="0" addon="0" merge="0" rebuychips="0" reg_code="5088320643"/>
<player seat="3" name="Cesare944" chips="490" dealer="1" win="0" bet="0" muck="1" rebuy="0" addon="0" merge="0" rebuychips="0" reg_code="5088319002"/>
<player seat="6" name="Aomanuahi" chips="510" dealer="0" win="100" bet="80" muck="1" rebuy="0" addon="0" merge="0" rebuychips="0" reg_code="5088320617"/>
</players>
</general>
<round no="0"><action no="1" player="Aomanuahi" type="1" discard="1" dealt="1" sum="10"/>
<action no="2" player="M1ky3ste92" type="2" sum="20"/>
</round>
<round no="1"><cards type="Pocket" player="Cesare944">X X</cards>
<cards type="Pocket" player="M1ky3ste92">SQ D9</cards>
<cards type="Pocket" player="Aomanuahi">X X</cards>
<action no="3" player="Cesare944" type="0" discard="1" dealt="1" sum="0"/>
<action no="4" player="Aomanuahi" type="23" discard="1" dealt="1" sum="50"/>
<action no="5" player="M1ky3ste92" type="3" sum="30"/>
</round>
<round no="2"><cards type="Flop">C7 S6 S2</cards>
<action no="6" player="Aomanuahi" type="5" discard="1" dealt="1" sum="30"/>
<action no="7" player="M1ky3ste92" type="0" sum="0"/>
</round>
</game>
<game gamecode="6590423432"><general>
<startdate>2026-01-11 03:53:57</startdate>
<round>1</round>
<failsafecounter/>
<players><player seat="3" name="Cesare944" chips="490" dealer="0" win="0" bet="20" muck="1" rebuy="0" addon="0" merge="0" rebuychips="0" reg_code="5088319002"/>
<player seat="6" name="Aomanuahi" chips="560" dealer="1" win="0" bet="0" muck="1" rebuy="0" addon="0" merge="0" rebuychips="0" reg_code="5088320617"/>
<player seat="10" name="M1ky3ste92" chips="450" dealer="0" win="40" bet="40" muck="1" rebuy="0" addon="0" merge="0" rebuychips="0" reg_code="5088320643"/>
</players>
</general>
<round no="0"><action no="1" player="M1ky3ste92" type="1" sum="10"/>
<action no="2" player="Cesare944" type="2" discard="1" dealt="1" sum="20"/>
</round>
<round no="1"><cards type="Pocket" player="Aomanuahi">X X</cards>
<cards type="Pocket" player="Cesare944">X X</cards>
<cards type="Pocket" player="M1ky3ste92">C8 DJ</cards>
<action no="3" player="Aomanuahi" type="0" discard="1" dealt="1" sum="0"/>
<action no="4" player="M1ky3ste92" type="23" sum="40"/>
<action no="5" player="Cesare944" type="0" discard="1" dealt="1" sum="0"/>
</round>
</game>
<game gamecode="6590423500"><general>
<startdate>2026-01-11 03:54:18</startdate>
<round>1</round>
<failsafecounter/>
<players><player seat="6" name="Aomanuahi" chips="560" dealer="0" win="80" bet="100" muck="1" rebuy="0" addon="0" merge="0" rebuychips="0" reg_code="5088320617"/>
<player seat="10" name="M1ky3ste92" chips="470" dealer="1" win="0" bet="0" muck="1" rebuy="0" addon="0" merge="0" rebuychips="0" reg_code="5088320643"/>
<player seat="3" name="Cesare944" chips="470" dealer="0" win="0" bet="40" muck="1" rebuy="0" addon="0" merge="0" rebuychips="0" reg_code="5088319002"/>
</players>
</general>
<round no="0"><action no="1" player="Cesare944" type="1" discard="1" dealt="1" sum="10"/>
<action no="2" player="Aomanuahi" type="2" discard="1" dealt="1" sum="20"/>
</round>
<round no="1"><cards type="Pocket" player="M1ky3ste92">S8 S10</cards>
<cards type="Pocket" player="Aomanuahi">X X</cards>
<cards type="Pocket" player="Cesare944">X X</cards>
<action no="3" player="M1ky3ste92" type="0" sum="0"/>
<action no="4" player="Cesare944" type="23" discard="1" dealt="1" sum="40"/>
<action no="5" player="Aomanuahi" type="23" discard="1" dealt="1" sum="100"/>
<action no="6" player="Cesare944" type="0" discard="1" dealt="1" sum="0"/>
</round>
</game>
<game gamecode="6590423610"><general>
<startdate>2026-01-11 03:54:49</startdate>
<round>1</round>
<failsafecounter/>
<players><player seat="10" name="M1ky3ste92" chips="470" dealer="0" win="20" bet="20" muck="1" rebuy="0" addon="0" merge="0" rebuychips="0" reg_code="5088320643"/>
<player seat="3" name="Cesare944" chips="430" dealer="1" win="0" bet="0" muck="1" rebuy="0" addon="0" merge="0" rebuychips="0" reg_code="5088319002"/>
<player seat="6" name="Aomanuahi" chips="600" dealer="0" win="0" bet="10" muck="1" rebuy="0" addon="0" merge="0" rebuychips="0" reg_code="5088320617"/>
</players>
</general>
<round no="0"><action no="1" player="Aomanuahi" type="1" discard="1" dealt="1" sum="10"/>
<action no="2" player="M1ky3ste92" type="2" sum="20"/>
</round>
<round no="1"><cards type="Pocket" player="Aomanuahi">X X</cards>
<cards type="Pocket" player="M1ky3ste92">SK D10</cards>
<cards type="Pocket" player="Cesare944">X X</cards>
<action no="3" player="Cesare944" type="0" discard="1" dealt="1" sum="0"/>
<action no="4" player="Aomanuahi" type="0" discard="1" dealt="1" sum="0"/>
</round>
</game>
<game gamecode="6590423669"><general>
<startdate>2026-01-11 03:55:05</startdate>
<round>1</round>
<failsafecounter/>
<players><player seat="3" name="Cesare944" chips="430" dealer="0" win="150" bet="430" muck="1" rebuy="0" addon="0" merge="0" rebuychips="0" reg_code="5088319002"/>
<player seat="6" name="Aomanuahi" chips="590" dealer="1" win="0" bet="65" muck="1" rebuy="0" addon="0" merge="0" rebuychips="0" reg_code="5088320617"/>
<player seat="10" name="M1ky3ste92" chips="480" dealer="0" win="0" bet="20" muck="1" rebuy="0" addon="0" merge="0" rebuychips="0" reg_code="5088320643"/>
</players>
</general>
<round no="0"><action no="1" player="M1ky3ste92" type="15" sum="5"/>
<action no="2" player="Cesare944" type="15" discard="1" dealt="1" sum="5"/>
<action no="3" player="Aomanuahi" type="15" discard="1" dealt="1" sum="5"/>
<action no="4" player="M1ky3ste92" type="1" sum="15"/>
<action no="5" player="Cesare944" type="2" discard="1" dealt="1" sum="30"/>
</round>
<round no="1"><cards type="Pocket" player="M1ky3ste92">D9 C3</cards>
<cards type="Pocket" player="Cesare944">X X</cards>
<cards type="Pocket" player="Aomanuahi">X X</cards>
<action no="6" player="Aomanuahi" type="23" discard="1" dealt="1" sum="60"/>
<action no="7" player="M1ky3ste92" type="0" sum="0"/>
<action no="8" player="Cesare944" type="23" discard="1" dealt="1" sum="425"/>
<action no="9" player="Aomanuahi" type="0" discard="1" dealt="1" sum="0"/>
</round>
</game>
<game gamecode="6590423719"><general>
<startdate>2026-01-11 03:55:22</startdate>
<round>1</round>
<failsafecounter/>
<players><player seat="6" name="Aomanuahi" chips="525" dealer="0" win="0" bet="110" muck="1" rebuy="0" addon="0" merge="0" rebuychips="0" reg_code="5088320617"/>
<player seat="10" name="M1ky3ste92" chips="460" dealer="1" win="0" bet="5" muck="1" rebuy="0" addon="0" merge="0" rebuychips="0" reg_code="5088320643"/>
<player seat="3" name="Cesare944" chips="515" dealer="0" win="225" bet="223" muck="1" rebuy="0" addon="0" merge="0" rebuychips="0" reg_code="5088319002"/>
</players>
</general>
<round no="0"><action no="1" player="Cesare944" type="15" discard="1" dealt="1" sum="5"/>
<action no="2" player="Aomanuahi" type="15" discard="1" dealt="1" sum="5"/>
<action no="3" player="M1ky3ste92" type="15" sum="5"/>
<action no="4" player="Cesare944" type="1" discard="1" dealt="1" sum="15"/>
<action no="5" player="Aomanuahi" type="2" discard="1" dealt="1" sum="30"/>
</round>
<round no="1"><cards type="Pocket" player="M1ky3ste92">DJ S7</cards>
<cards type="Pocket" player="Aomanuahi">X X</cards>
<cards type="Pocket" player="Cesare944">X X</cards>
<action no="6" player="M1ky3ste92" type="0" sum="0"/>
<action no="7" player="Cesare944" type="23" discard="1" dealt="1" sum="60"/>
<action no="8" player="Aomanuahi" type="3" discard="1" dealt="1" sum="30"/>
</round>
<round no="2"><cards type="Flop">H7 H8 D4</cards>
<action no="9" player="Cesare944" type="5" discard="1" dealt="1" sum="45"/>
<action no="10" player="Aomanuahi" type="3" discard="1" dealt="1" sum="45"/>
</round>
<round no="3"><cards type="Turn">C5</cards>
<action no="11" player="Cesare944" type="5" discard="1" dealt="1" sum="113"/>
<action no="12" player="Aomanuahi" type="0" discard="1" dealt="1" sum="0"/>
</round>
</game>
<game gamecode="6590423827"><general>
<startdate>2026-01-11 03:55:55</startdate>
<round>1</round>
<failsafecounter/>
<players><player seat="10" name="M1ky3ste92" chips="455" dealer="0" win="0" bet="415" muck="1" rebuy="0" addon="0" merge="0" rebuychips="0" reg_code="5088320643"/>
<player seat="3" name="Cesare944" chips="630" dealer="1" win="0" bet="5" muck="1" rebuy="0" addon="0" merge="0" rebuychips="0" reg_code="5088319002"/>
<player seat="6" name="Aomanuahi" chips="415" dealer="0" win="835" bet="415" muck="0" rebuy="0" addon="0" merge="0" rebuychips="0" reg_code="5088320617"/>
</players>
</general>
<round no="0"><action no="1" player="Aomanuahi" type="15" discard="1" dealt="1" sum="5"/>
<action no="2" player="M1ky3ste92" type="15" sum="5"/>
<action no="3" player="Cesare944" type="15" discard="1" dealt="1" sum="5"/>
<action no="4" player="Aomanuahi" type="1" discard="1" dealt="1" sum="15"/>
<action no="5" player="M1ky3ste92" type="2" sum="30"/>
</round>
<round no="1"><cards type="Pocket" player="Aomanuahi">S6 S4</cards>
<cards type="Pocket" player="Cesare944">X X</cards>
<cards type="Pocket" player="M1ky3ste92">DA HJ</cards>
<action no="6" player="Cesare944" type="0" discard="1" dealt="1" sum="0"/>
<action no="7" player="Aomanuahi" type="23" discard="1" dealt="1" sum="410"/>
<action no="8" player="M1ky3ste92" type="3" sum="380"/>
</round>
<round no="2"><cards type="Flop">C7 D2 H6</cards>
</round>
<round no="3"><cards type="Turn">S8</cards>
</round>
<round no="4"><cards type="River">H8</cards>
</round>
</game>
<game gamecode="6590423875"><general>
<startdate>2026-01-11 03:56:13</startdate>
<round>1</round>
<failsafecounter/>
<players><player seat="3" name="Cesare944" chips="625" dealer="0" win="0" bet="40" muck="1" rebuy="0" addon="0" merge="0" rebuychips="0" reg_code="5088319002"/>
<player seat="6" name="Aomanuahi" chips="835" dealer="1" win="0" bet="5" muck="1" rebuy="0" addon="0" merge="0" rebuychips="0" reg_code="5088320617"/>
<player seat="10" name="M1ky3ste92" chips="40" dealer="0" win="85" bet="40" muck="0" rebuy="0" addon="0" merge="0" rebuychips="0" reg_code="5088320643"/>
</players>
</general>
<round no="0"><action no="1" player="M1ky3ste92" type="15" sum="5"/>
<action no="2" player="Cesare944" type="15" discard="1" dealt="1" sum="5"/>
<action no="3" player="Aomanuahi" type="15" discard="1" dealt="1" sum="5"/>
<action no="4" player="M1ky3ste92" type="1" sum="15"/>
<action no="5" player="Cesare944" type="2" discard="1" dealt="1" sum="30"/>
</round>
<round no="1"><cards type="Pocket" player="Cesare944">DA S6</cards>
<cards type="Pocket" player="Aomanuahi">X X</cards>
<cards type="Pocket" player="M1ky3ste92">C8 H6</cards>
<action no="6" player="Aomanuahi" type="0" discard="1" dealt="1" sum="0"/>
<action no="7" player="M1ky3ste92" type="7" sum="20"/>
<action no="8" player="Cesare944" type="3" discard="1" dealt="1" sum="5"/>
</round>
<round no="2"><cards type="Flop">S3 D3 H8</cards>
</round>
<round no="3"><cards type="Turn">S7</cards>
</round>
<round no="4"><cards type="River">D9</cards>
</round>
</game>
<game gamecode="6590423930"><general>
<startdate>2026-01-11 03:56:33</startdate>
<round>1</round>
<failsafecounter/>
<players><player seat="6" name="Aomanuahi" chips="830" dealer="0" win="0" bet="85" muck="1" rebuy="0" addon="0" merge="0" rebuychips="0" reg_code="5088320617"/>
<player seat="10" name="M1ky3ste92" chips="85" dealer="1" win="0" bet="5" muck="1" rebuy="0" addon="0" merge="0" rebuychips="0" reg_code="5088320643"/>
<player seat="3" name="Cesare944" chips="585" dealer="0" win="175" bet="143" muck="1" rebuy="0" addon="0" merge="0" rebuychips="0" reg_code="5088319002"/>
</players>
</general>
<round no="0"><action no="1" player="Cesare944" type="15" discard="1" dealt="1" sum="5"/>
<action no="2" player="Aomanuahi" type="15" discard="1" dealt="1" sum="5"/>
<action no="3" player="M1ky3ste92" type="15" sum="5"/>
<action no="4" player="Cesare944" type="1" discard="1" dealt="1" sum="20"/>
<action no="5" player="Aomanuahi" type="2" discard="1" dealt="1" sum="40"/>
</round>
<round no="1"><cards type="Pocket" player="Aomanuahi">X X</cards>
<cards type="Pocket" player="M1ky3ste92">C5 H10</cards>
<cards type="Pocket" player="Cesare944">X X</cards>
<action no="6" player="M1ky3ste92" type="0" sum="0"/>
<action no="7" player="Cesare944" type="23" discard="1" dealt="1" sum="80"/>
<action no="8" player="Aomanuahi" type="3" discard="1" dealt="1" sum="40"/>
</round>
<round no="2"><cards type="Flop">SA S7 DK</cards>
<action no="9" player="Cesare944" type="5" discard="1" dealt="1" sum="58"/>
<action no="10" player="Aomanuahi" type="0" discard="1" dealt="1" sum="0"/>
</round>
</game>
<game gamecode="6590423995"><general>
<startdate>2026-01-11 03:56:52</startdate>
<round>1</round>
<failsafecounter/>
<players><player seat="10" name="M1ky3ste92" chips="80" dealer="0" win="82" bet="80" muck="0" rebuy="0" addon="0" merge="0" rebuychips="0" reg_code="5088320643"/>
<player seat="3" name="Cesare944" chips="675" dealer="1" win="0" bet="5" muck="1" rebuy="0" addon="0" merge="0" rebuychips="0" reg_code="5088319002"/>
<player seat="6" name="Aomanuahi" chips="745" dealer="0" win="83" bet="745" muck="0" rebuy="0" addon="0" merge="0" rebuychips="0" reg_code="5088320617"/>
</players>
</general>
<round no="0"><action no="1" player="Aomanuahi" type="15" discard="1" dealt="1" sum="5"/>
<action no="2" player="M1ky3ste92" type="15" sum="5"/>
<action no="3" player="Cesare944" type="15" discard="1" dealt="1" sum="5"/>
<action no="4" player="Aomanuahi" type="1" discard="1" dealt="1" sum="20"/>
<action no="5" player="M1ky3ste92" type="2" sum="40"/>
</round>
<round no="1"><cards type="Pocket" player="M1ky3ste92">D6 D5</cards>
<cards type="Pocket" player="Aomanuahi">H6 SK</cards>
<cards type="Pocket" player="Cesare944">X X</cards>
<action no="6" player="Cesare944" type="0" discard="1" dealt="1" sum="0"/>
<action no="7" player="Aomanuahi" type="23" discard="1" dealt="1" sum="740"/>
<action no="8" player="M1ky3ste92" type="7" sum="35"/>
</round>
<round no="2"><cards type="Flop">S6 D3 C3</cards>
</round>
<round no="3"><cards type="Turn">H7</cards>
</round>
<round no="4"><cards type="River">S3</cards>
</round>
</game>
<game gamecode="6590424060"><general>
<startdate>2026-01-11 03:57:13</startdate>
<round>1</round>
<failsafecounter/>
<players><player seat="3" name="Cesare944" chips="670" dealer="0" win="84" bet="82" muck="0" rebuy="0" addon="0" merge="0" rebuychips="0" reg_code="5088319002"/>
<player seat="6" name="Aomanuahi" chips="748" dealer="1" win="0" bet="5" muck="1" rebuy="0" addon="0" merge="0" rebuychips="0" reg_code="5088320617"/>
<player seat="10" name="M1ky3ste92" chips="82" dealer="0" win="85" bet="82" muck="0" rebuy="0" addon="0" merge="0" rebuychips="0" reg_code="5088320643"/>
</players>
</general>
<round no="0"><action no="1" player="M1ky3ste92" type="15" sum="5"/>
<action no="2" player="Cesare944" type="15" discard="1" dealt="1" sum="5"/>
<action no="3" player="Aomanuahi" type="15" discard="1" dealt="1" sum="5"/>
<action no="4" player="M1ky3ste92" type="1" sum="20"/>
<action no="5" player="Cesare944" type="2" discard="1" dealt="1" sum="40"/>
</round>
<round no="1"><cards type="Pocket" player="Aomanuahi">X X</cards>
<cards type="Pocket" player="Cesare944">S4 DA</cards>
<cards type="Pocket" player="M1ky3ste92">H9 D10</cards>
<action no="6" player="Aomanuahi" type="0" discard="1" dealt="1" sum="0"/>
<action no="7" player="M1ky3ste92" type="7" sum="57"/>
<action no="8" player="Cesare944" type="3" discard="1" dealt="1" sum="37"/>
</round>
<round no="2"><cards type="Flop">SJ HJ H4</cards>
</round>
<round no="3"><cards type="Turn">D4</cards>
</round>
<round no="4"><cards type="River">DJ</cards>
</round>
</game>
<game gamecode="6590424113"><general>
<startdate>2026-01-11 03:57:35</startdate>
<round>1</round>
<failsafecounter/>
<players><player seat="6" name="Aomanuahi" chips="743" dealer="0" win="0" bet="45" muck="1" rebuy="0" addon="0" merge="0" rebuychips="0" reg_code="5088320617"/>
<player seat="10" name="M1ky3ste92" chips="85" dealer="1" win="0" bet="5" muck="1" rebuy="0" addon="0" merge="0" rebuychips="0" reg_code="5088320643"/>
<player seat="3" name="Cesare944" chips="672" dealer="0" win="95" bet="672" muck="1" rebuy="0" addon="0" merge="0" rebuychips="0" reg_code="5088319002"/>
</players>
</general>
<round no="0"><action no="1" player="Cesare944" type="15" discard="1" dealt="1" sum="5"/>
<action no="2" player="Aomanuahi" type="15" discard="1" dealt="1" sum="5"/>
<action no="3" player="M1ky3ste92" type="15" sum="5"/>
<action no="4" player="Cesare944" type="1" discard="1" dealt="1" sum="20"/>
<action no="5" player="Aomanuahi" type="2" discard="1" dealt="1" sum="40"/>
</round>
<round no="1"><cards type="Pocket" player="M1ky3ste92">D7 H4</cards>
<cards type="Pocket" player="Cesare944">X X</cards>
<cards type="Pocket" player="Aomanuahi">X X</cards>
<action no="6" player="M1ky3ste92" type="0" sum="0"/>
<action no="7" player="Cesare944" type="23" discard="1" dealt="1" sum="667"/>
<action no="8" player="Aomanuahi" type="0" discard="1" dealt="1" sum="0"/>
</round>
</game>
<game gamecode="6590424169"><general>
<startdate>2026-01-11 03:57:50</startdate>
<round>1</round>
<failsafecounter/>
<players><player seat="10" name="M1ky3ste92" chips="80" dealer="0" win="185" bet="80" muck="0" rebuy="0" addon="0" merge="0" rebuychips="0" reg_code="5088320643"/>
<player seat="3" name="Cesare944" chips="722" dealer="1" win="0" bet="722" muck="1" rebuy="0" addon="0" merge="0" rebuychips="0" reg_code="5088319002"/>
<player seat="6" name="Aomanuahi" chips="698" dealer="0" win="0" bet="25" muck="1" rebuy="0" addon="0" merge="0" rebuychips="0" reg_code="5088320617"/>
</players>
</general>
<round no="0"><action no="1" player="Aomanuahi" type="15" discard="1" dealt="1" sum="5"/>
<action no="2" player="M1ky3ste92" type="15" sum="5"/>
<action no="3" player="Cesare944" type="15" discard="1" dealt="1" sum="5"/>
<action no="4" player="Aomanuahi" type="1" discard="1" dealt="1" sum="20"/>
<action no="5" player="M1ky3ste92" type="2" sum="40"/>
</round>
<round no="1"><cards type="Pocket" player="Cesare944">S10 SJ</cards>
<cards type="Pocket" player="M1ky3ste92">H3 C9</cards>
<cards type="Pocket" player="Aomanuahi">X X</cards>
<action no="6" player="Cesare944" type="23" discard="1" dealt="1" sum="717"/>
<action no="7" player="Aomanuahi" type="0" discard="1" dealt="1" sum="0"/>
<action no="8" player="M1ky3ste92" type="7" sum="35"/>
</round>
<round no="2"><cards type="Flop">S7 C6 D3</cards>
</round>
<round no="3"><cards type="Turn">H5</cards>
</round>
<round no="4"><cards type="River">DQ</cards>
</round>
</game>
<game gamecode="6590424237"><general>
<startdate>2026-01-11 03:58:14</startdate>
<round>1</round>
<failsafecounter/>
<players><player seat="3" name="Cesare944" chips="642" dealer="0" win="0" bet="185" muck="1" rebuy="0" addon="0" merge="0" rebuychips="0" reg_code="5088319002"/>
<player seat="6" name="Aomanuahi" chips="673" dealer="1" win="0" bet="5" muck="1" rebuy="0" addon="0" merge="0" rebuychips="0" reg_code="5088320617"/>
<player seat="10" name="M1ky3ste92" chips="185" dealer="0" win="375" bet="185" muck="0" rebuy="0" addon="0" merge="0" rebuychips="0" reg_code="5088320643"/>
</players>
</general>
<round no="0"><action no="1" player="M1ky3ste92" type="15" sum="5"/>
<action no="2" player="Cesare944" type="15" discard="1" dealt="1" sum="5"/>
<action no="3" player="Aomanuahi" type="15" discard="1" dealt="1" sum="5"/>
<action no="4" player="M1ky3ste92" type="1" sum="30"/>
<action no="5" player="Cesare944" type="2" discard="1" dealt="1" sum="60"/>
</round>
<round no="1"><cards type="Pocket" player="Aomanuahi">X X</cards>
<cards type="Pocket" player="M1ky3ste92">S2 CA</cards>
<cards type="Pocket" player="Cesare944">S8 SK</cards>
<action no="6" player="Aomanuahi" type="0" discard="1" dealt="1" sum="0"/>
<action no="7" player="M1ky3ste92" type="23" sum="180"/>
<action no="8" player="Cesare944" type="3" discard="1" dealt="1" sum="120"/>
</round>
<round no="2"><cards type="Flop">H3 C4 S7</cards>
</round>
<round no="3"><cards type="Turn">CQ</cards>
</round>
<round no="4"><cards type="River">HJ</cards>
</round>
</game>
<game gamecode="6590424296"><general>
<startdate>2026-01-11 03:58:35</startdate>
<round>1</round>
<failsafecounter/>
<players><player seat="6" name="Aomanuahi" chips="668" dealer="0" win="75" bet="65" muck="1" rebuy="0" addon="0" merge="0" rebuychips="0" reg_code="5088320617"/>
<player seat="10" name="M1ky3ste92" chips="375" dealer="1" win="0" bet="5" muck="1" rebuy="0" addon="0" merge="0" rebuychips="0" reg_code="5088320643"/>
<player seat="3" name="Cesare944" chips="457" dealer="0" win="0" bet="35" muck="1" rebuy="0" addon="0" merge="0" rebuychips="0" reg_code="5088319002"/>
</players>
</general>
<round no="0"><action no="1" player="Cesare944" type="15" discard="1" dealt="1" sum="5"/>
<action no="2" player="Aomanuahi" type="15" discard="1" dealt="1" sum="5"/>
<action no="3" player="M1ky3ste92" type="15" sum="5"/>
<action no="4" player="Cesare944" type="1" discard="1" dealt="1" sum="30"/>
<action no="5" player="Aomanuahi" type="2" discard="1" dealt="1" sum="60"/>
</round>
<round no="1"><cards type="Pocket" player="Aomanuahi">X X</cards>
<cards type="Pocket" player="M1ky3ste92">C3 S8</cards>
<cards type="Pocket" player="Cesare944">X X</cards>
<action no="6" player="M1ky3ste92" type="0" sum="0"/>
<action no="7" player="Cesare944" type="0" discard="1" dealt="1" sum="0"/>
</round>
</game>
<game gamecode="6590424329"><general>
<startdate>2026-01-11 03:58:48</startdate>
<round>1</round>
<failsafecounter/>
<players><player seat="10" name="M1ky3ste92" chips="370" dealer="0" win="0" bet="370" muck="0" rebuy="0" addon="0" merge="0" rebuychips="0" reg_code="5088320643"/>
<player seat="3" name="Cesare944" chips="422" dealer="1" win="0" bet="5" muck="1" rebuy="0" addon="0" merge="0" rebuychips="0" reg_code="5088319002"/>
<player seat="6" name="Aomanuahi" chips="708" dealer="0" win="745" bet="708" muck="0" rebuy="0" addon="0" merge="0" rebuychips="0" reg_code="5088320617"/>
</players>
</general>
<round no="0"><action no="1" player="Aomanuahi" type="15" discard="1" dealt="1" sum="5"/>
<action no="2" player="M1ky3ste92" type="15" sum="5"/>
<action no="3" player="Cesare944" type="15" discard="1" dealt="1" sum="5"/>
<action no="4" player="Aomanuahi" type="1" discard="1" dealt="1" sum="30"/>
<action no="5" player="M1ky3ste92" type="2" sum="60"/>
</round>
<round no="1"><cards type="Pocket" player="Cesare944">X X</cards>
<cards type="Pocket" player="M1ky3ste92">D4 CK</cards>
<cards type="Pocket" player="Aomanuahi">HQ C5</cards>
<action no="6" player="Cesare944" type="0" discard="1" dealt="1" sum="0"/>
<action no="7" player="Aomanuahi" type="23" discard="1" dealt="1" sum="703"/>
<action no="8" player="M1ky3ste92" type="7" sum="305"/>
</round>
<round no="2"><cards type="Flop">H3 DJ DQ</cards>
</round>
<round no="3"><cards type="Turn">H2</cards>
</round>
<round no="4"><cards type="River">D3</cards>
</round>
</game>
</session>
