<?xml version="1.0" encoding="UTF-8"?>
<session sessioncode="5088931461">
<general>
<client_version>24.7.1.18</client_version>
<mode>real</mode>
<gametype>Holdem NL</gametype>
<tablename>Twister €100 SNG, 826336864</tablename>
<tournamentcode>826336370</tournamentcode>
<tournamentname>Twister €100 SNG</tournamentname>
<buyin>€0 + €7 + €93</buyin>
<totalbuyin>€100</totalbuyin>
<rewarddrawn>€400</rewarddrawn>
<tournamentcurrency>EUR</tournamentcurrency>
<currency>EUR</currency>
<nickname>M1ky3ste92</nickname>
<gamecount>20</gamecount>
<startdate>2026-01-13 10:20:56</startdate>
<place>1</place>
<win>€400</win>
<tablesize>3</tablesize>
</general>
<game gamecode="6592989875"><general>
<startdate>2026-01-13 10:21:12</startdate>
<round>1</round>
<failsafecounter/>
<players><player seat="6" name="Ankalaev" chips="500" dealer="0" win="0" bet="162" muck="1" rebuy="0" addon="0" merge="0" rebuychips="0" reg_code="5088930964"/>
<player seat="10" name="M1ky3ste92" chips="500" dealer="1" win="0" bet="0" muck="1" rebuy="0" addon="0" merge="0" rebuychips="0" reg_code="5088931461"/>
<player seat="3" name="xiuder0nn17" chips="500" dealer="0" win="324" bet="162" muck="0" rebuy="0" addon="0" merge="0" rebuychips="0" reg_code="5088930820"/>
</players>
</general>
<round no="0"><action no="1" player="xiuder0nn17" type="1" discard="1" dealt="1" sum="10"/>
<action no="2" player="Ankalaev" type="2" discard="1" dealt="1" sum="20"/>
</round>
<round no="1"><cards type="Pocket" player="Ankalaev">D7 H8</cards>
<cards type="Pocket" player="M1ky3ste92">C5 D6</cards>
<cards type="Pocket" player="xiuder0nn17">DQ C10</cards>
<action no="3" player="M1ky3ste92" type="0" sum="0"/>
<action no="4" player="xiuder0nn17" type="23" discard="1" dealt="1" sum="54"/>
<action no="5" player="Ankalaev" type="3" discard="1" dealt="1" sum="34"/>
</round>
<round no="2"><cards type="Flop">CK S8 S5</cards>
<action no="6" player="xiuder0nn17" type="5" discard="1" dealt="1" sum="27"/>
<action no="7" player="Ankalaev" type="3" discard="1" dealt="1" sum="27"/>
</round>
<round no="3"><cards type="Turn">CQ</cards>
<action no="8" player="xiuder0nn17" type="4" discard="1" dealt="1" sum="0"/>
<action no="9" player="Ankalaev" type="4" discard="1" dealt="1" sum="0"/>
</round>
<round no="4"><cards type="River">S2</cards>
<action no="10" player="xiuder0nn17" type="5" discard="1" dealt="1" sum="81"/>
<action no="11" player="Ankalaev" type="3" discard="1" dealt="1" sum="81"/>
</round>
</game>
<game gamecode="6592989957"><general>
<startdate>2026-01-13 10:21:39</startdate>
<round>1</round>
<failsafecounter/>
<players><player seat="10" name="M1ky3ste92" chips="500" dealer="0" win="134" bet="155" muck="1" rebuy="0" addon="0" merge="0" rebuychips="0" reg_code="5088931461"/>
<player seat="3" name="xiuder0nn17" chips="662" dealer="1" win="0" bet="62" muck="1" rebuy="0" addon="0" merge="0" rebuychips="0" reg_code="5088930820"/>
<player seat="6" name="Ankalaev" chips="338" dealer="0" win="0" bet="10" muck="1" rebuy="0" addon="0" merge="0" rebuychips="0" reg_code="5088930964"/>
</players>
</general>
<round no="0"><action no="1" player="Ankalaev" type="1" discard="1" dealt="1" sum="10"/>
<action no="2" player="M1ky3ste92" type="2" sum="20"/>
</round>
<round no="1"><cards type="Pocket" player="M1ky3ste92">C4 C3</cards>
<cards type="Pocket" player="Ankalaev">X X</cards>
<cards type="Pocket" player="xiuder0nn17">X X</cards>
<action no="3" player="xiuder0nn17" type="23" discard="1" dealt="1" sum="40"/>
<action no="4" player="Ankalaev" type="0" discard="1" dealt="1" sum="0"/>
<action no="5" player="M1ky3ste92" type="3" sum="20"/>
</round>
<round no="2"><cards type="Flop">CA S6 S3</cards>
<action no="6" player="M1ky3ste92" type="4" sum="0"/>
<action no="7" player="xiuder0nn17" type="5" discard="1" dealt="1" sum="22"/>
<action no="8" player="M1ky3ste92" type="3" sum="22"/>
</round>
<round no="3"><cards type="Turn">H3</cards>
<action no="9" player="M1ky3ste92" type="4" sum="0"/>
<action no="10" player="xiuder0nn17" type="4" discard="1" dealt="1" sum="0"/>
</round>
<round no="4"><cards type="River">S9</cards>
<action no="11" player="M1ky3ste92" type="5" sum="93"/>
<action no="12" player="xiuder0nn17" type="0" discard="1" dealt="1" sum="0"/>
</round>
</game>
<game gamecode="6592990032"><general>
<startdate>2026-01-13 10:22:02</startdate>
<round>1</round>
<failsafecounter/>
<players><player seat="3" name="xiuder0nn17" chips="600" dealer="0" win="0" bet="20" muck="1" rebuy="0" addon="0" merge="0" rebuychips="0" reg_code="5088930820"/>
<player seat="6" name="Ankalaev" chips="328" dealer="1" win="50" bet="328" muck="1" rebuy="0" addon="0" merge="0" rebuychips="0" reg_code="5088930964"/>
<player seat="10" name="M1ky3ste92" chips="572" dealer="0" win="0" bet="10" muck="1" rebuy="0" addon="0" merge="0" rebuychips="0" reg_code="5088931461"/>
</players>
</general>
<round no="0"><action no="1" player="M1ky3ste92" type="1" sum="10"/>
<action no="2" player="xiuder0nn17" type="2" discard="1" dealt="1" sum="20"/>
</round>
<round no="1"><cards type="Pocket" player="Ankalaev">X X</cards>
<cards type="Pocket" player="xiuder0nn17">X X</cards>
<cards type="Pocket" player="M1ky3ste92">C9 S10</cards>
<action no="3" player="Ankalaev" type="23" discard="1" dealt="1" sum="328"/>
<action no="4" player="M1ky3ste92" type="0" sum="0"/>
<action no="5" player="xiuder0nn17" type="0" discard="1" dealt="1" sum="0"/>
</round>
</game>
<game gamecode="6592990083"><general>
<startdate>2026-01-13 10:22:18</startdate>
<round>1</round>
<failsafecounter/>
<players><player seat="6" name="Ankalaev" chips="358" dealer="0" win="0" bet="20" muck="1" rebuy="0" addon="0" merge="0" rebuychips="0" reg_code="5088930964"/>
<player seat="10" name="M1ky3ste92" chips="562" dealer="1" win="0" bet="0" muck="1" rebuy="0" addon="0" merge="0" rebuychips="0" reg_code="5088931461"/>
<player seat="3" name="xiuder0nn17" chips="580" dealer="0" win="40" bet="66" muck="1" rebuy="0" addon="0" merge="0" rebuychips="0" reg_code="5088930820"/>
</players>
</general>
<round no="0"><action no="1" player="xiuder0nn17" type="1" discard="1" dealt="1" sum="10"/>
<action no="2" player="Ankalaev" type="2" discard="1" dealt="1" sum="20"/>
</round>
<round no="1"><cards type="Pocket" player="M1ky3ste92">S8 S5</cards>
<cards type="Pocket" player="Ankalaev">X X</cards>
<cards type="Pocket" player="xiuder0nn17">X X</cards>
<action no="3" player="M1ky3ste92" type="0" sum="0"/>
<action no="4" player="xiuder0nn17" type="3" discard="1" dealt="1" sum="10"/>
<action no="5" player="Ankalaev" type="4" discard="1" dealt="1" sum="0"/>
</round>
<round no="2"><cards type="Flop">H9 H2 H10</cards>
<action no="6" player="xiuder0nn17" type="4" discard="1" dealt="1" sum="0"/>
<action no="7" player="Ankalaev" type="4" discard="1" dealt="1" sum="0"/>
</round>
<round no="3"><cards type="Turn">SQ</cards>
<action no="8" player="xiuder0nn17" type="5" discard="1" dealt="1" sum="46"/>
<action no="9" player="Ankalaev" type="0" discard="1" dealt="1" sum="0"/>
</round>
</game>
<game gamecode="6592990189"><general>
<startdate>2026-01-13 10:22:49</startdate>
<round>1</round>
<failsafecounter/>
<players><player seat="10" name="M1ky3ste92" chips="562" dealer="0" win="20" bet="20" muck="1" rebuy="0" addon="0" merge="0" rebuychips="0" reg_code="5088931461"/>
<player seat="3" name="xiuder0nn17" chips="600" dealer="1" win="0" bet="0" muck="1" rebuy="0" addon="0" merge="0" rebuychips="0" reg_code="5088930820"/>
<player seat="6" name="Ankalaev" chips="338" dealer="0" win="0" bet="10" muck="1" rebuy="0" addon="0" merge="0" rebuychips="0" reg_code="5088930964"/>
</players>
</general>
<round no="0"><action no="1" player="Ankalaev" type="1" discard="1" dealt="1" sum="10"/>
<action no="2" player="M1ky3ste92" type="2" sum="20"/>
</round>
<round no="1"><cards type="Pocket" player="xiuder0nn17">X X</cards>
<cards type="Pocket" player="M1ky3ste92">SQ DA</cards>
<cards type="Pocket" player="Ankalaev">X X</cards>
<action no="3" player="xiuder0nn17" type="0" discard="1" dealt="1" sum="0"/>
<action no="4" player="Ankalaev" type="0" discard="1" dealt="1" sum="0"/>
</round>
</game>
<game gamecode="6592990219"><general>
<startdate>2026-01-13 10:22:59</startdate>
<round>1</round>
<failsafecounter/>
<players><player seat="3" name="xiuder0nn17" chips="600" dealer="0" win="192" bet="192" muck="1" rebuy="0" addon="0" merge="0" rebuychips="0" reg_code="5088930820"/>
<player seat="6" name="Ankalaev" chips="328" dealer="1" win="0" bet="0" muck="1" rebuy="0" addon="0" merge="0" rebuychips="0" reg_code="5088930964"/>
<player seat="10" name="M1ky3ste92" chips="572" dealer="0" win="0" bet="96" muck="1" rebuy="0" addon="0" merge="0" rebuychips="0" reg_code="5088931461"/>
</players>
</general>
<round no="0"><action no="1" player="M1ky3ste92" type="1" sum="10"/>
<action no="2" player="xiuder0nn17" type="2" discard="1" dealt="1" sum="20"/>
</round>
<round no="1"><cards type="Pocket" player="M1ky3ste92">HA H2</cards>
<cards type="Pocket" player="Ankalaev">X X</cards>
<cards type="Pocket" player="xiuder0nn17">X X</cards>
<action no="3" player="Ankalaev" type="0" discard="1" dealt="1" sum="0"/>
<action no="4" player="M1ky3ste92" type="3" sum="10"/>
<action no="5" player="xiuder0nn17" type="23" discard="1" dealt="1" sum="64"/>
<action no="6" player="M1ky3ste92" type="3" sum="44"/>
</round>
<round no="2"><cards type="Flop">D3 S3 S7</cards>
<action no="7" player="M1ky3ste92" type="4" sum="0"/>
<action no="8" player="xiuder0nn17" type="5" discard="1" dealt="1" sum="32"/>
<action no="9" player="M1ky3ste92" type="3" sum="32"/>
</round>
<round no="3"><cards type="Turn">CQ</cards>
<action no="10" player="M1ky3ste92" type="4" sum="0"/>
<action no="11" player="xiuder0nn17" type="5" discard="1" dealt="1" sum="96"/>
<action no="12" player="M1ky3ste92" type="0" sum="0"/>
</round>
</game>
<game gamecode="6592990294"><general>
<startdate>2026-01-13 10:23:24</startdate>
<round>1</round>
<failsafecounter/>
<players><player seat="6" name="Ankalaev" chips="328" dealer="0" win="0" bet="35" muck="1" rebuy="0" addon="0" merge="0" rebuychips="0" reg_code="5088930964"/>
<player seat="10" name="M1ky3ste92" chips="476" dealer="1" win="90" bet="476" muck="1" rebuy="0" addon="0" merge="0" rebuychips="0" reg_code="5088931461"/>
<player seat="3" name="xiuder0nn17" chips="696" dealer="0" win="0" bet="20" muck="1" rebuy="0" addon="0" merge="0" rebuychips="0" reg_code="5088930820"/>
</players>
</general>
<round no="0"><action no="1" player="xiuder0nn17" type="15" discard="1" dealt="1" sum="5"/>
<action no="2" player="Ankalaev" type="15" discard="1" dealt="1" sum="5"/>
<action no="3" player="M1ky3ste92" type="15" sum="5"/>
<action no="4" player="xiuder0nn17" type="1" discard="1" dealt="1" sum="15"/>
<action no="5" player="Ankalaev" type="2" discard="1" dealt="1" sum="30"/>
</round>
<round no="1"><cards type="Pocket" player="Ankalaev">X X</cards>
<cards type="Pocket" player="M1ky3ste92">S10 DJ</cards>
<cards type="Pocket" player="xiuder0nn17">X X</cards>
<action no="6" player="M1ky3ste92" type="23" sum="471"/>
<action no="7" player="xiuder0nn17" type="0" discard="1" dealt="1" sum="0"/>
<action no="8" player="Ankalaev" type="0" discard="1" dealt="1" sum="0"/>
</round>
</game>
<game gamecode="6592990337"><general>
<startdate>2026-01-13 10:23:40</startdate>
<round>1</round>
<failsafecounter/>
<players><player seat="10" name="M1ky3ste92" chips="531" dealer="0" win="147" bet="131" muck="1" rebuy="0" addon="0" merge="0" rebuychips="0" reg_code="5088931461"/>
<player seat="3" name="xiuder0nn17" chips="676" dealer="1" win="0" bet="5" muck="1" rebuy="0" addon="0" merge="0" rebuychips="0" reg_code="5088930820"/>
<player seat="6" name="Ankalaev" chips="293" dealer="0" win="0" bet="71" muck="1" rebuy="0" addon="0" merge="0" rebuychips="0" reg_code="5088930964"/>
</players>
</general>
<round no="0"><action no="1" player="Ankalaev" type="15" discard="1" dealt="1" sum="5"/>
<action no="2" player="M1ky3ste92" type="15" sum="5"/>
<action no="3" player="xiuder0nn17" type="15" discard="1" dealt="1" sum="5"/>
<action no="4" player="Ankalaev" type="1" discard="1" dealt="1" sum="15"/>
<action no="5" player="M1ky3ste92" type="2" sum="30"/>
</round>
<round no="1"><cards type="Pocket" player="xiuder0nn17">X X</cards>
<cards type="Pocket" player="M1ky3ste92">C3 DK</cards>
<cards type="Pocket" player="Ankalaev">X X</cards>
<action no="6" player="xiuder0nn17" type="0" discard="1" dealt="1" sum="0"/>
<action no="7" player="Ankalaev" type="23" discard="1" dealt="1" sum="66"/>
<action no="8" player="M1ky3ste92" type="3" sum="36"/>
</round>
<round no="2"><cards type="Flop">S9 C7 S5</cards>
<action no="9" player="Ankalaev" type="4" discard="1" dealt="1" sum="0"/>
<action no="10" player="M1ky3ste92" type="4" sum="0"/>
</round>
<round no="3"><cards type="Turn">D2</cards>
<action no="11" player="Ankalaev" type="4" discard="1" dealt="1" sum="0"/>
<action no="12" player="M1ky3ste92" type="5" sum="60"/>
<action no="13" player="Ankalaev" type="0" discard="1" dealt="1" sum="0"/>
</round>
</game>
<game gamecode="6592992424"><general>
<startdate>2026-01-13 10:24:13</startdate>
<round>1</round>
<failsafecounter/>
<players><player seat="3" name="xiuder0nn17" chips="671" dealer="0" win="0" bet="35" muck="1" rebuy="0" addon="0" merge="0" rebuychips="0" reg_code="5088930820"/>
<player seat="6" name="Ankalaev" chips="222" dealer="1" win="90" bet="222" muck="1" rebuy="0" addon="0" merge="0" rebuychips="0" reg_code="5088930964"/>
<player seat="10" name="M1ky3ste92" chips="607" dealer="0" win="0" bet="20" muck="1" rebuy="0" addon="0" merge="0" rebuychips="0" reg_code="5088931461"/>
</players>
</general>
<round no="0"><action no="1" player="M1ky3ste92" type="15" sum="5"/>
<action no="2" player="xiuder0nn17" type="15" discard="1" dealt="1" sum="5"/>
<action no="3" player="Ankalaev" type="15" discard="1" dealt="1" sum="5"/>
<action no="4" player="M1ky3ste92" type="1" sum="15"/>
<action no="5" player="xiuder0nn17" type="2" discard="1" dealt="1" sum="30"/>
</round>
<round no="1"><cards type="Pocket" player="xiuder0nn17">X X</cards>
<cards type="Pocket" player="M1ky3ste92">H3 H7</cards>
<cards type="Pocket" player="Ankalaev">X X</cards>
<action no="6" player="Ankalaev" type="23" discard="1" dealt="1" sum="217"/>
<action no="7" player="M1ky3ste92" type="0" sum="0"/>
<action no="8" player="xiuder0nn17" type="0" discard="1" dealt="1" sum="0"/>
</round>
</game>
<game gamecode="6592992446"><general>
<startdate>2026-01-13 10:24:22</startdate>
<round>1</round>
<failsafecounter/>
<players><player seat="6" name="Ankalaev" chips="277" dealer="0" win="0" bet="35" muck="1" rebuy="0" addon="0" merge="0" rebuychips="0" reg_code="5088930964"/>
<player seat="10" name="M1ky3ste92" chips="587" dealer="1" win="0" bet="5" muck="1" rebuy="0" addon="0" merge="0" rebuychips="0" reg_code="5088931461"/>
<player seat="3" name="xiuder0nn17" chips="636" dealer="0" win="75" bet="636" muck="1" rebuy="0" addon="0" merge="0" rebuychips="0" reg_code="5088930820"/>
</players>
</general>
<round no="0"><action no="1" player="xiuder0nn17" type="15" discard="1" dealt="1" sum="5"/>
<action no="2" player="Ankalaev" type="15" discard="1" dealt="1" sum="5"/>
<action no="3" player="M1ky3ste92" type="15" sum="5"/>
<action no="4" player="xiuder0nn17" type="1" discard="1" dealt="1" sum="15"/>
<action no="5" player="Ankalaev" type="2" discard="1" dealt="1" sum="30"/>
</round>
<round no="1"><cards type="Pocket" player="Ankalaev">X X</cards>
<cards type="Pocket" player="xiuder0nn17">X X</cards>
<cards type="Pocket" player="M1ky3ste92">D6 S5</cards>
<action no="6" player="M1ky3ste92" type="0" sum="0"/>
<action no="7" player="xiuder0nn17" type="23" discard="1" dealt="1" sum="631"/>
<action no="8" player="Ankalaev" type="0" discard="1" dealt="1" sum="0"/>
</round>
</game>
<game gamecode="6592992472"><general>
<startdate>2026-01-13 10:24:31</startdate>
<round>1</round>
<failsafecounter/>
<players><player seat="10" name="M1ky3ste92" chips="582" dealer="0" win="0" bet="35" muck="1" rebuy="0" addon="0" merge="0" rebuychips="0" reg_code="5088931461"/>
<player seat="3" name="xiuder0nn17" chips="676" dealer="1" win="0" bet="5" muck="1" rebuy="0" addon="0" merge="0" rebuychips="0" reg_code="5088930820"/>
<player seat="6" name="Ankalaev" chips="242" dealer="0" win="75" bet="242" muck="1" rebuy="0" addon="0" merge="0" rebuychips="0" reg_code="5088930964"/>
</players>
</general>
<round no="0"><action no="1" player="Ankalaev" type="15" discard="1" dealt="1" sum="5"/>
<action no="2" player="M1ky3ste92" type="15" sum="5"/>
<action no="3" player="xiuder0nn17" type="15" discard="1" dealt="1" sum="5"/>
<action no="4" player="Ankalaev" type="1" discard="1" dealt="1" sum="15"/>
<action no="5" player="M1ky3ste92" type="2" sum="30"/>
</round>
<round no="1"><cards type="Pocket" player="Ankalaev">X X</cards>
<cards type="Pocket" player="xiuder0nn17">X X</cards>
<cards type="Pocket" player="M1ky3ste92">S2 D4</cards>
<action no="6" player="xiuder0nn17" type="0" discard="1" dealt="1" sum="0"/>
<action no="7" player="Ankalaev" type="23" discard="1" dealt="1" sum="237"/>
<action no="8" player="M1ky3ste92" type="0" sum="0"/>
</round>
</game>
<game gamecode="6592992492"><general>
<startdate>2026-01-13 10:24:38</startdate>
<round>1</round>
<failsafecounter/>
<players><player seat="3" name="xiuder0nn17" chips="671" dealer="0" win="75" bet="671" muck="1" rebuy="0" addon="0" merge="0" rebuychips="0" reg_code="5088930820"/>
<player seat="6" name="Ankalaev" chips="282" dealer="1" win="0" bet="5" muck="1" rebuy="0" addon="0" merge="0" rebuychips="0" reg_code="5088930964"/>
<player seat="10" name="M1ky3ste92" chips="547" dealer="0" win="0" bet="35" muck="1" rebuy="0" addon="0" merge="0" rebuychips="0" reg_code="5088931461"/>
</players>
</general>
<round no="0"><action no="1" player="M1ky3ste92" type="15" sum="5"/>
<action no="2" player="xiuder0nn17" type="15" discard="1" dealt="1" sum="5"/>
<action no="3" player="Ankalaev" type="15" discard="1" dealt="1" sum="5"/>
<action no="4" player="M1ky3ste92" type="1" sum="15"/>
<action no="5" player="xiuder0nn17" type="2" discard="1" dealt="1" sum="30"/>
</round>
<round no="1"><cards type="Pocket" player="M1ky3ste92">C4 CK</cards>
<cards type="Pocket" player="xiuder0nn17">X X</cards>
<cards type="Pocket" player="Ankalaev">X X</cards>
<action no="6" player="Ankalaev" type="0" discard="1" dealt="1" sum="0"/>
<action no="7" player="M1ky3ste92" type="3" sum="15"/>
<action no="8" player="xiuder0nn17" type="23" discard="1" dealt="1" sum="666"/>
<action no="9" player="M1ky3ste92" type="0" sum="0"/>
</round>
</game>
<game gamecode="6592992514"><general>
<startdate>2026-01-13 10:24:47</startdate>
<round>1</round>
<failsafecounter/>
<players><player seat="6" name="Ankalaev" chips="277" dealer="0" win="45" bet="35" muck="1" rebuy="0" addon="0" merge="0" rebuychips="0" reg_code="5088930964"/>
<player seat="10" name="M1ky3ste92" chips="512" dealer="1" win="0" bet="5" muck="1" rebuy="0" addon="0" merge="0" rebuychips="0" reg_code="5088931461"/>
<player seat="3" name="xiuder0nn17" chips="711" dealer="0" win="0" bet="20" muck="1" rebuy="0" addon="0" merge="0" rebuychips="0" reg_code="5088930820"/>
</players>
</general>
<round no="0"><action no="1" player="xiuder0nn17" type="15" discard="1" dealt="1" sum="5"/>
<action no="2" player="Ankalaev" type="15" discard="1" dealt="1" sum="5"/>
<action no="3" player="M1ky3ste92" type="15" sum="5"/>
<action no="4" player="xiuder0nn17" type="1" discard="1" dealt="1" sum="15"/>
<action no="5" player="Ankalaev" type="2" discard="1" dealt="1" sum="30"/>
</round>
<round no="1"><cards type="Pocket" player="Ankalaev">X X</cards>
<cards type="Pocket" player="M1ky3ste92">H7 S3</cards>
<cards type="Pocket" player="xiuder0nn17">X X</cards>
<action no="6" player="M1ky3ste92" type="0" sum="0"/>
<action no="7" player="xiuder0nn17" type="0" discard="1" dealt="1" sum="0"/>
</round>
</game>
<game gamecode="6592992528"><general>
<startdate>2026-01-13 10:24:54</startdate>
<round>1</round>
<failsafecounter/>
<players><player seat="10" name="M1ky3ste92" chips="507" dealer="0" win="0" bet="35" muck="1" rebuy="0" addon="0" merge="0" rebuychips="0" reg_code="5088931461"/>
<player seat="3" name="xiuder0nn17" chips="691" dealer="1" win="0" bet="5" muck="1" rebuy="0" addon="0" merge="0" rebuychips="0" reg_code="5088930820"/>
<player seat="6" name="Ankalaev" chips="302" dealer="0" win="75" bet="302" muck="1" rebuy="0" addon="0" merge="0" rebuychips="0" reg_code="5088930964"/>
</players>
</general>
<round no="0"><action no="1" player="Ankalaev" type="15" discard="1" dealt="1" sum="5"/>
<action no="2" player="M1ky3ste92" type="15" sum="5"/>
<action no="3" player="xiuder0nn17" type="15" discard="1" dealt="1" sum="5"/>
<action no="4" player="Ankalaev" type="1" discard="1" dealt="1" sum="15"/>
<action no="5" player="M1ky3ste92" type="2" sum="30"/>
</round>
<round no="1"><cards type="Pocket" player="xiuder0nn17">X X</cards>
<cards type="Pocket" player="Ankalaev">X X</cards>
<cards type="Pocket" player="M1ky3ste92">S7 S5</cards>
<action no="6" player="xiuder0nn17" type="0" discard="1" dealt="1" sum="0"/>
<action no="7" player="Ankalaev" type="23" discard="1" dealt="1" sum="297"/>
<action no="8" player="M1ky3ste92" type="0" sum="0"/>
</round>
</game>
<game gamecode="6592992557"><general>
<startdate>2026-01-13 10:25:05</startdate>
<round>1</round>
<failsafecounter/>
<players><player seat="3" name="xiuder0nn17" chips="686" dealer="0" win="0" bet="35" muck="1" rebuy="0" addon="0" merge="0" rebuychips="0" reg_code="5088930820"/>
<player seat="6" name="Ankalaev" chips="342" dealer="1" win="90" bet="342" muck="1" rebuy="0" addon="0" merge="0" rebuychips="0" reg_code="5088930964"/>
<player seat="10" name="M1ky3ste92" chips="472" dealer="0" win="0" bet="20" muck="1" rebuy="0" addon="0" merge="0" rebuychips="0" reg_code="5088931461"/>
</players>
</general>
<round no="0"><action no="1" player="M1ky3ste92" type="15" sum="5"/>
<action no="2" player="xiuder0nn17" type="15" discard="1" dealt="1" sum="5"/>
<action no="3" player="Ankalaev" type="15" discard="1" dealt="1" sum="5"/>
<action no="4" player="M1ky3ste92" type="1" sum="15"/>
<action no="5" player="xiuder0nn17" type="2" discard="1" dealt="1" sum="30"/>
</round>
<round no="1"><cards type="Pocket" player="M1ky3ste92">HK C4</cards>
<cards type="Pocket" player="Ankalaev">X X</cards>
<cards type="Pocket" player="xiuder0nn17">X X</cards>
<action no="6" player="Ankalaev" type="23" discard="1" dealt="1" sum="337"/>
<action no="7" player="M1ky3ste92" type="0" sum="0"/>
<action no="8" player="xiuder0nn17" type="0" discard="1" dealt="1" sum="0"/>
</round>
</game>
<game gamecode="6592992588"><general>
<startdate>2026-01-13 10:25:15</startdate>
<round>1</round>
<failsafecounter/>
<players><player seat="6" name="Ankalaev" chips="397" dealer="0" win="0" bet="397" muck="1" rebuy="0" addon="0" merge="0" rebuychips="0" reg_code="5088930964"/>
<player seat="10" name="M1ky3ste92" chips="452" dealer="1" win="819" bet="452" muck="0" rebuy="0" addon="0" merge="0" rebuychips="0" reg_code="5088931461"/>
<player seat="3" name="xiuder0nn17" chips="651" dealer="0" win="0" bet="25" muck="1" rebuy="0" addon="0" merge="0" rebuychips="0" reg_code="5088930820"/>
</players>
</general>
<round no="0"><action no="1" player="xiuder0nn17" type="15" discard="1" dealt="1" sum="5"/>
<action no="2" player="Ankalaev" type="15" discard="1" dealt="1" sum="5"/>
<action no="3" player="M1ky3ste92" type="15" sum="5"/>
<action no="4" player="xiuder0nn17" type="1" discard="1" dealt="1" sum="20"/>
<action no="5" player="Ankalaev" type="2" discard="1" dealt="1" sum="40"/>
</round>
<round no="1"><cards type="Pocket" player="xiuder0nn17">X X</cards>
<cards type="Pocket" player="M1ky3ste92">D6 DK</cards>
<cards type="Pocket" player="Ankalaev">HQ CJ</cards>
<action no="6" player="M1ky3ste92" type="23" sum="447"/>
<action no="7" player="xiuder0nn17" type="0" discard="1" dealt="1" sum="0"/>
<action no="8" player="Ankalaev" type="7" discard="1" dealt="1" sum="352"/>
</round>
<round no="2"><cards type="Flop">DA H2 SJ</cards>
</round>
<round no="3"><cards type="Turn">D2</cards>
</round>
<round no="4"><cards type="River">D5</cards>
</round>
</game>
<game gamecode="6592992639"><general>
<startdate>2026-01-13 10:25:33</startdate>
<round>1</round>
<failsafecounter/>
<players><player seat="10" name="M1ky3ste92" chips="874" dealer="0" win="0" bet="85" muck="1" rebuy="0" addon="0" merge="0" rebuychips="0" reg_code="5088931461"/>
<player seat="3" name="xiuder0nn17" chips="626" dealer="1" win="170" bet="202" muck="1" rebuy="0" addon="0" merge="0" rebuychips="0" reg_code="5088930820"/>
</players>
</general>
<round no="0"><action no="1" player="xiuder0nn17" type="15" discard="1" dealt="1" sum="5"/>
<action no="2" player="M1ky3ste92" type="15" sum="5"/>
<action no="3" player="xiuder0nn17" type="1" discard="1" dealt="1" sum="20"/>
<action no="4" player="M1ky3ste92" type="2" sum="40"/>
</round>
<round no="1"><cards type="Pocket" player="xiuder0nn17">X X</cards>
<cards type="Pocket" player="M1ky3ste92">C7 C5</cards>
<action no="5" player="xiuder0nn17" type="3" discard="1" dealt="1" sum="20"/>
<action no="6" player="M1ky3ste92" type="4" sum="0"/>
</round>
<round no="2"><cards type="Flop">D9 S5 HQ</cards>
<action no="7" player="M1ky3ste92" type="4" sum="0"/>
<action no="8" player="xiuder0nn17" type="5" discard="1" dealt="1" sum="40"/>
<action no="9" player="M1ky3ste92" type="3" sum="40"/>
</round>
<round no="3"><cards type="Turn">D6</cards>
<action no="10" player="M1ky3ste92" type="4" sum="0"/>
<action no="11" player="xiuder0nn17" type="5" discard="1" dealt="1" sum="117"/>
<action no="12" player="M1ky3ste92" type="0" sum="0"/>
</round>
</game>
<game gamecode="6592992689"><general>
<startdate>2026-01-13 10:25:52</startdate>
<round>1</round>
<failsafecounter/>
<players><player seat="3" name="xiuder0nn17" chips="711" dealer="0" win="0" bet="45" muck="1" rebuy="0" addon="0" merge="0" rebuychips="0" reg_code="5088930820"/>
<player seat="10" name="M1ky3ste92" chips="789" dealer="1" win="90" bet="85" muck="1" rebuy="0" addon="0" merge="0" rebuychips="0" reg_code="5088931461"/>
</players>
</general>
<round no="0"><action no="1" player="M1ky3ste92" type="15" sum="5"/>
<action no="2" player="xiuder0nn17" type="15" discard="1" dealt="1" sum="5"/>
<action no="3" player="M1ky3ste92" type="1" sum="20"/>
<action no="4" player="xiuder0nn17" type="2" discard="1" dealt="1" sum="40"/>
</round>
<round no="1"><cards type="Pocket" player="xiuder0nn17">X X</cards>
<cards type="Pocket" player="M1ky3ste92">D7 D6</cards>
<action no="5" player="M1ky3ste92" type="3" sum="20"/>
<action no="6" player="xiuder0nn17" type="4" discard="1" dealt="1" sum="0"/>
</round>
<round no="2"><cards type="Flop">S9 D9 SQ</cards>
<action no="7" player="xiuder0nn17" type="4" discard="1" dealt="1" sum="0"/>
<action no="8" player="M1ky3ste92" type="5" sum="40"/>
<action no="9" player="xiuder0nn17" type="0" discard="1" dealt="1" sum="0"/>
</round>
</game>
<game gamecode="6592992725"><general>
<startdate>2026-01-13 10:26:06</startdate>
<round>1</round>
<failsafecounter/>
<players><player seat="10" name="M1ky3ste92" chips="834" dealer="0" win="560" bet="280" muck="0" rebuy="0" addon="0" merge="0" rebuychips="0" reg_code="5088931461"/>
<player seat="3" name="xiuder0nn17" chips="666" dealer="1" win="0" bet="280" muck="0" rebuy="0" addon="0" merge="0" rebuychips="0" reg_code="5088930820"/>
</players>
</general>
<round no="0"><action no="1" player="xiuder0nn17" type="15" discard="1" dealt="1" sum="5"/>
<action no="2" player="M1ky3ste92" type="15" sum="5"/>
<action no="3" player="xiuder0nn17" type="1" discard="1" dealt="1" sum="20"/>
<action no="4" player="M1ky3ste92" type="2" sum="40"/>
</round>
<round no="1"><cards type="Pocket" player="M1ky3ste92">DJ D2</cards>
<cards type="Pocket" player="xiuder0nn17">C8 H9</cards>
<action no="5" player="xiuder0nn17" type="3" discard="1" dealt="1" sum="20"/>
<action no="6" player="M1ky3ste92" type="4" sum="0"/>
</round>
<round no="2"><cards type="Flop">D10 SJ S6</cards>
<action no="7" player="M1ky3ste92" type="4" sum="0"/>
<action no="8" player="xiuder0nn17" type="4" discard="1" dealt="1" sum="0"/>
</round>
<round no="3"><cards type="Turn">H5</cards>
<action no="9" player="M1ky3ste92" type="5" sum="40"/>
<action no="10" player="xiuder0nn17" type="3" discard="1" dealt="1" sum="40"/>
</round>
<round no="4"><cards type="River">S2</cards>
<action no="11" player="M1ky3ste92" type="4" sum="0"/>
<action no="12" player="xiuder0nn17" type="5" discard="1" dealt="1" sum="195"/>
<action no="13" player="M1ky3ste92" type="3" sum="195"/>
</round>
</game>
<game gamecode="6592992815"><general>
<startdate>2026-01-13 10:26:39</startdate>
<round>1</round>
<failsafecounter/>
<players><player seat="3" name="xiuder0nn17" chips="386" dealer="0" win="0" bet="386" muck="0" rebuy="0" addon="0" merge="0" rebuychips="0" reg_code="5088930820"/>
<player seat="10" name="M1ky3ste92" chips="1,114" dealer="1" win="772" bet="386" muck="0" rebuy="0" addon="0" merge="0" rebuychips="0" reg_code="5088931461"/>
</players>
</general>
<round no="0"><action no="1" player="M1ky3ste92" type="15" sum="5"/>
<action no="2" player="xiuder0nn17" type="15" discard="1" dealt="1" sum="5"/>
<action no="3" player="M1ky3ste92" type="1" sum="20"/>
<action no="4" player="xiuder0nn17" type="2" discard="1" dealt="1" sum="40"/>
</round>
<round no="1"><cards type="Pocket" player="M1ky3ste92">SK HJ</cards>
<cards type="Pocket" player="xiuder0nn17">SA C10</cards>
<action no="5" player="M1ky3ste92" type="3" sum="20"/>
<action no="6" player="xiuder0nn17" type="23" discard="1" dealt="1" sum="381"/>
<action no="7" player="M1ky3ste92" type="3" sum="341"/>
</round>
<round no="2"><cards type="Flop">S2 S10 HK</cards>
</round>
<round no="3"><cards type="Turn">C6</cards>
</round>
<round no="4"><cards type="River">D4</cards>
</round>
</game>
</session>
