<?xml version="1.0" encoding="UTF-8"?>
<session sessioncode="5088358050">
<general>
<client_version>24.7.1.18</client_version>
<mode>real</mode>
<gametype>Holdem NL</gametype>
<tablename>Twister €100 SNG, 826160296</tablename>
<tournamentcode>826160295</tournamentcode>
<tournamentname>Twister €100 SNG</tournamentname>
<buyin>€0 + €7 + €93</buyin>
<totalbuyin>€100</totalbuyin>
<rewarddrawn>€300</rewarddrawn>
<tournamentcurrency>EUR</tournamentcurrency>
<currency>EUR</currency>
<nickname>M1ky3ste92</nickname>
<gamecount>27</gamecount>
<startdate>2026-01-11 11:05:32</startdate>
<place>2</place>
<win>€0</win>
<tablesize>3</tablesize>
</general>
<game gamecode="6590565604"><general>
<startdate>2026-01-11 11:05:47</startdate>
<round>1</round>
<failsafecounter/>
<players><player seat="3" name="Ankalaev" chips="500" dealer="0" win="0" bet="40" muck="1" rebuy="0" addon="0" merge="0" rebuychips="0" reg_code="5088357732"/>
<player seat="6" name="M1ky3ste92" chips="500" dealer="1" win="0" bet="0" muck="1" rebuy="0" addon="0" merge="0" rebuychips="0" reg_code="5088358050"/>
<player seat="10" name="Gr1nd3r1980" chips="500" dealer="0" win="80" bet="60" muck="1" rebuy="0" addon="0" merge="0" rebuychips="0" reg_code="5088358302"/>
</players>
</general>
<round no="0"><action no="1" player="Gr1nd3r1980" type="1" discard="1" dealt="1" sum="10"/>
<action no="2" player="Ankalaev" type="2" discard="1" dealt="1" sum="20"/>
</round>
<round no="1"><cards type="Pocket" player="Gr1nd3r1980">X X</cards>
<cards type="Pocket" player="Ankalaev">X X</cards>
<cards type="Pocket" player="M1ky3ste92">D3 C6</cards>
<action no="3" player="M1ky3ste92" type="0" sum="0"/>
<action no="4" player="Gr1nd3r1980" type="3" discard="1" dealt="1" sum="10"/>
<action no="5" player="Ankalaev" type="4" discard="1" dealt="1" sum="0"/>
</round>
<round no="2"><cards type="Flop">D8 C8 SQ</cards>
<action no="6" player="Gr1nd3r1980" type="4" discard="1" dealt="1" sum="0"/>
<action no="7" player="Ankalaev" type="5" discard="1" dealt="1" sum="20"/>
<action no="8" player="Gr1nd3r1980" type="23" discard="1" dealt="1" sum="40"/>
<action no="9" player="Ankalaev" type="0" discard="1" dealt="1" sum="0"/>
</round>
</game>
<game gamecode="6590565676"><general>
<startdate>2026-01-11 11:06:07</startdate>
<round>1</round>
<failsafecounter/>
<players><player seat="6" name="M1ky3ste92" chips="500" dealer="0" win="0" bet="20" muck="1" rebuy="0" addon="0" merge="0" rebuychips="0" reg_code="5088358050"/>
<player seat="10" name="Gr1nd3r1980" chips="540" dealer="1" win="0" bet="0" muck="1" rebuy="0" addon="0" merge="0" rebuychips="0" reg_code="5088358302"/>
<player seat="3" name="Ankalaev" chips="460" dealer="0" win="40" bet="60" muck="1" rebuy="0" addon="0" merge="0" rebuychips="0" reg_code="5088357732"/>
</players>
</general>
<round no="0"><action no="1" player="Ankalaev" type="1" discard="1" dealt="1" sum="10"/>
<action no="2" player="M1ky3ste92" type="2" sum="20"/>
</round>
<round no="1"><cards type="Pocket" player="M1ky3ste92">H8 CJ</cards>
<cards type="Pocket" player="Ankalaev">X X</cards>
<cards type="Pocket" player="Gr1nd3r1980">X X</cards>
<action no="3" player="Gr1nd3r1980" type="0" discard="1" dealt="1" sum="0"/>
<action no="4" player="Ankalaev" type="3" discard="1" dealt="1" sum="10"/>
<action no="5" player="M1ky3ste92" type="4" sum="0"/>
</round>
<round no="2"><cards type="Flop">S7 S2 SA</cards>
<action no="6" player="Ankalaev" type="4" discard="1" dealt="1" sum="0"/>
<action no="7" player="M1ky3ste92" type="4" sum="0"/>
</round>
<round no="3"><cards type="Turn">S5</cards>
<action no="8" player="Ankalaev" type="4" discard="1" dealt="1" sum="0"/>
<action no="9" player="M1ky3ste92" type="4" sum="0"/>
</round>
<round no="4"><cards type="River">HK</cards>
<action no="10" player="Ankalaev" type="5" discard="1" dealt="1" sum="40"/>
<action no="11" player="M1ky3ste92" type="0" sum="0"/>
</round>
</game>
<game gamecode="6590565764"><general>
<startdate>2026-01-11 11:06:30</startdate>
<round>1</round>
<failsafecounter/>
<players><player seat="10" name="Gr1nd3r1980" chips="540" dealer="0" win="0" bet="20" muck="1" rebuy="0" addon="0" merge="0" rebuychips="0" reg_code="5088358302"/>
<player seat="3" name="Ankalaev" chips="480" dealer="1" win="0" bet="0" muck="1" rebuy="0" addon="0" merge="0" rebuychips="0" reg_code="5088357732"/>
<player seat="6" name="M1ky3ste92" chips="480" dealer="0" win="40" bet="60" muck="1" rebuy="0" addon="0" merge="0" rebuychips="0" reg_code="5088358050"/>
</players>
</general>
<round no="0"><action no="1" player="M1ky3ste92" type="1" sum="10"/>
<action no="2" player="Gr1nd3r1980" type="2" discard="1" dealt="1" sum="20"/>
</round>
<round no="1"><cards type="Pocket" player="Gr1nd3r1980">X X</cards>
<cards type="Pocket" player="Ankalaev">X X</cards>
<cards type="Pocket" player="M1ky3ste92">CK CA</cards>
<action no="3" player="Ankalaev" type="0" discard="1" dealt="1" sum="0"/>
<action no="4" player="M1ky3ste92" type="23" sum="60"/>
<action no="5" player="Gr1nd3r1980" type="0" discard="1" dealt="1" sum="0"/>
</round>
</game>
<game gamecode="6590568148"><general>
<startdate>2026-01-11 11:06:38</startdate>
<round>1</round>
<failsafecounter/>
<players><player seat="3" name="Ankalaev" chips="480" dealer="0" win="40" bet="60" muck="1" rebuy="0" addon="0" merge="0" rebuychips="0" reg_code="5088357732"/>
<player seat="6" name="M1ky3ste92" chips="500" dealer="1" win="0" bet="0" muck="1" rebuy="0" addon="0" merge="0" rebuychips="0" reg_code="5088358050"/>
<player seat="10" name="Gr1nd3r1980" chips="520" dealer="0" win="0" bet="20" muck="1" rebuy="0" addon="0" merge="0" rebuychips="0" reg_code="5088358302"/>
</players>
</general>
<round no="0"><action no="1" player="Gr1nd3r1980" type="1" discard="1" dealt="1" sum="10"/>
<action no="2" player="Ankalaev" type="2" discard="1" dealt="1" sum="20"/>
</round>
<round no="1"><cards type="Pocket" player="Ankalaev">X X</cards>
<cards type="Pocket" player="Gr1nd3r1980">X X</cards>
<cards type="Pocket" player="M1ky3ste92">C6 H10</cards>
<action no="3" player="M1ky3ste92" type="0" sum="0"/>
<action no="4" player="Gr1nd3r1980" type="3" discard="1" dealt="1" sum="10"/>
<action no="5" player="Ankalaev" type="23" discard="1" dealt="1" sum="60"/>
<action no="6" player="Gr1nd3r1980" type="0" discard="1" dealt="1" sum="0"/>
</round>
</game>
<game gamecode="6590568201"><general>
<startdate>2026-01-11 11:06:53</startdate>
<round>1</round>
<failsafecounter/>
<players><player seat="6" name="M1ky3ste92" chips="500" dealer="0" win="150" bet="150" muck="1" rebuy="0" addon="0" merge="0" rebuychips="0" reg_code="5088358050"/>
<player seat="10" name="Gr1nd3r1980" chips="500" dealer="1" win="0" bet="0" muck="1" rebuy="0" addon="0" merge="0" rebuychips="0" reg_code="5088358302"/>
<player seat="3" name="Ankalaev" chips="500" dealer="0" win="0" bet="75" muck="1" rebuy="0" addon="0" merge="0" rebuychips="0" reg_code="5088357732"/>
</players>
</general>
<round no="0"><action no="1" player="Ankalaev" type="1" discard="1" dealt="1" sum="10"/>
<action no="2" player="M1ky3ste92" type="2" sum="20"/>
</round>
<round no="1"><cards type="Pocket" player="Gr1nd3r1980">X X</cards>
<cards type="Pocket" player="M1ky3ste92">C8 DJ</cards>
<cards type="Pocket" player="Ankalaev">X X</cards>
<action no="3" player="Gr1nd3r1980" type="0" discard="1" dealt="1" sum="0"/>
<action no="4" player="Ankalaev" type="23" discard="1" dealt="1" sum="50"/>
<action no="5" player="M1ky3ste92" type="3" sum="30"/>
</round>
<round no="2"><cards type="Flop">S4 SA H4</cards>
<action no="6" player="Ankalaev" type="5" discard="1" dealt="1" sum="25"/>
<action no="7" player="M1ky3ste92" type="3" sum="25"/>
</round>
<round no="3"><cards type="Turn">D2</cards>
<action no="8" player="Ankalaev" type="4" discard="1" dealt="1" sum="0"/>
<action no="9" player="M1ky3ste92" type="5" sum="75"/>
<action no="10" player="Ankalaev" type="0" discard="1" dealt="1" sum="0"/>
</round>
</game>
<game gamecode="6590568298"><general>
<startdate>2026-01-11 11:07:19</startdate>
<round>1</round>
<failsafecounter/>
<players><player seat="10" name="Gr1nd3r1980" chips="500" dealer="0" win="20" bet="20" muck="1" rebuy="0" addon="0" merge="0" rebuychips="0" reg_code="5088358302"/>
<player seat="3" name="Ankalaev" chips="425" dealer="1" win="0" bet="0" muck="1" rebuy="0" addon="0" merge="0" rebuychips="0" reg_code="5088357732"/>
<player seat="6" name="M1ky3ste92" chips="575" dealer="0" win="0" bet="10" muck="1" rebuy="0" addon="0" merge="0" rebuychips="0" reg_code="5088358050"/>
</players>
</general>
<round no="0"><action no="1" player="M1ky3ste92" type="1" sum="10"/>
<action no="2" player="Gr1nd3r1980" type="2" discard="1" dealt="1" sum="20"/>
</round>
<round no="1"><cards type="Pocket" player="M1ky3ste92">D5 C10</cards>
<cards type="Pocket" player="Ankalaev">X X</cards>
<cards type="Pocket" player="Gr1nd3r1980">X X</cards>
<action no="3" player="Ankalaev" type="0" discard="1" dealt="1" sum="0"/>
<action no="4" player="M1ky3ste92" type="0" sum="0"/>
</round>
</game>
<game gamecode="6590568341"><general>
<startdate>2026-01-11 11:07:29</startdate>
<round>1</round>
<failsafecounter/>
<players><player seat="3" name="Ankalaev" chips="425" dealer="0" win="75" bet="86" muck="1" rebuy="0" addon="0" merge="0" rebuychips="0" reg_code="5088357732"/>
<player seat="6" name="M1ky3ste92" chips="565" dealer="1" win="0" bet="5" muck="1" rebuy="0" addon="0" merge="0" rebuychips="0" reg_code="5088358050"/>
<player seat="10" name="Gr1nd3r1980" chips="510" dealer="0" win="0" bet="35" muck="1" rebuy="0" addon="0" merge="0" rebuychips="0" reg_code="5088358302"/>
</players>
</general>
<round no="0"><action no="1" player="Gr1nd3r1980" type="15" discard="1" dealt="1" sum="5"/>
<action no="2" player="Ankalaev" type="15" discard="1" dealt="1" sum="5"/>
<action no="3" player="M1ky3ste92" type="15" sum="5"/>
<action no="4" player="Gr1nd3r1980" type="1" discard="1" dealt="1" sum="15"/>
<action no="5" player="Ankalaev" type="2" discard="1" dealt="1" sum="30"/>
</round>
<round no="1"><cards type="Pocket" player="Ankalaev">X X</cards>
<cards type="Pocket" player="M1ky3ste92">D4 D10</cards>
<cards type="Pocket" player="Gr1nd3r1980">X X</cards>
<action no="6" player="M1ky3ste92" type="0" sum="0"/>
<action no="7" player="Gr1nd3r1980" type="3" discard="1" dealt="1" sum="15"/>
<action no="8" player="Ankalaev" type="4" discard="1" dealt="1" sum="0"/>
</round>
<round no="2"><cards type="Flop">C10 H8 S7</cards>
<action no="9" player="Gr1nd3r1980" type="4" discard="1" dealt="1" sum="0"/>
<action no="10" player="Ankalaev" type="4" discard="1" dealt="1" sum="0"/>
</round>
<round no="3"><cards type="Turn">D3</cards>
<action no="11" player="Gr1nd3r1980" type="4" discard="1" dealt="1" sum="0"/>
<action no="12" player="Ankalaev" type="4" discard="1" dealt="1" sum="0"/>
</round>
<round no="4"><cards type="River">DJ</cards>
<action no="13" player="Gr1nd3r1980" type="4" discard="1" dealt="1" sum="0"/>
<action no="14" player="Ankalaev" type="5" discard="1" dealt="1" sum="51"/>
<action no="15" player="Gr1nd3r1980" type="0" discard="1" dealt="1" sum="0"/>
</round>
</game>
<game gamecode="6590568424"><general>
<startdate>2026-01-11 11:07:50</startdate>
<round>1</round>
<failsafecounter/>
<players><player seat="6" name="M1ky3ste92" chips="560" dealer="0" win="105" bet="560" muck="1" rebuy="0" addon="0" merge="0" rebuychips="0" reg_code="5088358050"/>
<player seat="10" name="Gr1nd3r1980" chips="475" dealer="1" win="0" bet="35" muck="1" rebuy="0" addon="0" merge="0" rebuychips="0" reg_code="5088358302"/>
<player seat="3" name="Ankalaev" chips="465" dealer="0" win="0" bet="35" muck="1" rebuy="0" addon="0" merge="0" rebuychips="0" reg_code="5088357732"/>
</players>
</general>
<round no="0"><action no="1" player="Ankalaev" type="15" discard="1" dealt="1" sum="5"/>
<action no="2" player="M1ky3ste92" type="15" sum="5"/>
<action no="3" player="Gr1nd3r1980" type="15" discard="1" dealt="1" sum="5"/>
<action no="4" player="Ankalaev" type="1" discard="1" dealt="1" sum="15"/>
<action no="5" player="M1ky3ste92" type="2" sum="30"/>
</round>
<round no="1"><cards type="Pocket" player="Ankalaev">X X</cards>
<cards type="Pocket" player="M1ky3ste92">S8 SA</cards>
<cards type="Pocket" player="Gr1nd3r1980">X X</cards>
<action no="6" player="Gr1nd3r1980" type="3" discard="1" dealt="1" sum="30"/>
<action no="7" player="Ankalaev" type="3" discard="1" dealt="1" sum="15"/>
<action no="8" player="M1ky3ste92" type="23" sum="555"/>
<action no="9" player="Gr1nd3r1980" type="0" discard="1" dealt="1" sum="0"/>
<action no="10" player="Ankalaev" type="0" discard="1" dealt="1" sum="0"/>
</round>
</game>
<game gamecode="6590568473"><general>
<startdate>2026-01-11 11:08:04</startdate>
<round>1</round>
<failsafecounter/>
<players><player seat="10" name="Gr1nd3r1980" chips="440" dealer="0" win="45" bet="35" muck="1" rebuy="0" addon="0" merge="0" rebuychips="0" reg_code="5088358302"/>
<player seat="3" name="Ankalaev" chips="430" dealer="1" win="0" bet="5" muck="1" rebuy="0" addon="0" merge="0" rebuychips="0" reg_code="5088357732"/>
<player seat="6" name="M1ky3ste92" chips="630" dealer="0" win="0" bet="20" muck="1" rebuy="0" addon="0" merge="0" rebuychips="0" reg_code="5088358050"/>
</players>
</general>
<round no="0"><action no="1" player="M1ky3ste92" type="15" sum="5"/>
<action no="2" player="Gr1nd3r1980" type="15" discard="1" dealt="1" sum="5"/>
<action no="3" player="Ankalaev" type="15" discard="1" dealt="1" sum="5"/>
<action no="4" player="M1ky3ste92" type="1" sum="15"/>
<action no="5" player="Gr1nd3r1980" type="2" discard="1" dealt="1" sum="30"/>
</round>
<round no="1"><cards type="Pocket" player="Gr1nd3r1980">X X</cards>
<cards type="Pocket" player="M1ky3ste92">H8 S4</cards>
<cards type="Pocket" player="Ankalaev">X X</cards>
<action no="6" player="Ankalaev" type="0" discard="1" dealt="1" sum="0"/>
<action no="7" player="M1ky3ste92" type="0" sum="0"/>
</round>
</game>
<game gamecode="6590568498"><general>
<startdate>2026-01-11 11:08:10</startdate>
<round>1</round>
<failsafecounter/>
<players><player seat="3" name="Ankalaev" chips="425" dealer="0" win="0" bet="65" muck="1" rebuy="0" addon="0" merge="0" rebuychips="0" reg_code="5088357732"/>
<player seat="6" name="M1ky3ste92" chips="610" dealer="1" win="150" bet="95" muck="1" rebuy="0" addon="0" merge="0" rebuychips="0" reg_code="5088358050"/>
<player seat="10" name="Gr1nd3r1980" chips="465" dealer="0" win="0" bet="20" muck="1" rebuy="0" addon="0" merge="0" rebuychips="0" reg_code="5088358302"/>
</players>
</general>
<round no="0"><action no="1" player="Gr1nd3r1980" type="15" discard="1" dealt="1" sum="5"/>
<action no="2" player="Ankalaev" type="15" discard="1" dealt="1" sum="5"/>
<action no="3" player="M1ky3ste92" type="15" sum="5"/>
<action no="4" player="Gr1nd3r1980" type="1" discard="1" dealt="1" sum="15"/>
<action no="5" player="Ankalaev" type="2" discard="1" dealt="1" sum="30"/>
</round>
<round no="1"><cards type="Pocket" player="Gr1nd3r1980">X X</cards>
<cards type="Pocket" player="Ankalaev">X X</cards>
<cards type="Pocket" player="M1ky3ste92">D8 S8</cards>
<action no="6" player="M1ky3ste92" type="23" sum="60"/>
<action no="7" player="Gr1nd3r1980" type="0" discard="1" dealt="1" sum="0"/>
<action no="8" player="Ankalaev" type="3" discard="1" dealt="1" sum="30"/>
</round>
<round no="2"><cards type="Flop">D6 HA H8</cards>
<action no="9" player="Ankalaev" type="4" discard="1" dealt="1" sum="0"/>
<action no="10" player="M1ky3ste92" type="5" sum="30"/>
<action no="11" player="Ankalaev" type="0" discard="1" dealt="1" sum="0"/>
</round>
</game>
<game gamecode="6590568573"><general>
<startdate>2026-01-11 11:08:29</startdate>
<round>1</round>
<failsafecounter/>
<players><player seat="6" name="M1ky3ste92" chips="695" dealer="0" win="0" bet="35" muck="1" rebuy="0" addon="0" merge="0" rebuychips="0" reg_code="5088358050"/>
<player seat="10" name="Gr1nd3r1980" chips="445" dealer="1" win="90" bet="110" muck="1" rebuy="0" addon="0" merge="0" rebuychips="0" reg_code="5088358302"/>
<player seat="3" name="Ankalaev" chips="360" dealer="0" win="0" bet="20" muck="1" rebuy="0" addon="0" merge="0" rebuychips="0" reg_code="5088357732"/>
</players>
</general>
<round no="0"><action no="1" player="Ankalaev" type="15" discard="1" dealt="1" sum="5"/>
<action no="2" player="M1ky3ste92" type="15" sum="5"/>
<action no="3" player="Gr1nd3r1980" type="15" discard="1" dealt="1" sum="5"/>
<action no="4" player="Ankalaev" type="1" discard="1" dealt="1" sum="15"/>
<action no="5" player="M1ky3ste92" type="2" sum="30"/>
</round>
<round no="1"><cards type="Pocket" player="Ankalaev">X X</cards>
<cards type="Pocket" player="Gr1nd3r1980">X X</cards>
<cards type="Pocket" player="M1ky3ste92">C6 DQ</cards>
<action no="6" player="Gr1nd3r1980" type="23" discard="1" dealt="1" sum="105"/>
<action no="7" player="Ankalaev" type="0" discard="1" dealt="1" sum="0"/>
<action no="8" player="M1ky3ste92" type="0" sum="0"/>
</round>
</game>
<game gamecode="6590568606"><general>
<startdate>2026-01-11 11:08:37</startdate>
<round>1</round>
<failsafecounter/>
<players><player seat="10" name="Gr1nd3r1980" chips="500" dealer="0" win="75" bet="110" muck="1" rebuy="0" addon="0" merge="0" rebuychips="0" reg_code="5088358302"/>
<player seat="3" name="Ankalaev" chips="340" dealer="1" win="0" bet="5" muck="1" rebuy="0" addon="0" merge="0" rebuychips="0" reg_code="5088357732"/>
<player seat="6" name="M1ky3ste92" chips="660" dealer="0" win="0" bet="35" muck="1" rebuy="0" addon="0" merge="0" rebuychips="0" reg_code="5088358050"/>
</players>
</general>
<round no="0"><action no="1" player="M1ky3ste92" type="15" sum="5"/>
<action no="2" player="Gr1nd3r1980" type="15" discard="1" dealt="1" sum="5"/>
<action no="3" player="Ankalaev" type="15" discard="1" dealt="1" sum="5"/>
<action no="4" player="M1ky3ste92" type="1" sum="15"/>
<action no="5" player="Gr1nd3r1980" type="2" discard="1" dealt="1" sum="30"/>
</round>
<round no="1"><cards type="Pocket" player="M1ky3ste92">H10 H3</cards>
<cards type="Pocket" player="Ankalaev">X X</cards>
<cards type="Pocket" player="Gr1nd3r1980">X X</cards>
<action no="6" player="Ankalaev" type="0" discard="1" dealt="1" sum="0"/>
<action no="7" player="M1ky3ste92" type="3" sum="15"/>
<action no="8" player="Gr1nd3r1980" type="23" discard="1" dealt="1" sum="105"/>
<action no="9" player="M1ky3ste92" type="0" sum="0"/>
</round>
</game>
<game gamecode="6590568648"><general>
<startdate>2026-01-11 11:08:47</startdate>
<round>1</round>
<failsafecounter/>
<players><player seat="3" name="Ankalaev" chips="335" dealer="0" win="179" bet="87" muck="0" rebuy="0" addon="0" merge="0" rebuychips="0" reg_code="5088357732"/>
<player seat="6" name="M1ky3ste92" chips="625" dealer="1" win="0" bet="5" muck="1" rebuy="0" addon="0" merge="0" rebuychips="0" reg_code="5088358050"/>
<player seat="10" name="Gr1nd3r1980" chips="540" dealer="0" win="0" bet="87" muck="1" rebuy="0" addon="0" merge="0" rebuychips="0" reg_code="5088358302"/>
</players>
</general>
<round no="0"><action no="1" player="Gr1nd3r1980" type="15" discard="1" dealt="1" sum="5"/>
<action no="2" player="Ankalaev" type="15" discard="1" dealt="1" sum="5"/>
<action no="3" player="M1ky3ste92" type="15" sum="5"/>
<action no="4" player="Gr1nd3r1980" type="1" discard="1" dealt="1" sum="15"/>
<action no="5" player="Ankalaev" type="2" discard="1" dealt="1" sum="30"/>
</round>
<round no="1"><cards type="Pocket" player="Gr1nd3r1980">CK C4</cards>
<cards type="Pocket" player="M1ky3ste92">C3 S5</cards>
<cards type="Pocket" player="Ankalaev">H8 D6</cards>
<action no="6" player="M1ky3ste92" type="0" sum="0"/>
<action no="7" player="Gr1nd3r1980" type="3" discard="1" dealt="1" sum="15"/>
<action no="8" player="Ankalaev" type="4" discard="1" dealt="1" sum="0"/>
</round>
<round no="2"><cards type="Flop">H6 D4 H2</cards>
<action no="9" player="Gr1nd3r1980" type="4" discard="1" dealt="1" sum="0"/>
<action no="10" player="Ankalaev" type="5" discard="1" dealt="1" sum="52"/>
<action no="11" player="Gr1nd3r1980" type="3" discard="1" dealt="1" sum="52"/>
</round>
<round no="3"><cards type="Turn">HA</cards>
<action no="12" player="Gr1nd3r1980" type="4" discard="1" dealt="1" sum="0"/>
<action no="13" player="Ankalaev" type="4" discard="1" dealt="1" sum="0"/>
</round>
<round no="4"><cards type="River">D3</cards>
<action no="14" player="Gr1nd3r1980" type="4" discard="1" dealt="1" sum="0"/>
<action no="15" player="Ankalaev" type="4" discard="1" dealt="1" sum="0"/>
</round>
</game>
<game gamecode="6590568744"><general>
<startdate>2026-01-11 11:09:13</startdate>
<round>1</round>
<failsafecounter/>
<players><player seat="6" name="M1ky3ste92" chips="620" dealer="0" win="0" bet="45" muck="1" rebuy="0" addon="0" merge="0" rebuychips="0" reg_code="5088358050"/>
<player seat="10" name="Gr1nd3r1980" chips="453" dealer="1" win="0" bet="5" muck="1" rebuy="0" addon="0" merge="0" rebuychips="0" reg_code="5088358302"/>
<player seat="3" name="Ankalaev" chips="427" dealer="0" win="95" bet="93" muck="1" rebuy="0" addon="0" merge="0" rebuychips="0" reg_code="5088357732"/>
</players>
</general>
<round no="0"><action no="1" player="Ankalaev" type="15" discard="1" dealt="1" sum="5"/>
<action no="2" player="M1ky3ste92" type="15" sum="5"/>
<action no="3" player="Gr1nd3r1980" type="15" discard="1" dealt="1" sum="5"/>
<action no="4" player="Ankalaev" type="1" discard="1" dealt="1" sum="20"/>
<action no="5" player="M1ky3ste92" type="2" sum="40"/>
</round>
<round no="1"><cards type="Pocket" player="Gr1nd3r1980">X X</cards>
<cards type="Pocket" player="M1ky3ste92">S2 D3</cards>
<cards type="Pocket" player="Ankalaev">X X</cards>
<action no="6" player="Gr1nd3r1980" type="0" discard="1" dealt="1" sum="0"/>
<action no="7" player="Ankalaev" type="3" discard="1" dealt="1" sum="20"/>
<action no="8" player="M1ky3ste92" type="4" sum="0"/>
</round>
<round no="2"><cards type="Flop">S7 S10 CK</cards>
<action no="9" player="Ankalaev" type="5" discard="1" dealt="1" sum="48"/>
<action no="10" player="M1ky3ste92" type="0" sum="0"/>
</round>
</game>
<game gamecode="6590568810"><general>
<startdate>2026-01-11 11:09:29</startdate>
<round>1</round>
<failsafecounter/>
<players><player seat="10" name="Gr1nd3r1980" chips="448" dealer="0" win="175" bet="260" muck="1" rebuy="0" addon="0" merge="0" rebuychips="0" reg_code="5088358302"/>
<player seat="3" name="Ankalaev" chips="477" dealer="1" win="0" bet="5" muck="1" rebuy="0" addon="0" merge="0" rebuychips="0" reg_code="5088357732"/>
<player seat="6" name="M1ky3ste92" chips="575" dealer="0" win="0" bet="85" muck="1" rebuy="0" addon="0" merge="0" rebuychips="0" reg_code="5088358050"/>
</players>
</general>
<round no="0"><action no="1" player="M1ky3ste92" type="15" sum="5"/>
<action no="2" player="Gr1nd3r1980" type="15" discard="1" dealt="1" sum="5"/>
<action no="3" player="Ankalaev" type="15" discard="1" dealt="1" sum="5"/>
<action no="4" player="M1ky3ste92" type="1" sum="20"/>
<action no="5" player="Gr1nd3r1980" type="2" discard="1" dealt="1" sum="40"/>
</round>
<round no="1"><cards type="Pocket" player="Ankalaev">X X</cards>
<cards type="Pocket" player="Gr1nd3r1980">X X</cards>
<cards type="Pocket" player="M1ky3ste92">SK CA</cards>
<action no="6" player="Ankalaev" type="0" discard="1" dealt="1" sum="0"/>
<action no="7" player="M1ky3ste92" type="3" sum="20"/>
<action no="8" player="Gr1nd3r1980" type="4" discard="1" dealt="1" sum="0"/>
</round>
<round no="2"><cards type="Flop">HJ D2 H5</cards>
<action no="9" player="M1ky3ste92" type="4" sum="0"/>
<action no="10" player="Gr1nd3r1980" type="5" discard="1" dealt="1" sum="40"/>
<action no="11" player="M1ky3ste92" type="3" sum="40"/>
</round>
<round no="3"><cards type="Turn">H8</cards>
<action no="12" player="M1ky3ste92" type="4" sum="0"/>
<action no="13" player="Gr1nd3r1980" type="5" discard="1" dealt="1" sum="175"/>
<action no="14" player="M1ky3ste92" type="0" sum="0"/>
</round>
</game>
<game gamecode="6590568864"><general>
<startdate>2026-01-11 11:09:44</startdate>
<round>1</round>
<failsafecounter/>
<players><player seat="3" name="Ankalaev" chips="472" dealer="0" win="0" bet="45" muck="1" rebuy="0" addon="0" merge="0" rebuychips="0" reg_code="5088357732"/>
<player seat="6" name="M1ky3ste92" chips="490" dealer="1" win="115" bet="85" muck="1" rebuy="0" addon="0" merge="0" rebuychips="0" reg_code="5088358050"/>
<player seat="10" name="Gr1nd3r1980" chips="538" dealer="0" win="0" bet="25" muck="1" rebuy="0" addon="0" merge="0" rebuychips="0" reg_code="5088358302"/>
</players>
</general>
<round no="0"><action no="1" player="Gr1nd3r1980" type="15" discard="1" dealt="1" sum="5"/>
<action no="2" player="Ankalaev" type="15" discard="1" dealt="1" sum="5"/>
<action no="3" player="M1ky3ste92" type="15" sum="5"/>
<action no="4" player="Gr1nd3r1980" type="1" discard="1" dealt="1" sum="20"/>
<action no="5" player="Ankalaev" type="2" discard="1" dealt="1" sum="40"/>
</round>
<round no="1"><cards type="Pocket" player="M1ky3ste92">CA DQ</cards>
<cards type="Pocket" player="Ankalaev">X X</cards>
<cards type="Pocket" player="Gr1nd3r1980">X X</cards>
<action no="6" player="M1ky3ste92" type="23" sum="80"/>
<action no="7" player="Gr1nd3r1980" type="0" discard="1" dealt="1" sum="0"/>
<action no="8" player="Ankalaev" type="0" discard="1" dealt="1" sum="0"/>
</round>
</game>
<game gamecode="6590568917"><general>
<startdate>2026-01-11 11:09:57</startdate>
<round>1</round>
<failsafecounter/>
<players><player seat="6" name="M1ky3ste92" chips="560" dealer="0" win="381" bet="560" muck="1" rebuy="0" addon="0" merge="0" rebuychips="0" reg_code="5088358050"/>
<player seat="10" name="Gr1nd3r1980" chips="513" dealer="1" win="0" bet="5" muck="1" rebuy="0" addon="0" merge="0" rebuychips="0" reg_code="5088358302"/>
<player seat="3" name="Ankalaev" chips="427" dealer="0" win="0" bet="188" muck="1" rebuy="0" addon="0" merge="0" rebuychips="0" reg_code="5088357732"/>
</players>
</general>
<round no="0"><action no="1" player="Ankalaev" type="15" discard="1" dealt="1" sum="5"/>
<action no="2" player="M1ky3ste92" type="15" sum="5"/>
<action no="3" player="Gr1nd3r1980" type="15" discard="1" dealt="1" sum="5"/>
<action no="4" player="Ankalaev" type="1" discard="1" dealt="1" sum="20"/>
<action no="5" player="M1ky3ste92" type="2" sum="40"/>
</round>
<round no="1"><cards type="Pocket" player="Gr1nd3r1980">X X</cards>
<cards type="Pocket" player="M1ky3ste92">C4 H6</cards>
<cards type="Pocket" player="Ankalaev">X X</cards>
<action no="6" player="Gr1nd3r1980" type="0" discard="1" dealt="1" sum="0"/>
<action no="7" player="Ankalaev" type="3" discard="1" dealt="1" sum="20"/>
<action no="8" player="M1ky3ste92" type="4" sum="0"/>
</round>
<round no="2"><cards type="Flop">S2 SA H3</cards>
<action no="9" player="Ankalaev" type="5" discard="1" dealt="1" sum="48"/>
<action no="10" player="M1ky3ste92" type="3" sum="48"/>
</round>
<round no="3"><cards type="Turn">HK</cards>
<action no="11" player="Ankalaev" type="4" discard="1" dealt="1" sum="0"/>
<action no="12" player="M1ky3ste92" type="5" sum="95"/>
<action no="13" player="Ankalaev" type="3" discard="1" dealt="1" sum="95"/>
</round>
<round no="4"><cards type="River">S9</cards>
<action no="14" player="Ankalaev" type="4" discard="1" dealt="1" sum="0"/>
<action no="15" player="M1ky3ste92" type="5" sum="372"/>
<action no="16" player="Ankalaev" type="0" discard="1" dealt="1" sum="0"/>
</round>
</game>
<game gamecode="6590569024"><general>
<startdate>2026-01-11 11:10:28</startdate>
<round>1</round>
<failsafecounter/>
<players><player seat="10" name="Gr1nd3r1980" chips="508" dealer="0" win="0" bet="45" muck="1" rebuy="0" addon="0" merge="0" rebuychips="0" reg_code="5088358302"/>
<player seat="3" name="Ankalaev" chips="239" dealer="1" win="0" bet="239" muck="0" rebuy="0" addon="0" merge="0" rebuychips="0" reg_code="5088357732"/>
<player seat="6" name="M1ky3ste92" chips="753" dealer="0" win="523" bet="433" muck="0" rebuy="0" addon="0" merge="0" rebuychips="0" reg_code="5088358050"/>
</players>
</general>
<round no="0"><action no="1" player="M1ky3ste92" type="15" sum="5"/>
<action no="2" player="Gr1nd3r1980" type="15" discard="1" dealt="1" sum="5"/>
<action no="3" player="Ankalaev" type="15" discard="1" dealt="1" sum="5"/>
<action no="4" player="M1ky3ste92" type="1" sum="20"/>
<action no="5" player="Gr1nd3r1980" type="2" discard="1" dealt="1" sum="40"/>
</round>
<round no="1"><cards type="Pocket" player="Gr1nd3r1980">X X</cards>
<cards type="Pocket" player="M1ky3ste92">D7 SA</cards>
<cards type="Pocket" player="Ankalaev">HK H4</cards>
<action no="6" player="Ankalaev" type="23" discard="1" dealt="1" sum="234"/>
<action no="7" player="M1ky3ste92" type="23" sum="428"/>
<action no="8" player="Gr1nd3r1980" type="0" discard="1" dealt="1" sum="0"/>
</round>
<round no="2"><cards type="Flop">H7 D8 H8</cards>
</round>
<round no="3"><cards type="Turn">DQ</cards>
</round>
<round no="4"><cards type="River">C4</cards>
</round>
</game>
<game gamecode="6590569095"><general>
<startdate>2026-01-11 11:10:48</startdate>
<round>1</round>
<failsafecounter/>
<players><player seat="10" name="Gr1nd3r1980" chips="463" dealer="0" win="0" bet="65" muck="1" rebuy="0" addon="0" merge="0" rebuychips="0" reg_code="5088358302"/>
<player seat="6" name="M1ky3ste92" chips="1,037" dealer="1" win="130" bet="1,037" muck="1" rebuy="0" addon="0" merge="0" rebuychips="0" reg_code="5088358050"/>
</players>
</general>
<round no="0"><action no="1" player="M1ky3ste92" type="15" sum="5"/>
<action no="2" player="Gr1nd3r1980" type="15" discard="1" dealt="1" sum="5"/>
<action no="3" player="M1ky3ste92" type="1" sum="30"/>
<action no="4" player="Gr1nd3r1980" type="2" discard="1" dealt="1" sum="60"/>
</round>
<round no="1"><cards type="Pocket" player="Gr1nd3r1980">X X</cards>
<cards type="Pocket" player="M1ky3ste92">SJ DQ</cards>
<action no="5" player="M1ky3ste92" type="23" sum="1,032"/>
<action no="6" player="Gr1nd3r1980" type="0" discard="1" dealt="1" sum="0"/>
</round>
</game>
<game gamecode="6590569119"><general>
<startdate>2026-01-11 11:10:55</startdate>
<round>1</round>
<failsafecounter/>
<players><player seat="6" name="M1ky3ste92" chips="1,102" dealer="0" win="0" bet="65" muck="1" rebuy="0" addon="0" merge="0" rebuychips="0" reg_code="5088358050"/>
<player seat="10" name="Gr1nd3r1980" chips="398" dealer="1" win="130" bet="125" muck="1" rebuy="0" addon="0" merge="0" rebuychips="0" reg_code="5088358302"/>
</players>
</general>
<round no="0"><action no="1" player="Gr1nd3r1980" type="15" discard="1" dealt="1" sum="5"/>
<action no="2" player="M1ky3ste92" type="15" sum="5"/>
<action no="3" player="Gr1nd3r1980" type="1" discard="1" dealt="1" sum="30"/>
<action no="4" player="M1ky3ste92" type="2" sum="60"/>
</round>
<round no="1"><cards type="Pocket" player="M1ky3ste92">C5 D3</cards>
<cards type="Pocket" player="Gr1nd3r1980">X X</cards>
<action no="5" player="Gr1nd3r1980" type="3" discard="1" dealt="1" sum="30"/>
<action no="6" player="M1ky3ste92" type="4" sum="0"/>
</round>
<round no="2"><cards type="Flop">C4 H7 DJ</cards>
<action no="7" player="M1ky3ste92" type="4" sum="0"/>
<action no="8" player="Gr1nd3r1980" type="4" discard="1" dealt="1" sum="0"/>
</round>
<round no="3"><cards type="Turn">DQ</cards>
<action no="9" player="M1ky3ste92" type="4" sum="0"/>
<action no="10" player="Gr1nd3r1980" type="5" discard="1" dealt="1" sum="60"/>
<action no="11" player="M1ky3ste92" type="0" sum="0"/>
</round>
</game>
<game gamecode="6590569166"><general>
<startdate>2026-01-11 11:11:07</startdate>
<round>1</round>
<failsafecounter/>
<players><player seat="10" name="Gr1nd3r1980" chips="463" dealer="0" win="0" bet="65" muck="1" rebuy="0" addon="0" merge="0" rebuychips="0" reg_code="5088358302"/>
<player seat="6" name="M1ky3ste92" chips="1,037" dealer="1" win="130" bet="1,037" muck="1" rebuy="0" addon="0" merge="0" rebuychips="0" reg_code="5088358050"/>
</players>
</general>
<round no="0"><action no="1" player="M1ky3ste92" type="15" sum="5"/>
<action no="2" player="Gr1nd3r1980" type="15" discard="1" dealt="1" sum="5"/>
<action no="3" player="M1ky3ste92" type="1" sum="30"/>
<action no="4" player="Gr1nd3r1980" type="2" discard="1" dealt="1" sum="60"/>
</round>
<round no="1"><cards type="Pocket" player="M1ky3ste92">CK S7</cards>
<cards type="Pocket" player="Gr1nd3r1980">X X</cards>
<action no="5" player="M1ky3ste92" type="23" sum="1,032"/>
<action no="6" player="Gr1nd3r1980" type="0" discard="1" dealt="1" sum="0"/>
</round>
</game>
<game gamecode="6590569194"><general>
<startdate>2026-01-11 11:11:13</startdate>
<round>1</round>
<failsafecounter/>
<players><player seat="6" name="M1ky3ste92" chips="1,102" dealer="0" win="70" bet="65" muck="1" rebuy="0" addon="0" merge="0" rebuychips="0" reg_code="5088358050"/>
<player seat="10" name="Gr1nd3r1980" chips="398" dealer="1" win="0" bet="35" muck="1" rebuy="0" addon="0" merge="0" rebuychips="0" reg_code="5088358302"/>
</players>
</general>
<round no="0"><action no="1" player="Gr1nd3r1980" type="15" discard="1" dealt="1" sum="5"/>
<action no="2" player="M1ky3ste92" type="15" sum="5"/>
<action no="3" player="Gr1nd3r1980" type="1" discard="1" dealt="1" sum="30"/>
<action no="4" player="M1ky3ste92" type="2" sum="60"/>
</round>
<round no="1"><cards type="Pocket" player="M1ky3ste92">D6 HA</cards>
<cards type="Pocket" player="Gr1nd3r1980">X X</cards>
<action no="5" player="Gr1nd3r1980" type="0" discard="1" dealt="1" sum="0"/>
</round>
</game>
<game gamecode="6590569211"><general>
<startdate>2026-01-11 11:11:19</startdate>
<round>1</round>
<failsafecounter/>
<players><player seat="10" name="Gr1nd3r1980" chips="363" dealer="0" win="726" bet="363" muck="0" rebuy="0" addon="0" merge="0" rebuychips="0" reg_code="5088358302"/>
<player seat="6" name="M1ky3ste92" chips="1,137" dealer="1" win="0" bet="1,137" muck="1" rebuy="0" addon="0" merge="0" rebuychips="0" reg_code="5088358050"/>
</players>
</general>
<round no="0"><action no="1" player="M1ky3ste92" type="15" sum="5"/>
<action no="2" player="Gr1nd3r1980" type="15" discard="1" dealt="1" sum="5"/>
<action no="3" player="M1ky3ste92" type="1" sum="30"/>
<action no="4" player="Gr1nd3r1980" type="2" discard="1" dealt="1" sum="60"/>
</round>
<round no="1"><cards type="Pocket" player="Gr1nd3r1980">CK D7</cards>
<cards type="Pocket" player="M1ky3ste92">SK HQ</cards>
<action no="5" player="M1ky3ste92" type="23" sum="1,132"/>
<action no="6" player="Gr1nd3r1980" type="7" discard="1" dealt="1" sum="298"/>
</round>
<round no="2"><cards type="Flop">H7 H8 S9</cards>
</round>
<round no="3"><cards type="Turn">DK</cards>
</round>
<round no="4"><cards type="River">S5</cards>
</round>
</game>
<game gamecode="6590569272"><general>
<startdate>2026-01-11 11:11:34</startdate>
<round>1</round>
<failsafecounter/>
<players><player seat="6" name="M1ky3ste92" chips="774" dealer="0" win="70" bet="65" muck="1" rebuy="0" addon="0" merge="0" rebuychips="0" reg_code="5088358050"/>
<player seat="10" name="Gr1nd3r1980" chips="726" dealer="1" win="0" bet="35" muck="1" rebuy="0" addon="0" merge="0" rebuychips="0" reg_code="5088358302"/>
</players>
</general>
<round no="0"><action no="1" player="Gr1nd3r1980" type="15" discard="1" dealt="1" sum="5"/>
<action no="2" player="M1ky3ste92" type="15" sum="5"/>
<action no="3" player="Gr1nd3r1980" type="1" discard="1" dealt="1" sum="30"/>
<action no="4" player="M1ky3ste92" type="2" sum="60"/>
</round>
<round no="1"><cards type="Pocket" player="Gr1nd3r1980">X X</cards>
<cards type="Pocket" player="M1ky3ste92">H10 CA</cards>
<action no="5" player="Gr1nd3r1980" type="0" discard="1" dealt="1" sum="0"/>
</round>
</game>
<game gamecode="6590569287"><general>
<startdate>2026-01-11 11:11:39</startdate>
<round>1</round>
<failsafecounter/>
<players><player seat="10" name="Gr1nd3r1980" chips="691" dealer="0" win="1,382" bet="691" muck="0" rebuy="0" addon="0" merge="0" rebuychips="0" reg_code="5088358302"/>
<player seat="6" name="M1ky3ste92" chips="809" dealer="1" win="0" bet="809" muck="1" rebuy="0" addon="0" merge="0" rebuychips="0" reg_code="5088358050"/>
</players>
</general>
<round no="0"><action no="1" player="M1ky3ste92" type="15" sum="5"/>
<action no="2" player="Gr1nd3r1980" type="15" discard="1" dealt="1" sum="5"/>
<action no="3" player="M1ky3ste92" type="1" sum="30"/>
<action no="4" player="Gr1nd3r1980" type="2" discard="1" dealt="1" sum="60"/>
</round>
<round no="1"><cards type="Pocket" player="Gr1nd3r1980">SK DQ</cards>
<cards type="Pocket" player="M1ky3ste92">D7 HA</cards>
<action no="5" player="M1ky3ste92" type="23" sum="804"/>
<action no="6" player="Gr1nd3r1980" type="7" discard="1" dealt="1" sum="626"/>
</round>
<round no="2"><cards type="Flop">CK D2 C9</cards>
</round>
<round no="3"><cards type="Turn">H3</cards>
</round>
<round no="4"><cards type="River">C2</cards>
</round>
</game>
<game gamecode="6590569350"><general>
<startdate>2026-01-11 11:11:54</startdate>
<round>1</round>
<failsafecounter/>
<players><player seat="6" name="M1ky3ste92" chips="118" dealer="0" win="236" bet="118" muck="0" rebuy="0" addon="0" merge="0" rebuychips="0" reg_code="5088358050"/>
<player seat="10" name="Gr1nd3r1980" chips="1,382" dealer="1" win="0" bet="125" muck="1" rebuy="0" addon="0" merge="0" rebuychips="0" reg_code="5088358302"/>
</players>
</general>
<round no="0"><action no="1" player="Gr1nd3r1980" type="15" discard="1" dealt="1" sum="5"/>
<action no="2" player="M1ky3ste92" type="15" sum="5"/>
<action no="3" player="Gr1nd3r1980" type="1" discard="1" dealt="1" sum="30"/>
<action no="4" player="M1ky3ste92" type="2" sum="60"/>
</round>
<round no="1"><cards type="Pocket" player="Gr1nd3r1980">SK D7</cards>
<cards type="Pocket" player="M1ky3ste92">H9 SJ</cards>
<action no="5" player="Gr1nd3r1980" type="23" discard="1" dealt="1" sum="120"/>
<action no="6" player="M1ky3ste92" type="7" sum="53"/>
</round>
<round no="2"><cards type="Flop">C4 D8 S9</cards>
</round>
<round no="3"><cards type="Turn">C7</cards>
</round>
<round no="4"><cards type="River">HQ</cards>
</round>
</game>
<game gamecode="6590569399"><general>
<startdate>2026-01-11 11:12:09</startdate>
<round>1</round>
<failsafecounter/>
<players><player seat="10" name="Gr1nd3r1980" chips="1,264" dealer="0" win="472" bet="236" muck="0" rebuy="0" addon="0" merge="0" rebuychips="0" reg_code="5088358302"/>
<player seat="6" name="M1ky3ste92" chips="236" dealer="1" win="0" bet="236" muck="0" rebuy="0" addon="0" merge="0" rebuychips="0" reg_code="5088358050"/>
</players>
</general>
<round no="0"><action no="1" player="M1ky3ste92" type="15" sum="5"/>
<action no="2" player="Gr1nd3r1980" type="15" discard="1" dealt="1" sum="5"/>
<action no="3" player="M1ky3ste92" type="1" sum="30"/>
<action no="4" player="Gr1nd3r1980" type="2" discard="1" dealt="1" sum="60"/>
</round>
<round no="1"><cards type="Pocket" player="Gr1nd3r1980">C2 DK</cards>
<cards type="Pocket" player="M1ky3ste92">D7 S6</cards>
<action no="5" player="M1ky3ste92" type="23" sum="231"/>
<action no="6" player="Gr1nd3r1980" type="3" discard="1" dealt="1" sum="171"/>
</round>
<round no="2"><cards type="Flop">D5 H3 S10</cards>
</round>
<round no="3"><cards type="Turn">CA</cards>
</round>
<round no="4"><cards type="River">H2</cards>
</round>
</game>
</session>
