<?xml version="1.0" encoding="UTF-8"?>
<session sessioncode="5088321035">
<general>
<client_version>25.7.1.50</client_version>
<mode>real</mode>
<gametype>Holdem NL</gametype>
<tablename>Twister €100 SNG, 826147982</tablename>
<tournamentcode>826147980</tournamentcode>
<tournamentname>Twister €100 SNG</tournamentname>
<buyin>€0 + €7 + €93</buyin>
<totalbuyin>€100</totalbuyin>
<rewarddrawn>€200</rewarddrawn>
<tournamentcurrency>EUR</tournamentcurrency>
<currency>EUR</currency>
<nickname>M1ky3ste92</nickname>
<gamecount>14</gamecount>
<startdate>2026-01-11 03:56:50</startdate>
<place>2</place>
<win>€0</win>
<tablesize>3</tablesize>
</general>
<game gamecode="6590422556"><general>
<startdate>2026-01-11 03:57:05</startdate>
<round>1</round>
<failsafecounter/>
<players><player seat="6" name="M1ky3ste92" chips="500" dealer="0" win="0" bet="50" muck="1" rebuy="0" addon="0" merge="0" rebuychips="0" reg_code="5088321035"/>
<player seat="10" name="gagry" chips="500" dealer="1" win="0" bet="0" muck="1" rebuy="0" addon="0" merge="0" rebuychips="0" reg_code="5088321172"/>
<player seat="3" name="Aomanuahi" chips="500" dealer="0" win="100" bet="150" muck="1" rebuy="0" addon="0" merge="0" rebuychips="0" reg_code="5088320903"/>
</players>
</general>
<round no="0"><action no="1" player="Aomanuahi" type="1" discard="1" dealt="1" sum="10"/>
<action no="2" player="M1ky3ste92" type="2" sum="20"/>
</round>
<round no="1"><cards type="Pocket" player="Aomanuahi">X X</cards>
<cards type="Pocket" player="M1ky3ste92">SJ H7</cards>
<cards type="Pocket" player="gagry">X X</cards>
<action no="3" player="gagry" type="0" discard="1" dealt="1" sum="0"/>
<action no="4" player="Aomanuahi" type="23" discard="1" dealt="1" sum="50"/>
<action no="5" player="M1ky3ste92" type="3" sum="30"/>
</round>
<round no="2"><cards type="Flop">DK H8 D6</cards>
<action no="6" player="Aomanuahi" type="5" discard="1" dealt="1" sum="100"/>
<action no="7" player="M1ky3ste92" type="0" sum="0"/>
</round>
</game>
<game gamecode="6590422586"><general>
<startdate>2026-01-11 03:57:34</startdate>
<round>1</round>
<failsafecounter/>
<players><player seat="10" name="gagry" chips="500" dealer="0" win="0" bet="20" muck="1" rebuy="0" addon="0" merge="0" rebuychips="0" reg_code="5088321172"/>
<player seat="3" name="Aomanuahi" chips="550" dealer="1" win="0" bet="0" muck="1" rebuy="0" addon="0" merge="0" rebuychips="0" reg_code="5088320903"/>
<player seat="6" name="M1ky3ste92" chips="450" dealer="0" win="40" bet="50" muck="1" rebuy="0" addon="0" merge="0" rebuychips="0" reg_code="5088321035"/>
</players>
</general>
<round no="0"><action no="1" player="M1ky3ste92" type="1" sum="10"/>
<action no="2" player="gagry" type="2" discard="1" dealt="1" sum="20"/>
</round>
<round no="1"><cards type="Pocket" player="Aomanuahi">X X</cards>
<cards type="Pocket" player="gagry">X X</cards>
<cards type="Pocket" player="M1ky3ste92">HQ SK</cards>
<action no="3" player="Aomanuahi" type="0" discard="1" dealt="1" sum="0"/>
<action no="4" player="M1ky3ste92" type="23" sum="50"/>
<action no="5" player="gagry" type="0" discard="1" dealt="1" sum="0"/>
</round>
</game>
<game gamecode="6590422623"><general>
<startdate>2026-01-11 03:58:07</startdate>
<round>1</round>
<failsafecounter/>
<players><player seat="3" name="Aomanuahi" chips="550" dealer="0" win="0" bet="80" muck="1" rebuy="0" addon="0" merge="0" rebuychips="0" reg_code="5088320903"/>
<player seat="6" name="M1ky3ste92" chips="470" dealer="1" win="0" bet="0" muck="1" rebuy="0" addon="0" merge="0" rebuychips="0" reg_code="5088321035"/>
<player seat="10" name="gagry" chips="480" dealer="0" win="160" bet="240" muck="1" rebuy="0" addon="0" merge="0" rebuychips="0" reg_code="5088321172"/>
</players>
</general>
<round no="0"><action no="1" player="gagry" type="1" discard="1" dealt="1" sum="10"/>
<action no="2" player="Aomanuahi" type="2" discard="1" dealt="1" sum="20"/>
</round>
<round no="1"><cards type="Pocket" player="Aomanuahi">X X</cards>
<cards type="Pocket" player="M1ky3ste92">C7 H3</cards>
<cards type="Pocket" player="gagry">X X</cards>
<action no="3" player="M1ky3ste92" type="0" sum="0"/>
<action no="4" player="gagry" type="3" discard="1" dealt="1" sum="10"/>
<action no="5" player="Aomanuahi" type="4" discard="1" dealt="1" sum="0"/>
</round>
<round no="2"><cards type="Flop">DQ C3 C10</cards>
<action no="6" player="gagry" type="4" discard="1" dealt="1" sum="0"/>
<action no="7" player="Aomanuahi" type="4" discard="1" dealt="1" sum="0"/>
</round>
<round no="3"><cards type="Turn">D9</cards>
<action no="8" player="gagry" type="5" discard="1" dealt="1" sum="60"/>
<action no="9" player="Aomanuahi" type="3" discard="1" dealt="1" sum="60"/>
</round>
<round no="4"><cards type="River">S3</cards>
<action no="10" player="gagry" type="5" discard="1" dealt="1" sum="160"/>
<action no="11" player="Aomanuahi" type="0" discard="1" dealt="1" sum="0"/>
</round>
</game>
<game gamecode="6590422694"><general>
<startdate>2026-01-11 03:59:18</startdate>
<round>1</round>
<failsafecounter/>
<players><player seat="6" name="M1ky3ste92" chips="470" dealer="0" win="0" bet="35" muck="1" rebuy="0" addon="0" merge="0" rebuychips="0" reg_code="5088321035"/>
<player seat="10" name="gagry" chips="560" dealer="1" win="90" bet="80" muck="1" rebuy="0" addon="0" merge="0" rebuychips="0" reg_code="5088321172"/>
<player seat="3" name="Aomanuahi" chips="470" dealer="0" win="0" bet="20" muck="1" rebuy="0" addon="0" merge="0" rebuychips="0" reg_code="5088320903"/>
</players>
</general>
<round no="0"><action no="1" player="Aomanuahi" type="15" discard="1" dealt="1" sum="5"/>
<action no="2" player="M1ky3ste92" type="15" sum="5"/>
<action no="3" player="gagry" type="15" discard="1" dealt="1" sum="5"/>
<action no="4" player="Aomanuahi" type="1" discard="1" dealt="1" sum="15"/>
<action no="5" player="M1ky3ste92" type="2" sum="30"/>
</round>
<round no="1"><cards type="Pocket" player="gagry">X X</cards>
<cards type="Pocket" player="M1ky3ste92">C2 H9</cards>
<cards type="Pocket" player="Aomanuahi">X X</cards>
<action no="6" player="gagry" type="3" discard="1" dealt="1" sum="30"/>
<action no="7" player="Aomanuahi" type="0" discard="1" dealt="1" sum="0"/>
<action no="8" player="M1ky3ste92" type="4" sum="0"/>
</round>
<round no="2"><cards type="Flop">S10 H10 DA</cards>
<action no="9" player="M1ky3ste92" type="4" sum="0"/>
<action no="10" player="gagry" type="5" discard="1" dealt="1" sum="45"/>
<action no="11" player="M1ky3ste92" type="0" sum="0"/>
</round>
</game>
<game gamecode="6590422718"><general>
<startdate>2026-01-11 03:59:49</startdate>
<round>1</round>
<failsafecounter/>
<players><player seat="10" name="gagry" chips="615" dealer="0" win="0" bet="35" muck="1" rebuy="0" addon="0" merge="0" rebuychips="0" reg_code="5088321172"/>
<player seat="3" name="Aomanuahi" chips="450" dealer="1" win="90" bet="65" muck="1" rebuy="0" addon="0" merge="0" rebuychips="0" reg_code="5088320903"/>
<player seat="6" name="M1ky3ste92" chips="435" dealer="0" win="0" bet="20" muck="1" rebuy="0" addon="0" merge="0" rebuychips="0" reg_code="5088321035"/>
</players>
</general>
<round no="0"><action no="1" player="M1ky3ste92" type="15" sum="5"/>
<action no="2" player="gagry" type="15" discard="1" dealt="1" sum="5"/>
<action no="3" player="Aomanuahi" type="15" discard="1" dealt="1" sum="5"/>
<action no="4" player="M1ky3ste92" type="1" sum="15"/>
<action no="5" player="gagry" type="2" discard="1" dealt="1" sum="30"/>
</round>
<round no="1"><cards type="Pocket" player="M1ky3ste92">S10 H7</cards>
<cards type="Pocket" player="Aomanuahi">X X</cards>
<cards type="Pocket" player="gagry">X X</cards>
<action no="6" player="Aomanuahi" type="23" discard="1" dealt="1" sum="60"/>
<action no="7" player="M1ky3ste92" type="0" sum="0"/>
<action no="8" player="gagry" type="0" discard="1" dealt="1" sum="0"/>
</round>
</game>
<game gamecode="6590422731"><general>
<startdate>2026-01-11 04:00:05</startdate>
<round>1</round>
<failsafecounter/>
<players><player seat="3" name="Aomanuahi" chips="505" dealer="0" win="45" bet="35" muck="1" rebuy="0" addon="0" merge="0" rebuychips="0" reg_code="5088320903"/>
<player seat="6" name="M1ky3ste92" chips="415" dealer="1" win="0" bet="5" muck="1" rebuy="0" addon="0" merge="0" rebuychips="0" reg_code="5088321035"/>
<player seat="10" name="gagry" chips="580" dealer="0" win="0" bet="20" muck="1" rebuy="0" addon="0" merge="0" rebuychips="0" reg_code="5088321172"/>
</players>
</general>
<round no="0"><action no="1" player="gagry" type="15" discard="1" dealt="1" sum="5"/>
<action no="2" player="Aomanuahi" type="15" discard="1" dealt="1" sum="5"/>
<action no="3" player="M1ky3ste92" type="15" sum="5"/>
<action no="4" player="gagry" type="1" discard="1" dealt="1" sum="15"/>
<action no="5" player="Aomanuahi" type="2" discard="1" dealt="1" sum="30"/>
</round>
<round no="1"><cards type="Pocket" player="M1ky3ste92">SJ S6</cards>
<cards type="Pocket" player="gagry">X X</cards>
<cards type="Pocket" player="Aomanuahi">X X</cards>
<action no="6" player="M1ky3ste92" type="0" sum="0"/>
<action no="7" player="gagry" type="0" discard="1" dealt="1" sum="0"/>
</round>
</game>
<game gamecode="6590422739"><general>
<startdate>2026-01-11 04:00:16</startdate>
<round>1</round>
<failsafecounter/>
<players><player seat="6" name="M1ky3ste92" chips="410" dealer="0" win="75" bet="410" muck="1" rebuy="0" addon="0" merge="0" rebuychips="0" reg_code="5088321035"/>
<player seat="10" name="gagry" chips="560" dealer="1" win="0" bet="5" muck="1" rebuy="0" addon="0" merge="0" rebuychips="0" reg_code="5088321172"/>
<player seat="3" name="Aomanuahi" chips="530" dealer="0" win="0" bet="35" muck="1" rebuy="0" addon="0" merge="0" rebuychips="0" reg_code="5088320903"/>
</players>
</general>
<round no="0"><action no="1" player="Aomanuahi" type="15" discard="1" dealt="1" sum="5"/>
<action no="2" player="M1ky3ste92" type="15" sum="5"/>
<action no="3" player="gagry" type="15" discard="1" dealt="1" sum="5"/>
<action no="4" player="Aomanuahi" type="1" discard="1" dealt="1" sum="15"/>
<action no="5" player="M1ky3ste92" type="2" sum="30"/>
</round>
<round no="1"><cards type="Pocket" player="Aomanuahi">X X</cards>
<cards type="Pocket" player="gagry">X X</cards>
<cards type="Pocket" player="M1ky3ste92">SA H9</cards>
<action no="6" player="gagry" type="0" discard="1" dealt="1" sum="0"/>
<action no="7" player="Aomanuahi" type="3" discard="1" dealt="1" sum="15"/>
<action no="8" player="M1ky3ste92" type="23" sum="405"/>
<action no="9" player="Aomanuahi" type="0" discard="1" dealt="1" sum="0"/>
</round>
</game>
<game gamecode="6590422760"><general>
<startdate>2026-01-11 04:00:33</startdate>
<round>1</round>
<failsafecounter/>
<players><player seat="10" name="gagry" chips="555" dealer="0" win="0" bet="45" muck="1" rebuy="0" addon="0" merge="0" rebuychips="0" reg_code="5088321172"/>
<player seat="3" name="Aomanuahi" chips="495" dealer="1" win="0" bet="5" muck="1" rebuy="0" addon="0" merge="0" rebuychips="0" reg_code="5088320903"/>
<player seat="6" name="M1ky3ste92" chips="450" dealer="0" win="95" bet="450" muck="1" rebuy="0" addon="0" merge="0" rebuychips="0" reg_code="5088321035"/>
</players>
</general>
<round no="0"><action no="1" player="M1ky3ste92" type="15" sum="5"/>
<action no="2" player="gagry" type="15" discard="1" dealt="1" sum="5"/>
<action no="3" player="Aomanuahi" type="15" discard="1" dealt="1" sum="5"/>
<action no="4" player="M1ky3ste92" type="1" sum="20"/>
<action no="5" player="gagry" type="2" discard="1" dealt="1" sum="40"/>
</round>
<round no="1"><cards type="Pocket" player="Aomanuahi">X X</cards>
<cards type="Pocket" player="gagry">X X</cards>
<cards type="Pocket" player="M1ky3ste92">CQ C3</cards>
<action no="6" player="Aomanuahi" type="0" discard="1" dealt="1" sum="0"/>
<action no="7" player="M1ky3ste92" type="23" sum="445"/>
<action no="8" player="gagry" type="0" discard="1" dealt="1" sum="0"/>
</round>
</game>
<game gamecode="6590426534"><general>
<startdate>2026-01-11 04:00:46</startdate>
<round>1</round>
<failsafecounter/>
<players><player seat="3" name="Aomanuahi" chips="490" dealer="0" win="55" bet="45" muck="1" rebuy="0" addon="0" merge="0" rebuychips="0" reg_code="5088320903"/>
<player seat="6" name="M1ky3ste92" chips="500" dealer="1" win="0" bet="5" muck="1" rebuy="0" addon="0" merge="0" rebuychips="0" reg_code="5088321035"/>
<player seat="10" name="gagry" chips="510" dealer="0" win="0" bet="25" muck="1" rebuy="0" addon="0" merge="0" rebuychips="0" reg_code="5088321172"/>
</players>
</general>
<round no="0"><action no="1" player="gagry" type="15" discard="1" dealt="1" sum="5"/>
<action no="2" player="Aomanuahi" type="15" discard="1" dealt="1" sum="5"/>
<action no="3" player="M1ky3ste92" type="15" sum="5"/>
<action no="4" player="gagry" type="1" discard="1" dealt="1" sum="20"/>
<action no="5" player="Aomanuahi" type="2" discard="1" dealt="1" sum="40"/>
</round>
<round no="1"><cards type="Pocket" player="Aomanuahi">X X</cards>
<cards type="Pocket" player="M1ky3ste92">H10 H5</cards>
<cards type="Pocket" player="gagry">X X</cards>
<action no="6" player="M1ky3ste92" type="0" sum="0"/>
<action no="7" player="gagry" type="0" discard="1" dealt="1" sum="0"/>
</round>
</game>
<game gamecode="6590426549"><general>
<startdate>2026-01-11 04:01:00</startdate>
<round>1</round>
<failsafecounter/>
<players><player seat="6" name="M1ky3ste92" chips="495" dealer="0" win="995" bet="495" muck="0" rebuy="0" addon="0" merge="0" rebuychips="0" reg_code="5088321035"/>
<player seat="10" name="gagry" chips="485" dealer="1" win="0" bet="485" muck="0" rebuy="0" addon="0" merge="0" rebuychips="0" reg_code="5088321172"/>
<player seat="3" name="Aomanuahi" chips="520" dealer="0" win="0" bet="25" muck="1" rebuy="0" addon="0" merge="0" rebuychips="0" reg_code="5088320903"/>
</players>
</general>
<round no="0"><action no="1" player="Aomanuahi" type="15" discard="1" dealt="1" sum="5"/>
<action no="2" player="M1ky3ste92" type="15" sum="5"/>
<action no="3" player="gagry" type="15" discard="1" dealt="1" sum="5"/>
<action no="4" player="Aomanuahi" type="1" discard="1" dealt="1" sum="20"/>
<action no="5" player="M1ky3ste92" type="2" sum="40"/>
</round>
<round no="1"><cards type="Pocket" player="Aomanuahi">X X</cards>
<cards type="Pocket" player="gagry">D9 H8</cards>
<cards type="Pocket" player="M1ky3ste92">C5 C10</cards>
<action no="6" player="gagry" type="3" discard="1" dealt="1" sum="40"/>
<action no="7" player="Aomanuahi" type="0" discard="1" dealt="1" sum="0"/>
<action no="8" player="M1ky3ste92" type="4" sum="0"/>
</round>
<round no="2"><cards type="Flop">HJ S3 D10</cards>
<action no="9" player="M1ky3ste92" type="4" sum="0"/>
<action no="10" player="gagry" type="5" discard="1" dealt="1" sum="80"/>
<action no="11" player="M1ky3ste92" type="3" sum="80"/>
</round>
<round no="3"><cards type="Turn">C2</cards>
<action no="12" player="M1ky3ste92" type="4" sum="0"/>
<action no="13" player="gagry" type="5" discard="1" dealt="1" sum="160"/>
<action no="14" player="M1ky3ste92" type="23" sum="370"/>
<action no="15" player="gagry" type="7" discard="1" dealt="1" sum="200"/>
</round>
<round no="4"><cards type="River">D4</cards>
</round>
</game>
<game gamecode="6590426596"><general>
<startdate>2026-01-11 04:01:48</startdate>
<round>1</round>
<failsafecounter/>
<players><player seat="6" name="M1ky3ste92" chips="1,005" dealer="0" win="90" bet="125" muck="1" rebuy="0" addon="0" merge="0" rebuychips="0" reg_code="5088321035"/>
<player seat="3" name="Aomanuahi" chips="495" dealer="1" win="0" bet="45" muck="1" rebuy="0" addon="0" merge="0" rebuychips="0" reg_code="5088320903"/>
</players>
</general>
<round no="0"><action no="1" player="Aomanuahi" type="15" discard="1" dealt="1" sum="5"/>
<action no="2" player="M1ky3ste92" type="15" sum="5"/>
<action no="3" player="Aomanuahi" type="1" discard="1" dealt="1" sum="20"/>
<action no="4" player="M1ky3ste92" type="2" sum="40"/>
</round>
<round no="1"><cards type="Pocket" player="Aomanuahi">X X</cards>
<cards type="Pocket" player="M1ky3ste92">H10 HK</cards>
<action no="5" player="Aomanuahi" type="3" discard="1" dealt="1" sum="20"/>
<action no="6" player="M1ky3ste92" type="23" sum="120"/>
<action no="7" player="Aomanuahi" type="0" discard="1" dealt="1" sum="0"/>
</round>
</game>
<game gamecode="6590426608"><general>
<startdate>2026-01-11 04:01:59</startdate>
<round>1</round>
<failsafecounter/>
<players><player seat="3" name="Aomanuahi" chips="450" dealer="0" win="900" bet="450" muck="0" rebuy="0" addon="0" merge="0" rebuychips="0" reg_code="5088320903"/>
<player seat="6" name="M1ky3ste92" chips="1,050" dealer="1" win="0" bet="450" muck="1" rebuy="0" addon="0" merge="0" rebuychips="0" reg_code="5088321035"/>
</players>
</general>
<round no="0"><action no="1" player="M1ky3ste92" type="15" sum="5"/>
<action no="2" player="Aomanuahi" type="15" discard="1" dealt="1" sum="5"/>
<action no="3" player="M1ky3ste92" type="1" sum="20"/>
<action no="4" player="Aomanuahi" type="2" discard="1" dealt="1" sum="40"/>
</round>
<round no="1"><cards type="Pocket" player="M1ky3ste92">SQ DA</cards>
<cards type="Pocket" player="Aomanuahi">HJ H2</cards>
<action no="5" player="M1ky3ste92" type="3" sum="20"/>
<action no="6" player="Aomanuahi" type="23" discard="1" dealt="1" sum="445"/>
<action no="7" player="M1ky3ste92" type="3" sum="405"/>
</round>
<round no="2"><cards type="Flop">SK S2 D10</cards>
</round>
<round no="3"><cards type="Turn">C2</cards>
</round>
<round no="4"><cards type="River">C4</cards>
</round>
</game>
<game gamecode="6590426635"><general>
<startdate>2026-01-11 04:02:21</startdate>
<round>1</round>
<failsafecounter/>
<players><player seat="6" name="M1ky3ste92" chips="600" dealer="0" win="0" bet="65" muck="1" rebuy="0" addon="0" merge="0" rebuychips="0" reg_code="5088321035"/>
<player seat="3" name="Aomanuahi" chips="900" dealer="1" win="130" bet="900" muck="1" rebuy="0" addon="0" merge="0" rebuychips="0" reg_code="5088320903"/>
</players>
</general>
<round no="0"><action no="1" player="Aomanuahi" type="15" discard="1" dealt="1" sum="5"/>
<action no="2" player="M1ky3ste92" type="15" sum="5"/>
<action no="3" player="Aomanuahi" type="1" discard="1" dealt="1" sum="30"/>
<action no="4" player="M1ky3ste92" type="2" sum="60"/>
</round>
<round no="1"><cards type="Pocket" player="M1ky3ste92">H5 SJ</cards>
<cards type="Pocket" player="Aomanuahi">X X</cards>
<action no="5" player="Aomanuahi" type="23" discard="1" dealt="1" sum="895"/>
<action no="6" player="M1ky3ste92" type="0" sum="0"/>
</round>
</game>
<game gamecode="6590426648"><general>
<startdate>2026-01-11 04:02:34</startdate>
<round>1</round>
<failsafecounter/>
<players><player seat="3" name="Aomanuahi" chips="965" dealer="0" win="1,070" bet="535" muck="0" rebuy="0" addon="0" merge="0" rebuychips="0" reg_code="5088320903"/>
<player seat="6" name="M1ky3ste92" chips="535" dealer="1" win="0" bet="535" muck="0" rebuy="0" addon="0" merge="0" rebuychips="0" reg_code="5088321035"/>
</players>
</general>
<round no="0"><action no="1" player="M1ky3ste92" type="15" sum="5"/>
<action no="2" player="Aomanuahi" type="15" discard="1" dealt="1" sum="5"/>
<action no="3" player="M1ky3ste92" type="1" sum="30"/>
<action no="4" player="Aomanuahi" type="2" discard="1" dealt="1" sum="60"/>
</round>
<round no="1"><cards type="Pocket" player="M1ky3ste92">H4 H6</cards>
<cards type="Pocket" player="Aomanuahi">C3 SA</cards>
<action no="5" player="M1ky3ste92" type="23" sum="530"/>
<action no="6" player="Aomanuahi" type="3" discard="1" dealt="1" sum="470"/>
</round>
<round no="2"><cards type="Flop">S7 D7 D9</cards>
</round>
<round no="3"><cards type="Turn">SQ</cards>
</round>
<round no="4"><cards type="River">S9</cards>
</round>
</game>
</session>
