<?xml version="1.0" encoding="UTF-8"?>
<session sessioncode="5088930821">
<general>
<client_version>24.7.1.18</client_version>
<mode>real</mode>
<gametype>Holdem NL</gametype>
<tablename>Twister €100 SNG, 826336857</tablename>
<tournamentcode>826336194</tournamentcode>
<tournamentname>Twister €100 SNG</tournamentname>
<buyin>€0 + €7 + €93</buyin>
<totalbuyin>€100</totalbuyin>
<rewarddrawn>€200</rewarddrawn>
<tournamentcurrency>EUR</tournamentcurrency>
<currency>EUR</currency>
<nickname>M1ky3ste92</nickname>
<gamecount>16</gamecount>
<startdate>2026-01-13 10:15:30</startdate>
<place>1</place>
<win>€200</win>
<tablesize>3</tablesize>
</general>
<game gamecode="6592987378"><general>
<startdate>2026-01-13 10:15:46</startdate>
<round>1</round>
<failsafecounter/>
<players><player seat="3" name="xiuder0nn17" chips="500" dealer="0" win="40" bet="40" muck="1" rebuy="0" addon="0" merge="0" rebuychips="0" reg_code="5088930442"/>
<player seat="6" name="M1ky3ste92" chips="500" dealer="1" win="0" bet="0" muck="1" rebuy="0" addon="0" merge="0" rebuychips="0" reg_code="5088930821"/>
<player seat="10" name="Ankalaev" chips="500" dealer="0" win="0" bet="20" muck="1" rebuy="0" addon="0" merge="0" rebuychips="0" reg_code="5088930947"/>
</players>
</general>
<round no="0"><action no="1" player="Ankalaev" type="1" discard="1" dealt="1" sum="10"/>
<action no="2" player="xiuder0nn17" type="2" discard="1" dealt="1" sum="20"/>
</round>
<round no="1"><cards type="Pocket" player="M1ky3ste92">D8 S6</cards>
<cards type="Pocket" player="Ankalaev">X X</cards>
<cards type="Pocket" player="xiuder0nn17">X X</cards>
<action no="3" player="M1ky3ste92" type="0" sum="0"/>
<action no="4" player="Ankalaev" type="3" discard="1" dealt="1" sum="10"/>
<action no="5" player="xiuder0nn17" type="4" discard="1" dealt="1" sum="0"/>
</round>
<round no="2"><cards type="Flop">HK CK DQ</cards>
<action no="6" player="Ankalaev" type="4" discard="1" dealt="1" sum="0"/>
<action no="7" player="xiuder0nn17" type="4" discard="1" dealt="1" sum="0"/>
</round>
<round no="3"><cards type="Turn">H2</cards>
<action no="8" player="Ankalaev" type="4" discard="1" dealt="1" sum="0"/>
<action no="9" player="xiuder0nn17" type="5" discard="1" dealt="1" sum="20"/>
<action no="10" player="Ankalaev" type="0" discard="1" dealt="1" sum="0"/>
</round>
</game>
<game gamecode="6592987500"><general>
<startdate>2026-01-13 10:16:28</startdate>
<round>1</round>
<failsafecounter/>
<players><player seat="6" name="M1ky3ste92" chips="500" dealer="0" win="20" bet="20" muck="1" rebuy="0" addon="0" merge="0" rebuychips="0" reg_code="5088930821"/>
<player seat="10" name="Ankalaev" chips="480" dealer="1" win="0" bet="0" muck="1" rebuy="0" addon="0" merge="0" rebuychips="0" reg_code="5088930947"/>
<player seat="3" name="xiuder0nn17" chips="520" dealer="0" win="0" bet="10" muck="1" rebuy="0" addon="0" merge="0" rebuychips="0" reg_code="5088930442"/>
</players>
</general>
<round no="0"><action no="1" player="xiuder0nn17" type="1" discard="1" dealt="1" sum="10"/>
<action no="2" player="M1ky3ste92" type="2" sum="20"/>
</round>
<round no="1"><cards type="Pocket" player="xiuder0nn17">X X</cards>
<cards type="Pocket" player="M1ky3ste92">S10 SJ</cards>
<cards type="Pocket" player="Ankalaev">X X</cards>
<action no="3" player="Ankalaev" type="0" discard="1" dealt="1" sum="0"/>
<action no="4" player="xiuder0nn17" type="0" discard="1" dealt="1" sum="0"/>
</round>
</game>
<game gamecode="6592987520"><general>
<startdate>2026-01-13 10:16:35</startdate>
<round>1</round>
<failsafecounter/>
<players><player seat="10" name="Ankalaev" chips="480" dealer="0" win="0" bet="40" muck="1" rebuy="0" addon="0" merge="0" rebuychips="0" reg_code="5088930947"/>
<player seat="3" name="xiuder0nn17" chips="510" dealer="1" win="0" bet="0" muck="1" rebuy="0" addon="0" merge="0" rebuychips="0" reg_code="5088930442"/>
<player seat="6" name="M1ky3ste92" chips="510" dealer="0" win="80" bet="96" muck="1" rebuy="0" addon="0" merge="0" rebuychips="0" reg_code="5088930821"/>
</players>
</general>
<round no="0"><action no="1" player="M1ky3ste92" type="1" sum="10"/>
<action no="2" player="Ankalaev" type="2" discard="1" dealt="1" sum="20"/>
</round>
<round no="1"><cards type="Pocket" player="M1ky3ste92">C8 S10</cards>
<cards type="Pocket" player="Ankalaev">X X</cards>
<cards type="Pocket" player="xiuder0nn17">X X</cards>
<action no="3" player="xiuder0nn17" type="0" discard="1" dealt="1" sum="0"/>
<action no="4" player="M1ky3ste92" type="3" sum="10"/>
<action no="5" player="Ankalaev" type="4" discard="1" dealt="1" sum="0"/>
</round>
<round no="2"><cards type="Flop">D8 D10 D4</cards>
<action no="6" player="M1ky3ste92" type="5" sum="20"/>
<action no="7" player="Ankalaev" type="3" discard="1" dealt="1" sum="20"/>
</round>
<round no="3"><cards type="Turn">C2</cards>
<action no="8" player="M1ky3ste92" type="5" sum="56"/>
<action no="9" player="Ankalaev" type="0" discard="1" dealt="1" sum="0"/>
</round>
</game>
<game gamecode="6592987609"><general>
<startdate>2026-01-13 10:17:04</startdate>
<round>1</round>
<failsafecounter/>
<players><player seat="3" name="xiuder0nn17" chips="510" dealer="0" win="40" bet="60" muck="1" rebuy="0" addon="0" merge="0" rebuychips="0" reg_code="5088930442"/>
<player seat="6" name="M1ky3ste92" chips="550" dealer="1" win="0" bet="0" muck="1" rebuy="0" addon="0" merge="0" rebuychips="0" reg_code="5088930821"/>
<player seat="10" name="Ankalaev" chips="440" dealer="0" win="0" bet="20" muck="1" rebuy="0" addon="0" merge="0" rebuychips="0" reg_code="5088930947"/>
</players>
</general>
<round no="0"><action no="1" player="Ankalaev" type="1" discard="1" dealt="1" sum="10"/>
<action no="2" player="xiuder0nn17" type="2" discard="1" dealt="1" sum="20"/>
</round>
<round no="1"><cards type="Pocket" player="Ankalaev">X X</cards>
<cards type="Pocket" player="xiuder0nn17">X X</cards>
<cards type="Pocket" player="M1ky3ste92">CJ H8</cards>
<action no="3" player="M1ky3ste92" type="0" sum="0"/>
<action no="4" player="Ankalaev" type="3" discard="1" dealt="1" sum="10"/>
<action no="5" player="xiuder0nn17" type="23" discard="1" dealt="1" sum="60"/>
<action no="6" player="Ankalaev" type="0" discard="1" dealt="1" sum="0"/>
</round>
</game>
<game gamecode="6592989179"><general>
<startdate>2026-01-13 10:17:22</startdate>
<round>1</round>
<failsafecounter/>
<players><player seat="6" name="M1ky3ste92" chips="550" dealer="0" win="20" bet="20" muck="1" rebuy="0" addon="0" merge="0" rebuychips="0" reg_code="5088930821"/>
<player seat="10" name="Ankalaev" chips="420" dealer="1" win="0" bet="0" muck="1" rebuy="0" addon="0" merge="0" rebuychips="0" reg_code="5088930947"/>
<player seat="3" name="xiuder0nn17" chips="530" dealer="0" win="0" bet="10" muck="1" rebuy="0" addon="0" merge="0" rebuychips="0" reg_code="5088930442"/>
</players>
</general>
<round no="0"><action no="1" player="xiuder0nn17" type="1" discard="1" dealt="1" sum="10"/>
<action no="2" player="M1ky3ste92" type="2" sum="20"/>
</round>
<round no="1"><cards type="Pocket" player="xiuder0nn17">X X</cards>
<cards type="Pocket" player="M1ky3ste92">D4 C2</cards>
<cards type="Pocket" player="Ankalaev">X X</cards>
<action no="3" player="Ankalaev" type="0" discard="1" dealt="1" sum="0"/>
<action no="4" player="xiuder0nn17" type="0" discard="1" dealt="1" sum="0"/>
</round>
</game>
<game gamecode="6592989195"><general>
<startdate>2026-01-13 10:17:29</startdate>
<round>1</round>
<failsafecounter/>
<players><player seat="10" name="Ankalaev" chips="420" dealer="0" win="0" bet="35" muck="1" rebuy="0" addon="0" merge="0" rebuychips="0" reg_code="5088930947"/>
<player seat="3" name="xiuder0nn17" chips="520" dealer="1" win="90" bet="520" muck="1" rebuy="0" addon="0" merge="0" rebuychips="0" reg_code="5088930442"/>
<player seat="6" name="M1ky3ste92" chips="560" dealer="0" win="0" bet="20" muck="1" rebuy="0" addon="0" merge="0" rebuychips="0" reg_code="5088930821"/>
</players>
</general>
<round no="0"><action no="1" player="M1ky3ste92" type="15" sum="5"/>
<action no="2" player="Ankalaev" type="15" discard="1" dealt="1" sum="5"/>
<action no="3" player="xiuder0nn17" type="15" discard="1" dealt="1" sum="5"/>
<action no="4" player="M1ky3ste92" type="1" sum="15"/>
<action no="5" player="Ankalaev" type="2" discard="1" dealt="1" sum="30"/>
</round>
<round no="1"><cards type="Pocket" player="xiuder0nn17">X X</cards>
<cards type="Pocket" player="M1ky3ste92">SJ H5</cards>
<cards type="Pocket" player="Ankalaev">X X</cards>
<action no="6" player="xiuder0nn17" type="23" discard="1" dealt="1" sum="515"/>
<action no="7" player="M1ky3ste92" type="0" sum="0"/>
<action no="8" player="Ankalaev" type="0" discard="1" dealt="1" sum="0"/>
</round>
</game>
<game gamecode="6592989228"><general>
<startdate>2026-01-13 10:17:39</startdate>
<round>1</round>
<failsafecounter/>
<players><player seat="3" name="xiuder0nn17" chips="575" dealer="0" win="550" bet="540" muck="0" rebuy="0" addon="0" merge="0" rebuychips="0" reg_code="5088930442"/>
<player seat="6" name="M1ky3ste92" chips="540" dealer="1" win="550" bet="540" muck="0" rebuy="0" addon="0" merge="0" rebuychips="0" reg_code="5088930821"/>
<player seat="10" name="Ankalaev" chips="385" dealer="0" win="0" bet="20" muck="1" rebuy="0" addon="0" merge="0" rebuychips="0" reg_code="5088930947"/>
</players>
</general>
<round no="0"><action no="1" player="Ankalaev" type="15" discard="1" dealt="1" sum="5"/>
<action no="2" player="xiuder0nn17" type="15" discard="1" dealt="1" sum="5"/>
<action no="3" player="M1ky3ste92" type="15" sum="5"/>
<action no="4" player="Ankalaev" type="1" discard="1" dealt="1" sum="15"/>
<action no="5" player="xiuder0nn17" type="2" discard="1" dealt="1" sum="30"/>
</round>
<round no="1"><cards type="Pocket" player="M1ky3ste92">CA S2</cards>
<cards type="Pocket" player="xiuder0nn17">HA HQ</cards>
<cards type="Pocket" player="Ankalaev">X X</cards>
<action no="6" player="M1ky3ste92" type="23" sum="535"/>
<action no="7" player="Ankalaev" type="0" discard="1" dealt="1" sum="0"/>
<action no="8" player="xiuder0nn17" type="3" discard="1" dealt="1" sum="505"/>
</round>
<round no="2"><cards type="Flop">H6 C5 D10</cards>
</round>
<round no="3"><cards type="Turn">S5</cards>
</round>
<round no="4"><cards type="River">S10</cards>
</round>
</game>
<game gamecode="6592989300"><general>
<startdate>2026-01-13 10:18:02</startdate>
<round>1</round>
<failsafecounter/>
<players><player seat="6" name="M1ky3ste92" chips="550" dealer="0" win="45" bet="35" muck="1" rebuy="0" addon="0" merge="0" rebuychips="0" reg_code="5088930821"/>
<player seat="10" name="Ankalaev" chips="365" dealer="1" win="0" bet="5" muck="1" rebuy="0" addon="0" merge="0" rebuychips="0" reg_code="5088930947"/>
<player seat="3" name="xiuder0nn17" chips="585" dealer="0" win="0" bet="20" muck="1" rebuy="0" addon="0" merge="0" rebuychips="0" reg_code="5088930442"/>
</players>
</general>
<round no="0"><action no="1" player="xiuder0nn17" type="15" discard="1" dealt="1" sum="5"/>
<action no="2" player="M1ky3ste92" type="15" sum="5"/>
<action no="3" player="Ankalaev" type="15" discard="1" dealt="1" sum="5"/>
<action no="4" player="xiuder0nn17" type="1" discard="1" dealt="1" sum="15"/>
<action no="5" player="M1ky3ste92" type="2" sum="30"/>
</round>
<round no="1"><cards type="Pocket" player="M1ky3ste92">C6 D7</cards>
<cards type="Pocket" player="Ankalaev">X X</cards>
<cards type="Pocket" player="xiuder0nn17">X X</cards>
<action no="6" player="Ankalaev" type="0" discard="1" dealt="1" sum="0"/>
<action no="7" player="xiuder0nn17" type="0" discard="1" dealt="1" sum="0"/>
</round>
</game>
<game gamecode="6592989330"><general>
<startdate>2026-01-13 10:18:11</startdate>
<round>1</round>
<failsafecounter/>
<players><player seat="10" name="Ankalaev" chips="360" dealer="0" win="0" bet="185" muck="1" rebuy="0" addon="0" merge="0" rebuychips="0" reg_code="5088930947"/>
<player seat="3" name="xiuder0nn17" chips="565" dealer="1" win="0" bet="5" muck="1" rebuy="0" addon="0" merge="0" rebuychips="0" reg_code="5088930442"/>
<player seat="6" name="M1ky3ste92" chips="575" dealer="0" win="375" bet="545" muck="1" rebuy="0" addon="0" merge="0" rebuychips="0" reg_code="5088930821"/>
</players>
</general>
<round no="0"><action no="1" player="M1ky3ste92" type="15" sum="5"/>
<action no="2" player="Ankalaev" type="15" discard="1" dealt="1" sum="5"/>
<action no="3" player="xiuder0nn17" type="15" discard="1" dealt="1" sum="5"/>
<action no="4" player="M1ky3ste92" type="1" sum="15"/>
<action no="5" player="Ankalaev" type="2" discard="1" dealt="1" sum="30"/>
</round>
<round no="1"><cards type="Pocket" player="M1ky3ste92">C6 C3</cards>
<cards type="Pocket" player="xiuder0nn17">X X</cards>
<cards type="Pocket" player="Ankalaev">X X</cards>
<action no="6" player="xiuder0nn17" type="0" discard="1" dealt="1" sum="0"/>
<action no="7" player="M1ky3ste92" type="3" sum="15"/>
<action no="8" player="Ankalaev" type="23" discard="1" dealt="1" sum="120"/>
<action no="9" player="M1ky3ste92" type="3" sum="90"/>
</round>
<round no="2"><cards type="Flop">D4 S10 S4</cards>
<action no="10" player="M1ky3ste92" type="4" sum="0"/>
<action no="11" player="Ankalaev" type="4" discard="1" dealt="1" sum="0"/>
</round>
<round no="3"><cards type="Turn">D6</cards>
<action no="12" player="M1ky3ste92" type="5" sum="60"/>
<action no="13" player="Ankalaev" type="3" discard="1" dealt="1" sum="60"/>
</round>
<round no="4"><cards type="River">HJ</cards>
<action no="14" player="M1ky3ste92" type="5" sum="360"/>
<action no="15" player="Ankalaev" type="0" discard="1" dealt="1" sum="0"/>
</round>
</game>
<game gamecode="6592989500"><general>
<startdate>2026-01-13 10:19:05</startdate>
<round>1</round>
<failsafecounter/>
<players><player seat="3" name="xiuder0nn17" chips="560" dealer="0" win="0" bet="45" muck="1" rebuy="0" addon="0" merge="0" rebuychips="0" reg_code="5088930442"/>
<player seat="6" name="M1ky3ste92" chips="765" dealer="1" win="115" bet="765" muck="1" rebuy="0" addon="0" merge="0" rebuychips="0" reg_code="5088930821"/>
<player seat="10" name="Ankalaev" chips="175" dealer="0" win="0" bet="25" muck="1" rebuy="0" addon="0" merge="0" rebuychips="0" reg_code="5088930947"/>
</players>
</general>
<round no="0"><action no="1" player="Ankalaev" type="15" discard="1" dealt="1" sum="5"/>
<action no="2" player="xiuder0nn17" type="15" discard="1" dealt="1" sum="5"/>
<action no="3" player="M1ky3ste92" type="15" sum="5"/>
<action no="4" player="Ankalaev" type="1" discard="1" dealt="1" sum="20"/>
<action no="5" player="xiuder0nn17" type="2" discard="1" dealt="1" sum="40"/>
</round>
<round no="1"><cards type="Pocket" player="xiuder0nn17">X X</cards>
<cards type="Pocket" player="Ankalaev">X X</cards>
<cards type="Pocket" player="M1ky3ste92">DA C10</cards>
<action no="6" player="M1ky3ste92" type="23" sum="760"/>
<action no="7" player="Ankalaev" type="0" discard="1" dealt="1" sum="0"/>
<action no="8" player="xiuder0nn17" type="0" discard="1" dealt="1" sum="0"/>
</round>
</game>
<game gamecode="6592989556"><general>
<startdate>2026-01-13 10:19:23</startdate>
<round>1</round>
<failsafecounter/>
<players><player seat="6" name="M1ky3ste92" chips="835" dealer="0" win="0" bet="45" muck="1" rebuy="0" addon="0" merge="0" rebuychips="0" reg_code="5088930821"/>
<player seat="10" name="Ankalaev" chips="150" dealer="1" win="345" bet="150" muck="0" rebuy="0" addon="0" merge="0" rebuychips="0" reg_code="5088930947"/>
<player seat="3" name="xiuder0nn17" chips="515" dealer="0" win="0" bet="515" muck="1" rebuy="0" addon="0" merge="0" rebuychips="0" reg_code="5088930442"/>
</players>
</general>
<round no="0"><action no="1" player="xiuder0nn17" type="15" discard="1" dealt="1" sum="5"/>
<action no="2" player="M1ky3ste92" type="15" sum="5"/>
<action no="3" player="Ankalaev" type="15" discard="1" dealt="1" sum="5"/>
<action no="4" player="xiuder0nn17" type="1" discard="1" dealt="1" sum="20"/>
<action no="5" player="M1ky3ste92" type="2" sum="40"/>
</round>
<round no="1"><cards type="Pocket" player="Ankalaev">HA DA</cards>
<cards type="Pocket" player="xiuder0nn17">H4 SA</cards>
<cards type="Pocket" player="M1ky3ste92">DK D6</cards>
<action no="6" player="Ankalaev" type="23" discard="1" dealt="1" sum="145"/>
<action no="7" player="xiuder0nn17" type="23" discard="1" dealt="1" sum="510"/>
<action no="8" player="M1ky3ste92" type="0" sum="0"/>
</round>
<round no="2"><cards type="Flop">C4 D3 H9</cards>
</round>
<round no="3"><cards type="Turn">S4</cards>
</round>
<round no="4"><cards type="River">CA</cards>
</round>
</game>
<game gamecode="6592989618"><general>
<startdate>2026-01-13 10:19:47</startdate>
<round>1</round>
<failsafecounter/>
<players><player seat="10" name="Ankalaev" chips="345" dealer="0" win="0" bet="45" muck="1" rebuy="0" addon="0" merge="0" rebuychips="0" reg_code="5088930947"/>
<player seat="3" name="xiuder0nn17" chips="365" dealer="1" win="0" bet="365" muck="0" rebuy="0" addon="0" merge="0" rebuychips="0" reg_code="5088930442"/>
<player seat="6" name="M1ky3ste92" chips="790" dealer="0" win="775" bet="685" muck="0" rebuy="0" addon="0" merge="0" rebuychips="0" reg_code="5088930821"/>
</players>
</general>
<round no="0"><action no="1" player="M1ky3ste92" type="15" sum="5"/>
<action no="2" player="Ankalaev" type="15" discard="1" dealt="1" sum="5"/>
<action no="3" player="xiuder0nn17" type="15" discard="1" dealt="1" sum="5"/>
<action no="4" player="M1ky3ste92" type="1" sum="20"/>
<action no="5" player="Ankalaev" type="2" discard="1" dealt="1" sum="40"/>
</round>
<round no="1"><cards type="Pocket" player="M1ky3ste92">H8 SA</cards>
<cards type="Pocket" player="Ankalaev">X X</cards>
<cards type="Pocket" player="xiuder0nn17">DA C3</cards>
<action no="6" player="xiuder0nn17" type="23" discard="1" dealt="1" sum="360"/>
<action no="7" player="M1ky3ste92" type="23" sum="680"/>
<action no="8" player="Ankalaev" type="0" discard="1" dealt="1" sum="0"/>
</round>
<round no="2"><cards type="Flop">CQ D3 HJ</cards>
</round>
<round no="3"><cards type="Turn">S8</cards>
</round>
<round no="4"><cards type="River">HQ</cards>
</round>
</game>
<game gamecode="6592989697"><general>
<startdate>2026-01-13 10:20:13</startdate>
<round>1</round>
<failsafecounter/>
<players><player seat="10" name="Ankalaev" chips="300" dealer="0" win="0" bet="45" muck="1" rebuy="0" addon="0" merge="0" rebuychips="0" reg_code="5088930947"/>
<player seat="6" name="M1ky3ste92" chips="1,200" dealer="1" win="90" bet="1,200" muck="1" rebuy="0" addon="0" merge="0" rebuychips="0" reg_code="5088930821"/>
</players>
</general>
<round no="0"><action no="1" player="M1ky3ste92" type="15" sum="5"/>
<action no="2" player="Ankalaev" type="15" discard="1" dealt="1" sum="5"/>
<action no="3" player="M1ky3ste92" type="1" sum="20"/>
<action no="4" player="Ankalaev" type="2" discard="1" dealt="1" sum="40"/>
</round>
<round no="1"><cards type="Pocket" player="M1ky3ste92">D7 H8</cards>
<cards type="Pocket" player="Ankalaev">X X</cards>
<action no="5" player="M1ky3ste92" type="23" sum="1,195"/>
<action no="6" player="Ankalaev" type="0" discard="1" dealt="1" sum="0"/>
</round>
</game>
<game gamecode="6592989729"><general>
<startdate>2026-01-13 10:20:23</startdate>
<round>1</round>
<failsafecounter/>
<players><player seat="6" name="M1ky3ste92" chips="1,245" dealer="0" win="50" bet="45" muck="1" rebuy="0" addon="0" merge="0" rebuychips="0" reg_code="5088930821"/>
<player seat="10" name="Ankalaev" chips="255" dealer="1" win="0" bet="25" muck="1" rebuy="0" addon="0" merge="0" rebuychips="0" reg_code="5088930947"/>
</players>
</general>
<round no="0"><action no="1" player="Ankalaev" type="15" discard="1" dealt="1" sum="5"/>
<action no="2" player="M1ky3ste92" type="15" sum="5"/>
<action no="3" player="Ankalaev" type="1" discard="1" dealt="1" sum="20"/>
<action no="4" player="M1ky3ste92" type="2" sum="40"/>
</round>
<round no="1"><cards type="Pocket" player="M1ky3ste92">DA S2</cards>
<cards type="Pocket" player="Ankalaev">X X</cards>
<action no="5" player="Ankalaev" type="0" discard="1" dealt="1" sum="0"/>
</round>
</game>
<game gamecode="6592989741"><general>
<startdate>2026-01-13 10:20:28</startdate>
<round>1</round>
<failsafecounter/>
<players><player seat="10" name="Ankalaev" chips="230" dealer="0" win="50" bet="45" muck="1" rebuy="0" addon="0" merge="0" rebuychips="0" reg_code="5088930947"/>
<player seat="6" name="M1ky3ste92" chips="1,270" dealer="1" win="0" bet="25" muck="1" rebuy="0" addon="0" merge="0" rebuychips="0" reg_code="5088930821"/>
</players>
</general>
<round no="0"><action no="1" player="M1ky3ste92" type="15" sum="5"/>
<action no="2" player="Ankalaev" type="15" discard="1" dealt="1" sum="5"/>
<action no="3" player="M1ky3ste92" type="1" sum="20"/>
<action no="4" player="Ankalaev" type="2" discard="1" dealt="1" sum="40"/>
</round>
<round no="1"><cards type="Pocket" player="M1ky3ste92">D8 H3</cards>
<cards type="Pocket" player="Ankalaev">X X</cards>
<action no="5" player="M1ky3ste92" type="0" sum="0"/>
</round>
</game>
<game gamecode="6592989755"><general>
<startdate>2026-01-13 10:20:34</startdate>
<round>1</round>
<failsafecounter/>
<players><player seat="6" name="M1ky3ste92" chips="1,245" dealer="0" win="510" bet="255" muck="0" rebuy="0" addon="0" merge="0" rebuychips="0" reg_code="5088930821"/>
<player seat="10" name="Ankalaev" chips="255" dealer="1" win="0" bet="255" muck="0" rebuy="0" addon="0" merge="0" rebuychips="0" reg_code="5088930947"/>
</players>
</general>
<round no="0"><action no="1" player="Ankalaev" type="15" discard="1" dealt="1" sum="5"/>
<action no="2" player="M1ky3ste92" type="15" sum="5"/>
<action no="3" player="Ankalaev" type="1" discard="1" dealt="1" sum="20"/>
<action no="4" player="M1ky3ste92" type="2" sum="40"/>
</round>
<round no="1"><cards type="Pocket" player="Ankalaev">H9 D8</cards>
<cards type="Pocket" player="M1ky3ste92">S9 HK</cards>
<action no="5" player="Ankalaev" type="23" discard="1" dealt="1" sum="250"/>
<action no="6" player="M1ky3ste92" type="3" sum="210"/>
</round>
<round no="2"><cards type="Flop">HJ DA H2</cards>
</round>
<round no="3"><cards type="Turn">H4</cards>
</round>
<round no="4"><cards type="River">CQ</cards>
</round>
</game>
</session>
