<?xml version="1.0" encoding="UTF-8"?>
<session sessioncode="5088321472">
<general>
<client_version>25.7.1.50</client_version>
<mode>real</mode>
<gametype>Holdem NL</gametype>
<tablename>Twister €100 SNG, 826148497</tablename>
<tournamentcode>826148496</tournamentcode>
<tournamentname>Twister €100 SNG</tournamentname>
<buyin>€0 + €7 + €93</buyin>
<totalbuyin>€100</totalbuyin>
<rewarddrawn>€300</rewarddrawn>
<tournamentcurrency>EUR</tournamentcurrency>
<currency>EUR</currency>
<nickname>M1ky3ste92</nickname>
<gamecount>27</gamecount>
<startdate>2026-01-11 03:59:01</startdate>
<place>2</place>
<win>€0</win>
<tablesize>3</tablesize>
</general>
<game gamecode="6590424416"><general>
<startdate>2026-01-11 03:59:17</startdate>
<round>1</round>
<failsafecounter/>
<players><player seat="6" name="Nantekotta" chips="500" dealer="0" win="0" bet="20" muck="1" rebuy="0" addon="0" merge="0" rebuychips="0" reg_code="5088321418"/>
<player seat="10" name="Cesare944" chips="500" dealer="1" win="0" bet="0" muck="1" rebuy="0" addon="0" merge="0" rebuychips="0" reg_code="5088321495"/>
<player seat="3" name="M1ky3ste92" chips="500" dealer="0" win="40" bet="40" muck="1" rebuy="0" addon="0" merge="0" rebuychips="0" reg_code="5088321472"/>
</players>
</general>
<round no="0"><action no="1" player="M1ky3ste92" type="1" sum="10"/>
<action no="2" player="Nantekotta" type="2" discard="1" dealt="1" sum="20"/>
</round>
<round no="1"><cards type="Pocket" player="M1ky3ste92">D7 CK</cards>
<cards type="Pocket" player="Cesare944">X X</cards>
<cards type="Pocket" player="Nantekotta">X X</cards>
<action no="3" player="Cesare944" type="0" discard="1" dealt="1" sum="0"/>
<action no="4" player="M1ky3ste92" type="23" sum="40"/>
<action no="5" player="Nantekotta" type="0" discard="1" dealt="1" sum="0"/>
</round>
</game>
<game gamecode="6590424451"><general>
<startdate>2026-01-11 03:59:29</startdate>
<round>1</round>
<failsafecounter/>
<players><player seat="10" name="Cesare944" chips="500" dealer="0" win="0" bet="20" muck="1" rebuy="0" addon="0" merge="0" rebuychips="0" reg_code="5088321495"/>
<player seat="3" name="M1ky3ste92" chips="520" dealer="1" win="0" bet="0" muck="1" rebuy="0" addon="0" merge="0" rebuychips="0" reg_code="5088321472"/>
<player seat="6" name="Nantekotta" chips="480" dealer="0" win="40" bet="40" muck="1" rebuy="0" addon="0" merge="0" rebuychips="0" reg_code="5088321418"/>
</players>
</general>
<round no="0"><action no="1" player="Nantekotta" type="1" discard="1" dealt="1" sum="10"/>
<action no="2" player="Cesare944" type="2" discard="1" dealt="1" sum="20"/>
</round>
<round no="1"><cards type="Pocket" player="M1ky3ste92">S8 CQ</cards>
<cards type="Pocket" player="Nantekotta">X X</cards>
<cards type="Pocket" player="Cesare944">X X</cards>
<action no="3" player="M1ky3ste92" type="0" sum="0"/>
<action no="4" player="Nantekotta" type="23" discard="1" dealt="1" sum="40"/>
<action no="5" player="Cesare944" type="0" discard="1" dealt="1" sum="0"/>
</round>
</game>
<game gamecode="6590424502"><general>
<startdate>2026-01-11 03:59:46</startdate>
<round>1</round>
<failsafecounter/>
<players><player seat="3" name="M1ky3ste92" chips="520" dealer="0" win="0" bet="132" muck="1" rebuy="0" addon="0" merge="0" rebuychips="0" reg_code="5088321472"/>
<player seat="6" name="Nantekotta" chips="500" dealer="1" win="0" bet="0" muck="1" rebuy="0" addon="0" merge="0" rebuychips="0" reg_code="5088321418"/>
<player seat="10" name="Cesare944" chips="480" dealer="0" win="264" bet="132" muck="0" rebuy="0" addon="0" merge="0" rebuychips="0" reg_code="5088321495"/>
</players>
</general>
<round no="0"><action no="1" player="Cesare944" type="1" discard="1" dealt="1" sum="10"/>
<action no="2" player="M1ky3ste92" type="2" sum="20"/>
</round>
<round no="1"><cards type="Pocket" player="Nantekotta">X X</cards>
<cards type="Pocket" player="Cesare944">D9 S10</cards>
<cards type="Pocket" player="M1ky3ste92">CA H9</cards>
<action no="3" player="Nantekotta" type="0" discard="1" dealt="1" sum="0"/>
<action no="4" player="Cesare944" type="23" discard="1" dealt="1" sum="40"/>
<action no="5" player="M1ky3ste92" type="3" sum="20"/>
</round>
<round no="2"><cards type="Flop">C6 H7 C10</cards>
<action no="6" player="Cesare944" type="5" discard="1" dealt="1" sum="26"/>
<action no="7" player="M1ky3ste92" type="3" sum="26"/>
</round>
<round no="3"><cards type="Turn">S9</cards>
<action no="8" player="Cesare944" type="5" discard="1" dealt="1" sum="66"/>
<action no="9" player="M1ky3ste92" type="3" sum="66"/>
</round>
<round no="4"><cards type="River">S7</cards>
<action no="10" player="Cesare944" type="4" discard="1" dealt="1" sum="0"/>
<action no="11" player="M1ky3ste92" type="4" sum="0"/>
</round>
</game>
<game gamecode="6590424628"><general>
<startdate>2026-01-11 04:00:25</startdate>
<round>1</round>
<failsafecounter/>
<players><player seat="6" name="Nantekotta" chips="500" dealer="0" win="150" bet="160" muck="1" rebuy="0" addon="0" merge="0" rebuychips="0" reg_code="5088321418"/>
<player seat="10" name="Cesare944" chips="612" dealer="1" win="0" bet="70" muck="1" rebuy="0" addon="0" merge="0" rebuychips="0" reg_code="5088321495"/>
<player seat="3" name="M1ky3ste92" chips="388" dealer="0" win="0" bet="10" muck="1" rebuy="0" addon="0" merge="0" rebuychips="0" reg_code="5088321472"/>
</players>
</general>
<round no="0"><action no="1" player="M1ky3ste92" type="1" sum="10"/>
<action no="2" player="Nantekotta" type="2" discard="1" dealt="1" sum="20"/>
</round>
<round no="1"><cards type="Pocket" player="Cesare944">X X</cards>
<cards type="Pocket" player="Nantekotta">X X</cards>
<cards type="Pocket" player="M1ky3ste92">H9 D8</cards>
<action no="3" player="Cesare944" type="23" discard="1" dealt="1" sum="40"/>
<action no="4" player="M1ky3ste92" type="0" sum="0"/>
<action no="5" player="Nantekotta" type="3" discard="1" dealt="1" sum="20"/>
</round>
<round no="2"><cards type="Flop">D9 C8 S3</cards>
<action no="6" player="Nantekotta" type="4" discard="1" dealt="1" sum="0"/>
<action no="7" player="Cesare944" type="5" discard="1" dealt="1" sum="30"/>
<action no="8" player="Nantekotta" type="23" discard="1" dealt="1" sum="120"/>
<action no="9" player="Cesare944" type="0" discard="1" dealt="1" sum="0"/>
</round>
</game>
<game gamecode="6590424740"><general>
<startdate>2026-01-11 04:00:58</startdate>
<round>1</round>
<failsafecounter/>
<players><player seat="10" name="Cesare944" chips="542" dealer="0" win="0" bet="35" muck="1" rebuy="0" addon="0" merge="0" rebuychips="0" reg_code="5088321495"/>
<player seat="3" name="M1ky3ste92" chips="378" dealer="1" win="0" bet="5" muck="1" rebuy="0" addon="0" merge="0" rebuychips="0" reg_code="5088321472"/>
<player seat="6" name="Nantekotta" chips="580" dealer="0" win="75" bet="580" muck="1" rebuy="0" addon="0" merge="0" rebuychips="0" reg_code="5088321418"/>
</players>
</general>
<round no="0"><action no="1" player="Nantekotta" type="15" discard="1" dealt="1" sum="5"/>
<action no="2" player="Cesare944" type="15" discard="1" dealt="1" sum="5"/>
<action no="3" player="M1ky3ste92" type="15" sum="5"/>
<action no="4" player="Nantekotta" type="1" discard="1" dealt="1" sum="15"/>
<action no="5" player="Cesare944" type="2" discard="1" dealt="1" sum="30"/>
</round>
<round no="1"><cards type="Pocket" player="Cesare944">X X</cards>
<cards type="Pocket" player="Nantekotta">X X</cards>
<cards type="Pocket" player="M1ky3ste92">HK D7</cards>
<action no="6" player="M1ky3ste92" type="0" sum="0"/>
<action no="7" player="Nantekotta" type="23" discard="1" dealt="1" sum="575"/>
<action no="8" player="Cesare944" type="0" discard="1" dealt="1" sum="0"/>
</round>
</game>
<game gamecode="6590424805"><general>
<startdate>2026-01-11 04:01:18</startdate>
<round>1</round>
<failsafecounter/>
<players><player seat="3" name="M1ky3ste92" chips="373" dealer="0" win="0" bet="35" muck="1" rebuy="0" addon="0" merge="0" rebuychips="0" reg_code="5088321472"/>
<player seat="6" name="Nantekotta" chips="620" dealer="1" win="90" bet="620" muck="1" rebuy="0" addon="0" merge="0" rebuychips="0" reg_code="5088321418"/>
<player seat="10" name="Cesare944" chips="507" dealer="0" win="0" bet="20" muck="1" rebuy="0" addon="0" merge="0" rebuychips="0" reg_code="5088321495"/>
</players>
</general>
<round no="0"><action no="1" player="Cesare944" type="15" discard="1" dealt="1" sum="5"/>
<action no="2" player="M1ky3ste92" type="15" sum="5"/>
<action no="3" player="Nantekotta" type="15" discard="1" dealt="1" sum="5"/>
<action no="4" player="Cesare944" type="1" discard="1" dealt="1" sum="15"/>
<action no="5" player="M1ky3ste92" type="2" sum="30"/>
</round>
<round no="1"><cards type="Pocket" player="M1ky3ste92">S8 H7</cards>
<cards type="Pocket" player="Cesare944">X X</cards>
<cards type="Pocket" player="Nantekotta">X X</cards>
<action no="6" player="Nantekotta" type="23" discard="1" dealt="1" sum="615"/>
<action no="7" player="Cesare944" type="0" discard="1" dealt="1" sum="0"/>
<action no="8" player="M1ky3ste92" type="0" sum="0"/>
</round>
</game>
<game gamecode="6590424882"><general>
<startdate>2026-01-11 04:01:40</startdate>
<round>1</round>
<failsafecounter/>
<players><player seat="6" name="Nantekotta" chips="675" dealer="0" win="45" bet="35" muck="1" rebuy="0" addon="0" merge="0" rebuychips="0" reg_code="5088321418"/>
<player seat="10" name="Cesare944" chips="487" dealer="1" win="0" bet="5" muck="1" rebuy="0" addon="0" merge="0" rebuychips="0" reg_code="5088321495"/>
<player seat="3" name="M1ky3ste92" chips="338" dealer="0" win="0" bet="20" muck="1" rebuy="0" addon="0" merge="0" rebuychips="0" reg_code="5088321472"/>
</players>
</general>
<round no="0"><action no="1" player="M1ky3ste92" type="15" sum="5"/>
<action no="2" player="Nantekotta" type="15" discard="1" dealt="1" sum="5"/>
<action no="3" player="Cesare944" type="15" discard="1" dealt="1" sum="5"/>
<action no="4" player="M1ky3ste92" type="1" sum="15"/>
<action no="5" player="Nantekotta" type="2" discard="1" dealt="1" sum="30"/>
</round>
<round no="1"><cards type="Pocket" player="Nantekotta">X X</cards>
<cards type="Pocket" player="Cesare944">X X</cards>
<cards type="Pocket" player="M1ky3ste92">C9 H10</cards>
<action no="6" player="Cesare944" type="0" discard="1" dealt="1" sum="0"/>
<action no="7" player="M1ky3ste92" type="0" sum="0"/>
</round>
</game>
<game gamecode="6590424916"><general>
<startdate>2026-01-11 04:01:53</startdate>
<round>1</round>
<failsafecounter/>
<players><player seat="10" name="Cesare944" chips="482" dealer="0" win="0" bet="482" muck="0" rebuy="0" addon="0" merge="0" rebuychips="0" reg_code="5088321495"/>
<player seat="3" name="M1ky3ste92" chips="318" dealer="1" win="656" bet="318" muck="0" rebuy="0" addon="0" merge="0" rebuychips="0" reg_code="5088321472"/>
<player seat="6" name="Nantekotta" chips="700" dealer="0" win="0" bet="20" muck="1" rebuy="0" addon="0" merge="0" rebuychips="0" reg_code="5088321418"/>
</players>
</general>
<round no="0"><action no="1" player="Nantekotta" type="15" discard="1" dealt="1" sum="5"/>
<action no="2" player="Cesare944" type="15" discard="1" dealt="1" sum="5"/>
<action no="3" player="M1ky3ste92" type="15" sum="5"/>
<action no="4" player="Nantekotta" type="1" discard="1" dealt="1" sum="15"/>
<action no="5" player="Cesare944" type="2" discard="1" dealt="1" sum="30"/>
</round>
<round no="1"><cards type="Pocket" player="Nantekotta">X X</cards>
<cards type="Pocket" player="Cesare944">H10 SQ</cards>
<cards type="Pocket" player="M1ky3ste92">SJ CJ</cards>
<action no="6" player="M1ky3ste92" type="23" sum="60"/>
<action no="7" player="Nantekotta" type="0" discard="1" dealt="1" sum="0"/>
<action no="8" player="Cesare944" type="3" discard="1" dealt="1" sum="30"/>
</round>
<round no="2"><cards type="Flop">H3 S7 D10</cards>
<action no="9" player="Cesare944" type="4" discard="1" dealt="1" sum="0"/>
<action no="10" player="M1ky3ste92" type="5" sum="30"/>
<action no="11" player="Cesare944" type="23" discard="1" dealt="1" sum="417"/>
<action no="12" player="M1ky3ste92" type="7" sum="223"/>
</round>
<round no="3"><cards type="Turn">HA</cards>
</round>
<round no="4"><cards type="River">S9</cards>
</round>
</game>
<game gamecode="6590427774"><general>
<startdate>2026-01-11 04:02:31</startdate>
<round>1</round>
<failsafecounter/>
<players><player seat="3" name="M1ky3ste92" chips="656" dealer="0" win="0" bet="125" muck="1" rebuy="0" addon="0" merge="0" rebuychips="0" reg_code="5088321472"/>
<player seat="6" name="Nantekotta" chips="680" dealer="1" win="270" bet="314" muck="1" rebuy="0" addon="0" merge="0" rebuychips="0" reg_code="5088321418"/>
<player seat="10" name="Cesare944" chips="164" dealer="0" win="0" bet="20" muck="1" rebuy="0" addon="0" merge="0" rebuychips="0" reg_code="5088321495"/>
</players>
</general>
<round no="0"><action no="1" player="Cesare944" type="15" discard="1" dealt="1" sum="5"/>
<action no="2" player="M1ky3ste92" type="15" sum="5"/>
<action no="3" player="Nantekotta" type="15" discard="1" dealt="1" sum="5"/>
<action no="4" player="Cesare944" type="1" discard="1" dealt="1" sum="15"/>
<action no="5" player="M1ky3ste92" type="2" sum="30"/>
</round>
<round no="1"><cards type="Pocket" player="Nantekotta">X X</cards>
<cards type="Pocket" player="M1ky3ste92">HQ C8</cards>
<cards type="Pocket" player="Cesare944">X X</cards>
<action no="6" player="Nantekotta" type="23" discard="1" dealt="1" sum="60"/>
<action no="7" player="Cesare944" type="0" discard="1" dealt="1" sum="0"/>
<action no="8" player="M1ky3ste92" type="3" sum="30"/>
</round>
<round no="2"><cards type="Flop">C5 D5 H7</cards>
<action no="9" player="M1ky3ste92" type="4" sum="0"/>
<action no="10" player="Nantekotta" type="5" discard="1" dealt="1" sum="60"/>
<action no="11" player="M1ky3ste92" type="3" sum="60"/>
</round>
<round no="3"><cards type="Turn">S7</cards>
<action no="12" player="M1ky3ste92" type="4" sum="0"/>
<action no="13" player="Nantekotta" type="5" discard="1" dealt="1" sum="189"/>
<action no="14" player="M1ky3ste92" type="0" sum="0"/>
</round>
</game>
<game gamecode="6590427915"><general>
<startdate>2026-01-11 04:03:15</startdate>
<round>1</round>
<failsafecounter/>
<players><player seat="6" name="Nantekotta" chips="825" dealer="0" win="0" bet="45" muck="1" rebuy="0" addon="0" merge="0" rebuychips="0" reg_code="5088321418"/>
<player seat="10" name="Cesare944" chips="144" dealer="1" win="0" bet="5" muck="1" rebuy="0" addon="0" merge="0" rebuychips="0" reg_code="5088321495"/>
<player seat="3" name="M1ky3ste92" chips="531" dealer="0" win="95" bet="531" muck="1" rebuy="0" addon="0" merge="0" rebuychips="0" reg_code="5088321472"/>
</players>
</general>
<round no="0"><action no="1" player="M1ky3ste92" type="15" sum="5"/>
<action no="2" player="Nantekotta" type="15" discard="1" dealt="1" sum="5"/>
<action no="3" player="Cesare944" type="15" discard="1" dealt="1" sum="5"/>
<action no="4" player="M1ky3ste92" type="1" sum="20"/>
<action no="5" player="Nantekotta" type="2" discard="1" dealt="1" sum="40"/>
</round>
<round no="1"><cards type="Pocket" player="M1ky3ste92">SA H2</cards>
<cards type="Pocket" player="Nantekotta">X X</cards>
<cards type="Pocket" player="Cesare944">X X</cards>
<action no="6" player="Cesare944" type="0" discard="1" dealt="1" sum="0"/>
<action no="7" player="M1ky3ste92" type="23" sum="526"/>
<action no="8" player="Nantekotta" type="0" discard="1" dealt="1" sum="0"/>
</round>
</game>
<game gamecode="6590427973"><general>
<startdate>2026-01-11 04:03:32</startdate>
<round>1</round>
<failsafecounter/>
<players><player seat="10" name="Cesare944" chips="139" dealer="0" win="0" bet="139" muck="0" rebuy="0" addon="0" merge="0" rebuychips="0" reg_code="5088321495"/>
<player seat="3" name="M1ky3ste92" chips="581" dealer="1" win="303" bet="139" muck="0" rebuy="0" addon="0" merge="0" rebuychips="0" reg_code="5088321472"/>
<player seat="6" name="Nantekotta" chips="780" dealer="0" win="0" bet="25" muck="1" rebuy="0" addon="0" merge="0" rebuychips="0" reg_code="5088321418"/>
</players>
</general>
<round no="0"><action no="1" player="Nantekotta" type="15" discard="1" dealt="1" sum="5"/>
<action no="2" player="Cesare944" type="15" discard="1" dealt="1" sum="5"/>
<action no="3" player="M1ky3ste92" type="15" sum="5"/>
<action no="4" player="Nantekotta" type="1" discard="1" dealt="1" sum="20"/>
<action no="5" player="Cesare944" type="2" discard="1" dealt="1" sum="40"/>
</round>
<round no="1"><cards type="Pocket" player="Nantekotta">X X</cards>
<cards type="Pocket" player="Cesare944">S2 HK</cards>
<cards type="Pocket" player="M1ky3ste92">CJ C10</cards>
<action no="6" player="M1ky3ste92" type="23" sum="80"/>
<action no="7" player="Nantekotta" type="0" discard="1" dealt="1" sum="0"/>
<action no="8" player="Cesare944" type="23" discard="1" dealt="1" sum="134"/>
<action no="9" player="M1ky3ste92" type="3" sum="54"/>
</round>
<round no="2"><cards type="Flop">D3 SA S5</cards>
</round>
<round no="3"><cards type="Turn">H5</cards>
</round>
<round no="4"><cards type="River">HJ</cards>
</round>
</game>
<game gamecode="6590428046"><general>
<startdate>2026-01-11 04:03:54</startdate>
<round>1</round>
<failsafecounter/>
<players><player seat="3" name="M1ky3ste92" chips="745" dealer="0" win="0" bet="205" muck="1" rebuy="0" addon="0" merge="0" rebuychips="0" reg_code="5088321472"/>
<player seat="6" name="Nantekotta" chips="755" dealer="1" win="410" bet="755" muck="1" rebuy="0" addon="0" merge="0" rebuychips="0" reg_code="5088321418"/>
</players>
</general>
<round no="0"><action no="1" player="Nantekotta" type="15" discard="1" dealt="1" sum="5"/>
<action no="2" player="M1ky3ste92" type="15" sum="5"/>
<action no="3" player="Nantekotta" type="1" discard="1" dealt="1" sum="20"/>
<action no="4" player="M1ky3ste92" type="2" sum="40"/>
</round>
<round no="1"><cards type="Pocket" player="Nantekotta">X X</cards>
<cards type="Pocket" player="M1ky3ste92">D8 C6</cards>
<action no="5" player="Nantekotta" type="23" discard="1" dealt="1" sum="80"/>
<action no="6" player="M1ky3ste92" type="3" sum="40"/>
</round>
<round no="2"><cards type="Flop">CQ S5 HJ</cards>
<action no="7" player="M1ky3ste92" type="4" sum="0"/>
<action no="8" player="Nantekotta" type="4" discard="1" dealt="1" sum="0"/>
</round>
<round no="3"><cards type="Turn">D3</cards>
<action no="9" player="M1ky3ste92" type="5" sum="120"/>
<action no="10" player="Nantekotta" type="3" discard="1" dealt="1" sum="120"/>
</round>
<round no="4"><cards type="River">D7</cards>
<action no="11" player="M1ky3ste92" type="4" sum="0"/>
<action no="12" player="Nantekotta" type="5" discard="1" dealt="1" sum="550"/>
<action no="13" player="M1ky3ste92" type="0" sum="0"/>
</round>
</game>
<game gamecode="6590428145"><general>
<startdate>2026-01-11 04:04:26</startdate>
<round>1</round>
<failsafecounter/>
<players><player seat="6" name="Nantekotta" chips="960" dealer="0" win="0" bet="540" muck="1" rebuy="0" addon="0" merge="0" rebuychips="0" reg_code="5088321418"/>
<player seat="3" name="M1ky3ste92" chips="540" dealer="1" win="1,080" bet="540" muck="0" rebuy="0" addon="0" merge="0" rebuychips="0" reg_code="5088321472"/>
</players>
</general>
<round no="0"><action no="1" player="M1ky3ste92" type="15" sum="5"/>
<action no="2" player="Nantekotta" type="15" discard="1" dealt="1" sum="5"/>
<action no="3" player="M1ky3ste92" type="1" sum="30"/>
<action no="4" player="Nantekotta" type="2" discard="1" dealt="1" sum="60"/>
</round>
<round no="1"><cards type="Pocket" player="Nantekotta">HA H7</cards>
<cards type="Pocket" player="M1ky3ste92">D2 S2</cards>
<action no="5" player="M1ky3ste92" type="23" sum="535"/>
<action no="6" player="Nantekotta" type="3" discard="1" dealt="1" sum="475"/>
</round>
<round no="2"><cards type="Flop">D3 D9 S8</cards>
</round>
<round no="3"><cards type="Turn">D7</cards>
</round>
<round no="4"><cards type="River">DJ</cards>
</round>
</game>
<game gamecode="6590428198"><general>
<startdate>2026-01-11 04:04:45</startdate>
<round>1</round>
<failsafecounter/>
<players><player seat="3" name="M1ky3ste92" chips="1,080" dealer="0" win="0" bet="65" muck="1" rebuy="0" addon="0" merge="0" rebuychips="0" reg_code="5088321472"/>
<player seat="6" name="Nantekotta" chips="420" dealer="1" win="130" bet="420" muck="1" rebuy="0" addon="0" merge="0" rebuychips="0" reg_code="5088321418"/>
</players>
</general>
<round no="0"><action no="1" player="Nantekotta" type="15" discard="1" dealt="1" sum="5"/>
<action no="2" player="M1ky3ste92" type="15" sum="5"/>
<action no="3" player="Nantekotta" type="1" discard="1" dealt="1" sum="30"/>
<action no="4" player="M1ky3ste92" type="2" sum="60"/>
</round>
<round no="1"><cards type="Pocket" player="M1ky3ste92">D10 S9</cards>
<cards type="Pocket" player="Nantekotta">X X</cards>
<action no="5" player="Nantekotta" type="23" discard="1" dealt="1" sum="415"/>
<action no="6" player="M1ky3ste92" type="0" sum="0"/>
</round>
</game>
<game gamecode="6590428243"><general>
<startdate>2026-01-11 04:04:58</startdate>
<round>1</round>
<failsafecounter/>
<players><player seat="6" name="Nantekotta" chips="485" dealer="0" win="130" bet="485" muck="1" rebuy="0" addon="0" merge="0" rebuychips="0" reg_code="5088321418"/>
<player seat="3" name="M1ky3ste92" chips="1,015" dealer="1" win="0" bet="65" muck="1" rebuy="0" addon="0" merge="0" rebuychips="0" reg_code="5088321472"/>
</players>
</general>
<round no="0"><action no="1" player="M1ky3ste92" type="15" sum="5"/>
<action no="2" player="Nantekotta" type="15" discard="1" dealt="1" sum="5"/>
<action no="3" player="M1ky3ste92" type="1" sum="30"/>
<action no="4" player="Nantekotta" type="2" discard="1" dealt="1" sum="60"/>
</round>
<round no="1"><cards type="Pocket" player="M1ky3ste92">C6 D7</cards>
<cards type="Pocket" player="Nantekotta">X X</cards>
<action no="5" player="M1ky3ste92" type="3" sum="30"/>
<action no="6" player="Nantekotta" type="23" discard="1" dealt="1" sum="480"/>
<action no="7" player="M1ky3ste92" type="0" sum="0"/>
</round>
</game>
<game gamecode="6590428284"><general>
<startdate>2026-01-11 04:05:15</startdate>
<round>1</round>
<failsafecounter/>
<players><player seat="3" name="M1ky3ste92" chips="950" dealer="0" win="70" bet="65" muck="1" rebuy="0" addon="0" merge="0" rebuychips="0" reg_code="5088321472"/>
<player seat="6" name="Nantekotta" chips="550" dealer="1" win="0" bet="35" muck="1" rebuy="0" addon="0" merge="0" rebuychips="0" reg_code="5088321418"/>
</players>
</general>
<round no="0"><action no="1" player="Nantekotta" type="15" discard="1" dealt="1" sum="5"/>
<action no="2" player="M1ky3ste92" type="15" sum="5"/>
<action no="3" player="Nantekotta" type="1" discard="1" dealt="1" sum="30"/>
<action no="4" player="M1ky3ste92" type="2" sum="60"/>
</round>
<round no="1"><cards type="Pocket" player="M1ky3ste92">SQ DA</cards>
<cards type="Pocket" player="Nantekotta">X X</cards>
<action no="5" player="Nantekotta" type="0" discard="1" dealt="1" sum="0"/>
</round>
</game>
<game gamecode="6590428309"><general>
<startdate>2026-01-11 04:05:22</startdate>
<round>1</round>
<failsafecounter/>
<players><player seat="6" name="Nantekotta" chips="515" dealer="0" win="310" bet="275" muck="1" rebuy="0" addon="0" merge="0" rebuychips="0" reg_code="5088321418"/>
<player seat="3" name="M1ky3ste92" chips="985" dealer="1" win="0" bet="155" muck="1" rebuy="0" addon="0" merge="0" rebuychips="0" reg_code="5088321472"/>
</players>
</general>
<round no="0"><action no="1" player="M1ky3ste92" type="15" sum="5"/>
<action no="2" player="Nantekotta" type="15" discard="1" dealt="1" sum="5"/>
<action no="3" player="M1ky3ste92" type="1" sum="30"/>
<action no="4" player="Nantekotta" type="2" discard="1" dealt="1" sum="60"/>
</round>
<round no="1"><cards type="Pocket" player="Nantekotta">X X</cards>
<cards type="Pocket" player="M1ky3ste92">H6 HJ</cards>
<action no="5" player="M1ky3ste92" type="3" sum="30"/>
<action no="6" player="Nantekotta" type="23" discard="1" dealt="1" sum="150"/>
<action no="7" player="M1ky3ste92" type="3" sum="90"/>
</round>
<round no="2"><cards type="Flop">CA C2 S3</cards>
<action no="8" player="Nantekotta" type="5" discard="1" dealt="1" sum="120"/>
<action no="9" player="M1ky3ste92" type="0" sum="0"/>
</round>
</game>
<game gamecode="6590428395"><general>
<startdate>2026-01-11 04:05:51</startdate>
<round>1</round>
<failsafecounter/>
<players><player seat="3" name="M1ky3ste92" chips="830" dealer="0" win="0" bet="65" muck="1" rebuy="0" addon="0" merge="0" rebuychips="0" reg_code="5088321472"/>
<player seat="6" name="Nantekotta" chips="670" dealer="1" win="130" bet="65" muck="0" rebuy="0" addon="0" merge="0" rebuychips="0" reg_code="5088321418"/>
</players>
</general>
<round no="0"><action no="1" player="Nantekotta" type="15" discard="1" dealt="1" sum="5"/>
<action no="2" player="M1ky3ste92" type="15" sum="5"/>
<action no="3" player="Nantekotta" type="1" discard="1" dealt="1" sum="30"/>
<action no="4" player="M1ky3ste92" type="2" sum="60"/>
</round>
<round no="1"><cards type="Pocket" player="Nantekotta">D10 HQ</cards>
<cards type="Pocket" player="M1ky3ste92">H6 S10</cards>
<action no="5" player="Nantekotta" type="3" discard="1" dealt="1" sum="30"/>
<action no="6" player="M1ky3ste92" type="4" sum="0"/>
</round>
<round no="2"><cards type="Flop">H2 HA CA</cards>
<action no="7" player="M1ky3ste92" type="4" sum="0"/>
<action no="8" player="Nantekotta" type="4" discard="1" dealt="1" sum="0"/>
</round>
<round no="3"><cards type="Turn">C3</cards>
<action no="9" player="M1ky3ste92" type="4" sum="0"/>
<action no="10" player="Nantekotta" type="4" discard="1" dealt="1" sum="0"/>
</round>
<round no="4"><cards type="River">H9</cards>
<action no="11" player="M1ky3ste92" type="4" sum="0"/>
<action no="12" player="Nantekotta" type="4" discard="1" dealt="1" sum="0"/>
</round>
</game>
<game gamecode="6590428462"><general>
<startdate>2026-01-11 04:06:16</startdate>
<round>1</round>
<failsafecounter/>
<players><player seat="6" name="Nantekotta" chips="735" dealer="0" win="96" bet="88" muck="1" rebuy="0" addon="0" merge="0" rebuychips="0" reg_code="5088321418"/>
<player seat="3" name="M1ky3ste92" chips="765" dealer="1" win="0" bet="48" muck="1" rebuy="0" addon="0" merge="0" rebuychips="0" reg_code="5088321472"/>
</players>
</general>
<round no="0"><action no="1" player="M1ky3ste92" type="15" sum="8"/>
<action no="2" player="Nantekotta" type="15" discard="1" dealt="1" sum="8"/>
<action no="3" player="M1ky3ste92" type="1" sum="40"/>
<action no="4" player="Nantekotta" type="2" discard="1" dealt="1" sum="80"/>
</round>
<round no="1"><cards type="Pocket" player="M1ky3ste92">S8 H4</cards>
<cards type="Pocket" player="Nantekotta">X X</cards>
<action no="5" player="M1ky3ste92" type="0" sum="0"/>
</round>
</game>
<game gamecode="6590428496"><general>
<startdate>2026-01-11 04:06:27</startdate>
<round>1</round>
<failsafecounter/>
<players><player seat="3" name="M1ky3ste92" chips="717" dealer="0" win="0" bet="88" muck="1" rebuy="0" addon="0" merge="0" rebuychips="0" reg_code="5088321472"/>
<player seat="6" name="Nantekotta" chips="783" dealer="1" win="176" bet="783" muck="1" rebuy="0" addon="0" merge="0" rebuychips="0" reg_code="5088321418"/>
</players>
</general>
<round no="0"><action no="1" player="Nantekotta" type="15" discard="1" dealt="1" sum="8"/>
<action no="2" player="M1ky3ste92" type="15" sum="8"/>
<action no="3" player="Nantekotta" type="1" discard="1" dealt="1" sum="40"/>
<action no="4" player="M1ky3ste92" type="2" sum="80"/>
</round>
<round no="1"><cards type="Pocket" player="Nantekotta">X X</cards>
<cards type="Pocket" player="M1ky3ste92">D5 SJ</cards>
<action no="5" player="Nantekotta" type="23" discard="1" dealt="1" sum="775"/>
<action no="6" player="M1ky3ste92" type="0" sum="0"/>
</round>
</game>
<game gamecode="6590428538"><general>
<startdate>2026-01-11 04:06:42</startdate>
<round>1</round>
<failsafecounter/>
<players><player seat="6" name="Nantekotta" chips="871" dealer="0" win="0" bet="88" muck="1" rebuy="0" addon="0" merge="0" rebuychips="0" reg_code="5088321418"/>
<player seat="3" name="M1ky3ste92" chips="629" dealer="1" win="176" bet="168" muck="1" rebuy="0" addon="0" merge="0" rebuychips="0" reg_code="5088321472"/>
</players>
</general>
<round no="0"><action no="1" player="M1ky3ste92" type="15" sum="8"/>
<action no="2" player="Nantekotta" type="15" discard="1" dealt="1" sum="8"/>
<action no="3" player="M1ky3ste92" type="1" sum="40"/>
<action no="4" player="Nantekotta" type="2" discard="1" dealt="1" sum="80"/>
</round>
<round no="1"><cards type="Pocket" player="M1ky3ste92">CJ SJ</cards>
<cards type="Pocket" player="Nantekotta">X X</cards>
<action no="5" player="M1ky3ste92" type="3" sum="40"/>
<action no="6" player="Nantekotta" type="4" discard="1" dealt="1" sum="0"/>
</round>
<round no="2"><cards type="Flop">C9 CK H7</cards>
<action no="7" player="Nantekotta" type="4" discard="1" dealt="1" sum="0"/>
<action no="8" player="M1ky3ste92" type="5" sum="80"/>
<action no="9" player="Nantekotta" type="0" discard="1" dealt="1" sum="0"/>
</round>
</game>
<game gamecode="6590428582"><general>
<startdate>2026-01-11 04:06:59</startdate>
<round>1</round>
<failsafecounter/>
<players><player seat="3" name="M1ky3ste92" chips="717" dealer="0" win="0" bet="168" muck="1" rebuy="0" addon="0" merge="0" rebuychips="0" reg_code="5088321472"/>
<player seat="6" name="Nantekotta" chips="783" dealer="1" win="336" bet="328" muck="1" rebuy="0" addon="0" merge="0" rebuychips="0" reg_code="5088321418"/>
</players>
</general>
<round no="0"><action no="1" player="Nantekotta" type="15" discard="1" dealt="1" sum="8"/>
<action no="2" player="M1ky3ste92" type="15" sum="8"/>
<action no="3" player="Nantekotta" type="1" discard="1" dealt="1" sum="40"/>
<action no="4" player="M1ky3ste92" type="2" sum="80"/>
</round>
<round no="1"><cards type="Pocket" player="Nantekotta">X X</cards>
<cards type="Pocket" player="M1ky3ste92">DK D7</cards>
<action no="5" player="Nantekotta" type="3" discard="1" dealt="1" sum="40"/>
<action no="6" player="M1ky3ste92" type="4" sum="0"/>
</round>
<round no="2"><cards type="Flop">C5 H8 SJ</cards>
<action no="7" player="M1ky3ste92" type="4" sum="0"/>
<action no="8" player="Nantekotta" type="5" discard="1" dealt="1" sum="80"/>
<action no="9" player="M1ky3ste92" type="3" sum="80"/>
</round>
<round no="3"><cards type="Turn">SA</cards>
<action no="10" player="M1ky3ste92" type="4" sum="0"/>
<action no="11" player="Nantekotta" type="5" discard="1" dealt="1" sum="160"/>
<action no="12" player="M1ky3ste92" type="0" sum="0"/>
</round>
</game>
<game gamecode="6590428649"><general>
<startdate>2026-01-11 04:07:23</startdate>
<round>1</round>
<failsafecounter/>
<players><player seat="6" name="Nantekotta" chips="951" dealer="0" win="176" bet="951" muck="1" rebuy="0" addon="0" merge="0" rebuychips="0" reg_code="5088321418"/>
<player seat="3" name="M1ky3ste92" chips="549" dealer="1" win="0" bet="88" muck="1" rebuy="0" addon="0" merge="0" rebuychips="0" reg_code="5088321472"/>
</players>
</general>
<round no="0"><action no="1" player="M1ky3ste92" type="15" sum="8"/>
<action no="2" player="Nantekotta" type="15" discard="1" dealt="1" sum="8"/>
<action no="3" player="M1ky3ste92" type="1" sum="40"/>
<action no="4" player="Nantekotta" type="2" discard="1" dealt="1" sum="80"/>
</round>
<round no="1"><cards type="Pocket" player="M1ky3ste92">H9 C8</cards>
<cards type="Pocket" player="Nantekotta">X X</cards>
<action no="5" player="M1ky3ste92" type="3" sum="40"/>
<action no="6" player="Nantekotta" type="23" discard="1" dealt="1" sum="943"/>
<action no="7" player="M1ky3ste92" type="0" sum="0"/>
</round>
</game>
<game gamecode="6590428705"><general>
<startdate>2026-01-11 04:07:38</startdate>
<round>1</round>
<failsafecounter/>
<players><player seat="3" name="M1ky3ste92" chips="461" dealer="0" win="0" bet="110" muck="1" rebuy="0" addon="0" merge="0" rebuychips="0" reg_code="5088321472"/>
<player seat="6" name="Nantekotta" chips="1,039" dealer="1" win="220" bet="1,039" muck="1" rebuy="0" addon="0" merge="0" rebuychips="0" reg_code="5088321418"/>
</players>
</general>
<round no="0"><action no="1" player="Nantekotta" type="15" discard="1" dealt="1" sum="10"/>
<action no="2" player="M1ky3ste92" type="15" sum="10"/>
<action no="3" player="Nantekotta" type="1" discard="1" dealt="1" sum="50"/>
<action no="4" player="M1ky3ste92" type="2" sum="100"/>
</round>
<round no="1"><cards type="Pocket" player="M1ky3ste92">H4 C10</cards>
<cards type="Pocket" player="Nantekotta">X X</cards>
<action no="5" player="Nantekotta" type="23" discard="1" dealt="1" sum="1,029"/>
<action no="6" player="M1ky3ste92" type="0" sum="0"/>
</round>
</game>
<game gamecode="6590428754"><general>
<startdate>2026-01-11 04:07:51</startdate>
<round>1</round>
<failsafecounter/>
<players><player seat="6" name="Nantekotta" chips="1,149" dealer="0" win="0" bet="110" muck="1" rebuy="0" addon="0" merge="0" rebuychips="0" reg_code="5088321418"/>
<player seat="3" name="M1ky3ste92" chips="351" dealer="1" win="220" bet="351" muck="1" rebuy="0" addon="0" merge="0" rebuychips="0" reg_code="5088321472"/>
</players>
</general>
<round no="0"><action no="1" player="M1ky3ste92" type="15" sum="10"/>
<action no="2" player="Nantekotta" type="15" discard="1" dealt="1" sum="10"/>
<action no="3" player="M1ky3ste92" type="1" sum="50"/>
<action no="4" player="Nantekotta" type="2" discard="1" dealt="1" sum="100"/>
</round>
<round no="1"><cards type="Pocket" player="M1ky3ste92">D9 S6</cards>
<cards type="Pocket" player="Nantekotta">X X</cards>
<action no="5" player="M1ky3ste92" type="23" sum="341"/>
<action no="6" player="Nantekotta" type="0" discard="1" dealt="1" sum="0"/>
</round>
</game>
<game gamecode="6590428793"><general>
<startdate>2026-01-11 04:08:05</startdate>
<round>1</round>
<failsafecounter/>
<players><player seat="3" name="M1ky3ste92" chips="461" dealer="0" win="0" bet="110" muck="1" rebuy="0" addon="0" merge="0" rebuychips="0" reg_code="5088321472"/>
<player seat="6" name="Nantekotta" chips="1,039" dealer="1" win="220" bet="1,039" muck="1" rebuy="0" addon="0" merge="0" rebuychips="0" reg_code="5088321418"/>
</players>
</general>
<round no="0"><action no="1" player="Nantekotta" type="15" discard="1" dealt="1" sum="10"/>
<action no="2" player="M1ky3ste92" type="15" sum="10"/>
<action no="3" player="Nantekotta" type="1" discard="1" dealt="1" sum="50"/>
<action no="4" player="M1ky3ste92" type="2" sum="100"/>
</round>
<round no="1"><cards type="Pocket" player="Nantekotta">X X</cards>
<cards type="Pocket" player="M1ky3ste92">C9 H4</cards>
<action no="5" player="Nantekotta" type="23" discard="1" dealt="1" sum="1,029"/>
<action no="6" player="M1ky3ste92" type="0" sum="0"/>
</round>
</game>
<game gamecode="6590428827"><general>
<startdate>2026-01-11 04:08:17</startdate>
<round>1</round>
<failsafecounter/>
<players><player seat="6" name="Nantekotta" chips="1,149" dealer="0" win="702" bet="351" muck="0" rebuy="0" addon="0" merge="0" rebuychips="0" reg_code="5088321418"/>
<player seat="3" name="M1ky3ste92" chips="351" dealer="1" win="0" bet="351" muck="0" rebuy="0" addon="0" merge="0" rebuychips="0" reg_code="5088321472"/>
</players>
</general>
<round no="0"><action no="1" player="M1ky3ste92" type="15" sum="10"/>
<action no="2" player="Nantekotta" type="15" discard="1" dealt="1" sum="10"/>
<action no="3" player="M1ky3ste92" type="1" sum="50"/>
<action no="4" player="Nantekotta" type="2" discard="1" dealt="1" sum="100"/>
</round>
<round no="1"><cards type="Pocket" player="Nantekotta">S3 CJ</cards>
<cards type="Pocket" player="M1ky3ste92">H5 C7</cards>
<action no="5" player="M1ky3ste92" type="23" sum="341"/>
<action no="6" player="Nantekotta" type="3" discard="1" dealt="1" sum="241"/>
</round>
<round no="2"><cards type="Flop">SJ HQ H3</cards>
</round>
<round no="3"><cards type="Turn">SA</cards>
</round>
<round no="4"><cards type="River">S7</cards>
</round>
</game>
</session>
