<?xml version="1.0" encoding="UTF-8"?>
<session sessioncode="5088920957">
<general>
<client_version>24.7.1.18</client_version>
<mode>real</mode>
<gametype>Holdem NL</gametype>
<tablename>Twister €100 SNG, 826332260</tablename>
<tournamentcode>826332259</tournamentcode>
<tournamentname>Twister €100 SNG</tournamentname>
<buyin>€0 + €7 + €93</buyin>
<totalbuyin>€100</totalbuyin>
<rewarddrawn>€300</rewarddrawn>
<tournamentcurrency>EUR</tournamentcurrency>
<currency>EUR</currency>
<nickname>M1ky3ste92</nickname>
<gamecount>4</gamecount>
<startdate>2026-01-13 08:27:04</startdate>
<place>3</place>
<win>€0</win>
<tablesize>3</tablesize>
</general>
<game gamecode="6592944736"><general>
<startdate>2026-01-13 08:27:19</startdate>
<round>1</round>
<failsafecounter/>
<players><player seat="10" name="M1ky3ste92" chips="500" dealer="0" win="0" bet="40" muck="1" rebuy="0" addon="0" merge="0" rebuychips="0" reg_code="5088920957"/>
<player seat="3" name="Zeeria" chips="500" dealer="1" win="120" bet="100" muck="1" rebuy="0" addon="0" merge="0" rebuychips="0" reg_code="5088919422"/>
<player seat="6" name="theMaltese" chips="500" dealer="0" win="0" bet="40" muck="1" rebuy="0" addon="0" merge="0" rebuychips="0" reg_code="5088920925"/>
</players>
</general>
<round no="0"><action no="1" player="theMaltese" type="1" discard="1" dealt="1" sum="10"/>
<action no="2" player="M1ky3ste92" type="2" sum="20"/>
</round>
<round no="1"><cards type="Pocket" player="M1ky3ste92">H7 H3</cards>
<cards type="Pocket" player="Zeeria">X X</cards>
<cards type="Pocket" player="theMaltese">X X</cards>
<action no="3" player="Zeeria" type="23" discard="1" dealt="1" sum="40"/>
<action no="4" player="theMaltese" type="3" discard="1" dealt="1" sum="30"/>
<action no="5" player="M1ky3ste92" type="3" sum="20"/>
</round>
<round no="2"><cards type="Flop">CJ HQ S4</cards>
<action no="6" player="theMaltese" type="4" discard="1" dealt="1" sum="0"/>
<action no="7" player="M1ky3ste92" type="4" sum="0"/>
<action no="8" player="Zeeria" type="5" discard="1" dealt="1" sum="60"/>
<action no="9" player="theMaltese" type="0" discard="1" dealt="1" sum="0"/>
<action no="10" player="M1ky3ste92" type="0" sum="0"/>
</round>
</game>
<game gamecode="6592944768"><general>
<startdate>2026-01-13 08:27:40</startdate>
<round>1</round>
<failsafecounter/>
<players><player seat="3" name="Zeeria" chips="580" dealer="0" win="80" bet="80" muck="1" rebuy="0" addon="0" merge="0" rebuychips="0" reg_code="5088919422"/>
<player seat="6" name="theMaltese" chips="460" dealer="1" win="0" bet="0" muck="1" rebuy="0" addon="0" merge="0" rebuychips="0" reg_code="5088920925"/>
<player seat="10" name="M1ky3ste92" chips="460" dealer="0" win="0" bet="40" muck="1" rebuy="0" addon="0" merge="0" rebuychips="0" reg_code="5088920957"/>
</players>
</general>
<round no="0"><action no="1" player="M1ky3ste92" type="1" sum="10"/>
<action no="2" player="Zeeria" type="2" discard="1" dealt="1" sum="20"/>
</round>
<round no="1"><cards type="Pocket" player="theMaltese">X X</cards>
<cards type="Pocket" player="Zeeria">X X</cards>
<cards type="Pocket" player="M1ky3ste92">SQ H6</cards>
<action no="3" player="theMaltese" type="0" discard="1" dealt="1" sum="0"/>
<action no="4" player="M1ky3ste92" type="3" sum="10"/>
<action no="5" player="Zeeria" type="4" discard="1" dealt="1" sum="0"/>
</round>
<round no="2"><cards type="Flop">D5 DK S8</cards>
<action no="6" player="M1ky3ste92" type="5" sum="20"/>
<action no="7" player="Zeeria" type="3" discard="1" dealt="1" sum="20"/>
</round>
<round no="3"><cards type="Turn">S5</cards>
<action no="8" player="M1ky3ste92" type="4" sum="0"/>
<action no="9" player="Zeeria" type="5" discard="1" dealt="1" sum="40"/>
<action no="10" player="M1ky3ste92" type="0" sum="0"/>
</round>
</game>
<game gamecode="6592944788"><general>
<startdate>2026-01-13 08:27:55</startdate>
<round>1</round>
<failsafecounter/>
<players><player seat="6" name="theMaltese" chips="460" dealer="0" win="0" bet="160" muck="1" rebuy="0" addon="0" merge="0" rebuychips="0" reg_code="5088920925"/>
<player seat="10" name="M1ky3ste92" chips="420" dealer="1" win="0" bet="0" muck="1" rebuy="0" addon="0" merge="0" rebuychips="0" reg_code="5088920957"/>
<player seat="3" name="Zeeria" chips="620" dealer="0" win="320" bet="620" muck="1" rebuy="0" addon="0" merge="0" rebuychips="0" reg_code="5088919422"/>
</players>
</general>
<round no="0"><action no="1" player="Zeeria" type="1" discard="1" dealt="1" sum="10"/>
<action no="2" player="theMaltese" type="2" discard="1" dealt="1" sum="20"/>
</round>
<round no="1"><cards type="Pocket" player="theMaltese">X X</cards>
<cards type="Pocket" player="M1ky3ste92">H8 D6</cards>
<cards type="Pocket" player="Zeeria">X X</cards>
<action no="3" player="M1ky3ste92" type="0" sum="0"/>
<action no="4" player="Zeeria" type="23" discard="1" dealt="1" sum="50"/>
<action no="5" player="theMaltese" type="3" discard="1" dealt="1" sum="30"/>
</round>
<round no="2"><cards type="Flop">CA DK DQ</cards>
<action no="6" player="Zeeria" type="5" discard="1" dealt="1" sum="30"/>
<action no="7" player="theMaltese" type="3" discard="1" dealt="1" sum="30"/>
</round>
<round no="3"><cards type="Turn">SK</cards>
<action no="8" player="Zeeria" type="5" discard="1" dealt="1" sum="80"/>
<action no="9" player="theMaltese" type="3" discard="1" dealt="1" sum="80"/>
</round>
<round no="4"><cards type="River">C10</cards>
<action no="10" player="Zeeria" type="5" discard="1" dealt="1" sum="460"/>
<action no="11" player="theMaltese" type="0" discard="1" dealt="1" sum="0"/>
</round>
</game>
<game gamecode="6592944833"><general>
<startdate>2026-01-13 08:28:26</startdate>
<round>1</round>
<failsafecounter/>
<players><player seat="10" name="M1ky3ste92" chips="420" dealer="0" win="0" bet="420" muck="0" rebuy="0" addon="0" merge="0" rebuychips="0" reg_code="5088920957"/>
<player seat="3" name="Zeeria" chips="780" dealer="1" win="880" bet="420" muck="0" rebuy="0" addon="0" merge="0" rebuychips="0" reg_code="5088919422"/>
<player seat="6" name="theMaltese" chips="300" dealer="0" win="0" bet="40" muck="1" rebuy="0" addon="0" merge="0" rebuychips="0" reg_code="5088920925"/>
</players>
</general>
<round no="0"><action no="1" player="theMaltese" type="1" discard="1" dealt="1" sum="10"/>
<action no="2" player="M1ky3ste92" type="2" sum="20"/>
</round>
<round no="1"><cards type="Pocket" player="Zeeria">SJ HA</cards>
<cards type="Pocket" player="M1ky3ste92">D10 D8</cards>
<cards type="Pocket" player="theMaltese">X X</cards>
<action no="3" player="Zeeria" type="23" discard="1" dealt="1" sum="40"/>
<action no="4" player="theMaltese" type="3" discard="1" dealt="1" sum="30"/>
<action no="5" player="M1ky3ste92" type="3" sum="20"/>
</round>
<round no="2"><cards type="Flop">S9 CJ D5</cards>
<action no="6" player="theMaltese" type="4" discard="1" dealt="1" sum="0"/>
<action no="7" player="M1ky3ste92" type="4" sum="0"/>
<action no="8" player="Zeeria" type="5" discard="1" dealt="1" sum="100"/>
<action no="9" player="theMaltese" type="0" discard="1" dealt="1" sum="0"/>
<action no="10" player="M1ky3ste92" type="23" sum="380"/>
<action no="11" player="Zeeria" type="3" discard="1" dealt="1" sum="280"/>
</round>
<round no="3"><cards type="Turn">D4</cards>
</round>
<round no="4"><cards type="River">SK</cards>
</round>
</game>
</session>
