<?xml version="1.0" encoding="UTF-8"?>
<session sessioncode="5088176948">
<general>
<client_version>24.7.1.18</client_version>
<mode>real</mode>
<gametype>Holdem NL</gametype>
<tablename>Twister €100 SNG, 826109418</tablename>
<tournamentcode>826109416</tournamentcode>
<tournamentname>Twister €100 SNG</tournamentname>
<buyin>€0 + €7 + €93</buyin>
<totalbuyin>€100</totalbuyin>
<rewarddrawn>€200</rewarddrawn>
<tournamentcurrency>EUR</tournamentcurrency>
<currency>EUR</currency>
<nickname>M1ky3ste92</nickname>
<gamecount>11</gamecount>
<startdate>2026-01-10 19:27:03</startdate>
<place>3</place>
<win>€0</win>
<tablesize>3</tablesize>
</general>
<game gamecode="6589870128"><general>
<startdate>2026-01-10 19:27:18</startdate>
<round>1</round>
<failsafecounter/>
<players><player seat="6" name="xiuder0nn17" chips="500" dealer="0" win="100" bet="130" muck="1" rebuy="0" addon="0" merge="0" rebuychips="0" reg_code="5088176939"/>
<player seat="10" name="M1ky3ste92" chips="500" dealer="1" win="0" bet="0" muck="1" rebuy="0" addon="0" merge="0" rebuychips="0" reg_code="5088176948"/>
<player seat="3" name="StelioPk" chips="500" dealer="0" win="0" bet="50" muck="1" rebuy="0" addon="0" merge="0" rebuychips="0" reg_code="5088176931"/>
</players>
</general>
<round no="0"><action no="1" player="StelioPk" type="1" discard="1" dealt="1" sum="10"/>
<action no="2" player="xiuder0nn17" type="2" discard="1" dealt="1" sum="20"/>
</round>
<round no="1"><cards type="Pocket" player="M1ky3ste92">SQ H7</cards>
<cards type="Pocket" player="StelioPk">X X</cards>
<cards type="Pocket" player="xiuder0nn17">X X</cards>
<action no="3" player="M1ky3ste92" type="0" sum="0"/>
<action no="4" player="StelioPk" type="23" discard="1" dealt="1" sum="50"/>
<action no="5" player="xiuder0nn17" type="23" discard="1" dealt="1" sum="130"/>
<action no="6" player="StelioPk" type="0" discard="1" dealt="1" sum="0"/>
</round>
</game>
<game gamecode="6589870312"><general>
<startdate>2026-01-10 19:27:48</startdate>
<round>1</round>
<failsafecounter/>
<players><player seat="10" name="M1ky3ste92" chips="500" dealer="0" win="90" bet="140" muck="1" rebuy="0" addon="0" merge="0" rebuychips="0" reg_code="5088176948"/>
<player seat="3" name="StelioPk" chips="450" dealer="1" win="0" bet="40" muck="1" rebuy="0" addon="0" merge="0" rebuychips="0" reg_code="5088176931"/>
<player seat="6" name="xiuder0nn17" chips="550" dealer="0" win="0" bet="10" muck="1" rebuy="0" addon="0" merge="0" rebuychips="0" reg_code="5088176939"/>
</players>
</general>
<round no="0"><action no="1" player="xiuder0nn17" type="1" discard="1" dealt="1" sum="10"/>
<action no="2" player="M1ky3ste92" type="2" sum="20"/>
</round>
<round no="1"><cards type="Pocket" player="M1ky3ste92">SK C2</cards>
<cards type="Pocket" player="xiuder0nn17">X X</cards>
<cards type="Pocket" player="StelioPk">X X</cards>
<action no="3" player="StelioPk" type="23" discard="1" dealt="1" sum="40"/>
<action no="4" player="xiuder0nn17" type="0" discard="1" dealt="1" sum="0"/>
<action no="5" player="M1ky3ste92" type="23" sum="140"/>
<action no="6" player="StelioPk" type="0" discard="1" dealt="1" sum="0"/>
</round>
</game>
<game gamecode="6589874665"><general>
<startdate>2026-01-10 19:28:05</startdate>
<round>1</round>
<failsafecounter/>
<players><player seat="3" name="StelioPk" chips="410" dealer="0" win="20" bet="20" muck="1" rebuy="0" addon="0" merge="0" rebuychips="0" reg_code="5088176931"/>
<player seat="6" name="xiuder0nn17" chips="540" dealer="1" win="0" bet="0" muck="1" rebuy="0" addon="0" merge="0" rebuychips="0" reg_code="5088176939"/>
<player seat="10" name="M1ky3ste92" chips="550" dealer="0" win="0" bet="10" muck="1" rebuy="0" addon="0" merge="0" rebuychips="0" reg_code="5088176948"/>
</players>
</general>
<round no="0"><action no="1" player="M1ky3ste92" type="1" sum="10"/>
<action no="2" player="StelioPk" type="2" discard="1" dealt="1" sum="20"/>
</round>
<round no="1"><cards type="Pocket" player="M1ky3ste92">H7 S9</cards>
<cards type="Pocket" player="xiuder0nn17">X X</cards>
<cards type="Pocket" player="StelioPk">X X</cards>
<action no="3" player="xiuder0nn17" type="0" discard="1" dealt="1" sum="0"/>
<action no="4" player="M1ky3ste92" type="0" sum="0"/>
</round>
</game>
<game gamecode="6589874710"><general>
<startdate>2026-01-10 19:28:12</startdate>
<round>1</round>
<failsafecounter/>
<players><player seat="6" name="xiuder0nn17" chips="540" dealer="0" win="0" bet="40" muck="1" rebuy="0" addon="0" merge="0" rebuychips="0" reg_code="5088176939"/>
<player seat="10" name="M1ky3ste92" chips="540" dealer="1" win="90" bet="60" muck="1" rebuy="0" addon="0" merge="0" rebuychips="0" reg_code="5088176948"/>
<player seat="3" name="StelioPk" chips="420" dealer="0" win="0" bet="10" muck="1" rebuy="0" addon="0" merge="0" rebuychips="0" reg_code="5088176931"/>
</players>
</general>
<round no="0"><action no="1" player="StelioPk" type="1" discard="1" dealt="1" sum="10"/>
<action no="2" player="xiuder0nn17" type="2" discard="1" dealt="1" sum="20"/>
</round>
<round no="1"><cards type="Pocket" player="StelioPk">X X</cards>
<cards type="Pocket" player="xiuder0nn17">X X</cards>
<cards type="Pocket" player="M1ky3ste92">CQ H9</cards>
<action no="3" player="M1ky3ste92" type="23" sum="40"/>
<action no="4" player="StelioPk" type="0" discard="1" dealt="1" sum="0"/>
<action no="5" player="xiuder0nn17" type="3" discard="1" dealt="1" sum="20"/>
</round>
<round no="2"><cards type="Flop">DJ HJ C10</cards>
<action no="6" player="xiuder0nn17" type="4" discard="1" dealt="1" sum="0"/>
<action no="7" player="M1ky3ste92" type="5" sum="20"/>
<action no="8" player="xiuder0nn17" type="0" discard="1" dealt="1" sum="0"/>
</round>
</game>
<game gamecode="6589874864"><general>
<startdate>2026-01-10 19:28:34</startdate>
<round>1</round>
<failsafecounter/>
<players><player seat="10" name="M1ky3ste92" chips="590" dealer="0" win="0" bet="40" muck="1" rebuy="0" addon="0" merge="0" rebuychips="0" reg_code="5088176948"/>
<player seat="3" name="StelioPk" chips="410" dealer="1" win="90" bet="60" muck="1" rebuy="0" addon="0" merge="0" rebuychips="0" reg_code="5088176931"/>
<player seat="6" name="xiuder0nn17" chips="500" dealer="0" win="0" bet="10" muck="1" rebuy="0" addon="0" merge="0" rebuychips="0" reg_code="5088176939"/>
</players>
</general>
<round no="0"><action no="1" player="xiuder0nn17" type="1" discard="1" dealt="1" sum="10"/>
<action no="2" player="M1ky3ste92" type="2" sum="20"/>
</round>
<round no="1"><cards type="Pocket" player="StelioPk">X X</cards>
<cards type="Pocket" player="M1ky3ste92">D7 S9</cards>
<cards type="Pocket" player="xiuder0nn17">X X</cards>
<action no="3" player="StelioPk" type="23" discard="1" dealt="1" sum="40"/>
<action no="4" player="xiuder0nn17" type="0" discard="1" dealt="1" sum="0"/>
<action no="5" player="M1ky3ste92" type="3" sum="20"/>
</round>
<round no="2"><cards type="Flop">HA H6 C6</cards>
<action no="6" player="M1ky3ste92" type="4" sum="0"/>
<action no="7" player="StelioPk" type="5" discard="1" dealt="1" sum="20"/>
<action no="8" player="M1ky3ste92" type="0" sum="0"/>
</round>
</game>
<game gamecode="6589875010"><general>
<startdate>2026-01-10 19:28:55</startdate>
<round>1</round>
<failsafecounter/>
<players><player seat="3" name="StelioPk" chips="460" dealer="0" win="0" bet="105" muck="1" rebuy="0" addon="0" merge="0" rebuychips="0" reg_code="5088176931"/>
<player seat="6" name="xiuder0nn17" chips="490" dealer="1" win="0" bet="0" muck="1" rebuy="0" addon="0" merge="0" rebuychips="0" reg_code="5088176939"/>
<player seat="10" name="M1ky3ste92" chips="550" dealer="0" win="210" bet="105" muck="0" rebuy="0" addon="0" merge="0" rebuychips="0" reg_code="5088176948"/>
</players>
</general>
<round no="0"><action no="1" player="M1ky3ste92" type="1" sum="10"/>
<action no="2" player="StelioPk" type="2" discard="1" dealt="1" sum="20"/>
</round>
<round no="1"><cards type="Pocket" player="M1ky3ste92">S7 HJ</cards>
<cards type="Pocket" player="xiuder0nn17">X X</cards>
<cards type="Pocket" player="StelioPk">S10 H2</cards>
<action no="3" player="xiuder0nn17" type="0" discard="1" dealt="1" sum="0"/>
<action no="4" player="M1ky3ste92" type="3" sum="10"/>
<action no="5" player="StelioPk" type="23" discard="1" dealt="1" sum="70"/>
<action no="6" player="M1ky3ste92" type="3" sum="50"/>
</round>
<round no="2"><cards type="Flop">C7 D9 C2</cards>
<action no="7" player="M1ky3ste92" type="4" sum="0"/>
<action no="8" player="StelioPk" type="4" discard="1" dealt="1" sum="0"/>
</round>
<round no="3"><cards type="Turn">S3</cards>
<action no="9" player="M1ky3ste92" type="4" sum="0"/>
<action no="10" player="StelioPk" type="5" discard="1" dealt="1" sum="35"/>
<action no="11" player="M1ky3ste92" type="3" sum="35"/>
</round>
<round no="4"><cards type="River">SK</cards>
<action no="12" player="M1ky3ste92" type="4" sum="0"/>
<action no="13" player="StelioPk" type="4" discard="1" dealt="1" sum="0"/>
</round>
</game>
<game gamecode="6589875277"><general>
<startdate>2026-01-10 19:29:35</startdate>
<round>1</round>
<failsafecounter/>
<players><player seat="6" name="xiuder0nn17" chips="490" dealer="0" win="0" bet="35" muck="1" rebuy="0" addon="0" merge="0" rebuychips="0" reg_code="5088176939"/>
<player seat="10" name="M1ky3ste92" chips="655" dealer="1" win="0" bet="655" muck="0" rebuy="0" addon="0" merge="0" rebuychips="0" reg_code="5088176948"/>
<player seat="3" name="StelioPk" chips="355" dealer="0" win="745" bet="355" muck="0" rebuy="0" addon="0" merge="0" rebuychips="0" reg_code="5088176931"/>
</players>
</general>
<round no="0"><action no="1" player="StelioPk" type="15" discard="1" dealt="1" sum="5"/>
<action no="2" player="xiuder0nn17" type="15" discard="1" dealt="1" sum="5"/>
<action no="3" player="M1ky3ste92" type="15" sum="5"/>
<action no="4" player="StelioPk" type="1" discard="1" dealt="1" sum="15"/>
<action no="5" player="xiuder0nn17" type="2" discard="1" dealt="1" sum="30"/>
</round>
<round no="1"><cards type="Pocket" player="StelioPk">SA H9</cards>
<cards type="Pocket" player="xiuder0nn17">X X</cards>
<cards type="Pocket" player="M1ky3ste92">DA D4</cards>
<action no="6" player="M1ky3ste92" type="23" sum="650"/>
<action no="7" player="StelioPk" type="7" discard="1" dealt="1" sum="335"/>
<action no="8" player="xiuder0nn17" type="0" discard="1" dealt="1" sum="0"/>
</round>
<round no="2"><cards type="Flop">H2 DJ C7</cards>
</round>
<round no="3"><cards type="Turn">D7</cards>
</round>
<round no="4"><cards type="River">C6</cards>
</round>
</game>
<game gamecode="6589875428"><general>
<startdate>2026-01-10 19:29:59</startdate>
<round>1</round>
<failsafecounter/>
<players><player seat="10" name="M1ky3ste92" chips="300" dealer="0" win="0" bet="35" muck="1" rebuy="0" addon="0" merge="0" rebuychips="0" reg_code="5088176948"/>
<player seat="3" name="StelioPk" chips="745" dealer="1" win="90" bet="745" muck="1" rebuy="0" addon="0" merge="0" rebuychips="0" reg_code="5088176931"/>
<player seat="6" name="xiuder0nn17" chips="455" dealer="0" win="0" bet="20" muck="1" rebuy="0" addon="0" merge="0" rebuychips="0" reg_code="5088176939"/>
</players>
</general>
<round no="0"><action no="1" player="xiuder0nn17" type="15" discard="1" dealt="1" sum="5"/>
<action no="2" player="M1ky3ste92" type="15" sum="5"/>
<action no="3" player="StelioPk" type="15" discard="1" dealt="1" sum="5"/>
<action no="4" player="xiuder0nn17" type="1" discard="1" dealt="1" sum="15"/>
<action no="5" player="M1ky3ste92" type="2" sum="30"/>
</round>
<round no="1"><cards type="Pocket" player="StelioPk">X X</cards>
<cards type="Pocket" player="M1ky3ste92">C2 D9</cards>
<cards type="Pocket" player="xiuder0nn17">X X</cards>
<action no="6" player="StelioPk" type="23" discard="1" dealt="1" sum="740"/>
<action no="7" player="xiuder0nn17" type="0" discard="1" dealt="1" sum="0"/>
<action no="8" player="M1ky3ste92" type="0" sum="0"/>
</round>
</game>
<game gamecode="6589875537"><general>
<startdate>2026-01-10 19:30:15</startdate>
<round>1</round>
<failsafecounter/>
<players><player seat="3" name="StelioPk" chips="800" dealer="0" win="0" bet="65" muck="1" rebuy="0" addon="0" merge="0" rebuychips="0" reg_code="5088176931"/>
<player seat="6" name="xiuder0nn17" chips="435" dealer="1" win="150" bet="103" muck="1" rebuy="0" addon="0" merge="0" rebuychips="0" reg_code="5088176939"/>
<player seat="10" name="M1ky3ste92" chips="265" dealer="0" win="0" bet="20" muck="1" rebuy="0" addon="0" merge="0" rebuychips="0" reg_code="5088176948"/>
</players>
</general>
<round no="0"><action no="1" player="M1ky3ste92" type="15" sum="5"/>
<action no="2" player="StelioPk" type="15" discard="1" dealt="1" sum="5"/>
<action no="3" player="xiuder0nn17" type="15" discard="1" dealt="1" sum="5"/>
<action no="4" player="M1ky3ste92" type="1" sum="15"/>
<action no="5" player="StelioPk" type="2" discard="1" dealt="1" sum="30"/>
</round>
<round no="1"><cards type="Pocket" player="M1ky3ste92">D7 H4</cards>
<cards type="Pocket" player="StelioPk">X X</cards>
<cards type="Pocket" player="xiuder0nn17">X X</cards>
<action no="6" player="xiuder0nn17" type="23" discard="1" dealt="1" sum="60"/>
<action no="7" player="M1ky3ste92" type="0" sum="0"/>
<action no="8" player="StelioPk" type="3" discard="1" dealt="1" sum="30"/>
</round>
<round no="2"><cards type="Flop">CJ D5 SA</cards>
<action no="9" player="StelioPk" type="4" discard="1" dealt="1" sum="0"/>
<action no="10" player="xiuder0nn17" type="5" discard="1" dealt="1" sum="38"/>
<action no="11" player="StelioPk" type="0" discard="1" dealt="1" sum="0"/>
</round>
</game>
<game gamecode="6589875647"><general>
<startdate>2026-01-10 19:30:31</startdate>
<round>1</round>
<failsafecounter/>
<players><player seat="6" name="xiuder0nn17" chips="520" dealer="0" win="75" bet="520" muck="1" rebuy="0" addon="0" merge="0" rebuychips="0" reg_code="5088176939"/>
<player seat="10" name="M1ky3ste92" chips="245" dealer="1" win="0" bet="5" muck="1" rebuy="0" addon="0" merge="0" rebuychips="0" reg_code="5088176948"/>
<player seat="3" name="StelioPk" chips="735" dealer="0" win="0" bet="35" muck="1" rebuy="0" addon="0" merge="0" rebuychips="0" reg_code="5088176931"/>
</players>
</general>
<round no="0"><action no="1" player="StelioPk" type="15" discard="1" dealt="1" sum="5"/>
<action no="2" player="xiuder0nn17" type="15" discard="1" dealt="1" sum="5"/>
<action no="3" player="M1ky3ste92" type="15" sum="5"/>
<action no="4" player="StelioPk" type="1" discard="1" dealt="1" sum="15"/>
<action no="5" player="xiuder0nn17" type="2" discard="1" dealt="1" sum="30"/>
</round>
<round no="1"><cards type="Pocket" player="StelioPk">X X</cards>
<cards type="Pocket" player="M1ky3ste92">H5 SJ</cards>
<cards type="Pocket" player="xiuder0nn17">X X</cards>
<action no="6" player="M1ky3ste92" type="0" sum="0"/>
<action no="7" player="StelioPk" type="3" discard="1" dealt="1" sum="15"/>
<action no="8" player="xiuder0nn17" type="23" discard="1" dealt="1" sum="515"/>
<action no="9" player="StelioPk" type="0" discard="1" dealt="1" sum="0"/>
</round>
</game>
<game gamecode="6589875716"><general>
<startdate>2026-01-10 19:30:42</startdate>
<round>1</round>
<failsafecounter/>
<players><player seat="10" name="M1ky3ste92" chips="240" dealer="0" win="0" bet="240" muck="0" rebuy="0" addon="0" merge="0" rebuychips="0" reg_code="5088176948"/>
<player seat="3" name="StelioPk" chips="700" dealer="1" win="0" bet="5" muck="1" rebuy="0" addon="0" merge="0" rebuychips="0" reg_code="5088176931"/>
<player seat="6" name="xiuder0nn17" chips="560" dealer="0" win="485" bet="560" muck="0" rebuy="0" addon="0" merge="0" rebuychips="0" reg_code="5088176939"/>
</players>
</general>
<round no="0"><action no="1" player="xiuder0nn17" type="15" discard="1" dealt="1" sum="5"/>
<action no="2" player="M1ky3ste92" type="15" sum="5"/>
<action no="3" player="StelioPk" type="15" discard="1" dealt="1" sum="5"/>
<action no="4" player="xiuder0nn17" type="1" discard="1" dealt="1" sum="20"/>
<action no="5" player="M1ky3ste92" type="2" sum="40"/>
</round>
<round no="1"><cards type="Pocket" player="M1ky3ste92">H10 S6</cards>
<cards type="Pocket" player="xiuder0nn17">SQ S3</cards>
<cards type="Pocket" player="StelioPk">X X</cards>
<action no="6" player="StelioPk" type="0" discard="1" dealt="1" sum="0"/>
<action no="7" player="xiuder0nn17" type="23" discard="1" dealt="1" sum="555"/>
<action no="8" player="M1ky3ste92" type="7" sum="195"/>
</round>
<round no="2"><cards type="Flop">H9 CJ D7</cards>
</round>
<round no="3"><cards type="Turn">S9</cards>
</round>
<round no="4"><cards type="River">CA</cards>
</round>
</game>
</session>
