<?xml version="1.0" encoding="UTF-8"?>
<session sessioncode="5088649317">
<general>
<client_version>24.7.1.18</client_version>
<mode>real</mode>
<gametype>Holdem NL</gametype>
<tablename>Twister €100 SNG, 826243665</tablename>
<tournamentcode>826243664</tournamentcode>
<tournamentname>Twister €100 SNG</tournamentname>
<buyin>€0 + €7 + €93</buyin>
<totalbuyin>€100</totalbuyin>
<rewarddrawn>€300</rewarddrawn>
<tournamentcurrency>EUR</tournamentcurrency>
<currency>EUR</currency>
<nickname>M1ky3ste92</nickname>
<gamecount>17</gamecount>
<startdate>2026-01-12 10:47:25</startdate>
<place>2</place>
<win>€0</win>
<tablesize>3</tablesize>
</general>
<game gamecode="6591774519"><general>
<startdate>2026-01-12 10:47:40</startdate>
<round>1</round>
<failsafecounter/>
<players><player seat="10" name="M1ky3ste92" chips="500" dealer="0" win="0" bet="20" muck="1" rebuy="0" addon="0" merge="0" rebuychips="0" reg_code="5088649317"/>
<player seat="3" name="xiuder0nn17" chips="500" dealer="1" win="50" bet="40" muck="1" rebuy="0" addon="0" merge="0" rebuychips="0" reg_code="5088648685"/>
<player seat="6" name="Ankalaev" chips="500" dealer="0" win="0" bet="10" muck="1" rebuy="0" addon="0" merge="0" rebuychips="0" reg_code="5088649064"/>
</players>
</general>
<round no="0"><action no="1" player="Ankalaev" type="1" discard="1" dealt="1" sum="10"/>
<action no="2" player="M1ky3ste92" type="2" sum="20"/>
</round>
<round no="1"><cards type="Pocket" player="Ankalaev">X X</cards>
<cards type="Pocket" player="M1ky3ste92">C6 DQ</cards>
<cards type="Pocket" player="xiuder0nn17">X X</cards>
<action no="3" player="xiuder0nn17" type="23" discard="1" dealt="1" sum="40"/>
<action no="4" player="Ankalaev" type="0" discard="1" dealt="1" sum="0"/>
<action no="5" player="M1ky3ste92" type="0" sum="0"/>
</round>
</game>
<game gamecode="6591774596"><general>
<startdate>2026-01-12 10:48:01</startdate>
<round>1</round>
<failsafecounter/>
<players><player seat="3" name="xiuder0nn17" chips="530" dealer="0" win="0" bet="96" muck="1" rebuy="0" addon="0" merge="0" rebuychips="0" reg_code="5088648685"/>
<player seat="6" name="Ankalaev" chips="490" dealer="1" win="0" bet="0" muck="1" rebuy="0" addon="0" merge="0" rebuychips="0" reg_code="5088649064"/>
<player seat="10" name="M1ky3ste92" chips="480" dealer="0" win="192" bet="96" muck="0" rebuy="0" addon="0" merge="0" rebuychips="0" reg_code="5088649317"/>
</players>
</general>
<round no="0"><action no="1" player="M1ky3ste92" type="1" sum="10"/>
<action no="2" player="xiuder0nn17" type="2" discard="1" dealt="1" sum="20"/>
</round>
<round no="1"><cards type="Pocket" player="xiuder0nn17">C8 CJ</cards>
<cards type="Pocket" player="Ankalaev">X X</cards>
<cards type="Pocket" player="M1ky3ste92">D8 DA</cards>
<action no="3" player="Ankalaev" type="0" discard="1" dealt="1" sum="0"/>
<action no="4" player="M1ky3ste92" type="3" sum="10"/>
<action no="5" player="xiuder0nn17" type="4" discard="1" dealt="1" sum="0"/>
</round>
<round no="2"><cards type="Flop">CQ DJ H6</cards>
<action no="6" player="M1ky3ste92" type="5" sum="20"/>
<action no="7" player="xiuder0nn17" type="3" discard="1" dealt="1" sum="20"/>
</round>
<round no="3"><cards type="Turn">H7</cards>
<action no="8" player="M1ky3ste92" type="4" sum="0"/>
<action no="9" player="xiuder0nn17" type="4" discard="1" dealt="1" sum="0"/>
</round>
<round no="4"><cards type="River">HA</cards>
<action no="10" player="M1ky3ste92" type="5" sum="56"/>
<action no="11" player="xiuder0nn17" type="3" discard="1" dealt="1" sum="56"/>
</round>
</game>
<game gamecode="6591774718"><general>
<startdate>2026-01-12 10:48:28</startdate>
<round>1</round>
<failsafecounter/>
<players><player seat="6" name="Ankalaev" chips="490" dealer="0" win="0" bet="20" muck="1" rebuy="0" addon="0" merge="0" rebuychips="0" reg_code="5088649064"/>
<player seat="10" name="M1ky3ste92" chips="576" dealer="1" win="888" bet="434" muck="0" rebuy="0" addon="0" merge="0" rebuychips="0" reg_code="5088649317"/>
<player seat="3" name="xiuder0nn17" chips="434" dealer="0" win="0" bet="434" muck="0" rebuy="0" addon="0" merge="0" rebuychips="0" reg_code="5088648685"/>
</players>
</general>
<round no="0"><action no="1" player="xiuder0nn17" type="1" discard="1" dealt="1" sum="10"/>
<action no="2" player="Ankalaev" type="2" discard="1" dealt="1" sum="20"/>
</round>
<round no="1"><cards type="Pocket" player="xiuder0nn17">SQ HK</cards>
<cards type="Pocket" player="M1ky3ste92">H8 D8</cards>
<cards type="Pocket" player="Ankalaev">X X</cards>
<action no="3" player="M1ky3ste92" type="23" sum="40"/>
<action no="4" player="xiuder0nn17" type="23" discard="1" dealt="1" sum="434"/>
<action no="5" player="Ankalaev" type="0" discard="1" dealt="1" sum="0"/>
<action no="6" player="M1ky3ste92" type="3" sum="394"/>
</round>
<round no="2"><cards type="Flop">SJ D9 CA</cards>
</round>
<round no="3"><cards type="Turn">H2</cards>
</round>
<round no="4"><cards type="River">S6</cards>
</round>
</game>
<game gamecode="6591774818"><general>
<startdate>2026-01-12 10:48:53</startdate>
<round>1</round>
<failsafecounter/>
<players><player seat="10" name="M1ky3ste92" chips="1,030" dealer="0" win="0" bet="1,030" muck="0" rebuy="0" addon="0" merge="0" rebuychips="0" reg_code="5088649317"/>
<player seat="6" name="Ankalaev" chips="470" dealer="1" win="940" bet="470" muck="0" rebuy="0" addon="0" merge="0" rebuychips="0" reg_code="5088649064"/>
</players>
</general>
<round no="0"><action no="1" player="Ankalaev" type="1" discard="1" dealt="1" sum="10"/>
<action no="2" player="M1ky3ste92" type="2" sum="20"/>
</round>
<round no="1"><cards type="Pocket" player="Ankalaev">D5 H5</cards>
<cards type="Pocket" player="M1ky3ste92">C7 DA</cards>
<action no="3" player="Ankalaev" type="3" discard="1" dealt="1" sum="10"/>
<action no="4" player="M1ky3ste92" type="23" sum="1,030"/>
<action no="5" player="Ankalaev" type="7" discard="1" dealt="1" sum="450"/>
</round>
<round no="2"><cards type="Flop">HJ C6 DK</cards>
</round>
<round no="3"><cards type="Turn">S4</cards>
</round>
<round no="4"><cards type="River">C10</cards>
</round>
</game>
<game gamecode="6591774896"><general>
<startdate>2026-01-12 10:49:13</startdate>
<round>1</round>
<failsafecounter/>
<players><player seat="6" name="Ankalaev" chips="940" dealer="0" win="40" bet="20" muck="0" rebuy="0" addon="0" merge="0" rebuychips="0" reg_code="5088649064"/>
<player seat="10" name="M1ky3ste92" chips="560" dealer="1" win="0" bet="20" muck="1" rebuy="0" addon="0" merge="0" rebuychips="0" reg_code="5088649317"/>
</players>
</general>
<round no="0"><action no="1" player="M1ky3ste92" type="1" sum="10"/>
<action no="2" player="Ankalaev" type="2" discard="1" dealt="1" sum="20"/>
</round>
<round no="1"><cards type="Pocket" player="M1ky3ste92">C4 SQ</cards>
<cards type="Pocket" player="Ankalaev">HK C3</cards>
<action no="3" player="M1ky3ste92" type="3" sum="10"/>
<action no="4" player="Ankalaev" type="4" discard="1" dealt="1" sum="0"/>
</round>
<round no="2"><cards type="Flop">CJ H3 H6</cards>
<action no="5" player="Ankalaev" type="4" discard="1" dealt="1" sum="0"/>
<action no="6" player="M1ky3ste92" type="4" sum="0"/>
</round>
<round no="3"><cards type="Turn">C6</cards>
<action no="7" player="Ankalaev" type="4" discard="1" dealt="1" sum="0"/>
<action no="8" player="M1ky3ste92" type="4" sum="0"/>
</round>
<round no="4"><cards type="River">S5</cards>
<action no="9" player="Ankalaev" type="4" discard="1" dealt="1" sum="0"/>
<action no="10" player="M1ky3ste92" type="4" sum="0"/>
</round>
</game>
<game gamecode="6591775022"><general>
<startdate>2026-01-12 10:49:50</startdate>
<round>1</round>
<failsafecounter/>
<players><player seat="10" name="M1ky3ste92" chips="540" dealer="0" win="140" bet="70" muck="0" rebuy="0" addon="0" merge="0" rebuychips="0" reg_code="5088649317"/>
<player seat="6" name="Ankalaev" chips="960" dealer="1" win="0" bet="70" muck="1" rebuy="0" addon="0" merge="0" rebuychips="0" reg_code="5088649064"/>
</players>
</general>
<round no="0"><action no="1" player="Ankalaev" type="15" discard="1" dealt="1" sum="5"/>
<action no="2" player="M1ky3ste92" type="15" sum="5"/>
<action no="3" player="Ankalaev" type="1" discard="1" dealt="1" sum="15"/>
<action no="4" player="M1ky3ste92" type="2" sum="30"/>
</round>
<round no="1"><cards type="Pocket" player="M1ky3ste92">S2 H10</cards>
<cards type="Pocket" player="Ankalaev">C5 C3</cards>
<action no="5" player="Ankalaev" type="3" discard="1" dealt="1" sum="15"/>
<action no="6" player="M1ky3ste92" type="4" sum="0"/>
</round>
<round no="2"><cards type="Flop">CA D10 CQ</cards>
<action no="7" player="M1ky3ste92" type="4" sum="0"/>
<action no="8" player="Ankalaev" type="5" discard="1" dealt="1" sum="35"/>
<action no="9" player="M1ky3ste92" type="3" sum="35"/>
</round>
<round no="3"><cards type="Turn">D5</cards>
<action no="10" player="M1ky3ste92" type="4" sum="0"/>
<action no="11" player="Ankalaev" type="4" discard="1" dealt="1" sum="0"/>
</round>
<round no="4"><cards type="River">S7</cards>
<action no="12" player="M1ky3ste92" type="4" sum="0"/>
<action no="13" player="Ankalaev" type="4" discard="1" dealt="1" sum="0"/>
</round>
</game>
<game gamecode="6591775106"><general>
<startdate>2026-01-12 10:50:11</startdate>
<round>1</round>
<failsafecounter/>
<players><player seat="6" name="Ankalaev" chips="890" dealer="0" win="70" bet="125" muck="1" rebuy="0" addon="0" merge="0" rebuychips="0" reg_code="5088649064"/>
<player seat="10" name="M1ky3ste92" chips="610" dealer="1" win="0" bet="35" muck="1" rebuy="0" addon="0" merge="0" rebuychips="0" reg_code="5088649317"/>
</players>
</general>
<round no="0"><action no="1" player="M1ky3ste92" type="15" sum="5"/>
<action no="2" player="Ankalaev" type="15" discard="1" dealt="1" sum="5"/>
<action no="3" player="M1ky3ste92" type="1" sum="15"/>
<action no="4" player="Ankalaev" type="2" discard="1" dealt="1" sum="30"/>
</round>
<round no="1"><cards type="Pocket" player="M1ky3ste92">C8 SQ</cards>
<cards type="Pocket" player="Ankalaev">X X</cards>
<action no="5" player="M1ky3ste92" type="3" sum="15"/>
<action no="6" player="Ankalaev" type="4" discard="1" dealt="1" sum="0"/>
</round>
<round no="2"><cards type="Flop">S3 C3 H6</cards>
<action no="7" player="Ankalaev" type="4" discard="1" dealt="1" sum="0"/>
<action no="8" player="M1ky3ste92" type="4" sum="0"/>
</round>
<round no="3"><cards type="Turn">D5</cards>
<action no="9" player="Ankalaev" type="4" discard="1" dealt="1" sum="0"/>
<action no="10" player="M1ky3ste92" type="4" sum="0"/>
</round>
<round no="4"><cards type="River">H4</cards>
<action no="11" player="Ankalaev" type="5" discard="1" dealt="1" sum="90"/>
<action no="12" player="M1ky3ste92" type="0" sum="0"/>
</round>
</game>
<game gamecode="6591775162"><general>
<startdate>2026-01-12 10:50:26</startdate>
<round>1</round>
<failsafecounter/>
<players><player seat="10" name="M1ky3ste92" chips="575" dealer="0" win="140" bet="70" muck="0" rebuy="0" addon="0" merge="0" rebuychips="0" reg_code="5088649317"/>
<player seat="6" name="Ankalaev" chips="925" dealer="1" win="0" bet="70" muck="1" rebuy="0" addon="0" merge="0" rebuychips="0" reg_code="5088649064"/>
</players>
</general>
<round no="0"><action no="1" player="Ankalaev" type="15" discard="1" dealt="1" sum="5"/>
<action no="2" player="M1ky3ste92" type="15" sum="5"/>
<action no="3" player="Ankalaev" type="1" discard="1" dealt="1" sum="15"/>
<action no="4" player="M1ky3ste92" type="2" sum="30"/>
</round>
<round no="1"><cards type="Pocket" player="Ankalaev">HJ C3</cards>
<cards type="Pocket" player="M1ky3ste92">D10 CJ</cards>
<action no="5" player="Ankalaev" type="3" discard="1" dealt="1" sum="15"/>
<action no="6" player="M1ky3ste92" type="4" sum="0"/>
</round>
<round no="2"><cards type="Flop">DK DJ D5</cards>
<action no="7" player="M1ky3ste92" type="4" sum="0"/>
<action no="8" player="Ankalaev" type="5" discard="1" dealt="1" sum="35"/>
<action no="9" player="M1ky3ste92" type="3" sum="35"/>
</round>
<round no="3"><cards type="Turn">H5</cards>
<action no="10" player="M1ky3ste92" type="4" sum="0"/>
<action no="11" player="Ankalaev" type="4" discard="1" dealt="1" sum="0"/>
</round>
<round no="4"><cards type="River">D8</cards>
<action no="12" player="M1ky3ste92" type="4" sum="0"/>
<action no="13" player="Ankalaev" type="4" discard="1" dealt="1" sum="0"/>
</round>
</game>
<game gamecode="6591775261"><general>
<startdate>2026-01-12 10:50:51</startdate>
<round>1</round>
<failsafecounter/>
<players><player seat="6" name="Ankalaev" chips="855" dealer="0" win="0" bet="35" muck="1" rebuy="0" addon="0" merge="0" rebuychips="0" reg_code="5088649064"/>
<player seat="10" name="M1ky3ste92" chips="645" dealer="1" win="70" bet="65" muck="1" rebuy="0" addon="0" merge="0" rebuychips="0" reg_code="5088649317"/>
</players>
</general>
<round no="0"><action no="1" player="M1ky3ste92" type="15" sum="5"/>
<action no="2" player="Ankalaev" type="15" discard="1" dealt="1" sum="5"/>
<action no="3" player="M1ky3ste92" type="1" sum="15"/>
<action no="4" player="Ankalaev" type="2" discard="1" dealt="1" sum="30"/>
</round>
<round no="1"><cards type="Pocket" player="Ankalaev">X X</cards>
<cards type="Pocket" player="M1ky3ste92">S10 CQ</cards>
<action no="5" player="M1ky3ste92" type="3" sum="15"/>
<action no="6" player="Ankalaev" type="4" discard="1" dealt="1" sum="0"/>
</round>
<round no="2"><cards type="Flop">H5 DJ SJ</cards>
<action no="7" player="Ankalaev" type="4" discard="1" dealt="1" sum="0"/>
<action no="8" player="M1ky3ste92" type="4" sum="0"/>
</round>
<round no="3"><cards type="Turn">HQ</cards>
<action no="9" player="Ankalaev" type="4" discard="1" dealt="1" sum="0"/>
<action no="10" player="M1ky3ste92" type="5" sum="30"/>
<action no="11" player="Ankalaev" type="0" discard="1" dealt="1" sum="0"/>
</round>
</game>
<game gamecode="6591775322"><general>
<startdate>2026-01-12 10:51:06</startdate>
<round>1</round>
<failsafecounter/>
<players><player seat="10" name="M1ky3ste92" chips="680" dealer="0" win="90" bet="680" muck="1" rebuy="0" addon="0" merge="0" rebuychips="0" reg_code="5088649317"/>
<player seat="6" name="Ankalaev" chips="820" dealer="1" win="0" bet="45" muck="1" rebuy="0" addon="0" merge="0" rebuychips="0" reg_code="5088649064"/>
</players>
</general>
<round no="0"><action no="1" player="Ankalaev" type="15" discard="1" dealt="1" sum="5"/>
<action no="2" player="M1ky3ste92" type="15" sum="5"/>
<action no="3" player="Ankalaev" type="1" discard="1" dealt="1" sum="20"/>
<action no="4" player="M1ky3ste92" type="2" sum="40"/>
</round>
<round no="1"><cards type="Pocket" player="M1ky3ste92">DA S4</cards>
<cards type="Pocket" player="Ankalaev">X X</cards>
<action no="5" player="Ankalaev" type="3" discard="1" dealt="1" sum="20"/>
<action no="6" player="M1ky3ste92" type="23" sum="675"/>
<action no="7" player="Ankalaev" type="0" discard="1" dealt="1" sum="0"/>
</round>
</game>
<game gamecode="6591775362"><general>
<startdate>2026-01-12 10:51:16</startdate>
<round>1</round>
<failsafecounter/>
<players><player seat="6" name="Ankalaev" chips="775" dealer="0" win="374" bet="187" muck="0" rebuy="0" addon="0" merge="0" rebuychips="0" reg_code="5088649064"/>
<player seat="10" name="M1ky3ste92" chips="725" dealer="1" win="0" bet="187" muck="1" rebuy="0" addon="0" merge="0" rebuychips="0" reg_code="5088649317"/>
</players>
</general>
<round no="0"><action no="1" player="M1ky3ste92" type="15" sum="5"/>
<action no="2" player="Ankalaev" type="15" discard="1" dealt="1" sum="5"/>
<action no="3" player="M1ky3ste92" type="1" sum="20"/>
<action no="4" player="Ankalaev" type="2" discard="1" dealt="1" sum="40"/>
</round>
<round no="1"><cards type="Pocket" player="M1ky3ste92">S6 HA</cards>
<cards type="Pocket" player="Ankalaev">SQ SA</cards>
<action no="5" player="M1ky3ste92" type="3" sum="20"/>
<action no="6" player="Ankalaev" type="23" discard="1" dealt="1" sum="120"/>
<action no="7" player="M1ky3ste92" type="3" sum="80"/>
</round>
<round no="2"><cards type="Flop">C4 H4 D9</cards>
<action no="8" player="Ankalaev" type="5" discard="1" dealt="1" sum="62"/>
<action no="9" player="M1ky3ste92" type="3" sum="62"/>
</round>
<round no="3"><cards type="Turn">S5</cards>
<action no="10" player="Ankalaev" type="4" discard="1" dealt="1" sum="0"/>
<action no="11" player="M1ky3ste92" type="4" sum="0"/>
</round>
<round no="4"><cards type="River">SJ</cards>
<action no="12" player="Ankalaev" type="4" discard="1" dealt="1" sum="0"/>
<action no="13" player="M1ky3ste92" type="4" sum="0"/>
</round>
</game>
<game gamecode="6591775454"><general>
<startdate>2026-01-12 10:51:42</startdate>
<round>1</round>
<failsafecounter/>
<players><player seat="10" name="M1ky3ste92" chips="538" dealer="0" win="330" bet="285" muck="1" rebuy="0" addon="0" merge="0" rebuychips="0" reg_code="5088649317"/>
<player seat="6" name="Ankalaev" chips="962" dealer="1" win="0" bet="165" muck="1" rebuy="0" addon="0" merge="0" rebuychips="0" reg_code="5088649064"/>
</players>
</general>
<round no="0"><action no="1" player="Ankalaev" type="15" discard="1" dealt="1" sum="5"/>
<action no="2" player="M1ky3ste92" type="15" sum="5"/>
<action no="3" player="Ankalaev" type="1" discard="1" dealt="1" sum="20"/>
<action no="4" player="M1ky3ste92" type="2" sum="40"/>
</round>
<round no="1"><cards type="Pocket" player="M1ky3ste92">DA C10</cards>
<cards type="Pocket" player="Ankalaev">X X</cards>
<action no="5" player="Ankalaev" type="3" discard="1" dealt="1" sum="20"/>
<action no="6" player="M1ky3ste92" type="23" sum="160"/>
<action no="7" player="Ankalaev" type="3" discard="1" dealt="1" sum="120"/>
</round>
<round no="2"><cards type="Flop">H7 C6 SA</cards>
<action no="8" player="M1ky3ste92" type="5" sum="120"/>
<action no="9" player="Ankalaev" type="0" discard="1" dealt="1" sum="0"/>
</round>
</game>
<game gamecode="6591777996"><general>
<startdate>2026-01-12 10:52:05</startdate>
<round>1</round>
<failsafecounter/>
<players><player seat="6" name="Ankalaev" chips="797" dealer="0" win="250" bet="250" muck="1" rebuy="0" addon="0" merge="0" rebuychips="0" reg_code="5088649064"/>
<player seat="10" name="M1ky3ste92" chips="703" dealer="1" win="0" bet="125" muck="1" rebuy="0" addon="0" merge="0" rebuychips="0" reg_code="5088649317"/>
</players>
</general>
<round no="0"><action no="1" player="M1ky3ste92" type="15" sum="5"/>
<action no="2" player="Ankalaev" type="15" discard="1" dealt="1" sum="5"/>
<action no="3" player="M1ky3ste92" type="1" sum="20"/>
<action no="4" player="Ankalaev" type="2" discard="1" dealt="1" sum="40"/>
</round>
<round no="1"><cards type="Pocket" player="Ankalaev">X X</cards>
<cards type="Pocket" player="M1ky3ste92">S4 S10</cards>
<action no="5" player="M1ky3ste92" type="3" sum="20"/>
<action no="6" player="Ankalaev" type="23" discard="1" dealt="1" sum="120"/>
<action no="7" player="M1ky3ste92" type="3" sum="80"/>
</round>
<round no="2"><cards type="Flop">C2 H2 H6</cards>
<action no="8" player="Ankalaev" type="5" discard="1" dealt="1" sum="125"/>
<action no="9" player="M1ky3ste92" type="0" sum="0"/>
</round>
</game>
<game gamecode="6591778084"><general>
<startdate>2026-01-12 10:52:28</startdate>
<round>1</round>
<failsafecounter/>
<players><player seat="10" name="M1ky3ste92" chips="578" dealer="0" win="0" bet="45" muck="1" rebuy="0" addon="0" merge="0" rebuychips="0" reg_code="5088649317"/>
<player seat="6" name="Ankalaev" chips="922" dealer="1" win="90" bet="165" muck="1" rebuy="0" addon="0" merge="0" rebuychips="0" reg_code="5088649064"/>
</players>
</general>
<round no="0"><action no="1" player="Ankalaev" type="15" discard="1" dealt="1" sum="5"/>
<action no="2" player="M1ky3ste92" type="15" sum="5"/>
<action no="3" player="Ankalaev" type="1" discard="1" dealt="1" sum="20"/>
<action no="4" player="M1ky3ste92" type="2" sum="40"/>
</round>
<round no="1"><cards type="Pocket" player="M1ky3ste92">S5 H6</cards>
<cards type="Pocket" player="Ankalaev">X X</cards>
<action no="5" player="Ankalaev" type="3" discard="1" dealt="1" sum="20"/>
<action no="6" player="M1ky3ste92" type="4" sum="0"/>
</round>
<round no="2"><cards type="Flop">H9 S10 D7</cards>
<action no="7" player="M1ky3ste92" type="4" sum="0"/>
<action no="8" player="Ankalaev" type="4" discard="1" dealt="1" sum="0"/>
</round>
<round no="3"><cards type="Turn">SJ</cards>
<action no="9" player="M1ky3ste92" type="4" sum="0"/>
<action no="10" player="Ankalaev" type="5" discard="1" dealt="1" sum="120"/>
<action no="11" player="M1ky3ste92" type="0" sum="0"/>
</round>
</game>
<game gamecode="6591778127"><general>
<startdate>2026-01-12 10:52:40</startdate>
<round>1</round>
<failsafecounter/>
<players><player seat="6" name="Ankalaev" chips="967" dealer="0" win="0" bet="125" muck="1" rebuy="0" addon="0" merge="0" rebuychips="0" reg_code="5088649064"/>
<player seat="10" name="M1ky3ste92" chips="533" dealer="1" win="250" bet="300" muck="1" rebuy="0" addon="0" merge="0" rebuychips="0" reg_code="5088649317"/>
</players>
</general>
<round no="0"><action no="1" player="M1ky3ste92" type="15" sum="5"/>
<action no="2" player="Ankalaev" type="15" discard="1" dealt="1" sum="5"/>
<action no="3" player="M1ky3ste92" type="1" sum="30"/>
<action no="4" player="Ankalaev" type="2" discard="1" dealt="1" sum="60"/>
</round>
<round no="1"><cards type="Pocket" player="Ankalaev">X X</cards>
<cards type="Pocket" player="M1ky3ste92">HA H9</cards>
<action no="5" player="M1ky3ste92" type="3" sum="30"/>
<action no="6" player="Ankalaev" type="4" discard="1" dealt="1" sum="0"/>
</round>
<round no="2"><cards type="Flop">DQ S8 H10</cards>
<action no="7" player="Ankalaev" type="4" discard="1" dealt="1" sum="0"/>
<action no="8" player="M1ky3ste92" type="4" sum="0"/>
</round>
<round no="3"><cards type="Turn">DJ</cards>
<action no="9" player="Ankalaev" type="4" discard="1" dealt="1" sum="0"/>
<action no="10" player="M1ky3ste92" type="5" sum="60"/>
<action no="11" player="Ankalaev" type="3" discard="1" dealt="1" sum="60"/>
</round>
<round no="4"><cards type="River">H8</cards>
<action no="12" player="Ankalaev" type="4" discard="1" dealt="1" sum="0"/>
<action no="13" player="M1ky3ste92" type="5" sum="175"/>
<action no="14" player="Ankalaev" type="0" discard="1" dealt="1" sum="0"/>
</round>
</game>
<game gamecode="6591778212"><general>
<startdate>2026-01-12 10:53:04</startdate>
<round>1</round>
<failsafecounter/>
<players><player seat="10" name="M1ky3ste92" chips="658" dealer="0" win="0" bet="130" muck="1" rebuy="0" addon="0" merge="0" rebuychips="0" reg_code="5088649317"/>
<player seat="6" name="Ankalaev" chips="842" dealer="1" win="260" bet="260" muck="1" rebuy="0" addon="0" merge="0" rebuychips="0" reg_code="5088649064"/>
</players>
</general>
<round no="0"><action no="1" player="Ankalaev" type="15" discard="1" dealt="1" sum="5"/>
<action no="2" player="M1ky3ste92" type="15" sum="5"/>
<action no="3" player="Ankalaev" type="1" discard="1" dealt="1" sum="30"/>
<action no="4" player="M1ky3ste92" type="2" sum="60"/>
</round>
<round no="1"><cards type="Pocket" player="Ankalaev">X X</cards>
<cards type="Pocket" player="M1ky3ste92">S7 C6</cards>
<action no="5" player="Ankalaev" type="3" discard="1" dealt="1" sum="30"/>
<action no="6" player="M1ky3ste92" type="4" sum="0"/>
</round>
<round no="2"><cards type="Flop">CA H3 C4</cards>
<action no="7" player="M1ky3ste92" type="4" sum="0"/>
<action no="8" player="Ankalaev" type="5" discard="1" dealt="1" sum="65"/>
<action no="9" player="M1ky3ste92" type="3" sum="65"/>
</round>
<round no="3"><cards type="Turn">CK</cards>
<action no="10" player="M1ky3ste92" type="4" sum="0"/>
<action no="11" player="Ankalaev" type="5" discard="1" dealt="1" sum="130"/>
<action no="12" player="M1ky3ste92" type="0" sum="0"/>
</round>
</game>
<game gamecode="6591778261"><general>
<startdate>2026-01-12 10:53:17</startdate>
<round>1</round>
<failsafecounter/>
<players><player seat="6" name="Ankalaev" chips="972" dealer="0" win="1,056" bet="972" muck="0" rebuy="0" addon="0" merge="0" rebuychips="0" reg_code="5088649064"/>
<player seat="10" name="M1ky3ste92" chips="528" dealer="1" win="0" bet="528" muck="1" rebuy="0" addon="0" merge="0" rebuychips="0" reg_code="5088649317"/>
</players>
</general>
<round no="0"><action no="1" player="M1ky3ste92" type="15" sum="5"/>
<action no="2" player="Ankalaev" type="15" discard="1" dealt="1" sum="5"/>
<action no="3" player="M1ky3ste92" type="1" sum="30"/>
<action no="4" player="Ankalaev" type="2" discard="1" dealt="1" sum="60"/>
</round>
<round no="1"><cards type="Pocket" player="Ankalaev">D8 CK</cards>
<cards type="Pocket" player="M1ky3ste92">H9 D9</cards>
<action no="5" player="M1ky3ste92" type="3" sum="30"/>
<action no="6" player="Ankalaev" type="23" discard="1" dealt="1" sum="967"/>
<action no="7" player="M1ky3ste92" type="7" sum="463"/>
</round>
<round no="2"><cards type="Flop">SK S4 C5</cards>
</round>
<round no="3"><cards type="Turn">C6</cards>
</round>
<round no="4"><cards type="River">C7</cards>
</round>
</game>
</session>
