<?xml version="1.0" encoding="UTF-8"?>
<session sessioncode="5088320655">
<general>
<client_version>25.7.1.50</client_version>
<mode>real</mode>
<gametype>Holdem NL</gametype>
<tablename>Twister €100 SNG, 826147625</tablename>
<tournamentcode>826147624</tournamentcode>
<tournamentname>Twister €100 SNG</tournamentname>
<buyin>€0 + €7 + €93</buyin>
<totalbuyin>€100</totalbuyin>
<rewarddrawn>€200</rewarddrawn>
<tournamentcurrency>EUR</tournamentcurrency>
<currency>EUR</currency>
<nickname>M1ky3ste92</nickname>
<gamecount>6</gamecount>
<startdate>2026-01-11 03:53:15</startdate>
<place>3</place>
<win>€0</win>
<tablesize>3</tablesize>
</general>
<game gamecode="6590423347"><general>
<startdate>2026-01-11 03:53:30</startdate>
<round>1</round>
<failsafecounter/>
<players><player seat="10" name="Nantekotta" chips="500" dealer="0" win="40" bet="60" muck="1" rebuy="0" addon="0" merge="0" rebuychips="0" reg_code="5088320672"/>
<player seat="3" name="M1ky3ste92" chips="500" dealer="1" win="0" bet="0" muck="1" rebuy="0" addon="0" merge="0" rebuychips="0" reg_code="5088320655"/>
<player seat="6" name="Aomanuahi" chips="500" dealer="0" win="0" bet="20" muck="1" rebuy="0" addon="0" merge="0" rebuychips="0" reg_code="5088320667"/>
</players>
</general>
<round no="0"><action no="1" player="Aomanuahi" type="1" discard="1" dealt="1" sum="10"/>
<action no="2" player="Nantekotta" type="2" discard="1" dealt="1" sum="20"/>
</round>
<round no="1"><cards type="Pocket" player="M1ky3ste92">C4 C3</cards>
<cards type="Pocket" player="Nantekotta">X X</cards>
<cards type="Pocket" player="Aomanuahi">X X</cards>
<action no="3" player="M1ky3ste92" type="0" sum="0"/>
<action no="4" player="Aomanuahi" type="3" discard="1" dealt="1" sum="10"/>
<action no="5" player="Nantekotta" type="23" discard="1" dealt="1" sum="60"/>
<action no="6" player="Aomanuahi" type="0" discard="1" dealt="1" sum="0"/>
</round>
</game>
<game gamecode="6590423419"><general>
<startdate>2026-01-11 03:53:54</startdate>
<round>1</round>
<failsafecounter/>
<players><player seat="3" name="M1ky3ste92" chips="500" dealer="0" win="0" bet="177" muck="1" rebuy="0" addon="0" merge="0" rebuychips="0" reg_code="5088320655"/>
<player seat="6" name="Aomanuahi" chips="480" dealer="1" win="364" bet="480" muck="1" rebuy="0" addon="0" merge="0" rebuychips="0" reg_code="5088320667"/>
<player seat="10" name="Nantekotta" chips="520" dealer="0" win="0" bet="10" muck="1" rebuy="0" addon="0" merge="0" rebuychips="0" reg_code="5088320672"/>
</players>
</general>
<round no="0"><action no="1" player="Nantekotta" type="1" discard="1" dealt="1" sum="10"/>
<action no="2" player="M1ky3ste92" type="2" sum="20"/>
</round>
<round no="1"><cards type="Pocket" player="M1ky3ste92">SQ S9</cards>
<cards type="Pocket" player="Nantekotta">X X</cards>
<cards type="Pocket" player="Aomanuahi">X X</cards>
<action no="3" player="Aomanuahi" type="23" discard="1" dealt="1" sum="40"/>
<action no="4" player="Nantekotta" type="0" discard="1" dealt="1" sum="0"/>
<action no="5" player="M1ky3ste92" type="3" sum="20"/>
</round>
<round no="2"><cards type="Flop">S8 D7 H3</cards>
<action no="6" player="M1ky3ste92" type="4" sum="0"/>
<action no="7" player="Aomanuahi" type="5" discard="1" dealt="1" sum="37"/>
<action no="8" player="M1ky3ste92" type="3" sum="37"/>
</round>
<round no="3"><cards type="Turn">D6</cards>
<action no="9" player="M1ky3ste92" type="5" sum="100"/>
<action no="10" player="Aomanuahi" type="23" discard="1" dealt="1" sum="403"/>
<action no="11" player="M1ky3ste92" type="0" sum="0"/>
</round>
</game>
<game gamecode="6590423573"><general>
<startdate>2026-01-11 03:54:39</startdate>
<round>1</round>
<failsafecounter/>
<players><player seat="6" name="Aomanuahi" chips="667" dealer="0" win="20" bet="20" muck="1" rebuy="0" addon="0" merge="0" rebuychips="0" reg_code="5088320667"/>
<player seat="10" name="Nantekotta" chips="510" dealer="1" win="0" bet="0" muck="1" rebuy="0" addon="0" merge="0" rebuychips="0" reg_code="5088320672"/>
<player seat="3" name="M1ky3ste92" chips="323" dealer="0" win="0" bet="10" muck="1" rebuy="0" addon="0" merge="0" rebuychips="0" reg_code="5088320655"/>
</players>
</general>
<round no="0"><action no="1" player="M1ky3ste92" type="1" sum="10"/>
<action no="2" player="Aomanuahi" type="2" discard="1" dealt="1" sum="20"/>
</round>
<round no="1"><cards type="Pocket" player="Nantekotta">X X</cards>
<cards type="Pocket" player="Aomanuahi">X X</cards>
<cards type="Pocket" player="M1ky3ste92">CK H2</cards>
<action no="3" player="Nantekotta" type="0" discard="1" dealt="1" sum="0"/>
<action no="4" player="M1ky3ste92" type="0" sum="0"/>
</round>
</game>
<game gamecode="6590423607"><general>
<startdate>2026-01-11 03:54:48</startdate>
<round>1</round>
<failsafecounter/>
<players><player seat="10" name="Nantekotta" chips="510" dealer="0" win="0" bet="20" muck="1" rebuy="0" addon="0" merge="0" rebuychips="0" reg_code="5088320672"/>
<player seat="3" name="M1ky3ste92" chips="313" dealer="1" win="0" bet="40" muck="1" rebuy="0" addon="0" merge="0" rebuychips="0" reg_code="5088320655"/>
<player seat="6" name="Aomanuahi" chips="677" dealer="0" win="100" bet="677" muck="1" rebuy="0" addon="0" merge="0" rebuychips="0" reg_code="5088320667"/>
</players>
</general>
<round no="0"><action no="1" player="Aomanuahi" type="1" discard="1" dealt="1" sum="10"/>
<action no="2" player="Nantekotta" type="2" discard="1" dealt="1" sum="20"/>
</round>
<round no="1"><cards type="Pocket" player="M1ky3ste92">DQ CJ</cards>
<cards type="Pocket" player="Aomanuahi">X X</cards>
<cards type="Pocket" player="Nantekotta">X X</cards>
<action no="3" player="M1ky3ste92" type="23" sum="40"/>
<action no="4" player="Aomanuahi" type="23" discard="1" dealt="1" sum="677"/>
<action no="5" player="Nantekotta" type="0" discard="1" dealt="1" sum="0"/>
<action no="6" player="M1ky3ste92" type="0" sum="0"/>
</round>
</game>
<game gamecode="6590423653"><general>
<startdate>2026-01-11 03:55:01</startdate>
<round>1</round>
<failsafecounter/>
<players><player seat="3" name="M1ky3ste92" chips="273" dealer="0" win="20" bet="20" muck="1" rebuy="0" addon="0" merge="0" rebuychips="0" reg_code="5088320655"/>
<player seat="6" name="Aomanuahi" chips="737" dealer="1" win="0" bet="0" muck="1" rebuy="0" addon="0" merge="0" rebuychips="0" reg_code="5088320667"/>
<player seat="10" name="Nantekotta" chips="490" dealer="0" win="0" bet="10" muck="1" rebuy="0" addon="0" merge="0" rebuychips="0" reg_code="5088320672"/>
</players>
</general>
<round no="0"><action no="1" player="Nantekotta" type="1" discard="1" dealt="1" sum="10"/>
<action no="2" player="M1ky3ste92" type="2" sum="20"/>
</round>
<round no="1"><cards type="Pocket" player="Aomanuahi">X X</cards>
<cards type="Pocket" player="Nantekotta">X X</cards>
<cards type="Pocket" player="M1ky3ste92">H10 DA</cards>
<action no="3" player="Aomanuahi" type="0" discard="1" dealt="1" sum="0"/>
<action no="4" player="Nantekotta" type="0" discard="1" dealt="1" sum="0"/>
</round>
</game>
<game gamecode="6590423682"><general>
<startdate>2026-01-11 03:55:09</startdate>
<round>1</round>
<failsafecounter/>
<players><player seat="6" name="Aomanuahi" chips="737" dealer="0" win="571" bet="283" muck="0" rebuy="0" addon="0" merge="0" rebuychips="0" reg_code="5088320667"/>
<player seat="10" name="Nantekotta" chips="480" dealer="1" win="0" bet="5" muck="1" rebuy="0" addon="0" merge="0" rebuychips="0" reg_code="5088320672"/>
<player seat="3" name="M1ky3ste92" chips="283" dealer="0" win="0" bet="283" muck="0" rebuy="0" addon="0" merge="0" rebuychips="0" reg_code="5088320655"/>
</players>
</general>
<round no="0"><action no="1" player="M1ky3ste92" type="15" sum="5"/>
<action no="2" player="Aomanuahi" type="15" discard="1" dealt="1" sum="5"/>
<action no="3" player="Nantekotta" type="15" discard="1" dealt="1" sum="5"/>
<action no="4" player="M1ky3ste92" type="1" sum="15"/>
<action no="5" player="Aomanuahi" type="2" discard="1" dealt="1" sum="30"/>
</round>
<round no="1"><cards type="Pocket" player="M1ky3ste92">H3 SK</cards>
<cards type="Pocket" player="Aomanuahi">CK D10</cards>
<cards type="Pocket" player="Nantekotta">X X</cards>
<action no="6" player="Nantekotta" type="0" discard="1" dealt="1" sum="0"/>
<action no="7" player="M1ky3ste92" type="23" sum="278"/>
<action no="8" player="Aomanuahi" type="3" discard="1" dealt="1" sum="248"/>
</round>
<round no="2"><cards type="Flop">HJ S2 C8</cards>
</round>
<round no="3"><cards type="Turn">S7</cards>
</round>
<round no="4"><cards type="River">H2</cards>
</round>
</game>
</session>
