<?xml version="1.0" encoding="UTF-8"?>
<session sessioncode="5088849208">
<general>
<client_version>24.7.1.18</client_version>
<mode>real</mode>
<gametype>Holdem NL</gametype>
<tablename>Twister €100 SNG, 826307640</tablename>
<tournamentcode>826307639</tournamentcode>
<tournamentname>Twister €100 SNG</tournamentname>
<buyin>€0 + €7 + €93</buyin>
<totalbuyin>€100</totalbuyin>
<rewarddrawn>€300</rewarddrawn>
<tournamentcurrency>EUR</tournamentcurrency>
<currency>EUR</currency>
<nickname>M1ky3ste92</nickname>
<gamecount>19</gamecount>
<startdate>2026-01-12 23:08:18</startdate>
<place>2</place>
<win>€0</win>
<tablesize>3</tablesize>
</general>
<game gamecode="6592605693"><general>
<startdate>2026-01-12 23:08:34</startdate>
<round>1</round>
<failsafecounter/>
<players><player seat="3" name="Thechosenoonee" chips="500" dealer="0" win="20" bet="20" muck="1" rebuy="0" addon="0" merge="0" rebuychips="0" reg_code="5088848870"/>
<player seat="6" name="M1ky3ste92" chips="500" dealer="1" win="0" bet="0" muck="1" rebuy="0" addon="0" merge="0" rebuychips="0" reg_code="5088849208"/>
<player seat="10" name="Aomanuahi" chips="500" dealer="0" win="0" bet="10" muck="1" rebuy="0" addon="0" merge="0" rebuychips="0" reg_code="5088849513"/>
</players>
</general>
<round no="0"><action no="1" player="Aomanuahi" type="1" discard="1" dealt="1" sum="10"/>
<action no="2" player="Thechosenoonee" type="2" discard="1" dealt="1" sum="20"/>
</round>
<round no="1"><cards type="Pocket" player="Thechosenoonee">X X</cards>
<cards type="Pocket" player="M1ky3ste92">DJ D6</cards>
<cards type="Pocket" player="Aomanuahi">X X</cards>
<action no="3" player="M1ky3ste92" type="0" sum="0"/>
<action no="4" player="Aomanuahi" type="0" discard="1" dealt="1" sum="0"/>
</round>
</game>
<game gamecode="6592605791"><general>
<startdate>2026-01-12 23:08:46</startdate>
<round>1</round>
<failsafecounter/>
<players><player seat="6" name="M1ky3ste92" chips="500" dealer="0" win="20" bet="20" muck="1" rebuy="0" addon="0" merge="0" rebuychips="0" reg_code="5088849208"/>
<player seat="10" name="Aomanuahi" chips="490" dealer="1" win="0" bet="0" muck="1" rebuy="0" addon="0" merge="0" rebuychips="0" reg_code="5088849513"/>
<player seat="3" name="Thechosenoonee" chips="510" dealer="0" win="0" bet="10" muck="1" rebuy="0" addon="0" merge="0" rebuychips="0" reg_code="5088848870"/>
</players>
</general>
<round no="0"><action no="1" player="Thechosenoonee" type="1" discard="1" dealt="1" sum="10"/>
<action no="2" player="M1ky3ste92" type="2" sum="20"/>
</round>
<round no="1"><cards type="Pocket" player="M1ky3ste92">DA H9</cards>
<cards type="Pocket" player="Aomanuahi">X X</cards>
<cards type="Pocket" player="Thechosenoonee">X X</cards>
<action no="3" player="Aomanuahi" type="0" discard="1" dealt="1" sum="0"/>
<action no="4" player="Thechosenoonee" type="0" discard="1" dealt="1" sum="0"/>
</round>
</game>
<game gamecode="6592605893"><general>
<startdate>2026-01-12 23:08:59</startdate>
<round>1</round>
<failsafecounter/>
<players><player seat="10" name="Aomanuahi" chips="490" dealer="0" win="0" bet="20" muck="1" rebuy="0" addon="0" merge="0" rebuychips="0" reg_code="5088849513"/>
<player seat="3" name="Thechosenoonee" chips="500" dealer="1" win="0" bet="40" muck="1" rebuy="0" addon="0" merge="0" rebuychips="0" reg_code="5088848870"/>
<player seat="6" name="M1ky3ste92" chips="510" dealer="0" win="100" bet="120" muck="1" rebuy="0" addon="0" merge="0" rebuychips="0" reg_code="5088849208"/>
</players>
</general>
<round no="0"><action no="1" player="M1ky3ste92" type="1" sum="10"/>
<action no="2" player="Aomanuahi" type="2" discard="1" dealt="1" sum="20"/>
</round>
<round no="1"><cards type="Pocket" player="Thechosenoonee">X X</cards>
<cards type="Pocket" player="M1ky3ste92">S6 S7</cards>
<cards type="Pocket" player="Aomanuahi">X X</cards>
<action no="3" player="Thechosenoonee" type="23" discard="1" dealt="1" sum="40"/>
<action no="4" player="M1ky3ste92" type="23" sum="120"/>
<action no="5" player="Aomanuahi" type="0" discard="1" dealt="1" sum="0"/>
<action no="6" player="Thechosenoonee" type="0" discard="1" dealt="1" sum="0"/>
</round>
</game>
<game gamecode="6592606074"><general>
<startdate>2026-01-12 23:09:19</startdate>
<round>1</round>
<failsafecounter/>
<players><player seat="3" name="Thechosenoonee" chips="460" dealer="0" win="20" bet="20" muck="1" rebuy="0" addon="0" merge="0" rebuychips="0" reg_code="5088848870"/>
<player seat="6" name="M1ky3ste92" chips="570" dealer="1" win="0" bet="0" muck="1" rebuy="0" addon="0" merge="0" rebuychips="0" reg_code="5088849208"/>
<player seat="10" name="Aomanuahi" chips="470" dealer="0" win="0" bet="10" muck="1" rebuy="0" addon="0" merge="0" rebuychips="0" reg_code="5088849513"/>
</players>
</general>
<round no="0"><action no="1" player="Aomanuahi" type="1" discard="1" dealt="1" sum="10"/>
<action no="2" player="Thechosenoonee" type="2" discard="1" dealt="1" sum="20"/>
</round>
<round no="1"><cards type="Pocket" player="Thechosenoonee">X X</cards>
<cards type="Pocket" player="M1ky3ste92">S9 C4</cards>
<cards type="Pocket" player="Aomanuahi">X X</cards>
<action no="3" player="M1ky3ste92" type="0" sum="0"/>
<action no="4" player="Aomanuahi" type="0" discard="1" dealt="1" sum="0"/>
</round>
</game>
<game gamecode="6592606146"><general>
<startdate>2026-01-12 23:09:28</startdate>
<round>1</round>
<failsafecounter/>
<players><player seat="6" name="M1ky3ste92" chips="570" dealer="0" win="40" bet="60" muck="1" rebuy="0" addon="0" merge="0" rebuychips="0" reg_code="5088849208"/>
<player seat="10" name="Aomanuahi" chips="460" dealer="1" win="0" bet="0" muck="1" rebuy="0" addon="0" merge="0" rebuychips="0" reg_code="5088849513"/>
<player seat="3" name="Thechosenoonee" chips="470" dealer="0" win="0" bet="20" muck="1" rebuy="0" addon="0" merge="0" rebuychips="0" reg_code="5088848870"/>
</players>
</general>
<round no="0"><action no="1" player="Thechosenoonee" type="1" discard="1" dealt="1" sum="10"/>
<action no="2" player="M1ky3ste92" type="2" sum="20"/>
</round>
<round no="1"><cards type="Pocket" player="M1ky3ste92">CK DA</cards>
<cards type="Pocket" player="Aomanuahi">X X</cards>
<cards type="Pocket" player="Thechosenoonee">X X</cards>
<action no="3" player="Aomanuahi" type="0" discard="1" dealt="1" sum="0"/>
<action no="4" player="Thechosenoonee" type="3" discard="1" dealt="1" sum="10"/>
<action no="5" player="M1ky3ste92" type="23" sum="60"/>
<action no="6" player="Thechosenoonee" type="0" discard="1" dealt="1" sum="0"/>
</round>
</game>
<game gamecode="6592606338"><general>
<startdate>2026-01-12 23:09:50</startdate>
<round>1</round>
<failsafecounter/>
<players><player seat="10" name="Aomanuahi" chips="460" dealer="0" win="0" bet="40" muck="1" rebuy="0" addon="0" merge="0" rebuychips="0" reg_code="5088849513"/>
<player seat="3" name="Thechosenoonee" chips="450" dealer="1" win="90" bet="60" muck="1" rebuy="0" addon="0" merge="0" rebuychips="0" reg_code="5088848870"/>
<player seat="6" name="M1ky3ste92" chips="590" dealer="0" win="0" bet="10" muck="1" rebuy="0" addon="0" merge="0" rebuychips="0" reg_code="5088849208"/>
</players>
</general>
<round no="0"><action no="1" player="M1ky3ste92" type="1" sum="10"/>
<action no="2" player="Aomanuahi" type="2" discard="1" dealt="1" sum="20"/>
</round>
<round no="1"><cards type="Pocket" player="Thechosenoonee">X X</cards>
<cards type="Pocket" player="Aomanuahi">X X</cards>
<cards type="Pocket" player="M1ky3ste92">D8 C5</cards>
<action no="3" player="Thechosenoonee" type="23" discard="1" dealt="1" sum="40"/>
<action no="4" player="M1ky3ste92" type="0" sum="0"/>
<action no="5" player="Aomanuahi" type="3" discard="1" dealt="1" sum="20"/>
</round>
<round no="2"><cards type="Flop">C8 D9 CQ</cards>
<action no="6" player="Aomanuahi" type="4" discard="1" dealt="1" sum="0"/>
<action no="7" player="Thechosenoonee" type="5" discard="1" dealt="1" sum="20"/>
<action no="8" player="Aomanuahi" type="0" discard="1" dealt="1" sum="0"/>
</round>
</game>
<game gamecode="6592606577"><general>
<startdate>2026-01-12 23:10:18</startdate>
<round>1</round>
<failsafecounter/>
<players><player seat="3" name="Thechosenoonee" chips="500" dealer="0" win="0" bet="65" muck="1" rebuy="0" addon="0" merge="0" rebuychips="0" reg_code="5088848870"/>
<player seat="6" name="M1ky3ste92" chips="580" dealer="1" win="150" bet="125" muck="1" rebuy="0" addon="0" merge="0" rebuychips="0" reg_code="5088849208"/>
<player seat="10" name="Aomanuahi" chips="420" dealer="0" win="0" bet="20" muck="1" rebuy="0" addon="0" merge="0" rebuychips="0" reg_code="5088849513"/>
</players>
</general>
<round no="0"><action no="1" player="Aomanuahi" type="15" discard="1" dealt="1" sum="5"/>
<action no="2" player="Thechosenoonee" type="15" discard="1" dealt="1" sum="5"/>
<action no="3" player="M1ky3ste92" type="15" sum="5"/>
<action no="4" player="Aomanuahi" type="1" discard="1" dealt="1" sum="15"/>
<action no="5" player="Thechosenoonee" type="2" discard="1" dealt="1" sum="30"/>
</round>
<round no="1"><cards type="Pocket" player="M1ky3ste92">HA HK</cards>
<cards type="Pocket" player="Thechosenoonee">X X</cards>
<cards type="Pocket" player="Aomanuahi">X X</cards>
<action no="6" player="M1ky3ste92" type="23" sum="60"/>
<action no="7" player="Aomanuahi" type="0" discard="1" dealt="1" sum="0"/>
<action no="8" player="Thechosenoonee" type="3" discard="1" dealt="1" sum="30"/>
</round>
<round no="2"><cards type="Flop">DJ H7 H6</cards>
<action no="9" player="Thechosenoonee" type="4" discard="1" dealt="1" sum="0"/>
<action no="10" player="M1ky3ste92" type="5" sum="60"/>
<action no="11" player="Thechosenoonee" type="0" discard="1" dealt="1" sum="0"/>
</round>
</game>
<game gamecode="6592606815"><general>
<startdate>2026-01-12 23:10:45</startdate>
<round>1</round>
<failsafecounter/>
<players><player seat="6" name="M1ky3ste92" chips="665" dealer="0" win="0" bet="35" muck="1" rebuy="0" addon="0" merge="0" rebuychips="0" reg_code="5088849208"/>
<player seat="10" name="Aomanuahi" chips="400" dealer="1" win="0" bet="5" muck="1" rebuy="0" addon="0" merge="0" rebuychips="0" reg_code="5088849513"/>
<player seat="3" name="Thechosenoonee" chips="435" dealer="0" win="75" bet="435" muck="1" rebuy="0" addon="0" merge="0" rebuychips="0" reg_code="5088848870"/>
</players>
</general>
<round no="0"><action no="1" player="Thechosenoonee" type="15" discard="1" dealt="1" sum="5"/>
<action no="2" player="M1ky3ste92" type="15" sum="5"/>
<action no="3" player="Aomanuahi" type="15" discard="1" dealt="1" sum="5"/>
<action no="4" player="Thechosenoonee" type="1" discard="1" dealt="1" sum="15"/>
<action no="5" player="M1ky3ste92" type="2" sum="30"/>
</round>
<round no="1"><cards type="Pocket" player="M1ky3ste92">HQ S3</cards>
<cards type="Pocket" player="Aomanuahi">X X</cards>
<cards type="Pocket" player="Thechosenoonee">X X</cards>
<action no="6" player="Aomanuahi" type="0" discard="1" dealt="1" sum="0"/>
<action no="7" player="Thechosenoonee" type="23" discard="1" dealt="1" sum="430"/>
<action no="8" player="M1ky3ste92" type="0" sum="0"/>
</round>
</game>
<game gamecode="6592606904"><general>
<startdate>2026-01-12 23:10:54</startdate>
<round>1</round>
<failsafecounter/>
<players><player seat="10" name="Aomanuahi" chips="395" dealer="0" win="0" bet="95" muck="1" rebuy="0" addon="0" merge="0" rebuychips="0" reg_code="5088849513"/>
<player seat="3" name="Thechosenoonee" chips="475" dealer="1" win="210" bet="200" muck="1" rebuy="0" addon="0" merge="0" rebuychips="0" reg_code="5088848870"/>
<player seat="6" name="M1ky3ste92" chips="630" dealer="0" win="0" bet="20" muck="1" rebuy="0" addon="0" merge="0" rebuychips="0" reg_code="5088849208"/>
</players>
</general>
<round no="0"><action no="1" player="M1ky3ste92" type="15" sum="5"/>
<action no="2" player="Aomanuahi" type="15" discard="1" dealt="1" sum="5"/>
<action no="3" player="Thechosenoonee" type="15" discard="1" dealt="1" sum="5"/>
<action no="4" player="M1ky3ste92" type="1" sum="15"/>
<action no="5" player="Aomanuahi" type="2" discard="1" dealt="1" sum="30"/>
</round>
<round no="1"><cards type="Pocket" player="Thechosenoonee">X X</cards>
<cards type="Pocket" player="Aomanuahi">X X</cards>
<cards type="Pocket" player="M1ky3ste92">C2 SJ</cards>
<action no="6" player="Thechosenoonee" type="23" discard="1" dealt="1" sum="60"/>
<action no="7" player="M1ky3ste92" type="0" sum="0"/>
<action no="8" player="Aomanuahi" type="3" discard="1" dealt="1" sum="30"/>
</round>
<round no="2"><cards type="Flop">C9 H4 SQ</cards>
<action no="9" player="Aomanuahi" type="4" discard="1" dealt="1" sum="0"/>
<action no="10" player="Thechosenoonee" type="5" discard="1" dealt="1" sum="30"/>
<action no="11" player="Aomanuahi" type="3" discard="1" dealt="1" sum="30"/>
</round>
<round no="3"><cards type="Turn">S7</cards>
<action no="12" player="Aomanuahi" type="4" discard="1" dealt="1" sum="0"/>
<action no="13" player="Thechosenoonee" type="5" discard="1" dealt="1" sum="105"/>
<action no="14" player="Aomanuahi" type="0" discard="1" dealt="1" sum="0"/>
</round>
</game>
<game gamecode="6592607418"><general>
<startdate>2026-01-12 23:11:50</startdate>
<round>1</round>
<failsafecounter/>
<players><player seat="3" name="Thechosenoonee" chips="590" dealer="0" win="0" bet="35" muck="1" rebuy="0" addon="0" merge="0" rebuychips="0" reg_code="5088848870"/>
<player seat="6" name="M1ky3ste92" chips="610" dealer="1" win="0" bet="5" muck="1" rebuy="0" addon="0" merge="0" rebuychips="0" reg_code="5088849208"/>
<player seat="10" name="Aomanuahi" chips="300" dealer="0" win="75" bet="80" muck="1" rebuy="0" addon="0" merge="0" rebuychips="0" reg_code="5088849513"/>
</players>
</general>
<round no="0"><action no="1" player="Aomanuahi" type="15" discard="1" dealt="1" sum="5"/>
<action no="2" player="Thechosenoonee" type="15" discard="1" dealt="1" sum="5"/>
<action no="3" player="M1ky3ste92" type="15" sum="5"/>
<action no="4" player="Aomanuahi" type="1" discard="1" dealt="1" sum="15"/>
<action no="5" player="Thechosenoonee" type="2" discard="1" dealt="1" sum="30"/>
</round>
<round no="1"><cards type="Pocket" player="Aomanuahi">X X</cards>
<cards type="Pocket" player="M1ky3ste92">DK H6</cards>
<cards type="Pocket" player="Thechosenoonee">X X</cards>
<action no="6" player="M1ky3ste92" type="0" sum="0"/>
<action no="7" player="Aomanuahi" type="23" discard="1" dealt="1" sum="75"/>
<action no="8" player="Thechosenoonee" type="0" discard="1" dealt="1" sum="0"/>
</round>
</game>
<game gamecode="6592607563"><general>
<startdate>2026-01-12 23:12:06</startdate>
<round>1</round>
<failsafecounter/>
<players><player seat="6" name="M1ky3ste92" chips="605" dealer="0" win="0" bet="45" muck="1" rebuy="0" addon="0" merge="0" rebuychips="0" reg_code="5088849208"/>
<player seat="10" name="Aomanuahi" chips="340" dealer="1" win="115" bet="340" muck="1" rebuy="0" addon="0" merge="0" rebuychips="0" reg_code="5088849513"/>
<player seat="3" name="Thechosenoonee" chips="555" dealer="0" win="0" bet="25" muck="1" rebuy="0" addon="0" merge="0" rebuychips="0" reg_code="5088848870"/>
</players>
</general>
<round no="0"><action no="1" player="Thechosenoonee" type="15" discard="1" dealt="1" sum="5"/>
<action no="2" player="M1ky3ste92" type="15" sum="5"/>
<action no="3" player="Aomanuahi" type="15" discard="1" dealt="1" sum="5"/>
<action no="4" player="Thechosenoonee" type="1" discard="1" dealt="1" sum="20"/>
<action no="5" player="M1ky3ste92" type="2" sum="40"/>
</round>
<round no="1"><cards type="Pocket" player="M1ky3ste92">HQ S3</cards>
<cards type="Pocket" player="Aomanuahi">X X</cards>
<cards type="Pocket" player="Thechosenoonee">X X</cards>
<action no="6" player="Aomanuahi" type="23" discard="1" dealt="1" sum="335"/>
<action no="7" player="Thechosenoonee" type="0" discard="1" dealt="1" sum="0"/>
<action no="8" player="M1ky3ste92" type="0" sum="0"/>
</round>
</game>
<game gamecode="6592607663"><general>
<startdate>2026-01-12 23:12:17</startdate>
<round>1</round>
<failsafecounter/>
<players><player seat="10" name="Aomanuahi" chips="410" dealer="0" win="0" bet="45" muck="1" rebuy="0" addon="0" merge="0" rebuychips="0" reg_code="5088849513"/>
<player seat="3" name="Thechosenoonee" chips="530" dealer="1" win="0" bet="5" muck="1" rebuy="0" addon="0" merge="0" rebuychips="0" reg_code="5088848870"/>
<player seat="6" name="M1ky3ste92" chips="560" dealer="0" win="95" bet="560" muck="1" rebuy="0" addon="0" merge="0" rebuychips="0" reg_code="5088849208"/>
</players>
</general>
<round no="0"><action no="1" player="M1ky3ste92" type="15" sum="5"/>
<action no="2" player="Aomanuahi" type="15" discard="1" dealt="1" sum="5"/>
<action no="3" player="Thechosenoonee" type="15" discard="1" dealt="1" sum="5"/>
<action no="4" player="M1ky3ste92" type="1" sum="20"/>
<action no="5" player="Aomanuahi" type="2" discard="1" dealt="1" sum="40"/>
</round>
<round no="1"><cards type="Pocket" player="Thechosenoonee">X X</cards>
<cards type="Pocket" player="M1ky3ste92">H5 HK</cards>
<cards type="Pocket" player="Aomanuahi">X X</cards>
<action no="6" player="Thechosenoonee" type="0" discard="1" dealt="1" sum="0"/>
<action no="7" player="M1ky3ste92" type="23" sum="555"/>
<action no="8" player="Aomanuahi" type="0" discard="1" dealt="1" sum="0"/>
</round>
</game>
<game gamecode="6592607752"><general>
<startdate>2026-01-12 23:12:27</startdate>
<round>1</round>
<failsafecounter/>
<players><player seat="3" name="Thechosenoonee" chips="525" dealer="0" win="367" bet="365" muck="0" rebuy="0" addon="0" merge="0" rebuychips="0" reg_code="5088848870"/>
<player seat="6" name="M1ky3ste92" chips="610" dealer="1" win="0" bet="5" muck="1" rebuy="0" addon="0" merge="0" rebuychips="0" reg_code="5088849208"/>
<player seat="10" name="Aomanuahi" chips="365" dealer="0" win="368" bet="365" muck="0" rebuy="0" addon="0" merge="0" rebuychips="0" reg_code="5088849513"/>
</players>
</general>
<round no="0"><action no="1" player="Aomanuahi" type="15" discard="1" dealt="1" sum="5"/>
<action no="2" player="Thechosenoonee" type="15" discard="1" dealt="1" sum="5"/>
<action no="3" player="M1ky3ste92" type="15" sum="5"/>
<action no="4" player="Aomanuahi" type="1" discard="1" dealt="1" sum="20"/>
<action no="5" player="Thechosenoonee" type="2" discard="1" dealt="1" sum="40"/>
</round>
<round no="1"><cards type="Pocket" player="Aomanuahi">DK S3</cards>
<cards type="Pocket" player="Thechosenoonee">C7 CK</cards>
<cards type="Pocket" player="M1ky3ste92">HQ D9</cards>
<action no="6" player="M1ky3ste92" type="0" sum="0"/>
<action no="7" player="Aomanuahi" type="23" discard="1" dealt="1" sum="360"/>
<action no="8" player="Thechosenoonee" type="3" discard="1" dealt="1" sum="320"/>
</round>
<round no="2"><cards type="Flop">D10 SJ SA</cards>
</round>
<round no="3"><cards type="Turn">D6</cards>
</round>
<round no="4"><cards type="River">D8</cards>
</round>
</game>
<game gamecode="6592607952"><general>
<startdate>2026-01-12 23:12:49</startdate>
<round>1</round>
<failsafecounter/>
<players><player seat="6" name="M1ky3ste92" chips="605" dealer="0" win="567" bet="281" muck="0" rebuy="0" addon="0" merge="0" rebuychips="0" reg_code="5088849208"/>
<player seat="10" name="Aomanuahi" chips="368" dealer="1" win="0" bet="5" muck="1" rebuy="0" addon="0" merge="0" rebuychips="0" reg_code="5088849513"/>
<player seat="3" name="Thechosenoonee" chips="527" dealer="0" win="0" bet="281" muck="1" rebuy="0" addon="0" merge="0" rebuychips="0" reg_code="5088848870"/>
</players>
</general>
<round no="0"><action no="1" player="Thechosenoonee" type="15" discard="1" dealt="1" sum="5"/>
<action no="2" player="M1ky3ste92" type="15" sum="5"/>
<action no="3" player="Aomanuahi" type="15" discard="1" dealt="1" sum="5"/>
<action no="4" player="Thechosenoonee" type="1" discard="1" dealt="1" sum="20"/>
<action no="5" player="M1ky3ste92" type="2" sum="40"/>
</round>
<round no="1"><cards type="Pocket" player="Thechosenoonee">C5 H8</cards>
<cards type="Pocket" player="Aomanuahi">X X</cards>
<cards type="Pocket" player="M1ky3ste92">D6 D9</cards>
<action no="6" player="Aomanuahi" type="0" discard="1" dealt="1" sum="0"/>
<action no="7" player="Thechosenoonee" type="3" discard="1" dealt="1" sum="20"/>
<action no="8" player="M1ky3ste92" type="4" sum="0"/>
</round>
<round no="2"><cards type="Flop">H5 D7 S4</cards>
<action no="9" player="Thechosenoonee" type="4" discard="1" dealt="1" sum="0"/>
<action no="10" player="M1ky3ste92" type="4" sum="0"/>
</round>
<round no="3"><cards type="Turn">H3</cards>
<action no="11" player="Thechosenoonee" type="4" discard="1" dealt="1" sum="0"/>
<action no="12" player="M1ky3ste92" type="5" sum="47"/>
<action no="13" player="Thechosenoonee" type="3" discard="1" dealt="1" sum="47"/>
</round>
<round no="4"><cards type="River">S8</cards>
<action no="14" player="Thechosenoonee" type="4" discard="1" dealt="1" sum="0"/>
<action no="15" player="M1ky3ste92" type="5" sum="189"/>
<action no="16" player="Thechosenoonee" type="3" discard="1" dealt="1" sum="189"/>
</round>
</game>
<game gamecode="6592608578"><general>
<startdate>2026-01-12 23:13:56</startdate>
<round>1</round>
<failsafecounter/>
<players><player seat="10" name="Aomanuahi" chips="363" dealer="0" win="0" bet="246" muck="1" rebuy="0" addon="0" merge="0" rebuychips="0" reg_code="5088849513"/>
<player seat="3" name="Thechosenoonee" chips="246" dealer="1" win="527" bet="246" muck="0" rebuy="0" addon="0" merge="0" rebuychips="0" reg_code="5088848870"/>
<player seat="6" name="M1ky3ste92" chips="891" dealer="0" win="0" bet="35" muck="1" rebuy="0" addon="0" merge="0" rebuychips="0" reg_code="5088849208"/>
</players>
</general>
<round no="0"><action no="1" player="M1ky3ste92" type="15" sum="5"/>
<action no="2" player="Aomanuahi" type="15" discard="1" dealt="1" sum="5"/>
<action no="3" player="Thechosenoonee" type="15" discard="1" dealt="1" sum="5"/>
<action no="4" player="M1ky3ste92" type="1" sum="30"/>
<action no="5" player="Aomanuahi" type="2" discard="1" dealt="1" sum="60"/>
</round>
<round no="1"><cards type="Pocket" player="Aomanuahi">HQ H2</cards>
<cards type="Pocket" player="M1ky3ste92">SJ D4</cards>
<cards type="Pocket" player="Thechosenoonee">C6 S6</cards>
<action no="6" player="Thechosenoonee" type="23" discard="1" dealt="1" sum="241"/>
<action no="7" player="M1ky3ste92" type="0" sum="0"/>
<action no="8" player="Aomanuahi" type="3" discard="1" dealt="1" sum="181"/>
</round>
<round no="2"><cards type="Flop">D6 S4 H5</cards>
</round>
<round no="3"><cards type="Turn">H9</cards>
</round>
<round no="4"><cards type="River">CK</cards>
</round>
</game>
<game gamecode="6592618937"><general>
<startdate>2026-01-12 23:14:20</startdate>
<round>1</round>
<failsafecounter/>
<players><player seat="3" name="Thechosenoonee" chips="527" dealer="0" win="0" bet="65" muck="1" rebuy="0" addon="0" merge="0" rebuychips="0" reg_code="5088848870"/>
<player seat="6" name="M1ky3ste92" chips="856" dealer="1" win="165" bet="856" muck="1" rebuy="0" addon="0" merge="0" rebuychips="0" reg_code="5088849208"/>
<player seat="10" name="Aomanuahi" chips="117" dealer="0" win="0" bet="35" muck="1" rebuy="0" addon="0" merge="0" rebuychips="0" reg_code="5088849513"/>
</players>
</general>
<round no="0"><action no="1" player="Aomanuahi" type="15" discard="1" dealt="1" sum="5"/>
<action no="2" player="Thechosenoonee" type="15" discard="1" dealt="1" sum="5"/>
<action no="3" player="M1ky3ste92" type="15" sum="5"/>
<action no="4" player="Aomanuahi" type="1" discard="1" dealt="1" sum="30"/>
<action no="5" player="Thechosenoonee" type="2" discard="1" dealt="1" sum="60"/>
</round>
<round no="1"><cards type="Pocket" player="M1ky3ste92">H10 SK</cards>
<cards type="Pocket" player="Aomanuahi">X X</cards>
<cards type="Pocket" player="Thechosenoonee">X X</cards>
<action no="6" player="M1ky3ste92" type="23" sum="851"/>
<action no="7" player="Aomanuahi" type="0" discard="1" dealt="1" sum="0"/>
<action no="8" player="Thechosenoonee" type="0" discard="1" dealt="1" sum="0"/>
</round>
</game>
<game gamecode="6592619043"><general>
<startdate>2026-01-12 23:14:31</startdate>
<round>1</round>
<failsafecounter/>
<players><player seat="6" name="M1ky3ste92" chips="956" dealer="0" win="246" bet="956" muck="0" rebuy="0" addon="0" merge="0" rebuychips="0" reg_code="5088849208"/>
<player seat="10" name="Aomanuahi" chips="82" dealer="1" win="0" bet="82" muck="0" rebuy="0" addon="0" merge="0" rebuychips="0" reg_code="5088849513"/>
<player seat="3" name="Thechosenoonee" chips="462" dealer="0" win="0" bet="82" muck="1" rebuy="0" addon="0" merge="0" rebuychips="0" reg_code="5088848870"/>
</players>
</general>
<round no="0"><action no="1" player="Thechosenoonee" type="15" discard="1" dealt="1" sum="5"/>
<action no="2" player="M1ky3ste92" type="15" sum="5"/>
<action no="3" player="Aomanuahi" type="15" discard="1" dealt="1" sum="5"/>
<action no="4" player="Thechosenoonee" type="1" discard="1" dealt="1" sum="30"/>
<action no="5" player="M1ky3ste92" type="2" sum="60"/>
</round>
<round no="1"><cards type="Pocket" player="M1ky3ste92">CA C5</cards>
<cards type="Pocket" player="Thechosenoonee">X X</cards>
<cards type="Pocket" player="Aomanuahi">C6 CJ</cards>
<action no="6" player="Aomanuahi" type="7" discard="1" dealt="1" sum="77"/>
<action no="7" player="Thechosenoonee" type="3" discard="1" dealt="1" sum="47"/>
<action no="8" player="M1ky3ste92" type="23" sum="951"/>
<action no="9" player="Thechosenoonee" type="0" discard="1" dealt="1" sum="0"/>
</round>
<round no="2"><cards type="Flop">C4 S5 S7</cards>
</round>
<round no="3"><cards type="Turn">DQ</cards>
</round>
<round no="4"><cards type="River">C10</cards>
</round>
</game>
<game gamecode="6592619281"><general>
<startdate>2026-01-12 23:14:59</startdate>
<round>1</round>
<failsafecounter/>
<players><player seat="6" name="M1ky3ste92" chips="1,120" dealer="0" win="0" bet="380" muck="1" rebuy="0" addon="0" merge="0" rebuychips="0" reg_code="5088849208"/>
<player seat="3" name="Thechosenoonee" chips="380" dealer="1" win="760" bet="380" muck="0" rebuy="0" addon="0" merge="0" rebuychips="0" reg_code="5088848870"/>
</players>
</general>
<round no="0"><action no="1" player="Thechosenoonee" type="15" discard="1" dealt="1" sum="5"/>
<action no="2" player="M1ky3ste92" type="15" sum="5"/>
<action no="3" player="Thechosenoonee" type="1" discard="1" dealt="1" sum="30"/>
<action no="4" player="M1ky3ste92" type="2" sum="60"/>
</round>
<round no="1"><cards type="Pocket" player="M1ky3ste92">HK CQ</cards>
<cards type="Pocket" player="Thechosenoonee">SJ C8</cards>
<action no="5" player="Thechosenoonee" type="23" discard="1" dealt="1" sum="375"/>
<action no="6" player="M1ky3ste92" type="3" sum="315"/>
</round>
<round no="2"><cards type="Flop">D5 D9 S6</cards>
</round>
<round no="3"><cards type="Turn">D8</cards>
</round>
<round no="4"><cards type="River">H8</cards>
</round>
</game>
<game gamecode="6592619436"><general>
<startdate>2026-01-12 23:15:16</startdate>
<round>1</round>
<failsafecounter/>
<players><player seat="3" name="Thechosenoonee" chips="760" dealer="0" win="1,480" bet="740" muck="0" rebuy="0" addon="0" merge="0" rebuychips="0" reg_code="5088848870"/>
<player seat="6" name="M1ky3ste92" chips="740" dealer="1" win="0" bet="740" muck="0" rebuy="0" addon="0" merge="0" rebuychips="0" reg_code="5088849208"/>
</players>
</general>
<round no="0"><action no="1" player="M1ky3ste92" type="15" sum="8"/>
<action no="2" player="Thechosenoonee" type="15" discard="1" dealt="1" sum="8"/>
<action no="3" player="M1ky3ste92" type="1" sum="40"/>
<action no="4" player="Thechosenoonee" type="2" discard="1" dealt="1" sum="80"/>
</round>
<round no="1"><cards type="Pocket" player="M1ky3ste92">HK C8</cards>
<cards type="Pocket" player="Thechosenoonee">SQ C9</cards>
<action no="5" player="M1ky3ste92" type="23" sum="732"/>
<action no="6" player="Thechosenoonee" type="3" discard="1" dealt="1" sum="652"/>
</round>
<round no="2"><cards type="Flop">H6 S10 DQ</cards>
</round>
<round no="3"><cards type="Turn">D8</cards>
</round>
<round no="4"><cards type="River">HQ</cards>
</round>
</game>
</session>
