<?xml version="1.0" encoding="UTF-8"?>
<session sessioncode="5088034050">
<general>
<client_version>24.7.1.18</client_version>
<mode>real</mode>
<gametype>Holdem NL</gametype>
<tablename>Twister €100 SNG, 826070721</tablename>
<tournamentcode>826070720</tournamentcode>
<tournamentname>Twister €100 SNG</tournamentname>
<buyin>€0 + €7 + €93</buyin>
<totalbuyin>€100</totalbuyin>
<rewarddrawn>€200</rewarddrawn>
<tournamentcurrency>EUR</tournamentcurrency>
<currency>EUR</currency>
<nickname>M1ky3ste92</nickname>
<gamecount>14</gamecount>
<startdate>2026-01-10 08:41:30</startdate>
<place>1</place>
<win>€200</win>
<tablesize>3</tablesize>
</general>
<game gamecode="6589321038"><general>
<startdate>2026-01-10 08:41:46</startdate>
<round>1</round>
<failsafecounter/>
<players><player seat="10" name="Ofiorbe74" chips="500" dealer="0" win="120" bet="130" muck="1" rebuy="0" addon="0" merge="0" rebuychips="0" reg_code="5088034055"/>
<player seat="3" name="Ankalaev" chips="500" dealer="1" win="0" bet="40" muck="1" rebuy="0" addon="0" merge="0" rebuychips="0" reg_code="5088034007"/>
<player seat="6" name="M1ky3ste92" chips="500" dealer="0" win="0" bet="40" muck="1" rebuy="0" addon="0" merge="0" rebuychips="0" reg_code="5088034050"/>
</players>
</general>
<round no="0"><action no="1" player="M1ky3ste92" type="1" sum="10"/>
<action no="2" player="Ofiorbe74" type="2" discard="1" dealt="1" sum="20"/>
</round>
<round no="1"><cards type="Pocket" player="Ankalaev">X X</cards>
<cards type="Pocket" player="Ofiorbe74">X X</cards>
<cards type="Pocket" player="M1ky3ste92">DQ DJ</cards>
<action no="3" player="Ankalaev" type="23" discard="1" dealt="1" sum="40"/>
<action no="4" player="M1ky3ste92" type="3" sum="30"/>
<action no="5" player="Ofiorbe74" type="3" discard="1" dealt="1" sum="20"/>
</round>
<round no="2"><cards type="Flop">S2 S8 H3</cards>
<action no="6" player="M1ky3ste92" type="4" sum="0"/>
<action no="7" player="Ofiorbe74" type="4" discard="1" dealt="1" sum="0"/>
<action no="8" player="Ankalaev" type="4" discard="1" dealt="1" sum="0"/>
</round>
<round no="3"><cards type="Turn">D9</cards>
<action no="9" player="M1ky3ste92" type="4" sum="0"/>
<action no="10" player="Ofiorbe74" type="5" discard="1" dealt="1" sum="90"/>
<action no="11" player="Ankalaev" type="0" discard="1" dealt="1" sum="0"/>
<action no="12" player="M1ky3ste92" type="0" sum="0"/>
</round>
</game>
<game gamecode="6589321128"><general>
<startdate>2026-01-10 08:42:26</startdate>
<round>1</round>
<failsafecounter/>
<players><player seat="3" name="Ankalaev" chips="460" dealer="0" win="90" bet="120" muck="1" rebuy="0" addon="0" merge="0" rebuychips="0" reg_code="5088034007"/>
<player seat="6" name="M1ky3ste92" chips="460" dealer="1" win="0" bet="40" muck="1" rebuy="0" addon="0" merge="0" rebuychips="0" reg_code="5088034050"/>
<player seat="10" name="Ofiorbe74" chips="580" dealer="0" win="0" bet="10" muck="1" rebuy="0" addon="0" merge="0" rebuychips="0" reg_code="5088034055"/>
</players>
</general>
<round no="0"><action no="1" player="Ofiorbe74" type="1" discard="1" dealt="1" sum="10"/>
<action no="2" player="Ankalaev" type="2" discard="1" dealt="1" sum="20"/>
</round>
<round no="1"><cards type="Pocket" player="Ofiorbe74">X X</cards>
<cards type="Pocket" player="Ankalaev">X X</cards>
<cards type="Pocket" player="M1ky3ste92">C10 HQ</cards>
<action no="3" player="M1ky3ste92" type="23" sum="40"/>
<action no="4" player="Ofiorbe74" type="0" discard="1" dealt="1" sum="0"/>
<action no="5" player="Ankalaev" type="23" discard="1" dealt="1" sum="120"/>
<action no="6" player="M1ky3ste92" type="0" sum="0"/>
</round>
</game>
<game gamecode="6589321155"><general>
<startdate>2026-01-10 08:42:38</startdate>
<round>1</round>
<failsafecounter/>
<players><player seat="6" name="M1ky3ste92" chips="420" dealer="0" win="20" bet="20" muck="1" rebuy="0" addon="0" merge="0" rebuychips="0" reg_code="5088034050"/>
<player seat="10" name="Ofiorbe74" chips="570" dealer="1" win="0" bet="0" muck="1" rebuy="0" addon="0" merge="0" rebuychips="0" reg_code="5088034055"/>
<player seat="3" name="Ankalaev" chips="510" dealer="0" win="0" bet="10" muck="1" rebuy="0" addon="0" merge="0" rebuychips="0" reg_code="5088034007"/>
</players>
</general>
<round no="0"><action no="1" player="Ankalaev" type="1" discard="1" dealt="1" sum="10"/>
<action no="2" player="M1ky3ste92" type="2" sum="20"/>
</round>
<round no="1"><cards type="Pocket" player="M1ky3ste92">D5 S7</cards>
<cards type="Pocket" player="Ofiorbe74">X X</cards>
<cards type="Pocket" player="Ankalaev">X X</cards>
<action no="3" player="Ofiorbe74" type="0" discard="1" dealt="1" sum="0"/>
<action no="4" player="Ankalaev" type="0" discard="1" dealt="1" sum="0"/>
</round>
</game>
<game gamecode="6589321174"><general>
<startdate>2026-01-10 08:42:45</startdate>
<round>1</round>
<failsafecounter/>
<players><player seat="10" name="Ofiorbe74" chips="570" dealer="0" win="0" bet="20" muck="1" rebuy="0" addon="0" merge="0" rebuychips="0" reg_code="5088034055"/>
<player seat="3" name="Ankalaev" chips="500" dealer="1" win="50" bet="40" muck="1" rebuy="0" addon="0" merge="0" rebuychips="0" reg_code="5088034007"/>
<player seat="6" name="M1ky3ste92" chips="430" dealer="0" win="0" bet="10" muck="1" rebuy="0" addon="0" merge="0" rebuychips="0" reg_code="5088034050"/>
</players>
</general>
<round no="0"><action no="1" player="M1ky3ste92" type="1" sum="10"/>
<action no="2" player="Ofiorbe74" type="2" discard="1" dealt="1" sum="20"/>
</round>
<round no="1"><cards type="Pocket" player="M1ky3ste92">H2 S9</cards>
<cards type="Pocket" player="Ofiorbe74">X X</cards>
<cards type="Pocket" player="Ankalaev">X X</cards>
<action no="3" player="Ankalaev" type="23" discard="1" dealt="1" sum="40"/>
<action no="4" player="M1ky3ste92" type="0" sum="0"/>
<action no="5" player="Ofiorbe74" type="0" discard="1" dealt="1" sum="0"/>
</round>
</game>
<game gamecode="6589321202"><general>
<startdate>2026-01-10 08:42:58</startdate>
<round>1</round>
<failsafecounter/>
<players><player seat="3" name="Ankalaev" chips="530" dealer="0" win="0" bet="60" muck="1" rebuy="0" addon="0" merge="0" rebuychips="0" reg_code="5088034007"/>
<player seat="6" name="M1ky3ste92" chips="420" dealer="1" win="130" bet="60" muck="0" rebuy="0" addon="0" merge="0" rebuychips="0" reg_code="5088034050"/>
<player seat="10" name="Ofiorbe74" chips="550" dealer="0" win="0" bet="10" muck="1" rebuy="0" addon="0" merge="0" rebuychips="0" reg_code="5088034055"/>
</players>
</general>
<round no="0"><action no="1" player="Ofiorbe74" type="1" discard="1" dealt="1" sum="10"/>
<action no="2" player="Ankalaev" type="2" discard="1" dealt="1" sum="20"/>
</round>
<round no="1"><cards type="Pocket" player="Ankalaev">HK H9</cards>
<cards type="Pocket" player="Ofiorbe74">X X</cards>
<cards type="Pocket" player="M1ky3ste92">SK CK</cards>
<action no="3" player="M1ky3ste92" type="23" sum="40"/>
<action no="4" player="Ofiorbe74" type="0" discard="1" dealt="1" sum="0"/>
<action no="5" player="Ankalaev" type="3" discard="1" dealt="1" sum="20"/>
</round>
<round no="2"><cards type="Flop">H5 S6 CA</cards>
<action no="6" player="Ankalaev" type="4" discard="1" dealt="1" sum="0"/>
<action no="7" player="M1ky3ste92" type="5" sum="20"/>
<action no="8" player="Ankalaev" type="3" discard="1" dealt="1" sum="20"/>
</round>
<round no="3"><cards type="Turn">DJ</cards>
<action no="9" player="Ankalaev" type="4" discard="1" dealt="1" sum="0"/>
<action no="10" player="M1ky3ste92" type="4" sum="0"/>
</round>
<round no="4"><cards type="River">H8</cards>
<action no="11" player="Ankalaev" type="4" discard="1" dealt="1" sum="0"/>
<action no="12" player="M1ky3ste92" type="4" sum="0"/>
</round>
</game>
<game gamecode="6589321280"><general>
<startdate>2026-01-10 08:43:38</startdate>
<round>1</round>
<failsafecounter/>
<players><player seat="6" name="M1ky3ste92" chips="490" dealer="0" win="0" bet="35" muck="1" rebuy="0" addon="0" merge="0" rebuychips="0" reg_code="5088034050"/>
<player seat="10" name="Ofiorbe74" chips="540" dealer="1" win="0" bet="5" muck="1" rebuy="0" addon="0" merge="0" rebuychips="0" reg_code="5088034055"/>
<player seat="3" name="Ankalaev" chips="470" dealer="0" win="75" bet="470" muck="1" rebuy="0" addon="0" merge="0" rebuychips="0" reg_code="5088034007"/>
</players>
</general>
<round no="0"><action no="1" player="Ankalaev" type="15" discard="1" dealt="1" sum="5"/>
<action no="2" player="M1ky3ste92" type="15" sum="5"/>
<action no="3" player="Ofiorbe74" type="15" discard="1" dealt="1" sum="5"/>
<action no="4" player="Ankalaev" type="1" discard="1" dealt="1" sum="15"/>
<action no="5" player="M1ky3ste92" type="2" sum="30"/>
</round>
<round no="1"><cards type="Pocket" player="M1ky3ste92">SJ H6</cards>
<cards type="Pocket" player="Ofiorbe74">X X</cards>
<cards type="Pocket" player="Ankalaev">X X</cards>
<action no="6" player="Ofiorbe74" type="0" discard="1" dealt="1" sum="0"/>
<action no="7" player="Ankalaev" type="23" discard="1" dealt="1" sum="465"/>
<action no="8" player="M1ky3ste92" type="0" sum="0"/>
</round>
</game>
<game gamecode="6589321326"><general>
<startdate>2026-01-10 08:44:01</startdate>
<round>1</round>
<failsafecounter/>
<players><player seat="10" name="Ofiorbe74" chips="535" dealer="0" win="135" bet="98" muck="1" rebuy="0" addon="0" merge="0" rebuychips="0" reg_code="5088034055"/>
<player seat="3" name="Ankalaev" chips="510" dealer="1" win="0" bet="5" muck="1" rebuy="0" addon="0" merge="0" rebuychips="0" reg_code="5088034007"/>
<player seat="6" name="M1ky3ste92" chips="455" dealer="0" win="0" bet="65" muck="1" rebuy="0" addon="0" merge="0" rebuychips="0" reg_code="5088034050"/>
</players>
</general>
<round no="0"><action no="1" player="M1ky3ste92" type="15" sum="5"/>
<action no="2" player="Ofiorbe74" type="15" discard="1" dealt="1" sum="5"/>
<action no="3" player="Ankalaev" type="15" discard="1" dealt="1" sum="5"/>
<action no="4" player="M1ky3ste92" type="1" sum="15"/>
<action no="5" player="Ofiorbe74" type="2" discard="1" dealt="1" sum="30"/>
</round>
<round no="1"><cards type="Pocket" player="Ofiorbe74">X X</cards>
<cards type="Pocket" player="Ankalaev">X X</cards>
<cards type="Pocket" player="M1ky3ste92">H9 H4</cards>
<action no="6" player="Ankalaev" type="0" discard="1" dealt="1" sum="0"/>
<action no="7" player="M1ky3ste92" type="3" sum="15"/>
<action no="8" player="Ofiorbe74" type="4" discard="1" dealt="1" sum="0"/>
</round>
<round no="2"><cards type="Flop">CQ C2 S2</cards>
<action no="9" player="M1ky3ste92" type="5" sum="30"/>
<action no="10" player="Ofiorbe74" type="3" discard="1" dealt="1" sum="30"/>
</round>
<round no="3"><cards type="Turn">D6</cards>
<action no="11" player="M1ky3ste92" type="4" sum="0"/>
<action no="12" player="Ofiorbe74" type="4" discard="1" dealt="1" sum="0"/>
</round>
<round no="4"><cards type="River">D8</cards>
<action no="13" player="M1ky3ste92" type="4" sum="0"/>
<action no="14" player="Ofiorbe74" type="5" discard="1" dealt="1" sum="33"/>
<action no="15" player="M1ky3ste92" type="0" sum="0"/>
</round>
</game>
<game gamecode="6589321385"><general>
<startdate>2026-01-10 08:44:30</startdate>
<round>1</round>
<failsafecounter/>
<players><player seat="3" name="Ankalaev" chips="505" dealer="0" win="0" bet="35" muck="1" rebuy="0" addon="0" merge="0" rebuychips="0" reg_code="5088034007"/>
<player seat="6" name="M1ky3ste92" chips="390" dealer="1" win="815" bet="390" muck="0" rebuy="0" addon="0" merge="0" rebuychips="0" reg_code="5088034050"/>
<player seat="10" name="Ofiorbe74" chips="605" dealer="0" win="0" bet="605" muck="1" rebuy="0" addon="0" merge="0" rebuychips="0" reg_code="5088034055"/>
</players>
</general>
<round no="0"><action no="1" player="Ofiorbe74" type="15" discard="1" dealt="1" sum="5"/>
<action no="2" player="Ankalaev" type="15" discard="1" dealt="1" sum="5"/>
<action no="3" player="M1ky3ste92" type="15" sum="5"/>
<action no="4" player="Ofiorbe74" type="1" discard="1" dealt="1" sum="15"/>
<action no="5" player="Ankalaev" type="2" discard="1" dealt="1" sum="30"/>
</round>
<round no="1"><cards type="Pocket" player="Ankalaev">X X</cards>
<cards type="Pocket" player="M1ky3ste92">C3 HA</cards>
<cards type="Pocket" player="Ofiorbe74">CA C8</cards>
<action no="6" player="M1ky3ste92" type="23" sum="385"/>
<action no="7" player="Ofiorbe74" type="7" discard="1" dealt="1" sum="585"/>
<action no="8" player="Ankalaev" type="0" discard="1" dealt="1" sum="0"/>
</round>
<round no="2"><cards type="Flop">D2 S2 H2</cards>
</round>
<round no="3"><cards type="Turn">H7</cards>
</round>
<round no="4"><cards type="River">S3</cards>
</round>
</game>
<game gamecode="6589321418"><general>
<startdate>2026-01-10 08:44:49</startdate>
<round>1</round>
<failsafecounter/>
<players><player seat="6" name="M1ky3ste92" chips="815" dealer="0" win="0" bet="35" muck="1" rebuy="0" addon="0" merge="0" rebuychips="0" reg_code="5088034050"/>
<player seat="10" name="Ofiorbe74" chips="215" dealer="1" win="90" bet="215" muck="1" rebuy="0" addon="0" merge="0" rebuychips="0" reg_code="5088034055"/>
<player seat="3" name="Ankalaev" chips="470" dealer="0" win="0" bet="20" muck="1" rebuy="0" addon="0" merge="0" rebuychips="0" reg_code="5088034007"/>
</players>
</general>
<round no="0"><action no="1" player="Ankalaev" type="15" discard="1" dealt="1" sum="5"/>
<action no="2" player="M1ky3ste92" type="15" sum="5"/>
<action no="3" player="Ofiorbe74" type="15" discard="1" dealt="1" sum="5"/>
<action no="4" player="Ankalaev" type="1" discard="1" dealt="1" sum="15"/>
<action no="5" player="M1ky3ste92" type="2" sum="30"/>
</round>
<round no="1"><cards type="Pocket" player="Ofiorbe74">X X</cards>
<cards type="Pocket" player="Ankalaev">X X</cards>
<cards type="Pocket" player="M1ky3ste92">D5 D8</cards>
<action no="6" player="Ofiorbe74" type="23" discard="1" dealt="1" sum="210"/>
<action no="7" player="Ankalaev" type="0" discard="1" dealt="1" sum="0"/>
<action no="8" player="M1ky3ste92" type="0" sum="0"/>
</round>
</game>
<game gamecode="6589321435"><general>
<startdate>2026-01-10 08:44:57</startdate>
<round>1</round>
<failsafecounter/>
<players><player seat="10" name="Ofiorbe74" chips="270" dealer="0" win="0" bet="35" muck="1" rebuy="0" addon="0" merge="0" rebuychips="0" reg_code="5088034055"/>
<player seat="3" name="Ankalaev" chips="450" dealer="1" win="0" bet="5" muck="1" rebuy="0" addon="0" merge="0" rebuychips="0" reg_code="5088034007"/>
<player seat="6" name="M1ky3ste92" chips="780" dealer="0" win="75" bet="780" muck="1" rebuy="0" addon="0" merge="0" rebuychips="0" reg_code="5088034050"/>
</players>
</general>
<round no="0"><action no="1" player="M1ky3ste92" type="15" sum="5"/>
<action no="2" player="Ofiorbe74" type="15" discard="1" dealt="1" sum="5"/>
<action no="3" player="Ankalaev" type="15" discard="1" dealt="1" sum="5"/>
<action no="4" player="M1ky3ste92" type="1" sum="15"/>
<action no="5" player="Ofiorbe74" type="2" discard="1" dealt="1" sum="30"/>
</round>
<round no="1"><cards type="Pocket" player="M1ky3ste92">SJ S6</cards>
<cards type="Pocket" player="Ofiorbe74">X X</cards>
<cards type="Pocket" player="Ankalaev">X X</cards>
<action no="6" player="Ankalaev" type="0" discard="1" dealt="1" sum="0"/>
<action no="7" player="M1ky3ste92" type="23" sum="775"/>
<action no="8" player="Ofiorbe74" type="0" discard="1" dealt="1" sum="0"/>
</round>
</game>
<game gamecode="6589321451"><general>
<startdate>2026-01-10 08:45:06</startdate>
<round>1</round>
<failsafecounter/>
<players><player seat="3" name="Ankalaev" chips="445" dealer="0" win="55" bet="45" muck="1" rebuy="0" addon="0" merge="0" rebuychips="0" reg_code="5088034007"/>
<player seat="6" name="M1ky3ste92" chips="820" dealer="1" win="0" bet="5" muck="1" rebuy="0" addon="0" merge="0" rebuychips="0" reg_code="5088034050"/>
<player seat="10" name="Ofiorbe74" chips="235" dealer="0" win="0" bet="25" muck="1" rebuy="0" addon="0" merge="0" rebuychips="0" reg_code="5088034055"/>
</players>
</general>
<round no="0"><action no="1" player="Ofiorbe74" type="15" discard="1" dealt="1" sum="5"/>
<action no="2" player="Ankalaev" type="15" discard="1" dealt="1" sum="5"/>
<action no="3" player="M1ky3ste92" type="15" sum="5"/>
<action no="4" player="Ofiorbe74" type="1" discard="1" dealt="1" sum="20"/>
<action no="5" player="Ankalaev" type="2" discard="1" dealt="1" sum="40"/>
</round>
<round no="1"><cards type="Pocket" player="M1ky3ste92">S6 S4</cards>
<cards type="Pocket" player="Ofiorbe74">X X</cards>
<cards type="Pocket" player="Ankalaev">X X</cards>
<action no="6" player="M1ky3ste92" type="0" sum="0"/>
<action no="7" player="Ofiorbe74" type="0" discard="1" dealt="1" sum="0"/>
</round>
</game>
<game gamecode="6589321467"><general>
<startdate>2026-01-10 08:45:14</startdate>
<round>1</round>
<failsafecounter/>
<players><player seat="6" name="M1ky3ste92" chips="815" dealer="0" win="445" bet="210" muck="0" rebuy="0" addon="0" merge="0" rebuychips="0" reg_code="5088034050"/>
<player seat="10" name="Ofiorbe74" chips="210" dealer="1" win="0" bet="210" muck="0" rebuy="0" addon="0" merge="0" rebuychips="0" reg_code="5088034055"/>
<player seat="3" name="Ankalaev" chips="475" dealer="0" win="0" bet="25" muck="1" rebuy="0" addon="0" merge="0" rebuychips="0" reg_code="5088034007"/>
</players>
</general>
<round no="0"><action no="1" player="Ankalaev" type="15" discard="1" dealt="1" sum="5"/>
<action no="2" player="M1ky3ste92" type="15" sum="5"/>
<action no="3" player="Ofiorbe74" type="15" discard="1" dealt="1" sum="5"/>
<action no="4" player="Ankalaev" type="1" discard="1" dealt="1" sum="20"/>
<action no="5" player="M1ky3ste92" type="2" sum="40"/>
</round>
<round no="1"><cards type="Pocket" player="Ankalaev">X X</cards>
<cards type="Pocket" player="M1ky3ste92">C4 DA</cards>
<cards type="Pocket" player="Ofiorbe74">S5 CA</cards>
<action no="6" player="Ofiorbe74" type="23" discard="1" dealt="1" sum="205"/>
<action no="7" player="Ankalaev" type="0" discard="1" dealt="1" sum="0"/>
<action no="8" player="M1ky3ste92" type="3" sum="165"/>
</round>
<round no="2"><cards type="Flop">D4 S8 H7</cards>
</round>
<round no="3"><cards type="Turn">H3</cards>
</round>
<round no="4"><cards type="River">D8</cards>
</round>
</game>
<game gamecode="6589321500"><general>
<startdate>2026-01-10 08:45:30</startdate>
<round>1</round>
<failsafecounter/>
<players><player seat="6" name="M1ky3ste92" chips="1,050" dealer="0" win="170" bet="85" muck="0" rebuy="0" addon="0" merge="0" rebuychips="0" reg_code="5088034050"/>
<player seat="3" name="Ankalaev" chips="450" dealer="1" win="0" bet="85" muck="1" rebuy="0" addon="0" merge="0" rebuychips="0" reg_code="5088034007"/>
</players>
</general>
<round no="0"><action no="1" player="Ankalaev" type="15" discard="1" dealt="1" sum="5"/>
<action no="2" player="M1ky3ste92" type="15" sum="5"/>
<action no="3" player="Ankalaev" type="1" discard="1" dealt="1" sum="20"/>
<action no="4" player="M1ky3ste92" type="2" sum="40"/>
</round>
<round no="1"><cards type="Pocket" player="Ankalaev">C7 S2</cards>
<cards type="Pocket" player="M1ky3ste92">C8 DJ</cards>
<action no="5" player="Ankalaev" type="3" discard="1" dealt="1" sum="20"/>
<action no="6" player="M1ky3ste92" type="4" sum="0"/>
</round>
<round no="2"><cards type="Flop">DQ S8 S3</cards>
<action no="7" player="M1ky3ste92" type="4" sum="0"/>
<action no="8" player="Ankalaev" type="4" discard="1" dealt="1" sum="0"/>
</round>
<round no="3"><cards type="Turn">D7</cards>
<action no="9" player="M1ky3ste92" type="5" sum="40"/>
<action no="10" player="Ankalaev" type="3" discard="1" dealt="1" sum="40"/>
</round>
<round no="4"><cards type="River">SA</cards>
<action no="11" player="M1ky3ste92" type="4" sum="0"/>
<action no="12" player="Ankalaev" type="4" discard="1" dealt="1" sum="0"/>
</round>
</game>
<game gamecode="6589321546"><general>
<startdate>2026-01-10 08:45:55</startdate>
<round>1</round>
<failsafecounter/>
<players><player seat="3" name="Ankalaev" chips="365" dealer="0" win="0" bet="365" muck="0" rebuy="0" addon="0" merge="0" rebuychips="0" reg_code="5088034007"/>
<player seat="6" name="M1ky3ste92" chips="1,135" dealer="1" win="730" bet="1,135" muck="0" rebuy="0" addon="0" merge="0" rebuychips="0" reg_code="5088034050"/>
</players>
</general>
<round no="0"><action no="1" player="M1ky3ste92" type="15" sum="5"/>
<action no="2" player="Ankalaev" type="15" discard="1" dealt="1" sum="5"/>
<action no="3" player="M1ky3ste92" type="1" sum="20"/>
<action no="4" player="Ankalaev" type="2" discard="1" dealt="1" sum="40"/>
</round>
<round no="1"><cards type="Pocket" player="M1ky3ste92">S2 DK</cards>
<cards type="Pocket" player="Ankalaev">DJ SJ</cards>
<action no="5" player="M1ky3ste92" type="23" sum="1,130"/>
<action no="6" player="Ankalaev" type="7" discard="1" dealt="1" sum="320"/>
</round>
<round no="2"><cards type="Flop">CA D5 SK</cards>
</round>
<round no="3"><cards type="Turn">CK</cards>
</round>
<round no="4"><cards type="River">C9</cards>
</round>
</game>
</session>
