<?xml version="1.0" encoding="UTF-8"?>
<session sessioncode="5088354804">
<general>
<client_version>24.7.1.18</client_version>
<mode>real</mode>
<gametype>Holdem NL</gametype>
<tablename>Twister €100 SNG, 826159910</tablename>
<tournamentcode>826159909</tournamentcode>
<tournamentname>Twister €100 SNG</tournamentname>
<buyin>€0 + €7 + €93</buyin>
<totalbuyin>€100</totalbuyin>
<rewarddrawn>€300</rewarddrawn>
<tournamentcurrency>EUR</tournamentcurrency>
<currency>EUR</currency>
<nickname>M1ky3ste92</nickname>
<gamecount>5</gamecount>
<startdate>2026-01-11 10:44:36</startdate>
<place>3</place>
<win>€0</win>
<tablesize>3</tablesize>
</general>
<game gamecode="6590555605"><general>
<startdate>2026-01-11 10:44:51</startdate>
<round>1</round>
<failsafecounter/>
<players><player seat="3" name="xiuder0nn17" chips="500" dealer="0" win="128" bet="152" muck="1" rebuy="0" addon="0" merge="0" rebuychips="0" reg_code="5088354427"/>
<player seat="6" name="Ankalaev" chips="500" dealer="1" win="0" bet="0" muck="1" rebuy="0" addon="0" merge="0" rebuychips="0" reg_code="5088354730"/>
<player seat="10" name="M1ky3ste92" chips="500" dealer="0" win="0" bet="64" muck="1" rebuy="0" addon="0" merge="0" rebuychips="0" reg_code="5088354804"/>
</players>
</general>
<round no="0"><action no="1" player="M1ky3ste92" type="1" sum="10"/>
<action no="2" player="xiuder0nn17" type="2" discard="1" dealt="1" sum="20"/>
</round>
<round no="1"><cards type="Pocket" player="M1ky3ste92">D2 DA</cards>
<cards type="Pocket" player="Ankalaev">X X</cards>
<cards type="Pocket" player="xiuder0nn17">X X</cards>
<action no="3" player="Ankalaev" type="0" discard="1" dealt="1" sum="0"/>
<action no="4" player="M1ky3ste92" type="23" sum="40"/>
<action no="5" player="xiuder0nn17" type="3" discard="1" dealt="1" sum="20"/>
</round>
<round no="2"><cards type="Flop">DJ SQ H7</cards>
<action no="6" player="M1ky3ste92" type="4" sum="0"/>
<action no="7" player="xiuder0nn17" type="5" discard="1" dealt="1" sum="24"/>
<action no="8" player="M1ky3ste92" type="3" sum="24"/>
</round>
<round no="3"><cards type="Turn">H6</cards>
<action no="9" player="M1ky3ste92" type="4" sum="0"/>
<action no="10" player="xiuder0nn17" type="5" discard="1" dealt="1" sum="88"/>
<action no="11" player="M1ky3ste92" type="0" sum="0"/>
</round>
</game>
<game gamecode="6590555692"><general>
<startdate>2026-01-11 10:45:11</startdate>
<round>1</round>
<failsafecounter/>
<players><player seat="6" name="Ankalaev" chips="500" dealer="0" win="20" bet="20" muck="1" rebuy="0" addon="0" merge="0" rebuychips="0" reg_code="5088354730"/>
<player seat="10" name="M1ky3ste92" chips="436" dealer="1" win="0" bet="0" muck="1" rebuy="0" addon="0" merge="0" rebuychips="0" reg_code="5088354804"/>
<player seat="3" name="xiuder0nn17" chips="564" dealer="0" win="0" bet="10" muck="1" rebuy="0" addon="0" merge="0" rebuychips="0" reg_code="5088354427"/>
</players>
</general>
<round no="0"><action no="1" player="xiuder0nn17" type="1" discard="1" dealt="1" sum="10"/>
<action no="2" player="Ankalaev" type="2" discard="1" dealt="1" sum="20"/>
</round>
<round no="1"><cards type="Pocket" player="M1ky3ste92">HQ H3</cards>
<cards type="Pocket" player="xiuder0nn17">X X</cards>
<cards type="Pocket" player="Ankalaev">X X</cards>
<action no="3" player="M1ky3ste92" type="0" sum="0"/>
<action no="4" player="xiuder0nn17" type="0" discard="1" dealt="1" sum="0"/>
</round>
</game>
<game gamecode="6590555745"><general>
<startdate>2026-01-11 10:45:25</startdate>
<round>1</round>
<failsafecounter/>
<players><player seat="10" name="M1ky3ste92" chips="436" dealer="0" win="0" bet="40" muck="1" rebuy="0" addon="0" merge="0" rebuychips="0" reg_code="5088354804"/>
<player seat="3" name="xiuder0nn17" chips="554" dealer="1" win="90" bet="62" muck="1" rebuy="0" addon="0" merge="0" rebuychips="0" reg_code="5088354427"/>
<player seat="6" name="Ankalaev" chips="510" dealer="0" win="0" bet="10" muck="1" rebuy="0" addon="0" merge="0" rebuychips="0" reg_code="5088354730"/>
</players>
</general>
<round no="0"><action no="1" player="Ankalaev" type="1" discard="1" dealt="1" sum="10"/>
<action no="2" player="M1ky3ste92" type="2" sum="20"/>
</round>
<round no="1"><cards type="Pocket" player="Ankalaev">X X</cards>
<cards type="Pocket" player="M1ky3ste92">C4 C6</cards>
<cards type="Pocket" player="xiuder0nn17">X X</cards>
<action no="3" player="xiuder0nn17" type="23" discard="1" dealt="1" sum="40"/>
<action no="4" player="Ankalaev" type="0" discard="1" dealt="1" sum="0"/>
<action no="5" player="M1ky3ste92" type="3" sum="20"/>
</round>
<round no="2"><cards type="Flop">C10 S10 H9</cards>
<action no="6" player="M1ky3ste92" type="4" sum="0"/>
<action no="7" player="xiuder0nn17" type="5" discard="1" dealt="1" sum="22"/>
<action no="8" player="M1ky3ste92" type="0" sum="0"/>
</round>
</game>
<game gamecode="6590555810"><general>
<startdate>2026-01-11 10:45:43</startdate>
<round>1</round>
<failsafecounter/>
<players><player seat="3" name="xiuder0nn17" chips="604" dealer="0" win="0" bet="40" muck="1" rebuy="0" addon="0" merge="0" rebuychips="0" reg_code="5088354427"/>
<player seat="6" name="Ankalaev" chips="500" dealer="1" win="0" bet="0" muck="1" rebuy="0" addon="0" merge="0" rebuychips="0" reg_code="5088354730"/>
<player seat="10" name="M1ky3ste92" chips="396" dealer="0" win="80" bet="100" muck="1" rebuy="0" addon="0" merge="0" rebuychips="0" reg_code="5088354804"/>
</players>
</general>
<round no="0"><action no="1" player="M1ky3ste92" type="1" sum="10"/>
<action no="2" player="xiuder0nn17" type="2" discard="1" dealt="1" sum="20"/>
</round>
<round no="1"><cards type="Pocket" player="Ankalaev">X X</cards>
<cards type="Pocket" player="xiuder0nn17">X X</cards>
<cards type="Pocket" player="M1ky3ste92">D10 HA</cards>
<action no="3" player="Ankalaev" type="0" discard="1" dealt="1" sum="0"/>
<action no="4" player="M1ky3ste92" type="23" sum="40"/>
<action no="5" player="xiuder0nn17" type="3" discard="1" dealt="1" sum="20"/>
</round>
<round no="2"><cards type="Flop">H9 H6 S10</cards>
<action no="6" player="M1ky3ste92" type="5" sum="60"/>
<action no="7" player="xiuder0nn17" type="0" discard="1" dealt="1" sum="0"/>
</round>
</game>
<game gamecode="6590555870"><general>
<startdate>2026-01-11 10:45:59</startdate>
<round>1</round>
<failsafecounter/>
<players><player seat="6" name="Ankalaev" chips="500" dealer="0" win="0" bet="20" muck="1" rebuy="0" addon="0" merge="0" rebuychips="0" reg_code="5088354730"/>
<player seat="10" name="M1ky3ste92" chips="436" dealer="1" win="0" bet="436" muck="0" rebuy="0" addon="0" merge="0" rebuychips="0" reg_code="5088354804"/>
<player seat="3" name="xiuder0nn17" chips="564" dealer="0" win="892" bet="564" muck="0" rebuy="0" addon="0" merge="0" rebuychips="0" reg_code="5088354427"/>
</players>
</general>
<round no="0"><action no="1" player="xiuder0nn17" type="1" discard="1" dealt="1" sum="10"/>
<action no="2" player="Ankalaev" type="2" discard="1" dealt="1" sum="20"/>
</round>
<round no="1"><cards type="Pocket" player="Ankalaev">X X</cards>
<cards type="Pocket" player="xiuder0nn17">D9 DQ</cards>
<cards type="Pocket" player="M1ky3ste92">D10 SA</cards>
<action no="3" player="M1ky3ste92" type="23" sum="40"/>
<action no="4" player="xiuder0nn17" type="23" discard="1" dealt="1" sum="564"/>
<action no="5" player="Ankalaev" type="0" discard="1" dealt="1" sum="0"/>
<action no="6" player="M1ky3ste92" type="7" sum="396"/>
</round>
<round no="2"><cards type="Flop">C10 C2 H8</cards>
</round>
<round no="3"><cards type="Turn">C5</cards>
</round>
<round no="4"><cards type="River">SJ</cards>
</round>
</game>
</session>
