<?xml version="1.0" encoding="UTF-8"?>
<session sessioncode="5088033755">
<general>
<client_version>24.7.1.18</client_version>
<mode>real</mode>
<gametype>Holdem NL</gametype>
<tablename>Twister €100 SNG, 826070626</tablename>
<tournamentcode>826070625</tournamentcode>
<tournamentname>Twister €100 SNG</tournamentname>
<buyin>€0 + €7 + €93</buyin>
<totalbuyin>€100</totalbuyin>
<rewarddrawn>€300</rewarddrawn>
<tournamentcurrency>EUR</tournamentcurrency>
<currency>EUR</currency>
<nickname>M1ky3ste92</nickname>
<gamecount>15</gamecount>
<startdate>2026-01-10 08:36:19</startdate>
<place>1</place>
<win>€300</win>
<tablesize>3</tablesize>
</general>
<game gamecode="6589319321"><general>
<startdate>2026-01-10 08:36:34</startdate>
<round>1</round>
<failsafecounter/>
<players><player seat="6" name="Ankalaev" chips="500" dealer="0" win="40" bet="60" muck="1" rebuy="0" addon="0" merge="0" rebuychips="0" reg_code="5088033482"/>
<player seat="10" name="M1ky3ste92" chips="500" dealer="1" win="0" bet="0" muck="1" rebuy="0" addon="0" merge="0" rebuychips="0" reg_code="5088033755"/>
<player seat="3" name="Ofiorbe74" chips="500" dealer="0" win="0" bet="20" muck="1" rebuy="0" addon="0" merge="0" rebuychips="0" reg_code="5088033463"/>
</players>
</general>
<round no="0"><action no="1" player="Ofiorbe74" type="1" discard="1" dealt="1" sum="10"/>
<action no="2" player="Ankalaev" type="2" discard="1" dealt="1" sum="20"/>
</round>
<round no="1"><cards type="Pocket" player="Ankalaev">X X</cards>
<cards type="Pocket" player="Ofiorbe74">X X</cards>
<cards type="Pocket" player="M1ky3ste92">S10 H3</cards>
<action no="3" player="M1ky3ste92" type="0" sum="0"/>
<action no="4" player="Ofiorbe74" type="3" discard="1" dealt="1" sum="10"/>
<action no="5" player="Ankalaev" type="23" discard="1" dealt="1" sum="60"/>
<action no="6" player="Ofiorbe74" type="0" discard="1" dealt="1" sum="0"/>
</round>
</game>
<game gamecode="6589319326"><general>
<startdate>2026-01-10 08:36:48</startdate>
<round>1</round>
<failsafecounter/>
<players><player seat="10" name="M1ky3ste92" chips="500" dealer="0" win="180" bet="180" muck="1" rebuy="0" addon="0" merge="0" rebuychips="0" reg_code="5088033755"/>
<player seat="3" name="Ofiorbe74" chips="480" dealer="1" win="0" bet="0" muck="1" rebuy="0" addon="0" merge="0" rebuychips="0" reg_code="5088033463"/>
<player seat="6" name="Ankalaev" chips="520" dealer="0" win="0" bet="90" muck="1" rebuy="0" addon="0" merge="0" rebuychips="0" reg_code="5088033482"/>
</players>
</general>
<round no="0"><action no="1" player="Ankalaev" type="1" discard="1" dealt="1" sum="10"/>
<action no="2" player="M1ky3ste92" type="2" sum="20"/>
</round>
<round no="1"><cards type="Pocket" player="M1ky3ste92">S10 S7</cards>
<cards type="Pocket" player="Ankalaev">X X</cards>
<cards type="Pocket" player="Ofiorbe74">X X</cards>
<action no="3" player="Ofiorbe74" type="0" discard="1" dealt="1" sum="0"/>
<action no="4" player="Ankalaev" type="23" discard="1" dealt="1" sum="50"/>
<action no="5" player="M1ky3ste92" type="3" sum="30"/>
</round>
<round no="2"><cards type="Flop">HJ H9 DQ</cards>
<action no="6" player="Ankalaev" type="4" discard="1" dealt="1" sum="0"/>
<action no="7" player="M1ky3ste92" type="5" sum="40"/>
<action no="8" player="Ankalaev" type="3" discard="1" dealt="1" sum="40"/>
</round>
<round no="3"><cards type="Turn">D2</cards>
<action no="9" player="Ankalaev" type="4" discard="1" dealt="1" sum="0"/>
<action no="10" player="M1ky3ste92" type="5" sum="90"/>
<action no="11" player="Ankalaev" type="0" discard="1" dealt="1" sum="0"/>
</round>
</game>
<game gamecode="6589319350"><general>
<startdate>2026-01-10 08:37:38</startdate>
<round>1</round>
<failsafecounter/>
<players><player seat="3" name="Ofiorbe74" chips="480" dealer="0" win="20" bet="20" muck="1" rebuy="0" addon="0" merge="0" rebuychips="0" reg_code="5088033463"/>
<player seat="6" name="Ankalaev" chips="430" dealer="1" win="0" bet="0" muck="1" rebuy="0" addon="0" merge="0" rebuychips="0" reg_code="5088033482"/>
<player seat="10" name="M1ky3ste92" chips="590" dealer="0" win="0" bet="10" muck="1" rebuy="0" addon="0" merge="0" rebuychips="0" reg_code="5088033755"/>
</players>
</general>
<round no="0"><action no="1" player="M1ky3ste92" type="1" sum="10"/>
<action no="2" player="Ofiorbe74" type="2" discard="1" dealt="1" sum="20"/>
</round>
<round no="1"><cards type="Pocket" player="Ankalaev">X X</cards>
<cards type="Pocket" player="Ofiorbe74">X X</cards>
<cards type="Pocket" player="M1ky3ste92">S6 C4</cards>
<action no="3" player="Ankalaev" type="0" discard="1" dealt="1" sum="0"/>
<action no="4" player="M1ky3ste92" type="0" sum="0"/>
</round>
</game>
<game gamecode="6589319353"><general>
<startdate>2026-01-10 08:37:44</startdate>
<round>1</round>
<failsafecounter/>
<players><player seat="6" name="Ankalaev" chips="430" dealer="0" win="0" bet="20" muck="1" rebuy="0" addon="0" merge="0" rebuychips="0" reg_code="5088033482"/>
<player seat="10" name="M1ky3ste92" chips="580" dealer="1" win="0" bet="0" muck="1" rebuy="0" addon="0" merge="0" rebuychips="0" reg_code="5088033755"/>
<player seat="3" name="Ofiorbe74" chips="490" dealer="0" win="40" bet="50" muck="1" rebuy="0" addon="0" merge="0" rebuychips="0" reg_code="5088033463"/>
</players>
</general>
<round no="0"><action no="1" player="Ofiorbe74" type="1" discard="1" dealt="1" sum="10"/>
<action no="2" player="Ankalaev" type="2" discard="1" dealt="1" sum="20"/>
</round>
<round no="1"><cards type="Pocket" player="Ankalaev">X X</cards>
<cards type="Pocket" player="Ofiorbe74">X X</cards>
<cards type="Pocket" player="M1ky3ste92">D8 HQ</cards>
<action no="3" player="M1ky3ste92" type="0" sum="0"/>
<action no="4" player="Ofiorbe74" type="23" discard="1" dealt="1" sum="50"/>
<action no="5" player="Ankalaev" type="0" discard="1" dealt="1" sum="0"/>
</round>
</game>
<game gamecode="6589319357"><general>
<startdate>2026-01-10 08:37:53</startdate>
<round>1</round>
<failsafecounter/>
<players><player seat="10" name="M1ky3ste92" chips="580" dealer="0" win="20" bet="20" muck="1" rebuy="0" addon="0" merge="0" rebuychips="0" reg_code="5088033755"/>
<player seat="3" name="Ofiorbe74" chips="510" dealer="1" win="0" bet="0" muck="1" rebuy="0" addon="0" merge="0" rebuychips="0" reg_code="5088033463"/>
<player seat="6" name="Ankalaev" chips="410" dealer="0" win="0" bet="10" muck="1" rebuy="0" addon="0" merge="0" rebuychips="0" reg_code="5088033482"/>
</players>
</general>
<round no="0"><action no="1" player="Ankalaev" type="1" discard="1" dealt="1" sum="10"/>
<action no="2" player="M1ky3ste92" type="2" sum="20"/>
</round>
<round no="1"><cards type="Pocket" player="Ofiorbe74">X X</cards>
<cards type="Pocket" player="Ankalaev">X X</cards>
<cards type="Pocket" player="M1ky3ste92">H2 H10</cards>
<action no="3" player="Ofiorbe74" type="0" discard="1" dealt="1" sum="0"/>
<action no="4" player="Ankalaev" type="0" discard="1" dealt="1" sum="0"/>
</round>
</game>
<game gamecode="6589319364"><general>
<startdate>2026-01-10 08:38:04</startdate>
<round>1</round>
<failsafecounter/>
<players><player seat="3" name="Ofiorbe74" chips="510" dealer="0" win="80" bet="60" muck="1" rebuy="0" addon="0" merge="0" rebuychips="0" reg_code="5088033463"/>
<player seat="6" name="Ankalaev" chips="400" dealer="1" win="0" bet="0" muck="1" rebuy="0" addon="0" merge="0" rebuychips="0" reg_code="5088033482"/>
<player seat="10" name="M1ky3ste92" chips="590" dealer="0" win="0" bet="40" muck="1" rebuy="0" addon="0" merge="0" rebuychips="0" reg_code="5088033755"/>
</players>
</general>
<round no="0"><action no="1" player="M1ky3ste92" type="1" sum="10"/>
<action no="2" player="Ofiorbe74" type="2" discard="1" dealt="1" sum="20"/>
</round>
<round no="1"><cards type="Pocket" player="Ofiorbe74">X X</cards>
<cards type="Pocket" player="M1ky3ste92">H5 DA</cards>
<cards type="Pocket" player="Ankalaev">X X</cards>
<action no="3" player="Ankalaev" type="0" discard="1" dealt="1" sum="0"/>
<action no="4" player="M1ky3ste92" type="23" sum="40"/>
<action no="5" player="Ofiorbe74" type="3" discard="1" dealt="1" sum="20"/>
</round>
<round no="2"><cards type="Flop">C6 DQ H7</cards>
<action no="6" player="M1ky3ste92" type="4" sum="0"/>
<action no="7" player="Ofiorbe74" type="5" discard="1" dealt="1" sum="20"/>
<action no="8" player="M1ky3ste92" type="0" sum="0"/>
</round>
</game>
<game gamecode="6589319371"><general>
<startdate>2026-01-10 08:38:19</startdate>
<round>1</round>
<failsafecounter/>
<players><player seat="6" name="Ankalaev" chips="400" dealer="0" win="75" bet="73" muck="1" rebuy="0" addon="0" merge="0" rebuychips="0" reg_code="5088033482"/>
<player seat="10" name="M1ky3ste92" chips="550" dealer="1" win="0" bet="5" muck="1" rebuy="0" addon="0" merge="0" rebuychips="0" reg_code="5088033755"/>
<player seat="3" name="Ofiorbe74" chips="550" dealer="0" win="0" bet="35" muck="1" rebuy="0" addon="0" merge="0" rebuychips="0" reg_code="5088033463"/>
</players>
</general>
<round no="0"><action no="1" player="Ofiorbe74" type="15" discard="1" dealt="1" sum="5"/>
<action no="2" player="Ankalaev" type="15" discard="1" dealt="1" sum="5"/>
<action no="3" player="M1ky3ste92" type="15" sum="5"/>
<action no="4" player="Ofiorbe74" type="1" discard="1" dealt="1" sum="15"/>
<action no="5" player="Ankalaev" type="2" discard="1" dealt="1" sum="30"/>
</round>
<round no="1"><cards type="Pocket" player="Ofiorbe74">X X</cards>
<cards type="Pocket" player="Ankalaev">X X</cards>
<cards type="Pocket" player="M1ky3ste92">D4 H8</cards>
<action no="6" player="M1ky3ste92" type="0" sum="0"/>
<action no="7" player="Ofiorbe74" type="3" discard="1" dealt="1" sum="15"/>
<action no="8" player="Ankalaev" type="4" discard="1" dealt="1" sum="0"/>
</round>
<round no="2"><cards type="Flop">H4 S8 D3</cards>
<action no="9" player="Ofiorbe74" type="4" discard="1" dealt="1" sum="0"/>
<action no="10" player="Ankalaev" type="5" discard="1" dealt="1" sum="38"/>
<action no="11" player="Ofiorbe74" type="0" discard="1" dealt="1" sum="0"/>
</round>
</game>
<game gamecode="6589319384"><general>
<startdate>2026-01-10 08:38:39</startdate>
<round>1</round>
<failsafecounter/>
<players><player seat="10" name="M1ky3ste92" chips="545" dealer="0" win="0" bet="239" muck="1" rebuy="0" addon="0" merge="0" rebuychips="0" reg_code="5088033755"/>
<player seat="3" name="Ofiorbe74" chips="515" dealer="1" win="498" bet="515" muck="1" rebuy="0" addon="0" merge="0" rebuychips="0" reg_code="5088033463"/>
<player seat="6" name="Ankalaev" chips="440" dealer="0" win="0" bet="20" muck="1" rebuy="0" addon="0" merge="0" rebuychips="0" reg_code="5088033482"/>
</players>
</general>
<round no="0"><action no="1" player="Ankalaev" type="15" discard="1" dealt="1" sum="5"/>
<action no="2" player="M1ky3ste92" type="15" sum="5"/>
<action no="3" player="Ofiorbe74" type="15" discard="1" dealt="1" sum="5"/>
<action no="4" player="Ankalaev" type="1" discard="1" dealt="1" sum="15"/>
<action no="5" player="M1ky3ste92" type="2" sum="30"/>
</round>
<round no="1"><cards type="Pocket" player="M1ky3ste92">CQ SK</cards>
<cards type="Pocket" player="Ankalaev">X X</cards>
<cards type="Pocket" player="Ofiorbe74">X X</cards>
<action no="6" player="Ofiorbe74" type="23" discard="1" dealt="1" sum="60"/>
<action no="7" player="Ankalaev" type="0" discard="1" dealt="1" sum="0"/>
<action no="8" player="M1ky3ste92" type="3" sum="30"/>
</round>
<round no="2"><cards type="Flop">HJ S4 S8</cards>
<action no="9" player="M1ky3ste92" type="4" sum="0"/>
<action no="10" player="Ofiorbe74" type="5" discard="1" dealt="1" sum="38"/>
<action no="11" player="M1ky3ste92" type="3" sum="38"/>
</round>
<round no="3"><cards type="Turn">S2</cards>
<action no="12" player="M1ky3ste92" type="4" sum="0"/>
<action no="13" player="Ofiorbe74" type="5" discard="1" dealt="1" sum="136"/>
<action no="14" player="M1ky3ste92" type="3" sum="136"/>
</round>
<round no="4"><cards type="River">C6</cards>
<action no="15" player="M1ky3ste92" type="4" sum="0"/>
<action no="16" player="Ofiorbe74" type="5" discard="1" dealt="1" sum="276"/>
<action no="17" player="M1ky3ste92" type="0" sum="0"/>
</round>
</game>
<game gamecode="6589319409"><general>
<startdate>2026-01-10 08:39:14</startdate>
<round>1</round>
<failsafecounter/>
<players><player seat="3" name="Ofiorbe74" chips="774" dealer="0" win="0" bet="35" muck="1" rebuy="0" addon="0" merge="0" rebuychips="0" reg_code="5088033463"/>
<player seat="6" name="Ankalaev" chips="420" dealer="1" win="0" bet="5" muck="1" rebuy="0" addon="0" merge="0" rebuychips="0" reg_code="5088033482"/>
<player seat="10" name="M1ky3ste92" chips="306" dealer="0" win="75" bet="306" muck="1" rebuy="0" addon="0" merge="0" rebuychips="0" reg_code="5088033755"/>
</players>
</general>
<round no="0"><action no="1" player="M1ky3ste92" type="15" sum="5"/>
<action no="2" player="Ofiorbe74" type="15" discard="1" dealt="1" sum="5"/>
<action no="3" player="Ankalaev" type="15" discard="1" dealt="1" sum="5"/>
<action no="4" player="M1ky3ste92" type="1" sum="15"/>
<action no="5" player="Ofiorbe74" type="2" discard="1" dealt="1" sum="30"/>
</round>
<round no="1"><cards type="Pocket" player="M1ky3ste92">D8 HQ</cards>
<cards type="Pocket" player="Ofiorbe74">X X</cards>
<cards type="Pocket" player="Ankalaev">X X</cards>
<action no="6" player="Ankalaev" type="0" discard="1" dealt="1" sum="0"/>
<action no="7" player="M1ky3ste92" type="23" sum="301"/>
<action no="8" player="Ofiorbe74" type="0" discard="1" dealt="1" sum="0"/>
</round>
</game>
<game gamecode="6589319417"><general>
<startdate>2026-01-10 08:39:27</startdate>
<round>1</round>
<failsafecounter/>
<players><player seat="6" name="Ankalaev" chips="415" dealer="0" win="0" bet="35" muck="1" rebuy="0" addon="0" merge="0" rebuychips="0" reg_code="5088033482"/>
<player seat="10" name="M1ky3ste92" chips="346" dealer="1" win="0" bet="5" muck="1" rebuy="0" addon="0" merge="0" rebuychips="0" reg_code="5088033755"/>
<player seat="3" name="Ofiorbe74" chips="739" dealer="0" win="75" bet="65" muck="1" rebuy="0" addon="0" merge="0" rebuychips="0" reg_code="5088033463"/>
</players>
</general>
<round no="0"><action no="1" player="Ofiorbe74" type="15" discard="1" dealt="1" sum="5"/>
<action no="2" player="Ankalaev" type="15" discard="1" dealt="1" sum="5"/>
<action no="3" player="M1ky3ste92" type="15" sum="5"/>
<action no="4" player="Ofiorbe74" type="1" discard="1" dealt="1" sum="15"/>
<action no="5" player="Ankalaev" type="2" discard="1" dealt="1" sum="30"/>
</round>
<round no="1"><cards type="Pocket" player="Ofiorbe74">X X</cards>
<cards type="Pocket" player="Ankalaev">X X</cards>
<cards type="Pocket" player="M1ky3ste92">C2 HJ</cards>
<action no="6" player="M1ky3ste92" type="0" sum="0"/>
<action no="7" player="Ofiorbe74" type="3" discard="1" dealt="1" sum="15"/>
<action no="8" player="Ankalaev" type="4" discard="1" dealt="1" sum="0"/>
</round>
<round no="2"><cards type="Flop">C8 S8 DJ</cards>
<action no="9" player="Ofiorbe74" type="5" discard="1" dealt="1" sum="30"/>
<action no="10" player="Ankalaev" type="0" discard="1" dealt="1" sum="0"/>
</round>
</game>
<game gamecode="6589319431"><general>
<startdate>2026-01-10 08:39:47</startdate>
<round>1</round>
<failsafecounter/>
<players><player seat="10" name="M1ky3ste92" chips="341" dealer="0" win="45" bet="35" muck="1" rebuy="0" addon="0" merge="0" rebuychips="0" reg_code="5088033755"/>
<player seat="3" name="Ofiorbe74" chips="779" dealer="1" win="0" bet="5" muck="1" rebuy="0" addon="0" merge="0" rebuychips="0" reg_code="5088033463"/>
<player seat="6" name="Ankalaev" chips="380" dealer="0" win="0" bet="20" muck="1" rebuy="0" addon="0" merge="0" rebuychips="0" reg_code="5088033482"/>
</players>
</general>
<round no="0"><action no="1" player="Ankalaev" type="15" discard="1" dealt="1" sum="5"/>
<action no="2" player="M1ky3ste92" type="15" sum="5"/>
<action no="3" player="Ofiorbe74" type="15" discard="1" dealt="1" sum="5"/>
<action no="4" player="Ankalaev" type="1" discard="1" dealt="1" sum="15"/>
<action no="5" player="M1ky3ste92" type="2" sum="30"/>
</round>
<round no="1"><cards type="Pocket" player="Ofiorbe74">X X</cards>
<cards type="Pocket" player="M1ky3ste92">S5 D4</cards>
<cards type="Pocket" player="Ankalaev">X X</cards>
<action no="6" player="Ofiorbe74" type="0" discard="1" dealt="1" sum="0"/>
<action no="7" player="Ankalaev" type="0" discard="1" dealt="1" sum="0"/>
</round>
</game>
<game gamecode="6589319439"><general>
<startdate>2026-01-10 08:39:54</startdate>
<round>1</round>
<failsafecounter/>
<players><player seat="3" name="Ofiorbe74" chips="774" dealer="0" win="0" bet="45" muck="1" rebuy="0" addon="0" merge="0" rebuychips="0" reg_code="5088033463"/>
<player seat="6" name="Ankalaev" chips="360" dealer="1" win="0" bet="360" muck="0" rebuy="0" addon="0" merge="0" rebuychips="0" reg_code="5088033482"/>
<player seat="10" name="M1ky3ste92" chips="366" dealer="0" win="765" bet="366" muck="0" rebuy="0" addon="0" merge="0" rebuychips="0" reg_code="5088033755"/>
</players>
</general>
<round no="0"><action no="1" player="M1ky3ste92" type="15" sum="5"/>
<action no="2" player="Ofiorbe74" type="15" discard="1" dealt="1" sum="5"/>
<action no="3" player="Ankalaev" type="15" discard="1" dealt="1" sum="5"/>
<action no="4" player="M1ky3ste92" type="1" sum="20"/>
<action no="5" player="Ofiorbe74" type="2" discard="1" dealt="1" sum="40"/>
</round>
<round no="1"><cards type="Pocket" player="M1ky3ste92">SA H6</cards>
<cards type="Pocket" player="Ankalaev">D10 HQ</cards>
<cards type="Pocket" player="Ofiorbe74">X X</cards>
<action no="6" player="Ankalaev" type="23" discard="1" dealt="1" sum="355"/>
<action no="7" player="M1ky3ste92" type="7" sum="341"/>
<action no="8" player="Ofiorbe74" type="0" discard="1" dealt="1" sum="0"/>
</round>
<round no="2"><cards type="Flop">C8 HA SK</cards>
</round>
<round no="3"><cards type="Turn">C9</cards>
</round>
<round no="4"><cards type="River">D5</cards>
</round>
</game>
<game gamecode="6589319452"><general>
<startdate>2026-01-10 08:40:19</startdate>
<round>1</round>
<failsafecounter/>
<players><player seat="3" name="Ofiorbe74" chips="729" dealer="0" win="50" bet="45" muck="1" rebuy="0" addon="0" merge="0" rebuychips="0" reg_code="5088033463"/>
<player seat="10" name="M1ky3ste92" chips="771" dealer="1" win="0" bet="25" muck="1" rebuy="0" addon="0" merge="0" rebuychips="0" reg_code="5088033755"/>
</players>
</general>
<round no="0"><action no="1" player="M1ky3ste92" type="15" sum="5"/>
<action no="2" player="Ofiorbe74" type="15" discard="1" dealt="1" sum="5"/>
<action no="3" player="M1ky3ste92" type="1" sum="20"/>
<action no="4" player="Ofiorbe74" type="2" discard="1" dealt="1" sum="40"/>
</round>
<round no="1"><cards type="Pocket" player="Ofiorbe74">X X</cards>
<cards type="Pocket" player="M1ky3ste92">C8 H2</cards>
<action no="5" player="M1ky3ste92" type="0" sum="0"/>
</round>
</game>
<game gamecode="6589319455"><general>
<startdate>2026-01-10 08:40:24</startdate>
<round>1</round>
<failsafecounter/>
<players><player seat="10" name="M1ky3ste92" chips="746" dealer="0" win="254" bet="304" muck="1" rebuy="0" addon="0" merge="0" rebuychips="0" reg_code="5088033755"/>
<player seat="3" name="Ofiorbe74" chips="754" dealer="1" win="0" bet="127" muck="1" rebuy="0" addon="0" merge="0" rebuychips="0" reg_code="5088033463"/>
</players>
</general>
<round no="0"><action no="1" player="Ofiorbe74" type="15" discard="1" dealt="1" sum="5"/>
<action no="2" player="M1ky3ste92" type="15" sum="5"/>
<action no="3" player="Ofiorbe74" type="1" discard="1" dealt="1" sum="20"/>
<action no="4" player="M1ky3ste92" type="2" sum="40"/>
</round>
<round no="1"><cards type="Pocket" player="Ofiorbe74">X X</cards>
<cards type="Pocket" player="M1ky3ste92">D10 CJ</cards>
<action no="5" player="Ofiorbe74" type="3" discard="1" dealt="1" sum="20"/>
<action no="6" player="M1ky3ste92" type="23" sum="80"/>
<action no="7" player="Ofiorbe74" type="3" discard="1" dealt="1" sum="40"/>
</round>
<round no="2"><cards type="Flop">S4 H6 H9</cards>
<action no="8" player="M1ky3ste92" type="4" sum="0"/>
<action no="9" player="Ofiorbe74" type="5" discard="1" dealt="1" sum="42"/>
<action no="10" player="M1ky3ste92" type="3" sum="42"/>
</round>
<round no="3"><cards type="Turn">SK</cards>
<action no="11" player="M1ky3ste92" type="4" sum="0"/>
<action no="12" player="Ofiorbe74" type="4" discard="1" dealt="1" sum="0"/>
</round>
<round no="4"><cards type="River">CQ</cards>
<action no="13" player="M1ky3ste92" type="5" sum="177"/>
<action no="14" player="Ofiorbe74" type="0" discard="1" dealt="1" sum="0"/>
</round>
</game>
<game gamecode="6589320191"><general>
<startdate>2026-01-10 08:41:09</startdate>
<round>1</round>
<failsafecounter/>
<players><player seat="3" name="Ofiorbe74" chips="627" dealer="0" win="0" bet="627" muck="0" rebuy="0" addon="0" merge="0" rebuychips="0" reg_code="5088033463"/>
<player seat="10" name="M1ky3ste92" chips="873" dealer="1" win="1,254" bet="627" muck="0" rebuy="0" addon="0" merge="0" rebuychips="0" reg_code="5088033755"/>
</players>
</general>
<round no="0"><action no="1" player="M1ky3ste92" type="15" sum="5"/>
<action no="2" player="Ofiorbe74" type="15" discard="1" dealt="1" sum="5"/>
<action no="3" player="M1ky3ste92" type="1" sum="20"/>
<action no="4" player="Ofiorbe74" type="2" discard="1" dealt="1" sum="40"/>
</round>
<round no="1"><cards type="Pocket" player="Ofiorbe74">HA H2</cards>
<cards type="Pocket" player="M1ky3ste92">H9 DA</cards>
<action no="5" player="M1ky3ste92" type="3" sum="20"/>
<action no="6" player="Ofiorbe74" type="23" discard="1" dealt="1" sum="622"/>
<action no="7" player="M1ky3ste92" type="3" sum="582"/>
</round>
<round no="2"><cards type="Flop">HJ S3 H8</cards>
</round>
<round no="3"><cards type="Turn">D5</cards>
</round>
<round no="4"><cards type="River">S8</cards>
</round>
</game>
</session>
