<?xml version="1.0" encoding="UTF-8"?>
<session sessioncode="5089142970">
<general>
<client_version>24.7.1.18</client_version>
<mode>real</mode>
<gametype>Holdem NL</gametype>
<tablename>Twister €100 SNG, 826397017</tablename>
<tournamentcode>826397015</tournamentcode>
<tournamentname>Twister €100 SNG</tournamentname>
<buyin>€0 + €7 + €93</buyin>
<totalbuyin>€100</totalbuyin>
<rewarddrawn>€300</rewarddrawn>
<tournamentcurrency>EUR</tournamentcurrency>
<currency>EUR</currency>
<nickname>M1ky3ste92</nickname>
<gamecount>9</gamecount>
<startdate>2026-01-13 23:16:02</startdate>
<place>3</place>
<win>€0</win>
<tablesize>3</tablesize>
</general>
<game gamecode="6593839425"><general>
<startdate>2026-01-13 23:16:17</startdate>
<round>1</round>
<failsafecounter/>
<players><player seat="3" name="Thechosenoonee" chips="500" dealer="0" win="0" bet="20" muck="1" rebuy="0" addon="0" merge="0" rebuychips="0" reg_code="5089141494"/>
<player seat="6" name="M1ky3ste92" chips="500" dealer="1" win="0" bet="0" muck="1" rebuy="0" addon="0" merge="0" rebuychips="0" reg_code="5089142970"/>
<player seat="10" name="SVmariolinos" chips="500" dealer="0" win="40" bet="500" muck="1" rebuy="0" addon="0" merge="0" rebuychips="0" reg_code="5089143569"/>
</players>
</general>
<round no="0"><action no="1" player="SVmariolinos" type="1" discard="1" dealt="1" sum="10"/>
<action no="2" player="Thechosenoonee" type="2" discard="1" dealt="1" sum="20"/>
</round>
<round no="1"><cards type="Pocket" player="M1ky3ste92">CJ C2</cards>
<cards type="Pocket" player="Thechosenoonee">X X</cards>
<cards type="Pocket" player="SVmariolinos">X X</cards>
<action no="3" player="M1ky3ste92" type="0" sum="0"/>
<action no="4" player="SVmariolinos" type="23" discard="1" dealt="1" sum="500"/>
<action no="5" player="Thechosenoonee" type="0" discard="1" dealt="1" sum="0"/>
</round>
</game>
<game gamecode="6593839516"><general>
<startdate>2026-01-13 23:16:28</startdate>
<round>1</round>
<failsafecounter/>
<players><player seat="6" name="M1ky3ste92" chips="500" dealer="0" win="0" bet="20" muck="1" rebuy="0" addon="0" merge="0" rebuychips="0" reg_code="5089142970"/>
<player seat="10" name="SVmariolinos" chips="520" dealer="1" win="0" bet="0" muck="1" rebuy="0" addon="0" merge="0" rebuychips="0" reg_code="5089143569"/>
<player seat="3" name="Thechosenoonee" chips="480" dealer="0" win="40" bet="40" muck="1" rebuy="0" addon="0" merge="0" rebuychips="0" reg_code="5089141494"/>
</players>
</general>
<round no="0"><action no="1" player="Thechosenoonee" type="1" discard="1" dealt="1" sum="10"/>
<action no="2" player="M1ky3ste92" type="2" sum="20"/>
</round>
<round no="1"><cards type="Pocket" player="Thechosenoonee">X X</cards>
<cards type="Pocket" player="SVmariolinos">X X</cards>
<cards type="Pocket" player="M1ky3ste92">H5 CA</cards>
<action no="3" player="SVmariolinos" type="0" discard="1" dealt="1" sum="0"/>
<action no="4" player="Thechosenoonee" type="23" discard="1" dealt="1" sum="40"/>
<action no="5" player="M1ky3ste92" type="0" sum="0"/>
</round>
</game>
<game gamecode="6593839599"><general>
<startdate>2026-01-13 23:16:38</startdate>
<round>1</round>
<failsafecounter/>
<players><player seat="10" name="SVmariolinos" chips="520" dealer="0" win="0" bet="172" muck="1" rebuy="0" addon="0" merge="0" rebuychips="0" reg_code="5089143569"/>
<player seat="3" name="Thechosenoonee" chips="500" dealer="1" win="354" bet="500" muck="1" rebuy="0" addon="0" merge="0" rebuychips="0" reg_code="5089141494"/>
<player seat="6" name="M1ky3ste92" chips="480" dealer="0" win="0" bet="10" muck="1" rebuy="0" addon="0" merge="0" rebuychips="0" reg_code="5089142970"/>
</players>
</general>
<round no="0"><action no="1" player="M1ky3ste92" type="1" sum="10"/>
<action no="2" player="SVmariolinos" type="2" discard="1" dealt="1" sum="20"/>
</round>
<round no="1"><cards type="Pocket" player="SVmariolinos">X X</cards>
<cards type="Pocket" player="Thechosenoonee">X X</cards>
<cards type="Pocket" player="M1ky3ste92">SK H2</cards>
<action no="3" player="Thechosenoonee" type="23" discard="1" dealt="1" sum="40"/>
<action no="4" player="M1ky3ste92" type="0" sum="0"/>
<action no="5" player="SVmariolinos" type="3" discard="1" dealt="1" sum="20"/>
</round>
<round no="2"><cards type="Flop">S2 SQ C9</cards>
<action no="6" player="SVmariolinos" type="4" discard="1" dealt="1" sum="0"/>
<action no="7" player="Thechosenoonee" type="5" discard="1" dealt="1" sum="29"/>
<action no="8" player="SVmariolinos" type="3" discard="1" dealt="1" sum="29"/>
</round>
<round no="3"><cards type="Turn">CA</cards>
<action no="9" player="SVmariolinos" type="5" discard="1" dealt="1" sum="103"/>
<action no="10" player="Thechosenoonee" type="23" discard="1" dealt="1" sum="431"/>
<action no="11" player="SVmariolinos" type="0" discard="1" dealt="1" sum="0"/>
</round>
</game>
<game gamecode="6593840046"><general>
<startdate>2026-01-13 23:17:34</startdate>
<round>1</round>
<failsafecounter/>
<players><player seat="3" name="Thechosenoonee" chips="682" dealer="0" win="0" bet="20" muck="1" rebuy="0" addon="0" merge="0" rebuychips="0" reg_code="5089141494"/>
<player seat="6" name="M1ky3ste92" chips="470" dealer="1" win="50" bet="40" muck="1" rebuy="0" addon="0" merge="0" rebuychips="0" reg_code="5089142970"/>
<player seat="10" name="SVmariolinos" chips="348" dealer="0" win="0" bet="10" muck="1" rebuy="0" addon="0" merge="0" rebuychips="0" reg_code="5089143569"/>
</players>
</general>
<round no="0"><action no="1" player="SVmariolinos" type="1" discard="1" dealt="1" sum="10"/>
<action no="2" player="Thechosenoonee" type="2" discard="1" dealt="1" sum="20"/>
</round>
<round no="1"><cards type="Pocket" player="Thechosenoonee">X X</cards>
<cards type="Pocket" player="M1ky3ste92">CK CJ</cards>
<cards type="Pocket" player="SVmariolinos">X X</cards>
<action no="3" player="M1ky3ste92" type="3" sum="20"/>
<action no="4" player="SVmariolinos" type="0" discard="1" dealt="1" sum="0"/>
<action no="5" player="Thechosenoonee" type="4" discard="1" dealt="1" sum="0"/>
</round>
<round no="2"><cards type="Flop">H10 C9 DJ</cards>
<action no="6" player="Thechosenoonee" type="4" discard="1" dealt="1" sum="0"/>
<action no="7" player="M1ky3ste92" type="5" sum="20"/>
<action no="8" player="Thechosenoonee" type="0" discard="1" dealt="1" sum="0"/>
</round>
</game>
<game gamecode="6593845317"><general>
<startdate>2026-01-13 23:17:57</startdate>
<round>1</round>
<failsafecounter/>
<players><player seat="6" name="M1ky3ste92" chips="500" dealer="0" win="0" bet="35" muck="1" rebuy="0" addon="0" merge="0" rebuychips="0" reg_code="5089142970"/>
<player seat="10" name="SVmariolinos" chips="338" dealer="1" win="90" bet="215" muck="1" rebuy="0" addon="0" merge="0" rebuychips="0" reg_code="5089143569"/>
<player seat="3" name="Thechosenoonee" chips="662" dealer="0" win="0" bet="20" muck="1" rebuy="0" addon="0" merge="0" rebuychips="0" reg_code="5089141494"/>
</players>
</general>
<round no="0"><action no="1" player="Thechosenoonee" type="15" discard="1" dealt="1" sum="5"/>
<action no="2" player="M1ky3ste92" type="15" sum="5"/>
<action no="3" player="SVmariolinos" type="15" discard="1" dealt="1" sum="5"/>
<action no="4" player="Thechosenoonee" type="1" discard="1" dealt="1" sum="15"/>
<action no="5" player="M1ky3ste92" type="2" sum="30"/>
</round>
<round no="1"><cards type="Pocket" player="M1ky3ste92">DJ H9</cards>
<cards type="Pocket" player="SVmariolinos">X X</cards>
<cards type="Pocket" player="Thechosenoonee">X X</cards>
<action no="6" player="SVmariolinos" type="23" discard="1" dealt="1" sum="210"/>
<action no="7" player="Thechosenoonee" type="0" discard="1" dealt="1" sum="0"/>
<action no="8" player="M1ky3ste92" type="0" sum="0"/>
</round>
</game>
<game gamecode="6593845416"><general>
<startdate>2026-01-13 23:18:10</startdate>
<round>1</round>
<failsafecounter/>
<players><player seat="10" name="SVmariolinos" chips="393" dealer="0" win="135" bet="65" muck="0" rebuy="0" addon="0" merge="0" rebuychips="0" reg_code="5089143569"/>
<player seat="3" name="Thechosenoonee" chips="642" dealer="1" win="0" bet="5" muck="1" rebuy="0" addon="0" merge="0" rebuychips="0" reg_code="5089141494"/>
<player seat="6" name="M1ky3ste92" chips="465" dealer="0" win="0" bet="65" muck="1" rebuy="0" addon="0" merge="0" rebuychips="0" reg_code="5089142970"/>
</players>
</general>
<round no="0"><action no="1" player="M1ky3ste92" type="15" sum="5"/>
<action no="2" player="SVmariolinos" type="15" discard="1" dealt="1" sum="5"/>
<action no="3" player="Thechosenoonee" type="15" discard="1" dealt="1" sum="5"/>
<action no="4" player="M1ky3ste92" type="1" sum="15"/>
<action no="5" player="SVmariolinos" type="2" discard="1" dealt="1" sum="30"/>
</round>
<round no="1"><cards type="Pocket" player="M1ky3ste92">C6 D8</cards>
<cards type="Pocket" player="SVmariolinos">CK S5</cards>
<cards type="Pocket" player="Thechosenoonee">X X</cards>
<action no="6" player="Thechosenoonee" type="0" discard="1" dealt="1" sum="0"/>
<action no="7" player="M1ky3ste92" type="3" sum="15"/>
<action no="8" player="SVmariolinos" type="4" discard="1" dealt="1" sum="0"/>
</round>
<round no="2"><cards type="Flop">H10 H9 D2</cards>
<action no="9" player="M1ky3ste92" type="4" sum="0"/>
<action no="10" player="SVmariolinos" type="4" discard="1" dealt="1" sum="0"/>
</round>
<round no="3"><cards type="Turn">D5</cards>
<action no="11" player="M1ky3ste92" type="5" sum="30"/>
<action no="12" player="SVmariolinos" type="3" discard="1" dealt="1" sum="30"/>
</round>
<round no="4"><cards type="River">D3</cards>
<action no="13" player="M1ky3ste92" type="4" sum="0"/>
<action no="14" player="SVmariolinos" type="4" discard="1" dealt="1" sum="0"/>
</round>
</game>
<game gamecode="6593845620"><general>
<startdate>2026-01-13 23:18:35</startdate>
<round>1</round>
<failsafecounter/>
<players><player seat="3" name="Thechosenoonee" chips="637" dealer="0" win="45" bet="35" muck="1" rebuy="0" addon="0" merge="0" rebuychips="0" reg_code="5089141494"/>
<player seat="6" name="M1ky3ste92" chips="400" dealer="1" win="0" bet="5" muck="1" rebuy="0" addon="0" merge="0" rebuychips="0" reg_code="5089142970"/>
<player seat="10" name="SVmariolinos" chips="463" dealer="0" win="0" bet="20" muck="1" rebuy="0" addon="0" merge="0" rebuychips="0" reg_code="5089143569"/>
</players>
</general>
<round no="0"><action no="1" player="SVmariolinos" type="15" discard="1" dealt="1" sum="5"/>
<action no="2" player="Thechosenoonee" type="15" discard="1" dealt="1" sum="5"/>
<action no="3" player="M1ky3ste92" type="15" sum="5"/>
<action no="4" player="SVmariolinos" type="1" discard="1" dealt="1" sum="15"/>
<action no="5" player="Thechosenoonee" type="2" discard="1" dealt="1" sum="30"/>
</round>
<round no="1"><cards type="Pocket" player="Thechosenoonee">X X</cards>
<cards type="Pocket" player="M1ky3ste92">SJ D5</cards>
<cards type="Pocket" player="SVmariolinos">X X</cards>
<action no="6" player="M1ky3ste92" type="0" sum="0"/>
<action no="7" player="SVmariolinos" type="0" discard="1" dealt="1" sum="0"/>
</round>
</game>
<game gamecode="6593845708"><general>
<startdate>2026-01-13 23:18:44</startdate>
<round>1</round>
<failsafecounter/>
<players><player seat="6" name="M1ky3ste92" chips="395" dealer="0" win="0" bet="35" muck="1" rebuy="0" addon="0" merge="0" rebuychips="0" reg_code="5089142970"/>
<player seat="10" name="SVmariolinos" chips="443" dealer="1" win="90" bet="245" muck="1" rebuy="0" addon="0" merge="0" rebuychips="0" reg_code="5089143569"/>
<player seat="3" name="Thechosenoonee" chips="662" dealer="0" win="0" bet="20" muck="1" rebuy="0" addon="0" merge="0" rebuychips="0" reg_code="5089141494"/>
</players>
</general>
<round no="0"><action no="1" player="Thechosenoonee" type="15" discard="1" dealt="1" sum="5"/>
<action no="2" player="M1ky3ste92" type="15" sum="5"/>
<action no="3" player="SVmariolinos" type="15" discard="1" dealt="1" sum="5"/>
<action no="4" player="Thechosenoonee" type="1" discard="1" dealt="1" sum="15"/>
<action no="5" player="M1ky3ste92" type="2" sum="30"/>
</round>
<round no="1"><cards type="Pocket" player="SVmariolinos">X X</cards>
<cards type="Pocket" player="M1ky3ste92">D10 HQ</cards>
<cards type="Pocket" player="Thechosenoonee">X X</cards>
<action no="6" player="SVmariolinos" type="23" discard="1" dealt="1" sum="240"/>
<action no="7" player="Thechosenoonee" type="0" discard="1" dealt="1" sum="0"/>
<action no="8" player="M1ky3ste92" type="0" sum="0"/>
</round>
</game>
<game gamecode="6593845849"><general>
<startdate>2026-01-13 23:19:04</startdate>
<round>1</round>
<failsafecounter/>
<players><player seat="10" name="SVmariolinos" chips="498" dealer="0" win="725" bet="360" muck="0" rebuy="0" addon="0" merge="0" rebuychips="0" reg_code="5089143569"/>
<player seat="3" name="Thechosenoonee" chips="642" dealer="1" win="0" bet="5" muck="1" rebuy="0" addon="0" merge="0" rebuychips="0" reg_code="5089141494"/>
<player seat="6" name="M1ky3ste92" chips="360" dealer="0" win="0" bet="360" muck="0" rebuy="0" addon="0" merge="0" rebuychips="0" reg_code="5089142970"/>
</players>
</general>
<round no="0"><action no="1" player="M1ky3ste92" type="15" sum="5"/>
<action no="2" player="SVmariolinos" type="15" discard="1" dealt="1" sum="5"/>
<action no="3" player="Thechosenoonee" type="15" discard="1" dealt="1" sum="5"/>
<action no="4" player="M1ky3ste92" type="1" sum="15"/>
<action no="5" player="SVmariolinos" type="2" discard="1" dealt="1" sum="30"/>
</round>
<round no="1"><cards type="Pocket" player="M1ky3ste92">D2 H2</cards>
<cards type="Pocket" player="SVmariolinos">H10 D10</cards>
<cards type="Pocket" player="Thechosenoonee">X X</cards>
<action no="6" player="Thechosenoonee" type="0" discard="1" dealt="1" sum="0"/>
<action no="7" player="M1ky3ste92" type="23" sum="355"/>
<action no="8" player="SVmariolinos" type="3" discard="1" dealt="1" sum="325"/>
</round>
<round no="2"><cards type="Flop">C10 HQ H4</cards>
</round>
<round no="3"><cards type="Turn">S2</cards>
</round>
<round no="4"><cards type="River">HK</cards>
</round>
</game>
</session>
