<?xml version="1.0" encoding="UTF-8"?>
<session sessioncode="5089023436">
<general>
<client_version>24.7.1.18</client_version>
<mode>real</mode>
<gametype>Holdem NL</gametype>
<tablename>Twister €100 SNG, 826362749</tablename>
<tournamentcode>826362748</tournamentcode>
<tournamentname>Twister €100 SNG</tournamentname>
<buyin>€0 + €7 + €93</buyin>
<totalbuyin>€100</totalbuyin>
<rewarddrawn>€400</rewarddrawn>
<tournamentcurrency>EUR</tournamentcurrency>
<currency>EUR</currency>
<nickname>M1ky3ste92</nickname>
<gamecount>25</gamecount>
<startdate>2026-01-13 17:31:51</startdate>
<place>1</place>
<win>€400</win>
<tablesize>3</tablesize>
</general>
<game gamecode="6593359427"><general>
<startdate>2026-01-13 17:32:06</startdate>
<round>1</round>
<failsafecounter/>
<players><player seat="3" name="ilCapo6" chips="500" dealer="0" win="0" bet="20" muck="1" rebuy="0" addon="0" merge="0" rebuychips="0" reg_code="5089021590"/>
<player seat="6" name="Francoammirati" chips="500" dealer="1" win="50" bet="40" muck="1" rebuy="0" addon="0" merge="0" rebuychips="0" reg_code="5089023384"/>
<player seat="10" name="M1ky3ste92" chips="500" dealer="0" win="0" bet="10" muck="1" rebuy="0" addon="0" merge="0" rebuychips="0" reg_code="5089023436"/>
</players>
</general>
<round no="0"><action no="1" player="M1ky3ste92" type="1" sum="10"/>
<action no="2" player="ilCapo6" type="2" discard="1" dealt="1" sum="20"/>
</round>
<round no="1"><cards type="Pocket" player="M1ky3ste92">H10 S3</cards>
<cards type="Pocket" player="ilCapo6">X X</cards>
<cards type="Pocket" player="Francoammirati">X X</cards>
<action no="3" player="Francoammirati" type="23" discard="1" dealt="1" sum="40"/>
<action no="4" player="M1ky3ste92" type="0" sum="0"/>
<action no="5" player="ilCapo6" type="0" discard="1" dealt="1" sum="0"/>
</round>
</game>
<game gamecode="6593359532"><general>
<startdate>2026-01-13 17:32:20</startdate>
<round>1</round>
<failsafecounter/>
<players><player seat="6" name="Francoammirati" chips="530" dealer="0" win="130" bet="80" muck="1" rebuy="0" addon="0" merge="0" rebuychips="0" reg_code="5089023384"/>
<player seat="10" name="M1ky3ste92" chips="490" dealer="1" win="0" bet="60" muck="1" rebuy="0" addon="0" merge="0" rebuychips="0" reg_code="5089023436"/>
<player seat="3" name="ilCapo6" chips="480" dealer="0" win="0" bet="10" muck="1" rebuy="0" addon="0" merge="0" rebuychips="0" reg_code="5089021590"/>
</players>
</general>
<round no="0"><action no="1" player="ilCapo6" type="1" discard="1" dealt="1" sum="10"/>
<action no="2" player="Francoammirati" type="2" discard="1" dealt="1" sum="20"/>
</round>
<round no="1"><cards type="Pocket" player="ilCapo6">X X</cards>
<cards type="Pocket" player="Francoammirati">X X</cards>
<cards type="Pocket" player="M1ky3ste92">C9 C10</cards>
<action no="3" player="M1ky3ste92" type="23" sum="40"/>
<action no="4" player="ilCapo6" type="0" discard="1" dealt="1" sum="0"/>
<action no="5" player="Francoammirati" type="3" discard="1" dealt="1" sum="20"/>
</round>
<round no="2"><cards type="Flop">H5 S5 H2</cards>
<action no="6" player="Francoammirati" type="4" discard="1" dealt="1" sum="0"/>
<action no="7" player="M1ky3ste92" type="5" sum="20"/>
<action no="8" player="Francoammirati" type="3" discard="1" dealt="1" sum="20"/>
</round>
<round no="3"><cards type="Turn">D8</cards>
<action no="9" player="Francoammirati" type="4" discard="1" dealt="1" sum="0"/>
<action no="10" player="M1ky3ste92" type="4" sum="0"/>
</round>
<round no="4"><cards type="River">SJ</cards>
<action no="11" player="Francoammirati" type="5" discard="1" dealt="1" sum="20"/>
<action no="12" player="M1ky3ste92" type="0" sum="0"/>
</round>
</game>
<game gamecode="6593359692"><general>
<startdate>2026-01-13 17:32:39</startdate>
<round>1</round>
<failsafecounter/>
<players><player seat="10" name="M1ky3ste92" chips="430" dealer="0" win="0" bet="40" muck="1" rebuy="0" addon="0" merge="0" rebuychips="0" reg_code="5089023436"/>
<player seat="3" name="ilCapo6" chips="470" dealer="1" win="120" bet="100" muck="1" rebuy="0" addon="0" merge="0" rebuychips="0" reg_code="5089021590"/>
<player seat="6" name="Francoammirati" chips="600" dealer="0" win="0" bet="40" muck="1" rebuy="0" addon="0" merge="0" rebuychips="0" reg_code="5089023384"/>
</players>
</general>
<round no="0"><action no="1" player="Francoammirati" type="1" discard="1" dealt="1" sum="10"/>
<action no="2" player="M1ky3ste92" type="2" sum="20"/>
</round>
<round no="1"><cards type="Pocket" player="Francoammirati">X X</cards>
<cards type="Pocket" player="ilCapo6">X X</cards>
<cards type="Pocket" player="M1ky3ste92">DA S6</cards>
<action no="3" player="ilCapo6" type="23" discard="1" dealt="1" sum="40"/>
<action no="4" player="Francoammirati" type="3" discard="1" dealt="1" sum="30"/>
<action no="5" player="M1ky3ste92" type="3" sum="20"/>
</round>
<round no="2"><cards type="Flop">C5 H4 H8</cards>
<action no="6" player="Francoammirati" type="4" discard="1" dealt="1" sum="0"/>
<action no="7" player="M1ky3ste92" type="4" sum="0"/>
<action no="8" player="ilCapo6" type="5" discard="1" dealt="1" sum="60"/>
<action no="9" player="Francoammirati" type="0" discard="1" dealt="1" sum="0"/>
<action no="10" player="M1ky3ste92" type="0" sum="0"/>
</round>
</game>
<game gamecode="6593365856"><general>
<startdate>2026-01-13 17:33:04</startdate>
<round>1</round>
<failsafecounter/>
<players><player seat="3" name="ilCapo6" chips="550" dealer="0" win="0" bet="20" muck="1" rebuy="0" addon="0" merge="0" rebuychips="0" reg_code="5089021590"/>
<player seat="6" name="Francoammirati" chips="560" dealer="1" win="0" bet="80" muck="1" rebuy="0" addon="0" merge="0" rebuychips="0" reg_code="5089023384"/>
<player seat="10" name="M1ky3ste92" chips="390" dealer="0" win="180" bet="140" muck="1" rebuy="0" addon="0" merge="0" rebuychips="0" reg_code="5089023436"/>
</players>
</general>
<round no="0"><action no="1" player="M1ky3ste92" type="1" sum="10"/>
<action no="2" player="ilCapo6" type="2" discard="1" dealt="1" sum="20"/>
</round>
<round no="1"><cards type="Pocket" player="ilCapo6">X X</cards>
<cards type="Pocket" player="Francoammirati">X X</cards>
<cards type="Pocket" player="M1ky3ste92">C9 CJ</cards>
<action no="3" player="Francoammirati" type="3" discard="1" dealt="1" sum="20"/>
<action no="4" player="M1ky3ste92" type="23" sum="80"/>
<action no="5" player="ilCapo6" type="0" discard="1" dealt="1" sum="0"/>
<action no="6" player="Francoammirati" type="3" discard="1" dealt="1" sum="60"/>
</round>
<round no="2"><cards type="Flop">D7 S7 SA</cards>
<action no="7" player="M1ky3ste92" type="5" sum="60"/>
<action no="8" player="Francoammirati" type="0" discard="1" dealt="1" sum="0"/>
</round>
</game>
<game gamecode="6593366006"><general>
<startdate>2026-01-13 17:33:23</startdate>
<round>1</round>
<failsafecounter/>
<players><player seat="6" name="Francoammirati" chips="480" dealer="0" win="120" bet="144" muck="1" rebuy="0" addon="0" merge="0" rebuychips="0" reg_code="5089023384"/>
<player seat="10" name="M1ky3ste92" chips="490" dealer="1" win="0" bet="0" muck="1" rebuy="0" addon="0" merge="0" rebuychips="0" reg_code="5089023436"/>
<player seat="3" name="ilCapo6" chips="530" dealer="0" win="0" bet="60" muck="1" rebuy="0" addon="0" merge="0" rebuychips="0" reg_code="5089021590"/>
</players>
</general>
<round no="0"><action no="1" player="ilCapo6" type="1" discard="1" dealt="1" sum="10"/>
<action no="2" player="Francoammirati" type="2" discard="1" dealt="1" sum="20"/>
</round>
<round no="1"><cards type="Pocket" player="ilCapo6">X X</cards>
<cards type="Pocket" player="Francoammirati">X X</cards>
<cards type="Pocket" player="M1ky3ste92">C7 D10</cards>
<action no="3" player="M1ky3ste92" type="0" sum="0"/>
<action no="4" player="ilCapo6" type="3" discard="1" dealt="1" sum="10"/>
<action no="5" player="Francoammirati" type="4" discard="1" dealt="1" sum="0"/>
</round>
<round no="2"><cards type="Flop">C5 D3 H6</cards>
<action no="6" player="ilCapo6" type="5" discard="1" dealt="1" sum="20"/>
<action no="7" player="Francoammirati" type="3" discard="1" dealt="1" sum="20"/>
</round>
<round no="3"><cards type="Turn">C3</cards>
<action no="8" player="ilCapo6" type="5" discard="1" dealt="1" sum="20"/>
<action no="9" player="Francoammirati" type="3" discard="1" dealt="1" sum="20"/>
</round>
<round no="4"><cards type="River">S2</cards>
<action no="10" player="ilCapo6" type="4" discard="1" dealt="1" sum="0"/>
<action no="11" player="Francoammirati" type="5" discard="1" dealt="1" sum="84"/>
<action no="12" player="ilCapo6" type="0" discard="1" dealt="1" sum="0"/>
</round>
</game>
<game gamecode="6593366181"><general>
<startdate>2026-01-13 17:33:46</startdate>
<round>1</round>
<failsafecounter/>
<players><player seat="10" name="M1ky3ste92" chips="490" dealer="0" win="240" bet="180" muck="1" rebuy="0" addon="0" merge="0" rebuychips="0" reg_code="5089023436"/>
<player seat="3" name="ilCapo6" chips="470" dealer="1" win="0" bet="0" muck="1" rebuy="0" addon="0" merge="0" rebuychips="0" reg_code="5089021590"/>
<player seat="6" name="Francoammirati" chips="540" dealer="0" win="0" bet="120" muck="1" rebuy="0" addon="0" merge="0" rebuychips="0" reg_code="5089023384"/>
</players>
</general>
<round no="0"><action no="1" player="Francoammirati" type="1" discard="1" dealt="1" sum="10"/>
<action no="2" player="M1ky3ste92" type="2" sum="20"/>
</round>
<round no="1"><cards type="Pocket" player="ilCapo6">X X</cards>
<cards type="Pocket" player="M1ky3ste92">C8 SA</cards>
<cards type="Pocket" player="Francoammirati">X X</cards>
<action no="3" player="ilCapo6" type="0" discard="1" dealt="1" sum="0"/>
<action no="4" player="Francoammirati" type="23" discard="1" dealt="1" sum="40"/>
<action no="5" player="M1ky3ste92" type="3" sum="20"/>
</round>
<round no="2"><cards type="Flop">S9 HQ DA</cards>
<action no="6" player="Francoammirati" type="5" discard="1" dealt="1" sum="40"/>
<action no="7" player="M1ky3ste92" type="3" sum="40"/>
</round>
<round no="3"><cards type="Turn">H7</cards>
<action no="8" player="Francoammirati" type="4" discard="1" dealt="1" sum="0"/>
<action no="9" player="M1ky3ste92" type="5" sum="40"/>
<action no="10" player="Francoammirati" type="3" discard="1" dealt="1" sum="40"/>
</round>
<round no="4"><cards type="River">C6</cards>
<action no="11" player="Francoammirati" type="4" discard="1" dealt="1" sum="0"/>
<action no="12" player="M1ky3ste92" type="5" sum="60"/>
<action no="13" player="Francoammirati" type="0" discard="1" dealt="1" sum="0"/>
</round>
</game>
<game gamecode="6593366391"><general>
<startdate>2026-01-13 17:34:12</startdate>
<round>1</round>
<failsafecounter/>
<players><player seat="3" name="ilCapo6" chips="470" dealer="0" win="0" bet="35" muck="1" rebuy="0" addon="0" merge="0" rebuychips="0" reg_code="5089021590"/>
<player seat="6" name="Francoammirati" chips="420" dealer="1" win="90" bet="65" muck="1" rebuy="0" addon="0" merge="0" rebuychips="0" reg_code="5089023384"/>
<player seat="10" name="M1ky3ste92" chips="610" dealer="0" win="0" bet="20" muck="1" rebuy="0" addon="0" merge="0" rebuychips="0" reg_code="5089023436"/>
</players>
</general>
<round no="0"><action no="1" player="M1ky3ste92" type="15" sum="5"/>
<action no="2" player="ilCapo6" type="15" discard="1" dealt="1" sum="5"/>
<action no="3" player="Francoammirati" type="15" discard="1" dealt="1" sum="5"/>
<action no="4" player="M1ky3ste92" type="1" sum="15"/>
<action no="5" player="ilCapo6" type="2" discard="1" dealt="1" sum="30"/>
</round>
<round no="1"><cards type="Pocket" player="ilCapo6">X X</cards>
<cards type="Pocket" player="M1ky3ste92">D4 S8</cards>
<cards type="Pocket" player="Francoammirati">X X</cards>
<action no="6" player="Francoammirati" type="23" discard="1" dealt="1" sum="60"/>
<action no="7" player="M1ky3ste92" type="0" sum="0"/>
<action no="8" player="ilCapo6" type="0" discard="1" dealt="1" sum="0"/>
</round>
</game>
<game gamecode="6593366473"><general>
<startdate>2026-01-13 17:34:21</startdate>
<round>1</round>
<failsafecounter/>
<players><player seat="6" name="Francoammirati" chips="475" dealer="0" win="875" bet="435" muck="0" rebuy="0" addon="0" merge="0" rebuychips="0" reg_code="5089023384"/>
<player seat="10" name="M1ky3ste92" chips="590" dealer="1" win="0" bet="5" muck="1" rebuy="0" addon="0" merge="0" rebuychips="0" reg_code="5089023436"/>
<player seat="3" name="ilCapo6" chips="435" dealer="0" win="0" bet="435" muck="0" rebuy="0" addon="0" merge="0" rebuychips="0" reg_code="5089021590"/>
</players>
</general>
<round no="0"><action no="1" player="ilCapo6" type="15" discard="1" dealt="1" sum="5"/>
<action no="2" player="Francoammirati" type="15" discard="1" dealt="1" sum="5"/>
<action no="3" player="M1ky3ste92" type="15" sum="5"/>
<action no="4" player="ilCapo6" type="1" discard="1" dealt="1" sum="15"/>
<action no="5" player="Francoammirati" type="2" discard="1" dealt="1" sum="30"/>
</round>
<round no="1"><cards type="Pocket" player="Francoammirati">C10 D8</cards>
<cards type="Pocket" player="M1ky3ste92">H9 H2</cards>
<cards type="Pocket" player="ilCapo6">D9 H8</cards>
<action no="6" player="M1ky3ste92" type="0" sum="0"/>
<action no="7" player="ilCapo6" type="23" discard="1" dealt="1" sum="60"/>
<action no="8" player="Francoammirati" type="3" discard="1" dealt="1" sum="30"/>
</round>
<round no="2"><cards type="Flop">H7 D5 C9</cards>
<action no="9" player="ilCapo6" type="5" discard="1" dealt="1" sum="67"/>
<action no="10" player="Francoammirati" type="3" discard="1" dealt="1" sum="67"/>
</round>
<round no="3"><cards type="Turn">S10</cards>
<action no="11" player="ilCapo6" type="4" discard="1" dealt="1" sum="0"/>
<action no="12" player="Francoammirati" type="5" discard="1" dealt="1" sum="188"/>
<action no="13" player="ilCapo6" type="7" discard="1" dealt="1" sum="303"/>
<action no="14" player="Francoammirati" type="3" discard="1" dealt="1" sum="115"/>
</round>
<round no="4"><cards type="River">DK</cards>
</round>
</game>
<game gamecode="6593366668"><general>
<startdate>2026-01-13 17:34:48</startdate>
<round>1</round>
<failsafecounter/>
<players><player seat="10" name="M1ky3ste92" chips="585" dealer="0" win="0" bet="35" muck="1" rebuy="0" addon="0" merge="0" rebuychips="0" reg_code="5089023436"/>
<player seat="6" name="Francoammirati" chips="915" dealer="1" win="70" bet="65" muck="1" rebuy="0" addon="0" merge="0" rebuychips="0" reg_code="5089023384"/>
</players>
</general>
<round no="0"><action no="1" player="Francoammirati" type="15" discard="1" dealt="1" sum="5"/>
<action no="2" player="M1ky3ste92" type="15" sum="5"/>
<action no="3" player="Francoammirati" type="1" discard="1" dealt="1" sum="15"/>
<action no="4" player="M1ky3ste92" type="2" sum="30"/>
</round>
<round no="1"><cards type="Pocket" player="Francoammirati">X X</cards>
<cards type="Pocket" player="M1ky3ste92">DK S6</cards>
<action no="5" player="Francoammirati" type="3" discard="1" dealt="1" sum="15"/>
<action no="6" player="M1ky3ste92" type="4" sum="0"/>
</round>
<round no="2"><cards type="Flop">H8 C2 C7</cards>
<action no="7" player="M1ky3ste92" type="4" sum="0"/>
<action no="8" player="Francoammirati" type="5" discard="1" dealt="1" sum="30"/>
<action no="9" player="M1ky3ste92" type="0" sum="0"/>
</round>
</game>
<game gamecode="6593366730"><general>
<startdate>2026-01-13 17:34:57</startdate>
<round>1</round>
<failsafecounter/>
<players><player seat="6" name="Francoammirati" chips="950" dealer="0" win="0" bet="65" muck="1" rebuy="0" addon="0" merge="0" rebuychips="0" reg_code="5089023384"/>
<player seat="10" name="M1ky3ste92" chips="550" dealer="1" win="130" bet="65" muck="0" rebuy="0" addon="0" merge="0" rebuychips="0" reg_code="5089023436"/>
</players>
</general>
<round no="0"><action no="1" player="M1ky3ste92" type="15" sum="5"/>
<action no="2" player="Francoammirati" type="15" discard="1" dealt="1" sum="5"/>
<action no="3" player="M1ky3ste92" type="1" sum="15"/>
<action no="4" player="Francoammirati" type="2" discard="1" dealt="1" sum="30"/>
</round>
<round no="1"><cards type="Pocket" player="Francoammirati">D7 S8</cards>
<cards type="Pocket" player="M1ky3ste92">CQ S9</cards>
<action no="5" player="M1ky3ste92" type="3" sum="15"/>
<action no="6" player="Francoammirati" type="23" discard="1" dealt="1" sum="60"/>
<action no="7" player="M1ky3ste92" type="3" sum="30"/>
</round>
<round no="2"><cards type="Flop">D9 DK CJ</cards>
<action no="8" player="Francoammirati" type="4" discard="1" dealt="1" sum="0"/>
<action no="9" player="M1ky3ste92" type="4" sum="0"/>
</round>
<round no="3"><cards type="Turn">CA</cards>
<action no="10" player="Francoammirati" type="4" discard="1" dealt="1" sum="0"/>
<action no="11" player="M1ky3ste92" type="4" sum="0"/>
</round>
<round no="4"><cards type="River">D2</cards>
<action no="12" player="Francoammirati" type="4" discard="1" dealt="1" sum="0"/>
<action no="13" player="M1ky3ste92" type="4" sum="0"/>
</round>
</game>
<game gamecode="6593366841"><general>
<startdate>2026-01-13 17:35:12</startdate>
<round>1</round>
<failsafecounter/>
<players><player seat="10" name="M1ky3ste92" chips="615" dealer="0" win="0" bet="35" muck="1" rebuy="0" addon="0" merge="0" rebuychips="0" reg_code="5089023436"/>
<player seat="6" name="Francoammirati" chips="885" dealer="1" win="70" bet="65" muck="1" rebuy="0" addon="0" merge="0" rebuychips="0" reg_code="5089023384"/>
</players>
</general>
<round no="0"><action no="1" player="Francoammirati" type="15" discard="1" dealt="1" sum="5"/>
<action no="2" player="M1ky3ste92" type="15" sum="5"/>
<action no="3" player="Francoammirati" type="1" discard="1" dealt="1" sum="15"/>
<action no="4" player="M1ky3ste92" type="2" sum="30"/>
</round>
<round no="1"><cards type="Pocket" player="Francoammirati">X X</cards>
<cards type="Pocket" player="M1ky3ste92">D6 H4</cards>
<action no="5" player="Francoammirati" type="3" discard="1" dealt="1" sum="15"/>
<action no="6" player="M1ky3ste92" type="4" sum="0"/>
</round>
<round no="2"><cards type="Flop">H10 C9 HQ</cards>
<action no="7" player="M1ky3ste92" type="4" sum="0"/>
<action no="8" player="Francoammirati" type="4" discard="1" dealt="1" sum="0"/>
</round>
<round no="3"><cards type="Turn">C7</cards>
<action no="9" player="M1ky3ste92" type="4" sum="0"/>
<action no="10" player="Francoammirati" type="4" discard="1" dealt="1" sum="0"/>
</round>
<round no="4"><cards type="River">HJ</cards>
<action no="11" player="M1ky3ste92" type="4" sum="0"/>
<action no="12" player="Francoammirati" type="5" discard="1" dealt="1" sum="30"/>
<action no="13" player="M1ky3ste92" type="0" sum="0"/>
</round>
</game>
<game gamecode="6593366942"><general>
<startdate>2026-01-13 17:35:25</startdate>
<round>1</round>
<failsafecounter/>
<players><player seat="6" name="Francoammirati" chips="920" dealer="0" win="70" bet="65" muck="1" rebuy="0" addon="0" merge="0" rebuychips="0" reg_code="5089023384"/>
<player seat="10" name="M1ky3ste92" chips="580" dealer="1" win="0" bet="35" muck="1" rebuy="0" addon="0" merge="0" rebuychips="0" reg_code="5089023436"/>
</players>
</general>
<round no="0"><action no="1" player="M1ky3ste92" type="15" sum="5"/>
<action no="2" player="Francoammirati" type="15" discard="1" dealt="1" sum="5"/>
<action no="3" player="M1ky3ste92" type="1" sum="15"/>
<action no="4" player="Francoammirati" type="2" discard="1" dealt="1" sum="30"/>
</round>
<round no="1"><cards type="Pocket" player="Francoammirati">X X</cards>
<cards type="Pocket" player="M1ky3ste92">C8 H5</cards>
<action no="5" player="M1ky3ste92" type="3" sum="15"/>
<action no="6" player="Francoammirati" type="23" discard="1" dealt="1" sum="60"/>
<action no="7" player="M1ky3ste92" type="0" sum="0"/>
</round>
</game>
<game gamecode="6593367004"><general>
<startdate>2026-01-13 17:35:33</startdate>
<round>1</round>
<failsafecounter/>
<players><player seat="10" name="M1ky3ste92" chips="545" dealer="0" win="0" bet="35" muck="1" rebuy="0" addon="0" merge="0" rebuychips="0" reg_code="5089023436"/>
<player seat="6" name="Francoammirati" chips="955" dealer="1" win="70" bet="65" muck="1" rebuy="0" addon="0" merge="0" rebuychips="0" reg_code="5089023384"/>
</players>
</general>
<round no="0"><action no="1" player="Francoammirati" type="15" discard="1" dealt="1" sum="5"/>
<action no="2" player="M1ky3ste92" type="15" sum="5"/>
<action no="3" player="Francoammirati" type="1" discard="1" dealt="1" sum="15"/>
<action no="4" player="M1ky3ste92" type="2" sum="30"/>
</round>
<round no="1"><cards type="Pocket" player="M1ky3ste92">D2 C3</cards>
<cards type="Pocket" player="Francoammirati">X X</cards>
<action no="5" player="Francoammirati" type="23" discard="1" dealt="1" sum="60"/>
<action no="6" player="M1ky3ste92" type="0" sum="0"/>
</round>
</game>
<game gamecode="6593367050"><general>
<startdate>2026-01-13 17:35:39</startdate>
<round>1</round>
<failsafecounter/>
<players><player seat="6" name="Francoammirati" chips="990" dealer="0" win="0" bet="156" muck="1" rebuy="0" addon="0" merge="0" rebuychips="0" reg_code="5089023384"/>
<player seat="10" name="M1ky3ste92" chips="510" dealer="1" win="312" bet="510" muck="1" rebuy="0" addon="0" merge="0" rebuychips="0" reg_code="5089023436"/>
</players>
</general>
<round no="0"><action no="1" player="M1ky3ste92" type="15" sum="5"/>
<action no="2" player="Francoammirati" type="15" discard="1" dealt="1" sum="5"/>
<action no="3" player="M1ky3ste92" type="1" sum="15"/>
<action no="4" player="Francoammirati" type="2" discard="1" dealt="1" sum="30"/>
</round>
<round no="1"><cards type="Pocket" player="Francoammirati">X X</cards>
<cards type="Pocket" player="M1ky3ste92">C10 SQ</cards>
<action no="5" player="M1ky3ste92" type="3" sum="15"/>
<action no="6" player="Francoammirati" type="4" discard="1" dealt="1" sum="0"/>
</round>
<round no="2"><cards type="Flop">CK S4 H2</cards>
<action no="7" player="Francoammirati" type="5" discard="1" dealt="1" sum="30"/>
<action no="8" player="M1ky3ste92" type="3" sum="30"/>
</round>
<round no="3"><cards type="Turn">S9</cards>
<action no="9" player="Francoammirati" type="4" discard="1" dealt="1" sum="0"/>
<action no="10" player="M1ky3ste92" type="5" sum="91"/>
<action no="11" player="Francoammirati" type="3" discard="1" dealt="1" sum="91"/>
</round>
<round no="4"><cards type="River">S6</cards>
<action no="12" player="Francoammirati" type="4" discard="1" dealt="1" sum="0"/>
<action no="13" player="M1ky3ste92" type="5" sum="354"/>
<action no="14" player="Francoammirati" type="0" discard="1" dealt="1" sum="0"/>
</round>
</game>
<game gamecode="6593367244"><general>
<startdate>2026-01-13 17:36:05</startdate>
<round>1</round>
<failsafecounter/>
<players><player seat="10" name="M1ky3ste92" chips="666" dealer="0" win="0" bet="125" muck="1" rebuy="0" addon="0" merge="0" rebuychips="0" reg_code="5089023436"/>
<player seat="6" name="Francoammirati" chips="834" dealer="1" win="250" bet="165" muck="1" rebuy="0" addon="0" merge="0" rebuychips="0" reg_code="5089023384"/>
</players>
</general>
<round no="0"><action no="1" player="Francoammirati" type="15" discard="1" dealt="1" sum="5"/>
<action no="2" player="M1ky3ste92" type="15" sum="5"/>
<action no="3" player="Francoammirati" type="1" discard="1" dealt="1" sum="20"/>
<action no="4" player="M1ky3ste92" type="2" sum="40"/>
</round>
<round no="1"><cards type="Pocket" player="Francoammirati">X X</cards>
<cards type="Pocket" player="M1ky3ste92">DK H10</cards>
<action no="5" player="Francoammirati" type="23" discard="1" dealt="1" sum="80"/>
<action no="6" player="M1ky3ste92" type="3" sum="40"/>
</round>
<round no="2"><cards type="Flop">C9 D4 H5</cards>
<action no="7" player="M1ky3ste92" type="4" sum="0"/>
<action no="8" player="Francoammirati" type="5" discard="1" dealt="1" sum="40"/>
<action no="9" player="M1ky3ste92" type="3" sum="40"/>
</round>
<round no="3"><cards type="Turn">C7</cards>
<action no="10" player="M1ky3ste92" type="4" sum="0"/>
<action no="11" player="Francoammirati" type="5" discard="1" dealt="1" sum="40"/>
<action no="12" player="M1ky3ste92" type="0" sum="0"/>
</round>
</game>
<game gamecode="6593367333"><general>
<startdate>2026-01-13 17:36:18</startdate>
<round>1</round>
<failsafecounter/>
<players><player seat="6" name="Francoammirati" chips="959" dealer="0" win="0" bet="541" muck="1" rebuy="0" addon="0" merge="0" rebuychips="0" reg_code="5089023384"/>
<player seat="10" name="M1ky3ste92" chips="541" dealer="1" win="1,082" bet="541" muck="0" rebuy="0" addon="0" merge="0" rebuychips="0" reg_code="5089023436"/>
</players>
</general>
<round no="0"><action no="1" player="M1ky3ste92" type="15" sum="5"/>
<action no="2" player="Francoammirati" type="15" discard="1" dealt="1" sum="5"/>
<action no="3" player="M1ky3ste92" type="1" sum="20"/>
<action no="4" player="Francoammirati" type="2" discard="1" dealt="1" sum="40"/>
</round>
<round no="1"><cards type="Pocket" player="M1ky3ste92">D4 H4</cards>
<cards type="Pocket" player="Francoammirati">SA C4</cards>
<action no="5" player="M1ky3ste92" type="23" sum="536"/>
<action no="6" player="Francoammirati" type="3" discard="1" dealt="1" sum="496"/>
</round>
<round no="2"><cards type="Flop">C3 C10 DK</cards>
</round>
<round no="3"><cards type="Turn">C6</cards>
</round>
<round no="4"><cards type="River">DJ</cards>
</round>
</game>
<game gamecode="6593367475"><general>
<startdate>2026-01-13 17:36:37</startdate>
<round>1</round>
<failsafecounter/>
<players><player seat="10" name="M1ky3ste92" chips="1,082" dealer="0" win="0" bet="1,082" muck="0" rebuy="0" addon="0" merge="0" rebuychips="0" reg_code="5089023436"/>
<player seat="6" name="Francoammirati" chips="418" dealer="1" win="836" bet="418" muck="0" rebuy="0" addon="0" merge="0" rebuychips="0" reg_code="5089023384"/>
</players>
</general>
<round no="0"><action no="1" player="Francoammirati" type="15" discard="1" dealt="1" sum="5"/>
<action no="2" player="M1ky3ste92" type="15" sum="5"/>
<action no="3" player="Francoammirati" type="1" discard="1" dealt="1" sum="20"/>
<action no="4" player="M1ky3ste92" type="2" sum="40"/>
</round>
<round no="1"><cards type="Pocket" player="M1ky3ste92">H4 C4</cards>
<cards type="Pocket" player="Francoammirati">DA D2</cards>
<action no="5" player="Francoammirati" type="23" discard="1" dealt="1" sum="80"/>
<action no="6" player="M1ky3ste92" type="23" sum="1,077"/>
<action no="7" player="Francoammirati" type="7" discard="1" dealt="1" sum="333"/>
</round>
<round no="2"><cards type="Flop">DQ S2 D10</cards>
</round>
<round no="3"><cards type="Turn">D3</cards>
</round>
<round no="4"><cards type="River">S7</cards>
</round>
</game>
<game gamecode="6593367586"><general>
<startdate>2026-01-13 17:36:54</startdate>
<round>1</round>
<failsafecounter/>
<players><player seat="6" name="Francoammirati" chips="836" dealer="0" win="90" bet="125" muck="1" rebuy="0" addon="0" merge="0" rebuychips="0" reg_code="5089023384"/>
<player seat="10" name="M1ky3ste92" chips="664" dealer="1" win="0" bet="45" muck="1" rebuy="0" addon="0" merge="0" rebuychips="0" reg_code="5089023436"/>
</players>
</general>
<round no="0"><action no="1" player="M1ky3ste92" type="15" sum="5"/>
<action no="2" player="Francoammirati" type="15" discard="1" dealt="1" sum="5"/>
<action no="3" player="M1ky3ste92" type="1" sum="20"/>
<action no="4" player="Francoammirati" type="2" discard="1" dealt="1" sum="40"/>
</round>
<round no="1"><cards type="Pocket" player="Francoammirati">X X</cards>
<cards type="Pocket" player="M1ky3ste92">HJ D5</cards>
<action no="5" player="M1ky3ste92" type="3" sum="20"/>
<action no="6" player="Francoammirati" type="23" discard="1" dealt="1" sum="120"/>
<action no="7" player="M1ky3ste92" type="0" sum="0"/>
</round>
</game>
<game gamecode="6593367655"><general>
<startdate>2026-01-13 17:37:03</startdate>
<round>1</round>
<failsafecounter/>
<players><player seat="10" name="M1ky3ste92" chips="619" dealer="0" win="50" bet="45" muck="1" rebuy="0" addon="0" merge="0" rebuychips="0" reg_code="5089023436"/>
<player seat="6" name="Francoammirati" chips="881" dealer="1" win="0" bet="25" muck="1" rebuy="0" addon="0" merge="0" rebuychips="0" reg_code="5089023384"/>
</players>
</general>
<round no="0"><action no="1" player="Francoammirati" type="15" discard="1" dealt="1" sum="5"/>
<action no="2" player="M1ky3ste92" type="15" sum="5"/>
<action no="3" player="Francoammirati" type="1" discard="1" dealt="1" sum="20"/>
<action no="4" player="M1ky3ste92" type="2" sum="40"/>
</round>
<round no="1"><cards type="Pocket" player="Francoammirati">X X</cards>
<cards type="Pocket" player="M1ky3ste92">DQ C7</cards>
<action no="5" player="Francoammirati" type="0" discard="1" dealt="1" sum="0"/>
</round>
</game>
<game gamecode="6593367705"><general>
<startdate>2026-01-13 17:37:08</startdate>
<round>1</round>
<failsafecounter/>
<players><player seat="6" name="Francoammirati" chips="856" dealer="0" win="0" bet="85" muck="1" rebuy="0" addon="0" merge="0" rebuychips="0" reg_code="5089023384"/>
<player seat="10" name="M1ky3ste92" chips="644" dealer="1" win="170" bet="170" muck="1" rebuy="0" addon="0" merge="0" rebuychips="0" reg_code="5089023436"/>
</players>
</general>
<round no="0"><action no="1" player="M1ky3ste92" type="15" sum="5"/>
<action no="2" player="Francoammirati" type="15" discard="1" dealt="1" sum="5"/>
<action no="3" player="M1ky3ste92" type="1" sum="20"/>
<action no="4" player="Francoammirati" type="2" discard="1" dealt="1" sum="40"/>
</round>
<round no="1"><cards type="Pocket" player="M1ky3ste92">SQ D8</cards>
<cards type="Pocket" player="Francoammirati">X X</cards>
<action no="5" player="M1ky3ste92" type="3" sum="20"/>
<action no="6" player="Francoammirati" type="23" discard="1" dealt="1" sum="80"/>
<action no="7" player="M1ky3ste92" type="3" sum="40"/>
</round>
<round no="2"><cards type="Flop">DJ SJ D4</cards>
<action no="8" player="Francoammirati" type="4" discard="1" dealt="1" sum="0"/>
<action no="9" player="M1ky3ste92" type="4" sum="0"/>
</round>
<round no="3"><cards type="Turn">S9</cards>
<action no="10" player="Francoammirati" type="4" discard="1" dealt="1" sum="0"/>
<action no="11" player="M1ky3ste92" type="5" sum="85"/>
<action no="12" player="Francoammirati" type="0" discard="1" dealt="1" sum="0"/>
</round>
</game>
<game gamecode="6593367834"><general>
<startdate>2026-01-13 17:37:27</startdate>
<round>1</round>
<failsafecounter/>
<players><player seat="10" name="M1ky3ste92" chips="729" dealer="0" win="50" bet="45" muck="1" rebuy="0" addon="0" merge="0" rebuychips="0" reg_code="5089023436"/>
<player seat="6" name="Francoammirati" chips="771" dealer="1" win="0" bet="25" muck="1" rebuy="0" addon="0" merge="0" rebuychips="0" reg_code="5089023384"/>
</players>
</general>
<round no="0"><action no="1" player="Francoammirati" type="15" discard="1" dealt="1" sum="5"/>
<action no="2" player="M1ky3ste92" type="15" sum="5"/>
<action no="3" player="Francoammirati" type="1" discard="1" dealt="1" sum="20"/>
<action no="4" player="M1ky3ste92" type="2" sum="40"/>
</round>
<round no="1"><cards type="Pocket" player="Francoammirati">X X</cards>
<cards type="Pocket" player="M1ky3ste92">CQ D5</cards>
<action no="5" player="Francoammirati" type="0" discard="1" dealt="1" sum="0"/>
</round>
</game>
<game gamecode="6593367868"><general>
<startdate>2026-01-13 17:37:33</startdate>
<round>1</round>
<failsafecounter/>
<players><player seat="6" name="Francoammirati" chips="746" dealer="0" win="0" bet="330" muck="1" rebuy="0" addon="0" merge="0" rebuychips="0" reg_code="5089023384"/>
<player seat="10" name="M1ky3ste92" chips="754" dealer="1" win="660" bet="330" muck="0" rebuy="0" addon="0" merge="0" rebuychips="0" reg_code="5089023436"/>
</players>
</general>
<round no="0"><action no="1" player="M1ky3ste92" type="15" sum="5"/>
<action no="2" player="Francoammirati" type="15" discard="1" dealt="1" sum="5"/>
<action no="3" player="M1ky3ste92" type="1" sum="20"/>
<action no="4" player="Francoammirati" type="2" discard="1" dealt="1" sum="40"/>
</round>
<round no="1"><cards type="Pocket" player="Francoammirati">HJ H5</cards>
<cards type="Pocket" player="M1ky3ste92">DQ SK</cards>
<action no="5" player="M1ky3ste92" type="3" sum="20"/>
<action no="6" player="Francoammirati" type="23" discard="1" dealt="1" sum="80"/>
<action no="7" player="M1ky3ste92" type="3" sum="40"/>
</round>
<round no="2"><cards type="Flop">D6 C5 C6</cards>
<action no="8" player="Francoammirati" type="5" discard="1" dealt="1" sum="40"/>
<action no="9" player="M1ky3ste92" type="3" sum="40"/>
</round>
<round no="3"><cards type="Turn">HK</cards>
<action no="10" player="Francoammirati" type="5" discard="1" dealt="1" sum="40"/>
<action no="11" player="M1ky3ste92" type="3" sum="40"/>
</round>
<round no="4"><cards type="River">D7</cards>
<action no="12" player="Francoammirati" type="4" discard="1" dealt="1" sum="0"/>
<action no="13" player="M1ky3ste92" type="5" sum="165"/>
<action no="14" player="Francoammirati" type="3" discard="1" dealt="1" sum="165"/>
</round>
</game>
<game gamecode="6593368027"><general>
<startdate>2026-01-13 17:37:52</startdate>
<round>1</round>
<failsafecounter/>
<players><player seat="10" name="M1ky3ste92" chips="1,084" dealer="0" win="0" bet="45" muck="1" rebuy="0" addon="0" merge="0" rebuychips="0" reg_code="5089023436"/>
<player seat="6" name="Francoammirati" chips="416" dealer="1" win="90" bet="416" muck="1" rebuy="0" addon="0" merge="0" rebuychips="0" reg_code="5089023384"/>
</players>
</general>
<round no="0"><action no="1" player="Francoammirati" type="15" discard="1" dealt="1" sum="5"/>
<action no="2" player="M1ky3ste92" type="15" sum="5"/>
<action no="3" player="Francoammirati" type="1" discard="1" dealt="1" sum="20"/>
<action no="4" player="M1ky3ste92" type="2" sum="40"/>
</round>
<round no="1"><cards type="Pocket" player="Francoammirati">X X</cards>
<cards type="Pocket" player="M1ky3ste92">D9 HJ</cards>
<action no="5" player="Francoammirati" type="23" discard="1" dealt="1" sum="411"/>
<action no="6" player="M1ky3ste92" type="0" sum="0"/>
</round>
</game>
<game gamecode="6593371104"><general>
<startdate>2026-01-13 17:38:04</startdate>
<round>1</round>
<failsafecounter/>
<players><player seat="6" name="Francoammirati" chips="461" dealer="0" win="0" bet="45" muck="1" rebuy="0" addon="0" merge="0" rebuychips="0" reg_code="5089023384"/>
<player seat="10" name="M1ky3ste92" chips="1,039" dealer="1" win="90" bet="85" muck="1" rebuy="0" addon="0" merge="0" rebuychips="0" reg_code="5089023436"/>
</players>
</general>
<round no="0"><action no="1" player="M1ky3ste92" type="15" sum="5"/>
<action no="2" player="Francoammirati" type="15" discard="1" dealt="1" sum="5"/>
<action no="3" player="M1ky3ste92" type="1" sum="20"/>
<action no="4" player="Francoammirati" type="2" discard="1" dealt="1" sum="40"/>
</round>
<round no="1"><cards type="Pocket" player="Francoammirati">X X</cards>
<cards type="Pocket" player="M1ky3ste92">D10 DK</cards>
<action no="5" player="M1ky3ste92" type="3" sum="20"/>
<action no="6" player="Francoammirati" type="4" discard="1" dealt="1" sum="0"/>
</round>
<round no="2"><cards type="Flop">S4 CJ CK</cards>
<action no="7" player="Francoammirati" type="4" discard="1" dealt="1" sum="0"/>
<action no="8" player="M1ky3ste92" type="5" sum="40"/>
<action no="9" player="Francoammirati" type="0" discard="1" dealt="1" sum="0"/>
</round>
</game>
<game gamecode="6593371209"><general>
<startdate>2026-01-13 17:38:18</startdate>
<round>1</round>
<failsafecounter/>
<players><player seat="10" name="M1ky3ste92" chips="1,084" dealer="0" win="832" bet="416" muck="0" rebuy="0" addon="0" merge="0" rebuychips="0" reg_code="5089023436"/>
<player seat="6" name="Francoammirati" chips="416" dealer="1" win="0" bet="416" muck="0" rebuy="0" addon="0" merge="0" rebuychips="0" reg_code="5089023384"/>
</players>
</general>
<round no="0"><action no="1" player="Francoammirati" type="15" discard="1" dealt="1" sum="5"/>
<action no="2" player="M1ky3ste92" type="15" sum="5"/>
<action no="3" player="Francoammirati" type="1" discard="1" dealt="1" sum="30"/>
<action no="4" player="M1ky3ste92" type="2" sum="60"/>
</round>
<round no="1"><cards type="Pocket" player="M1ky3ste92">HQ D10</cards>
<cards type="Pocket" player="Francoammirati">S7 C10</cards>
<action no="5" player="Francoammirati" type="23" discard="1" dealt="1" sum="411"/>
<action no="6" player="M1ky3ste92" type="3" sum="351"/>
</round>
<round no="2"><cards type="Flop">H6 DQ H10</cards>
</round>
<round no="3"><cards type="Turn">HJ</cards>
</round>
<round no="4"><cards type="River">D9</cards>
</round>
</game>
</session>
