<?xml version="1.0" encoding="UTF-8"?>
<session sessioncode="5089097061">
<general>
<client_version>25.7.1.50</client_version>
<mode>real</mode>
<gametype>Holdem NL</gametype>
<tablename>Twister €200 SNG, 826378065</tablename>
<tournamentcode>826378064</tournamentcode>
<tournamentname>Twister €200 SNG</tournamentname>
<buyin>€0 + €12 + €188</buyin>
<totalbuyin>€200</totalbuyin>
<rewarddrawn>€400</rewarddrawn>
<tournamentcurrency>EUR</tournamentcurrency>
<currency>EUR</currency>
<nickname>M1ky3ste92</nickname>
<gamecount>10</gamecount>
<startdate>2026-01-13 21:19:08</startdate>
<place>2</place>
<win>€0</win>
<tablesize>3</tablesize>
</general>
<game gamecode="6593654033"><general>
<startdate>2026-01-13 21:19:23</startdate>
<round>1</round>
<failsafecounter/>
<players><player seat="6" name="JhonnyCastler" chips="500" dealer="0" win="40" bet="500" muck="1" rebuy="0" addon="0" merge="0" rebuychips="0" reg_code="5089096108"/>
<player seat="10" name="M1ky3ste92" chips="500" dealer="1" win="0" bet="0" muck="1" rebuy="0" addon="0" merge="0" rebuychips="0" reg_code="5089097061"/>
<player seat="3" name="Tiuualex" chips="500" dealer="0" win="0" bet="20" muck="1" rebuy="0" addon="0" merge="0" rebuychips="0" reg_code="5089095903"/>
</players>
</general>
<round no="0"><action no="1" player="Tiuualex" type="1" discard="1" dealt="1" sum="10"/>
<action no="2" player="JhonnyCastler" type="2" discard="1" dealt="1" sum="20"/>
</round>
<round no="1"><cards type="Pocket" player="JhonnyCastler">X X</cards>
<cards type="Pocket" player="M1ky3ste92">H2 H6</cards>
<cards type="Pocket" player="Tiuualex">X X</cards>
<action no="3" player="M1ky3ste92" type="0" sum="0"/>
<action no="4" player="Tiuualex" type="3" discard="1" dealt="1" sum="10"/>
<action no="5" player="JhonnyCastler" type="23" discard="1" dealt="1" sum="500"/>
<action no="6" player="Tiuualex" type="0" discard="1" dealt="1" sum="0"/>
</round>
</game>
<game gamecode="6593654092"><general>
<startdate>2026-01-13 21:19:39</startdate>
<round>1</round>
<failsafecounter/>
<players><player seat="10" name="M1ky3ste92" chips="500" dealer="0" win="20" bet="20" muck="1" rebuy="0" addon="0" merge="0" rebuychips="0" reg_code="5089097061"/>
<player seat="3" name="Tiuualex" chips="480" dealer="1" win="0" bet="0" muck="1" rebuy="0" addon="0" merge="0" rebuychips="0" reg_code="5089095903"/>
<player seat="6" name="JhonnyCastler" chips="520" dealer="0" win="0" bet="10" muck="1" rebuy="0" addon="0" merge="0" rebuychips="0" reg_code="5089096108"/>
</players>
</general>
<round no="0"><action no="1" player="JhonnyCastler" type="1" discard="1" dealt="1" sum="10"/>
<action no="2" player="M1ky3ste92" type="2" sum="20"/>
</round>
<round no="1"><cards type="Pocket" player="Tiuualex">X X</cards>
<cards type="Pocket" player="M1ky3ste92">S10 D5</cards>
<cards type="Pocket" player="JhonnyCastler">X X</cards>
<action no="3" player="Tiuualex" type="0" discard="1" dealt="1" sum="0"/>
<action no="4" player="JhonnyCastler" type="0" discard="1" dealt="1" sum="0"/>
</round>
</game>
<game gamecode="6593654132"><general>
<startdate>2026-01-13 21:19:51</startdate>
<round>1</round>
<failsafecounter/>
<players><player seat="3" name="Tiuualex" chips="480" dealer="0" win="0" bet="20" muck="1" rebuy="0" addon="0" merge="0" rebuychips="0" reg_code="5089095903"/>
<player seat="6" name="JhonnyCastler" chips="510" dealer="1" win="0" bet="0" muck="1" rebuy="0" addon="0" merge="0" rebuychips="0" reg_code="5089096108"/>
<player seat="10" name="M1ky3ste92" chips="510" dealer="0" win="40" bet="50" muck="1" rebuy="0" addon="0" merge="0" rebuychips="0" reg_code="5089097061"/>
</players>
</general>
<round no="0"><action no="1" player="M1ky3ste92" type="1" sum="10"/>
<action no="2" player="Tiuualex" type="2" discard="1" dealt="1" sum="20"/>
</round>
<round no="1"><cards type="Pocket" player="JhonnyCastler">X X</cards>
<cards type="Pocket" player="M1ky3ste92">HA D4</cards>
<cards type="Pocket" player="Tiuualex">X X</cards>
<action no="3" player="JhonnyCastler" type="0" discard="1" dealt="1" sum="0"/>
<action no="4" player="M1ky3ste92" type="23" sum="50"/>
<action no="5" player="Tiuualex" type="0" discard="1" dealt="1" sum="0"/>
</round>
</game>
<game gamecode="6593654225"><general>
<startdate>2026-01-13 21:20:14</startdate>
<round>1</round>
<failsafecounter/>
<players><player seat="6" name="JhonnyCastler" chips="510" dealer="0" win="0" bet="510" muck="1" rebuy="0" addon="0" merge="0" rebuychips="0" reg_code="5089096108"/>
<player seat="10" name="M1ky3ste92" chips="530" dealer="1" win="0" bet="0" muck="1" rebuy="0" addon="0" merge="0" rebuychips="0" reg_code="5089097061"/>
<player seat="3" name="Tiuualex" chips="460" dealer="0" win="920" bet="460" muck="0" rebuy="0" addon="0" merge="0" rebuychips="0" reg_code="5089095903"/>
</players>
</general>
<round no="0"><action no="1" player="Tiuualex" type="1" discard="1" dealt="1" sum="10"/>
<action no="2" player="JhonnyCastler" type="2" discard="1" dealt="1" sum="20"/>
</round>
<round no="1"><cards type="Pocket" player="M1ky3ste92">C2 CQ</cards>
<cards type="Pocket" player="Tiuualex">SQ HQ</cards>
<cards type="Pocket" player="JhonnyCastler">S9 S7</cards>
<action no="3" player="M1ky3ste92" type="0" sum="0"/>
<action no="4" player="Tiuualex" type="23" discard="1" dealt="1" sum="50"/>
<action no="5" player="JhonnyCastler" type="3" discard="1" dealt="1" sum="30"/>
</round>
<round no="2"><cards type="Flop">SA H2 D5</cards>
<action no="6" player="Tiuualex" type="4" discard="1" dealt="1" sum="0"/>
<action no="7" player="JhonnyCastler" type="4" discard="1" dealt="1" sum="0"/>
</round>
<round no="3"><cards type="Turn">S6</cards>
<action no="8" player="Tiuualex" type="5" discard="1" dealt="1" sum="120"/>
<action no="9" player="JhonnyCastler" type="3" discard="1" dealt="1" sum="120"/>
</round>
<round no="4"><cards type="River">D6</cards>
<action no="10" player="Tiuualex" type="4" discard="1" dealt="1" sum="0"/>
<action no="11" player="JhonnyCastler" type="5" discard="1" dealt="1" sum="340"/>
<action no="12" player="Tiuualex" type="7" discard="1" dealt="1" sum="290"/>
</round>
</game>
<game gamecode="6593654324"><general>
<startdate>2026-01-13 21:20:43</startdate>
<round>1</round>
<failsafecounter/>
<players><player seat="10" name="M1ky3ste92" chips="530" dealer="0" win="100" bet="60" muck="0" rebuy="0" addon="0" merge="0" rebuychips="0" reg_code="5089097061"/>
<player seat="3" name="Tiuualex" chips="920" dealer="1" win="0" bet="0" muck="1" rebuy="0" addon="0" merge="0" rebuychips="0" reg_code="5089095903"/>
<player seat="6" name="JhonnyCastler" chips="50" dealer="0" win="0" bet="50" muck="1" rebuy="0" addon="0" merge="0" rebuychips="0" reg_code="5089096108"/>
</players>
</general>
<round no="0"><action no="1" player="JhonnyCastler" type="1" discard="1" dealt="1" sum="10"/>
<action no="2" player="M1ky3ste92" type="2" sum="20"/>
</round>
<round no="1"><cards type="Pocket" player="Tiuualex">X X</cards>
<cards type="Pocket" player="JhonnyCastler">D9 C3</cards>
<cards type="Pocket" player="M1ky3ste92">HQ C6</cards>
<action no="3" player="Tiuualex" type="0" discard="1" dealt="1" sum="0"/>
<action no="4" player="JhonnyCastler" type="23" discard="1" dealt="1" sum="40"/>
<action no="5" player="M1ky3ste92" type="23" sum="60"/>
<action no="6" player="JhonnyCastler" type="7" discard="1" dealt="1" sum="10"/>
</round>
<round no="2"><cards type="Flop">SA H6 S7</cards>
</round>
<round no="3"><cards type="Turn">H2</cards>
</round>
<round no="4"><cards type="River">CJ</cards>
</round>
</game>
<game gamecode="6593654427"><general>
<startdate>2026-01-13 21:21:14</startdate>
<round>1</round>
<failsafecounter/>
<players><player seat="3" name="Tiuualex" chips="920" dealer="0" win="0" bet="35" muck="1" rebuy="0" addon="0" merge="0" rebuychips="0" reg_code="5089095903"/>
<player seat="10" name="M1ky3ste92" chips="580" dealer="1" win="70" bet="580" muck="1" rebuy="0" addon="0" merge="0" rebuychips="0" reg_code="5089097061"/>
</players>
</general>
<round no="0"><action no="1" player="M1ky3ste92" type="15" sum="5"/>
<action no="2" player="Tiuualex" type="15" discard="1" dealt="1" sum="5"/>
<action no="3" player="M1ky3ste92" type="1" sum="15"/>
<action no="4" player="Tiuualex" type="2" discard="1" dealt="1" sum="30"/>
</round>
<round no="1"><cards type="Pocket" player="M1ky3ste92">C3 H3</cards>
<cards type="Pocket" player="Tiuualex">X X</cards>
<action no="5" player="M1ky3ste92" type="23" sum="575"/>
<action no="6" player="Tiuualex" type="0" discard="1" dealt="1" sum="0"/>
</round>
</game>
<game gamecode="6593654449"><general>
<startdate>2026-01-13 21:21:20</startdate>
<round>1</round>
<failsafecounter/>
<players><player seat="10" name="M1ky3ste92" chips="615" dealer="0" win="0" bet="35" muck="1" rebuy="0" addon="0" merge="0" rebuychips="0" reg_code="5089097061"/>
<player seat="3" name="Tiuualex" chips="885" dealer="1" win="70" bet="70" muck="1" rebuy="0" addon="0" merge="0" rebuychips="0" reg_code="5089095903"/>
</players>
</general>
<round no="0"><action no="1" player="Tiuualex" type="15" discard="1" dealt="1" sum="5"/>
<action no="2" player="M1ky3ste92" type="15" sum="5"/>
<action no="3" player="Tiuualex" type="1" discard="1" dealt="1" sum="15"/>
<action no="4" player="M1ky3ste92" type="2" sum="30"/>
</round>
<round no="1"><cards type="Pocket" player="M1ky3ste92">D6 C3</cards>
<cards type="Pocket" player="Tiuualex">X X</cards>
<action no="5" player="Tiuualex" type="3" discard="1" dealt="1" sum="15"/>
<action no="6" player="M1ky3ste92" type="4" sum="0"/>
</round>
<round no="2"><cards type="Flop">C9 S4 HK</cards>
<action no="7" player="M1ky3ste92" type="4" sum="0"/>
<action no="8" player="Tiuualex" type="5" discard="1" dealt="1" sum="35"/>
<action no="9" player="M1ky3ste92" type="0" sum="0"/>
</round>
</game>
<game gamecode="6593654501"><general>
<startdate>2026-01-13 21:21:35</startdate>
<round>1</round>
<failsafecounter/>
<players><player seat="3" name="Tiuualex" chips="920" dealer="0" win="0" bet="35" muck="1" rebuy="0" addon="0" merge="0" rebuychips="0" reg_code="5089095903"/>
<player seat="10" name="M1ky3ste92" chips="580" dealer="1" win="70" bet="65" muck="1" rebuy="0" addon="0" merge="0" rebuychips="0" reg_code="5089097061"/>
</players>
</general>
<round no="0"><action no="1" player="M1ky3ste92" type="15" sum="5"/>
<action no="2" player="Tiuualex" type="15" discard="1" dealt="1" sum="5"/>
<action no="3" player="M1ky3ste92" type="1" sum="15"/>
<action no="4" player="Tiuualex" type="2" discard="1" dealt="1" sum="30"/>
</round>
<round no="1"><cards type="Pocket" player="Tiuualex">X X</cards>
<cards type="Pocket" player="M1ky3ste92">DA C10</cards>
<action no="5" player="M1ky3ste92" type="23" sum="60"/>
<action no="6" player="Tiuualex" type="0" discard="1" dealt="1" sum="0"/>
</round>
</game>
<game gamecode="6593654533"><general>
<startdate>2026-01-13 21:21:44</startdate>
<round>1</round>
<failsafecounter/>
<players><player seat="10" name="M1ky3ste92" chips="615" dealer="0" win="0" bet="65" muck="1" rebuy="0" addon="0" merge="0" rebuychips="0" reg_code="5089097061"/>
<player seat="3" name="Tiuualex" chips="885" dealer="1" win="130" bet="195" muck="1" rebuy="0" addon="0" merge="0" rebuychips="0" reg_code="5089095903"/>
</players>
</general>
<round no="0"><action no="1" player="Tiuualex" type="15" discard="1" dealt="1" sum="5"/>
<action no="2" player="M1ky3ste92" type="15" sum="5"/>
<action no="3" player="Tiuualex" type="1" discard="1" dealt="1" sum="15"/>
<action no="4" player="M1ky3ste92" type="2" sum="30"/>
</round>
<round no="1"><cards type="Pocket" player="M1ky3ste92">C6 D2</cards>
<cards type="Pocket" player="Tiuualex">X X</cards>
<action no="5" player="Tiuualex" type="3" discard="1" dealt="1" sum="15"/>
<action no="6" player="M1ky3ste92" type="4" sum="0"/>
</round>
<round no="2"><cards type="Flop">SJ H6 C3</cards>
<action no="7" player="M1ky3ste92" type="4" sum="0"/>
<action no="8" player="Tiuualex" type="5" discard="1" dealt="1" sum="30"/>
<action no="9" player="M1ky3ste92" type="3" sum="30"/>
</round>
<round no="3"><cards type="Turn">S7</cards>
<action no="10" player="M1ky3ste92" type="4" sum="0"/>
<action no="11" player="Tiuualex" type="5" discard="1" dealt="1" sum="130"/>
<action no="12" player="M1ky3ste92" type="0" sum="0"/>
</round>
</game>
<game gamecode="6593654612"><general>
<startdate>2026-01-13 21:22:05</startdate>
<round>1</round>
<failsafecounter/>
<players><player seat="3" name="Tiuualex" chips="950" dealer="0" win="1,100" bet="550" muck="0" rebuy="0" addon="0" merge="0" rebuychips="0" reg_code="5089095903"/>
<player seat="10" name="M1ky3ste92" chips="550" dealer="1" win="0" bet="550" muck="0" rebuy="0" addon="0" merge="0" rebuychips="0" reg_code="5089097061"/>
</players>
</general>
<round no="0"><action no="1" player="M1ky3ste92" type="15" sum="5"/>
<action no="2" player="Tiuualex" type="15" discard="1" dealt="1" sum="5"/>
<action no="3" player="M1ky3ste92" type="1" sum="15"/>
<action no="4" player="Tiuualex" type="2" discard="1" dealt="1" sum="30"/>
</round>
<round no="1"><cards type="Pocket" player="Tiuualex">HQ CQ</cards>
<cards type="Pocket" player="M1ky3ste92">C3 D3</cards>
<action no="5" player="M1ky3ste92" type="23" sum="545"/>
<action no="6" player="Tiuualex" type="3" discard="1" dealt="1" sum="515"/>
</round>
<round no="2"><cards type="Flop">SK D7 S6</cards>
</round>
<round no="3"><cards type="Turn">DK</cards>
</round>
<round no="4"><cards type="River">C7</cards>
</round>
</game>
</session>
