<?xml version="1.0" encoding="UTF-8"?>
<session sessioncode="5089011529">
<general>
<client_version>24.7.1.18</client_version>
<mode>real</mode>
<gametype>Holdem NL</gametype>
<tablename>Twister €100 SNG, 826360343</tablename>
<tournamentcode>826360342</tournamentcode>
<tournamentname>Twister €100 SNG</tournamentname>
<buyin>€0 + €7 + €93</buyin>
<totalbuyin>€100</totalbuyin>
<rewarddrawn>€200</rewarddrawn>
<tournamentcurrency>EUR</tournamentcurrency>
<currency>EUR</currency>
<nickname>M1ky3ste92</nickname>
<gamecount>12</gamecount>
<startdate>2026-01-13 16:49:06</startdate>
<place>3</place>
<win>€0</win>
<tablesize>3</tablesize>
</general>
<game gamecode="6593309380"><general>
<startdate>2026-01-13 16:49:21</startdate>
<round>1</round>
<failsafecounter/>
<players><player seat="6" name="OFiorbe" chips="500" dealer="0" win="0" bet="50" muck="1" rebuy="0" addon="0" merge="0" rebuychips="0" reg_code="5089011502"/>
<player seat="10" name="M1ky3ste92" chips="500" dealer="1" win="0" bet="0" muck="1" rebuy="0" addon="0" merge="0" rebuychips="0" reg_code="5089011529"/>
<player seat="3" name="Tiuualex" chips="500" dealer="0" win="100" bet="170" muck="1" rebuy="0" addon="0" merge="0" rebuychips="0" reg_code="5089011235"/>
</players>
</general>
<round no="0"><action no="1" player="Tiuualex" type="1" discard="1" dealt="1" sum="10"/>
<action no="2" player="OFiorbe" type="2" discard="1" dealt="1" sum="20"/>
</round>
<round no="1"><cards type="Pocket" player="M1ky3ste92">S8 D9</cards>
<cards type="Pocket" player="Tiuualex">X X</cards>
<cards type="Pocket" player="OFiorbe">X X</cards>
<action no="3" player="M1ky3ste92" type="0" sum="0"/>
<action no="4" player="Tiuualex" type="23" discard="1" dealt="1" sum="50"/>
<action no="5" player="OFiorbe" type="3" discard="1" dealt="1" sum="30"/>
</round>
<round no="2"><cards type="Flop">S10 DJ S4</cards>
<action no="6" player="Tiuualex" type="5" discard="1" dealt="1" sum="120"/>
<action no="7" player="OFiorbe" type="0" discard="1" dealt="1" sum="0"/>
</round>
</game>
<game gamecode="6593309452"><general>
<startdate>2026-01-13 16:49:47</startdate>
<round>1</round>
<failsafecounter/>
<players><player seat="10" name="M1ky3ste92" chips="500" dealer="0" win="0" bet="20" muck="1" rebuy="0" addon="0" merge="0" rebuychips="0" reg_code="5089011529"/>
<player seat="3" name="Tiuualex" chips="550" dealer="1" win="50" bet="40" muck="1" rebuy="0" addon="0" merge="0" rebuychips="0" reg_code="5089011235"/>
<player seat="6" name="OFiorbe" chips="450" dealer="0" win="0" bet="10" muck="1" rebuy="0" addon="0" merge="0" rebuychips="0" reg_code="5089011502"/>
</players>
</general>
<round no="0"><action no="1" player="OFiorbe" type="1" discard="1" dealt="1" sum="10"/>
<action no="2" player="M1ky3ste92" type="2" sum="20"/>
</round>
<round no="1"><cards type="Pocket" player="OFiorbe">X X</cards>
<cards type="Pocket" player="M1ky3ste92">D4 C3</cards>
<cards type="Pocket" player="Tiuualex">X X</cards>
<action no="3" player="Tiuualex" type="23" discard="1" dealt="1" sum="40"/>
<action no="4" player="OFiorbe" type="0" discard="1" dealt="1" sum="0"/>
<action no="5" player="M1ky3ste92" type="0" sum="0"/>
</round>
</game>
<game gamecode="6593309478"><general>
<startdate>2026-01-13 16:49:56</startdate>
<round>1</round>
<failsafecounter/>
<players><player seat="3" name="Tiuualex" chips="580" dealer="0" win="0" bet="40" muck="1" rebuy="0" addon="0" merge="0" rebuychips="0" reg_code="5089011235"/>
<player seat="6" name="OFiorbe" chips="440" dealer="1" win="90" bet="71" muck="1" rebuy="0" addon="0" merge="0" rebuychips="0" reg_code="5089011502"/>
<player seat="10" name="M1ky3ste92" chips="480" dealer="0" win="0" bet="10" muck="1" rebuy="0" addon="0" merge="0" rebuychips="0" reg_code="5089011529"/>
</players>
</general>
<round no="0"><action no="1" player="M1ky3ste92" type="1" sum="10"/>
<action no="2" player="Tiuualex" type="2" discard="1" dealt="1" sum="20"/>
</round>
<round no="1"><cards type="Pocket" player="Tiuualex">X X</cards>
<cards type="Pocket" player="OFiorbe">X X</cards>
<cards type="Pocket" player="M1ky3ste92">C5 CQ</cards>
<action no="3" player="OFiorbe" type="23" discard="1" dealt="1" sum="40"/>
<action no="4" player="M1ky3ste92" type="0" sum="0"/>
<action no="5" player="Tiuualex" type="3" discard="1" dealt="1" sum="20"/>
</round>
<round no="2"><cards type="Flop">C7 C8 D4</cards>
<action no="6" player="Tiuualex" type="4" discard="1" dealt="1" sum="0"/>
<action no="7" player="OFiorbe" type="5" discard="1" dealt="1" sum="31"/>
<action no="8" player="Tiuualex" type="0" discard="1" dealt="1" sum="0"/>
</round>
</game>
<game gamecode="6593309538"><general>
<startdate>2026-01-13 16:50:20</startdate>
<round>1</round>
<failsafecounter/>
<players><player seat="6" name="OFiorbe" chips="490" dealer="0" win="0" bet="60" muck="1" rebuy="0" addon="0" merge="0" rebuychips="0" reg_code="5089011502"/>
<player seat="10" name="M1ky3ste92" chips="470" dealer="1" win="0" bet="0" muck="1" rebuy="0" addon="0" merge="0" rebuychips="0" reg_code="5089011529"/>
<player seat="3" name="Tiuualex" chips="540" dealer="0" win="120" bet="540" muck="1" rebuy="0" addon="0" merge="0" rebuychips="0" reg_code="5089011235"/>
</players>
</general>
<round no="0"><action no="1" player="Tiuualex" type="1" discard="1" dealt="1" sum="10"/>
<action no="2" player="OFiorbe" type="2" discard="1" dealt="1" sum="20"/>
</round>
<round no="1"><cards type="Pocket" player="M1ky3ste92">S10 D6</cards>
<cards type="Pocket" player="Tiuualex">X X</cards>
<cards type="Pocket" player="OFiorbe">X X</cards>
<action no="3" player="M1ky3ste92" type="0" sum="0"/>
<action no="4" player="Tiuualex" type="3" discard="1" dealt="1" sum="10"/>
<action no="5" player="OFiorbe" type="23" discard="1" dealt="1" sum="60"/>
<action no="6" player="Tiuualex" type="23" discard="1" dealt="1" sum="540"/>
<action no="7" player="OFiorbe" type="0" discard="1" dealt="1" sum="0"/>
</round>
</game>
<game gamecode="6593314582"><general>
<startdate>2026-01-13 16:50:40</startdate>
<round>1</round>
<failsafecounter/>
<players><player seat="10" name="M1ky3ste92" chips="470" dealer="0" win="90" bet="470" muck="1" rebuy="0" addon="0" merge="0" rebuychips="0" reg_code="5089011529"/>
<player seat="3" name="Tiuualex" chips="600" dealer="1" win="0" bet="40" muck="1" rebuy="0" addon="0" merge="0" rebuychips="0" reg_code="5089011235"/>
<player seat="6" name="OFiorbe" chips="430" dealer="0" win="0" bet="10" muck="1" rebuy="0" addon="0" merge="0" rebuychips="0" reg_code="5089011502"/>
</players>
</general>
<round no="0"><action no="1" player="OFiorbe" type="1" discard="1" dealt="1" sum="10"/>
<action no="2" player="M1ky3ste92" type="2" sum="20"/>
</round>
<round no="1"><cards type="Pocket" player="Tiuualex">X X</cards>
<cards type="Pocket" player="M1ky3ste92">HA CK</cards>
<cards type="Pocket" player="OFiorbe">X X</cards>
<action no="3" player="Tiuualex" type="23" discard="1" dealt="1" sum="40"/>
<action no="4" player="OFiorbe" type="0" discard="1" dealt="1" sum="0"/>
<action no="5" player="M1ky3ste92" type="23" sum="470"/>
<action no="6" player="Tiuualex" type="0" discard="1" dealt="1" sum="0"/>
</round>
</game>
<game gamecode="6593314627"><general>
<startdate>2026-01-13 16:50:55</startdate>
<round>1</round>
<failsafecounter/>
<players><player seat="3" name="Tiuualex" chips="560" dealer="0" win="0" bet="230" muck="1" rebuy="0" addon="0" merge="0" rebuychips="0" reg_code="5089011235"/>
<player seat="6" name="OFiorbe" chips="420" dealer="1" win="0" bet="0" muck="1" rebuy="0" addon="0" merge="0" rebuychips="0" reg_code="5089011502"/>
<player seat="10" name="M1ky3ste92" chips="520" dealer="0" win="460" bet="230" muck="0" rebuy="0" addon="0" merge="0" rebuychips="0" reg_code="5089011529"/>
</players>
</general>
<round no="0"><action no="1" player="M1ky3ste92" type="1" sum="10"/>
<action no="2" player="Tiuualex" type="2" discard="1" dealt="1" sum="20"/>
</round>
<round no="1"><cards type="Pocket" player="Tiuualex">C4 DA</cards>
<cards type="Pocket" player="M1ky3ste92">HA CA</cards>
<cards type="Pocket" player="OFiorbe">X X</cards>
<action no="3" player="OFiorbe" type="0" discard="1" dealt="1" sum="0"/>
<action no="4" player="M1ky3ste92" type="3" sum="10"/>
<action no="5" player="Tiuualex" type="4" discard="1" dealt="1" sum="0"/>
</round>
<round no="2"><cards type="Flop">S8 SA C2</cards>
<action no="6" player="M1ky3ste92" type="5" sum="20"/>
<action no="7" player="Tiuualex" type="3" discard="1" dealt="1" sum="20"/>
</round>
<round no="3"><cards type="Turn">H7</cards>
<action no="8" player="M1ky3ste92" type="5" sum="56"/>
<action no="9" player="Tiuualex" type="3" discard="1" dealt="1" sum="56"/>
</round>
<round no="4"><cards type="River">HJ</cards>
<action no="10" player="M1ky3ste92" type="5" sum="134"/>
<action no="11" player="Tiuualex" type="3" discard="1" dealt="1" sum="134"/>
</round>
</game>
<game gamecode="6593314787"><general>
<startdate>2026-01-13 16:51:47</startdate>
<round>1</round>
<failsafecounter/>
<players><player seat="6" name="OFiorbe" chips="420" dealer="0" win="0" bet="330" muck="1" rebuy="0" addon="0" merge="0" rebuychips="0" reg_code="5089011502"/>
<player seat="10" name="M1ky3ste92" chips="750" dealer="1" win="0" bet="5" muck="1" rebuy="0" addon="0" merge="0" rebuychips="0" reg_code="5089011529"/>
<player seat="3" name="Tiuualex" chips="330" dealer="0" win="665" bet="330" muck="0" rebuy="0" addon="0" merge="0" rebuychips="0" reg_code="5089011235"/>
</players>
</general>
<round no="0"><action no="1" player="Tiuualex" type="15" discard="1" dealt="1" sum="5"/>
<action no="2" player="OFiorbe" type="15" discard="1" dealt="1" sum="5"/>
<action no="3" player="M1ky3ste92" type="15" sum="5"/>
<action no="4" player="Tiuualex" type="1" discard="1" dealt="1" sum="15"/>
<action no="5" player="OFiorbe" type="2" discard="1" dealt="1" sum="30"/>
</round>
<round no="1"><cards type="Pocket" player="Tiuualex">S10 H9</cards>
<cards type="Pocket" player="M1ky3ste92">S3 S6</cards>
<cards type="Pocket" player="OFiorbe">C2 DA</cards>
<action no="6" player="M1ky3ste92" type="0" sum="0"/>
<action no="7" player="Tiuualex" type="23" discard="1" dealt="1" sum="325"/>
<action no="8" player="OFiorbe" type="3" discard="1" dealt="1" sum="295"/>
</round>
<round no="2"><cards type="Flop">C4 D10 HK</cards>
</round>
<round no="3"><cards type="Turn">DJ</cards>
</round>
<round no="4"><cards type="River">S2</cards>
</round>
</game>
<game gamecode="6593314891"><general>
<startdate>2026-01-13 16:52:17</startdate>
<round>1</round>
<failsafecounter/>
<players><player seat="10" name="M1ky3ste92" chips="745" dealer="0" win="0" bet="90" muck="1" rebuy="0" addon="0" merge="0" rebuychips="0" reg_code="5089011529"/>
<player seat="3" name="Tiuualex" chips="665" dealer="1" win="0" bet="5" muck="1" rebuy="0" addon="0" merge="0" rebuychips="0" reg_code="5089011235"/>
<player seat="6" name="OFiorbe" chips="90" dealer="0" win="185" bet="90" muck="0" rebuy="0" addon="0" merge="0" rebuychips="0" reg_code="5089011502"/>
</players>
</general>
<round no="0"><action no="1" player="OFiorbe" type="15" discard="1" dealt="1" sum="5"/>
<action no="2" player="M1ky3ste92" type="15" sum="5"/>
<action no="3" player="Tiuualex" type="15" discard="1" dealt="1" sum="5"/>
<action no="4" player="OFiorbe" type="1" discard="1" dealt="1" sum="15"/>
<action no="5" player="M1ky3ste92" type="2" sum="30"/>
</round>
<round no="1"><cards type="Pocket" player="M1ky3ste92">C7 D9</cards>
<cards type="Pocket" player="OFiorbe">H3 CA</cards>
<cards type="Pocket" player="Tiuualex">X X</cards>
<action no="6" player="Tiuualex" type="0" discard="1" dealt="1" sum="0"/>
<action no="7" player="OFiorbe" type="23" discard="1" dealt="1" sum="85"/>
<action no="8" player="M1ky3ste92" type="3" sum="55"/>
</round>
<round no="2"><cards type="Flop">C5 C2 HA</cards>
</round>
<round no="3"><cards type="Turn">D8</cards>
</round>
<round no="4"><cards type="River">DK</cards>
</round>
</game>
<game gamecode="6593314954"><general>
<startdate>2026-01-13 16:52:35</startdate>
<round>1</round>
<failsafecounter/>
<players><player seat="3" name="Tiuualex" chips="660" dealer="0" win="0" bet="185" muck="1" rebuy="0" addon="0" merge="0" rebuychips="0" reg_code="5089011235"/>
<player seat="6" name="OFiorbe" chips="185" dealer="1" win="390" bet="185" muck="0" rebuy="0" addon="0" merge="0" rebuychips="0" reg_code="5089011502"/>
<player seat="10" name="M1ky3ste92" chips="655" dealer="0" win="0" bet="20" muck="1" rebuy="0" addon="0" merge="0" rebuychips="0" reg_code="5089011529"/>
</players>
</general>
<round no="0"><action no="1" player="M1ky3ste92" type="15" sum="5"/>
<action no="2" player="Tiuualex" type="15" discard="1" dealt="1" sum="5"/>
<action no="3" player="OFiorbe" type="15" discard="1" dealt="1" sum="5"/>
<action no="4" player="M1ky3ste92" type="1" sum="15"/>
<action no="5" player="Tiuualex" type="2" discard="1" dealt="1" sum="30"/>
</round>
<round no="1"><cards type="Pocket" player="Tiuualex">S6 CK</cards>
<cards type="Pocket" player="M1ky3ste92">DQ D5</cards>
<cards type="Pocket" player="OFiorbe">D9 C10</cards>
<action no="6" player="OFiorbe" type="23" discard="1" dealt="1" sum="180"/>
<action no="7" player="M1ky3ste92" type="0" sum="0"/>
<action no="8" player="Tiuualex" type="3" discard="1" dealt="1" sum="150"/>
</round>
<round no="2"><cards type="Flop">S4 SJ CJ</cards>
</round>
<round no="3"><cards type="Turn">C8</cards>
</round>
<round no="4"><cards type="River">S10</cards>
</round>
</game>
<game gamecode="6593315029"><general>
<startdate>2026-01-13 16:52:57</startdate>
<round>1</round>
<failsafecounter/>
<players><player seat="6" name="OFiorbe" chips="390" dealer="0" win="805" bet="390" muck="0" rebuy="0" addon="0" merge="0" rebuychips="0" reg_code="5089011502"/>
<player seat="10" name="M1ky3ste92" chips="635" dealer="1" win="0" bet="635" muck="0" rebuy="0" addon="0" merge="0" rebuychips="0" reg_code="5089011529"/>
<player seat="3" name="Tiuualex" chips="475" dealer="0" win="0" bet="25" muck="1" rebuy="0" addon="0" merge="0" rebuychips="0" reg_code="5089011235"/>
</players>
</general>
<round no="0"><action no="1" player="Tiuualex" type="15" discard="1" dealt="1" sum="5"/>
<action no="2" player="OFiorbe" type="15" discard="1" dealt="1" sum="5"/>
<action no="3" player="M1ky3ste92" type="15" sum="5"/>
<action no="4" player="Tiuualex" type="1" discard="1" dealt="1" sum="20"/>
<action no="5" player="OFiorbe" type="2" discard="1" dealt="1" sum="40"/>
</round>
<round no="1"><cards type="Pocket" player="OFiorbe">SQ CK</cards>
<cards type="Pocket" player="Tiuualex">X X</cards>
<cards type="Pocket" player="M1ky3ste92">S2 DA</cards>
<action no="6" player="M1ky3ste92" type="23" sum="630"/>
<action no="7" player="Tiuualex" type="0" discard="1" dealt="1" sum="0"/>
<action no="8" player="OFiorbe" type="7" discard="1" dealt="1" sum="345"/>
</round>
<round no="2"><cards type="Flop">C2 SK D6</cards>
</round>
<round no="3"><cards type="Turn">D7</cards>
</round>
<round no="4"><cards type="River">H10</cards>
</round>
</game>
<game gamecode="6593315091"><general>
<startdate>2026-01-13 16:53:15</startdate>
<round>1</round>
<failsafecounter/>
<players><player seat="10" name="M1ky3ste92" chips="245" dealer="0" win="55" bet="45" muck="1" rebuy="0" addon="0" merge="0" rebuychips="0" reg_code="5089011529"/>
<player seat="3" name="Tiuualex" chips="450" dealer="1" win="0" bet="5" muck="1" rebuy="0" addon="0" merge="0" rebuychips="0" reg_code="5089011235"/>
<player seat="6" name="OFiorbe" chips="805" dealer="0" win="0" bet="25" muck="1" rebuy="0" addon="0" merge="0" rebuychips="0" reg_code="5089011502"/>
</players>
</general>
<round no="0"><action no="1" player="OFiorbe" type="15" discard="1" dealt="1" sum="5"/>
<action no="2" player="M1ky3ste92" type="15" sum="5"/>
<action no="3" player="Tiuualex" type="15" discard="1" dealt="1" sum="5"/>
<action no="4" player="OFiorbe" type="1" discard="1" dealt="1" sum="20"/>
<action no="5" player="M1ky3ste92" type="2" sum="40"/>
</round>
<round no="1"><cards type="Pocket" player="M1ky3ste92">HA C5</cards>
<cards type="Pocket" player="OFiorbe">X X</cards>
<cards type="Pocket" player="Tiuualex">X X</cards>
<action no="6" player="Tiuualex" type="0" discard="1" dealt="1" sum="0"/>
<action no="7" player="OFiorbe" type="0" discard="1" dealt="1" sum="0"/>
</round>
</game>
<game gamecode="6593315125"><general>
<startdate>2026-01-13 16:53:24</startdate>
<round>1</round>
<failsafecounter/>
<players><player seat="3" name="Tiuualex" chips="445" dealer="0" win="555" bet="275" muck="0" rebuy="0" addon="0" merge="0" rebuychips="0" reg_code="5089011235"/>
<player seat="6" name="OFiorbe" chips="780" dealer="1" win="0" bet="5" muck="1" rebuy="0" addon="0" merge="0" rebuychips="0" reg_code="5089011502"/>
<player seat="10" name="M1ky3ste92" chips="275" dealer="0" win="0" bet="275" muck="0" rebuy="0" addon="0" merge="0" rebuychips="0" reg_code="5089011529"/>
</players>
</general>
<round no="0"><action no="1" player="M1ky3ste92" type="15" sum="5"/>
<action no="2" player="Tiuualex" type="15" discard="1" dealt="1" sum="5"/>
<action no="3" player="OFiorbe" type="15" discard="1" dealt="1" sum="5"/>
<action no="4" player="M1ky3ste92" type="1" sum="20"/>
<action no="5" player="Tiuualex" type="2" discard="1" dealt="1" sum="40"/>
</round>
<round no="1"><cards type="Pocket" player="Tiuualex">SK S9</cards>
<cards type="Pocket" player="OFiorbe">X X</cards>
<cards type="Pocket" player="M1ky3ste92">D9 CK</cards>
<action no="6" player="OFiorbe" type="0" discard="1" dealt="1" sum="0"/>
<action no="7" player="M1ky3ste92" type="23" sum="270"/>
<action no="8" player="Tiuualex" type="3" discard="1" dealt="1" sum="230"/>
</round>
<round no="2"><cards type="Flop">H4 S10 H5</cards>
</round>
<round no="3"><cards type="Turn">S6</cards>
</round>
<round no="4"><cards type="River">SQ</cards>
</round>
</game>
</session>
