<?xml version="1.0" encoding="UTF-8"?>
<session sessioncode="5089127515">
<general>
<client_version>24.7.1.18</client_version>
<mode>real</mode>
<gametype>Holdem NL</gametype>
<tablename>Twister €100 SNG, 826392821</tablename>
<tournamentcode>826392820</tournamentcode>
<tournamentname>Twister €100 SNG</tournamentname>
<buyin>€0 + €7 + €93</buyin>
<totalbuyin>€100</totalbuyin>
<rewarddrawn>€200</rewarddrawn>
<tournamentcurrency>EUR</tournamentcurrency>
<currency>EUR</currency>
<nickname>M1ky3ste92</nickname>
<gamecount>9</gamecount>
<startdate>2026-01-13 22:36:18</startdate>
<place>3</place>
<win>€0</win>
<tablesize>3</tablesize>
</general>
<game gamecode="6593781755"><general>
<startdate>2026-01-13 22:36:33</startdate>
<round>1</round>
<failsafecounter/>
<players><player seat="3" name="M1ky3ste92" chips="500" dealer="0" win="128" bet="64" muck="0" rebuy="0" addon="0" merge="0" rebuychips="0" reg_code="5089127515"/>
<player seat="6" name="Mauixx87" chips="500" dealer="1" win="0" bet="0" muck="1" rebuy="0" addon="0" merge="0" rebuychips="0" reg_code="5089127526"/>
<player seat="10" name="Tiuualex" chips="500" dealer="0" win="0" bet="64" muck="1" rebuy="0" addon="0" merge="0" rebuychips="0" reg_code="5089127712"/>
</players>
</general>
<round no="0"><action no="1" player="Tiuualex" type="1" discard="1" dealt="1" sum="10"/>
<action no="2" player="M1ky3ste92" type="2" sum="20"/>
</round>
<round no="1"><cards type="Pocket" player="Mauixx87">X X</cards>
<cards type="Pocket" player="Tiuualex">HA C9</cards>
<cards type="Pocket" player="M1ky3ste92">H8 H5</cards>
<action no="3" player="Mauixx87" type="0" discard="1" dealt="1" sum="0"/>
<action no="4" player="Tiuualex" type="23" discard="1" dealt="1" sum="42"/>
<action no="5" player="M1ky3ste92" type="3" sum="22"/>
</round>
<round no="2"><cards type="Flop">C5 S4 CK</cards>
<action no="6" player="Tiuualex" type="5" discard="1" dealt="1" sum="22"/>
<action no="7" player="M1ky3ste92" type="3" sum="22"/>
</round>
<round no="3"><cards type="Turn">H6</cards>
<action no="8" player="Tiuualex" type="4" discard="1" dealt="1" sum="0"/>
<action no="9" player="M1ky3ste92" type="4" sum="0"/>
</round>
<round no="4"><cards type="River">H3</cards>
<action no="10" player="Tiuualex" type="4" discard="1" dealt="1" sum="0"/>
<action no="11" player="M1ky3ste92" type="4" sum="0"/>
</round>
</game>
<game gamecode="6593781910"><general>
<startdate>2026-01-13 22:37:09</startdate>
<round>1</round>
<failsafecounter/>
<players><player seat="6" name="Mauixx87" chips="500" dealer="0" win="560" bet="280" muck="0" rebuy="0" addon="0" merge="0" rebuychips="0" reg_code="5089127526"/>
<player seat="10" name="Tiuualex" chips="436" dealer="1" win="0" bet="0" muck="1" rebuy="0" addon="0" merge="0" rebuychips="0" reg_code="5089127712"/>
<player seat="3" name="M1ky3ste92" chips="564" dealer="0" win="0" bet="280" muck="1" rebuy="0" addon="0" merge="0" rebuychips="0" reg_code="5089127515"/>
</players>
</general>
<round no="0"><action no="1" player="M1ky3ste92" type="1" sum="10"/>
<action no="2" player="Mauixx87" type="2" discard="1" dealt="1" sum="20"/>
</round>
<round no="1"><cards type="Pocket" player="Mauixx87">C10 H9</cards>
<cards type="Pocket" player="M1ky3ste92">S5 SA</cards>
<cards type="Pocket" player="Tiuualex">X X</cards>
<action no="3" player="Tiuualex" type="0" discard="1" dealt="1" sum="0"/>
<action no="4" player="M1ky3ste92" type="23" sum="60"/>
<action no="5" player="Mauixx87" type="3" discard="1" dealt="1" sum="40"/>
</round>
<round no="2"><cards type="Flop">CQ DA DJ</cards>
<action no="6" player="M1ky3ste92" type="5" sum="40"/>
<action no="7" player="Mauixx87" type="3" discard="1" dealt="1" sum="40"/>
</round>
<round no="3"><cards type="Turn">S8</cards>
<action no="8" player="M1ky3ste92" type="4" sum="0"/>
<action no="9" player="Mauixx87" type="5" discard="1" dealt="1" sum="40"/>
<action no="10" player="M1ky3ste92" type="3" sum="40"/>
</round>
<round no="4"><cards type="River">C4</cards>
<action no="11" player="M1ky3ste92" type="4" sum="0"/>
<action no="12" player="Mauixx87" type="5" discard="1" dealt="1" sum="140"/>
<action no="13" player="M1ky3ste92" type="3" sum="140"/>
</round>
</game>
<game gamecode="6593782014"><general>
<startdate>2026-01-13 22:37:36</startdate>
<round>1</round>
<failsafecounter/>
<players><player seat="10" name="Tiuualex" chips="436" dealer="0" win="20" bet="20" muck="1" rebuy="0" addon="0" merge="0" rebuychips="0" reg_code="5089127712"/>
<player seat="3" name="M1ky3ste92" chips="284" dealer="1" win="0" bet="0" muck="1" rebuy="0" addon="0" merge="0" rebuychips="0" reg_code="5089127515"/>
<player seat="6" name="Mauixx87" chips="780" dealer="0" win="0" bet="10" muck="1" rebuy="0" addon="0" merge="0" rebuychips="0" reg_code="5089127526"/>
</players>
</general>
<round no="0"><action no="1" player="Mauixx87" type="1" discard="1" dealt="1" sum="10"/>
<action no="2" player="Tiuualex" type="2" discard="1" dealt="1" sum="20"/>
</round>
<round no="1"><cards type="Pocket" player="Tiuualex">X X</cards>
<cards type="Pocket" player="Mauixx87">X X</cards>
<cards type="Pocket" player="M1ky3ste92">S8 H6</cards>
<action no="3" player="M1ky3ste92" type="0" sum="0"/>
<action no="4" player="Mauixx87" type="0" discard="1" dealt="1" sum="0"/>
</round>
</game>
<game gamecode="6593782046"><general>
<startdate>2026-01-13 22:37:42</startdate>
<round>1</round>
<failsafecounter/>
<players><player seat="3" name="M1ky3ste92" chips="284" dealer="0" win="80" bet="60" muck="1" rebuy="0" addon="0" merge="0" rebuychips="0" reg_code="5089127515"/>
<player seat="6" name="Mauixx87" chips="770" dealer="1" win="0" bet="0" muck="1" rebuy="0" addon="0" merge="0" rebuychips="0" reg_code="5089127526"/>
<player seat="10" name="Tiuualex" chips="446" dealer="0" win="0" bet="40" muck="1" rebuy="0" addon="0" merge="0" rebuychips="0" reg_code="5089127712"/>
</players>
</general>
<round no="0"><action no="1" player="Tiuualex" type="1" discard="1" dealt="1" sum="10"/>
<action no="2" player="M1ky3ste92" type="2" sum="20"/>
</round>
<round no="1"><cards type="Pocket" player="Mauixx87">X X</cards>
<cards type="Pocket" player="Tiuualex">X X</cards>
<cards type="Pocket" player="M1ky3ste92">H10 HJ</cards>
<action no="3" player="Mauixx87" type="0" discard="1" dealt="1" sum="0"/>
<action no="4" player="Tiuualex" type="23" discard="1" dealt="1" sum="40"/>
<action no="5" player="M1ky3ste92" type="3" sum="20"/>
</round>
<round no="2"><cards type="Flop">CK D10 SA</cards>
<action no="6" player="Tiuualex" type="4" discard="1" dealt="1" sum="0"/>
<action no="7" player="M1ky3ste92" type="4" sum="0"/>
</round>
<round no="3"><cards type="Turn">H4</cards>
<action no="8" player="Tiuualex" type="4" discard="1" dealt="1" sum="0"/>
<action no="9" player="M1ky3ste92" type="5" sum="20"/>
<action no="10" player="Tiuualex" type="0" discard="1" dealt="1" sum="0"/>
</round>
</game>
<game gamecode="6593782131"><general>
<startdate>2026-01-13 22:38:04</startdate>
<round>1</round>
<failsafecounter/>
<players><player seat="6" name="Mauixx87" chips="770" dealer="0" win="20" bet="20" muck="1" rebuy="0" addon="0" merge="0" rebuychips="0" reg_code="5089127526"/>
<player seat="10" name="Tiuualex" chips="406" dealer="1" win="0" bet="0" muck="1" rebuy="0" addon="0" merge="0" rebuychips="0" reg_code="5089127712"/>
<player seat="3" name="M1ky3ste92" chips="324" dealer="0" win="0" bet="10" muck="1" rebuy="0" addon="0" merge="0" rebuychips="0" reg_code="5089127515"/>
</players>
</general>
<round no="0"><action no="1" player="M1ky3ste92" type="1" sum="10"/>
<action no="2" player="Mauixx87" type="2" discard="1" dealt="1" sum="20"/>
</round>
<round no="1"><cards type="Pocket" player="M1ky3ste92">C4 D2</cards>
<cards type="Pocket" player="Mauixx87">X X</cards>
<cards type="Pocket" player="Tiuualex">X X</cards>
<action no="3" player="Tiuualex" type="0" discard="1" dealt="1" sum="0"/>
<action no="4" player="M1ky3ste92" type="0" sum="0"/>
</round>
</game>
<game gamecode="6593782166"><general>
<startdate>2026-01-13 22:38:12</startdate>
<round>1</round>
<failsafecounter/>
<players><player seat="10" name="Tiuualex" chips="406" dealer="0" win="0" bet="35" muck="1" rebuy="0" addon="0" merge="0" rebuychips="0" reg_code="5089127712"/>
<player seat="3" name="M1ky3ste92" chips="314" dealer="1" win="90" bet="314" muck="1" rebuy="0" addon="0" merge="0" rebuychips="0" reg_code="5089127515"/>
<player seat="6" name="Mauixx87" chips="780" dealer="0" win="0" bet="20" muck="1" rebuy="0" addon="0" merge="0" rebuychips="0" reg_code="5089127526"/>
</players>
</general>
<round no="0"><action no="1" player="Mauixx87" type="15" discard="1" dealt="1" sum="5"/>
<action no="2" player="Tiuualex" type="15" discard="1" dealt="1" sum="5"/>
<action no="3" player="M1ky3ste92" type="15" sum="5"/>
<action no="4" player="Mauixx87" type="1" discard="1" dealt="1" sum="15"/>
<action no="5" player="Tiuualex" type="2" discard="1" dealt="1" sum="30"/>
</round>
<round no="1"><cards type="Pocket" player="Tiuualex">X X</cards>
<cards type="Pocket" player="M1ky3ste92">C5 C6</cards>
<cards type="Pocket" player="Mauixx87">X X</cards>
<action no="6" player="M1ky3ste92" type="23" sum="309"/>
<action no="7" player="Mauixx87" type="0" discard="1" dealt="1" sum="0"/>
<action no="8" player="Tiuualex" type="0" discard="1" dealt="1" sum="0"/>
</round>
</game>
<game gamecode="6593782203"><general>
<startdate>2026-01-13 22:38:20</startdate>
<round>1</round>
<failsafecounter/>
<players><player seat="3" name="M1ky3ste92" chips="369" dealer="0" win="0" bet="125" muck="1" rebuy="0" addon="0" merge="0" rebuychips="0" reg_code="5089127515"/>
<player seat="6" name="Mauixx87" chips="760" dealer="1" win="270" bet="275" muck="1" rebuy="0" addon="0" merge="0" rebuychips="0" reg_code="5089127526"/>
<player seat="10" name="Tiuualex" chips="371" dealer="0" win="0" bet="20" muck="1" rebuy="0" addon="0" merge="0" rebuychips="0" reg_code="5089127712"/>
</players>
</general>
<round no="0"><action no="1" player="Tiuualex" type="15" discard="1" dealt="1" sum="5"/>
<action no="2" player="M1ky3ste92" type="15" sum="5"/>
<action no="3" player="Mauixx87" type="15" discard="1" dealt="1" sum="5"/>
<action no="4" player="Tiuualex" type="1" discard="1" dealt="1" sum="15"/>
<action no="5" player="M1ky3ste92" type="2" sum="30"/>
</round>
<round no="1"><cards type="Pocket" player="M1ky3ste92">DK H9</cards>
<cards type="Pocket" player="Mauixx87">X X</cards>
<cards type="Pocket" player="Tiuualex">X X</cards>
<action no="6" player="Mauixx87" type="23" discard="1" dealt="1" sum="60"/>
<action no="7" player="Tiuualex" type="0" discard="1" dealt="1" sum="0"/>
<action no="8" player="M1ky3ste92" type="3" sum="30"/>
</round>
<round no="2"><cards type="Flop">SA C3 C9</cards>
<action no="9" player="M1ky3ste92" type="4" sum="0"/>
<action no="10" player="Mauixx87" type="5" discard="1" dealt="1" sum="60"/>
<action no="11" player="M1ky3ste92" type="3" sum="60"/>
</round>
<round no="3"><cards type="Turn">CJ</cards>
<action no="12" player="M1ky3ste92" type="4" sum="0"/>
<action no="13" player="Mauixx87" type="4" discard="1" dealt="1" sum="0"/>
</round>
<round no="4"><cards type="River">C7</cards>
<action no="14" player="M1ky3ste92" type="4" sum="0"/>
<action no="15" player="Mauixx87" type="5" discard="1" dealt="1" sum="150"/>
<action no="16" player="M1ky3ste92" type="0" sum="0"/>
</round>
</game>
<game gamecode="6593782308"><general>
<startdate>2026-01-13 22:38:46</startdate>
<round>1</round>
<failsafecounter/>
<players><player seat="6" name="Mauixx87" chips="905" dealer="0" win="45" bet="35" muck="1" rebuy="0" addon="0" merge="0" rebuychips="0" reg_code="5089127526"/>
<player seat="10" name="Tiuualex" chips="351" dealer="1" win="0" bet="5" muck="1" rebuy="0" addon="0" merge="0" rebuychips="0" reg_code="5089127712"/>
<player seat="3" name="M1ky3ste92" chips="244" dealer="0" win="0" bet="20" muck="1" rebuy="0" addon="0" merge="0" rebuychips="0" reg_code="5089127515"/>
</players>
</general>
<round no="0"><action no="1" player="M1ky3ste92" type="15" sum="5"/>
<action no="2" player="Mauixx87" type="15" discard="1" dealt="1" sum="5"/>
<action no="3" player="Tiuualex" type="15" discard="1" dealt="1" sum="5"/>
<action no="4" player="M1ky3ste92" type="1" sum="15"/>
<action no="5" player="Mauixx87" type="2" discard="1" dealt="1" sum="30"/>
</round>
<round no="1"><cards type="Pocket" player="Tiuualex">X X</cards>
<cards type="Pocket" player="Mauixx87">X X</cards>
<cards type="Pocket" player="M1ky3ste92">H8 S4</cards>
<action no="6" player="Tiuualex" type="0" discard="1" dealt="1" sum="0"/>
<action no="7" player="M1ky3ste92" type="0" sum="0"/>
</round>
</game>
<game gamecode="6593782335"><general>
<startdate>2026-01-13 22:38:54</startdate>
<round>1</round>
<failsafecounter/>
<players><player seat="10" name="Tiuualex" chips="346" dealer="0" win="468" bet="224" muck="0" rebuy="0" addon="0" merge="0" rebuychips="0" reg_code="5089127712"/>
<player seat="3" name="M1ky3ste92" chips="224" dealer="1" win="0" bet="224" muck="0" rebuy="0" addon="0" merge="0" rebuychips="0" reg_code="5089127515"/>
<player seat="6" name="Mauixx87" chips="930" dealer="0" win="0" bet="20" muck="1" rebuy="0" addon="0" merge="0" rebuychips="0" reg_code="5089127526"/>
</players>
</general>
<round no="0"><action no="1" player="Mauixx87" type="15" discard="1" dealt="1" sum="5"/>
<action no="2" player="Tiuualex" type="15" discard="1" dealt="1" sum="5"/>
<action no="3" player="M1ky3ste92" type="15" sum="5"/>
<action no="4" player="Mauixx87" type="1" discard="1" dealt="1" sum="15"/>
<action no="5" player="Tiuualex" type="2" discard="1" dealt="1" sum="30"/>
</round>
<round no="1"><cards type="Pocket" player="M1ky3ste92">SK H10</cards>
<cards type="Pocket" player="Tiuualex">SJ HK</cards>
<cards type="Pocket" player="Mauixx87">X X</cards>
<action no="6" player="M1ky3ste92" type="23" sum="219"/>
<action no="7" player="Mauixx87" type="0" discard="1" dealt="1" sum="0"/>
<action no="8" player="Tiuualex" type="3" discard="1" dealt="1" sum="189"/>
</round>
<round no="2"><cards type="Flop">CQ DK H6</cards>
</round>
<round no="3"><cards type="Turn">DQ</cards>
</round>
<round no="4"><cards type="River">H4</cards>
</round>
</game>
</session>
