<?xml version="1.0" encoding="UTF-8"?>
<session sessioncode="5089142757">
<general>
<client_version>24.7.1.18</client_version>
<mode>real</mode>
<gametype>Holdem NL</gametype>
<tablename>Twister €100 SNG, 826396641</tablename>
<tournamentcode>826396640</tournamentcode>
<tournamentname>Twister €100 SNG</tournamentname>
<buyin>€0 + €7 + €93</buyin>
<totalbuyin>€100</totalbuyin>
<rewarddrawn>€200</rewarddrawn>
<tournamentcurrency>EUR</tournamentcurrency>
<currency>EUR</currency>
<nickname>M1ky3ste92</nickname>
<gamecount>12</gamecount>
<startdate>2026-01-13 23:13:46</startdate>
<place>3</place>
<win>€0</win>
<tablesize>3</tablesize>
</general>
<game gamecode="6593838302"><general>
<startdate>2026-01-13 23:14:01</startdate>
<round>1</round>
<failsafecounter/>
<players><player seat="3" name="Pozzillo93" chips="500" dealer="0" win="80" bet="500" muck="1" rebuy="0" addon="0" merge="0" rebuychips="0" reg_code="5089142130"/>
<player seat="6" name="Thechosenoonee" chips="500" dealer="1" win="0" bet="0" muck="1" rebuy="0" addon="0" merge="0" rebuychips="0" reg_code="5089140653"/>
<player seat="10" name="M1ky3ste92" chips="500" dealer="0" win="0" bet="40" muck="1" rebuy="0" addon="0" merge="0" rebuychips="0" reg_code="5089142757"/>
</players>
</general>
<round no="0"><action no="1" player="M1ky3ste92" type="1" sum="10"/>
<action no="2" player="Pozzillo93" type="2" discard="1" dealt="1" sum="20"/>
</round>
<round no="1"><cards type="Pocket" player="Thechosenoonee">X X</cards>
<cards type="Pocket" player="M1ky3ste92">S10 H8</cards>
<cards type="Pocket" player="Pozzillo93">X X</cards>
<action no="3" player="Thechosenoonee" type="0" discard="1" dealt="1" sum="0"/>
<action no="4" player="M1ky3ste92" type="23" sum="40"/>
<action no="5" player="Pozzillo93" type="23" discard="1" dealt="1" sum="500"/>
<action no="6" player="M1ky3ste92" type="0" sum="0"/>
</round>
</game>
<game gamecode="6593838375"><general>
<startdate>2026-01-13 23:14:11</startdate>
<round>1</round>
<failsafecounter/>
<players><player seat="6" name="Thechosenoonee" chips="500" dealer="0" win="40" bet="60" muck="1" rebuy="0" addon="0" merge="0" rebuychips="0" reg_code="5089140653"/>
<player seat="10" name="M1ky3ste92" chips="460" dealer="1" win="0" bet="0" muck="1" rebuy="0" addon="0" merge="0" rebuychips="0" reg_code="5089142757"/>
<player seat="3" name="Pozzillo93" chips="540" dealer="0" win="0" bet="20" muck="1" rebuy="0" addon="0" merge="0" rebuychips="0" reg_code="5089142130"/>
</players>
</general>
<round no="0"><action no="1" player="Pozzillo93" type="1" discard="1" dealt="1" sum="10"/>
<action no="2" player="Thechosenoonee" type="2" discard="1" dealt="1" sum="20"/>
</round>
<round no="1"><cards type="Pocket" player="Thechosenoonee">X X</cards>
<cards type="Pocket" player="Pozzillo93">X X</cards>
<cards type="Pocket" player="M1ky3ste92">C7 D10</cards>
<action no="3" player="M1ky3ste92" type="0" sum="0"/>
<action no="4" player="Pozzillo93" type="3" discard="1" dealt="1" sum="10"/>
<action no="5" player="Thechosenoonee" type="4" discard="1" dealt="1" sum="0"/>
</round>
<round no="2"><cards type="Flop">C2 D3 C9</cards>
<action no="6" player="Pozzillo93" type="4" discard="1" dealt="1" sum="0"/>
<action no="7" player="Thechosenoonee" type="4" discard="1" dealt="1" sum="0"/>
</round>
<round no="3"><cards type="Turn">H8</cards>
<action no="8" player="Pozzillo93" type="4" discard="1" dealt="1" sum="0"/>
<action no="9" player="Thechosenoonee" type="5" discard="1" dealt="1" sum="40"/>
<action no="10" player="Pozzillo93" type="0" discard="1" dealt="1" sum="0"/>
</round>
</game>
<game gamecode="6593838577"><general>
<startdate>2026-01-13 23:14:35</startdate>
<round>1</round>
<failsafecounter/>
<players><player seat="10" name="M1ky3ste92" chips="460" dealer="0" win="20" bet="20" muck="1" rebuy="0" addon="0" merge="0" rebuychips="0" reg_code="5089142757"/>
<player seat="3" name="Pozzillo93" chips="520" dealer="1" win="0" bet="0" muck="1" rebuy="0" addon="0" merge="0" rebuychips="0" reg_code="5089142130"/>
<player seat="6" name="Thechosenoonee" chips="520" dealer="0" win="0" bet="10" muck="1" rebuy="0" addon="0" merge="0" rebuychips="0" reg_code="5089140653"/>
</players>
</general>
<round no="0"><action no="1" player="Thechosenoonee" type="1" discard="1" dealt="1" sum="10"/>
<action no="2" player="M1ky3ste92" type="2" sum="20"/>
</round>
<round no="1"><cards type="Pocket" player="M1ky3ste92">D3 D4</cards>
<cards type="Pocket" player="Thechosenoonee">X X</cards>
<cards type="Pocket" player="Pozzillo93">X X</cards>
<action no="3" player="Pozzillo93" type="0" discard="1" dealt="1" sum="0"/>
<action no="4" player="Thechosenoonee" type="0" discard="1" dealt="1" sum="0"/>
</round>
</game>
<game gamecode="6593838684"><general>
<startdate>2026-01-13 23:14:49</startdate>
<round>1</round>
<failsafecounter/>
<players><player seat="3" name="Pozzillo93" chips="520" dealer="0" win="90" bet="80" muck="1" rebuy="0" addon="0" merge="0" rebuychips="0" reg_code="5089142130"/>
<player seat="6" name="Thechosenoonee" chips="510" dealer="1" win="0" bet="40" muck="1" rebuy="0" addon="0" merge="0" rebuychips="0" reg_code="5089140653"/>
<player seat="10" name="M1ky3ste92" chips="470" dealer="0" win="0" bet="10" muck="1" rebuy="0" addon="0" merge="0" rebuychips="0" reg_code="5089142757"/>
</players>
</general>
<round no="0"><action no="1" player="M1ky3ste92" type="1" sum="10"/>
<action no="2" player="Pozzillo93" type="2" discard="1" dealt="1" sum="20"/>
</round>
<round no="1"><cards type="Pocket" player="Thechosenoonee">X X</cards>
<cards type="Pocket" player="M1ky3ste92">H8 HJ</cards>
<cards type="Pocket" player="Pozzillo93">X X</cards>
<action no="3" player="Thechosenoonee" type="23" discard="1" dealt="1" sum="40"/>
<action no="4" player="M1ky3ste92" type="0" sum="0"/>
<action no="5" player="Pozzillo93" type="23" discard="1" dealt="1" sum="80"/>
<action no="6" player="Thechosenoonee" type="0" discard="1" dealt="1" sum="0"/>
</round>
</game>
<game gamecode="6593838808"><general>
<startdate>2026-01-13 23:15:03</startdate>
<round>1</round>
<failsafecounter/>
<players><player seat="6" name="Thechosenoonee" chips="470" dealer="0" win="90" bet="85" muck="1" rebuy="0" addon="0" merge="0" rebuychips="0" reg_code="5089140653"/>
<player seat="10" name="M1ky3ste92" chips="460" dealer="1" win="0" bet="40" muck="1" rebuy="0" addon="0" merge="0" rebuychips="0" reg_code="5089142757"/>
<player seat="3" name="Pozzillo93" chips="570" dealer="0" win="0" bet="10" muck="1" rebuy="0" addon="0" merge="0" rebuychips="0" reg_code="5089142130"/>
</players>
</general>
<round no="0"><action no="1" player="Pozzillo93" type="1" discard="1" dealt="1" sum="10"/>
<action no="2" player="Thechosenoonee" type="2" discard="1" dealt="1" sum="20"/>
</round>
<round no="1"><cards type="Pocket" player="Thechosenoonee">X X</cards>
<cards type="Pocket" player="Pozzillo93">X X</cards>
<cards type="Pocket" player="M1ky3ste92">C10 CK</cards>
<action no="3" player="M1ky3ste92" type="23" sum="40"/>
<action no="4" player="Pozzillo93" type="0" discard="1" dealt="1" sum="0"/>
<action no="5" player="Thechosenoonee" type="3" discard="1" dealt="1" sum="20"/>
</round>
<round no="2"><cards type="Flop">H2 D7 D2</cards>
<action no="6" player="Thechosenoonee" type="4" discard="1" dealt="1" sum="0"/>
<action no="7" player="M1ky3ste92" type="4" sum="0"/>
</round>
<round no="3"><cards type="Turn">D9</cards>
<action no="8" player="Thechosenoonee" type="5" discard="1" dealt="1" sum="45"/>
<action no="9" player="M1ky3ste92" type="0" sum="0"/>
</round>
</game>
<game gamecode="6593838956"><general>
<startdate>2026-01-13 23:15:21</startdate>
<round>1</round>
<failsafecounter/>
<players><player seat="10" name="M1ky3ste92" chips="420" dealer="0" win="0" bet="20" muck="1" rebuy="0" addon="0" merge="0" rebuychips="0" reg_code="5089142757"/>
<player seat="3" name="Pozzillo93" chips="560" dealer="1" win="60" bet="100" muck="1" rebuy="0" addon="0" merge="0" rebuychips="0" reg_code="5089142130"/>
<player seat="6" name="Thechosenoonee" chips="520" dealer="0" win="0" bet="20" muck="1" rebuy="0" addon="0" merge="0" rebuychips="0" reg_code="5089140653"/>
</players>
</general>
<round no="0"><action no="1" player="Thechosenoonee" type="1" discard="1" dealt="1" sum="10"/>
<action no="2" player="M1ky3ste92" type="2" sum="20"/>
</round>
<round no="1"><cards type="Pocket" player="Thechosenoonee">X X</cards>
<cards type="Pocket" player="M1ky3ste92">C3 D6</cards>
<cards type="Pocket" player="Pozzillo93">X X</cards>
<action no="3" player="Pozzillo93" type="3" discard="1" dealt="1" sum="20"/>
<action no="4" player="Thechosenoonee" type="3" discard="1" dealt="1" sum="10"/>
<action no="5" player="M1ky3ste92" type="4" sum="0"/>
</round>
<round no="2"><cards type="Flop">D8 SJ CQ</cards>
<action no="6" player="Thechosenoonee" type="4" discard="1" dealt="1" sum="0"/>
<action no="7" player="M1ky3ste92" type="4" sum="0"/>
<action no="8" player="Pozzillo93" type="5" discard="1" dealt="1" sum="80"/>
<action no="9" player="Thechosenoonee" type="0" discard="1" dealt="1" sum="0"/>
<action no="10" player="M1ky3ste92" type="0" sum="0"/>
</round>
</game>
<game gamecode="6593839129"><general>
<startdate>2026-01-13 23:15:41</startdate>
<round>1</round>
<failsafecounter/>
<players><player seat="3" name="Pozzillo93" chips="600" dealer="0" win="0" bet="65" muck="1" rebuy="0" addon="0" merge="0" rebuychips="0" reg_code="5089142130"/>
<player seat="6" name="Thechosenoonee" chips="500" dealer="1" win="150" bet="140" muck="1" rebuy="0" addon="0" merge="0" rebuychips="0" reg_code="5089140653"/>
<player seat="10" name="M1ky3ste92" chips="400" dealer="0" win="0" bet="20" muck="1" rebuy="0" addon="0" merge="0" rebuychips="0" reg_code="5089142757"/>
</players>
</general>
<round no="0"><action no="1" player="M1ky3ste92" type="15" sum="5"/>
<action no="2" player="Pozzillo93" type="15" discard="1" dealt="1" sum="5"/>
<action no="3" player="Thechosenoonee" type="15" discard="1" dealt="1" sum="5"/>
<action no="4" player="M1ky3ste92" type="1" sum="15"/>
<action no="5" player="Pozzillo93" type="2" discard="1" dealt="1" sum="30"/>
</round>
<round no="1"><cards type="Pocket" player="M1ky3ste92">H2 H3</cards>
<cards type="Pocket" player="Pozzillo93">X X</cards>
<cards type="Pocket" player="Thechosenoonee">X X</cards>
<action no="6" player="Thechosenoonee" type="23" discard="1" dealt="1" sum="60"/>
<action no="7" player="M1ky3ste92" type="0" sum="0"/>
<action no="8" player="Pozzillo93" type="3" discard="1" dealt="1" sum="30"/>
</round>
<round no="2"><cards type="Flop">C2 S6 D3</cards>
<action no="9" player="Pozzillo93" type="4" discard="1" dealt="1" sum="0"/>
<action no="10" player="Thechosenoonee" type="5" discard="1" dealt="1" sum="75"/>
<action no="11" player="Pozzillo93" type="0" discard="1" dealt="1" sum="0"/>
</round>
</game>
<game gamecode="6593839366"><general>
<startdate>2026-01-13 23:16:11</startdate>
<round>1</round>
<failsafecounter/>
<players><player seat="6" name="Thechosenoonee" chips="585" dealer="0" win="255" bet="305" muck="1" rebuy="0" addon="0" merge="0" rebuychips="0" reg_code="5089140653"/>
<player seat="10" name="M1ky3ste92" chips="380" dealer="1" win="0" bet="5" muck="1" rebuy="0" addon="0" merge="0" rebuychips="0" reg_code="5089142757"/>
<player seat="3" name="Pozzillo93" chips="535" dealer="0" win="0" bet="125" muck="1" rebuy="0" addon="0" merge="0" rebuychips="0" reg_code="5089142130"/>
</players>
</general>
<round no="0"><action no="1" player="Pozzillo93" type="15" discard="1" dealt="1" sum="5"/>
<action no="2" player="Thechosenoonee" type="15" discard="1" dealt="1" sum="5"/>
<action no="3" player="M1ky3ste92" type="15" sum="5"/>
<action no="4" player="Pozzillo93" type="1" discard="1" dealt="1" sum="15"/>
<action no="5" player="Thechosenoonee" type="2" discard="1" dealt="1" sum="30"/>
</round>
<round no="1"><cards type="Pocket" player="M1ky3ste92">S10 C2</cards>
<cards type="Pocket" player="Thechosenoonee">X X</cards>
<cards type="Pocket" player="Pozzillo93">X X</cards>
<action no="6" player="M1ky3ste92" type="0" sum="0"/>
<action no="7" player="Pozzillo93" type="3" discard="1" dealt="1" sum="15"/>
<action no="8" player="Thechosenoonee" type="4" discard="1" dealt="1" sum="0"/>
</round>
<round no="2"><cards type="Flop">C5 D5 C4</cards>
<action no="9" player="Pozzillo93" type="4" discard="1" dealt="1" sum="0"/>
<action no="10" player="Thechosenoonee" type="5" discard="1" dealt="1" sum="30"/>
<action no="11" player="Pozzillo93" type="3" discard="1" dealt="1" sum="30"/>
</round>
<round no="3"><cards type="Turn">HA</cards>
<action no="12" player="Pozzillo93" type="4" discard="1" dealt="1" sum="0"/>
<action no="13" player="Thechosenoonee" type="5" discard="1" dealt="1" sum="60"/>
<action no="14" player="Pozzillo93" type="3" discard="1" dealt="1" sum="60"/>
</round>
<round no="4"><cards type="River">H2</cards>
<action no="15" player="Pozzillo93" type="4" discard="1" dealt="1" sum="0"/>
<action no="16" player="Thechosenoonee" type="5" discard="1" dealt="1" sum="180"/>
<action no="17" player="Pozzillo93" type="0" discard="1" dealt="1" sum="0"/>
</round>
</game>
<game gamecode="6593839781"><general>
<startdate>2026-01-13 23:17:03</startdate>
<round>1</round>
<failsafecounter/>
<players><player seat="10" name="M1ky3ste92" chips="375" dealer="0" win="0" bet="35" muck="1" rebuy="0" addon="0" merge="0" rebuychips="0" reg_code="5089142757"/>
<player seat="3" name="Pozzillo93" chips="410" dealer="1" win="0" bet="5" muck="1" rebuy="0" addon="0" merge="0" rebuychips="0" reg_code="5089142130"/>
<player seat="6" name="Thechosenoonee" chips="715" dealer="0" win="75" bet="715" muck="1" rebuy="0" addon="0" merge="0" rebuychips="0" reg_code="5089140653"/>
</players>
</general>
<round no="0"><action no="1" player="Thechosenoonee" type="15" discard="1" dealt="1" sum="5"/>
<action no="2" player="M1ky3ste92" type="15" sum="5"/>
<action no="3" player="Pozzillo93" type="15" discard="1" dealt="1" sum="5"/>
<action no="4" player="Thechosenoonee" type="1" discard="1" dealt="1" sum="15"/>
<action no="5" player="M1ky3ste92" type="2" sum="30"/>
</round>
<round no="1"><cards type="Pocket" player="M1ky3ste92">S3 H2</cards>
<cards type="Pocket" player="Pozzillo93">X X</cards>
<cards type="Pocket" player="Thechosenoonee">X X</cards>
<action no="6" player="Pozzillo93" type="0" discard="1" dealt="1" sum="0"/>
<action no="7" player="Thechosenoonee" type="23" discard="1" dealt="1" sum="710"/>
<action no="8" player="M1ky3ste92" type="0" sum="0"/>
</round>
</game>
<game gamecode="6593839919"><general>
<startdate>2026-01-13 23:17:19</startdate>
<round>1</round>
<failsafecounter/>
<players><player seat="3" name="Pozzillo93" chips="405" dealer="0" win="0" bet="35" muck="1" rebuy="0" addon="0" merge="0" rebuychips="0" reg_code="5089142130"/>
<player seat="6" name="Thechosenoonee" chips="755" dealer="1" win="0" bet="5" muck="1" rebuy="0" addon="0" merge="0" rebuychips="0" reg_code="5089140653"/>
<player seat="10" name="M1ky3ste92" chips="340" dealer="0" win="75" bet="340" muck="1" rebuy="0" addon="0" merge="0" rebuychips="0" reg_code="5089142757"/>
</players>
</general>
<round no="0"><action no="1" player="M1ky3ste92" type="15" sum="5"/>
<action no="2" player="Pozzillo93" type="15" discard="1" dealt="1" sum="5"/>
<action no="3" player="Thechosenoonee" type="15" discard="1" dealt="1" sum="5"/>
<action no="4" player="M1ky3ste92" type="1" sum="15"/>
<action no="5" player="Pozzillo93" type="2" discard="1" dealt="1" sum="30"/>
</round>
<round no="1"><cards type="Pocket" player="M1ky3ste92">H4 SA</cards>
<cards type="Pocket" player="Pozzillo93">X X</cards>
<cards type="Pocket" player="Thechosenoonee">X X</cards>
<action no="6" player="Thechosenoonee" type="0" discard="1" dealt="1" sum="0"/>
<action no="7" player="M1ky3ste92" type="23" sum="335"/>
<action no="8" player="Pozzillo93" type="0" discard="1" dealt="1" sum="0"/>
</round>
</game>
<game gamecode="6593840041"><general>
<startdate>2026-01-13 23:17:33</startdate>
<round>1</round>
<failsafecounter/>
<players><player seat="6" name="Thechosenoonee" chips="750" dealer="0" win="0" bet="45" muck="1" rebuy="0" addon="0" merge="0" rebuychips="0" reg_code="5089140653"/>
<player seat="10" name="M1ky3ste92" chips="380" dealer="1" win="0" bet="380" muck="0" rebuy="0" addon="0" merge="0" rebuychips="0" reg_code="5089142757"/>
<player seat="3" name="Pozzillo93" chips="370" dealer="0" win="785" bet="370" muck="0" rebuy="0" addon="0" merge="0" rebuychips="0" reg_code="5089142130"/>
</players>
</general>
<round no="0"><action no="1" player="Pozzillo93" type="15" discard="1" dealt="1" sum="5"/>
<action no="2" player="Thechosenoonee" type="15" discard="1" dealt="1" sum="5"/>
<action no="3" player="M1ky3ste92" type="15" sum="5"/>
<action no="4" player="Pozzillo93" type="1" discard="1" dealt="1" sum="20"/>
<action no="5" player="Thechosenoonee" type="2" discard="1" dealt="1" sum="40"/>
</round>
<round no="1"><cards type="Pocket" player="Pozzillo93">D2 CA</cards>
<cards type="Pocket" player="M1ky3ste92">H9 CK</cards>
<cards type="Pocket" player="Thechosenoonee">X X</cards>
<action no="6" player="M1ky3ste92" type="23" sum="375"/>
<action no="7" player="Pozzillo93" type="7" discard="1" dealt="1" sum="345"/>
<action no="8" player="Thechosenoonee" type="0" discard="1" dealt="1" sum="0"/>
</round>
<round no="2"><cards type="Flop">C5 S6 H7</cards>
</round>
<round no="3"><cards type="Turn">C2</cards>
</round>
<round no="4"><cards type="River">D4</cards>
</round>
</game>
<game gamecode="6593845264"><general>
<startdate>2026-01-13 23:17:50</startdate>
<round>1</round>
<failsafecounter/>
<players><player seat="10" name="M1ky3ste92" chips="10" dealer="0" win="0" bet="10" muck="0" rebuy="0" addon="0" merge="0" rebuychips="0" reg_code="5089142757"/>
<player seat="3" name="Pozzillo93" chips="785" dealer="1" win="0" bet="45" muck="1" rebuy="0" addon="0" merge="0" rebuychips="0" reg_code="5089142130"/>
<player seat="6" name="Thechosenoonee" chips="705" dealer="0" win="100" bet="85" muck="0" rebuy="0" addon="0" merge="0" rebuychips="0" reg_code="5089140653"/>
</players>
</general>
<round no="0"><action no="1" player="Thechosenoonee" type="15" discard="1" dealt="1" sum="5"/>
<action no="2" player="M1ky3ste92" type="15" sum="5"/>
<action no="3" player="Pozzillo93" type="15" discard="1" dealt="1" sum="5"/>
<action no="4" player="Thechosenoonee" type="1" discard="1" dealt="1" sum="20"/>
<action no="5" player="M1ky3ste92" type="2" sum="5"/>
</round>
<round no="1"><cards type="Pocket" player="Thechosenoonee">DK D2</cards>
<cards type="Pocket" player="M1ky3ste92">H10 C5</cards>
<cards type="Pocket" player="Pozzillo93">X X</cards>
<action no="6" player="Pozzillo93" type="3" discard="1" dealt="1" sum="40"/>
<action no="7" player="Thechosenoonee" type="3" discard="1" dealt="1" sum="20"/>
</round>
<round no="2"><cards type="Flop">S6 H3 DQ</cards>
<action no="8" player="Thechosenoonee" type="4" discard="1" dealt="1" sum="0"/>
<action no="9" player="Pozzillo93" type="4" discard="1" dealt="1" sum="0"/>
</round>
<round no="3"><cards type="Turn">DA</cards>
<action no="10" player="Thechosenoonee" type="4" discard="1" dealt="1" sum="0"/>
<action no="11" player="Pozzillo93" type="4" discard="1" dealt="1" sum="0"/>
</round>
<round no="4"><cards type="River">CK</cards>
<action no="12" player="Thechosenoonee" type="5" discard="1" dealt="1" sum="40"/>
<action no="13" player="Pozzillo93" type="0" discard="1" dealt="1" sum="0"/>
</round>
</game>
</session>
