<?xml version="1.0" encoding="UTF-8"?>
<session sessioncode="5089009148">
<general>
<client_version>24.7.1.18</client_version>
<mode>real</mode>
<gametype>Holdem NL</gametype>
<tablename>Twister €100 SNG, 826358140</tablename>
<tournamentcode>826358139</tournamentcode>
<tournamentname>Twister €100 SNG</tournamentname>
<buyin>€0 + €7 + €93</buyin>
<totalbuyin>€100</totalbuyin>
<rewarddrawn>€200</rewarddrawn>
<tournamentcurrency>EUR</tournamentcurrency>
<currency>EUR</currency>
<nickname>M1ky3ste92</nickname>
<gamecount>31</gamecount>
<startdate>2026-01-13 16:40:13</startdate>
<place>2</place>
<win>€0</win>
<tablesize>3</tablesize>
</general>
<game gamecode="6593299482"><general>
<startdate>2026-01-13 16:40:29</startdate>
<round>1</round>
<failsafecounter/>
<players><player seat="10" name="M1ky3ste92" chips="500" dealer="0" win="20" bet="20" muck="1" rebuy="0" addon="0" merge="0" rebuychips="0" reg_code="5089009148"/>
<player seat="3" name="Tiuualex" chips="500" dealer="1" win="0" bet="0" muck="1" rebuy="0" addon="0" merge="0" rebuychips="0" reg_code="5089008691"/>
<player seat="6" name="Player235" chips="500" dealer="0" win="0" bet="10" muck="1" rebuy="0" addon="0" merge="0" rebuychips="0" reg_code="5089008760"/>
</players>
</general>
<round no="0"><action no="1" player="Player235" type="1" discard="1" dealt="1" sum="10"/>
<action no="2" player="M1ky3ste92" type="2" sum="20"/>
</round>
<round no="1"><cards type="Pocket" player="Player235">X X</cards>
<cards type="Pocket" player="Tiuualex">X X</cards>
<cards type="Pocket" player="M1ky3ste92">SK C8</cards>
<action no="3" player="Tiuualex" type="0" discard="1" dealt="1" sum="0"/>
<action no="4" player="Player235" type="0" discard="1" dealt="1" sum="0"/>
</round>
</game>
<game gamecode="6593299525"><general>
<startdate>2026-01-13 16:40:35</startdate>
<round>1</round>
<failsafecounter/>
<players><player seat="3" name="Tiuualex" chips="500" dealer="0" win="20" bet="20" muck="1" rebuy="0" addon="0" merge="0" rebuychips="0" reg_code="5089008691"/>
<player seat="6" name="Player235" chips="490" dealer="1" win="0" bet="0" muck="1" rebuy="0" addon="0" merge="0" rebuychips="0" reg_code="5089008760"/>
<player seat="10" name="M1ky3ste92" chips="510" dealer="0" win="0" bet="10" muck="1" rebuy="0" addon="0" merge="0" rebuychips="0" reg_code="5089009148"/>
</players>
</general>
<round no="0"><action no="1" player="M1ky3ste92" type="1" sum="10"/>
<action no="2" player="Tiuualex" type="2" discard="1" dealt="1" sum="20"/>
</round>
<round no="1"><cards type="Pocket" player="Player235">X X</cards>
<cards type="Pocket" player="Tiuualex">X X</cards>
<cards type="Pocket" player="M1ky3ste92">DJ H4</cards>
<action no="3" player="Player235" type="0" discard="1" dealt="1" sum="0"/>
<action no="4" player="M1ky3ste92" type="0" sum="0"/>
</round>
</game>
<game gamecode="6593299568"><general>
<startdate>2026-01-13 16:40:42</startdate>
<round>1</round>
<failsafecounter/>
<players><player seat="6" name="Player235" chips="490" dealer="0" win="0" bet="40" muck="1" rebuy="0" addon="0" merge="0" rebuychips="0" reg_code="5089008760"/>
<player seat="10" name="M1ky3ste92" chips="500" dealer="1" win="90" bet="70" muck="1" rebuy="0" addon="0" merge="0" rebuychips="0" reg_code="5089009148"/>
<player seat="3" name="Tiuualex" chips="510" dealer="0" win="0" bet="10" muck="1" rebuy="0" addon="0" merge="0" rebuychips="0" reg_code="5089008691"/>
</players>
</general>
<round no="0"><action no="1" player="Tiuualex" type="1" discard="1" dealt="1" sum="10"/>
<action no="2" player="Player235" type="2" discard="1" dealt="1" sum="20"/>
</round>
<round no="1"><cards type="Pocket" player="Player235">X X</cards>
<cards type="Pocket" player="M1ky3ste92">D6 D4</cards>
<cards type="Pocket" player="Tiuualex">X X</cards>
<action no="3" player="M1ky3ste92" type="23" sum="40"/>
<action no="4" player="Tiuualex" type="0" discard="1" dealt="1" sum="0"/>
<action no="5" player="Player235" type="3" discard="1" dealt="1" sum="20"/>
</round>
<round no="2"><cards type="Flop">C10 DA DK</cards>
<action no="6" player="Player235" type="4" discard="1" dealt="1" sum="0"/>
<action no="7" player="M1ky3ste92" type="5" sum="30"/>
<action no="8" player="Player235" type="0" discard="1" dealt="1" sum="0"/>
</round>
</game>
<game gamecode="6593299742"><general>
<startdate>2026-01-13 16:41:09</startdate>
<round>1</round>
<failsafecounter/>
<players><player seat="10" name="M1ky3ste92" chips="550" dealer="0" win="20" bet="20" muck="1" rebuy="0" addon="0" merge="0" rebuychips="0" reg_code="5089009148"/>
<player seat="3" name="Tiuualex" chips="500" dealer="1" win="0" bet="0" muck="1" rebuy="0" addon="0" merge="0" rebuychips="0" reg_code="5089008691"/>
<player seat="6" name="Player235" chips="450" dealer="0" win="0" bet="10" muck="1" rebuy="0" addon="0" merge="0" rebuychips="0" reg_code="5089008760"/>
</players>
</general>
<round no="0"><action no="1" player="Player235" type="1" discard="1" dealt="1" sum="10"/>
<action no="2" player="M1ky3ste92" type="2" sum="20"/>
</round>
<round no="1"><cards type="Pocket" player="Tiuualex">X X</cards>
<cards type="Pocket" player="M1ky3ste92">H8 D7</cards>
<cards type="Pocket" player="Player235">X X</cards>
<action no="3" player="Tiuualex" type="0" discard="1" dealt="1" sum="0"/>
<action no="4" player="Player235" type="0" discard="1" dealt="1" sum="0"/>
</round>
</game>
<game gamecode="6593299808"><general>
<startdate>2026-01-13 16:41:18</startdate>
<round>1</round>
<failsafecounter/>
<players><player seat="3" name="Tiuualex" chips="500" dealer="0" win="20" bet="20" muck="1" rebuy="0" addon="0" merge="0" rebuychips="0" reg_code="5089008691"/>
<player seat="6" name="Player235" chips="440" dealer="1" win="0" bet="0" muck="1" rebuy="0" addon="0" merge="0" rebuychips="0" reg_code="5089008760"/>
<player seat="10" name="M1ky3ste92" chips="560" dealer="0" win="0" bet="10" muck="1" rebuy="0" addon="0" merge="0" rebuychips="0" reg_code="5089009148"/>
</players>
</general>
<round no="0"><action no="1" player="M1ky3ste92" type="1" sum="10"/>
<action no="2" player="Tiuualex" type="2" discard="1" dealt="1" sum="20"/>
</round>
<round no="1"><cards type="Pocket" player="Player235">X X</cards>
<cards type="Pocket" player="Tiuualex">X X</cards>
<cards type="Pocket" player="M1ky3ste92">S2 D3</cards>
<action no="3" player="Player235" type="0" discard="1" dealt="1" sum="0"/>
<action no="4" player="M1ky3ste92" type="0" sum="0"/>
</round>
</game>
<game gamecode="6593299873"><general>
<startdate>2026-01-13 16:41:28</startdate>
<round>1</round>
<failsafecounter/>
<players><player seat="6" name="Player235" chips="440" dealer="0" win="105" bet="100" muck="0" rebuy="0" addon="0" merge="0" rebuychips="0" reg_code="5089008760"/>
<player seat="10" name="M1ky3ste92" chips="550" dealer="1" win="105" bet="100" muck="0" rebuy="0" addon="0" merge="0" rebuychips="0" reg_code="5089009148"/>
<player seat="3" name="Tiuualex" chips="510" dealer="0" win="0" bet="10" muck="1" rebuy="0" addon="0" merge="0" rebuychips="0" reg_code="5089008691"/>
</players>
</general>
<round no="0"><action no="1" player="Tiuualex" type="1" discard="1" dealt="1" sum="10"/>
<action no="2" player="Player235" type="2" discard="1" dealt="1" sum="20"/>
</round>
<round no="1"><cards type="Pocket" player="Tiuualex">X X</cards>
<cards type="Pocket" player="M1ky3ste92">D2 SA</cards>
<cards type="Pocket" player="Player235">DA D3</cards>
<action no="3" player="M1ky3ste92" type="23" sum="40"/>
<action no="4" player="Tiuualex" type="0" discard="1" dealt="1" sum="0"/>
<action no="5" player="Player235" type="3" discard="1" dealt="1" sum="20"/>
</round>
<round no="2"><cards type="Flop">D7 D6 H7</cards>
<action no="6" player="Player235" type="4" discard="1" dealt="1" sum="0"/>
<action no="7" player="M1ky3ste92" type="5" sum="20"/>
<action no="8" player="Player235" type="23" discard="1" dealt="1" sum="60"/>
<action no="9" player="M1ky3ste92" type="3" sum="40"/>
</round>
<round no="3"><cards type="Turn">H6</cards>
<action no="10" player="Player235" type="4" discard="1" dealt="1" sum="0"/>
<action no="11" player="M1ky3ste92" type="4" sum="0"/>
</round>
<round no="4"><cards type="River">C9</cards>
<action no="12" player="Player235" type="4" discard="1" dealt="1" sum="0"/>
<action no="13" player="M1ky3ste92" type="4" sum="0"/>
</round>
</game>
<game gamecode="6593305130"><general>
<startdate>2026-01-13 16:42:17</startdate>
<round>1</round>
<failsafecounter/>
<players><player seat="10" name="M1ky3ste92" chips="555" dealer="0" win="0" bet="35" muck="1" rebuy="0" addon="0" merge="0" rebuychips="0" reg_code="5089009148"/>
<player seat="3" name="Tiuualex" chips="500" dealer="1" win="0" bet="5" muck="1" rebuy="0" addon="0" merge="0" rebuychips="0" reg_code="5089008691"/>
<player seat="6" name="Player235" chips="445" dealer="0" win="75" bet="445" muck="1" rebuy="0" addon="0" merge="0" rebuychips="0" reg_code="5089008760"/>
</players>
</general>
<round no="0"><action no="1" player="Player235" type="15" discard="1" dealt="1" sum="5"/>
<action no="2" player="M1ky3ste92" type="15" sum="5"/>
<action no="3" player="Tiuualex" type="15" discard="1" dealt="1" sum="5"/>
<action no="4" player="Player235" type="1" discard="1" dealt="1" sum="15"/>
<action no="5" player="M1ky3ste92" type="2" sum="30"/>
</round>
<round no="1"><cards type="Pocket" player="M1ky3ste92">HK C4</cards>
<cards type="Pocket" player="Player235">X X</cards>
<cards type="Pocket" player="Tiuualex">X X</cards>
<action no="6" player="Tiuualex" type="0" discard="1" dealt="1" sum="0"/>
<action no="7" player="Player235" type="23" discard="1" dealt="1" sum="440"/>
<action no="8" player="M1ky3ste92" type="0" sum="0"/>
</round>
</game>
<game gamecode="6593305213"><general>
<startdate>2026-01-13 16:42:28</startdate>
<round>1</round>
<failsafecounter/>
<players><player seat="3" name="Tiuualex" chips="495" dealer="0" win="150" bet="495" muck="1" rebuy="0" addon="0" merge="0" rebuychips="0" reg_code="5089008691"/>
<player seat="6" name="Player235" chips="485" dealer="1" win="0" bet="65" muck="1" rebuy="0" addon="0" merge="0" rebuychips="0" reg_code="5089008760"/>
<player seat="10" name="M1ky3ste92" chips="520" dealer="0" win="0" bet="20" muck="1" rebuy="0" addon="0" merge="0" rebuychips="0" reg_code="5089009148"/>
</players>
</general>
<round no="0"><action no="1" player="M1ky3ste92" type="15" sum="5"/>
<action no="2" player="Tiuualex" type="15" discard="1" dealt="1" sum="5"/>
<action no="3" player="Player235" type="15" discard="1" dealt="1" sum="5"/>
<action no="4" player="M1ky3ste92" type="1" sum="15"/>
<action no="5" player="Tiuualex" type="2" discard="1" dealt="1" sum="30"/>
</round>
<round no="1"><cards type="Pocket" player="Player235">X X</cards>
<cards type="Pocket" player="Tiuualex">X X</cards>
<cards type="Pocket" player="M1ky3ste92">D5 C3</cards>
<action no="6" player="Player235" type="23" discard="1" dealt="1" sum="60"/>
<action no="7" player="M1ky3ste92" type="0" sum="0"/>
<action no="8" player="Tiuualex" type="23" discard="1" dealt="1" sum="490"/>
<action no="9" player="Player235" type="0" discard="1" dealt="1" sum="0"/>
</round>
</game>
<game gamecode="6593305307"><general>
<startdate>2026-01-13 16:42:42</startdate>
<round>1</round>
<failsafecounter/>
<players><player seat="6" name="Player235" chips="420" dealer="0" win="0" bet="35" muck="1" rebuy="0" addon="0" merge="0" rebuychips="0" reg_code="5089008760"/>
<player seat="10" name="M1ky3ste92" chips="500" dealer="1" win="90" bet="500" muck="1" rebuy="0" addon="0" merge="0" rebuychips="0" reg_code="5089009148"/>
<player seat="3" name="Tiuualex" chips="580" dealer="0" win="0" bet="20" muck="1" rebuy="0" addon="0" merge="0" rebuychips="0" reg_code="5089008691"/>
</players>
</general>
<round no="0"><action no="1" player="Tiuualex" type="15" discard="1" dealt="1" sum="5"/>
<action no="2" player="Player235" type="15" discard="1" dealt="1" sum="5"/>
<action no="3" player="M1ky3ste92" type="15" sum="5"/>
<action no="4" player="Tiuualex" type="1" discard="1" dealt="1" sum="15"/>
<action no="5" player="Player235" type="2" discard="1" dealt="1" sum="30"/>
</round>
<round no="1"><cards type="Pocket" player="Player235">X X</cards>
<cards type="Pocket" player="Tiuualex">X X</cards>
<cards type="Pocket" player="M1ky3ste92">CA C4</cards>
<action no="6" player="M1ky3ste92" type="23" sum="495"/>
<action no="7" player="Tiuualex" type="0" discard="1" dealt="1" sum="0"/>
<action no="8" player="Player235" type="0" discard="1" dealt="1" sum="0"/>
</round>
</game>
<game gamecode="6593305384"><general>
<startdate>2026-01-13 16:42:53</startdate>
<round>1</round>
<failsafecounter/>
<players><player seat="10" name="M1ky3ste92" chips="555" dealer="0" win="45" bet="35" muck="1" rebuy="0" addon="0" merge="0" rebuychips="0" reg_code="5089009148"/>
<player seat="3" name="Tiuualex" chips="560" dealer="1" win="0" bet="5" muck="1" rebuy="0" addon="0" merge="0" rebuychips="0" reg_code="5089008691"/>
<player seat="6" name="Player235" chips="385" dealer="0" win="0" bet="20" muck="1" rebuy="0" addon="0" merge="0" rebuychips="0" reg_code="5089008760"/>
</players>
</general>
<round no="0"><action no="1" player="Player235" type="15" discard="1" dealt="1" sum="5"/>
<action no="2" player="M1ky3ste92" type="15" sum="5"/>
<action no="3" player="Tiuualex" type="15" discard="1" dealt="1" sum="5"/>
<action no="4" player="Player235" type="1" discard="1" dealt="1" sum="15"/>
<action no="5" player="M1ky3ste92" type="2" sum="30"/>
</round>
<round no="1"><cards type="Pocket" player="Player235">X X</cards>
<cards type="Pocket" player="M1ky3ste92">H9 CK</cards>
<cards type="Pocket" player="Tiuualex">X X</cards>
<action no="6" player="Tiuualex" type="0" discard="1" dealt="1" sum="0"/>
<action no="7" player="Player235" type="0" discard="1" dealt="1" sum="0"/>
</round>
</game>
<game gamecode="6593305438"><general>
<startdate>2026-01-13 16:43:00</startdate>
<round>1</round>
<failsafecounter/>
<players><player seat="3" name="Tiuualex" chips="555" dealer="0" win="0" bet="35" muck="1" rebuy="0" addon="0" merge="0" rebuychips="0" reg_code="5089008691"/>
<player seat="6" name="Player235" chips="365" dealer="1" win="90" bet="365" muck="1" rebuy="0" addon="0" merge="0" rebuychips="0" reg_code="5089008760"/>
<player seat="10" name="M1ky3ste92" chips="580" dealer="0" win="0" bet="20" muck="1" rebuy="0" addon="0" merge="0" rebuychips="0" reg_code="5089009148"/>
</players>
</general>
<round no="0"><action no="1" player="M1ky3ste92" type="15" sum="5"/>
<action no="2" player="Tiuualex" type="15" discard="1" dealt="1" sum="5"/>
<action no="3" player="Player235" type="15" discard="1" dealt="1" sum="5"/>
<action no="4" player="M1ky3ste92" type="1" sum="15"/>
<action no="5" player="Tiuualex" type="2" discard="1" dealt="1" sum="30"/>
</round>
<round no="1"><cards type="Pocket" player="Player235">X X</cards>
<cards type="Pocket" player="Tiuualex">X X</cards>
<cards type="Pocket" player="M1ky3ste92">S6 D10</cards>
<action no="6" player="Player235" type="23" discard="1" dealt="1" sum="360"/>
<action no="7" player="M1ky3ste92" type="0" sum="0"/>
<action no="8" player="Tiuualex" type="0" discard="1" dealt="1" sum="0"/>
</round>
</game>
<game gamecode="6593305490"><general>
<startdate>2026-01-13 16:43:08</startdate>
<round>1</round>
<failsafecounter/>
<players><player seat="6" name="Player235" chips="420" dealer="0" win="75" bet="65" muck="1" rebuy="0" addon="0" merge="0" rebuychips="0" reg_code="5089008760"/>
<player seat="10" name="M1ky3ste92" chips="560" dealer="1" win="0" bet="5" muck="1" rebuy="0" addon="0" merge="0" rebuychips="0" reg_code="5089009148"/>
<player seat="3" name="Tiuualex" chips="520" dealer="0" win="0" bet="35" muck="1" rebuy="0" addon="0" merge="0" rebuychips="0" reg_code="5089008691"/>
</players>
</general>
<round no="0"><action no="1" player="Tiuualex" type="15" discard="1" dealt="1" sum="5"/>
<action no="2" player="Player235" type="15" discard="1" dealt="1" sum="5"/>
<action no="3" player="M1ky3ste92" type="15" sum="5"/>
<action no="4" player="Tiuualex" type="1" discard="1" dealt="1" sum="15"/>
<action no="5" player="Player235" type="2" discard="1" dealt="1" sum="30"/>
</round>
<round no="1"><cards type="Pocket" player="Player235">X X</cards>
<cards type="Pocket" player="M1ky3ste92">C2 D5</cards>
<cards type="Pocket" player="Tiuualex">X X</cards>
<action no="6" player="M1ky3ste92" type="0" sum="0"/>
<action no="7" player="Tiuualex" type="3" discard="1" dealt="1" sum="15"/>
<action no="8" player="Player235" type="4" discard="1" dealt="1" sum="0"/>
</round>
<round no="2"><cards type="Flop">SQ HK CQ</cards>
<action no="9" player="Tiuualex" type="4" discard="1" dealt="1" sum="0"/>
<action no="10" player="Player235" type="4" discard="1" dealt="1" sum="0"/>
</round>
<round no="3"><cards type="Turn">S5</cards>
<action no="11" player="Tiuualex" type="4" discard="1" dealt="1" sum="0"/>
<action no="12" player="Player235" type="5" discard="1" dealt="1" sum="30"/>
<action no="13" player="Tiuualex" type="0" discard="1" dealt="1" sum="0"/>
</round>
</game>
<game gamecode="6593305708"><general>
<startdate>2026-01-13 16:43:41</startdate>
<round>1</round>
<failsafecounter/>
<players><player seat="10" name="M1ky3ste92" chips="555" dealer="0" win="150" bet="555" muck="1" rebuy="0" addon="0" merge="0" rebuychips="0" reg_code="5089009148"/>
<player seat="3" name="Tiuualex" chips="485" dealer="1" win="0" bet="65" muck="1" rebuy="0" addon="0" merge="0" rebuychips="0" reg_code="5089008691"/>
<player seat="6" name="Player235" chips="460" dealer="0" win="0" bet="20" muck="1" rebuy="0" addon="0" merge="0" rebuychips="0" reg_code="5089008760"/>
</players>
</general>
<round no="0"><action no="1" player="Player235" type="15" discard="1" dealt="1" sum="5"/>
<action no="2" player="M1ky3ste92" type="15" sum="5"/>
<action no="3" player="Tiuualex" type="15" discard="1" dealt="1" sum="5"/>
<action no="4" player="Player235" type="1" discard="1" dealt="1" sum="15"/>
<action no="5" player="M1ky3ste92" type="2" sum="30"/>
</round>
<round no="1"><cards type="Pocket" player="Tiuualex">X X</cards>
<cards type="Pocket" player="M1ky3ste92">HQ HA</cards>
<cards type="Pocket" player="Player235">X X</cards>
<action no="6" player="Tiuualex" type="23" discard="1" dealt="1" sum="60"/>
<action no="7" player="Player235" type="0" discard="1" dealt="1" sum="0"/>
<action no="8" player="M1ky3ste92" type="23" sum="550"/>
<action no="9" player="Tiuualex" type="0" discard="1" dealt="1" sum="0"/>
</round>
</game>
<game gamecode="6593305820"><general>
<startdate>2026-01-13 16:43:57</startdate>
<round>1</round>
<failsafecounter/>
<players><player seat="3" name="Tiuualex" chips="420" dealer="0" win="0" bet="45" muck="1" rebuy="0" addon="0" merge="0" rebuychips="0" reg_code="5089008691"/>
<player seat="6" name="Player235" chips="440" dealer="1" win="115" bet="440" muck="1" rebuy="0" addon="0" merge="0" rebuychips="0" reg_code="5089008760"/>
<player seat="10" name="M1ky3ste92" chips="640" dealer="0" win="0" bet="25" muck="1" rebuy="0" addon="0" merge="0" rebuychips="0" reg_code="5089009148"/>
</players>
</general>
<round no="0"><action no="1" player="M1ky3ste92" type="15" sum="5"/>
<action no="2" player="Tiuualex" type="15" discard="1" dealt="1" sum="5"/>
<action no="3" player="Player235" type="15" discard="1" dealt="1" sum="5"/>
<action no="4" player="M1ky3ste92" type="1" sum="20"/>
<action no="5" player="Tiuualex" type="2" discard="1" dealt="1" sum="40"/>
</round>
<round no="1"><cards type="Pocket" player="M1ky3ste92">CQ S8</cards>
<cards type="Pocket" player="Player235">X X</cards>
<cards type="Pocket" player="Tiuualex">X X</cards>
<action no="6" player="Player235" type="23" discard="1" dealt="1" sum="435"/>
<action no="7" player="M1ky3ste92" type="0" sum="0"/>
<action no="8" player="Tiuualex" type="0" discard="1" dealt="1" sum="0"/>
</round>
</game>
<game gamecode="6593305937"><general>
<startdate>2026-01-13 16:44:13</startdate>
<round>1</round>
<failsafecounter/>
<players><player seat="6" name="Player235" chips="510" dealer="0" win="55" bet="45" muck="1" rebuy="0" addon="0" merge="0" rebuychips="0" reg_code="5089008760"/>
<player seat="10" name="M1ky3ste92" chips="615" dealer="1" win="0" bet="5" muck="1" rebuy="0" addon="0" merge="0" rebuychips="0" reg_code="5089009148"/>
<player seat="3" name="Tiuualex" chips="375" dealer="0" win="0" bet="25" muck="1" rebuy="0" addon="0" merge="0" rebuychips="0" reg_code="5089008691"/>
</players>
</general>
<round no="0"><action no="1" player="Tiuualex" type="15" discard="1" dealt="1" sum="5"/>
<action no="2" player="Player235" type="15" discard="1" dealt="1" sum="5"/>
<action no="3" player="M1ky3ste92" type="15" sum="5"/>
<action no="4" player="Tiuualex" type="1" discard="1" dealt="1" sum="20"/>
<action no="5" player="Player235" type="2" discard="1" dealt="1" sum="40"/>
</round>
<round no="1"><cards type="Pocket" player="Tiuualex">X X</cards>
<cards type="Pocket" player="M1ky3ste92">D3 D10</cards>
<cards type="Pocket" player="Player235">X X</cards>
<action no="6" player="M1ky3ste92" type="0" sum="0"/>
<action no="7" player="Tiuualex" type="0" discard="1" dealt="1" sum="0"/>
</round>
</game>
<game gamecode="6593305977"><general>
<startdate>2026-01-13 16:44:21</startdate>
<round>1</round>
<failsafecounter/>
<players><player seat="10" name="M1ky3ste92" chips="610" dealer="0" win="0" bet="45" muck="1" rebuy="0" addon="0" merge="0" rebuychips="0" reg_code="5089009148"/>
<player seat="3" name="Tiuualex" chips="350" dealer="1" win="0" bet="5" muck="1" rebuy="0" addon="0" merge="0" rebuychips="0" reg_code="5089008691"/>
<player seat="6" name="Player235" chips="540" dealer="0" win="95" bet="85" muck="1" rebuy="0" addon="0" merge="0" rebuychips="0" reg_code="5089008760"/>
</players>
</general>
<round no="0"><action no="1" player="Player235" type="15" discard="1" dealt="1" sum="5"/>
<action no="2" player="M1ky3ste92" type="15" sum="5"/>
<action no="3" player="Tiuualex" type="15" discard="1" dealt="1" sum="5"/>
<action no="4" player="Player235" type="1" discard="1" dealt="1" sum="20"/>
<action no="5" player="M1ky3ste92" type="2" sum="40"/>
</round>
<round no="1"><cards type="Pocket" player="M1ky3ste92">C6 DJ</cards>
<cards type="Pocket" player="Player235">X X</cards>
<cards type="Pocket" player="Tiuualex">X X</cards>
<action no="6" player="Tiuualex" type="0" discard="1" dealt="1" sum="0"/>
<action no="7" player="Player235" type="23" discard="1" dealt="1" sum="80"/>
<action no="8" player="M1ky3ste92" type="0" sum="0"/>
</round>
</game>
<game gamecode="6593306116"><general>
<startdate>2026-01-13 16:44:41</startdate>
<round>1</round>
<failsafecounter/>
<players><player seat="3" name="Tiuualex" chips="345" dealer="0" win="0" bet="105" muck="1" rebuy="0" addon="0" merge="0" rebuychips="0" reg_code="5089008691"/>
<player seat="6" name="Player235" chips="590" dealer="1" win="0" bet="5" muck="1" rebuy="0" addon="0" merge="0" rebuychips="0" reg_code="5089008760"/>
<player seat="10" name="M1ky3ste92" chips="565" dealer="0" win="215" bet="565" muck="1" rebuy="0" addon="0" merge="0" rebuychips="0" reg_code="5089009148"/>
</players>
</general>
<round no="0"><action no="1" player="M1ky3ste92" type="15" sum="5"/>
<action no="2" player="Tiuualex" type="15" discard="1" dealt="1" sum="5"/>
<action no="3" player="Player235" type="15" discard="1" dealt="1" sum="5"/>
<action no="4" player="M1ky3ste92" type="1" sum="20"/>
<action no="5" player="Tiuualex" type="2" discard="1" dealt="1" sum="40"/>
</round>
<round no="1"><cards type="Pocket" player="Tiuualex">X X</cards>
<cards type="Pocket" player="M1ky3ste92">S8 C8</cards>
<cards type="Pocket" player="Player235">X X</cards>
<action no="6" player="Player235" type="0" discard="1" dealt="1" sum="0"/>
<action no="7" player="M1ky3ste92" type="3" sum="20"/>
<action no="8" player="Tiuualex" type="23" discard="1" dealt="1" sum="100"/>
<action no="9" player="M1ky3ste92" type="23" sum="560"/>
<action no="10" player="Tiuualex" type="0" discard="1" dealt="1" sum="0"/>
</round>
</game>
<game gamecode="6593306258"><general>
<startdate>2026-01-13 16:45:03</startdate>
<round>1</round>
<failsafecounter/>
<players><player seat="6" name="Player235" chips="585" dealer="0" win="690" bet="585" muck="0" rebuy="0" addon="0" merge="0" rebuychips="0" reg_code="5089008760"/>
<player seat="10" name="M1ky3ste92" chips="675" dealer="1" win="0" bet="675" muck="0" rebuy="0" addon="0" merge="0" rebuychips="0" reg_code="5089009148"/>
<player seat="3" name="Tiuualex" chips="240" dealer="0" win="720" bet="240" muck="0" rebuy="0" addon="0" merge="0" rebuychips="0" reg_code="5089008691"/>
</players>
</general>
<round no="0"><action no="1" player="Tiuualex" type="15" discard="1" dealt="1" sum="5"/>
<action no="2" player="Player235" type="15" discard="1" dealt="1" sum="5"/>
<action no="3" player="M1ky3ste92" type="15" sum="5"/>
<action no="4" player="Tiuualex" type="1" discard="1" dealt="1" sum="20"/>
<action no="5" player="Player235" type="2" discard="1" dealt="1" sum="40"/>
</round>
<round no="1"><cards type="Pocket" player="Player235">C9 H9</cards>
<cards type="Pocket" player="Tiuualex">H6 S6</cards>
<cards type="Pocket" player="M1ky3ste92">C10 DQ</cards>
<action no="6" player="M1ky3ste92" type="23" sum="670"/>
<action no="7" player="Tiuualex" type="7" discard="1" dealt="1" sum="215"/>
<action no="8" player="Player235" type="7" discard="1" dealt="1" sum="540"/>
</round>
<round no="2"><cards type="Flop">D3 C7 C6</cards>
</round>
<round no="3"><cards type="Turn">D8</cards>
</round>
<round no="4"><cards type="River">H2</cards>
</round>
</game>
<game gamecode="6593306380"><general>
<startdate>2026-01-13 16:45:22</startdate>
<round>1</round>
<failsafecounter/>
<players><player seat="10" name="M1ky3ste92" chips="90" dealer="0" win="55" bet="45" muck="1" rebuy="0" addon="0" merge="0" rebuychips="0" reg_code="5089009148"/>
<player seat="3" name="Tiuualex" chips="720" dealer="1" win="0" bet="5" muck="1" rebuy="0" addon="0" merge="0" rebuychips="0" reg_code="5089008691"/>
<player seat="6" name="Player235" chips="690" dealer="0" win="0" bet="25" muck="1" rebuy="0" addon="0" merge="0" rebuychips="0" reg_code="5089008760"/>
</players>
</general>
<round no="0"><action no="1" player="Player235" type="15" discard="1" dealt="1" sum="5"/>
<action no="2" player="M1ky3ste92" type="15" sum="5"/>
<action no="3" player="Tiuualex" type="15" discard="1" dealt="1" sum="5"/>
<action no="4" player="Player235" type="1" discard="1" dealt="1" sum="20"/>
<action no="5" player="M1ky3ste92" type="2" sum="40"/>
</round>
<round no="1"><cards type="Pocket" player="M1ky3ste92">SA S2</cards>
<cards type="Pocket" player="Tiuualex">X X</cards>
<cards type="Pocket" player="Player235">X X</cards>
<action no="6" player="Tiuualex" type="0" discard="1" dealt="1" sum="0"/>
<action no="7" player="Player235" type="0" discard="1" dealt="1" sum="0"/>
</round>
</game>
<game gamecode="6593306465"><general>
<startdate>2026-01-13 16:45:34</startdate>
<round>1</round>
<failsafecounter/>
<players><player seat="3" name="Tiuualex" chips="715" dealer="0" win="0" bet="65" muck="1" rebuy="0" addon="0" merge="0" rebuychips="0" reg_code="5089008691"/>
<player seat="6" name="Player235" chips="665" dealer="1" win="0" bet="665" muck="0" rebuy="0" addon="0" merge="0" rebuychips="0" reg_code="5089008760"/>
<player seat="10" name="M1ky3ste92" chips="120" dealer="0" win="305" bet="120" muck="0" rebuy="0" addon="0" merge="0" rebuychips="0" reg_code="5089009148"/>
</players>
</general>
<round no="0"><action no="1" player="M1ky3ste92" type="15" sum="5"/>
<action no="2" player="Tiuualex" type="15" discard="1" dealt="1" sum="5"/>
<action no="3" player="Player235" type="15" discard="1" dealt="1" sum="5"/>
<action no="4" player="M1ky3ste92" type="1" sum="30"/>
<action no="5" player="Tiuualex" type="2" discard="1" dealt="1" sum="60"/>
</round>
<round no="1"><cards type="Pocket" player="Player235">DA H9</cards>
<cards type="Pocket" player="M1ky3ste92">DQ SJ</cards>
<cards type="Pocket" player="Tiuualex">X X</cards>
<action no="6" player="Player235" type="23" discard="1" dealt="1" sum="660"/>
<action no="7" player="M1ky3ste92" type="7" sum="85"/>
<action no="8" player="Tiuualex" type="0" discard="1" dealt="1" sum="0"/>
</round>
<round no="2"><cards type="Flop">H5 SK S4</cards>
</round>
<round no="3"><cards type="Turn">SQ</cards>
</round>
<round no="4"><cards type="River">HJ</cards>
</round>
</game>
<game gamecode="6593306590"><general>
<startdate>2026-01-13 16:45:55</startdate>
<round>1</round>
<failsafecounter/>
<players><player seat="6" name="Player235" chips="545" dealer="0" win="1,095" bet="545" muck="0" rebuy="0" addon="0" merge="0" rebuychips="0" reg_code="5089008760"/>
<player seat="10" name="M1ky3ste92" chips="305" dealer="1" win="0" bet="5" muck="1" rebuy="0" addon="0" merge="0" rebuychips="0" reg_code="5089009148"/>
<player seat="3" name="Tiuualex" chips="650" dealer="0" win="0" bet="650" muck="0" rebuy="0" addon="0" merge="0" rebuychips="0" reg_code="5089008691"/>
</players>
</general>
<round no="0"><action no="1" player="Tiuualex" type="15" discard="1" dealt="1" sum="5"/>
<action no="2" player="Player235" type="15" discard="1" dealt="1" sum="5"/>
<action no="3" player="M1ky3ste92" type="15" sum="5"/>
<action no="4" player="Tiuualex" type="1" discard="1" dealt="1" sum="30"/>
<action no="5" player="Player235" type="2" discard="1" dealt="1" sum="60"/>
</round>
<round no="1"><cards type="Pocket" player="Tiuualex">DQ HJ</cards>
<cards type="Pocket" player="Player235">S8 HA</cards>
<cards type="Pocket" player="M1ky3ste92">S4 D10</cards>
<action no="6" player="M1ky3ste92" type="0" sum="0"/>
<action no="7" player="Tiuualex" type="23" discard="1" dealt="1" sum="645"/>
<action no="8" player="Player235" type="7" discard="1" dealt="1" sum="480"/>
</round>
<round no="2"><cards type="Flop">D5 S10 H8</cards>
</round>
<round no="3"><cards type="Turn">H2</cards>
</round>
<round no="4"><cards type="River">S5</cards>
</round>
</game>
<game gamecode="6593306728"><general>
<startdate>2026-01-13 16:46:16</startdate>
<round>1</round>
<failsafecounter/>
<players><player seat="10" name="M1ky3ste92" chips="300" dealer="0" win="0" bet="105" muck="1" rebuy="0" addon="0" merge="0" rebuychips="0" reg_code="5089009148"/>
<player seat="3" name="Tiuualex" chips="105" dealer="1" win="245" bet="105" muck="0" rebuy="0" addon="0" merge="0" rebuychips="0" reg_code="5089008691"/>
<player seat="6" name="Player235" chips="1,095" dealer="0" win="0" bet="35" muck="1" rebuy="0" addon="0" merge="0" rebuychips="0" reg_code="5089008760"/>
</players>
</general>
<round no="0"><action no="1" player="Player235" type="15" discard="1" dealt="1" sum="5"/>
<action no="2" player="M1ky3ste92" type="15" sum="5"/>
<action no="3" player="Tiuualex" type="15" discard="1" dealt="1" sum="5"/>
<action no="4" player="Player235" type="1" discard="1" dealt="1" sum="30"/>
<action no="5" player="M1ky3ste92" type="2" sum="60"/>
</round>
<round no="1"><cards type="Pocket" player="M1ky3ste92">S3 H10</cards>
<cards type="Pocket" player="Tiuualex">SA H5</cards>
<cards type="Pocket" player="Player235">X X</cards>
<action no="6" player="Tiuualex" type="7" discard="1" dealt="1" sum="100"/>
<action no="7" player="Player235" type="0" discard="1" dealt="1" sum="0"/>
<action no="8" player="M1ky3ste92" type="3" sum="40"/>
</round>
<round no="2"><cards type="Flop">DJ CQ SK</cards>
</round>
<round no="3"><cards type="Turn">S4</cards>
</round>
<round no="4"><cards type="River">D5</cards>
</round>
</game>
<game gamecode="6593306849"><general>
<startdate>2026-01-13 16:46:34</startdate>
<round>1</round>
<failsafecounter/>
<players><player seat="3" name="Tiuualex" chips="245" dealer="0" win="0" bet="65" muck="1" rebuy="0" addon="0" merge="0" rebuychips="0" reg_code="5089008691"/>
<player seat="6" name="Player235" chips="1,060" dealer="1" win="0" bet="5" muck="1" rebuy="0" addon="0" merge="0" rebuychips="0" reg_code="5089008760"/>
<player seat="10" name="M1ky3ste92" chips="195" dealer="0" win="135" bet="195" muck="1" rebuy="0" addon="0" merge="0" rebuychips="0" reg_code="5089009148"/>
</players>
</general>
<round no="0"><action no="1" player="M1ky3ste92" type="15" sum="5"/>
<action no="2" player="Tiuualex" type="15" discard="1" dealt="1" sum="5"/>
<action no="3" player="Player235" type="15" discard="1" dealt="1" sum="5"/>
<action no="4" player="M1ky3ste92" type="1" sum="30"/>
<action no="5" player="Tiuualex" type="2" discard="1" dealt="1" sum="60"/>
</round>
<round no="1"><cards type="Pocket" player="Player235">X X</cards>
<cards type="Pocket" player="Tiuualex">X X</cards>
<cards type="Pocket" player="M1ky3ste92">DQ S4</cards>
<action no="6" player="Player235" type="0" discard="1" dealt="1" sum="0"/>
<action no="7" player="M1ky3ste92" type="23" sum="190"/>
<action no="8" player="Tiuualex" type="0" discard="1" dealt="1" sum="0"/>
</round>
</game>
<game gamecode="6593306913"><general>
<startdate>2026-01-13 16:46:44</startdate>
<round>1</round>
<failsafecounter/>
<players><player seat="6" name="Player235" chips="1,055" dealer="0" win="0" bet="180" muck="1" rebuy="0" addon="0" merge="0" rebuychips="0" reg_code="5089008760"/>
<player seat="10" name="M1ky3ste92" chips="265" dealer="1" win="0" bet="5" muck="1" rebuy="0" addon="0" merge="0" rebuychips="0" reg_code="5089009148"/>
<player seat="3" name="Tiuualex" chips="180" dealer="0" win="365" bet="180" muck="0" rebuy="0" addon="0" merge="0" rebuychips="0" reg_code="5089008691"/>
</players>
</general>
<round no="0"><action no="1" player="Tiuualex" type="15" discard="1" dealt="1" sum="5"/>
<action no="2" player="Player235" type="15" discard="1" dealt="1" sum="5"/>
<action no="3" player="M1ky3ste92" type="15" sum="5"/>
<action no="4" player="Tiuualex" type="1" discard="1" dealt="1" sum="30"/>
<action no="5" player="Player235" type="2" discard="1" dealt="1" sum="60"/>
</round>
<round no="1"><cards type="Pocket" player="M1ky3ste92">H4 H7</cards>
<cards type="Pocket" player="Tiuualex">SQ HK</cards>
<cards type="Pocket" player="Player235">S2 SA</cards>
<action no="6" player="M1ky3ste92" type="0" sum="0"/>
<action no="7" player="Tiuualex" type="23" discard="1" dealt="1" sum="175"/>
<action no="8" player="Player235" type="3" discard="1" dealt="1" sum="115"/>
</round>
<round no="2"><cards type="Flop">HQ C9 D7</cards>
</round>
<round no="3"><cards type="Turn">H10</cards>
</round>
<round no="4"><cards type="River">C2</cards>
</round>
</game>
<game gamecode="6593307057"><general>
<startdate>2026-01-13 16:47:04</startdate>
<round>1</round>
<failsafecounter/>
<players><player seat="10" name="M1ky3ste92" chips="260" dealer="0" win="0" bet="65" muck="1" rebuy="0" addon="0" merge="0" rebuychips="0" reg_code="5089009148"/>
<player seat="3" name="Tiuualex" chips="365" dealer="1" win="165" bet="365" muck="1" rebuy="0" addon="0" merge="0" rebuychips="0" reg_code="5089008691"/>
<player seat="6" name="Player235" chips="875" dealer="0" win="0" bet="35" muck="1" rebuy="0" addon="0" merge="0" rebuychips="0" reg_code="5089008760"/>
</players>
</general>
<round no="0"><action no="1" player="Player235" type="15" discard="1" dealt="1" sum="5"/>
<action no="2" player="M1ky3ste92" type="15" sum="5"/>
<action no="3" player="Tiuualex" type="15" discard="1" dealt="1" sum="5"/>
<action no="4" player="Player235" type="1" discard="1" dealt="1" sum="30"/>
<action no="5" player="M1ky3ste92" type="2" sum="60"/>
</round>
<round no="1"><cards type="Pocket" player="Player235">X X</cards>
<cards type="Pocket" player="Tiuualex">X X</cards>
<cards type="Pocket" player="M1ky3ste92">S6 H2</cards>
<action no="6" player="Tiuualex" type="23" discard="1" dealt="1" sum="360"/>
<action no="7" player="Player235" type="0" discard="1" dealt="1" sum="0"/>
<action no="8" player="M1ky3ste92" type="0" sum="0"/>
</round>
</game>
<game gamecode="6593307179"><general>
<startdate>2026-01-13 16:47:22</startdate>
<round>1</round>
<failsafecounter/>
<players><player seat="3" name="Tiuualex" chips="465" dealer="0" win="104" bet="88" muck="1" rebuy="0" addon="0" merge="0" rebuychips="0" reg_code="5089008691"/>
<player seat="6" name="Player235" chips="840" dealer="1" win="0" bet="8" muck="1" rebuy="0" addon="0" merge="0" rebuychips="0" reg_code="5089008760"/>
<player seat="10" name="M1ky3ste92" chips="195" dealer="0" win="0" bet="48" muck="1" rebuy="0" addon="0" merge="0" rebuychips="0" reg_code="5089009148"/>
</players>
</general>
<round no="0"><action no="1" player="M1ky3ste92" type="15" sum="8"/>
<action no="2" player="Tiuualex" type="15" discard="1" dealt="1" sum="8"/>
<action no="3" player="Player235" type="15" discard="1" dealt="1" sum="8"/>
<action no="4" player="M1ky3ste92" type="1" sum="40"/>
<action no="5" player="Tiuualex" type="2" discard="1" dealt="1" sum="80"/>
</round>
<round no="1"><cards type="Pocket" player="M1ky3ste92">S4 D6</cards>
<cards type="Pocket" player="Tiuualex">X X</cards>
<cards type="Pocket" player="Player235">X X</cards>
<action no="6" player="Player235" type="0" discard="1" dealt="1" sum="0"/>
<action no="7" player="M1ky3ste92" type="0" sum="0"/>
</round>
</game>
<game gamecode="6593307249"><general>
<startdate>2026-01-13 16:47:32</startdate>
<round>1</round>
<failsafecounter/>
<players><player seat="6" name="Player235" chips="832" dealer="0" win="0" bet="147" muck="1" rebuy="0" addon="0" merge="0" rebuychips="0" reg_code="5089008760"/>
<player seat="10" name="M1ky3ste92" chips="147" dealer="1" win="342" bet="147" muck="0" rebuy="0" addon="0" merge="0" rebuychips="0" reg_code="5089009148"/>
<player seat="3" name="Tiuualex" chips="521" dealer="0" win="0" bet="48" muck="1" rebuy="0" addon="0" merge="0" rebuychips="0" reg_code="5089008691"/>
</players>
</general>
<round no="0"><action no="1" player="Tiuualex" type="15" discard="1" dealt="1" sum="8"/>
<action no="2" player="Player235" type="15" discard="1" dealt="1" sum="8"/>
<action no="3" player="M1ky3ste92" type="15" sum="8"/>
<action no="4" player="Tiuualex" type="1" discard="1" dealt="1" sum="40"/>
<action no="5" player="Player235" type="2" discard="1" dealt="1" sum="80"/>
</round>
<round no="1"><cards type="Pocket" player="Player235">SA S5</cards>
<cards type="Pocket" player="Tiuualex">X X</cards>
<cards type="Pocket" player="M1ky3ste92">HJ SJ</cards>
<action no="6" player="M1ky3ste92" type="7" sum="139"/>
<action no="7" player="Tiuualex" type="0" discard="1" dealt="1" sum="0"/>
<action no="8" player="Player235" type="3" discard="1" dealt="1" sum="59"/>
</round>
<round no="2"><cards type="Flop">D5 C4 C7</cards>
</round>
<round no="3"><cards type="Turn">H8</cards>
</round>
<round no="4"><cards type="River">D4</cards>
</round>
</game>
<game gamecode="6593311410"><general>
<startdate>2026-01-13 16:47:51</startdate>
<round>1</round>
<failsafecounter/>
<players><player seat="10" name="M1ky3ste92" chips="342" dealer="0" win="732" bet="342" muck="0" rebuy="0" addon="0" merge="0" rebuychips="0" reg_code="5089009148"/>
<player seat="3" name="Tiuualex" chips="473" dealer="1" win="0" bet="473" muck="1" rebuy="0" addon="0" merge="0" rebuychips="0" reg_code="5089008691"/>
<player seat="6" name="Player235" chips="685" dealer="0" win="0" bet="48" muck="1" rebuy="0" addon="0" merge="0" rebuychips="0" reg_code="5089008760"/>
</players>
</general>
<round no="0"><action no="1" player="Player235" type="15" discard="1" dealt="1" sum="8"/>
<action no="2" player="M1ky3ste92" type="15" sum="8"/>
<action no="3" player="Tiuualex" type="15" discard="1" dealt="1" sum="8"/>
<action no="4" player="Player235" type="1" discard="1" dealt="1" sum="40"/>
<action no="5" player="M1ky3ste92" type="2" sum="80"/>
</round>
<round no="1"><cards type="Pocket" player="Tiuualex">S9 D9</cards>
<cards type="Pocket" player="Player235">X X</cards>
<cards type="Pocket" player="M1ky3ste92">SA H9</cards>
<action no="6" player="Tiuualex" type="23" discard="1" dealt="1" sum="465"/>
<action no="7" player="Player235" type="0" discard="1" dealt="1" sum="0"/>
<action no="8" player="M1ky3ste92" type="7" sum="254"/>
</round>
<round no="2"><cards type="Flop">D5 D4 HA</cards>
</round>
<round no="3"><cards type="Turn">D7</cards>
</round>
<round no="4"><cards type="River">H10</cards>
</round>
</game>
<game gamecode="6593311535"><general>
<startdate>2026-01-13 16:48:10</startdate>
<round>1</round>
<failsafecounter/>
<players><player seat="3" name="Tiuualex" chips="131" dealer="0" win="310" bet="131" muck="0" rebuy="0" addon="0" merge="0" rebuychips="0" reg_code="5089008691"/>
<player seat="6" name="Player235" chips="637" dealer="1" win="0" bet="637" muck="1" rebuy="0" addon="0" merge="0" rebuychips="0" reg_code="5089008760"/>
<player seat="10" name="M1ky3ste92" chips="732" dealer="0" win="0" bet="48" muck="1" rebuy="0" addon="0" merge="0" rebuychips="0" reg_code="5089009148"/>
</players>
</general>
<round no="0"><action no="1" player="M1ky3ste92" type="15" sum="8"/>
<action no="2" player="Tiuualex" type="15" discard="1" dealt="1" sum="8"/>
<action no="3" player="Player235" type="15" discard="1" dealt="1" sum="8"/>
<action no="4" player="M1ky3ste92" type="1" sum="40"/>
<action no="5" player="Tiuualex" type="2" discard="1" dealt="1" sum="80"/>
</round>
<round no="1"><cards type="Pocket" player="M1ky3ste92">D5 D9</cards>
<cards type="Pocket" player="Tiuualex">HA C10</cards>
<cards type="Pocket" player="Player235">D4 SA</cards>
<action no="6" player="Player235" type="23" discard="1" dealt="1" sum="629"/>
<action no="7" player="M1ky3ste92" type="0" sum="0"/>
<action no="8" player="Tiuualex" type="7" discard="1" dealt="1" sum="43"/>
</round>
<round no="2"><cards type="Flop">S6 CA D7</cards>
</round>
<round no="3"><cards type="Turn">H3</cards>
</round>
<round no="4"><cards type="River">SQ</cards>
</round>
</game>
<game gamecode="6593311644"><general>
<startdate>2026-01-13 16:48:27</startdate>
<round>1</round>
<failsafecounter/>
<players><player seat="6" name="Player235" chips="506" dealer="0" win="1,322" bet="506" muck="0" rebuy="0" addon="0" merge="0" rebuychips="0" reg_code="5089008760"/>
<player seat="10" name="M1ky3ste92" chips="684" dealer="1" win="0" bet="684" muck="0" rebuy="0" addon="0" merge="0" rebuychips="0" reg_code="5089009148"/>
<player seat="3" name="Tiuualex" chips="310" dealer="0" win="0" bet="310" muck="1" rebuy="0" addon="0" merge="0" rebuychips="0" reg_code="5089008691"/>
</players>
</general>
<round no="0"><action no="1" player="Tiuualex" type="15" discard="1" dealt="1" sum="8"/>
<action no="2" player="Player235" type="15" discard="1" dealt="1" sum="8"/>
<action no="3" player="M1ky3ste92" type="15" sum="8"/>
<action no="4" player="Tiuualex" type="1" discard="1" dealt="1" sum="40"/>
<action no="5" player="Player235" type="2" discard="1" dealt="1" sum="80"/>
</round>
<round no="1"><cards type="Pocket" player="M1ky3ste92">CK D8</cards>
<cards type="Pocket" player="Tiuualex">DK HA</cards>
<cards type="Pocket" player="Player235">S7 C7</cards>
<action no="6" player="M1ky3ste92" type="23" sum="676"/>
<action no="7" player="Tiuualex" type="7" discard="1" dealt="1" sum="262"/>
<action no="8" player="Player235" type="7" discard="1" dealt="1" sum="418"/>
</round>
<round no="2"><cards type="Flop">CQ S4 C10</cards>
</round>
<round no="3"><cards type="Turn">H6</cards>
</round>
<round no="4"><cards type="River">C9</cards>
</round>
</game>
<game gamecode="6593311781"><general>
<startdate>2026-01-13 16:48:48</startdate>
<round>1</round>
<failsafecounter/>
<players><player seat="10" name="M1ky3ste92" chips="178" dealer="0" win="0" bet="178" muck="0" rebuy="0" addon="0" merge="0" rebuychips="0" reg_code="5089009148"/>
<player seat="6" name="Player235" chips="1,322" dealer="1" win="356" bet="1,322" muck="0" rebuy="0" addon="0" merge="0" rebuychips="0" reg_code="5089008760"/>
</players>
</general>
<round no="0"><action no="1" player="Player235" type="15" discard="1" dealt="1" sum="8"/>
<action no="2" player="M1ky3ste92" type="15" sum="8"/>
<action no="3" player="Player235" type="1" discard="1" dealt="1" sum="40"/>
<action no="4" player="M1ky3ste92" type="2" sum="80"/>
</round>
<round no="1"><cards type="Pocket" player="M1ky3ste92">HA CQ</cards>
<cards type="Pocket" player="Player235">DJ S7</cards>
<action no="5" player="Player235" type="23" discard="1" dealt="1" sum="1,314"/>
<action no="6" player="M1ky3ste92" type="7" sum="90"/>
</round>
<round no="2"><cards type="Flop">S6 H3 D5</cards>
</round>
<round no="3"><cards type="Turn">SK</cards>
</round>
<round no="4"><cards type="River">H7</cards>
</round>
</game>
</session>
